time,FL,FR,BL,BR,x,y,z,vx,vy,vz,r1x,r1y,r1z,r2x,r2y,r2z,r3x,r3y,r3z,wx,wy,wz
0.0,1.584680795918269,3.1105241292072168,1.7454440839356429,2.6194238047799927,26.71120834350586,35.92668151855469,-350.0,0.0,0.0,0.0,-0.7225443256272338,-0.5454635254101003,-0.42473431689830604,0.3964530268656037,-0.8302473428246394,0.39180906985638597,-0.5663520945427736,0.11471221460598816,0.8161411721186494,0.0,0.0,0.0
0.01,1.584680795918269,3.1105241292072168,1.7454440839356429,2.6194238047799927,26.711265563964844,35.92662811279297,-349.9996643066406,0.017694875597953796,-0.01631789654493332,0.05916643142700195,-0.7225142598227928,-0.545199408579812,-0.4251243926628357,0.3964196970209158,-0.8304895877578508,0.3913291050249652,-0.5664137782280433,0.11421317572862652,0.8161683541545914,-0.1831011325120926,0.022687425836920738,0.0012504623737186193
0.02,2.524768388676557,3.2681966064282384,3.189358530084502,1.2708876090678096,26.71160888671875,35.92631149291992,-349.9989013671875,0.051897693425416946,-0.04770557954907417,0.09165189415216446,-0.7223397368482767,-0.5436673697368065,-0.427376994763903,0.3962278934616448,-0.8318847183363631,0.38855021791446387,-0.5667704658968303,0.11132657581140468,0.8163195651858394,-0.5362846255302429,0.06643989682197571,0.003669957397505641
0.03,3.08596756299274,0.37440345259273733,1.2732273332075215,1.989246448002149,26.712316513061523,35.925662994384766,-349.99786376953125,0.09098739922046661,-0.08300536870956421,0.11526408791542053,-0.7218891328668573,-0.5409055625364287,-0.4316216540743597,0.39574063443582125,-0.834351951265901,0.38372668877094945,-0.5676842697354493,0.10619789939510543,0.8163679170931427,-0.6403090953826904,0.18192553520202637,0.010133184492588043
0.04,3.08596756299274,0.37440345259273733,1.2732273332075215,1.989246448002149,26.71341323852539,35.92466735839844,-349.9965515136719,0.12596343457698822,-0.11391724646091461,0.1473889946937561,-0.7208901031199355,-0.5384269459400881,-0.43636439257730236,0.39471603550821327,-0.8365064569581266,0.38007393856990596,-0.5696636819531394,0.10175151769379714,0.8155549755293026,-0.4315820336341858,0.2837887406349182,0.00855498667806387
0.05,1.1384635224735549,0.0640791251366389,2.207498281587386,2.7499551856349567,26.714820861816406,35.923397064208984,-349.994873046875,0.1550673246383667,-0.13916461169719696,0.19123126566410065,-0.7195698648344974,-0.537166303361172,-0.4400813244791887,0.39353685340245775,-0.8375918149763862,0.378904600788452,-0.5721432990398089,0.0994601126977897,0.814100565867625,-0.1299804002046585,0.3222295641899109,-0.00339419674128294
0.06,0.1372359906390194,3.4885377889114633,3.766970962336784,1.8251185493566426,26.716510772705078,35.9218864440918,-349.99273681640625,0.1823728233575821,-0.16265007853507996,0.23889420926570892,-0.7184361492363569,-0.5371839932438642,-0.4419081995992049,0.39267790800669816,-0.8375967622111453,0.37978378651133715,-0.574154648186286,0.09932281377398555,0.8127000791375009,0.072740837931633,0.08038304001092911,-0.013350130058825016
0.07,0.1372359906390194,3.4885377889114633,3.766970962336784,1.8251185493566426,26.718486785888672,35.92012405395508,-349.9901428222656,0.21475963294506073,-0.19051431119441986,0.2773546576499939,-0.7188965465500443,-0.5376090524056895,-0.4406407404336062,0.3932364901827577,-0.8372590226784618,0.37995051221475284,-0.5731952705205845,0.09986909289146331,0.813310116829903,0.025304295122623444,-0.29200366139411926,-0.007024865131825209
0.08,3.65169667709361,1.0792298498677486,0.1750914120583467,2.307649366993349,26.72081756591797,35.918060302734375,-349.9872131347656,0.2525961101055145,-0.22315238416194916,0.3053951561450958,-0.720843902331562,-0.537284542634002,-0.43784630718778056,0.394888249950087,-0.837534063145098,0.37762410294235743,-0.5696027901290186,0.09930766998693358,0.8158986751790955,-0.17385369539260864,-0.5854079723358154,0.012010791338980198
0.09,4.081975008114995,0.5305751728186648,1.3578714948601927,1.111590171875005,26.723520278930664,35.91567611694336,-349.9840087890625,0.28692004084587097,-0.25272315740585327,0.3392660319805145,-0.7236761347238223,-0.5361402993827279,-0.434564645834181,0.39711921019239926,-0.8384829589502756,0.3731523287427744,-0.5644370513417357,0.0974674659965544,0.8197017190081142,-0.2528204917907715,-0.5783370733261108,0.013575682416558266
0.1,4.081975008114995,0.5305751728186648,1.3578714948601927,1.111590171875005,26.726539611816406,35.91301727294922,-349.9804382324219,0.317129909992218,-0.2786294221878052,0.3801761567592621,-0.725659248729115,-0.5354587834033431,-0.4320909001704485,0.39872891894542284,-0.8390517742177536,0.3701450653171737,-0.5607440627688457,0.09631205250773192,0.8223685819699322,0.052572593092918396,-0.30810484290122986,0.00028826366178691387
0.11,1.5951238542814044,0.587562517949629,3.8827863198330523,3.6197039871947903,26.7298583984375,35.91010665893555,-349.9764099121094,0.34642088413238525,-0.303786039352417,0.42235326766967773,-0.726308177931839,-0.5369098111066866,-0.4291902671388458,0.39936818928487317,-0.8378149662069541,0.37225143624566676,-0.5594474774781395,0.09896432254616849,0.822936560620759,0.613688588142395,-0.007094899192452431,-0.012880533002316952
0.12,1.9368774286307076,2.303103143446247,0.8198185344700631,0.3122655891350151,26.733488082885742,35.90692901611328,-349.97198486328125,0.3805040121078491,-0.3336039185523987,0.45487895607948303,-0.7263251452385494,-0.5406527958351692,-0.42443649436613595,0.39961865837780414,-0.8345630202978077,0.37922222116817583,-0.5592465567802131,0.10582589242248691,0.8222190518483867,1.0174105167388916,-0.21460044384002686,-0.021131552755832672
0.13,3.3565139301157503,0.12640301947326146,2.553695726815434,0.9769758620515767,26.737455368041992,35.903446197509766,-349.9672546386719,0.4104444980621338,-0.36063140630722046,0.4946131110191345,-0.7276753570876736,-0.5454665334441134,-0.41587839037366287,0.4011418429368854,-0.8302312219074915,0.38704178071003226,-0.5563935626267849,0.1148145420339052,0.8229482513530354,1.160593867301941,-0.3189314007759094,-0.021525748074054718
0.14,3.3565139301157503,0.12640301947326146,2.553695726815434,0.9769758620515767,26.741683959960938,35.899723052978516,-349.9620666503906,0.4358825087547302,-0.3846321403980255,0.5419884920120239,-0.7284635094659196,-0.5509814954078769,-0.4071367179396812,0.4021823935758599,-0.8250405104225279,0.39693510610593097,-0.5546081839228375,0.12540952069055297,0.822606962313095,1.5555444955825806,-0.16833439469337463,-0.023298773914575577
0.15,2.470772278204831,2.7763850387745386,1.9275063489948614,3.6504404148951033,26.74617576599121,35.89574432373047,-349.9564208984375,0.4626246988773346,-0.4111926853656769,0.585572361946106,-0.7289509551778401,-0.558807883333504,-0.3954292028538653,0.40303261496064946,-0.8172389933031308,0.41192856067874956,-0.5533490907404612,0.14090485211380893,0.8209449472574213,2.266787528991699,-0.15360954403877258,-0.029084743931889534
0.16,1.1860079511732045,1.6300812314323037,3.649226034993799,0.8933508910105977,26.75095558166504,35.89147186279297,-349.95037841796875,0.4955781102180481,-0.4464983344078064,0.614388644695282,-0.7293981563619241,-0.5686164560540083,-0.3803336106635936,0.40397607503465677,-0.8067020804069596,0.4313178459867809,-0.5520703399888636,0.1609567624291165,0.8181144542989797,2.5004098415374756,-0.1776411235332489,-0.034923307597637177
0.17,1.1860079511732045,1.6300812314323037,3.649226034993799,0.8933508910105977,26.756080627441406,35.88680648803711,-349.9441223144531,0.5274733304977417,-0.4835285246372223,0.6430864334106445,-0.7300603472603939,-0.5781849416174122,-0.36429941345671035,0.40527754359207807,-0.7955324058104274,0.4504201416071947,-0.5502381321010066,0.18119151357705396,0.8151120373234908,2.5866668224334717,-0.31824278831481934,-0.031473077833652496
0.18,1.1834245082483823,2.0336179822221694,1.462647975521408,2.7594963512495387,26.761486053466797,35.881805419921875,-349.9375,0.5534112453460693,-0.5165075063705444,0.6822461485862732,-0.7314409295108633,-0.5881105203370064,-0.34513791809249295,0.40747306314239323,-0.7827920655322502,0.47032146979816786,-0.5467722281257892,0.20337796834635075,0.8122053512146243,2.9141249656677246,-0.5505890250205994,-0.0194363035261631
0.19,1.2658595868773745,2.648287667076147,0.4868082645750749,3.666974816252057,26.767141342163086,35.87647247314453,-349.93048095703125,0.57740718126297,-0.550298273563385,0.7227308750152588,-0.7335398164376089,-0.5981739832820762,-0.32265650996862566,0.4107463455103996,-0.7684090360896622,0.4907494196691506,-0.5414857129699091,0.22745425689621895,0.8093564008947223,2.9350640773773193,-0.7458851337432861,-0.012836460024118423
0.2,1.2658595868773745,2.648287667076147,0.4868082645750749,3.666974816252057,26.77303123474121,35.87079620361328,-349.92303466796875,0.600727915763855,-0.586985170841217,0.7609809637069702,-0.7359631245190837,-0.6067977862421231,-0.30025776586087843,0.4148723875484697,-0.754684578238154,0.5082637990446808,-0.535013253478771,0.2494947574221909,0.8071636665639145,2.4602391719818115,-0.8442146182060242,-0.015020938590168953
0.21,1.763596934120979,1.428769954481637,2.2520083779760762,3.983561875148311,26.77915382385254,35.8647346496582,-349.9152526855469,0.6232550740242004,-0.6262291669845581,0.7971832752227783,-0.7383717280863059,-0.6130967815446013,-0.280926196041761,0.4194711377051581,-0.7436968644419791,0.5205371633721354,-0.5280635906736828,0.2665094937874075,0.8063011434482759,1.7709637880325317,-0.8875705003738403,-0.020672574639320374
0.22,3.229917207458165,2.56432910411449,2.791149063398167,2.138810037878489,26.785497665405273,35.85825729370117,-349.9071044921875,0.6461941003799438,-0.6697566509246826,0.8280638456344604,-0.7408663588692982,-0.6173521129265578,-0.26456267114024823,0.4247378043763317,-0.7357675636345525,0.527488284075436,-0.5203026386914845,0.27842855630913577,0.8073182168155809,1.2935690879821777,-1.115855097770691,-0.027511944994330406
0.23,3.6796004361580503,0.13280535236060123,3.14305801970081,1.3171639696514637,26.79207992553711,35.851314544677734,-349.8987121582031,0.6708359718322754,-0.7200057506561279,0.8492487668991089,-0.7438174451341203,-0.620723550417612,-0.24786666228257542,0.43143896636293844,-0.7291337477773793,0.531247961083892,-0.510486068975275,0.28821216457510523,0.8101467284221441,1.2435444593429565,-1.2536053657531738,-0.030927369371056557
0.24,3.6796004361580503,0.13280535236060123,3.14305801970081,1.3171639696514637,26.798904418945312,35.843868255615234,-349.89013671875,0.6927153468132019,-0.7679840922355652,0.8741700649261475,-0.7466080723942595,-0.6243680086196763,-0.22965403555789735,0.438343291653726,-0.7213746797116961,0.5361657674012996,-0.5004313588274667,0.2996383841952627,0.8122716871952066,1.7258273363113403,-1.2706778049468994,-0.033896900713443756
0.25,3.9360730200416345,2.0141214264829626,3.4042197846958064,4.082479736517974,26.805925369262695,35.83597183227539,-349.8812255859375,0.7106678485870361,-0.8113521933555603,0.9067396521568298,-0.7492424510506209,-0.629254625744389,-0.2065777469209777,0.44568551415520297,-0.7097616877522371,0.5455298058505225,-0.4898981241195672,0.3166653795071153,0.8122332580027392,2.526235818862915,-1.3532782793045044,-0.038900647312402725
0.26,3.178171295275321,3.380587364857511,1.1660130107393918,1.8608337591682436,26.813127517700195,35.827598571777344,-349.8720703125,0.7309504151344299,-0.8679535984992981,0.9211920499801636,-0.751708892476008,-0.6350310538509071,-0.1779587076192112,0.45381887173055524,-0.693878651430156,0.5590893030193603,-0.4785208173462252,0.33951138086148835,0.8097838289517927,3.055523157119751,-1.5064713954925537,-0.04527628794312477
0.27,3.178171295275321,3.380587364857511,1.1660130107393918,1.8608337591682436,26.82053565979004,35.818603515625,-349.8628845214844,0.749053418636322,-0.9282559156417847,0.9325540661811829,-0.7538335072521155,-0.6404675061243494,-0.14675291119031153,0.46260412701320686,-0.675936682940904,0.5736785008392741,-0.46661811475158554,0.3645695739549648,0.8058266319326831,3.134655714035034,-1.3698177337646484,-0.048850711435079575
0.28,2.3539920808432595,0.034649336378480174,1.3579867872793792,3.1222296956315123,26.828094482421875,35.809051513671875,-349.8534240722656,0.7619627714157104,-0.9824100136756897,0.9552029967308044,-0.7550504904839314,-0.6449165805748155,-0.11824280493823705,0.4696216434565569,-0.657787439273741,0.5888728188079809,-0.4575524765719634,0.38909933029161337,0.7995295131197353,3.022404670715332,-0.9178909659385681,-0.04945264756679535
0.29,3.48136534296949,2.4568877555859223,3.6828637806715077,1.4571474876352217,26.83576202392578,35.798980712890625,-349.8437194824219,0.7707632780075073,-1.0294526815414429,0.989940345287323,-0.7555597202606632,-0.6484661195794094,-0.09285042206286234,0.47473669571003085,-0.6396937900664168,0.6044972495361619,-0.4513918241017997,0.4126542701924777,0.7911775239640998,2.9946956634521484,-0.8084493279457092,-0.05709496885538101
0.3,3.48136534296949,2.4568877555859223,3.6828637806715077,1.4571474876352217,26.843505859375,35.7884407043457,-349.8336486816406,0.7780405879020691,-1.0823638439178467,1.0194865465164185,-0.7558473066530533,-0.6513863725191988,-0.06626192512751872,0.4803497698670365,-0.6204441056651337,0.6199300043828156,-0.4449257776461266,0.4367435236402163,0.7818543003298745,3.2718751430511475,-0.8536781668663025,-0.060822002589702606
0.31,0.3191506781513332,1.7472289502186222,2.7229521239683403,3.229028416960327,26.851316452026367,35.77729797363281,-349.82330322265625,0.7839499115943909,-1.1468281745910645,1.0371702909469604,-0.7558890923091058,-0.6536401764418021,-0.03723170516167823,0.48580975913372915,-0.5981104609222131,0.6373795999762198,-0.43888558652403276,0.4637007615656329,0.7696499500843926,3.7538979053497314,-0.7636812925338745,-0.055899858474731445
0.32,4.093860515013748,1.0246441666693549,1.3714185661160976,0.07454561789796685,26.85917091369629,35.76552200317383,-349.81280517578125,0.786535382270813,-1.2055187225341797,1.065206527709961,-0.7557132158430663,-0.6548779664196249,-0.005690737933498252,0.491412938429461,-0.5727797119351273,0.6560767680230991,-0.4329097588923746,0.4930093819529292,0.754672703867138,3.868767023086548,-0.9764337539672852,-0.05017388239502907
0.33,0.007267454386000982,0.15900115602943335,3.735538688841729,2.845293298222938,26.867029190063477,35.75321960449219,-349.8019714355469,0.7862355709075928,-1.2530094385147095,1.1092063188552856,-0.7552782422181885,-0.6548111644605775,0.027876795540120902,0.49865677424413934,-0.5465227819762926,0.6727958607789759,-0.42531893718976665,0.5220490280411181,0.7393027891122087,4.100662708282471,-0.9662008881568909,-0.049441516399383545
0.34,0.007267454386000982,0.15900115602943335,3.735538688841729,2.845293298222938,26.874879837036133,35.740474700927734,-349.7906188964844,0.7837162017822266,-1.2969145774841309,1.1596506834030151,-0.7544991837328106,-0.6532205686668996,0.06351275790748534,0.5056373248360398,-0.5168692128739227,0.6907800753609968,-0.41840396446398015,0.5533074240000614,0.7202701000786028,4.451887607574463,-1.2078728675842285,-0.04810504615306854
0.35,2.5409389833069866,0.4854579507125207,3.2198314005143227,2.6537033608546245,26.882694244384766,35.72727966308594,-349.7787780761719,0.7788020968437195,-1.3417075872421265,1.2115689516067505,-0.7528346898235526,-0.6497581995984849,0.1051390120403026,0.5170808989623878,-0.4849871435475352,0.7052764100137275,-0.4072680612649662,0.5853219222343703,0.7010926997375867,4.600895404815674,-2.031661033630371,-0.04089057445526123
0.36,0.95175188575828,3.297886438636572,3.0311358302887434,1.1451864988745244,26.890443801879883,35.7136116027832,-349.76641845703125,0.769812285900116,-1.394327998161316,1.257877230644226,-0.7494721032821219,-0.643960578484683,0.15364354773157501,0.5343085610545978,-0.4513290735991293,0.714714228841092,-0.39090398819356836,0.6177514392389744,0.6823322001287484,4.865199089050293,-2.6911351680755615,-0.03578146919608116
0.37,0.95175188575828,3.297886438636572,3.0311358302887434,1.1451864988745244,26.8980770111084,35.69938278198242,-349.7536315917969,0.7559859752655029,-1.4525706768035889,1.300841212272644,-0.7441311021079187,-0.6352189284327594,0.20679897445681808,0.5549124980204403,-0.41540467112825774,0.7207711694744313,-0.3719422299448796,0.6511035802125199,0.6616064581139376,5.024016857147217,-2.93319034576416,-0.02254446968436241
0.38,2.581402059320986,2.031333926668741,3.2434858175305448,0.3914046738233633,26.90554428100586,35.68456268310547,-349.7403869628906,0.7379752397537231,-1.51068913936615,1.3460311889648438,-0.7371662063762022,-0.6236054038745581,0.26019662648729325,0.5762831860725967,-0.37915016322834016,0.7239771012773404,-0.3528224392338669,0.6836383941692952,0.638869996470872,4.982908725738525,-2.957932233810425,0.0006258385255932808
0.39,0.8690565352460062,1.2380948086884698,1.7990881698686814,2.7654414127848566,26.91281509399414,35.66917037963867,-349.7267150878906,0.7159447073936462,-1.568325400352478,1.3936808109283447,-0.7288319613881481,-0.6090456196634216,0.3128376659353907,0.5975063473369374,-0.34263972048392116,0.7249718524458525,-0.3343503206984783,0.7153051482517784,0.6136354030964359,5.20930814743042,-2.889503002166748,0.021436195820569992
0.4,0.8690565352460062,1.2380948086884698,1.7990881698686814,2.7654414127848566,26.919857025146484,35.65321731567383,-349.7125244140625,0.6924049258232117,-1.620194673538208,1.448268175125122,-0.7191415471821047,-0.5907495941174721,0.3658556438905533,0.6184740116588938,-0.30417434820418354,0.7245466601931965,-0.3167417434110697,0.7473238139819998,0.584107682740361,5.344689846038818,-2.9943177700042725,0.03376501426100731
0.41,1.5116981047474207,1.2642900801580217,1.0456377919718742,3.46874898969111,26.926658630371094,35.63677978515625,-349.6977233886719,0.6676186323165894,-1.666996955871582,1.5089597702026367,-0.7069989701821439,-0.5698062577319093,0.41889531485914855,0.6411015695522123,-0.2663222507936095,0.7197647089500261,-0.298565292154125,0.7774273518353871,0.5535932432202719,5.182110786437988,-3.309267520904541,0.04105390980839729
0.42,0.5287181533651897,0.2812029998239214,0.01912115788818408,2.8081489447892936,26.933195114135742,35.619869232177734,-349.68231201171875,0.6385430693626404,-1.714735746383667,1.5706027746200562,-0.6918047126436782,-0.5469876985409932,0.4713922965098448,0.6657649584260545,-0.23041692012162657,0.7096936402798166,-0.2795769298349774,0.8048058775670637,0.5235687535916909,4.914227485656738,-3.603856086730957,0.04410229250788689
0.43,4.164903785762699,3.4196697119865473,0.4983946087980952,1.9607301104307806,26.939441680908203,35.602516174316406,-349.666259765625,0.6131081581115723,-1.75165855884552,1.641479730606079,-0.6734504449428526,-0.5231468669978203,0.5222852226098675,0.6919259430032276,-0.19740950360997958,0.6944551657836204,-0.26019797771191133,0.8290638355608249,0.4949244073187392,4.5533952713012695,-3.8757941722869873,0.04276778921484947
0.44,4.164903785762699,3.4196697119865473,0.4983946087980952,1.9607301104307806,26.945419311523438,35.58480453491211,-349.6495056152344,0.5770555138587952,-1.7973614931106567,1.707109808921814,-0.6526100525599242,-0.4988065297163424,0.570343900826574,0.7182450507133773,-0.16754110339729303,0.6753177221117153,-0.24129684296208936,0.8503658180952227,0.46760432952633313,4.296813011169434,-3.669356107711792,0.041497062891721725
0.45,0.49479094018107384,4.090038952937332,0.3385755598737583,2.8610411925411685,26.950929641723633,35.566524505615234,-349.6321716308594,0.5233750939369202,-1.8587676286697388,1.7628748416900635,-0.6329971231441041,-0.4735238160531371,0.6124457834957826,0.7405125761898567,-0.1396777461224401,0.6573669080071016,-0.22573384016569142,0.8696351665317072,0.43906595237551743,4.164483547210693,-3.009035348892212,0.04009631276130676
0.46,0.13374308442316019,2.0647468040100514,3.6962172804173385,1.9958227991637498,26.95589256286621,35.54764938354492,-349.6142578125,0.47038915753364563,-1.914137840270996,1.8241808414459229,-0.6159479375529779,-0.44825740060440133,0.6478220751314498,0.7582326533419177,-0.11420249095450541,0.6419042253061287,-0.2137554247973788,0.8865794346042386,0.41022618700726643,3.6371266841888428,-2.542726993560791,0.04342038184404373
0.47,0.13374308442316019,2.0647468040100514,3.6962172804173385,1.9958227991637498,26.960346221923828,35.528263092041016,-349.5956726074219,0.42021143436431885,-1.9626309871673584,1.8913607597351074,-0.5993763313125141,-0.4258018392872572,0.677820630493009,0.7742319313994288,-0.09336748918962576,0.6259771787884406,-0.2032558236899049,0.8999862807965541,0.3856316435591409,3.178612232208252,-2.641589641571045,0.05617911368608475
0.48,2.4640696601262535,0.8798689446461554,2.9024822012521803,0.8731154549099167,26.96428871154785,35.50840377807617,-349.576416015625,0.3683258593082428,-2.0093085765838623,1.9606637954711914,-0.5798697302648529,-0.4037929268402595,0.7076032561798622,0.7917633545285581,-0.07462634446747254,0.6062521745421677,-0.19199449561967025,0.9118016127125456,0.36298200052695384,3.085167169570923,-3.083261251449585,0.07449045032262802
0.49,1.751244947549977,2.2281422635302204,1.2317903661930674,1.382545224086569,26.967710494995117,35.488094329833984,-349.55645751953125,0.3168061077594757,-2.052204132080078,2.0329418182373047,-0.5566464159869996,-0.3804637047769981,0.7385066938871915,0.8110605129801276,-0.05649673541945541,0.58222758709233,-0.1797932475184788,0.9230685176271075,0.3400277928529575,3.3365721702575684,-3.3615775108337402,0.08815640956163406
0.5,1.751244947549977,2.2281422635302204,1.2317903661930674,1.382545224086569,26.97062873840332,35.467369079589844,-349.5357666015625,0.2673320770263672,-2.0900189876556396,2.1088366508483887,-0.5315759473956708,-0.3536610135409014,0.7696433587393691,0.8301999080164025,-0.03741389334749398,0.5562088756161115,-0.16791404015135736,0.9346251056363747,0.3134976667125987,3.544135570526123,-3.326961040496826,0.09681294113397598
0.51,3.008159309895323,0.9496036239242208,1.3876082569303974,2.224693519353727,26.97305679321289,35.446292877197266,-349.5142822265625,0.21793454885482788,-2.1245996952056885,2.1873414516448975,-0.5064897153803345,-0.3255037352151005,0.7984456691440978,0.8477860129650296,-0.019120356537131872,0.5299936680628856,-0.1572483527252574,0.9453474125034198,0.28564177782369715,3.4899721145629883,-3.1511738300323486,0.10435344278812408
0.52,1.5264137680907583,2.329135354472226,2.287255336967888,1.5099581781116387,26.9749698638916,35.42487335205078,-349.49200439453125,0.16342876851558685,-2.159639358520508,2.2664852142333984,-0.4818428359857686,-0.2966287862003656,0.8245234045231765,0.8636883959954489,-0.0019683944047308444,0.504022301139817,-0.147884536148986,0.9549908316946114,0.25714329730178465,3.540454387664795,-3.0258116722106934,0.10520946979522705
0.53,3.803289581030621,2.1649305238656376,0.7758628525269408,2.967259351272534,26.976306915283203,35.40310287475586,-349.4689636230469,0.10347795486450195,-2.195150136947632,2.3464345932006836,-0.45704394531248527,-0.2660609028737032,0.8487181086881719,0.8784197888342319,0.014748825677326216,0.4776621679864996,-0.1396048231173304,0.9638433835967175,0.22697230064307222,3.6218183040618896,-2.982489585876465,0.10889515280723572
0.54,3.803289581030621,2.1649305238656376,0.7758628525269408,2.967259351272534,26.977001190185547,35.380958557128906,-349.4450988769531,0.0329119898378849,-2.233569622039795,2.426335573196411,-0.43218187709789624,-0.23447770854143984,0.8707692170175141,0.8920220150921789,0.030555436596556157,0.45095796908945107,-0.13234632484140746,0.9716411732175357,0.19595377212348644,3.5921504497528076,-2.817127227783203,0.1092897579073906
0.55,2.1946610598892526,3.3660696756766675,2.7510304458389734,3.5863806960253144,26.976932525634766,35.35842514038086,-349.4204406738281,-0.04717743396759033,-2.2737770080566406,2.5070600509643555,-0.4089000331580346,-0.20273584939100442,0.8897746558848854,0.9037695425074169,0.04518740727639517,0.4256274336313057,-0.1264965490410408,0.9781903054085872,0.16474935352031705,3.514798164367676,-2.5174806118011475,0.10049117356538773
0.56,0.20846373532162746,2.9949910041269967,0.07723839867649761,1.3555508317599405,26.97601890563965,35.33547592163086,-349.39495849609375,-0.13903343677520752,-2.316375255584717,2.588876247406006,-0.3872795770572278,-0.1714963152557648,0.9058717034150421,0.9138669365095954,0.058513586372693355,0.401775288643257,-0.12190878372349484,0.9834455623284395,0.13406369526295128,3.3195462226867676,-2.405705213546753,0.09785930067300797
0.57,0.20846373532162746,2.9949910041269967,0.07723839867649761,1.3555508317599405,26.974224090576172,35.3121337890625,-349.3686218261719,-0.21061831712722778,-2.347222328186035,2.676513195037842,-0.365700682841955,-0.1426375793049407,0.9197377515025436,0.9232139373133342,0.06975981139715903,0.3779015674276092,-0.11806369687308149,0.987313572115698,0.10617379053609022,2.8633577823638916,-2.3081791400909424,0.10426108539104462
0.58,0.8689979946637347,4.054831804571203,4.154911370919373,1.2527145451246335,26.97188377380371,35.28856658935547,-349.3414001464844,-0.25586920976638794,-2.365062952041626,2.769261598587036,-0.3455291891533052,-0.11857099221775985,0.9308869422478518,0.9313452408523986,0.07814651332985298,0.35565315237739015,-0.11491571600371908,0.9898656687949549,0.08342862791913525,2.2468621730804443,-2.0747013092041016,0.1128183901309967
0.59,1.1432627567849878,1.8366589412807952,0.70006006520572,4.129337503299421,26.969036102294922,35.264808654785156,-349.313232421875,-0.3222672939300537,-2.3894262313842773,2.8613808155059814,-0.3269406475288899,-0.09922845122079227,0.939821008204069,0.9383559335707504,0.0840256316211849,0.33530260238063475,-0.1122406117497372,0.9915106694831799,0.06564021157081207,1.896722674369812,-1.9774342775344849,0.12972384691238403
0.6,1.1432627567849878,1.8366589412807952,0.70006006520572,4.129337503299421,26.96541404724121,35.24077606201172,-349.2841491699219,-0.4006774425506592,-2.416428327560425,2.9538190364837646,-0.30792802401838937,-0.08228783444320231,0.9478444198953637,0.9450619118100034,0.08843554340056106,0.3147016642940885,-0.10971925478306827,0.9926771212061332,0.05053531600527053,1.5190004110336304,-2.115255355834961,0.13763752579689026
0.61,3.201948068554711,1.9109091447924484,3.253841881890646,2.5026476000149613,26.96104621887207,35.216495513916016,-349.254150390625,-0.47263258695602417,-2.4393184185028076,3.0477118492126465,-0.28675832538643675,-0.07029412695277343,0.9554205349151303,0.9519664630625702,0.09087208649730141,0.29240745048607625,-0.1073755839365107,0.99337857819241,0.0408593240609654,0.906162440776825,-2.3605029582977295,0.13054479658603668
0.62,0.698531139504766,2.5822340181171333,2.378544431490025,0.5231164730181973,26.955917358398438,35.191978454589844,-349.22320556640625,-0.5576246380805969,-2.464103937149048,3.14165997505188,-0.2632229596810519,-0.06282779892473428,0.9626870421788278,0.9589856163237576,0.09174058912842573,0.26819815806696323,-0.10516777634280255,0.9937989394181512,0.03610272608083395,0.7311148643493652,-2.538377285003662,0.1251494437456131
0.63,3.6696428789180717,3.1913296131483566,3.7386905036285962,2.6400651821852783,26.949922561645508,35.1672248840332,-349.1913146972656,-0.6348735094070435,-2.484562397003174,3.236255168914795,-0.2384839419853171,-0.05482027604878276,0.9695979304583312,0.9656642342621542,0.09254979401614538,0.2427490932927579,-0.10304366104730012,0.9941978037400325,0.030866340185788294,0.8307206630706787,-2.571033000946045,0.1316969245672226
0.64,3.6696428789180717,3.1913296131483566,3.7386905036285962,2.6400651821852783,26.943161010742188,35.14228057861328,-349.1584777832031,-0.7265135049819946,-2.506091833114624,3.3308777809143066,-0.21375699818455182,-0.04594444976547285,0.9758058481393097,0.9716546925878127,0.09324593345545043,0.21723801293996703,-0.10097080815370885,0.9945824769368149,0.024710169384633135,0.9662757515907288,-2.52077054977417,0.14049817621707916
0.65,0.5639519043032143,3.2101879457362736,2.837680136305502,4.041448924629357,26.9353084564209,35.11709213256836,-349.12469482421875,-0.8456448316574097,-2.531074285507202,3.425429105758667,-0.1894736365538061,-0.03506452198796994,0.9812595071380612,0.9768789038968531,0.09406283642885285,0.19198903594799716,-0.09903205628663198,0.9949485725909222,0.016431364122534597,1.2034571170806885,-2.4531426429748535,0.1450996696949005
0.66,1.6693336512798937,1.2476541860129344,0.4193550027592214,0.01418038147098484,26.9262752532959,35.091670989990234,-349.0899658203125,-0.9574428796768188,-2.551509141921997,3.521070718765259,-0.16491564114263138,-0.02309929632012081,0.986037146265814,0.9814991672141986,0.09475377823476958,0.16637639937223941,-0.09727392283829012,0.9952327084756367,0.007045560013158786,1.0407899618148804,-2.6293373107910156,0.15082664787769318
0.67,1.6693336512798937,1.2476541860129344,0.4193550027592214,0.01418038147098484,26.91629981994629,35.06608963012695,-349.0542907714844,-1.026168942451477,-2.56204891204834,3.617807388305664,-0.1382891798340591,-0.013994776046050483,0.9902930116810098,0.9857624743153773,0.09462081173177936,0.13899369129152828,-0.09564751419900436,0.9954150130627127,0.0007104906130236122,0.8526677489280701,-2.6506128311157227,0.15485374629497528
0.68,1.2673747446592807,2.9548548121159093,1.7298654150282975,3.500965703862411,26.90584945678711,35.040443420410156,-349.0176086425781,-1.0628108978271484,-2.5662763118743896,3.7149434089660645,-0.11343349624938415,-0.004964385883589051,0.9935331885757213,0.989073974042049,0.09420312494094807,0.11339508421456479,-0.09415686805172041,0.9955406200272086,-0.005775644945109626,0.9427512884140015,-2.3470547199249268,0.15636008977890015
0.69,1.4111503363693862,1.422368729153487,3.111540629769874,0.5393755473993176,26.894962310791016,35.01475524902344,-348.97998046875,-1.1229647397994995,-2.5719525814056396,3.8125247955322266,-0.09100978455677106,0.0041116835705808374,0.9958415100673125,0.9915162012342613,0.09356547831213988,0.09022817718539883,-0.09280539749879513,0.9956046380599257,-0.012592174897718855,0.7442546486854553,-2.2381463050842285,0.15730442106723785
0.7,1.4111503363693862,1.422368729153487,3.111540629769874,0.5393755473993176,26.883358001708984,34.989009857177734,-348.9413757324219,-1.1949670314788818,-2.577331781387329,3.910538911819458,-0.06824871571449925,0.010792355585231894,0.9976099627931966,0.9934581755087628,0.09250232339156747,0.06696397301506213,-0.09155854038876743,0.9956539786633123,-0.017034918661228027,0.7066477537155151,-2.3331494331359863,0.1629115790128708
0.71,2.647038491935701,0.8428593978511717,2.710805931627636,2.5366750935168865,26.871089935302734,34.96322250366211,-348.9017639160156,-1.257934808731079,-2.5804038047790527,4.0086894035339355,-0.04437467237454423,0.019579816367295555,0.9988230670357363,0.9949197349788443,0.09130162650502843,0.042411483670846295,-0.09036376154896414,0.9956307768387633,-0.023531825474507717,1.0546672344207764,-2.445648670196533,0.1735299974679947
0.72,4.109816453970444,3.1618525964472175,3.6601738168130087,0.9973472243263147,26.858169555664062,34.937400817871094,-348.8612060546875,-1.3300108909606934,-2.5821359157562256,4.107521057128906,-0.01910734190683744,0.03201922881297675,0.999304597443381,0.9958196491932869,0.08990036362205389,0.016160164020874224,-0.08932041068991053,0.9954359314425238,-0.0336031341892537,1.4122248888015747,-2.624394416809082,0.17727532982826233
0.73,4.109816453970444,3.1618525964472175,3.6601738168130087,0.9973472243263147,26.84441566467285,34.91157531738281,-348.81964111328125,-1.4261679649353027,-2.582045078277588,4.2079997062683105,0.007354937091384461,0.0481834172094438,0.9988114252482312,0.99603953363282,0.08815319899773968,-0.011587102613669298,-0.0886067285306063,0.9949408886021751,-0.047344227173097275,1.8605679273605347,-2.5625052452087402,0.18062101304531097
0.74,1.5395348052872537,3.1131762032018835,0.7520891860301394,2.304879279248018,26.82960319519043,34.885765075683594,-348.7770690917969,-1.5371007919311523,-2.5790345668792725,4.310596942901611,0.03144489302143258,0.0694772340954139,0.9970878259437941,0.9956134767301998,0.08577244192848973,-0.03737503389734431,-0.08811937162777794,0.9938893309358315,-0.06647536533070464,2.4196455478668213,-2.229017496109009,0.18936072289943695
0.75,2.030096601733158,2.4285782820615696,2.123460639989163,0.2826687454187955,26.81373405456543,34.8599967956543,-348.7334899902344,-1.6304593086242676,-2.5740299224853516,4.414000988006592,0.05218970130546513,0.09462498171729544,0.9941440277508324,0.9947689999724234,0.08260974058667431,-0.0600855011967672,-0.08781156969050646,0.9920795046745012,-0.08981862074918245,2.4795873165130615,-1.9269675016403198,0.19563238322734833
0.76,4.021923635477963,0.9910887344872872,2.732194980203718,0.9168362923165052,26.79705810546875,34.834285736083984,-348.6888427734375,-1.7019611597061157,-2.5682785511016846,4.5173749923706055,0.07020485428144524,0.11832826599802565,0.9904896263471019,0.9936744215178666,0.07895030383293106,-0.07986234122426722,-0.08764942929908032,0.989830930508129,-0.1120370766887337,2.412269353866577,-1.653538703918457,0.2027483433485031
0.77,4.021923635477963,0.9910887344872872,2.732194980203718,0.9168362923165052,26.779678344726562,34.80863952636719,-348.64312744140625,-1.7752659320831299,-2.5608508586883545,4.622527122497559,0.08552335098474781,0.14374208640474617,0.9859127593414896,0.992486858446857,0.07460842131873521,-0.09697122912809875,-0.08749624132857231,0.9867987616856521,-0.1362813695595833,2.8621678352355957,-1.4060865640640259,0.20656268298625946
0.78,2.7510275082126925,1.5490065734990943,1.864998576476943,0.546110545928602,26.76152992248535,34.7830810546875,-348.59637451171875,-1.854831576347351,-2.5514161586761475,4.730372905731201,0.09864209608677563,0.17518404180052927,0.9795816905077583,0.9912749003819465,0.06918719111496549,-0.11219271125337532,-0.08742887825180728,0.9821016668777482,-0.16683077403038993,3.588895082473755,-1.1983935832977295,0.20483742654323578
0.79,0.7634547656893561,1.6885038423541094,1.08513058385181,3.331737548486773,26.74260902404785,34.75761795043945,-348.54852294921875,-1.9258719682693481,-2.5416152477264404,4.839118957519531,0.10961889320242782,0.21311328793090256,0.970858601836722,0.9901213354648972,0.06249957612664894,-0.12551312298400297,-0.08742676541130273,0.9750264250220448,-0.20415687889083634,4.176060676574707,-0.9589819312095642,0.20492379367351532
0.8,0.7634547656893561,1.6885038423541094,1.08513058385181,3.331737548486773,26.723033905029297,34.73225021362305,-348.49957275390625,-1.9888200759887695,-2.531682014465332,4.948797702789307,0.11890553774039689,0.2538943792855258,0.9598953678718763,0.9890439738487755,0.054893125892726186,-0.13703562501462258,-0.08748423222552726,0.9656730238009879,-0.24458560917389868,4.1688361167907715,-0.9508023262023926,0.20432554185390472
0.81,4.01367101396279,0.8778716159588447,3.748583768806786,0.45119971360787925,26.702836990356445,34.70698547363281,-348.44952392578125,-2.0504064559936523,-2.5208823680877686,5.060603618621826,0.12958234778054153,0.291453112885558,0.9477676393151442,0.9876258010141914,0.04721739575495773,-0.149551979957461,-0.08833850980608582,0.9554190706320647,-0.2817280730736683,3.7362060546875,-1.1845676898956299,0.2016363888978958
0.82,2.506592051674095,1.3060689724746226,1.130225301304413,3.7032804458728896,26.681995391845703,34.68183898925781,-348.3983459472656,-2.1205806732177734,-2.507490396499634,5.1774001121521,0.1420302321183323,0.3263643287014407,0.9345125671255956,0.9857456629782392,0.039378271798028525,-0.1635690668488159,-0.09018259856537997,0.9444234625746326,-0.316119316484357,3.9779255390167236,-1.2699222564697266,0.2017403542995453
0.83,2.506592051674095,1.3060689724746226,1.130225301304413,3.7032804458728896,26.660404205322266,34.65684509277344,-348.3459777832031,-2.196415662765503,-2.4916460514068604,5.298829555511475,0.15452109231001598,0.36514447623430196,0.9180374412336878,0.983643221711223,0.030204474478307625,-0.1775773130302838,-0.09257021342141142,0.9304607467255492,-0.3545046606041278,4.296886444091797,-1.3070241212844849,0.1972551792860031
0.84,0.5138595759684865,2.3207205274019467,2.055190587593182,3.8138538348213613,26.638071060180664,34.63201141357422,-348.2923889160156,-2.2700555324554443,-2.474550485610962,5.422743320465088,0.1676778663556594,0.40335986131052276,0.8995470834914476,0.9811654772335994,0.020489633810745533,-0.19207936170048256,-0.0959084950323843,0.9148120010088725,-0.3923271127398229,4.155936241149902,-1.4307634830474854,0.1863483339548111
0.85,0.7689005171788822,0.3893163243143344,1.6864965581147668,4.061465155302589,26.615009307861328,34.60735321044922,-348.2375183105469,-2.342055320739746,-2.456019639968872,5.549267768859863,0.18219273776242878,0.4386295324532486,0.8800056474628304,0.9781036687860587,0.010713047947303711,-0.20784235302490867,-0.1005933368264661,0.8986041196564387,-0.4270733153951367,3.7837347984313965,-1.705666422843933,0.1820453256368637
0.86,3.180662700665207,3.324990950040292,1.9088221711314013,1.976337952028862,26.591259002685547,34.582881927490234,-348.181396484375,-2.4052059650421143,-2.4376919269561768,5.6744914054870605,0.19989733710267932,0.4692683396236464,0.8601327107174356,0.9738934701277329,0.0012217724285283893,-0.2270022381270625,-0.10757584980756818,0.8830547733289249,-0.4567731426421441,3.3678793907165527,-2.218357563018799,0.17942145466804504
0.87,3.180662700665207,3.324990950040292,1.9088221711314013,1.976337952028862,26.566883087158203,34.5586051940918,-348.1239929199219,-2.4737305641174316,-2.415668487548828,5.8053879737854,0.22085109586244087,0.49649969484434864,0.8394717663363241,0.9682488515032667,-0.008247585363832438,-0.2498522341270371,-0.11712794294686657,0.8679977133351997,-0.4825567475705841,3.1773972511291504,-2.3537356853485107,0.17860160768032074
0.88,4.059958948045627,3.4944454555709044,0.43918228272165594,1.6888369927623026,26.54175567626953,34.534584045410156,-348.06524658203125,-2.5518627166748047,-2.3881635665893555,5.944633483886719,0.24010199696036982,0.52217903761883,0.8183398338875575,0.9624686319841349,-0.018189905151523994,-0.27078268001695854,-0.1265115152949744,0.8526418826342341,-0.5069483765391881,3.125521421432495,-2.0453975200653076,0.18191052973270416
0.89,2.4106659595717406,0.6825764345654837,2.735683061870758,0.5544023956797872,26.515857696533203,34.51084518432617,-348.005126953125,-2.6266298294067383,-2.3590102195739746,6.084997177124023,0.255604983313112,0.5467391075557144,0.7973345852116821,0.9574097758075377,-0.02859498356710291,-0.28731315337616864,-0.13428556770429367,0.8368146002454657,-0.5307623866876379,3.0561399459838867,-1.4827287197113037,0.1814936399459839
0.9,2.4106659595717406,0.6825764345654837,2.735683061870758,0.5544023956797872,26.489276885986328,34.487388610839844,-347.9435729980469,-2.685004711151123,-2.333566427230835,6.217371940612793,0.2663976513573366,0.570851287318346,0.7766344694373811,0.9537116643166601,-0.039478413367587395,-0.29811996951617364,-0.13952187175364794,0.8201038121146405,-0.5549444879061268,3.3053932189941406,-1.1189731359481812,0.1812189668416977
0.91,2.626108113934579,2.177289949618132,1.540269422843205,1.8271667084549081,26.46219825744629,34.46416473388672,-347.8807678222656,-2.7302722930908203,-2.311537265777588,6.343008518218994,0.2758400517770224,0.5977506461916025,0.7527326423194167,0.9503161764996577,-0.052062359102833994,-0.30690173581737634,-0.1442616737693026,0.7999897972737958,-0.5824129924195632,3.875706434249878,-1.0872114896774292,0.18451589345932007
0.92,2.9385905237930467,2.5996581498750713,0.40336800409993073,2.4783703154465457,26.434661865234375,34.441165924072266,-347.81671142578125,-2.7782537937164307,-2.2868876457214355,6.473520755767822,0.2847779589446374,0.6274179961225219,0.7247400721920417,0.9469268368145223,-0.06652788921447095,-0.3144894365111659,-0.1491009048254569,0.7758354839128374,-0.6130646149321979,4.204594135284424,-0.9884934425354004,0.18625052273273468
0.93,2.9385905237930467,2.5996581498750713,0.40336800409993073,2.4783703154465457,26.406620025634766,34.418434143066406,-347.7513122558594,-2.830047369003296,-2.258909225463867,6.610689640045166,0.29211026069158785,0.6566867205559186,0.6952942877977679,0.9440483064047396,-0.0815938629033732,-0.31955474759553804,-0.1531156124405187,0.7497366154737397,-0.6437783909428356,4.12868595123291,-0.7077877521514893,0.1823866069316864
0.94,0.5264863538173429,0.2133278908309769,1.7549799157855166,4.103898847840011,26.378063201904297,34.39598846435547,-347.6844787597656,-2.880660057067871,-2.229783773422241,6.750737190246582,0.2968858691218005,0.6834690473845717,0.6668799307094337,0.9422093952947141,-0.09613085569585858,-0.32093661991357547,-0.15524250749766305,0.7236220835839713,-0.672510850481559,3.88155198097229,-0.3361652195453644,0.1744523048400879
0.95,3.402813804770332,3.9461969418518916,2.7826193877357457,0.09630609035867499,26.349029541015625,34.37382888793945,-347.6163024902344,-2.9233951568603516,-2.203051805496216,6.886618614196777,0.3001793066699789,0.7073968004474637,0.6399079235044851,0.9409968705019592,-0.10971036050973941,-0.32013829277726513,-0.1562602750306349,0.6982502441915177,-0.6985909553764893,3.587596893310547,-0.48681575059890747,0.1650591790676117
0.96,3.3500317872049843,3.1191642645189006,1.6342820617841753,3.7736310177586048,26.319580078125,34.35193634033203,-347.5467224121094,-2.969409942626953,-2.1732985973358154,7.029882431030273,0.30496641600083646,0.729050941782919,0.6127643995835952,0.9389584010010861,-0.12259915732693955,-0.3214445019162845,-0.15922501782411166,0.6733900585159863,-0.7219371321595449,3.5885097980499268,-0.4737730622291565,0.1669081598520279
0.97,3.3500317872049843,3.1191642645189006,1.6342820617841753,3.7736310177586048,26.28960609436035,34.33037567138672,-347.4756164550781,-3.0261688232421875,-2.136303663253784,7.190145969390869,0.3079480603983661,0.7502370501813731,0.5850746624423555,0.9378159478476102,-0.13580789013995842,-0.3194643406366685,-0.16021622907674687,0.6470707731855032,-0.7454060466816341,3.5726683139801025,-0.15128353238105774,0.167952299118042
0.98,3.8982343288350485,0.7860190759645016,4.027777364105676,2.577703362088196,26.259048461914062,34.30921936035156,-347.4028625488281,-3.084944009780884,-2.0965652465820312,7.358503341674805,0.30952878158072583,0.76944676201669,0.5586981419292377,0.9373994661953196,-0.14829247129773007,-0.31510567074101037,-0.15960630986863114,0.6212576143424265,-0.7671797719385434,3.3098440170288086,0.02885645069181919,0.16000354290008545
0.99,1.970370423215249,1.5369375579023838,2.8865242479129845,0.7654640525554594,26.22791862487793,34.288448333740234,-347.32843017578125,-3.1395957469940186,-2.0576744079589844,7.5269856452941895,0.310519485633008,0.7871289450580619,0.5329218262503375,0.9372858536286632,-0.1601470415783493,-0.3095935297471356,-0.15834417460014188,0.5956349124467817,-0.7874936021611316,3.506334066390991,-0.016330348327755928,0.1520274430513382
1.0,1.970370423215249,1.5369375579023838,2.8865242479129845,0.7654640525554594,26.19630241394043,34.268043518066406,-347.25238037109375,-3.1797397136688232,-2.0258116722106934,7.679652690887451,0.31218090566807744,0.8061756223228471,0.5026170989019658,0.9367609837337065,-0.17312358980488718,-0.3041497690403973,-0.15818325287626625,0.5657818383665552,-0.809239748087082,4.003870964050293,-0.13203376531600952,0.1518189162015915
1.01,1.8958720026038987,2.468508931107623,0.9791211779756858,2.0596652444203776,26.164358139038086,34.2479133605957,-347.17486572265625,-3.207759380340576,-1.999772071838379,7.818663597106934,0.31416346596887723,0.8261451420549297,0.4677451452548307,0.9360353282963549,-0.18726295882997093,-0.2979437001035269,-0.15855340056762546,0.5314290060857472,-0.8321322194574355,4.422154426574707,-0.16032272577285767,0.15789203345775604
1.02,2.113131866249835,0.1200259844111506,0.6275141031056896,4.054723810717236,26.132156372070312,34.2280387878418,-347.0959777832031,-3.232215642929077,-1.974488377571106,7.9571685791015625,0.31610729127140774,0.8459140592565214,0.42954113278847633,0.9353275305172842,-0.20205676079383433,-0.2904057094375756,-0.15886658258265568,0.4935610091667061,-0.8550783234118678,4.508097171783447,-0.07478594034910202,0.16060538589954376
1.03,2.113131866249835,0.1200259844111506,0.6275141031056896,4.054723810717236,26.0997257232666,34.20841598510742,-347.0157165527344,-3.2530405521392822,-1.9500906467437744,8.094893455505371,0.3177486539460749,0.8635443325988996,0.3915698897409995,0.9347889446024671,-0.21615413588053967,-0.28186347509165255,-0.1587621553282238,0.455596943776029,-0.8759143810084856,4.31083869934082,-0.1533423364162445,0.14993301033973694
1.04,4.149606663392158,0.06598400567129173,1.6778925171891415,1.9567335417822838,26.067106246948242,34.18903350830078,-346.9341125488281,-3.270216226577759,-1.9267112016677856,8.231285095214844,0.32008395618782937,0.8787597617056525,0.3540163021644234,0.9336403072716523,-0.22915775877736166,-0.275322534911022,-0.1608167827959574,0.4186502153339482,-0.8937952559574237,4.087820053100586,-0.46052825450897217,0.130450040102005
1.05,2.3997681659191716,2.2363678295345455,0.5663736207436387,1.8613524064936824,26.034324645996094,34.169883728027344,-346.8511047363281,-3.2860028743743896,-1.9025509357452393,8.371574401855469,0.32302742995952577,0.8921354732519725,0.31582839780365307,0.9318276788339331,-0.24150687523827533,-0.27087193684767036,-0.16537973410520362,0.3817967084432801,-0.909329872471574,4.26143217086792,-0.5921114087104797,0.11227816343307495
1.06,0.4961494588273611,3.8328037374116057,0.3325415268870926,3.858535444930284,26.00139617919922,34.15098190307617,-346.7666931152344,-3.298959493637085,-1.8785849809646606,8.51241683959961,0.3255529194362592,0.9047742325062106,0.27458857375959056,0.9301411190436965,-0.2542830186941448,-0.26491063600379183,-0.1698611059385543,0.3416485542141088,-0.924350296204172,4.429135322570801,-0.4231354594230652,0.10143842548131943
1.07,0.4961494588273611,3.8328037374116057,0.3325415268870926,3.858535444930284,25.968353271484375,34.13231658935547,-346.6808776855469,-3.309763193130493,-1.854051113128662,8.657116889953613,0.32728700522515103,0.9152163353955658,0.23507929648495818,0.9290342339691002,-0.2662330590955007,-0.2569345254303095,-0.17256479456771812,0.3024880454989296,-0.9374019276735238,3.8606789112091064,-0.2667456865310669,0.09794784337282181
1.08,0.7386252767922777,0.8602288521569466,0.5397151705178126,1.8047096309649961,25.935205459594727,34.1139030456543,-346.5935974121094,-3.318930149078369,-1.8285810947418213,8.807350158691406,0.3287149656097105,0.9222721307646177,0.20337302721624406,0.9281538980982754,-0.2756660767445678,-0.2500770992658753,-0.17457609466700535,0.2709655530637619,-0.9466260382134365,2.8442459106445312,-0.2254098504781723,0.09715934842824936
1.09,3.8160514529179594,1.1950907725788926,4.1386907405909,2.4870626105294487,25.901992797851562,34.095726013183594,-346.50482177734375,-3.3217203617095947,-1.808603286743164,8.938225746154785,0.3300500015940942,0.9266459233644063,0.17998424697696458,0.92730816765724,-0.2826195363077801,-0.24540937205686963,-0.17654052974858242,0.24789822590995264,-0.9525649116710041,2.183760404586792,-0.2615848779678345,0.09481345862150192
1.1,3.8160514529179594,1.1950907725788926,4.1386907405909,2.4870626105294487,25.868764877319336,34.0777473449707,-346.414794921875,-3.3256165981292725,-1.7850024700164795,9.08399772644043,0.33146577166301805,0.9300284280392959,0.15867440012363687,0.9262443374078964,-0.28879116978155595,-0.2422211544766631,-0.1794487939097027,0.22725928648782773,-0.9571579530408743,2.335123062133789,-0.4163545072078705,0.09122388064861298
1.11,1.8584424298807491,2.410975850500136,0.38577903309262596,2.8741323941228916,25.835472106933594,34.0600471496582,-346.3230895996094,-3.332289695739746,-1.754334568977356,9.258170127868652,0.33306135298049355,0.9335545545059026,0.1324614242415077,0.9247216673125341,-0.29594322334528245,-0.23938973778909364,-0.18428231915604343,0.20222141903688104,-0.9618453745426965,2.940577507019043,-0.6343945860862732,0.08805865049362183
1.12,3.3189820829339816,2.837710403541154,0.39702566934456834,0.5768362682123402,25.802133560180664,34.04264831542969,-346.2297058105469,-3.3341426849365234,-1.7274842262268066,9.41784381866455,0.33466876969968695,0.9368745722777734,0.10130572741477559,0.9228290487974806,-0.3040808116750352,-0.23647707429387022,-0.19074423001295412,0.17262935958402525,-0.9663414215102105,3.05073618888855,-0.6806251406669617,0.08345653861761093
1.13,3.3189820829339816,2.837710403541154,0.39702566934456834,0.5768362682123402,25.768802642822266,34.02548599243164,-346.1347961425781,-3.331289768218994,-1.7053825855255127,9.559075355529785,0.33589640577995805,0.9391533786789451,0.07186470552383584,0.921336992329791,-0.3117507003330824,-0.2322706339736631,-0.19573387838797973,0.1442304827619827,-0.9699926889896877,2.905846118927002,-0.274103581905365,0.07932358235120773
1.14,4.093026295072141,2.594794289737519,3.0789201195038918,2.6799743005893917,25.735515594482422,34.00853729248047,-346.0385437011719,-3.3259999752044678,-1.684652328491211,9.696006774902344,0.336604835462558,0.940583615967483,0.04471740284004705,0.9212372507501521,-0.3191045375882932,-0.2224729689667117,-0.19498490345030864,0.11608081436695872,-0.9739127948447838,2.9267027378082275,0.4216878414154053,0.07631149142980576
1.15,2.932456014717357,3.7114951703807537,0.5841905339790168,1.2886510119733594,25.702285766601562,33.9918098449707,-345.9408264160156,-3.3195481300354004,-1.6595849990844727,9.855751037597656,0.3370924192195115,0.9412814592687041,0.018918650631480696,0.9224758286946694,-0.32620808575341953,-0.20646217634998548,-0.1881676018309738,0.08704883242220213,-0.9782716669694116,3.0921826362609863,0.8652331233024597,0.0717325359582901
1.16,0.8927979259512946,0.8894034250027384,1.8517455493970814,3.802144679747187,25.669130325317383,33.975341796875,-345.8414306640625,-3.310743570327759,-1.6350798606872559,10.019299507141113,0.33769626869372954,0.9412281267437548,-0.007130465396774782,0.9243042459990756,-0.3330364555299487,-0.18640917390549372,-0.1778282624849395,0.05635896303597736,-0.9824463223744576,3.115694761276245,1.3066704273223877,0.06800685077905655
1.17,0.8927979259512946,0.8894034250027384,1.8517455493970814,3.802144679747187,25.636077880859375,33.95909118652344,-345.740478515625,-3.299558401107788,-1.615986943244934,10.163928031921387,0.3385852342005315,0.9404373293884996,-0.030621376095765707,0.9265766521912242,-0.3389053697867242,-0.16309156306758182,-0.1637551428061865,0.026847342929064974,-0.9861356262615072,2.880035877227783,1.3623969554901123,0.06181460618972778
1.18,0.007923117495612825,2.542976106957412,2.914555980058338,3.435372747261059,25.6031436920166,33.94301223754883,-345.6381530761719,-3.286663770675659,-1.5996907949447632,10.301448822021484,0.3395908536822611,0.9391111558619933,-0.05242412642003716,0.9281329894221211,-0.34361349748159203,-0.143174433104604,-0.15247034479435642,-3.583320860603423e-05,-0.9883080454363767,2.5807015895843506,0.8951528072357178,0.0528574213385582
1.19,4.027103288600742,2.5702037223531033,4.082596413532139,3.6249353147912453,25.570348739624023,33.927093505859375,-345.5343933105469,-3.2717740535736084,-1.5839098691940308,10.444046020507812,0.3404555094956077,0.9374385988479812,-0.0727936772255679,0.9288151358566776,-0.34734468407723124,-0.12905081885377573,-0.14626171562520293,-0.023675806918085393,-0.9889625709343858,2.188297748565674,0.35997873544692993,0.05190374702215195
1.2,4.027103288600742,2.5702037223531033,4.082596413532139,3.6249353147912453,25.537723541259766,33.911338806152344,-345.42913818359375,-3.2527976036071777,-1.5651990175247192,10.616488456726074,0.34107241274065914,0.9355466861084434,-0.09177149545896586,0.9288212433981633,-0.35042882285494836,-0.12037748097042425,-0.1447781305292863,-0.044181876646480184,-0.988477240353282,2.0957212448120117,0.0042267367243766785,0.052836690098047256
1.21,2.2705132067618226,3.804822440182616,2.078710210772091,4.071147356806314,25.505308151245117,33.89579391479492,-345.322021484375,-3.2293806076049805,-1.5444995164871216,10.811535835266113,0.3414543949412585,0.9331110909252256,-0.11275011382537281,0.9285334919022481,-0.35348816265154615,-0.11345339695686524,-0.1457204535784769,-0.06595309589071252,-0.9871249862865967,2.344634532928467,-0.1805807650089264,0.04966152459383011
1.22,3.6556377889307923,0.9471621941980047,2.833441866161772,2.906190858374122,25.47314453125,33.88043975830078,-345.2129211425781,-3.2038533687591553,-1.5253983736038208,10.99928092956543,0.3416063433263294,0.9300275561477247,-0.13547638541496665,0.9281005548467582,-0.356530334607768,-0.10731020733188587,-0.14810289089802847,-0.089077860944028,-0.9849521147737502,2.22564697265625,-0.2705131769180298,0.047103218734264374
1.23,3.6556377889307923,0.9471621941980047,2.833441866161772,2.906190858374122,25.441234588623047,33.86526870727539,-345.10205078125,-3.1779768466949463,-1.508862018585205,11.1691255569458,0.3415724655436908,0.9267456391233663,-0.15643136241888142,0.9276185923461399,-0.3591936946784281,-0.10248725207081152,-0.15116877295318001,-0.11010181682916678,-0.9823571611255991,2.197678565979004,-0.36429640650749207,0.04102287441492081
1.24,2.4095795677713348,1.845175430990965,0.20534203312014565,1.7487550759906716,25.409587860107422,33.85025405883789,-344.9895935058594,-3.1512808799743652,-1.4938138723373413,11.328983306884766,0.3411672544987699,0.9226449881174357,-0.1798085936754655,0.927048973166432,-0.3618993605370215,-0.09802578331214315,-0.15551561274944672,-0.1332481847706453,-0.9788053000706997,2.5540475845336914,-0.5163871049880981,0.031119830906391144
1.25,3.3193216263468526,0.060388906811455416,3.9966255609135546,1.2587673628928464,25.378204345703125,33.835384368896484,-344.8755798339844,-3.1261260509490967,-1.481222152709961,11.468215942382812,0.3404150090184718,0.9174115299044768,-0.20609150014806799,0.9264577945759574,-0.3646940666364669,-0.09313534575879096,-0.16060378732896374,-0.15923040714161235,-0.9740903966968926,2.6879525184631348,-0.44053542613983154,0.022144079208374023
1.26,3.823180221068058,3.535392330719851,1.264378234625897,2.4185614252215175,25.34706687927246,33.82062911987305,-344.76025390625,-3.100327253341675,-1.4697670936584473,11.600381851196289,0.33972250935212944,0.9111620189283961,-0.23317888391066166,0.926032175186383,-0.3674011642455002,-0.08649158936351808,-0.16447804461103233,-0.18654800929889476,-0.9685797917918539,3.105226993560791,-0.433511346578598,0.01719355769455433
1.27,3.823180221068058,3.535392330719851,1.264378234625897,2.4185614252215175,25.316219329833984,33.80598831176758,-344.6435241699219,-3.067985773086548,-1.4573309421539307,11.750332832336426,0.3388381980656165,0.9027455357340036,-0.26502674062058884,0.9256318345304729,-0.37031118977595984,-0.0779444008923304,-0.1685063275826677,-0.2189066477726062,-0.9610855826228811,3.4586541652679443,-0.2813357710838318,0.013613628223538399
1.28,2.043163726440655,3.272456731741732,1.6027656700647652,1.8632629775196086,25.285720825195312,33.791473388671875,-344.5252685546875,-3.0298521518707275,-1.445011019706726,11.910419464111328,0.33880076779800533,0.8930667136491728,-0.2960504766274633,0.9255480569040584,-0.37289205724476165,-0.06566816584077124,-0.1690409243366935,-0.251760518381329,-0.952912276803988,3.389289379119873,0.19216014444828033,0.00820377841591835
1.29,0.6384393162241361,3.2533076063923865,1.6992126728282422,3.587652715341692,25.25562286376953,33.77708053588867,-344.40533447265625,-2.9915473461151123,-1.4346824884414673,12.061149597167969,0.3401339311786121,0.8827747470362711,-0.3240642758096469,0.9257543380910435,-0.37486988046974545,-0.049512404730661944,-0.1651902368985445,-0.28316306028796645,-0.9447385177506824,3.2134532928466797,0.5847183465957642,0.0064271194860339165
1.3,0.6384393162241361,3.2533076063923865,1.6992126728282422,3.587652715341692,25.225893020629883,33.76277542114258,-344.2840270996094,-2.953352451324463,-1.4263783693313599,12.203774452209473,0.3423988628603128,0.8725821479278154,-0.3483725216340193,0.9259926038260219,-0.3761742173481178,-0.03210382939830403,-0.15906198908434768,-0.31159806372988186,-0.9368062394691442,2.7553799152374268,0.6438029408454895,0.00809005368500948
1.31,1.9992784581855374,2.1601286394869565,2.9698480375346534,2.2143843969543573,25.19655990600586,33.7485466003418,-344.1612854003906,-2.913203001022339,-1.4195647239685059,12.34585189819336,0.34451009749488076,0.8638835343851397,-0.3674479986913896,0.9260998647315226,-0.37686175051000365,-0.01772742358020235,-0.15379152534624224,-0.33418626545801594,-0.92987510274816,2.076387643814087,0.48044151067733765,0.010207508690655231
1.32,1.395506369486809,2.4961267919429972,0.914277901700989,1.6615553611814133,25.167634963989258,33.734378814697266,-344.0370788574219,-2.871349811553955,-1.413918137550354,12.487723350524902,0.34607964593056534,0.8569002291085827,-0.3820351764251999,0.9261056463221441,-0.37719737113307333,-0.007104580251007436,-0.15019058067275382,-0.35134618336330004,-0.924120473159871,1.7559677362442017,0.3117140829563141,0.01306405570358038
1.33,1.395506369486809,2.4961267919429972,0.914277901700989,1.6615553611814133,25.13912010192871,33.72026443481445,-343.91156005859375,-2.833223819732666,-1.4092059135437012,12.617104530334473,0.34733195640412484,0.8502301564890411,-0.3955618700748391,0.9260588420677112,-0.37737379239385327,0.002010433408754425,-0.14756535192481057,-0.36701185513672674,-0.9184371318170913,1.6064478158950806,0.3233240246772766,0.015318856574594975
1.34,3.9285185885441987,3.399894109924109,3.664084471331334,3.7474467244864464,25.110958099365234,33.70619201660156,-343.7847900390625,-2.799072027206421,-1.4051603078842163,12.734519958496094,0.34907953659560753,0.844264788867009,-0.4066453533603214,0.9259706913275925,-0.37742669161729747,0.011285887520353505,-0.14395053293578491,-0.3804813513618851,-0.9135163848193075,1.3332717418670654,0.4870486557483673,0.016572965309023857
1.35,1.3126226417148805,3.406684007388169,3.400268094970911,1.4534414667121067,25.08319091796875,33.69215393066406,-343.6567687988281,-2.7494146823883057,-1.4022916555404663,12.884265899658203,0.3514659371388023,0.8390814086002562,-0.41522775048466276,0.9258195576880422,-0.37737892953250035,0.021054456706873975,-0.1390318007991733,-0.39182589665094114,-0.9094738176991269,1.2178232669830322,0.5757025480270386,0.01579027622938156
1.36,1.3126226417148805,3.406684007388169,3.400268094970911,1.4534414667121067,25.05598258972168,33.67814636230469,-343.527099609375,-2.694343328475952,-1.4005557298660278,13.043052673339844,0.354035930458639,0.8338997555039439,-0.4234025953094149,0.9256028345444479,-0.3772237382190162,0.031010385475745555,-0.1338579569079435,-0.4028814330476569,-0.9054107345718282,1.217407464981079,0.5743962526321411,0.022182954475283623
1.37,3.082803103472533,2.2669812793145545,3.842457904822105,1.3345967224079784,25.02928352355957,33.664146423339844,-343.39593505859375,-2.6457629203796387,-1.399336576461792,13.185015678405762,0.3567000191611705,0.8286336099006094,-0.43142952712291865,0.9252893273030599,-0.3770600954651984,0.04080864108036836,-0.1288594471099092,-0.41375357998555135,-0.9012231787629902,1.1971529722213745,0.557944655418396,0.036638740450143814
1.38,2.7170297033498954,3.767334419212882,0.8987696700297643,3.3684571095161906,25.00307273864746,33.650146484375,-343.26336669921875,-2.5956521034240723,-1.3991081714630127,13.327635765075684,0.35947515776120487,0.8229270992652753,-0.43996431701604716,0.9248736268074507,-0.3768721410469652,0.05075592318842273,-0.12404186949812362,-0.42515688703996835,-0.8965797432542709,1.4389989376068115,0.5607113838195801,0.04769616201519966
1.39,2.091507834138668,1.4556579146674111,2.5319655784065933,3.2253896679701657,24.97737693786621,33.636146545410156,-343.12939453125,-2.542661428451538,-1.4001106023788452,13.47339153289795,0.36263310118012587,0.8160681291293316,-0.45003337937072774,0.9243380884192932,-0.376482475012667,0.062129254829778296,-0.11872797575066943,-0.43851311796534587,-0.8908478619531278,1.4040545225143433,0.7234999537467957,0.04863375052809715
1.4,2.091507834138668,1.4556579146674111,2.5319655784065933,3.2253896679701657,24.952211380004883,33.62214660644531,-342.9939270019531,-2.491213321685791,-1.4019098281860352,13.613333702087402,0.3664854578591014,0.8101761850854722,-0.45749640249750123,0.9236425859760767,-0.3760524696594601,0.07395210229903412,-0.11212841989982161,-0.44966553034824863,-0.8861309882107711,1.182141661643982,0.7150754332542419,0.0436074361205101
1.41,2.3166499524251836,4.177272193368136,3.598117100882078,0.9637539359678111,24.92754554748535,33.60810852050781,-342.8571472167969,-2.441925287246704,-1.404309868812561,13.746838569641113,0.36951338385995053,0.8046874675745787,-0.46469122939515484,0.9230283152550268,-0.3755148315825895,0.08370985903086081,-0.10713817426965966,-0.4598550758553297,-0.8815070736098792,1.1431854963302612,0.4423692226409912,0.03804416581988335
1.42,2.2275028079579724,1.2641266770324842,1.9161801632259914,2.6343495977088622,24.903385162353516,33.59404754638672,-342.718994140625,-2.388709306716919,-1.4081231355667114,13.885627746582031,0.37162650056252666,0.7991197461262501,-0.4725477493658905,0.922545120427119,-0.3748608669998599,0.09159602157422783,-0.10394346951955868,-0.4699861293093993,-0.8765322546267226,1.193372130393982,0.41760963201522827,0.04369819164276123
1.43,2.2275028079579724,1.2641266770324842,1.9161801632259914,2.6343495977088622,24.879762649536133,33.5799446105957,-342.5794677734375,-2.337975263595581,-1.4120571613311768,14.017621994018555,0.374194107166213,0.7930588983128206,-0.4806624116455712,0.9219261462267345,-0.37411330167535567,0.10045605214762549,-0.10015463576691244,-0.4807253075472729,-0.8711327267517721,1.265563726425171,0.4468931555747986,0.047807060182094574
1.44,3.16723386480546,4.085956025657385,2.73295900926146,1.8284580761227087,24.856611251831055,33.5658073425293,-342.43865966796875,-2.2923502922058105,-1.4155656099319458,14.138324737548828,0.37643302880261453,0.7866423515112574,-0.4893791839007141,0.9213512954049493,-0.37318157978723043,0.10884529830511014,-0.09700497555337795,-0.49186311034305663,-0.8652518219579444,1.3089423179626465,0.32124221324920654,0.04237369820475578
1.45,0.5082921114427209,2.2003299884005854,2.5397088603956233,0.11330879651109017,24.833946228027344,33.55162811279297,-342.2966613769531,-2.2384207248687744,-1.421472191810608,14.27170181274414,0.37841036824373697,0.779955774589582,-0.4984722488664792,0.9208192847504626,-0.37207121624526507,0.11685398954856549,-0.09432623196802897,-0.5032216208850082,-0.8589939244468376,1.3285319805145264,0.4317170977592468,0.0423712320625782
1.46,0.5082921114427209,2.2003299884005854,2.5397088603956233,0.11330879651109017,24.811819076538086,33.53738021850586,-342.1533203125,-2.190796375274658,-1.4264490604400635,14.392237663269043,0.38148032280142674,0.7729991440205093,-0.5068975110008719,0.9199893963707442,-0.3708592549788309,0.1268184669594296,-0.08995706687477475,-0.5147190848803902,-0.8526265242057516,1.3862276077270508,0.5976128578186035,0.05269426852464676
1.47,3.0476591244250475,0.3759100233373402,2.683313879190027,0.007215003257354379,24.790088653564453,33.52310562133789,-342.0089111328125,-2.155534267425537,-1.4289965629577637,14.490418434143066,0.38509458333679425,0.7654116044521392,-0.5156037603185832,0.9189510479526407,-0.3695084280567429,0.13781325430370836,-0.08503607088409318,-0.5268857536174584,-0.8456714901683505,1.4942718744277954,0.62824946641922,0.06786198914051056
1.48,3.7518529629807245,3.0410387629974203,2.3682065958156864,0.395933553090463,24.76871109008789,33.5088005065918,-341.8634948730469,-2.119952440261841,-1.4321869611740112,14.588095664978027,0.38903580060032716,0.7564346500576411,-0.5257925123501063,0.9177465525435511,-0.36777545005864587,0.14994160072704088,-0.0799525555919848,-0.5408769162446615,-0.8372931089695985,1.9614994525909424,0.6868871450424194,0.0757158026099205
1.49,2.4675109355971463,3.081176235174838,1.102887740953459,0.21538729689804648,24.747726440429688,33.494449615478516,-341.717041015625,-2.0740644931793213,-1.439036250114441,14.700896263122559,0.3939393726967868,0.743972065622888,-0.5397382108134234,0.9161826528185716,-0.3648797208648199,0.16574720503204798,-0.07362823720276618,-0.5597931357871624,-0.8253547890525557,2.55329966545105,1.013261079788208,0.07834736257791519
1.5,2.4675109355971463,3.081176235174838,1.102887740953459,0.21538729689804648,24.727235794067383,33.48001480102539,-341.5694580078125,-2.0259506702423096,-1.4476209878921509,14.81541633605957,0.40156155587728204,0.7287689234453857,-0.5546568065584973,0.913621827292204,-0.36081989861570785,0.18736103505853244,-0.06358831289372943,-0.581983553876915,-0.8107105953915523,2.817260503768921,1.5699927806854248,0.08182549476623535
1.51,1.5221419455301202,0.34553432011785357,1.6779982977133339,2.8223505281708414,24.707195281982422,33.46549606323242,-341.4207763671875,-1.9822345972061157,-1.4562506675720215,14.921785354614258,0.41266008429431117,0.7123823614439475,-0.5676469201306013,0.9095614443035256,-0.35584657154290095,0.2146420195526673,-0.0490880216213343,-0.6048839464101425,-0.7947992057800481,2.889755964279175,2.1697678565979004,0.08492825925350189
1.52,3.0922768445000486,1.3919696024368233,3.8548975975678763,0.8984822742241534,24.687585830688477,33.45088577270508,-341.27105712890625,-1.9400227069854736,-1.4660687446594238,15.024896621704102,0.42651354771208594,0.6953699673941077,-0.5784002092533924,0.9039357421486759,-0.34991305904681835,0.24588823716196878,-0.031406491115261614,-0.6277112867830368,-0.7778124277491404,2.9169981479644775,2.30371356010437,0.08001052588224411
1.53,3.0922768445000486,1.3919696024368233,3.8548975975678763,0.8984822742241534,24.668415069580078,33.436161041259766,-341.1202392578125,-1.8910377025604248,-1.480790138244629,15.1360445022583,0.43998600637676905,0.6772894317426204,-0.5896535761295609,0.8978818615962101,-0.3426563903324487,0.27639602164441635,-0.0148484615077073,-0.6510496323738265,-0.7588899125543568,3.276887893676758,2.162602663040161,0.07514315098524094
1.54,3.1790143872518817,1.4396904641921073,0.03049979917352948,1.0847807700094176,24.649789810180664,33.42125701904297,-340.96826171875,-1.8343944549560547,-1.5012314319610596,15.25570297241211,0.453223444227427,0.6554014241512534,-0.604183318888512,0.8913967329775945,-0.3327683507910282,0.307696423685246,0.000611587687577797,-0.6780222694958684,-0.7350411063526803,3.9620516300201416,2.1120920181274414,0.07522078603506088
1.55,2.537811365534024,0.6095232608959456,2.954466520040154,1.8465113526203114,24.631704330444336,33.406150817871094,-340.8151550292969,-1.7856520414352417,-1.5198609828948975,15.364291191101074,0.46705203255952105,0.6291778640763153,-0.6212870626678026,0.8840884204762001,-0.31971418660360823,0.3408379434046199,0.01581340133930137,-0.7084617521368103,-0.705572024741148,4.389069080352783,2.333991289138794,0.06749553233385086
1.56,2.537811365534024,0.6095232608959456,2.954466520040154,1.8465113526203114,24.614072799682617,33.3908576965332,-340.6609802246094,-1.7388890981674194,-1.5396555662155151,15.46951675415039,0.48279350440497,0.6003569364897495,-0.6375593940277342,0.8751423125564658,-0.30399106163275985,0.37645101569886796,0.03219262147899704,-0.7397033075875968,-0.6721626677124217,4.720096111297607,2.443725347518921,0.055446963757276535
1.57,0.8521967988478109,1.2863835720774808,2.7046535634436095,3.139283507480499,24.596942901611328,33.37533950805664,-340.5057373046875,-1.6866915225982666,-1.564894437789917,15.579757690429688,0.4983224963978371,0.5681427817777994,-0.6548957696440036,0.8657044995353979,-0.28492101248066626,0.4115528351635531,0.047227206862086535,-0.7720322507258206,-0.6338263127791632,5.179954528808594,2.2575387954711914,0.045582495629787445
1.58,1.2944386377009858,2.972269705017426,3.7745402631926197,3.093393881130338,24.58034324645996,33.35955047607422,-340.349365234375,-1.6328288316726685,-1.5934603214263916,15.690564155578613,0.5124760378906275,0.5326066560286569,-0.6735714220050435,0.8566193705830942,-0.26249882289684845,0.44418196937695775,0.05976256796480445,-0.8046269433294793,-0.590765535164765,5.359865665435791,1.8889126777648926,0.03787239268422127
1.59,0.8328457984531836,2.648072018643044,2.5273214627322256,1.4357948670157898,24.564321517944336,33.34343338012695,-340.19189453125,-1.5679043531417847,-1.631420373916626,15.809473037719727,0.5240307994171343,0.4961083066910149,-0.6922920404673256,0.8489043260472185,-0.2384448798111762,0.4717048701361387,0.06894321199767944,-0.834877588227165,-0.546100948722336,5.255698204040527,1.4593547582626343,0.03739132359623909
1.6,0.8328457984531836,2.648072018643044,2.5273214627322256,1.4357948670157898,24.548978805541992,33.32691192626953,-340.033203125,-1.5042445659637451,-1.6701958179473877,15.925540924072266,0.5334620633190172,0.45951155094927143,-0.7101178504611836,0.8424465140351335,-0.2137043601409309,0.49458499516949245,0.075512237349111,-0.8620786396848898,-0.5011170731571428,5.12528657913208,1.2271454334259033,0.0434752032160759
1.61,2.3237478492730306,2.128762037623046,0.1562024648339401,3.24956752255296,24.53421401977539,33.31003952026367,-339.8734130859375,-1.4493578672409058,-1.7042315006256104,16.033605575561523,0.5421372146949915,0.42286746347213233,-0.7261338366853605,0.8364019095240054,-0.18852953532471795,0.5146731584752052,0.08074085822775512,-0.8863632001876495,-0.45589603109234755,5.007797718048096,1.1377787590026855,0.05163069814443588
1.62,0.4685831380267573,3.097394937727937,0.29350288447892264,0.7372807131673604,24.519996643066406,33.292816162109375,-339.7125244140625,-1.3936915397644043,-1.7399390935897827,16.140962600708008,0.5506907557150369,0.3867028011574195,-0.7397301096663609,0.8303492783975955,-0.16332893663066603,0.5327698699473231,0.08520426887541133,-0.9076258050739305,-0.4110421274386671,4.726004123687744,1.1734248399734497,0.04833861440420151
1.63,0.4685831380267573,3.097394937727937,0.29350288447892264,0.7372807131673604,24.506309509277344,33.27525329589844,-339.5506286621094,-1.347459077835083,-1.7698650360107422,16.242185592651367,0.5603413688741395,0.35287886182743644,-0.7493290727067974,0.8233855777235862,-0.13930172040954214,0.5501192789638791,0.08974263604915983,-0.92524134125444,-0.36861188221303065,4.276888370513916,1.4112087488174438,0.04446772485971451
1.64,1.1614472681609143,3.114334579895711,3.3586453043998086,2.406108646749657,24.493019104003906,33.2574348449707,-339.3877258300781,-1.3112587928771973,-1.7934530973434448,16.337993621826172,0.5723944542632586,0.32226284901950786,-0.7539968467245044,0.8144780449029525,-0.1171220726236804,0.5682498873518561,0.09481615421293016,-0.9393769617390896,-0.32951604005587737,3.7938802242279053,1.7577736377716064,0.04849321022629738
1.65,2.8638881487253314,0.9644322615410438,3.959038559835631,1.7491938787734713,24.48014259338379,33.23933410644531,-339.22381591796875,-1.2576274871826172,-1.8314272165298462,16.44091796875,0.58647510242816,0.29478132726298284,-0.754420919201578,0.8037612293961056,-0.09672741389107237,0.5870363647352747,0.10007417424860648,-0.9506564976367752,-0.29366202197328856,3.46433424949646,1.8427313566207886,0.05487872660160065
1.66,2.8638881487253314,0.9644322615410438,3.959038559835631,1.7491938787734713,24.46790885925293,33.22076416015625,-339.0588684082031,-1.1885658502578735,-1.8829675912857056,16.548675537109375,0.5998728697710862,0.2680497841643427,-0.7538579795439263,0.793257133705842,-0.07633023991647164,0.6040834497808111,0.10438227788946353,-0.9603764926755253,-0.25842084354568556,3.6713647842407227,1.646001935005188,0.057987652719020844
1.67,2.2640070863941926,2.1611637508356174,3.680198811272128,2.587096989560728,24.45637321472168,33.20166778564453,-338.8928527832031,-1.118898630142212,-1.936708927154541,16.654651641845703,0.6114743164400422,0.23786404742582007,-0.7546653929235062,0.783932426162083,-0.05257911971545365,0.6186157025016241,0.10746679275856852,-0.9698742862413432,-0.21862012108228213,4.261353969573975,1.3892031908035278,0.05675044655799866
1.68,2.067752094767673,0.18890695315863748,3.8421414096899604,2.082888949980852,24.445545196533203,33.1820182800293,-338.72576904296875,-1.0451481342315674,-1.9952192306518555,16.759258270263672,0.621104018544538,0.20345731742173306,-0.7568585852954157,0.7760554741152157,-0.024861471775690536,0.6301744268985804,0.10939698004805215,-0.9787681171803148,-0.173335724960746,4.682024002075195,1.1270127296447754,0.05636965110898018
1.69,0.19870619246064308,2.7798847544797773,1.137233893350675,0.8095106131130186,24.435449600219727,33.16177749633789,-338.55767822265625,-0.9763108491897583,-2.050666332244873,16.85977554321289,0.6284444084980566,0.16625081229575517,-0.7598804464114928,0.7699965859116806,0.005544909585726843,0.63802391151276,0.11028546192442484,-0.986067909116146,-0.12452789044799778,5.089861869812012,0.7407430410385132,0.055514223873615265
1.7,0.19870619246064308,2.7798847544797773,1.137233893350675,0.8095106131130186,24.42595672607422,33.141048431396484,-338.38861083984375,-0.9263394474983215,-2.0908114910125732,16.954309463500977,0.6331042889994722,0.12618530234282022,-0.763712137341763,0.7661639828599446,0.03846805177644702,0.6414927593985073,0.11032547583699454,-0.9912605502415476,-0.07232434525223902,5.193480014801025,0.5613880157470703,0.05945755913853645
1.71,1.8152918104966917,3.273929693014795,1.8150771289042047,1.7178711592480926,24.416893005371094,33.1199836730957,-338.2185974121094,-0.8879334330558777,-2.1214146614074707,17.045379638671875,0.6378106278452789,0.08711007039569091,-0.7652512258358486,0.7623019972635372,0.07046711323748017,0.6433739588450859,0.10996939563184505,-0.9937032864933243,-0.02145950690796089,4.899312973022461,0.6663410663604736,0.0686178132891655
1.72,3.106529543583015,3.5297737833378253,1.3447430847937427,3.6646231099750106,24.408241271972656,33.09858703613281,-338.0476989746094,-0.838152289390564,-2.1617484092712402,17.1343994140625,0.6435936734489427,0.05032886014036381,-0.7637108021584268,0.7575342752073497,0.10050567458220755,0.6450119621083403,0.10921998618646378,-0.9936627270929244,0.026558979718384446,4.6178998947143555,0.8470174670219421,0.07564209401607513
1.73,3.106529543583015,3.5297737833378253,1.3447430847937427,3.6646231099750106,24.40019989013672,33.076690673828125,-337.87591552734375,-0.7661329507827759,-2.2211902141571045,17.21927261352539,0.6509095816146159,0.015807812991443737,-0.7589906650352909,0.7514357792278711,0.1287981644293783,0.6471130523608877,0.10798604659162186,-0.9915448279770565,0.07195740304834308,4.286587715148926,1.071347951889038,0.073343425989151
1.74,4.136365659520315,1.9171865160543278,0.47209142828275963,3.575036867467637,24.3929500579834,33.05413055419922,-337.7033386230469,-0.6832568645477295,-2.2905664443969727,17.298603057861328,0.6598815770039673,-0.015450158874558695,-0.7512107539975101,0.7438280800645851,0.1547300195349791,0.6502141250097063,0.10618894310703902,-0.9878359750714972,0.11359575131295252,3.864894151687622,1.3050252199172974,0.06425990909337997
1.75,0.23381504342802417,4.1311791022202975,2.67364487748332,4.086284139228573,24.386518478393555,33.030887603759766,-337.5299987792969,-0.6050988435745239,-2.356954336166382,17.373796463012695,0.6705399329588654,-0.04340683444490695,-0.7406024878644362,0.7345873674622516,0.17841495176118893,0.6546369257481061,0.10371884048907903,-0.9829974321998632,0.15152046203756075,3.5726728439331055,1.565464973449707,0.047466941177845
1.76,0.23381504342802417,4.1311791022202975,2.67364487748332,4.086284139228573,24.38083839416504,33.006996154785156,-337.35589599609375,-0.5293552875518799,-2.422683000564575,17.444746017456055,0.6823052693962277,-0.0684711410925733,-0.7278538467244794,0.7241127959392584,0.20029711564528857,0.6599558502060632,0.10059909597591266,-0.9773396381512718,0.18624460686734073,3.0727415084838867,1.5469684600830078,0.03932641074061394
1.77,1.4370676884102973,1.9836161204799863,3.152973699163613,2.4133425112497195,24.375934600830078,32.982425689697266,-337.1811218261719,-0.45238757133483887,-2.491126537322998,17.51104164123535,0.6924226369495426,-0.08812778303239927,-0.7160896492043688,0.7148906068973269,0.2177589181760129,0.6644640499867422,0.09737716369772298,-0.972015713562598,0.21378292863926251,2.276827335357666,1.2504467964172363,0.04507894068956375
1.78,0.8458047493082121,3.1065741006167444,1.0671590095746508,1.015558116757877,24.371768951416016,32.957191467285156,-337.00567626953125,-0.38328027725219727,-2.5536646842956543,17.57621192932129,0.7001273183415864,-0.10269426314358471,-0.7065943860725299,0.7077410848273318,0.23074108370354035,0.6677283198567721,0.09446848659341822,-0.9675807152939295,0.23422908536737524,1.860248327255249,0.9323795437812805,0.05121379345655441
1.79,2.3442263942837913,2.9506056596896357,0.5985499215108042,3.153168708878727,24.368215560913086,32.93140411376953,-336.82958984375,-0.33102118968963623,-2.6012160778045654,17.64442253112793,0.7061877278523551,-0.11553353138459488,-0.6985348210050327,0.7020448940855462,0.24221430619980888,0.6696754412105611,0.09182515842154881,-0.9633193826545535,0.25215849635280463,1.6451618671417236,0.901116669178009,0.057792969048023224
1.8,2.3442263942837913,2.9506056596896357,0.5985499215108042,3.153168708878727,24.365150451660156,32.90516662597656,-336.6528015136719,-0.2794436812400818,-2.648831844329834,17.710777282714844,0.7130589483912622,-0.12607525829969235,-0.6896752608030923,0.695476345637509,0.2515840803648287,0.6730661952331878,0.08865432182270405,-0.9595887034306154,0.2670766396945026,1.2401726245880127,1.10529625415802,0.05781273916363716
1.81,3.2954753945119832,2.0127764616052297,1.0005735740024404,1.7774127550561774,24.36264419555664,32.8784065246582,-336.47540283203125,-0.22104178369045258,-2.704050302505493,17.772790908813477,0.7213019068737193,-0.1333019406425222,-0.6796720913508764,0.6874076478131645,0.2579487447861332,0.6789205924047603,0.08481913032039923,-0.956918511517149,0.27769169495592655,0.7511492371559143,1.324089765548706,0.050575949251651764
1.82,2.5354373307946325,2.64906387405639,2.1319426128965873,1.955543360237743,24.360719680786133,32.85108947753906,-336.2973937988281,-0.1655055433511734,-2.7577836513519287,17.83460235595703,0.7310589054273833,-0.1376532570252363,-0.668284712997133,0.6775757684392676,0.26169377643974795,0.6873190273785814,0.0802742475470935,-0.9552842237800472,0.28458407716824297,0.5306537747383118,1.612449049949646,0.04228677600622177
1.83,2.5354373307946325,2.64906387405639,2.1319426128965873,1.955543360237743,24.359338760375977,32.823238372802734,-336.11871337890625,-0.10997949540615082,-2.813293933868408,17.895273208618164,0.7426030717768286,-0.14146201925120078,-0.6546213981355876,0.6655360518460063,0.2651101941029035,0.6976950255490941,0.07484945878794669,-0.9537846099052416,0.29101971827877526,0.5349423885345459,1.8654990196228027,0.03814321756362915
1.84,1.8921571758755678,3.195175263814038,3.4615745301188494,0.871502401456211,24.35852813720703,32.7948112487793,-335.9394836425781,-0.052727796137332916,-2.8728134632110596,17.953964233398438,0.7551818082289254,-0.14523526327810388,-0.6392238690948815,0.6519013101399966,0.2686518782239681,0.7091197713817391,0.06873949634559606,-0.9522252289386549,0.2975600695907965,0.5436152219772339,2.035770893096924,0.03807949274778366
1.85,3.714290938868946,0.9806908764229545,3.5970310048188248,0.1518246439226317,24.35828971862793,32.76578140258789,-335.7596435546875,0.003919558133929968,-2.934237241744995,18.011566162109375,0.7684163924376259,-0.1491994695967499,-0.6223148448375573,0.6369387732311961,0.2725353393695326,0.7211334744341527,0.06201005553846478,-0.9505072367250984,0.30445154942179936,0.6462137699127197,2.170989513397217,0.04542446509003639
1.86,3.714290938868946,0.9806908764229545,3.5970310048188248,0.1518246439226317,24.358596801757812,32.73613357543945,-335.5792541503906,0.056660011410713196,-2.9939217567443848,18.069520950317383,0.7820247291726026,-0.1548767570090145,-0.6036973688040128,0.6208473755817994,0.2785090206381152,0.7327900529185629,0.05464301598292148,-0.9478638697416253,0.3139557695643155,1.2092682123184204,2.2961370944976807,0.05281387269496918
1.87,2.54437629858917,2.9787365251553815,3.1758930656144777,0.4279874364808379,24.359407424926758,32.705902099609375,-335.39825439453125,0.10525750368833542,-3.0514707565307617,18.127418518066406,0.7959569459364697,-0.1651407953944906,-0.5823925290660612,0.6035623492665867,0.2904438638515923,0.742532728234087,0.0465298910732293,-0.9425342856614993,0.33085357726535275,2.131403684616089,2.430738687515259,0.05439671128988266
1.88,2.7166050003418225,2.9916422539738603,1.6339452415702846,2.127889233491472,24.360698699951172,32.67509078979492,-335.2167053222656,0.1534700095653534,-3.1115174293518066,18.18211555480957,0.8102375662737882,-0.17993309203939287,-0.5577985017798743,0.5849096499735369,0.3089023466696959,0.7499733605867543,0.037360240451094484,-0.9339183168838153,0.3555288874653339,2.807882785797119,2.6340346336364746,0.05877075344324112
1.89,0.8259600889537244,0.5025755292499369,2.618883567129916,3.4942041685399556,24.362476348876953,32.64366149902344,-335.0346374511719,0.2019108384847641,-3.1752514839172363,18.231918334960938,0.8251650352904096,-0.19641707542762674,-0.5296442173899711,0.5642664466033608,0.33070154891982034,0.7564653744750305,0.026571446550639533,-0.9230692379353185,0.3837149204887879,2.9809839725494385,2.901916742324829,0.059961628168821335
1.9,0.8259600889537244,0.5025755292499369,2.618883567129916,3.4942041685399556,24.364717483520508,32.611602783203125,-334.85205078125,0.24389198422431946,-3.233597993850708,18.280914306640625,0.8399000203693479,-0.21208213362043105,-0.4995889554249318,0.5425453515310616,0.3528050265568158,0.7623471353447071,0.014577287662855876,-0.911345039946589,0.4113851247300322,2.9147520065307617,2.7171764373779297,0.05354859679937363
1.91,2.379949199791565,1.5728143931084373,1.2641340969872188,2.258026494624546,24.367338180541992,32.579002380371094,-334.66900634765625,0.27927103638648987,-3.285632371902466,18.329769134521484,0.8515685810146997,-0.22645618892019598,-0.47280920711038504,0.5242289988846962,0.3744828277398712,0.7648179969484887,0.003861160053610535,-0.8991552737028738,0.43761271144169234,2.8289763927459717,2.103555917739868,0.04541870206594467
1.92,2.249329589020165,2.5349255645311892,2.731731243901739,2.4816681625805677,24.370296478271484,32.54589080810547,-334.4854736328125,0.3122721016407013,-3.33666729927063,18.375669479370117,0.8601908168799198,-0.2397003325563279,-0.45012832517832285,0.509947767035033,0.39563302288462177,0.7638244471730138,-0.0050033440257328254,-0.8865767094705128,0.46255454248444905,2.7688848972320557,1.7889108657836914,0.036701180040836334
1.93,2.249329589020165,2.5349255645311892,2.731731243901739,2.4816681625805677,24.373598098754883,32.51224136352539,-334.3015441894531,0.34871187806129456,-3.3961069583892822,18.4127140045166,0.8678636401116353,-0.2520867771601203,-0.4280945677688587,0.4966141431781368,0.4164783020482914,0.7615249284944107,-0.01367826625077559,-0.8734976134506586,0.4866362340890543,2.7461116313934326,1.7400460243225098,0.03159429877996445
1.94,3.1228210784677337,1.8313431334780181,2.886359778459552,4.114424716158696,24.37727928161621,32.47794723510742,-334.1172790527344,0.38782763481140137,-3.463172197341919,18.440872192382812,0.8749212116869107,-0.2637916176416812,-0.40611187596805554,0.48374356020543047,0.4371610874517215,0.7582099653643466,-0.022473123950250196,-0.8598279863321581,0.5100890046059642,2.7376718521118164,1.6812946796417236,0.030593426898121834
1.95,0.05913839105703204,1.5797364884321958,3.246334302709577,3.534870746294724,24.381359100341797,32.44295883178711,-333.9327392578125,0.4289711117744446,-3.5374505519866943,18.459733963012695,0.8812265240590942,-0.27485882186082566,-0.38456786311391933,0.4716680413005254,0.4577183768798,0.7536731030640856,-0.03112992307175097,-0.8455450996320663,0.5329956963970222,2.7388265132904053,1.509711503982544,0.02441977709531784
1.96,0.05913839105703204,1.5797364884321958,3.246334302709577,3.534870746294724,24.38583755493164,32.40723419189453,-333.74810791015625,0.4649917483329773,-3.6050047874450684,18.478776931762695,0.8860575254553211,-0.28514675084684776,-0.3655042982859146,0.46198281140044634,0.4778478789319699,0.7471501097977282,-0.03839197252724541,-0.8308746807321206,0.5551336067684645,2.604349374771118,1.0214349031448364,0.020527705550193787
1.97,2.884095948142475,3.5006626980224818,1.666523577866799,3.0190280107563083,24.390634536743164,32.37089920043945,-333.56317138671875,0.4941593110561371,-3.6610395908355713,18.501707077026367,0.8884266884114457,-0.2942110807392806,-0.3523320298929649,0.45705744274855586,0.4961330515257766,0.7382076193130713,-0.04238529634700233,-0.8168793271676951,0.5752492081694952,2.338087797164917,0.320945143699646,0.023540295660495758
1.98,3.5788873047508027,3.329027880177749,3.6711792019396237,2.3989370298215977,24.395727157592773,32.33399200439453,-333.3780517578125,0.5258771181106567,-3.7233781814575195,18.51529312133789,0.8887543916915976,-0.3020668941842971,-0.3447770622978716,0.4563387147837954,0.512091342876867,0.7276794857215918,-0.04325053338828955,-0.8040634601748915,0.5929682481998583,2.0414202213287354,0.06168263778090477,0.024392440915107727
1.99,2.8061950514277125,3.1267259965239176,4.000445547348688,1.0121494731980414,24.401165008544922,32.29637908935547,-333.19281005859375,0.5636380910873413,-3.7987465858459473,18.513954162597656,0.8890806843639153,-0.3090284044400795,-0.33769362140883064,0.4556160958810549,0.5262629518077953,0.7179563209058413,-0.04415325429792655,-0.7921797465245906,0.6086885404959895,1.9977149963378906,0.17628276348114014,0.025260893628001213
2.0,2.8061950514277125,3.1267259965239176,4.000445547348688,1.0121494731980414,24.406993865966797,32.25800704956055,-333.007568359375,0.6005776524543762,-3.8728678226470947,18.509305953979492,0.8897845723209671,-0.3163551086928898,-0.3289420314637571,0.4540722410052614,0.5412591770566076,0.7077124438643589,-0.04584555385261804,-0.7790750595776466,0.6252521385297558,2.2874555587768555,0.30171751976013184,0.03304331749677658
2.01,2.041150941220648,1.8225507436021364,1.6916509607089116,3.982474403148858,24.413169860839844,32.218936920166016,-332.8226013183594,0.6339228749275208,-3.940109968185425,18.505678176879883,0.8908468030112878,-0.324745046704208,-0.31769895845855356,0.4517098445308967,0.5585350099693963,0.6956988277928602,-0.04847875739374005,-0.7632688237309109,0.644259662560051,2.6925766468048096,0.43327796459198,0.04506297409534454
2.02,3.2892536692292738,2.1270263052175906,2.6663412839319345,2.0960809180848985,24.419662475585938,32.179229736328125,-332.6376647949219,0.6635245084762573,-4.00027322769165,18.502817153930664,0.8920494041854321,-0.33382197241401607,-0.3046485700377266,0.4489716885041148,0.5774787589198536,0.6818670734961102,-0.051694133266549896,-0.7450376995360716,0.665016197438693,2.7512800693511963,0.378143846988678,0.046350788325071335
2.03,3.2892536692292738,2.1270263052175906,2.6663412839319345,2.0960809180848985,24.426433563232422,32.138946533203125,-332.4527282714844,0.6907491087913513,-4.056253433227539,18.497793197631836,0.8928726010274197,-0.3423298253564601,-0.29255565112632087,0.44703512850665844,0.5956330657073385,0.6673685974910061,-0.054204356057104774,-0.7266577885824198,0.6848579021059346,2.7664685249328613,0.3180179297924042,0.04119580239057541
2.04,2.1562621020207056,4.0906914221492,4.091088187336592,0.9953938074753358,24.433473587036133,32.098106384277344,-332.2677917480469,0.7172064185142517,-4.111437797546387,18.487239837646484,0.8937395198353569,-0.35092180554808183,-0.27943435199584965,0.4449592076216805,0.6144505315725677,0.6515073658853565,-0.05692955504087824,-0.7066147682019275,0.7053046115840902,3.005404472351074,0.3911312520503998,0.03797772899270058
2.05,3.993526746995883,3.798518271623473,1.8628890700403316,3.559170468606003,24.440776824951172,32.05671691894531,-332.0830078125,0.7436968088150024,-4.167923450469971,18.46811866760254,0.8948150156043947,-0.35977909232625493,-0.2643200570781636,0.4423297211067948,0.6343593500001464,0.6339815714143255,-0.06041941471491334,-0.6842128468483244,0.7267752572379026,3.231847047805786,0.5177611112594604,0.045639242976903915
2.06,3.993526746995883,3.798518271623473,1.8628890700403316,3.559170468606003,24.44835090637207,32.01473617553711,-331.8984680175781,0.7719070911407471,-4.230357646942139,18.434032440185547,0.8962309461711216,-0.3685615295922472,-0.24684507293004565,0.43874416845769215,0.6545064477090965,0.6157311625633288,-0.065373127274016,-0.660139158671748,0.7482931547318687,3.218324661254883,0.7628589272499084,0.049744825810194016
2.07,0.9534436401406836,0.34839051169456925,2.514622049937003,1.6581952614151954,24.456209182739258,31.972105026245117,-331.7143249511719,0.7999387979507446,-4.295279026031494,18.3883113861084,0.8982441439329343,-0.37637722627847514,-0.2269309177461539,0.43344415682981685,0.6732483430260483,0.5990516100660859,-0.07268851904034948,-0.6364564809565554,0.7678798910299179,3.0106027126312256,1.0899443626403809,0.04245228320360184
2.08,2.832862205680679,0.7147778936808412,0.1003877120584671,1.8400915719887967,24.464313507080078,31.928905487060547,-331.5306091308594,0.8177585005760193,-4.337055206298828,18.36452293395996,0.9005550864910078,-0.38315057240079803,-0.2054170758824938,0.42698234883366953,0.690644533954077,0.5836918720556578,-0.0817716942447444,-0.6133561498740324,0.7855619793702133,3.002394914627075,1.0675480365753174,0.037463970482349396
2.09,2.832862205680679,0.7147778936808412,0.1003877120584671,1.8400915719887967,24.4725399017334,31.885427474975586,-331.3468933105469,0.8268311619758606,-4.357547760009766,18.362306594848633,0.9023769863507871,-0.3894399839276078,-0.184532580925255,0.42145930977352297,0.7081492831424924,0.5664773984811747,-0.08993233406120846,-0.5889491418647611,0.8031507228329341,3.118217706680298,1.0197319984436035,0.028358710929751396
2.1,1.1965042140924196,2.9260764017712098,1.6327052009392853,1.8581496404540851,24.480844497680664,31.841768264770508,-331.1631774902344,0.8337011337280273,-4.373717784881592,18.359716415405273,0.904218280393621,-0.3950953148696516,-0.16213880957393811,0.4154232268130272,0.7256429421270464,0.548512409308537,-0.09905980025345824,-0.5633311749843557,0.8202713839117455,3.185936212539673,1.2114877700805664,0.01221606507897377
2.11,1.560965828313335,2.1843101991240297,1.2105906158457989,1.308687752206509,24.489215850830078,31.797943115234375,-330.9796447753906,0.8405666947364807,-4.393109321594238,18.345623016357422,0.9061390733468253,-0.39989839923720183,-0.1378160006736525,0.4084600016147901,0.7426476284465058,0.5306928744986371,-0.10987450493632417,-0.5371738733876622,0.8362845346619137,3.0686471462249756,1.369139313697815,0.00509729003533721
2.12,2.2559804406757085,3.8004372749491426,2.4566649471999127,3.3401509158824596,24.49765396118164,31.7539119720459,-330.7962341308594,0.8461743593215942,-4.41218900680542,18.32552146911621,0.9079133867669156,-0.40366631166711003,-0.11290168711981634,0.40101020537621207,0.7581041292332902,0.5142654415995335,-0.12200039882540352,-0.5121832075190541,0.8501671980392658,2.8790664672851562,1.5097908973693848,0.0054560271091759205
2.13,2.2559804406757085,3.8004372749491426,2.4566649471999127,3.3401509158824596,24.506145477294922,31.709667205810547,-330.6131896972656,0.8521184325218201,-4.4402947425842285,18.28398895263672,0.9094632994751691,-0.4064966503479202,-0.08738981727672548,0.3930891493140916,0.7721246091768903,0.49930402421266146,-0.13548958483685222,-0.48845067423369876,0.8620084171522818,2.6235098838806152,1.613895058631897,0.005575865041464567
2.14,2.0615292555169176,2.3141524065354897,1.4121396513292859,2.199842778781124,24.514698028564453,31.66507339477539,-330.4306640625,0.8577068448066711,-4.47816276550293,18.219682693481445,0.9106656052892608,-0.40838578701429196,-0.06252362999588194,0.385060072284227,0.7841419622453213,0.4866725015639606,-0.149722730657741,-0.4672712617000694,0.8713441753484182,2.2557966709136963,1.6604026556015015,0.006049631629139185
2.15,3.2380720095667463,3.3322012789085957,1.9451167896758363,2.1377985256348526,24.523290634155273,31.62013053894043,-330.248779296875,0.859795868396759,-4.5072431564331055,18.166011810302734,0.911495177530161,-0.40950277282387154,-0.03852298520131961,0.37696162028332086,0.794233573758715,0.476542723318522,-0.16454931835967565,-0.4488880811115624,0.8783069010678133,1.9785598516464233,1.7335765361785889,0.004493082407861948
2.16,3.2380720095667463,3.3322012789085957,1.9451167896758363,2.1377985256348526,24.531892776489258,31.574934005737305,-330.0673522949219,0.8593180179595947,-4.53317928314209,18.114126205444336,0.9119605820402098,-0.41003619336060626,-0.014078953768849115,0.3683707181274316,0.8032189598035908,0.4681263895982771,-0.18064028020118383,-0.43209908903674066,0.8835493570946994,1.8553831577301025,1.9564350843429565,0.0016981004737317562
2.17,0.9246263467898878,3.711148751626908,3.970899182864549,2.5778481606779278,24.54047203063965,31.529457092285156,-329.88653564453125,0.8566067218780518,-4.562368392944336,18.053133010864258,0.9119702685926421,-0.4100577586528869,0.012761809105111419,0.3585187120513312,0.8116974886885966,0.46109816738486453,-0.1994356094385334,-0.4159324721937404,0.887257356274201,1.7991383075714111,2.2937421798706055,-0.0008164002792909741
2.18,1.6406155849725885,1.3509130999032977,3.365492864452213,0.9113833257594932,24.549013137817383,31.483684539794922,-329.7063293457031,0.8510264754295349,-4.592367172241211,17.9882755279541,0.9113236087438292,-0.40959228839642364,0.041514303948222545,0.3476751796578929,0.8196988100115875,0.4552096553407446,-0.22047958997598022,-0.4004098127565913,0.8894159500774963,1.667522668838501,2.3441200256347656,0.004799799993634224
2.19,1.6406155849725885,1.3509130999032977,3.365492864452213,0.9113833257594932,24.557485580444336,31.43763542175293,-329.5267333984375,0.8433728218078613,-4.614543437957764,17.93710708618164,0.9100420320539985,-0.40875685012238283,0.06885736978027313,0.33757228155598806,0.8272231011086486,0.4491624380079834,-0.24055863031725577,-0.3855123583884421,0.8907927743923765,1.7746502161026,2.158720016479492,0.014389639720320702
2.2,0.6090980421947161,1.0189954721672385,4.03625700283082,2.9903063530727687,24.56587791442871,31.391416549682617,-329.3475341796875,0.8345216512680054,-4.628581523895264,17.900169372558594,0.908272685593583,-0.40729669891313547,0.09565629963093734,0.3285272554050809,0.835889195223013,0.4397261599739424,-0.25905708069965155,-0.3679655586653281,0.8930233908333465,2.164712905883789,1.9748954772949219,0.021304747089743614
2.21,0.7028897536852509,0.2494925668535241,2.7481049686493653,3.3321326871404637,24.574169158935547,31.345060348510742,-329.16876220703125,0.8232831358909607,-4.643360137939453,17.858728408813477,0.9062400638815118,-0.4049813517076787,0.12132209767826457,0.320977560896184,0.8458770522821111,0.4259875794241691,-0.27514060408665497,-0.34710534019451167,0.8965576003756158,2.4328773021698,1.5085433721542358,0.026426546275615692
2.22,3.1355730222728475,0.9266525842356778,3.727826341504767,3.463893062794281,24.582338333129883,31.29855728149414,-328.9903869628906,0.8104746341705322,-4.655902862548828,17.817691802978516,0.9046150137793476,-0.4019506748165911,0.14180032390470043,0.3163663297576923,0.8561404132985401,0.4085779461897722,-0.2856291690997928,-0.32474489639021625,0.9016411315084677,2.498170852661133,0.7980387210845947,0.026094578206539154
2.23,3.1355730222728475,0.9266525842356778,3.727826341504767,3.463893062794281,24.590370178222656,31.251928329467773,-328.81243896484375,0.7942525744438171,-4.6719160079956055,17.76290512084961,0.9038107210437927,-0.398330939521731,0.1563925930024647,0.3146464842398175,0.8662767827394204,0.38802335708325764,-0.2900409806938008,-0.30149129059787794,0.9082836733156686,2.6882171630859375,0.20582517981529236,0.020264025777578354
2.24,2.1820181369642753,3.472189411691803,1.7218224118900742,1.9724463012084639,24.598217010498047,31.20511245727539,-328.6351623535156,0.7741413116455078,-4.692080020904541,17.690372467041016,0.9037994982015193,-0.3938293706439319,0.16746609767020554,0.3148974675042095,0.8769906480121575,0.36294212797449066,-0.28980347135622386,-0.2752922630903759,0.9166395790453639,3.0530145168304443,-0.2613069415092468,0.012876930646598339
2.25,3.381774288910793,0.2604841558138778,0.9261478151302386,2.2711578330713893,24.60585594177246,31.158111572265625,-328.4585876464844,0.7540481686592102,-4.706604480743408,17.620981216430664,0.9043910868446564,-0.3885228165373501,0.17642784096005287,0.3162815644552178,0.8879130874143437,0.33403041954901025,-0.28643102838502155,-0.2462932606228041,0.9259032863912334,3.1352453231811523,-0.36094045639038086,0.011499627493321896
2.26,3.381774288910793,0.2604841558138778,0.9261478151302386,2.2711578330713893,24.613306045532227,31.111013412475586,-328.28265380859375,0.7365334033966064,-4.711323261260986,17.566661834716797,0.9048781429953675,-0.38294740324639587,0.18586778278146282,0.3172991953255171,0.8978786887352177,0.30518040723628537,-0.28375476555475526,-0.21717538226504385,0.9339797033999173,3.1893150806427,-0.23717555403709412,0.0047139329835772514
2.27,2.8443053066307886,1.2614155602336798,3.948136366441188,1.16708469622472,24.62059211730957,31.063905715942383,-328.10723876953125,0.720437228679657,-4.7095465660095215,17.52068519592285,0.9052709780858044,-0.37659175486542285,0.19662936302331013,0.317852851930877,0.9074837156036842,0.27466865571728405,-0.28187589601627777,-0.18615035880038788,0.9412194341191154,3.439850091934204,-0.16520214080810547,-0.011304136365652084
2.28,3.918111233232642,3.4003059438267385,1.467223378073524,1.538386529808505,24.627710342407227,31.01682472229004,-327.9322814941406,0.7016779184341431,-4.707447052001953,17.463302612304688,0.9056693721011604,-0.36905655554661937,0.20871091788872786,0.3181328758301481,0.9169315340004877,0.2408900896084197,-0.28027568883856085,-0.1517689716759588,0.94784583001799,3.915604591369629,-0.20110230147838593,-0.01773739419877529
2.29,3.918111233232642,3.4003059438267385,1.467223378073524,1.538386529808505,24.63461685180664,30.969758987426758,-327.7580261230469,0.6787713766098022,-4.705469608306885,17.389060974121094,0.9060329093590775,-0.35997542258179904,0.22253553041117113,0.31829338938389395,0.9261627638872358,0.20226678685159727,-0.2789151939798886,-0.1124287771249508,0.9537117408532568,4.279333114624023,0.03520337492227554,-0.017655225470662117
2.3,1.4938227150001402,0.4062853119796506,2.0376462552301295,0.9839404460109136,24.641279220581055,30.9227237701416,-327.58453369140625,0.6531403660774231,-4.700519561767578,17.306686401367188,0.9053778418221908,-0.34976448387508846,0.24074004518771905,0.31757331658759663,0.934143701860735,0.1628580144342805,-0.28184774636130433,-0.07099542304624423,0.9568288759112251,4.390908241271973,0.5986562371253967,-0.02036006934940815
2.31,1.2138749607261652,3.573641000400254,1.4508890096075455,3.7614292398914557,24.6476993560791,30.875774383544922,-327.4118347167969,0.6316832900047302,-4.687814235687256,17.24573516845703,0.903494811091867,-0.3382983872689639,0.26315646961701256,0.3162618367763904,0.9406149292614902,0.12337749166369713,-0.28926731050862853,-0.028244575083013652,0.9568315771594731,4.597102165222168,0.8333580493927002,-0.02341516688466072
2.32,3.9796753690917335,1.7094114413665813,3.9499332838951715,0.8514082451178642,24.653911590576172,30.828977584838867,-327.2396545410156,0.6083323955535889,-4.671566486358643,17.1832218170166,0.9013676131002675,-0.3255061526722273,0.2856259277909679,0.3152002427462444,0.9454133696073808,0.08271860455983732,-0.29695998556478137,0.015469490623248906,0.9547646106937678,4.398096084594727,0.7745801210403442,-0.025511600077152252
2.33,3.9796753690917335,1.7094114413665813,3.9499332838951715,0.8514082451178642,24.65984535217285,30.782352447509766,-327.0682373046875,0.577453076839447,-4.65375280380249,17.100412368774414,0.8991578599292338,-0.31244131319935187,0.30642383839013754,0.31446504634245487,0.9482436009291316,0.04411131290034147,-0.3043466404551205,0.05669655283364765,0.95087255893756,4.498980522155762,0.8033350706100464,-0.025640225037932396
2.34,0.5762620750704301,1.3240294407481752,3.3545986275457778,3.881057234229293,24.665451049804688,30.73592185974121,-326.8976745605469,0.543262779712677,-4.6322784423828125,17.01343536376953,0.8965106106491313,-0.2967825658331585,0.32892071021905694,0.31403323448038506,0.9494117222820966,0.0007136071263816393,-0.3124929641372896,0.10265227815703992,0.9443572719865403,5.248039245605469,0.9156858921051025,-0.024744445458054543
2.35,3.7944731325746006,3.1122141422635377,0.6977131831098553,3.5950777334751653,24.67070960998535,30.689725875854492,-326.72796630859375,0.5088505744934082,-4.606431484222412,16.93256187438965,0.8937472260094353,-0.2778277797335337,0.3521755539624728,0.3139824282255407,0.9481729480213842,-0.048816958180848614,-0.32036062611693195,0.1542069565511642,0.9346599829805462,5.579222679138184,0.6111571788787842,-0.025092152878642082
2.36,3.7944731325746006,3.1122141422635377,0.6977131831098553,3.5950777334751653,24.67561149597168,30.643810272216797,-326.5590515136719,0.4711514413356781,-4.575605392456055,16.849422454833984,0.8921791368438075,-0.25767473088043874,0.3709718599116817,0.3140523463817046,0.9441808446348244,-0.09946686059595627,-0.3246344274915782,0.20524684087791223,0.9233018048270307,5.378702640533447,0.4573274254798889,-0.03270367160439491
2.37,0.4391114086405694,2.455141262150491,2.301819302916519,0.4839802867997823,24.68011474609375,30.598230361938477,-326.3909912109375,0.42886993288993835,-4.539318561553955,16.760852813720703,0.8900111758543046,-0.23750100717390268,0.38919580990270153,0.3144238054840106,0.9378795401550418,-0.14669573512382758,-0.33017840238178975,0.2529332713384084,0.9093992428249871,5.047654628753662,0.7562684416770935,-0.047497089952230453
2.38,2.6665380926615607,1.3197974377564161,0.15439059945536412,2.1115476690412174,24.68421745300293,30.553024291992188,-326.2237243652344,0.3945498764514923,-4.502697944641113,16.697139739990234,0.8866251272187425,-0.21741499178140583,0.408199222357221,0.31543437158403315,0.9297449301030464,-0.18993557373769548,-0.3382263162554547,0.29716171741389014,0.8929153782391098,4.853139400482178,0.9453471899032593,-0.049664419144392014
2.39,2.6665380926615607,1.3197974377564161,0.15439059945536412,2.1115476690412174,24.688026428222656,30.5081729888916,-326.0569763183594,0.36741554737091064,-4.467180252075195,16.654949188232422,0.8825266069616534,-0.19688419497548004,0.4270636975599876,0.3171026306224751,0.9197621606565396,-0.23126497676198174,-0.3472646104299392,0.3395205171904505,0.874147075010648,4.768002033233643,1.0938581228256226,-0.052725713700056076
2.4,2.6202122923094526,0.2401374576329318,2.15486176487255,0.9873985825469171,24.69156265258789,30.463685989379883,-325.8905944824219,0.33965080976486206,-4.4300217628479,16.616579055786133,0.8773632860070458,-0.1757446410608742,0.4464834661051888,0.3195959320243922,0.9081006691251762,-0.27057644939622433,-0.35789957334478456,0.3800881422417594,0.8529014594470039,4.673334121704102,1.3239716291427612,-0.06715955585241318
2.41,1.1747869237970823,3.969171417562478,4.142050416570315,0.04369476781949839,24.69481658935547,30.41956901550293,-325.724609375,0.31146240234375,-4.391674995422363,16.582969665527344,0.871101892925685,-0.15349261864317773,0.4664992048903714,0.3229803690367985,0.894627997199569,-0.308746543047111,-0.3699529339769347,0.41961978343346507,0.828887244438657,4.895542621612549,1.4270248413085938,-0.07958818972110748
2.42,4.0176533633559295,1.3640584104946365,1.2171306243074544,2.3236519395700697,24.69776725769043,30.375865936279297,-325.5589904785156,0.2755137085914612,-4.3472771644592285,16.54206657409668,0.864319575955188,-0.12855641604074858,0.48623545583945443,0.32703891235914195,0.8781404085086912,-0.34916324655830916,-0.3820958262315797,0.4608065438326013,0.8010368959901033,5.241480350494385,1.4884154796600342,-0.07330575585365295
2.43,4.0176533633559295,1.3640584104946365,1.2171306243074544,2.3236519395700697,24.700307846069336,30.332645416259766,-325.3937683105469,0.2324080467224121,-4.296668529510498,16.497041702270508,0.8566146803011843,-0.10133836256590398,0.5059069338968989,0.3322386217735568,0.8585229213775644,-0.39058403919174656,-0.3947515518582636,0.5026618443265748,0.769091855738766,5.487524032592773,1.6725860834121704,-0.0730837807059288
2.44,2.193060343967461,1.992981852237235,3.369020067095896,0.40779844658410414,24.702409744262695,30.289941787719727,-325.22900390625,0.1877567619085312,-4.243678092956543,16.458744049072266,0.8474180206928463,-0.07169136011572494,0.526063729114426,0.33894300942183586,0.8357062869332563,-0.43210257849762845,-0.4086567441864726,0.5444771353004525,0.7324918529007163,5.734612464904785,1.92108952999115,-0.09067728370428085
2.45,1.4144663666855004,1.1708362445545377,2.1770154451038675,3.95602030185392,24.70406723022461,30.247774124145508,-325.0645446777344,0.14396969974040985,-4.1905035972595215,16.431434631347656,0.8366582986730993,-0.03923215587024556,0.5463183405370975,0.34728143798014466,0.8093081241346872,-0.47372561999963314,-0.42355459399689926,0.5860726901634017,0.6907389577465248,6.1058030128479,2.078892707824707,-0.09906211495399475
2.46,1.4144663666855004,1.1708362445545377,2.1770154451038675,3.95602030185392,24.705286026000977,30.20613670349121,-324.9003601074219,0.0991087406873703,-4.1356635093688965,16.413175582885742,0.8254388604048077,-0.0037920016224595177,0.5644787936294046,0.356483602867439,0.7788496850078832,-0.5160548508150771,-0.4376872497803227,0.6271991620584458,0.6442445828200041,6.232603073120117,1.8733540773391724,-0.10575269162654877
2.47,1.8640445374163361,2.997482560553794,2.709628591344287,3.3531724182025355,24.706039428710938,30.16506576538086,-324.7362060546875,0.05160272493958473,-4.07757043838501,16.402244567871094,0.8160331710366419,0.03223230097658633,0.5771056597726603,0.36443932600449747,0.7462794316981489,-0.5570017840955948,-0.44863553295439096,0.6648519298295243,0.5972420530845822,6.041431903839111,1.4016653299331665,-0.11815986037254333
2.48,2.7468176777183646,1.7341101123665752,3.280851333842462,1.0977635167134265,24.7062931060791,30.124608993530273,-324.57232666015625,-0.0027391775511205196,-4.011510372161865,16.394140243530273,0.8089889066677798,0.06760765001776786,0.5839230724569336,0.37046781025255365,0.7126112712860536,-0.5957673854809044,-0.45638859588638747,0.6982939078175819,0.5514481551784376,5.7873005867004395,1.054337501525879,-0.12510305643081665
2.49,2.7468176777183646,1.7341101123665752,3.280851333842462,1.0977635167134265,24.705984115600586,30.0848388671875,-324.408447265625,-0.05740237981081009,-3.9433960914611816,16.394948959350586,0.8031451626632161,0.10245354660670236,0.5869081005390744,0.37560640520559024,0.6776017714526272,-0.6322781568999482,-0.46246910822152215,0.7282575850013303,0.5057303766126968,5.890127182006836,0.9418182969093323,-0.12555716931819916
2.5,1.9089768720619003,2.868645642256577,0.5809738338627878,2.708298087630912,24.705158233642578,30.045732498168945,-324.2444763183594,-0.10772571712732315,-3.8779714107513428,16.40853500366211,0.7975067839444036,0.13931694168899394,0.5870040198508697,0.38086352491783954,0.6383267862198736,-0.6689408713641037,-0.4678951858587701,0.7570533031118968,0.45600920089133484,6.343013763427734,0.9324632883071899,-0.1241912990808487
2.51,2.72632435390535,1.1931490926942823,3.8751048013983067,3.2863399795836803,24.703842163085938,30.00727653503418,-324.0802917480469,-0.15513958036899567,-3.81390118598938,16.433366775512695,0.7916465656553504,0.1779900697864565,0.5844786139316827,0.386737041054086,0.5946112729440576,-0.7048914066468517,-0.473001243299443,0.7840643909432818,0.401886619199895,6.363942623138428,1.0324106216430664,-0.1273316740989685
2.52,0.321716572796458,0.6753274743426372,2.0569537201265096,3.78191379993682,24.70203399658203,29.969484329223633,-323.9158020019531,-0.20828907191753387,-3.74076771736145,16.463537216186523,0.7854689401726191,0.21572185296670487,0.5800884640955324,0.3933114856890141,0.5496937485410847,-0.7369822643998641,-0.4778541819940503,0.8070321337886505,0.3469214836001582,6.343608379364014,0.897058367729187,-0.13431905210018158
2.53,0.321716572796458,0.6753274743426372,2.0569537201265096,3.78191379993682,24.699691772460938,29.932443618774414,-323.7509460449219,-0.2567620575428009,-3.6714043617248535,16.50535774230957,0.7813720623800349,0.25348665257364245,0.5702650410984179,0.39749956609832926,0.5022871571173534,-0.7679203778690908,-0.4810943723258575,0.8267116357968942,0.2917123174540503,6.31067419052124,0.3610551655292511,-0.14118985831737518
2.54,0.47133090366672953,0.2799148399354719,1.307053364099016,1.3366480612406608,24.69692611694336,29.89602279663086,-323.58563232421875,-0.294902503490448,-3.613147020339966,16.56034278869629,0.7808286371831908,0.2893404321906737,0.5537045725423939,0.39699198961181087,0.45454837150411687,-0.7973601056906543,-0.4823940293356634,0.8424178845814407,0.2400585516048815,6.021496772766113,-0.31768599152565,-0.14674556255340576
2.55,2.8832387877362473,2.799216745964334,1.4751930697200721,1.1247856303018522,24.69382667541504,29.86013412475586,-323.4197082519531,-0.32191202044487,-3.568387508392334,16.62590789794922,0.7836131914871584,0.32261560869554645,0.5309138679233311,0.3914895550080087,0.40712252710960006,-0.825219471558642,-0.48237567771078743,0.8545000976862992,0.19272594170781354,5.867232799530029,-0.8128582239151001,-0.14819850027561188
2.56,2.8832387877362473,2.799216745964334,1.4751930697200721,1.1247856303018522,24.69047737121582,29.82468032836914,-323.2530822753906,-0.3515065014362335,-3.516486167907715,16.69534683227539,0.7875543442059048,0.3541635672678648,0.5043077656972059,0.38374002176319943,0.35847913353481,-0.8510207438819053,-0.48218435335417775,0.8637481568375314,0.14641506391140552,5.887788772583008,-0.7793960571289062,-0.14580103754997253
2.57,0.7246578079625938,1.3335776703922502,1.7955813159203073,3.580746786839088,24.686777114868164,29.78985595703125,-323.0857849121094,-0.38900575041770935,-3.4476630687713623,16.767274856567383,0.7899724646010298,0.3843522960234881,0.47772043886947907,0.37809642540582333,0.3079952550881566,-0.8730303636979185,-0.48268685321594723,0.8702943383618292,0.0979855415244123,5.949513912200928,-0.4018283784389496,-0.142981618642807
2.58,3.490947586777207,0.1785218395886137,2.245809384948045,0.9056673852716354,24.682706832885742,29.755727767944336,-322.9176940917969,-0.4239397346973419,-3.3789494037628174,16.84525489807129,0.7909739452533271,0.4129522564250263,0.4514760811425851,0.37470819805280686,0.25638648846056517,-0.8909880666130603,-0.4836878996237194,0.8739201350514474,0.048058436400437554,5.800852298736572,-0.41726821660995483,-0.14365053176879883
2.59,3.490947586777207,0.1785218395886137,2.245809384948045,0.9056673852716354,24.678314208984375,29.72226333618164,-322.74884033203125,-0.45417317748069763,-3.3148539066314697,16.928987503051758,0.7926567501102999,0.43951604063443817,0.4225173683170954,0.3696298528512282,0.20468205810230888,-0.9063548019248212,-0.4848391984831224,0.8746032844187298,-0.0002156344441980873,5.990749835968018,-0.571494460105896,-0.14787106215953827
2.6,1.702674447296661,3.5258465336650024,3.8588854669554373,1.0578550947599377,24.673635482788086,29.689424514770508,-322.5791320800781,-0.4810658395290375,-3.252875328063965,17.01752281188965,0.7942473398493454,0.4663355975557884,0.38948976057725065,0.36425823719220335,0.14760782586728682,-0.9195258921750714,-0.4862993931518595,0.8722058473749291,-0.05262945966960636,6.653536796569824,-0.5372492671012878,-0.15360040962696075
2.61,1.0557798396064009,0.20513732219829992,3.8536878831956263,0.23677155147686502,24.668682098388672,29.65725326538086,-322.4084777832031,-0.5112580060958862,-3.1765689849853516,17.111900329589844,0.7954213237932497,0.4932222797301963,0.3521884444906479,0.3593383640326778,0.08414209825397367,-0.9294062876028638,-0.48803776266730925,0.8658243991013227,-0.1103052679227991,7.1009440422058105,-0.4918050467967987,-0.14687296748161316
2.62,1.5828132794773309,3.7779343266466676,2.387660708606571,4.077969830623302,24.663434982299805,29.62586212158203,-322.23687744140625,-0.5358847975730896,-3.107149124145508,17.210195541381836,0.7965243543944884,0.5185338267848448,0.3109206061622618,0.3541734864904094,0.01661024726267235,-0.9350322139654339,-0.4900103002220174,0.854895765673066,-0.17042046681836953,7.563124179840088,-0.6719334721565247,-0.13177374005317688
2.63,1.5828132794773309,3.7779343266466676,2.387660708606571,4.077969830623302,24.6579647064209,29.59514808654785,-322.0643005371094,-0.5603669881820679,-3.026827812194824,17.31534767150879,0.7981986399367764,0.541628857137787,0.26366097989405984,0.3465398153087729,-0.05484837738803133,-0.9364303561416952,-0.49273632665842954,0.8388264639444295,-0.23147586435229606,7.5989837646484375,-0.9351385831832886,-0.12151377648115158
2.64,0.23337235860640013,2.545799983450118,0.8409353474510853,0.7783073568694432,24.652223587036133,29.56539535522461,-321.89056396484375,-0.5872105956077576,-2.922879219055176,17.43058967590332,0.7999988146609505,0.5601803883417349,0.214941454955477,0.33703717751895507,-0.12318057490446638,-0.933398353831986,-0.4963948403349199,0.8191608379820828,-0.2873459309009981,7.070704936981201,-1.1151227951049805,-0.11482947319746017
2.65,2.105119235990935,1.9959531246912,2.852922900507517,1.8372707264366908,24.646257400512695,29.53659439086914,-321.7156982421875,-0.6028192639350891,-2.8477978706359863,17.54049301147461,0.8015611702483976,0.5740854683575214,0.16710944129744676,0.32653827561541315,-0.18618470394214864,-0.9266649937146041,-0.5008716850732651,0.7973463055904253,-0.33669930806755194,6.58917236328125,-1.1265103816986084,-0.10496717691421509
2.66,2.105119235990935,1.9959531246912,2.852922900507517,1.8372707264366908,24.640182495117188,29.50841522216797,-321.5397644042969,-0.6125586032867432,-2.7833592891693115,17.648670196533203,0.8025712884232802,0.5842204275453565,0.12068893502437147,0.3165888907722515,-0.24564251079873156,-0.9162047975906319,-0.5056192255424942,0.7735284409297541,-0.38210332350634235,6.471627712249756,-1.110843300819397,-0.09502031654119492
2.67,1.3937519888560783,1.8753655384636285,0.09869539755503562,1.9670707811744303,24.634014129638672,29.480968475341797,-321.36273193359375,-0.6207014918327332,-2.706172466278076,17.76299476623535,0.8031453528482491,0.591285674022057,0.07306705067636929,0.3064168766715206,-0.3047701253976873,-0.9017892593926522,-0.5109464158687597,0.7466568303855257,-0.4259546193545844,6.608661651611328,-1.186233401298523,-0.08708974719047546
2.68,2.6941173908810705,1.4209782420155719,3.5095576680588336,0.40564943809051834,24.627784729003906,29.45424461364746,-321.1845703125,-0.6241273283958435,-2.6423239707946777,17.87164878845215,0.8032227308885254,0.5951820592978488,0.024322024462450353,0.2960879099492415,-0.3634871509108486,-0.8832944246991511,-0.5168802512825093,0.7166836173742822,-0.4681873539742869,6.515122890472412,-1.150592565536499,-0.08365729451179504
2.69,2.6941173908810705,1.4209782420155719,3.5095576680588336,0.40564943809051834,24.62154769897461,29.42811393737793,-321.00531005859375,-0.6239270567893982,-2.5813210010528564,17.97894287109375,0.8027429817665352,0.5958654047217152,-0.02341206271131177,0.28678988648545367,-0.4201865671204219,-0.8609267157088434,-0.5228338801514612,0.6843885360432198,-0.5081899895692417,6.694190979003906,-1.0708786249160767,-0.07851947844028473
2.7,0.10472572463403343,1.378119366091674,3.4985791885413193,1.3001870780708629,24.615324020385742,29.402639389038086,-320.8249816894531,-0.6201238632202148,-2.5133018493652344,18.089921951293945,0.8017994792834044,0.5930597035742554,-0.07346960607814487,0.2781889983268888,-0.47922768347259986,-0.8324372100064772,-0.5288936341370953,0.6470092853969731,-0.5492271919518865,7.317886829376221,-1.0394833087921143,-0.06813515722751617
2.71,3.660324619665231,0.6984877622755056,3.877085071676002,0.8896567265194757,24.609155654907227,29.377824783325195,-320.6435546875,-0.6130089163780212,-2.45257306098938,18.19559669494629,0.800319866632921,0.58596809725689,-0.12700196876349223,0.26947537871776306,-0.5407588839930848,-0.7968455619801564,-0.5356035206545803,0.6035074302605503,-0.5906840528427404,7.739316940307617,-1.2565594911575317,-0.0533718504011631
2.72,3.660324619665231,0.6984877622755056,3.877085071676002,0.8896567265194757,24.60308074951172,29.353599548339844,-320.4610900878906,-0.6009781956672668,-2.389432430267334,18.302650451660156,0.7978582351942725,0.5739307998544775,-0.1844604930902032,0.25883887530526317,-0.6024827684446676,-0.7549946690924085,-0.5444489628637267,0.5546331676934302,-0.629251441103605,8.308229446411133,-1.4982450008392334,-0.04073977842926979
2.73,0.015717457885314777,2.743949506115563,2.9482584766602833,0.28232651617680216,24.597158432006836,29.330049514770508,-320.27752685546875,-0.5822612047195435,-2.3207321166992188,18.414134979248047,0.7943241411229769,0.5553722931475474,-0.24619255641322627,0.24779015941683014,-0.6662121546391921,-0.7033927792543699,-0.5546613342621125,0.49771777245246085,-0.6668041865941856,9.201443672180176,-1.5847198963165283,-0.03259448707103729
2.74,0.23728306350509906,0.9631557872666178,1.539807648714373,3.932175011831221,24.591442108154297,29.30714225769043,-320.09283447265625,-0.5616274476051331,-2.264857292175293,18.51392936706543,0.7896774148695207,0.5290567088495483,-0.31065829985093757,0.23707375501301242,-0.7301540397213091,-0.6408362606490701,-0.5658671355795641,0.43240499199238797,-0.7020116151254492,9.679889678955078,-1.653226375579834,-0.01390404999256134
2.75,0.7487942429855974,2.0870158593950108,1.176830962792234,2.4128243681039088,24.5859317779541,29.28472328186035,-319.9072570800781,-0.5393615961074829,-2.219536066055298,18.60310173034668,0.7835575275016603,0.4960795927867131,-0.3740890785843045,0.22635892826477855,-0.7886332707880016,-0.5716810297718824,-0.5786183860631339,0.3632665713037575,-0.7302315807214218,9.503636360168457,-1.982702612876892,0.0015606472734361887
2.76,0.7487942429855974,2.0870158593950108,1.176830962792234,2.4128243681039088,24.58066749572754,29.262739181518555,-319.7207946777344,-0.5131235122680664,-2.17814040184021,18.688629150390625,0.7747338098235786,0.4583892293949914,-0.4355075639881687,0.214632182726597,-0.8385399360494522,-0.5007831884041207,-0.5947441046822235,0.29449972839519967,-0.7480303201882218,9.093557357788086,-2.3122470378875732,0.010816375724971294
2.77,3.9430217450036054,2.803355909991045,2.1465498026719794,3.6966213962694994,24.575681686401367,29.241146087646484,-319.5334777832031,-0.4835001230239868,-2.1413381099700928,18.77050018310547,0.7637152929489247,0.41698887796962886,-0.4928074948350197,0.20340183374034487,-0.8799386885973429,-0.42934321741545334,-0.6126717272300094,0.22765803293364828,-0.7568389357675639,8.68436336517334,-2.449573278427124,0.02221071720123291
2.78,0.18083834810743488,1.3964465610908157,2.407634216599733,2.2723446642751317,24.57105827331543,29.21993637084961,-319.3453369140625,-0.43583306670188904,-2.0975801944732666,18.871408462524414,0.7510047872625581,0.37246368980745104,-0.545217946589929,0.1934563954125688,-0.9135989286876688,-0.35764734107038976,-0.631321180210751,0.16311896663405748,-0.7581726519345983,8.441216468811035,-2.445330858230591,0.028405334800481796
2.79,0.18083834810743488,1.3964465610908157,2.407634216599733,2.2723446642751317,24.566967010498047,29.19916534423828,-319.1560974121094,-0.3857579529285431,-2.0605878829956055,18.968076705932617,0.7369670868957345,0.324547072859625,-0.5929154326973319,0.18519530619695773,-0.9405710280240889,-0.28465565127768727,-0.6500632364586004,0.0999766909832412,-0.7532744850750035,8.300773620605469,-2.607001781463623,0.03724049776792526
2.8,1.125382252109177,2.010717505804536,0.4366466342879305,1.949157700334706,24.563310623168945,29.178686141967773,-318.9660339355469,-0.345806747674942,-2.036447525024414,19.045761108398438,0.7198383785449098,0.27363156808326705,-0.6379329696152471,0.17783899189084013,-0.9610502006211841,-0.21155567789409901,-0.6709739203106817,0.03883653993695192,-0.7404631803328514,8.134499549865723,-3.0087780952453613,0.0537332221865654
2.81,2.218216423650344,1.2553731851064704,3.2768658198152782,0.6174514521059397,24.560049057006836,29.158418655395508,-318.7752380371094,-0.3075230121612549,-2.01839542388916,19.11829376220703,0.6993076169948031,0.22034998287982294,-0.6800108395150123,0.17175180612221858,-0.9752295446811519,-0.13938670049452162,-0.693880518466116,-0.019318908505797185,-0.7198309564525127,7.864331245422363,-3.1774330139160156,0.06850699335336685
2.82,2.218216423650344,1.2553731851064704,3.2768658198152782,0.6174514521059397,24.55718421936035,29.138307571411133,-318.5836486816406,-0.26361584663391113,-2.004272937774658,19.19487762451172,0.6772721419216922,0.1650367920302163,-0.7169834747420463,0.1677151965939583,-0.9834905196814746,-0.06795594549495369,-0.7163616814209519,-0.07422435565930059,-0.6937699088449342,7.961175918579102,-3.1837728023529053,0.08421730250120163
2.83,1.4372437247524963,2.211435442700538,1.6285594589833206,0.9130475351682088,24.55480194091797,29.118318557739258,-318.39129638671875,-0.21235525608062744,-1.9945636987686157,19.27741050720215,0.6538794204540548,0.10419455758116761,-0.7493898836234272,0.16580904351919082,-0.9861288542481679,0.007565970291116435,-0.7382066543955832,-0.12920285209568602,-0.662085763641252,8.473522186279297,-3.2297544479370117,0.10431887954473495
2.84,3.5657197935257594,3.248147388386009,1.8728892801473633,2.3493528216930915,24.552934646606445,29.09839630126953,-318.1981201171875,-0.16252204775810242,-1.9903744459152222,19.358097076416016,0.6293866842987449,0.037323508535538605,-0.7761954375916091,0.1661979608218136,-0.9821995729199243,0.0875342034555,-0.7591117437150494,-0.1840949610025096,-0.6243864235290365,8.762420654296875,-3.174140691757202,0.12540756165981293
2.85,2.2200416356043733,1.277801513026583,2.627813193381875,0.5633206664832945,24.551605224609375,29.0784854888916,-318.00408935546875,-0.0975339263677597,-1.994152307510376,19.450702667236328,0.6052860162805352,-0.03258946417769057,-0.7953406599186605,0.16879013412267171,-0.9711856404712006,0.16825083169302357,-0.7779066326482182,-0.23608553231224205,-0.5823443073601348,8.790188789367676,-2.9174487590789795,0.1413627713918686
2.86,2.2200416356043733,1.277801513026583,2.627813193381875,0.5633206664832945,24.550983428955078,29.05849266052246,-317.80908203125,-0.031483244150877,-2.004502058029175,19.54419708251953,0.5828302581408747,-0.10450720934814052,-0.8058456014583096,0.1731673136218228,-0.9529417742756744,0.24882736250929186,-0.793928190511234,-0.2845702339223012,-0.5373060675973836,9.017904281616211,-2.708404541015625,0.15569855272769928
2.87,0.7658127849411045,0.0758412609726406,0.40669868568510664,1.29932515367416,24.550941467285156,29.03838539123535,-317.6131896972656,0.02232389710843563,-2.017854928970337,19.63002586364746,0.561070651587402,-0.1800370862493126,-0.8079519611351561,0.17934184754797824,-0.9264383977426605,0.3309809615462631,-0.8081065682478797,-0.33060330119777803,-0.48750921180195705,9.465152740478516,-2.628617286682129,0.17277738451957703
2.88,3.113183068747121,0.25410849207509406,3.9429813349523437,2.404205817310107,24.55137062072754,29.018142700195312,-317.41650390625,0.0588245689868927,-2.0293970108032227,19.707536697387695,0.539547779545339,-0.2585056380517864,-0.8012883555145012,0.187479340526007,-0.8909187600987687,0.413660802808299,-0.8208164779435341,-0.3734147801031873,-0.43222877222237366,9.697534561157227,-2.645620822906494,0.18537458777427673
2.89,3.113183068747121,0.25410849207509406,3.9429813349523437,2.404205817310107,24.552160263061523,28.997760772705078,-317.2190246582031,0.10675022006034851,-2.0524375438690186,19.793596267700195,0.517219923956283,-0.33757584033606564,-0.7864643045199546,0.19827824355127327,-0.8466611367922391,0.4938123708250891,-0.8325678881610068,-0.41134835780281476,-0.37097606410124195,10.058446884155273,-2.8844668865203857,0.19452613592147827
2.9,3.432397021392741,2.617216578064542,0.9018636979350431,1.8955331120232233,24.553569793701172,28.977033615112305,-317.0205993652344,0.17559905350208282,-2.095071315765381,19.891395568847656,0.4926471700535228,-0.4190559704522484,-0.7626866063243671,0.21304965232943873,-0.7916703178827198,0.5725975492663054,-0.8437467697600751,-0.44457867853935373,-0.30073441290886765,10.716268539428711,-3.2674002647399902,0.20605668425559998
2.91,2.4472102132075926,0.6648434675383852,2.690743233615823,1.6582280397627862,24.555665969848633,28.955835342407227,-316.8211669921875,0.24199225008487701,-2.145012617111206,19.988388061523438,0.46685955914713123,-0.5017805850286964,-0.728188434762051,0.23173450899533368,-0.7252433184463951,0.6483218694364341,-0.853429123813828,-0.47142165153620197,-0.22230689842927026,11.06590747833252,-3.238708257675171,0.21911780536174774
2.92,2.4472102132075926,0.6648434675383852,2.690743233615823,1.6582280397627862,24.558380126953125,28.93412971496582,-316.6208190917969,0.29819342494010925,-2.1955480575561523,20.08168601989746,0.4434661557211752,-0.5816311904447476,-0.6819405597496809,0.25163585238592134,-0.6494514471772419,0.7175599038083141,-0.860242504485737,-0.48981422607067265,-0.1416504762254431,11.324896812438965,-3.12131667137146,0.2326897233724594
2.93,3.166413667806057,2.162332413276315,1.6323414597616264,1.9234357089127854,24.56160545349121,28.91192054748535,-316.4195556640625,0.34620100259780884,-2.2471718788146973,20.171958923339844,0.4212356646459076,-0.6580841734870659,-0.6240879228411375,0.27394175126217757,-0.5636562705005891,0.7792608841978261,-0.8645903259612217,-0.49921621501230495,-0.05715539277317955,11.752861976623535,-3.233821392059326,0.24875867366790771
2.94,0.9991264878423276,3.814398360818405,3.9744734239127064,0.4326396755858667,24.565298080444336,28.889158248901367,-316.2174072265625,0.3931300640106201,-2.3079822063446045,20.25921058654785,0.40035167662802085,-0.7295098809493035,-0.5545573627844693,0.2986926921013921,-0.46823412512944307,0.8315885279087777,-0.8663147295910161,-0.4985700930276483,0.03044095320528642,12.044139862060547,-3.168485641479492,0.2651337683200836
2.95,1.2790127503917588,3.6061982876873575,0.6251553373103845,3.934149885408856,24.5694580078125,28.8657283782959,-316.014404296875,0.4384025037288666,-2.379101276397705,20.34088897705078,0.3823713408064858,-0.7930343860058524,-0.47422423002433256,0.3237809239426816,-0.3656903999584796,0.8726032573105781,-0.8654236367356013,-0.48720323684323785,0.11693987766710823,12.190398216247559,-3.006166458129883,0.29466596245765686
2.96,1.2790127503917588,3.6061982876873575,0.6251553373103845,3.934149885408856,24.57404899597168,28.8415584564209,-315.81060791015625,0.47802138328552246,-2.456277370452881,20.41475486755371,0.36709460041314623,-0.8462778828790211,-0.38607680492010177,0.3490354895361135,-0.25940579971159144,0.9004903431577016,-0.862215623490898,-0.46531964930119973,0.20015454674428557,11.830878257751465,-2.9068193435668945,0.3228051960468292
2.97,0.4250258878195171,0.45117688310626525,1.1129408401310452,1.2546711930375027,24.578996658325195,28.81659698486328,-315.6061096191406,0.5101562738418579,-2.5364603996276855,20.47953224182129,0.3544384534739975,-0.8865833589141603,-0.29722605941512925,0.3743590251092699,-0.15673651254346005,0.913941456524952,-0.8568714623665545,-0.43520525425619455,0.2763470348123953,11.016606330871582,-2.820805311203003,0.3381596803665161
2.98,0.42217648875288577,0.6339344232859012,0.08766108835644737,0.7381764173750318,24.58420181274414,28.79091453552246,-315.4010009765625,0.5269436240196228,-2.5910747051239014,20.543546676635742,0.3441720770805189,-0.9150226969471076,-0.2104258668265931,0.3998084247434925,-0.059954942267809286,0.9146357900289004,-0.8495285780138351,-0.3989221339676521,0.3451989660594107,10.558072090148926,-2.862764835357666,0.3522251844406128
2.99,0.42217648875288577,0.6339344232859012,0.08766108835644737,0.7381764173750318,24.58950424194336,28.76486587524414,-315.19525146484375,0.5319336652755737,-2.6150617599487305,20.611040115356445,0.33600803891625064,-0.9337647304766521,-0.12321536390207716,0.4261507758932635,0.03405789745395005,0.9040108272728742,-0.8399369702479023,-0.35626322815985684,0.4093682917275017,10.427359580993652,-2.901982545852661,0.3670659363269806
3.0,2.4934774480390423,3.1626432367483557,0.554080480585951,0.18181514114779865,24.594829559326172,28.7386417388916,-314.98883056640625,0.5331968665122986,-2.6294198036193848,20.67548370361328,0.3302066709566511,-0.9432427663311038,-0.03544909335613894,0.45217904939750947,0.12510789058719296,0.8831093494006206,-0.8285515444084879,-0.3076379356920555,0.46782607749188176,10.300389289855957,-2.846140146255493,0.3812233507633209
3.01,3.6606388600951263,0.44624502343961564,3.22425481346796,3.66234698855984,24.60016441345215,28.71222496032715,-314.78179931640625,0.5324525237083435,-2.659501791000366,20.723295211791992,0.3267334256117765,-0.943658894028532,0.05247056611893419,0.47633295555996874,0.21236859667971208,0.8532329661890674,-0.8163039777163275,-0.25378627004851445,0.51888374911859,10.216796875,-2.452944278717041,0.3971410393714905
3.02,3.6606388600951263,0.44624502343961564,3.22425481346796,3.66234698855984,24.60546112060547,28.68535041809082,-314.5744323730469,0.5248693227767944,-2.721496343612671,20.741924285888672,0.3251610520298369,-0.9350004268123062,0.14157857219104508,0.49649502886257846,0.29621353795570454,0.8159351850769225,-0.8048372360655273,-0.19501728588145623,0.560540169523856,10.407450675964355,-2.286970615386963,0.4043830931186676
3.03,0.957041613332254,3.2506848840772813,0.23054748748483272,1.696006314933812,24.610628128051758,28.657751083374023,-314.3669128417969,0.5065869688987732,-2.797497510910034,20.739233016967773,0.3259477972331714,-0.9164757008332399,0.23201362731758884,0.5170148142506735,0.3782683848558937,0.767859825009653,-0.7914882913373924,-0.13032773611451665,0.5971272610382814,10.822710990905762,-2.5704538822174072,0.404579758644104
3.04,2.1623271604403027,0.9905601854774098,2.647853336272797,1.2225015881090404,24.615581512451172,28.629465103149414,-314.1593933105469,0.48438629508018494,-2.8530657291412354,20.739273071289062,0.3295372208790428,-0.8876706474799281,0.3216302872210298,0.5381128629784262,0.45649773852018094,0.7085508883793188,-0.7757833246161446,-0.060420495930815665,0.6280999895868459,10.769624710083008,-2.5664165019989014,0.4139169752597809
3.05,1.3376116457682037,2.4640311709788096,1.5760009499022485,1.7381322393537586,24.62030792236328,28.600740432739258,-313.9518737792969,0.4601703882217407,-2.89128041267395,20.741933822631836,0.33491328603354203,-0.8501351832889914,0.4063290058221395,0.5569862035504785,0.5264456686598993,0.6423560749332545,-0.7599996446661276,0.011186066485809332,0.6498272170538375,10.742400169372559,-2.4528896808624268,0.42899253964424133
3.06,1.3376116457682037,2.4640311709788096,1.5760009499022485,1.7381322393537586,24.62476348876953,28.571653366088867,-313.7443542480469,0.4297874867916107,-2.925123453140259,20.738037109375,0.342199026156901,-0.8032405649567179,0.4875494039636198,0.5741999625420618,0.5894825395677493,0.5681590785699472,-0.7437702800690299,0.08552736610447695,0.6629410532869928,10.80599594116211,-2.4023640155792236,0.4453660547733307
3.07,3.3991897302130654,0.1859946893064201,1.6631024226967754,0.7347813542895758,24.628881454467773,28.542255401611328,-313.5370788574219,0.39378342032432556,-2.953572988510132,20.729808807373047,0.3510215024275665,-0.7484005841347312,0.5627436987655101,0.5894302068463788,0.6435801059110948,0.4882383419319908,-0.7275685095511826,0.16031597843713954,0.6670403668198901,10.647307395935059,-2.2939186096191406,0.46244338154792786
3.08,0.42756031469795325,0.4617929171403578,1.9960955155525864,0.6204992909973156,24.632625579833984,28.51260757446289,-313.3298645019531,0.3559379577636719,-2.973820447921753,20.72296905517578,0.36090892940429725,-0.6861600200808807,0.6316084004498747,0.6024745977688087,0.6885068098275782,0.40371119858676585,-0.7118771689832145,0.2348250405379636,0.6618822377257056,10.873140335083008,-2.128016471862793,0.47264668345451355
3.09,0.42756031469795325,0.4617929171403578,1.9960955155525864,0.6204992909973156,24.636018753051758,28.48281478881836,-313.1226501464844,0.3246018588542938,-2.9824776649475098,20.726821899414062,0.3716855252102482,-0.6141755256469749,0.6961596756818396,0.6133471632917692,0.7253716106637147,0.3124760530425784,-0.6968896093579828,0.3108447363868181,0.6463129445009497,11.266135215759277,-2.114392042160034,0.4838392734527588
3.1,0.7613657655102307,1.6531592858904414,0.3175189161863589,3.969173072167124,24.63913345336914,28.452983856201172,-312.9153747558594,0.29838821291923523,-2.9835398197174072,20.739627838134766,0.38476566054146755,-0.5333698129667879,0.7533073934881179,0.622765564949294,0.7523931869683153,0.2146335093060927,-0.6812623852683156,0.38655030050361594,0.6216594144699246,11.513726234436035,-2.277898073196411,0.5017367005348206
3.11,2.144737416344907,4.032375799761711,1.0900706711443193,4.021003786357929,24.64194679260254,28.423152923583984,-312.7078552246094,0.2601085901260376,-2.983548164367676,20.74756622314453,0.4007432622640058,-0.4461071252721391,0.800245756334534,0.630507017113733,0.7680033770961789,0.11239089882729433,-0.6647298241544042,0.45952066933957647,0.589045851635815,11.29150390625,-2.4740355014801025,0.5136334896087646
3.12,2.144737416344907,4.032375799761711,1.0900706711443193,4.021003786357929,24.64423942565918,28.39332389831543,-312.5003356933594,0.19178993999958038,-2.9817731380462646,20.740558624267578,0.41920699363565506,-0.3584526025372826,0.834132620283612,0.6360457402139428,0.7715594732875084,0.011907793078483608,-0.6478513045774109,0.5255546697676192,0.5514353781204061,10.627793312072754,-2.4817726612091064,0.5217379927635193
3.13,2.3591910312669353,2.7180430199868604,1.4028050466174886,0.9025969252808675,24.645719528198242,28.363544464111328,-312.29302978515625,0.10321176797151566,-2.9723734855651855,20.729341506958008,0.43783516621383084,-0.2739202336636394,0.8563107337971214,0.6392464312824359,0.7645885984260075,-0.08226952807463894,-0.6321901354174846,0.5834140731475467,0.5098663079025834,9.885763168334961,-2.30584979057312,0.5303919911384583
3.14,3.387314954957638,0.9379638306223337,2.5441241291543495,3.8883561489158325,24.646339416503906,28.333900451660156,-312.0858154296875,0.0258597694337368,-2.9559996128082275,20.734670639038086,0.4552948339175603,-0.19311552826704323,0.869144986150252,0.6405884356394477,0.7490244741810216,-0.16914134090413546,-0.6183470468377656,0.6337734057374013,0.46473454772270706,9.511940956115723,-1.9889440536499023,0.5410285592079163
3.15,3.386495898202886,1.7691634639449179,3.078987293716292,1.0221297833349776,24.646230697631836,28.30445098876953,-311.8783264160156,-0.051682569086551666,-2.9324567317962646,20.749849319458008,0.4709545429035159,-0.11259359613249992,0.8749425699030148,0.640631451510298,0.7255029070181221,-0.25146943202716043,-0.6064595302692085,0.6789463999596768,0.4138098888710194,9.56197738647461,-1.8955131769180298,0.5445308685302734
3.16,3.386495898202886,1.7691634639449179,3.078987293716292,1.0221297833349776,24.645296096801758,28.275278091430664,-311.6707458496094,-0.13398057222366333,-2.9012444019317627,20.772905349731445,0.4873197875799138,-0.03030634442370539,0.872697513529596,0.6389095208577656,0.6936255204937095,-0.33268342531170797,-0.5952428485839774,0.7196979663772174,0.3573804533017017,9.926188468933105,-1.8798489570617676,0.5486220717430115
3.17,4.120758291150195,2.322690765343415,0.7222517606965758,0.6344290780065415,24.643564224243164,28.246442794799805,-311.46282958984375,-0.2116289734840393,-2.864875555038452,20.808734893798828,0.5029692283040328,0.05553392469536361,0.8625183699998369,0.635960859511272,0.6520132029589933,-0.4128347954531435,-0.5852997014768846,0.7561711224154783,0.2926251750550279,10.488808631896973,-1.6995567083358765,0.5590691566467285
3.18,1.3311982135414764,1.459756069471784,3.979366121151075,1.7935324536811468,24.641084671020508,28.217987060546875,-311.2545166015625,-0.28177982568740845,-2.825533866882324,20.858198165893555,0.5163806471273195,0.14434250758052877,0.8441067869515892,0.6327279386663629,0.599911084168768,-0.4896550282826354,-0.5770670523460737,0.7869383276958991,0.2184529365785584,10.940646171569824,-1.2148821353912354,0.5652198791503906
3.19,1.3311982135414764,1.459756069471784,3.979366121151075,1.7935324536811468,24.637937545776367,28.189943313598633,-311.0456237792969,-0.3478502929210663,-2.78214955329895,20.919973373413086,0.5260600591383433,0.23378730724729632,0.8176822788525023,0.6305429445972467,0.5379627816984819,-0.5594744324148023,-0.5706806543050119,0.8099009448551656,0.1355877956333595,11.279521942138672,-1.0225468873977661,0.5728796124458313
3.2,3.2709314824712816,2.7122181211584895,0.25447570096734107,0.2428385714528343,24.63412857055664,28.16236686706543,-310.8360290527344,-0.4135179817676544,-2.7326133251190186,20.992475509643555,0.5368867499932418,0.3222397006025104,0.7796885230893801,0.6266156169018442,0.4665007666940814,-0.6242835119787767,-0.5648942257948965,0.8237345507075923,0.04853765171643332,11.614112854003906,-1.3074824810028076,0.5879784226417542
3.21,1.0996018041744384,2.8987514130790277,2.1679486239739774,0.8981455180709317,24.629701614379883,28.13528823852539,-310.6257019042969,-0.46875521540641785,-2.6843698024749756,21.074914932250977,0.5487754234795603,0.4077275266716076,0.7297970941152634,0.6207644239646939,0.38595471463760106,-0.682415187542591,-0.5599080857824887,0.827524756272138,-0.04130028125966739,11.835264205932617,-1.0719895362854004,0.5996355414390564
3.22,1.0996018041744384,2.8987514130790277,2.1679486239739774,0.8981455180709317,24.624778747558594,28.108680725097656,-310.4145202636719,-0.5156848430633545,-2.636518955230713,21.164457321166992,0.5571592869950679,0.48763414723931775,0.6721506284764827,0.6171592281597733,0.2984002904144484,-0.7280602679571283,-0.5555969906437399,0.8204695028620844,-0.1346914208881313,11.863692283630371,-0.6153095960617065,0.6104326844215393
3.23,3.313522393900369,3.851018028719689,2.370967637798792,3.323185056882883,24.61939811706543,28.082571029663086,-310.202392578125,-0.5594274401664734,-2.584824800491333,21.258920669555664,0.5635474996391183,0.5599456924578375,0.6073508353072471,0.6150750132387207,0.20637454455300766,-0.7609811268684173,-0.5514498560521034,0.8024153343864083,-0.22810674562945976,11.797324180603027,-0.3748853802680969,0.6249332427978516
3.24,3.5527947137406177,3.2316990510961183,1.9027328248294093,3.069632353116097,24.613548278808594,28.05706214904785,-309.98931884765625,-0.6140066385269165,-2.509967565536499,21.363037109375,0.5687601692116875,0.6235359797034767,0.5363904845665309,0.6141026709833377,0.11190839136605113,-0.7812518297149729,-0.5471652213083568,0.773743752127982,-0.31926607498055437,11.643186569213867,-0.12693946063518524,0.6320523619651794
3.25,3.470761559593484,0.23309023830659598,2.1383116873198627,3.094425322218472,24.60711097717285,28.03242301940918,-309.7751159667969,-0.672006368637085,-2.4175009727478027,21.475688934326172,0.5727960018089271,0.6775849552200833,0.46128447705413334,0.6146615255501876,0.01725874249612125,-0.7886021460887415,-0.5423061398509368,0.7352419766762847,-0.40659966356740396,11.466611862182617,0.1740265041589737,0.6292865872383118
3.26,3.470761559593484,0.23309023830659598,2.1383116873198627,3.094425322218472,24.600160598754883,28.008678436279297,-309.559814453125,-0.7148721814155579,-2.3350462913513184,21.58320426940918,0.5760807546241044,0.7224489759589804,0.38235904760779843,0.6165148860595383,-0.0768964649964331,-0.7835791784740369,-0.5366939159509045,0.6871349291128144,-0.4896991216802523,11.56416130065918,0.2694609463214874,0.6170231103897095
3.27,3.356220978132625,3.030693958119776,2.5521418158661873,0.5719137580923517,24.59285545349121,27.98569679260254,-309.343505859375,-0.7447266578674316,-2.262017011642456,21.682262420654297,0.5798437408592841,0.7587779220461973,0.2967108039852392,0.617448672209341,-0.17166175123682959,-0.767651861424974,-0.5315433880439431,0.6283218189571015,-0.5680434124688063,11.88949203491211,0.15418612957000732,0.5996991991996765
3.28,1.9382397275491754,2.795930338304173,1.4239244041695223,2.072787994354552,24.585296630859375,27.96343994140625,-309.1261901855469,-0.7666177749633789,-2.188910961151123,21.776704788208008,0.5839700072316676,0.7855838847251906,0.20454092674553953,0.6176031065894165,-0.26643119818262595,-0.7399870399987231,-0.5268258093382931,0.5584553488821181,-0.6407668764223098,12.248469352722168,0.34048396348953247,0.5931044816970825
3.29,1.9382397275491754,2.795930338304173,1.4239244041695223,2.072787994354552,24.577560424804688,27.94190216064453,-308.9079895019531,-0.7792168259620667,-2.120180130004883,21.861835479736328,0.5878731475415492,0.8014839927303383,0.1096748457789058,0.6195602252561381,-0.3589091386233768,-0.6980897918557389,-0.5201444892336697,0.47833841536056926,-0.7075606480791481,12.319515228271484,0.6914506554603577,0.5919188261032104
3.3,4.143840649260065,2.630349165000799,1.7851861820159778,3.2885928909653033,24.569746017456055,27.9210147857666,-308.68902587890625,-0.7827807664871216,-2.0578396320343018,21.935209274291992,0.5921223514291771,0.8056856298735785,0.016179825499571338,0.6227177673330758,-0.44472556632967863,-0.6437715067478952,-0.5114818698504285,0.3912669631696001,-0.7650467046830197,12.11839771270752,0.9538596272468567,0.5876738429069519
3.31,3.093475452462438,3.1574716728716186,2.731626013818772,3.132780208651367,24.561935424804688,27.900766372680664,-308.46929931640625,-0.7780721783638,-1.9893548488616943,22.01255989074707,0.5971413663202235,0.798713090876628,-0.07402423313699541,0.6265492921086779,-0.5220598725534981,-0.5786963573650177,-0.5008574379874291,0.29918370265061073,-0.8121766672842429,11.99450397491455,1.2339829206466675,0.5754512548446655
3.32,3.093475452462438,3.1574716728716186,2.731626013818772,3.132780208651367,24.55422019958496,27.881237030029297,-308.2487487792969,-0.7629892826080322,-1.9172815084457397,22.095735549926758,0.6032402301236558,0.7812355373346155,-0.16053740986403647,0.6307228003559321,-0.5904857413675441,-0.5035030668752605,-0.48814954048071174,0.2024787012184654,-0.8489478203525548,11.935701370239258,1.4493125677108765,0.5609250068664551
3.33,0.9527722031143853,2.891288554920972,3.940233884385673,0.4979891051812464,24.546710968017578,27.86240005493164,-308.02740478515625,-0.7375161051750183,-1.8518322706222534,22.17514419555664,0.6105817120474049,0.7538372799545912,-0.24273303908599517,0.6342889445892175,-0.6490131329683331,-0.4200708130857527,-0.47420196929700387,0.10252467305625518,-0.8744262025634588,11.856621742248535,1.5825098752975464,0.549386739730835
3.34,1.0960745247212154,3.2359033005975437,1.1789630868562493,0.21012929891368717,24.539487838745117,27.844148635864258,-307.80535888671875,-0.7074374556541443,-1.8024989366531372,22.234039306640625,0.6191805177171203,0.7170306182080213,-0.3201290037340915,0.6366819088402291,-0.6970415648896897,-0.3298017643550362,-0.45962118471097624,0.000386482024828827,-0.8881149797163221,11.925169944763184,1.6357643604278564,0.5487756133079529
3.35,1.0960745247212154,3.2359033005975437,1.1789630868562493,0.21012929891368717,24.532556533813477,27.826297760009766,-307.5828552246094,-0.6794977784156799,-1.7706501483917236,22.264270782470703,0.6291457516094755,0.6709125011088922,-0.39249463574367377,0.6375423612092029,-0.7342753268914731,-0.23319408650781615,-0.44465195478659797,-0.10351888800712271,-0.8897013425471642,11.928013801574707,1.869584560394287,0.5534677505493164
3.36,0.9210907758593848,3.0076168092197717,0.9323753579310132,2.062986512797873,24.525896072387695,27.80870819091797,-307.3600769042969,-0.6520874500274658,-1.7486481666564941,22.28129768371582,0.6416178268115577,0.6170615509204358,-0.4555892960696949,0.6371791314254351,-0.7594545567972762,-0.13126892486716166,-0.42700037329438223,-0.2060675096552557,-0.8804583253459185,11.757883071899414,2.3207781314849854,0.5533292889595032
3.37,1.5458838694853985,3.3275317341743613,4.109178913281372,0.12093776657217967,24.51953125,27.79130744934082,-307.1371765136719,-0.619656503200531,-1.7325057983398438,22.302261352539062,0.6569968651830318,0.5574938153703693,-0.50749952213126,0.6349093288134172,-0.7721400480650984,-0.02626576402321526,-0.40650370641036576,-0.30495965634459865,-0.8612516151954777,11.404952049255371,2.6620450019836426,0.5462852120399475
3.38,3.6478030508860453,4.121663346322385,1.1689777596340216,2.5435693794327716,24.51353645324707,27.77403450012207,-306.91400146484375,-0.5767768025398254,-1.7232872247695923,22.338350296020508,0.6744878596770502,0.4941424137804765,-0.5485338659111909,0.6299669850826687,-0.7726344274596723,0.07859795932412802,-0.38497756409188927,-0.39857159508332873,-0.8324259479008368,11.317514419555664,2.856125831604004,0.5434749722480774
3.39,3.6478030508860453,4.121663346322385,1.1689777596340216,2.5435693794327716,24.508039474487305,27.756807327270508,-306.6903381347656,-0.519690215587616,-1.724885106086731,22.39515495300293,0.6940344781922909,0.42632757973067004,-0.5801387229287006,0.6218111615774553,-0.7611070937166022,0.18457213016044105,-0.3628595078236895,-0.48883615522509816,-0.7933298122008863,11.283550262451172,3.249708652496338,0.5343807339668274
3.4,3.277065044291084,2.6019878506207137,3.908108596698695,1.8304901277554608,24.5031681060791,27.739492416381836,-306.4660339355469,-0.4536823034286499,-1.7396337985992432,22.464754104614258,0.7170441166137266,0.3567680024053659,-0.5988024108913769,0.6094064645423014,-0.737873185856094,0.2901153607939969,-0.33833636488514374,-0.5729395727773245,-0.7465043537328123,11.009543418884277,3.8543002605438232,0.5116793513298035
3.41,1.7078494574485836,0.32599968119220074,2.137293194327643,0.08536611167231228,24.498971939086914,27.721967697143555,-306.2410583496094,-0.3852771520614624,-1.767078161239624,22.539642333984375,0.7432292646631524,0.286999679484352,-0.6043520862247013,0.5918152724010137,-0.7033266264037272,0.39381003027407235,-0.3120335614980919,-0.6503559337527651,-0.6925837248530933,11.053070068359375,4.214906215667725,0.4891030788421631
3.42,1.7078494574485836,0.32599968119220074,2.137293194327643,0.08536611167231228,24.495393753051758,27.70415687561035,-306.0153503417969,-0.3370780050754547,-1.7919584512710571,22.596628189086914,0.7701833398563559,0.21556509561757373,-0.6002910232204834,0.569560220317587,-0.6560596019246411,0.4951635630317148,-0.28708670892169574,-0.7232686141910678,-0.6280634787078784,11.471662521362305,4.304775238037109,0.46726325154304504
3.43,3.564646891631775,3.3912608871129164,3.6011207445186164,0.14385061772000626,24.492170333862305,27.68614959716797,-305.78912353515625,-0.30851516127586365,-1.8095080852508545,22.641510009765625,0.7967057327709903,0.1422839267944336,-0.5873799958679182,0.5431697399401808,-0.5947280302217044,0.5926763059899796,-0.2650030357998863,-0.791235650261392,-0.5511075546318309,11.984256744384766,4.338893413543701,0.4432327151298523
3.44,0.6656713552401312,0.6833285638024165,2.1518047625561625,3.3846839662861328,24.489269256591797,27.66789436340332,-305.5624084472656,-0.26631489396095276,-1.8487802743911743,22.709341049194336,0.822716046387046,0.06811879114860353,-0.5643563921049543,0.5124208823217303,-0.5186727970445661,0.6844000065506907,-0.24609580731472716,-0.8522548679229817,-0.4616259240160734,12.525311470031738,4.599494457244873,0.42228737473487854
3.45,0.6656713552401312,0.6833285638024165,2.1518047625561625,3.3846839662861328,24.486848831176758,27.649133682250977,-305.33489990234375,-0.22091351449489594,-1.9015154838562012,22.78909683227539,0.8483769609258839,-0.00473532363479745,-0.5293714280920677,0.47658799073473773,-0.4285152899881194,0.7676187421720653,-0.23047867419261814,-0.9035221209004636,-0.36128570105380764,12.708069801330566,4.565729141235352,0.39468029141426086
3.46,3.6283120804242674,3.563623727367926,3.0851149137952905,0.4711122747773643,24.484821319580078,27.62986946105957,-305.10662841796875,-0.18532449007034302,-1.9518228769302368,22.86921501159668,0.8703094348291469,-0.07227530385331957,-0.4871732423894824,0.44035689584541116,-0.3287920671459414,0.8354529195970846,-0.22056131104245086,-0.9416326550384759,-0.2543239096829594,12.548103332519531,4.084023475646973,0.36173975467681885
3.47,4.100456206137238,3.594013557008729,0.07103677654322132,3.943032107190423,24.483156204223633,27.610036849975586,-304.87750244140625,-0.1453961431980133,-2.0211288928985596,22.955982208251953,0.8884716156784137,-0.13353784104124788,-0.4390738356402394,0.4049546635303518,-0.2220499096132854,0.8869642372304263,-0.21593959483802197,-0.9658475462777625,-0.14320827046793327,12.643869400024414,4.076194763183594,0.3376838266849518
3.48,2.572225459659808,0.10336427226730348,0.7632813885067857,2.797374051381489,24.48192596435547,27.589378356933594,-304.6474914550781,-0.10104410350322723,-2.113586902618408,23.04356575012207,0.9056033885403612,-0.18843976805521573,-0.37996441475421405,0.3653458958487859,-0.1084277074082935,0.9245354555952031,-0.21541791719971667,-0.9760808809117604,-0.029346803366943175,12.549742698669434,4.561722755432129,0.30469125509262085
3.49,2.572225459659808,0.10336427226730348,0.7632813885067857,2.797374051381489,24.481090545654297,27.56781578063965,-304.4166259765625,-0.06976068764925003,-2.1920859813690186,23.124197006225586,0.9213559732655694,-0.2339598191745355,-0.3104286931642666,0.32086469491270014,0.006940111415684902,0.9470996158863745,-0.21942884515586272,-0.9722214962987379,0.0814637591092377,12.355030059814453,4.797793865203857,0.257665753364563
3.5,1.6824618994384957,2.78686558426902,2.0732058108609377,2.7057919441428684,24.48048973083496,27.54559326171875,-304.18499755859375,-0.05139128491282463,-2.250746965408325,23.19807243347168,0.9338196656922666,-0.2698685699971511,-0.23484417577209846,0.2755348467171332,0.12386883130915788,0.9532770116155478,-0.22816963034319318,-0.9548965742727304,0.19002934571074653,12.378377914428711,4.744924068450928,0.20856037735939026
3.51,2.263386676963631,2.500715956190119,3.536352458498798,3.0763833632924324,24.480052947998047,27.522762298583984,-303.95269775390625,-0.03584305942058563,-2.31935977935791,23.259185791015625,0.9425002552173007,-0.29577115308489166,-0.15560428631036008,0.23115042679211317,0.24063442704414628,0.942690061852229,-0.2413767783137948,-0.9244536210778608,0.295165637171545,12.267709732055664,4.686857223510742,0.16924859583377838
3.52,2.263386676963631,2.500715956190119,3.536352458498798,3.0763833632924324,24.479761123657227,27.499147415161133,-303.71990966796875,-0.023280424997210503,-2.4069488048553467,23.298702239990234,0.9473796102054379,-0.31127924821563463,-0.0746800093552595,0.188461167444405,0.353787647128462,0.9161422864952795,-0.2587552174014744,-0.8820088040204679,0.3938352537519966,12.158345222473145,4.5498738288879395,0.14009636640548706
3.53,3.504147707516908,3.5101077670638245,3.261042467666622,3.858633803945681,24.479564666748047,27.474611282348633,-303.4867858886719,-0.01784755475819111,-2.500267505645752,23.314847946166992,0.9485212448035167,-0.3166629434159181,0.005659366002817828,0.14921439350491655,0.46257052552086037,0.8739356805224942,-0.2793609008564848,-0.8281021007016719,0.4860086397237514,12.169120788574219,4.315301418304443,0.11392927169799805
3.54,1.5872041337351557,0.9200808621502453,3.2273904089366243,0.8787348545552663,24.47937774658203,27.449125289916992,-303.2536315917969,-0.021542953327298164,-2.599215507507324,23.301891326904297,0.946306341438414,-0.31214274226602423,0.08409052624457937,0.11390637861802817,0.5653987425756882,0.8169146826957863,-0.30253866705525484,-0.7634730973285679,0.5705954649241025,12.134432792663574,4.1847944259643555,0.0868435651063919
3.55,1.5872041337351557,0.9200808621502453,3.2273904089366243,0.8787348545552663,24.479110717773438,27.422719955444336,-303.020751953125,-0.03166257217526436,-2.6713943481445312,23.279525756835938,0.9410237038012575,-0.2979086595156789,0.16038958653769986,0.08197852751221608,0.6606813850368671,0.7461766737795384,-0.32825890682674835,-0.6890214351174703,0.6461389572201709,12.321731567382812,4.057999610900879,0.062455274164676666
3.56,2.5103150276424,0.7754341384241557,0.5739511666150596,4.059950225293734,24.478734970092773,27.39579200744629,-302.7880554199219,-0.04396478086709976,-2.7118918895721436,23.255102157592773,0.9330853069282008,-0.27365096815525614,0.23338157087138645,0.05446169203938138,0.7489279085304515,0.6604096546268922,-0.3555077131299862,-0.6035081900454163,0.7137171221521821,12.759862899780273,3.8482882976531982,0.04224959388375282
3.57,3.810085447208946,3.1852132237136317,1.913632460949675,1.018933698288486,24.47821044921875,27.368505477905273,-302.5556945800781,-0.061654627323150635,-2.745241165161133,23.209327697753906,0.9229981080205445,-0.23942687624202977,0.3012461842471678,0.03178182141322669,0.8276125883392313,0.5603992500441942,-0.3834897761585732,-0.5076732950977639,0.7714942754333474,12.868277549743652,3.6418802738189697,0.009972194209694862
3.58,3.9561062036888988,0.77152407626392,1.7856869573510874,1.4801827661420377,24.477468490600586,27.34089469909668,-302.323974609375,-0.08845477551221848,-2.7769322395324707,23.13398551940918,0.9108067967566875,-0.1966359451591015,0.36299488157990506,0.013154977000261248,0.8926554379157029,0.4505476842018474,-0.4126232247001434,-0.40558670371563194,0.815623381351432,12.89401626586914,3.818788766860962,-0.023349858820438385
3.59,3.9561062036888988,0.77152407626392,1.7856869573510874,1.4801827661420377,24.476423263549805,27.313003540039062,-302.09307861328125,-0.12016640603542328,-2.797964572906494,23.043176651000977,0.8951096074518359,-0.14504277594378695,0.42159386119100517,-0.002878778041389571,0.9437039640911009,0.3307786885452724,-0.44583685725207656,-0.2972968572071732,0.8443009388898777,13.258479118347168,4.161040306091309,-0.05726607143878937
3.6,2.405112552250025,0.7525789801379825,2.6258756883115635,0.3423921790711791,24.475055694580078,27.28497886657715,-301.8631286621094,-0.15350867807865143,-2.8052051067352295,22.947633743286133,0.8760038029652063,-0.08364745069552398,0.4749952012206389,-0.01498711278797963,0.9796490740005892,0.20015763352934604,-0.4820712848125013,-0.18245765481866608,0.8569226806178585,13.790961265563965,4.379749298095703,-0.09860187023878098
3.61,2.553265727831147,2.699378406883788,2.3529848360176424,1.7026147866602381,24.473356246948242,27.256940841674805,-301.6341247558594,-0.18585669994354248,-2.800058603286743,22.855138778686523,0.8538768042799613,-0.012413315208540582,0.5203271208751034,-0.02196511189733457,0.9979654581107313,0.05985380754117456,-0.5200114777310002,-0.06253682134048555,0.8518668962958063,14.382526397705078,4.488043308258057,-0.1364080309867859
3.62,2.553265727831147,2.699378406883788,2.3529848360176424,1.7026147866602381,24.471317291259766,27.229007720947266,-301.4060363769531,-0.2245158553123474,-2.7847635746002197,22.757976531982422,0.829476882065702,0.06752931226038529,0.5544437700111717,-0.02287925739948031,0.9959391413476788,-0.08707333870075784,-0.5580722549091739,0.059540059768931564,0.8276535142094802,14.747529029846191,4.576470375061035,-0.1695498675107956
3.63,1.3465302482784873,0.6349830046946073,4.032779403519684,0.5870913278949642,24.46883773803711,27.20128631591797,-301.1789245605469,-0.2722155451774597,-2.757801055908203,22.65836524963379,0.8029690850827359,0.15296412813890903,0.5760578303470044,-0.017230466653204726,0.9720599757278247,-0.23409936908700618,-0.5957715664751949,0.17804881097812747,0.7831697526647516,14.874676704406738,4.712723731994629,-0.20299400389194489
3.64,2.9716350822509043,0.6286133372415813,0.8827834962491018,1.2798150428934068,24.465890884399414,27.17388153076172,-300.9527893066406,-0.31505680084228516,-2.722811698913574,22.581892013549805,0.7752608053474943,0.2419628369787472,0.5834592266929637,-0.004961083440138403,0.9260233672667234,-0.37743358478956196,-0.6316217787117975,0.28971487500160514,0.7191100193014626,15.250245094299316,4.586536407470703,-0.23350048065185547
3.65,2.9716350822509043,0.6286133372415813,0.8827834962491018,1.2798150428934068,24.46256446838379,27.146835327148438,-300.7272033691406,-0.3492298126220703,-2.6850569248199463,22.53581428527832,0.7484530244682502,0.3337391485548895,0.5730935795192493,0.012916029139511787,0.8566503827622889,-0.5157356860878365,-0.6630620230081015,0.39340602745138703,0.6368519853225885,15.712899208068848,4.490981578826904,-0.27067187428474426
3.66,3.7643577663173673,1.2359239700883171,1.414588967152082,1.1180612993393402,24.45891761779785,27.12018585205078,-300.5019836425781,-0.3796556890010834,-2.6439404487609863,22.51549530029297,0.7218229066379481,0.42501758623309577,0.5461975309769695,0.03695693407988199,0.7644166208593594,-0.6436625006766934,-0.6910903533375068,0.48479612327921107,0.5360660802338539,16.05558204650879,4.615063667297363,-0.31840577721595764
3.67,1.4550922746541888,2.6412003782809137,4.1728532250074455,1.942190732835962,24.4549617767334,27.0939884185791,-300.2767639160156,-0.4124481976032257,-2.592991828918457,22.516319274902344,0.6954245994279655,0.5128845451350252,0.5033230273612487,0.06760174901951427,0.6506230728536088,-0.7563858939721382,-0.715412209876206,0.560034874299955,0.4177873975216071,16.451351165771484,4.833028316497803,-0.3686842620372772
3.68,3.4189892503551462,3.168892192038317,0.4896213750322335,2.856567449306433,24.450645446777344,27.068389892578125,-300.0515441894531,-0.4520642161369324,-2.521838903427124,22.536211013793945,0.6701199240630111,0.594582173524348,0.44430994395899603,0.10448917639563232,0.5170686335783268,-0.8495422533256389,-0.7348614150912717,0.6157207703955616,0.28437059185778923,16.773754119873047,4.8025665283203125,-0.4097861051559448
3.69,3.4189892503551462,3.168892192038317,0.4896213750322335,2.856567449306433,24.445920944213867,27.043596267700195,-299.8259582519531,-0.4914606511592865,-2.4358315467834473,22.58051109313965,0.647930418838452,0.6659546092690606,0.36971696030493484,0.14489971912552035,0.368756856296067,-0.9181625413465673,-0.7477902404693266,0.6484773236805852,0.14243214851602903,16.736774444580078,4.850278854370117,-0.45192980766296387
3.7,0.5215039557934743,1.3152149352686702,0.8713647206520281,0.20579931943078117,24.440837860107422,27.01968765258789,-299.5998229980469,-0.5238966345787048,-2.34493088722229,22.64946937561035,0.6281590560439949,0.7235635475777207,0.28613282392389094,0.19067736461973256,0.21337666629178412,-0.9581818934335369,-0.7543595581230416,0.6564496864946678,-0.003932705107362711,16.461490631103516,5.189540386199951,-0.5049625635147095
3.71,0.9967910063512198,0.9231760198303316,4.123442641461081,3.824649533048786,24.43549919128418,26.996599197387695,-299.3728942871094,-0.5403595566749573,-2.2828967571258545,22.734878540039062,0.6113416780219962,0.7664574173700216,0.19698827394473672,0.24134037709676148,0.05649339251017049,-0.9687947765060902,-0.753668478242286,0.6398058486456408,-0.15044035676236805,16.30940818786621,5.391778945922852,-0.553493320941925
3.72,0.9967910063512198,0.9231760198303316,4.123442641461081,3.824649533048786,24.4300479888916,26.974048614501953,-299.14508056640625,-0.5504884123802185,-2.2185800075531006,22.829072952270508,0.5989278008954285,0.7943717626579443,0.10128668227499749,0.29209173275754635,-0.0989360062876029,-0.9512592108960382,-0.7456325562696815,0.5993205897944519,-0.29128494928363563,16.334989547729492,4.965124607086182,-0.5968748927116394
3.73,3.6608666262909404,0.1461359725190532,4.011407267036183,3.5932522861373966,24.42450714111328,26.952295303344727,-298.916259765625,-0.5561830997467041,-2.1309823989868164,22.931289672851562,0.5916475476820184,0.8061911309159067,-0.003006618430240915,0.33543978050134915,-0.24956036261357803,-0.9084050743304916,-0.7330984469899389,0.5364470951032457,-0.418080352535525,16.413156509399414,4.074951171875,-0.6355310082435608
3.74,0.4220870586960111,1.4406231925016588,2.7201566398749715,1.4452651265122969,24.41895866394043,26.93144416809082,-298.6864013671875,-0.5514333248138428,-2.0372910499572754,23.035675048828125,0.5884369598653982,0.8003734887693652,-0.11464825659172712,0.36960036892140646,-0.39238206009604726,-0.8422777963403416,-0.7191227374777742,0.45325334790813926,-0.5267104432727108,16.76786994934082,3.268467426300049,-0.6733611226081848
3.75,0.4220870586960111,1.4406231925016588,2.7201566398749715,1.4452651265122969,24.41350746154785,26.911474227905273,-298.45556640625,-0.5380688905715942,-1.96385657787323,23.123666763305664,0.5880558986556386,0.7750727717367675,-0.2311978775174941,0.3964787232595398,-0.5253808917595925,-0.7528476210870171,-0.7049786394344121,0.3510514450706338,-0.616253195411614,17.091880798339844,2.6909356117248535,-0.7013046741485596
3.76,0.9327397005498241,4.002019137780713,0.05437629878849993,3.686891184321679,24.408214569091797,26.892099380493164,-298.2239685058594,-0.5201336145401001,-1.9134184122085571,23.188159942626953,0.5897568614265394,0.7296936692118825,-0.3460260012086043,0.4178375091170383,-0.6423717288945188,-0.6424720833561062,-0.6910851325091476,0.2343196769995347,-0.6837365198639365,17.186399459838867,2.2231712341308594,-0.7160784602165222
3.77,1.9173594240950154,0.24284521635973463,0.8909929427146982,1.6685934009241064,24.40314483642578,26.873205184936523,-297.9918212890625,-0.4912600517272949,-1.8638269901275635,23.248369216918945,0.5930035818782368,0.6657635192232989,-0.45288595512666274,0.43491403728224554,-0.738182080871573,-0.5156907946191904,-0.6776404150096415,0.10884002917825131,-0.7272945180558138,16.713390350341797,2.0107810497283936,-0.7315064668655396
3.78,3.457686842648306,3.1228098056271554,3.689290974639046,3.6229861984962732,24.398399353027344,26.85477638244629,-297.75909423828125,-0.45906931161880493,-1.825618028640747,23.294857025146484,0.5982127245948109,0.5880617546101724,-0.5443573356699243,0.4495386995692422,-0.808623005414873,-0.3795310167870514,-0.6633675404498232,-0.01766940515761417,-0.7480850876731394,16.32276153564453,1.916025996208191,-0.7539061307907104
3.79,3.457686842648306,3.1228098056271554,3.689290974639046,3.6229861984962732,24.394039154052734,26.83669662475586,-297.5259094238281,-0.40529879927635193,-1.7881247997283936,23.356504440307617,0.6047154582970125,0.4971771889777043,-0.6222009781870024,0.461565561770146,-0.8554283243061205,-0.23494598137153294,-0.6490581227320431,-0.14511107723069022,-0.7467705997028171,16.36543083190918,1.7247451543807983,-0.7747849822044373
3.8,3.2279046794983715,2.6148090173216154,2.6595117870886225,2.7379784753036858,24.390390396118164,26.81899070739746,-297.29193115234375,-0.32174378633499146,-1.7560614347457886,23.443689346313477,0.6117749759820116,0.39447787630937403,-0.6856519407575942,0.4709798699401496,-0.878045561107634,-0.08493500297486199,-0.6355386226448939,-0.27096715247724457,-0.72295744093619,16.437183380126953,1.4988542795181274,-0.7905337810516357
3.81,0.2724241879811366,2.841897782230703,1.9190579959902845,3.672112645616846,24.387609481811523,26.801511764526367,-297.05706787109375,-0.23627497255802155,-1.7434825897216797,23.526029586791992,0.6190856625397159,0.28227653398057906,-0.7328389323730504,0.4781391419914398,-0.8757556699819908,0.06659555082799834,-0.6229894889429926,-0.39162732904932174,-0.677135238935505,16.521793365478516,1.3469213247299194,-0.8048940896987915
3.82,0.2724241879811366,2.841897782230703,1.9190579959902845,3.672112645616846,24.385629653930664,26.784069061279297,-296.8214416503906,-0.16281454265117645,-1.7472474575042725,23.596454620361328,0.6265377182193449,0.1641892499530571,-0.7619005039034622,0.48343308016972286,-0.8486540850234087,0.21465950007091622,-0.6113451927071246,-0.5028201807534518,-0.6110883088236553,16.242801666259766,1.066153883934021,-0.8155754208564758
3.83,2.5046855003651376,1.646712783469024,1.6761862627247737,3.9783845454398343,24.38433265686035,26.766525268554688,-296.58514404296875,-0.09678467363119125,-1.7632453441619873,23.66535758972168,0.6321543716521728,0.04677096374707329,-0.773429587843145,0.4878489117065539,-0.7995190380774738,0.35038942206979135,-0.6019836291360239,-0.5988169876530236,-0.5282366189032913,15.616181373596191,0.6110604405403137,-0.8200713992118835
3.84,4.0786637548896145,3.764351130700759,0.17966003572476835,1.0095312411293205,24.383703231811523,26.74875831604004,-296.34808349609375,-0.027826670557260513,-1.792945384979248,23.74309539794922,0.6353021722474762,-0.06663494309603593,-0.7693834767502004,0.49257332095924644,-0.732340287782593,0.4701587246555019,-0.5947795166419378,-0.6776706333087608,-0.4324347804398784,15.158919334411621,0.20265670120716095,-0.8279346227645874
3.85,4.0786637548896145,3.764351130700759,0.17966003572476835,1.0095312411293205,24.383773803710938,26.73063087463379,-296.1102294921875,0.04089409112930298,-1.8342453241348267,23.82720947265625,0.6379556012166214,-0.17585322356321714,-0.7497254795181795,0.49718498156798135,-0.6494117798832477,0.5753880727405793,-0.58806440546898,-0.7398242925933816,-0.32686430075662537,14.969804763793945,0.41762056946754456,-0.8372310996055603
3.86,3.746094995392978,1.9707633949499321,1.4682198123745742,3.7110529054031,24.38450813293457,26.712047576904297,-295.8715515136719,0.10523767024278641,-1.8840340375900269,23.91390609741211,0.6455424066942963,-0.27966188711397877,-0.7106787108498354,0.49735324273072723,-0.5522391336694941,0.669082723726444,-0.5795815327497642,-0.7853796331328021,-0.21740303299544658,14.878835678100586,1.1636085510253906,-0.8481007814407349
3.87,3.798904295549455,0.8780221795192246,0.6453144546733757,1.9448281477364593,24.385883331298828,26.692901611328125,-295.6319885253906,0.17125938832759857,-1.9482544660568237,24.002437591552734,0.6581051000466724,-0.37546201062830675,-0.652630029854211,0.4914389070930104,-0.4424883166300933,0.7501279159190742,-0.5704256988318345,-0.8143907957613564,-0.10668717772721187,14.810150146484375,1.559517502784729,-0.8693745136260986
3.88,2.002199512123769,2.908538213462127,1.9767919994189906,3.5906568327025066,24.387887954711914,26.67308235168457,-295.3915100097656,0.22597002983093262,-2.0131378173828125,24.086776733398438,0.6717460819599852,-0.4611555396695879,-0.5797350857102403,0.4821874533621682,-0.3219091652813762,0.8147820255307271,-0.562363282222013,-0.8268676179050057,0.006122194752361032,14.908917427062988,1.6765766143798828,-0.897675633430481
3.89,2.002199512123769,2.908538213462127,1.9767919994189906,3.5906568327025066,24.390380859375,26.652620315551758,-295.1502685546875,0.2738475799560547,-2.083944320678711,24.163644790649414,0.6853895441593012,-0.5352134100894904,-0.49374869966156276,0.4703298422166327,-0.192264800519637,0.861292102600286,-0.5559055785631069,-0.8225453495957065,0.11995055473358307,14.840736389160156,1.645685076713562,-0.9210458397865295
3.9,2.7324985428184454,0.6427132535677799,0.4093850321043416,3.5611701438314545,24.393352508544922,26.631362915039062,-294.9082946777344,0.319598913192749,-2.168245553970337,24.22777557373047,0.6975987608447516,-0.5944617225792855,-0.3999640349530642,0.4579303138472312,-0.05940967333609959,0.8870007431642177,-0.5510497223732571,-0.8019262753533936,0.23077792868944327,14.49731159210205,1.4447369575500488,-0.9370307326316833
3.91,3.407955638761128,2.3164823692206715,2.9822511299277363,3.5582647054344054,24.396724700927734,26.60928726196289,-294.6657409667969,0.3513423502445221,-2.2424604892730713,24.27935218811035,0.7081535085980467,-0.6382121636004678,-0.3019997392261877,0.44596785027868546,0.07270692499652398,0.8920910152979669,-0.5473858646129655,-0.7664195569594758,0.33610977065827286,14.225910186767578,1.225143313407898,-0.958999752998352
3.92,3.407955638761128,2.3164823692206715,2.9822511299277363,3.5582647054344054,24.400362014770508,26.586484909057617,-294.42279052734375,0.3764517903327942,-2.324110746383667,24.30872917175293,0.717316323399976,-0.6670053885668115,-0.2013978743849541,0.43478556186201334,0.20264408419741342,0.8774376845885552,-0.5444435759381079,-0.7169652618939277,0.43536422206825554,14.172425270080566,0.9893878698348999,-0.980266273021698
3.93,0.9401300205920122,0.19978019691594165,3.3556212974469437,2.7504361217900715,24.40422821044922,26.562767028808594,-294.1795654296875,0.3952646553516388,-2.4192445278167725,24.307769775390625,0.7253064966886121,-0.6812357802353428,-0.09923858921022546,0.4247010137095628,0.32932717730981764,0.8433105354726795,-0.5418113461486036,-0.6538053395409764,0.5281846676801083,14.242874145507812,0.736974835395813,-0.994404673576355
3.94,0.521184909015611,2.4054666677293537,1.1785581730048413,0.9480346987267346,24.408220291137695,26.538177490234375,-293.9366455078125,0.4011126756668091,-2.49131178855896,24.293134689331055,0.732418125678513,-0.6808518701136752,0.002102412967219802,0.41657964733804137,0.45056867446678384,0.7895880362650882,-0.5385397725342917,-0.5774327671270105,0.6136336959838147,14.391243934631348,0.19342556595802307,-1.0023300647735596
3.95,0.521184909015611,2.4054666677293537,1.1785581730048413,0.9480346987267346,24.412220001220703,26.51304054260254,-293.6937561035156,0.39806413650512695,-2.531698226928711,24.27313804626465,0.7392434284995476,-0.6661480212961137,0.09882290798952695,0.41201207464724243,0.5634516065411943,0.7160784436296224,-0.5326961645864452,-0.4886400523999435,0.6909889256894579,14.3652925491333,-0.2199716418981552,-0.9986080527305603
3.96,1.623040064292233,3.001712910873066,2.995097164602707,2.880524762034668,24.416166305541992,26.487590789794922,-293.4512023925781,0.3901310861110687,-2.556471586227417,24.23879623413086,0.7461292513436542,-0.6381316819472883,0.18994498357282996,0.4077007791127615,0.6634475975986565,0.627389320877729,-0.5263755455947826,-0.39067280649630015,0.755184443208478,14.132050514221191,-0.29796382784843445,-0.9888473749160767
3.97,0.23702599040123604,0.9709564509643887,2.3143700451608122,3.3983887633740113,24.41998863220215,26.461885452270508,-293.2091369628906,0.37202170491218567,-2.5882492065429688,24.16597557067871,0.7530724724814576,-0.598172977780232,0.27399076598344385,0.40281480420010535,0.7484460567239368,0.5268479227363626,-0.5202134991596191,-0.2863871310445347,0.8045870533784305,13.899369239807129,-0.4675453305244446,-0.9790424704551697
3.98,0.8150651357163764,2.371009531106327,0.8151152480269783,3.512977552425334,24.423580169677734,26.435853958129883,-292.96795654296875,0.34633883833885193,-2.614508628845215,24.070356369018555,0.7608385820510745,-0.5478238459511593,0.3478702141169762,0.3983580192182953,0.8174453391222068,0.41604567786705393,-0.5122846284898529,-0.1779667141761645,0.840173974875652,13.645196914672852,-0.9836807250976562,-0.9716154932975769
3.99,0.8150651357163764,2.371009531106327,0.8151152480269783,3.512977552425334,24.426908493041992,26.409643173217773,-292.72772216796875,0.31827905774116516,-2.6263773441314697,23.968507766723633,0.7707035131941757,-0.48950088487671733,0.4079276632628212,0.3946632020154321,0.8693234769643928,0.29751915799401035,-0.5002569856834397,-0.06830502253457883,0.8631786444134664,13.162511825561523,-1.4896503686904907,-0.9651218056678772
4.0,3.359374877890746,1.6198193773966478,2.2628030132057635,0.5917153239402024,24.429931640625,26.38336181640625,-292.48858642578125,0.28595632314682007,-2.628974199295044,23.856420516967773,0.7822641349113845,-0.4266023277495869,0.4539529460086999,0.39001396985935405,0.9036188911520847,0.17709320390016126,-0.48574883072004454,0.03851432865455699,0.8732495175735275,12.497564315795898,-1.8047690391540527,-0.9582267999649048
4.01,1.4104217693389856,1.575810822969743,3.4283939197273714,0.3468274307523351,24.432615280151367,26.357097625732422,-292.2506103515625,0.250002384185791,-2.6225743293762207,23.738224029541016,0.7948522410533487,-0.3608360074377664,0.4878599088148583,0.3834862843803131,0.921787052171566,0.05698157720734525,-0.47026395203614246,0.14179564938751557,0.8710601639554651,12.393872261047363,-1.8628160953521729,-0.9484416842460632
4.02,1.4104217693389856,1.575810822969743,3.4283939197273714,0.3468274307523351,24.4349308013916,26.330944061279297,-292.0138244628906,0.2137497365474701,-2.6072771549224854,23.623334884643555,0.8072414354475901,-0.29015656973528997,0.5139751257949787,0.3747035305337421,0.9247607222973564,-0.06644449338824693,-0.45602470229370623,0.2462250424622191,0.8552278640002413,12.795479774475098,-1.909423828125,-0.9302396178245544
4.03,0.04797857545511734,0.5337724086204815,4.045312312801273,2.5619612234577707,24.4368896484375,26.304981231689453,-291.77813720703125,0.17838522791862488,-2.5840976238250732,23.517473220825195,0.8200687095768489,-0.21459944990418034,0.5305038997724572,0.3636391008136427,0.9112174370014052,-0.19351844063043586,-0.4418754529643024,0.35161037897851266,0.8252976587039245,13.23630142211914,-2.114492654800415,-0.9044408798217773
4.04,1.0915217369095642,1.4652019054318228,2.113164730236097,2.779322987216217,24.438491821289062,26.27928924560547,-291.54345703125,0.1417035311460495,-2.553123712539673,23.420684814453125,0.8341731124894793,-0.13565168346700918,0.5345594814164096,0.3495254247047156,0.8797945075310163,-0.3221701444939377,-0.42659957323537334,0.4555878019556964,0.7813146349740125,13.53292465209961,-2.703275680541992,-0.8775202035903931
4.05,1.0915217369095642,1.4652019054318228,2.113164730236097,2.779322987216217,24.439712524414062,26.253944396972656,-291.3096923828125,0.10379787534475327,-2.513862133026123,23.336151123046875,0.851264858897986,-0.05655704647059817,0.5216794422822453,0.3301964238425711,0.8304013349452596,-0.4487805082695857,-0.40782160522337335,0.5542877622820597,0.7255664097085653,13.531718254089355,-3.374070405960083,-0.8517759442329407
4.06,3.1335376831223036,1.1936336121991076,0.43347454057782137,3.3162192032864075,24.44056510925293,26.229034423828125,-291.07666015625,0.06668929755687714,-2.466912031173706,23.2685604095459,0.8698090853844621,0.01908287178257015,0.49301926837312915,0.3050270604576534,0.7646115738002309,-0.5677390541430959,-0.38780233028078703,0.6442088056020844,0.6592453013966253,13.362589836120605,-3.8509795665740967,-0.8265802264213562
4.07,1.3161793808263147,2.5682773298346984,1.1957076782093354,1.462792618144524,24.441051483154297,26.204633712768555,-290.84423828125,0.030679387971758842,-2.411632537841797,23.219430923461914,0.888302833784768,0.08899566715814818,0.45055282344806946,0.27412770503257405,0.684366136285168,-0.6756456118703691,-0.36847262696640737,0.723686923146458,0.5835282002125415,13.17581844329834,-4.095633506774902,-0.8082482218742371
4.08,1.3161793808263147,2.5682773298346984,1.1957076782093354,1.462792618144524,24.441198348999023,26.180810928344727,-290.6122131347656,6.052292883396149e-05,-2.3537628650665283,23.19476318359375,0.9048064301631783,0.1517061804084821,0.39788259419235,0.2392586382284484,0.5918240709612689,-0.7697399385921839,-0.35225080265122694,0.7916624936528822,0.49918921079573264,12.948403358459473,-4.1012349128723145,-0.7865229249000549
4.09,1.6931332254829927,2.5502219770724377,2.1170643038253365,0.017954914000274158,24.441072463989258,26.15755271911621,-290.3802795410156,-0.024202829226851463,-2.2962868213653564,23.195331573486328,0.9184163517735693,0.2059642207570537,0.33777232652019745,0.20210756313765652,0.489699111220924,-0.8481434509515446,-0.3400940130573978,0.8472151558118968,0.408120744443526,12.681817054748535,-4.033451080322266,-0.7563318014144897
4.1,2.2042435110596283,3.5807732020909673,1.9336818661980788,0.13652090974284944,24.440723419189453,26.134885787963867,-290.14825439453125,-0.043954771012067795,-2.237165689468384,23.21750259399414,0.9288579982014297,0.2513289710587705,0.27213336341539024,0.16391099554724445,0.3799478528041337,-0.9103696033415438,-0.3321987427970557,0.8902097379022924,0.31172202012047134,12.62343978881836,-3.8898723125457764,-0.7221261262893677
4.11,0.0065359417233712275,3.446966198769436,0.3791655917356876,1.5773054759990754,24.440196990966797,26.112834930419922,-289.9158935546875,-0.06095739081501961,-2.170252799987793,23.257509231567383,0.9358921848580386,0.28799562003963863,0.20288997303866685,0.12658302498211174,0.26254727661254246,-0.9565801928378589,-0.32875911562727034,0.9209383531927212,0.20926058757122384,12.70095157623291,-3.5732581615448,-0.6851346492767334
4.12,0.0065359417233712275,3.446966198769436,0.3791655917356876,1.5773054759990754,24.439523696899414,26.091466903686523,-289.68304443359375,-0.07248490303754807,-2.1066651344299316,23.3160457611084,0.9396148147170482,0.31542116329820286,0.13279115071365105,0.09205547323420858,0.1407723726021119,-0.9857529756280718,-0.32962067564379677,0.9384522517718099,0.10323556234431192,12.362405776977539,-3.293926239013672,-0.651415228843689
4.13,3.1686560400698704,0.5447652831064118,3.0686831459487585,1.287750303411695,24.438764572143555,26.070676803588867,-289.44952392578125,-0.0784260481595993,-2.051785469055176,23.38938331604004,0.940703852123167,0.3332283418351497,0.0635227108869886,0.05964347281768398,0.021869567916490806,-0.9979801491760207,-0.33394448453430337,0.942592485752429,0.0006978912349854816,11.661113739013672,-3.1341168880462646,-0.6215735077857971
4.14,0.6332310609602735,3.2726331562003352,1.5802390820423065,0.8905755848562004,24.43796730041504,26.05047035217285,-289.2152099609375,-0.08101306855678558,-1.985904335975647,23.47207260131836,0.9395575796645974,0.3423586089526873,-0.004705036746365965,0.028833531575371635,-0.0928077391196529,-0.9952664723662656,-0.341174708839468,0.9349744950721808,-0.09706962250274187,11.604765892028809,-3.1333963871002197,-0.5994781851768494
4.15,0.6332310609602735,3.2726331562003352,1.5802390820423065,0.8905755848562004,24.437166213989258,26.03096580505371,-288.98004150390625,-0.07928047329187393,-1.9171181917190552,23.56097412109375,0.9362906983216925,0.3432328017683609,-0.07450484565797535,-0.001406839424704459,-0.20846123874562728,-0.9780296175185454,-0.35122321825174196,0.9158248499199397,-0.19469744536076883,11.698993682861328,-3.1274778842926025,-0.5743378400802612
4.16,1.0555299603252468,1.5776898976487783,1.510079048204912,4.1145545872405895,24.4364013671875,26.012107849121094,-288.7439880371094,-0.0733042061328888,-1.8550862073898315,23.65138816833496,0.9310580451908161,0.3358766864959877,-0.14254040814426014,-0.029504132260102706,-0.3200759909011397,-0.94693234511671,-0.3636762607939025,0.8858545092266166,-0.288099576219466,11.429974555969238,-3.00357985496521,-0.5431594848632812
4.17,0.694285826222185,1.5871462807981336,2.9818850778219717,4.009938582783895,24.435718536376953,25.993881225585938,-288.50701904296875,-0.06175903230905533,-1.7874104976654053,23.742977142333984,0.9239826578468511,0.32112506517184913,-0.20768904765693535,-0.0556274484898695,-0.42444229646148474,-0.9037446121272358,-0.3783670638054745,0.8465975605285411,-0.37431395316545074,11.020872116088867,-3.164703845977783,-0.5223045349121094
4.18,0.694285826222185,1.5871462807981336,2.9818850778219717,4.009938582783895,24.43519401550293,25.976383209228516,-288.2691345214844,-0.0428096279501915,-1.7111034393310547,23.835737228393555,0.9141466822975994,0.2999393621170088,-0.27271271018625676,-0.08316741970136238,-0.5196560765586604,-0.8503180242684949,-0.3967606627987569,0.799996213208851,-0.45009669550774273,10.612178802490234,-3.722464084625244,-0.5058935284614563
4.19,0.6090382395293288,2.7597406939258136,0.09666341426392062,2.984216391175698,24.43488883972168,25.95965576171875,-288.0303039550781,-0.016908876597881317,-1.634219765663147,23.925905227661133,0.900230576418748,0.27250442110067297,-0.3395971875050726,-0.11370629647692208,-0.6057450770016294,-0.7874920823918118,-0.4203043985283412,0.7475387897419618,-0.5143247713350506,10.274365425109863,-4.425867080688477,-0.4843962490558624
4.2,2.0620410977770134,2.4726644393132498,1.283177522684616,1.6867397318888429,24.434858322143555,25.943649291992188,-287.7906799316406,0.010295461863279343,-1.5717828273773193,24.003398895263672,0.8815578002970842,0.23929422746149373,-0.4069325711207853,-0.14578538892094614,-0.6818744823963597,-0.7167941201166934,-0.4490016315254707,0.6912202709414006,-0.5662261667630367,9.705521583557129,-4.800344467163086,-0.46133843064308167
4.21,0.841831165744797,2.243483057802727,3.0053537298841495,0.9370828051748227,24.435100555419922,25.928194046020508,-287.55029296875,0.03957439586520195,-1.5194472074508667,24.070045471191406,0.8594820801810932,0.20188209535300924,-0.4696106615308678,-0.1752258733115664,-0.7466789452044689,-0.6416903038931947,-0.48019417652630864,0.6338092555053296,-0.6063822065875615,9.240358352661133,-4.763665199279785,-0.43858441710472107
4.22,0.841831165744797,2.243483057802727,3.0053537298841495,0.9370828051748227,24.4356632232666,25.913246154785156,-287.3092956542969,0.0731983333826065,-1.4714843034744263,24.130231857299805,0.8350837336600101,0.15975615169725105,-0.5264153586013067,-0.20047528272007104,-0.8027286226118266,-0.5616372667995129,-0.5122936841253902,0.574547413565325,-0.6383184556086645,9.160855293273926,-4.764814853668213,-0.40896838903427124
4.23,3.1990910550519387,3.574187517283989,1.2753979246592957,1.0528316427332733,24.43657684326172,25.898744583129883,-287.0677185058594,0.10964564979076385,-1.4297683238983154,24.18305015563965,0.8078399967680076,0.11215805319957792,-0.5786321030882624,-0.22229804755508772,-0.8512470427229916,-0.47535465739651356,-0.5458737195314141,0.512639291664072,-0.6627388919982719,9.22580623626709,-4.901076316833496,-0.37256208062171936
4.24,0.2287282048621706,2.5852247662219074,0.03536799575100158,0.7804940437426898,24.43788719177246,25.8846435546875,-286.8255920410156,0.15498332679271698,-1.3897240161895752,24.236570358276367,0.7782929387090257,0.05925997833717797,-0.6250986774287288,-0.24007680439875514,-0.891809171945268,-0.3834573363804338,-0.5801924073489333,0.4485138301120407,-0.6798618349730164,9.2491455078125,-4.687178134918213,-0.3404652774333954
4.25,0.2287282048621706,2.5852247662219074,0.03536799575100158,0.7804940437426898,24.43964958190918,25.870899200439453,-286.5830383300781,0.19278129935264587,-1.361994981765747,24.27414894104004,0.7493600327096428,0.0027406804888545216,-0.6621571037509609,-0.25219089782059595,-0.9234437867304908,-0.289225385824435,-0.6122575376700924,0.38372393907509805,-0.6913006915567534,8.992907524108887,-4.3017730712890625,-0.3134195804595947
4.26,2.210803785792679,1.8606534713376002,3.958624844224986,1.8596480127838746,24.44170570373535,25.85736083984375,-286.34014892578125,0.21769139170646667,-1.3459773063659668,24.292842864990234,0.7212803338349226,-0.05435994124765847,-0.6905068260419541,-0.2594989128511087,-0.945514425457025,-0.19662854696550147,-0.6421954486385552,0.3210100746709095,-0.6960873060957956,8.520744323730469,-4.023048400878906,-0.28767186403274536
4.27,0.9338873209457076,3.8762742040598916,2.5025009417532478,0.31846303364700534,24.444072723388672,25.843982696533203,-286.0970764160156,0.26160910725593567,-1.329527497291565,24.327354431152344,0.6936090017167076,-0.11144031970976795,-0.7116794277485736,-0.2628946368882825,-0.9589779520329922,-0.10605516210909477,-0.6706660589540301,0.2606575198562147,-0.6944528023627499,8.44605541229248,-4.015381813049316,-0.263193279504776
4.28,0.9338873209457076,3.8762742040598916,2.5025009417532478,0.31846303364700534,24.446977615356445,25.83075523376465,-285.85357666015625,0.3179042935371399,-1.3171956539154053,24.371788024902344,0.6648788501207983,-0.17103603856949548,-0.7271057613390909,-0.2629242318566477,-0.964722135893989,-0.013492546784478768,-0.699147311347642,0.2001446327698888,-0.6863928634599645,8.517762184143066,-3.9900190830230713,-0.2314651906490326
4.29,2.821503338027433,2.854925696426811,3.7531370472347194,1.722602764786035,24.450420379638672,25.81761360168457,-285.6096496582031,0.37065231800079346,-1.3123805522918701,24.411972045898438,0.6369246773263079,-0.23164642458175555,-0.7353005435815124,-0.25962474239242384,-0.9625266859412748,0.07834138107395067,-0.7258938962069087,0.14100465534653606,-0.6731981421692711,8.416773796081543,-3.755460023880005,-0.1943848580121994
4.3,3.370656691474286,0.5314945450424937,2.738257935889718,3.4304825905260197,24.45442771911621,25.804481506347656,-285.36529541015625,0.43500134348869324,-1.3163485527038574,24.463268280029297,0.6104066731615579,-0.29257907764061925,-0.7360714480855807,-0.25340548927461787,-0.9525732995104653,0.16849263207997328,-0.7504594268615264,0.08367551844303224,-0.6555982430177488,8.504701614379883,-3.612750291824341,-0.1634538173675537
4.31,2.781147348332764,1.0447357636805203,3.0241682690596106,2.0486288208443106,24.459138870239258,25.791255950927734,-285.1203918457031,0.5063376426696777,-1.3302295207977295,24.522321701049805,0.5841292351207102,-0.3550658353473753,-0.7298775851102464,-0.24413633542229649,-0.934457603965959,0.25920346470826966,-0.7740739540921566,0.026781317355011325,-0.6325284773327319,8.798285484313965,-3.7497565746307373,-0.148417666554451
4.32,2.781147348332764,1.0447357636805203,3.0241682690596106,2.0486288208443106,24.46453285217285,25.77785301208496,-284.8748779296875,0.5708860158920288,-1.3510499000549316,24.578386306762695,0.5566129261877197,-0.4192512816674986,-0.7172241025097411,-0.2309669672110853,-0.907380831409925,0.35116134019442763,-0.7980202443911165,-0.029805865362254214,-0.601893096763827,9.172826766967773,-3.989628314971924,-0.137125164270401
4.33,0.9934346802835102,0.5587526173855368,1.0698739956126602,2.568509453975337,24.47054100036621,25.764211654663086,-284.6288146972656,0.6301316618919373,-1.3786360025405884,24.634578704833984,0.5282529264089288,-0.4849458518466181,-0.6969765896478597,-0.21354909533539448,-0.8703488876495469,0.44372243311402615,-0.8217941528277246,-0.08555895361652563,-0.5633240948461267,9.593050003051758,-4.18736457824707,-0.12046606093645096
4.34,1.1990544176444018,2.9386956248906304,1.9872189135325,3.357491723551187,24.477088928222656,25.750282287597656,-284.3821716308594,0.6751655340194702,-1.4058754444122314,24.685571670532227,0.49943182480577414,-0.5507252850145863,-0.668782111615418,-0.1915182232306573,-0.8230354492673756,0.5347274253484867,-0.8449192994255408,-0.1389759320704561,-0.5165240243816364,9.730088233947754,-4.436089992523193,-0.10376442223787308
4.35,1.1990544176444018,2.9386956248906304,1.9872189135325,3.357491723551187,24.484050750732422,25.73606300354004,-284.13507080078125,0.7206206917762756,-1.4423545598983765,24.744415283203125,0.4702157542944123,-0.6130110092802169,-0.6349131018608664,-0.16437634833277906,-0.7676491849066602,0.619431307750037,-0.8671087362736681,-0.1869016624147309,-0.46172525170764933,9.442049980163574,-4.675445079803467,-0.0834757536649704
4.36,1.0933721675869637,2.7829523931071583,2.2100705536816574,0.1519099587171173,24.49152374267578,25.72138023376465,-283.88726806640625,0.7739033102989197,-1.4954512119293213,24.81672477722168,0.4412685586417021,-0.669484541928676,-0.5975554428442817,-0.13245249079660681,-0.7071901656086037,0.6945058727960842,-0.8875462787010318,-0.22731589866313076,-0.4007356801919735,8.971696853637695,-4.863288879394531,-0.0592782124876976
4.37,1.2440040764973728,0.06942177746950988,1.6468222751131074,0.063668669881956,24.499488830566406,25.706157684326172,-283.63873291015625,0.8166519403457642,-1.5461167097091675,24.88911247253418,0.41332863566784905,-0.7202240561015822,-0.5571685094740539,-0.09655935612372396,-0.6430990947690324,0.7596708794288634,-0.9054478061610873,-0.26019389562369755,-0.3353556425620986,8.744327545166016,-4.853635787963867,-0.028452496975660324
4.38,1.2440040764973728,0.06942177746950988,1.6468222751131074,0.063668669881956,24.507793426513672,25.690509796142578,-283.3894958496094,0.8409998416900635,-1.5798991918563843,24.957355499267578,0.3877110744439427,-0.7672591787773562,-0.5108752052462717,-0.058548054286788054,-0.5736049675501897,0.817037004389016,-0.9199196965457119,-0.28686354558159305,-0.26731453032636004,8.946678161621094,-4.797631740570068,0.0016241155099123716
4.39,0.3727904630253315,3.7894144832058654,1.3118999012971932,0.003282937966794439,24.516277313232422,25.674589157104492,-283.1395568847656,0.8554419279098511,-1.6038926839828491,25.027252197265625,0.36426753242197707,-0.811603602807144,-0.45673707615395975,-0.018029027394912134,-0.4964862339578538,0.8678573463775836,-0.9311198198912951,-0.3078977288009956,-0.19548623891412703,9.354697227478027,-4.837593078613281,0.027403181418776512
4.4,0.6308848782336125,1.1523246964143556,0.08338379281382792,0.4293544703708955,24.524911880493164,25.658395767211914,-282.8889465332031,0.8722406029701233,-1.6380805969238281,25.103946685791016,0.3434838954959261,-0.852034095908607,-0.3950401409276611,0.024385701581462083,-0.4123988283316379,0.9106769701431303,-0.9388419201832241,-0.3224362042325503,-0.12087490685324856,9.418610572814941,-4.664379596710205,0.06151929497718811
4.41,3.7093382262064436,0.1201780450418026,1.5983214838903121,1.5978301017619834,24.533708572387695,25.64183807373047,-282.6374816894531,0.8852244019508362,-1.669960618019104,25.183252334594727,0.326424408188567,-0.8860786221496133,-0.3291075524933853,0.06597863602007459,-0.3259710061328727,0.9430746114436825,-0.9429177723044964,-0.3295566393355855,-0.04794263386757608,9.235982894897461,-4.390499591827393,0.09289232641458511
4.42,3.7093382262064436,0.1201780450418026,1.5983214838903121,1.5978301017619834,24.542619705200195,25.62495994567871,-282.38525390625,0.8985067009925842,-1.712440013885498,25.263458251953125,0.3128190983650379,-0.9137350374347262,-0.25929229271662535,0.10677363730923978,-0.23743267817230884,0.9655180545757183,-0.9437921392307945,-0.32971806850714785,0.023289337175542213,9.437398910522461,-4.231075763702393,0.1086791455745697
4.43,0.06379695145262014,0.30023932559105077,1.3106972458953026,0.8091687634572311,24.551679611206055,25.60753631591797,-282.1322326660156,0.9131379723548889,-1.773895263671875,25.341352462768555,0.3025188745809012,-0.9355176023890623,-0.18245313409893887,0.1471759572839304,-0.1432782854534545,0.978677970792782,-0.9417120409763613,-0.32292127297181716,0.09434131302031748,9.962942123413086,-4.121264934539795,0.1169666051864624
4.44,1.8331635400858821,2.961821141886687,0.6405163771429453,3.280009341061331,24.560853958129883,25.58954429626465,-281.8784484863281,0.9200507998466492,-1.8178457021713257,25.416595458984375,0.29553915679655285,-0.9501980375716,-0.09889538004913484,0.18752076472990364,-0.04380629866825181,0.9812833286019386,-0.9367457336946323,-0.3085525848085998,0.16523538607948707,10.278406143188477,-4.18210506439209,0.13328774273395538
4.45,1.8331635400858821,2.961821141886687,0.6405163771429453,3.280009341061331,24.570070266723633,25.571142196655273,-281.6239318847656,0.9230366945266724,-1.870989203453064,25.48357391357422,0.291793456610435,-0.9563823837426506,-0.013759169526519288,0.22882212153344045,0.055831989113345415,0.9718658475780402,-0.9287071741815445,-0.2867324973880229,0.2351328551380215,10.053947448730469,-4.213375568389893,0.1536128968000412
4.46,1.2832015275540334,1.0363901408980338,3.2158935777707427,1.3664311657970045,24.57929801940918,25.552064895629883,-281.3688049316406,0.9212002158164978,-1.9463555812835693,25.536176681518555,0.2913770414520536,-0.9542084974721745,0.06771678570740991,0.2690179465932119,0.14966728048760813,0.9514352576829468,-0.9180025948358861,-0.2590093598759293,0.3003088200024123,9.510313987731934,-4.09597110748291,0.16973519325256348
4.47,3.1432901147310583,1.356729390503681,3.961783670138811,2.004009483293042,24.588476181030273,25.53224754333496,-281.11322021484375,0.9133666753768921,-2.014608383178711,25.579242706298828,0.29404594208128665,-0.9447687545557617,0.14473763975097614,0.30779186341271797,0.2369645826165869,0.9214727100691986,-0.9048763190416993,-0.2264062432895822,0.3604706093942238,9.373430252075195,-4.174072742462158,0.19014237821102142
4.48,3.1432901147310583,1.356729390503681,3.961783670138811,2.004009483293042,24.5975399017334,25.511754989624023,-280.8572692871094,0.8977044820785522,-2.0878918170928955,25.606521606445312,0.30000879146421533,-0.9278811978431754,0.22142991607570855,0.3470326724117025,0.32237674446197984,0.8807051486785391,-0.888573603773471,-0.1873758717637084,0.41872094927029535,9.776850700378418,-4.3933305740356445,0.21454550325870514
4.49,3.8408092123778577,2.2368649589617515,3.416416138829513,2.086182555378175,24.606393814086914,25.490468978881836,-280.6012268066406,0.8719328045845032,-2.169032096862793,25.613798141479492,0.30964302521132175,-0.9023200933879683,0.29989939314094827,0.38625498362409205,0.4075680849810801,0.8274631978102757,-0.8688660912727192,-0.140380572634476,0.47472624770838556,10.356559753417969,-4.585587501525879,0.2393905520439148
4.5,2.057557299448217,2.7921262378832776,1.8176294072742343,0.15391178643509684,24.614940643310547,25.4683780670166,-280.3451843261719,0.8357598781585693,-2.249246835708618,25.601903915405273,0.32314118952240745,-0.8669520771140791,0.3794388852261023,0.424218117331979,0.49110903261342553,0.760822520048412,-0.8459425279304467,-0.08488824461071759,0.5264743349542845,10.899579048156738,-4.629419803619385,0.26532357931137085
4.51,1.0863231497080699,3.627869091480408,0.6790146414852092,3.7103990221763317,24.623104095458984,25.445556640625,-280.0892333984375,0.7981364727020264,-2.3087048530578613,25.58342170715332,0.33975539563275553,-0.8213768877072807,0.45815530061184573,0.4584696007988897,0.5699761293010439,0.6818598368948755,-0.8212014955428031,-0.021615280874896392,0.5702287991244943,11.235054016113281,-4.378366470336914,0.2962375581264496
4.52,1.0863231497080699,3.627869091480408,0.6790146414852092,3.7103990221763317,24.630895614624023,25.4222469329834,-279.8335266113281,0.7574701309204102,-2.3534417152404785,25.55628204345703,0.35825017819008326,-0.767125492123663,0.5321421700643555,0.48739519673273884,0.6398104841424865,0.5942124759572216,-0.7963056775062126,0.046486812273857925,0.6031055001042411,10.920902252197266,-4.133978366851807,0.32471564412117004
4.53,1.3521957948150856,2.4393982833174848,2.3377451416018653,3.41227036645012,24.63822364807129,25.39850425720215,-279.57818603515625,0.7072519659996033,-2.3942837715148926,25.5139217376709,0.3787912909591485,-0.7089325597600028,0.5949216617384439,0.5120361968283681,0.6960106152315169,0.5033767541539692,-0.7709319626471858,0.11394669454255771,0.6266418911721292,10.12241268157959,-4.029876232147217,0.3464007079601288
4.54,3.2794246485124225,0.2797429112178371,3.986049607262968,0.7009057299134859,24.64501953125,25.374387741088867,-279.32330322265625,0.6500746011734009,-2.427898406982422,25.46100616455078,0.4014727113975186,-0.6495981268778073,0.6456329727948913,0.5330883047555737,0.7389615276763972,0.41201058232403903,-0.744739230426297,0.17876838135142742,0.6429660523643821,9.519454002380371,-4.103801727294922,0.36652591824531555
4.55,3.2794246485124225,0.2797429112178371,3.986049607262968,0.7009057299134859,24.651227951049805,25.349979400634766,-279.0689697265625,0.5913938283920288,-2.4512317180633545,25.404041290283203,0.4271048544037382,-0.5874706400950684,0.6873570326773796,0.551234277193841,0.7717521102374598,0.31707956728652753,-0.71674417681021,0.24346853466170604,0.6534530263441561,9.801072120666504,-4.2686004638671875,0.38815000653266907
4.56,2.7014822919325976,1.8476237934878497,0.9754412135519513,0.5022995469463654,24.656848907470703,25.325395584106445,-278.8152160644531,0.533062756061554,-2.4641683101654053,25.345985412597656,0.45551152761731084,-0.5168422661024483,0.7248333050969927,0.5658782917683471,0.7966515179676832,0.21243379633458473,-0.6872343174733647,0.31340138941918,0.6553537685838438,10.719482421875,-4.396012783050537,0.41262778639793396
4.57,0.4106792428720797,3.7492212287023476,1.815433358212229,2.74089307487153,24.66190528869629,25.300735473632812,-278.5620422363281,0.4801747798919678,-2.4664623737335205,25.29365348815918,0.48579128216836304,-0.43656390195283334,0.7572442074264646,0.5761116687482415,0.8114478327690452,0.0982230106774161,-0.6573447917960057,0.38854134169498133,0.6457038411629046,11.346243858337402,-4.222322940826416,0.4380934536457062
4.58,0.4106792428720797,3.7492212287023476,1.815433358212229,2.74089307487153,24.66643524169922,25.276094436645508,-278.3093566894531,0.42317909002304077,-2.4606921672821045,25.241992950439453,0.5154813501679603,-0.35137840712249374,0.781544747686961,0.5814418374210228,0.8133931722614182,-0.017802724931077374,-0.629447668456625,0.46359978680599695,0.623595117322091,11.201493263244629,-4.013945579528809,0.4668513834476471
4.59,1.8686813428434121,2.9271262150753525,2.0993460000147413,0.17914565776540226,24.67033576965332,25.251550674438477,-278.0571594238281,0.3570038378238678,-2.446748971939087,25.19022560119629,0.5455194811446051,-0.26782340525737225,0.7941530830312666,0.5823882723276187,0.8025456136691715,-0.12940030230113037,-0.6026876437649704,0.533095827761499,0.593781477040426,10.611042022705078,-3.989346981048584,0.49898749589920044
4.6,2.479340600056342,2.5986730054862557,3.024827919244874,4.045948374339128,24.673585891723633,25.22718620300293,-277.80548095703125,0.2953319549560547,-2.4255878925323486,25.150720596313477,0.5755540816085973,-0.18780095850864387,0.7959072176622842,0.5793303009782645,0.7805537424286836,-0.2347599998913989,-0.577160204373203,0.5962102440949928,0.5580496781865139,10.353561401367188,-3.7881715297698975,0.5314263701438904
4.61,3.1246641927228795,2.125232436213935,2.617501169516874,0.7126527484443904,24.67619514465332,25.203079223632812,-277.5541687011719,0.22082842886447906,-2.3924310207366943,25.11285972595215,0.6041353555752588,-0.10895722462335192,0.7893977421720509,0.5729345111576345,0.747902188626925,-0.33524373546960967,-0.5538650720784962,0.6548058028525952,0.5142595088883144,10.299687385559082,-3.7125961780548096,0.5560733675956726
4.62,3.1246641927228795,2.125232436213935,2.617501169516874,0.7126527484443904,24.677997589111328,25.17936897277832,-277.30322265625,0.1440635472536087,-2.350064754486084,25.085874557495117,0.6327503846514884,-0.0316318269864449,0.7737094921512166,0.5628311313037941,0.7050226657405696,-0.4314674477030135,-0.5318346250092083,0.7084789822666308,0.4639067399033497,10.464102745056152,-3.6285905838012695,0.5773801207542419
4.63,0.08724428884634301,0.015139569768870459,4.116960767940439,0.6040714444561003,24.679107666015625,25.156089782714844,-277.0523681640625,0.07888028025627136,-2.3050687313079834,25.079601287841797,0.6593644066528487,0.04598272615388871,0.7504159967210141,0.5502085565400427,0.6506960159910767,-0.5233213535519671,-0.5123564418931993,0.7579447761339851,0.40374570311242175,10.90368938446045,-3.3257739543914795,0.6004184484481812
4.64,0.5138967899077743,3.614714803136719,3.1138861811024174,0.4135088167143582,24.679630279541016,25.133255004882812,-276.801513671875,0.03015073947608471,-2.264275312423706,25.096590042114258,0.6842250309153532,0.12391515832734437,0.7186662233649174,0.5352208573524125,0.58404161507254,-0.6102737301559095,-0.49535314768741767,0.8022097141023464,0.3332939148499403,11.4335355758667,-3.439882516860962,0.628434956073761
4.65,0.5138967899077743,3.614714803136719,3.1138861811024174,0.4135088167143582,24.679725646972656,25.110816955566406,-276.5503845214844,-0.013693900778889656,-2.220597743988037,25.1303653717041,0.7101847223381842,0.20048202238796783,0.674866371111101,0.5154596528922164,0.504846332790513,-0.6924099410812976,-0.479519557888593,0.8396053471525777,0.2551937590050496,11.71359920501709,-3.602362871170044,0.6680067181587219
4.66,2.148141958328392,3.6065602159095107,1.2484290690637976,2.1678427216908727,24.679353713989258,25.088878631591797,-276.298828125,-0.06115062162280083,-2.1659743785858154,25.17641258239746,0.7348576714719605,0.271558670496406,0.62148217283928,0.4927568445892963,0.4158626029493521,-0.7643618171903863,-0.46602027293800036,0.8679367395993869,0.1717874304609559,11.718087196350098,-3.481534957885742,0.7126307487487793
4.67,1.307919633229712,1.5869328958352729,1.180818603256052,3.5177195531594867,24.678503036499023,25.06753158569336,-276.0467834472656,-0.10956533253192902,-2.10056209564209,25.23532485961914,0.7569812284446706,0.335049475129389,0.5610002397485391,0.4687432422792508,0.3197200796877018,-0.8234432849091825,-0.45525728176486424,0.8862961806642352,0.08496992138431342,11.532309532165527,-3.197507858276367,0.7465274930000305
4.68,1.307919633229712,1.5869328958352729,1.180818603256052,3.5177195531594867,24.677181243896484,25.046873092651367,-275.7940979003906,-0.15278974175453186,-2.031893491744995,25.30650520324707,0.7761066270937185,0.38937055964251605,0.4960333362435289,0.44456799374528905,0.22003139892382867,-0.8683003411406168,-0.4472334986542272,0.8944141941915372,-0.0023338616502686094,11.180734634399414,-3.0822460651397705,0.7639181017875671
4.69,0.34183240906194085,0.2541597824596414,1.9973366266579327,1.6591496051609105,24.675472259521484,25.026884078979492,-275.5406494140625,-0.18784935772418976,-1.9653096199035645,25.386943817138672,0.7937800747869983,0.43405320978708795,0.4260410824611555,0.4180348925363717,0.11943590793996628,-0.9005453306284252,-0.4417691948215166,0.8929349780180422,-0.08664354297157306,10.792550086975098,-3.2182555198669434,0.7749335765838623
4.7,2.4848617825644927,2.28634316338951,3.54801771963017,3.4727256007787153,24.6734676361084,25.00752067565918,-275.286376953125,-0.21119463443756104,-1.9114454984664917,25.47100257873535,0.8102646487289671,0.46931893856258394,0.351014149182926,0.38818213848725186,0.018942247485877528,-0.9213879848465836,-0.4390738279373844,0.8828255349539191,-0.16683299569850935,10.634794235229492,-3.4771130084991455,0.7900863885879517
4.71,2.4848617825644927,2.28634316338951,3.54801771963017,3.4727256007787153,24.67124366760254,24.988723754882812,-275.0312194824219,-0.23612326383590698,-1.8373445272445679,25.560935974121094,0.8253917773135044,0.49590236608534927,0.2698319055527104,0.3542824440808195,-0.08284655620219278,-0.9314614312689271,-0.4395592835549894,0.8644173132442394,-0.2440703685502098,10.684673309326172,-3.7636890411376953,0.8101540207862854
4.72,1.1478027099310972,3.5818761814256286,3.225775907529022,2.917136059321801,24.668745040893555,24.970855712890625,-274.7751159667969,-0.2622859477996826,-1.7341161966323853,25.658735275268555,0.8383449363809502,0.5133975379231868,0.1833050345703326,0.3169639318822117,-0.1854877227599826,-0.9301226642712694,-0.4435218523705336,0.8378647102961945,-0.3182311953754452,10.756558418273926,-4.007322788238525,0.8317182660102844
4.73,1.8735685217521194,2.245804649490849,2.415207980470566,0.20623702485351222,24.666030883789062,24.954036712646484,-274.51800537109375,-0.278917521238327,-1.6310261487960815,25.756093978881836,0.848390606032168,0.521127470165816,0.09305664637707031,0.2770049537628773,-0.2872263287218965,-0.9169347259645951,-0.4511115551470576,0.8036959598800516,-0.3880350098706115,10.64935302734375,-4.18480110168457,0.8601099252700806
4.74,3.3430547495039313,1.0700568181464805,2.236241901072478,3.1896039690853772,24.663204193115234,24.93816566467285,-274.260009765625,-0.28434842824935913,-1.5497045516967773,25.8414363861084,0.8549510076681256,0.5187042633798328,0.002159082870485163,0.23620669200668878,-0.3856136332839505,-0.8919128457852865,-0.4618064238818185,0.7630517760788817,-0.45220218252939703,10.677713394165039,-4.104084014892578,0.8935521245002747
4.75,3.3430547495039313,1.0700568181464805,2.236241901072478,3.1896039690853772,24.660367965698242,24.923030853271484,-274.001220703125,-0.28148752450942993,-1.4739187955856323,25.919273376464844,0.8578842086730598,0.5062878050441266,-0.08779147437535079,0.19706840147502122,-0.4819650960475394,-0.8537409978043492,-0.4745510822340176,0.715109994794847,-0.5132435734571219,10.9254150390625,-3.997748374938965,0.9157261252403259
4.76,2.953752861033059,3.227816415340836,0.4115841222454503,1.3901064693357896,24.657602310180664,24.908702850341797,-273.7416687011719,-0.2700428068637848,-1.3919545412063599,25.994752883911133,0.8571469226388331,0.48372482271820805,-0.17694476227630118,0.15897017350830092,-0.5752095102286587,-0.8024104331807055,-0.48992615458405486,0.6596546939336859,-0.5699368805628708,11.172618865966797,-4.021848678588867,0.9279013276100159
4.77,1.2864674311122313,3.5068415873101566,2.8694950562981614,1.924712395140898,24.654987335205078,24.895158767700195,-273.48138427734375,-0.2518541216850281,-1.3200950622558594,26.05742835998535,0.8529125462027868,0.4509592283409309,-0.2630132371270144,0.12294636057628566,-0.6631453248185261,-0.7383240959039448,-0.5073700631205244,0.5973893642721502,-0.6210487633862508,11.221680641174316,-3.688443660736084,0.9434713125228882
4.78,1.2864674311122313,3.5068415873101566,2.8694950562981614,1.924712395140898,24.652589797973633,24.882286071777344,-273.2205505371094,-0.22633007168769836,-1.2539840936660767,26.110443115234375,0.8465829979864629,0.4091095808573456,-0.3404799235945936,0.09192899474121952,-0.7424655728111526,-0.6635464815038029,-0.5242578444297444,0.5304471925092401,-0.666167763039419,11.08179759979248,-3.3125758171081543,0.9680432081222534
4.79,2.4828413551926043,3.1103586548432487,1.396807906521201,2.827104141868201,24.650487899780273,24.87006950378418,-272.9591979980469,-0.19235803186893463,-1.1903412342071533,26.1577205657959,0.8382139643962374,0.3594918820897275,-0.41007674477191336,0.06412723320651009,-0.8117216416765958,-0.5805132852873656,-0.5415579819856978,0.4602972552008515,-0.7034496350145765,10.913482666015625,-3.1689515113830566,0.9984843730926514
4.8,3.5965739410522715,2.618257772849936,3.18889353939657,2.232387600720036,24.648759841918945,24.858461380004883,-272.69744873046875,-0.15151624381542206,-1.1331754922866821,26.19762420654297,0.8279777021810097,0.30335503518211654,-0.47162341684940967,0.03907974441737616,-0.8702120487829481,-0.49112499806999904,-0.5593976208988806,0.388209624793926,-0.7323712098041755,10.680747985839844,-2.9619181156158447,1.0211079120635986
4.81,3.5965739410522715,2.618257772849936,3.18889353939657,2.232387600720036,24.647489547729492,24.847396850585938,-272.43524169921875,-0.10064815729856491,-1.0800236463546753,26.237051010131836,0.8166781293662315,0.24184921506547638,-0.5239711730497065,0.017265985084858132,-0.9177820088557198,-0.3967090495310239,-0.5768350880224971,0.31493672601488054,-0.7537082590983766,10.696656227111816,-2.7109322547912598,1.0365800857543945
4.82,1.423780817084808,2.995186312272846,0.9674203633155701,3.1553895736289417,24.646780014038086,24.836835861206055,-272.17266845703125,-0.04070859029889107,-1.0336761474609375,26.276220321655273,0.8046740904812074,0.17415672539104843,-0.5675993684891734,-0.0015399175921607527,-0.9553949047500009,-0.2953272839267405,-0.5937147772811882,0.23851626984087107,-0.7685133390248641,10.987861633300781,-2.481886386871338,1.051392674446106
4.83,3.1219476046335086,1.7995124117422057,1.1838896466647955,3.467400208155105,24.64666748046875,24.826671600341797,-271.9097595214844,0.01568889617919922,-1.0019752979278564,26.300291061401367,0.7922093732092227,0.10128045651614062,-0.6017861564769774,-0.017574599804637887,-0.9819360161804641,-0.18839531196223236,-0.6099962642845921,0.1598246828732101,-0.7761189524185842,10.877896308898926,-2.2873892784118652,1.064103126525879
4.84,4.005620786922877,2.634899063076397,1.5144523438459025,2.224058151121836,24.6470890045166,24.816761016845703,-271.6466979980469,0.06979890167713165,-0.9823288917541504,26.314882278442383,0.7793322128835227,0.027099741668258348,-0.6260246847877369,-0.031137106483509237,-0.9961553159875742,-0.0818844736780463,-0.625836865774066,0.08330780534385546,-0.775492119242281,10.580047607421875,-2.1291003227233887,1.0686246156692505
4.85,4.005620786922877,2.634899063076397,1.5144523438459025,2.224058151121836,24.64807891845703,24.806997299194336,-271.3834533691406,0.129485622048378,-0.9719250798225403,26.33338165283203,0.766590832522731,-0.04799544223562993,-0.6403397012654395,-0.042413576047992896,-0.998809721797958,0.024087926617013818,-0.6407336295676442,0.008693512897087701,-0.7677140345041119,10.548924446105957,-1.7965590953826904,1.0692166090011597
4.86,3.513874130890351,3.9903045620691437,1.6488832863177934,0.016281890789084277,24.649688720703125,24.79728889465332,-271.12005615234375,0.19231809675693512,-0.9718871116638184,26.355281829833984,0.7557085127468071,-0.12423383631721738,-0.6430167942409557,-0.05190690258700583,-0.990116091985592,0.13029120405845418,-0.6528478515135299,-0.06508516194253113,-0.7546877529608405,10.649303436279297,-1.2950727939605713,1.0693961381912231
4.87,2.9717655892929185,1.5990620262487916,2.265882424601535,0.7126610657050171,24.65190887451172,24.78752899169922,-270.85638427734375,0.25147107243537903,-0.9815471172332764,26.374971389770508,0.7477969408976779,-0.20078468055918225,-0.6328390373837746,-0.06071116907477886,-0.9698610153062239,0.2359740768363222,-0.6611458909602698,-0.1380402949936287,-0.7374489730309641,10.800530433654785,-0.5655596852302551,1.0747759342193604
4.88,2.9717655892929185,1.5990620262487916,2.265882424601535,0.7126610657050171,24.654680252075195,24.777633666992188,-270.5925598144531,0.3010956048965454,-0.9977967739105225,26.388002395629883,0.743921244243464,-0.2768046315606923,-0.6082436833291455,-0.07045896827616399,-0.9375960217478636,0.3405131918032517,-0.6645424863413286,-0.21045877493972287,-0.7170009678502227,11.11777114868164,0.06497853994369507,1.079687237739563
4.89,1.6288153855441045,1.1429094558037003,2.482580942775557,4.1542427123313885,24.657907485961914,24.767549514770508,-270.3285827636719,0.34359419345855713,-1.0199425220489502,26.399473190307617,0.7420802323290776,-0.3517531422763238,-0.5706020116378442,-0.08142399669424635,-0.8922489330317867,0.44414184025598613,-0.6653473239960898,-0.2831281836948961,-0.690761442213498,11.561537742614746,0.4535216987133026,1.0793207883834839
4.9,1.5143934790629587,2.9420142858614535,0.4528759845238116,2.1226795188499565,24.66155433654785,24.757198333740234,-270.06451416015625,0.3870505094528198,-1.0536091327667236,26.421592712402344,0.7406729519225039,-0.42361807549548897,-0.521489505554908,-0.09322853524692104,-0.833473767358156,0.5446374200709275,-0.6653660785658657,-0.35478050290186547,-0.6568247683016997,11.704670906066895,0.4336022138595581,1.072445034980774
4.91,1.5143934790629587,2.9420142858614535,0.4528759845238116,2.1226795188499565,24.665626525878906,24.746461868286133,-269.8001708984375,0.4248357117176056,-1.0934025049209595,26.448667526245117,0.7377060660442417,-0.48879803566225344,-0.465688995418886,-0.1040695344838988,-0.7638729211512899,0.6369204756671742,-0.667052690657817,-0.42139606151994036,-0.6143826716482564,11.410879135131836,0.454192191362381,1.065771460533142
4.92,0.22490161623769378,1.0988242750622568,0.07582639647389149,2.0665496187221795,24.67002296447754,24.735326766967773,-269.5355529785156,0.4539746642112732,-1.1345458030700684,26.478267669677734,0.7348553660392299,-0.5452837982005537,-0.4033028271948105,-0.11597802486777631,-0.6869176760388445,0.7174212180394183,-0.6682340074787565,-0.48042656646502274,-0.5680260781720414,10.937975883483887,0.7901289463043213,1.0607917308807373
4.93,0.08114044371090627,0.9375742884748371,3.216272592590239,1.8231115260388524,24.674665451049805,24.723798751831055,-269.2706298828125,0.4721301794052124,-1.1680296659469604,26.506593704223633,0.7322035247204162,-0.5926140628155833,-0.33568820494650464,-0.12970105155710832,-0.6051757146729961,0.785455276635792,-0.6686221919828708,-0.5315740088860968,-0.519974458473476,10.455422401428223,0.9780955910682678,1.0529276132583618
4.94,2.0343350592256533,1.2718929658876534,2.0452074161341067,1.7327632822341648,24.6794490814209,24.711963653564453,-269.00537109375,0.48552897572517395,-1.202704906463623,26.54203224182129,0.7285374736957602,-0.6313121762766233,-0.26585350384351425,-0.1430656810637393,-0.519775696283566,0.842238348957528,-0.6698995150936953,-0.5755676864086516,-0.4689951791217304,10.247578620910645,0.7720384001731873,1.0501232147216797
4.95,2.0343350592256533,1.2718929658876534,2.0452074161341067,1.7327632822341648,24.68437385559082,24.6997013092041,-268.7397155761719,0.4991457462310791,-1.252124547958374,26.592777252197266,0.7232263806136556,-0.6626121081990273,-0.19465044683358063,-0.15361636330309342,-0.42914046057499117,0.8900789167388566,-0.6733094498891308,-0.6138270596556697,-0.4121537644186584,10.328747749328613,0.5819753408432007,1.0494457483291626
4.96,1.6741101607603326,0.8911078697924238,0.20921105785856736,2.779759804566072,24.689420700073242,24.686893463134766,-268.4735107421875,0.5095447301864624,-1.3098132610321045,26.653757095336914,0.7170693850623405,-0.6865562907863048,-0.12021629085971497,-0.16289625668921642,-0.3327745543775543,0.9288303965285917,-0.6776992744300068,-0.6464530574918576,-0.35045989484742945,10.48306941986084,0.5893998146057129,1.0450869798660278
4.97,2.6134315292097345,2.316180812220711,2.5192783861541357,2.0750684237287236,24.69454574584961,24.67351722717285,-268.2066650390625,0.5145474672317505,-1.3643736839294434,26.7194766998291,0.7103280441704737,-0.7025596035198404,-0.04294267303038862,-0.17157423960836649,-0.23199474203334014,0.95746578005258,-0.6826392531694621,-0.6727469384329662,-0.285333501119848,10.426966667175293,0.6278370022773743,1.0343823432922363
4.98,2.6134315292097345,2.316180812220711,2.5192783861541357,2.0750684237287236,24.699695587158203,24.65955924987793,-267.9390869140625,0.5149297714233398,-1.4324584007263184,26.793882369995117,0.7030748751739458,-0.7102501457546186,0.03507777579441357,-0.17988842641735298,-0.12991441193333897,0.9750704587941853,-0.6879868268653324,-0.6918576269924018,-0.21910534003582283,10.361724853515625,0.7231357097625732,1.0248819589614868
4.99,3.843151095547922,0.14127475140433393,3.6791159054203972,0.19896528599979918,24.704822540283203,24.64481544494629,-267.6707458496094,0.5089899301528931,-1.517689824104309,26.874874114990234,0.6952061018062685,-0.7096255434092733,0.11454284854335328,-0.1884660603033696,-0.026172256140579442,0.9817308985268003,-0.6936634775776066,-0.7040927503884735,-0.15193544262395092,10.447774887084961,0.8677572011947632,1.0202357769012451
5.0,2.7227990334446717,0.48114856470536777,2.063642998312917,4.156244750708855,24.709857940673828,24.629222869873047,-267.4015808105469,0.4969423711299896,-1.5981279611587524,26.95554542541504,0.6865601884133875,-0.7000746275335388,0.19629218927290654,-0.19739634959039054,0.08035974012857261,0.977024561275128,-0.6997640951450439,-0.7095335284891369,-0.08302037759244929,11.048995971679688,1.0053653717041016,1.0147285461425781
5.01,2.7227990334446717,0.48114856470536777,2.063642998312917,4.156244750708855,24.714740753173828,24.61284828186035,-267.13165283203125,0.47776809334754944,-1.6784158945083618,27.034744262695312,0.677213775520846,-0.6797025954518829,0.2817550070198839,-0.20569746579714282,0.19277008429148773,0.9594416330172908,-0.7064489045992174,-0.7077033816071718,-0.009266544789682696,11.571708679199219,0.9192659258842468,0.9999423623085022
5.02,2.861047442028232,3.067431329385961,3.9923007774875274,0.08805477274875359,24.719385147094727,24.595643997192383,-266.86090087890625,0.4498211443424225,-1.7624766826629639,27.110034942626953,0.6681284766455194,-0.6487461862614894,0.3643250259130034,-0.210619705221868,0.30472104009778,0.9288618990431143,-0.713613115397686,-0.6973331151844864,0.06695407380816204,11.658352851867676,0.6309084892272949,0.9788278937339783
5.03,2.7166436835335026,0.523607151789298,0.24595178088934416,3.8163542223236413,24.723711013793945,24.577598571777344,-266.5894775390625,0.4132320284843445,-1.846577763557434,27.17784309387207,0.6596351308314838,-0.6077188984913345,0.44222079845865514,-0.2124401191475206,0.4136302033885986,0.8853130805660188,-0.720937368950673,-0.677929048840058,0.14374113812439243,11.959088325500488,0.6505752205848694,0.974247395992279
5.04,0.0202944626426558,0.4263887844553903,2.3681541215083386,3.9261351483357867,24.727642059326172,24.55875587463379,-266.3174133300781,0.3742166757583618,-1.9174436330795288,27.237255096435547,0.6503761681696221,-0.5559925479063126,0.5175742715298418,-0.21429372693190604,0.519396042960246,0.8272278701511889,-0.7287585597951035,-0.6489222120022439,0.2186570929457391,12.113320350646973,0.7973816990852356,0.9645218849182129
5.05,0.0202944626426558,0.4263887844553903,2.3681541215083386,3.9261351483357867,24.731189727783203,24.5393009185791,-266.0447692871094,0.3364103436470032,-1.9714112281799316,27.28792953491211,0.641543943324407,-0.4957844355485829,0.5853367938644755,-0.21436953907447714,0.6167865757991777,0.7573770663486727,-0.7365236381140571,-0.6113690484328582,0.28941461109891314,11.894254684448242,0.4648887515068054,0.9482845664024353
5.06,1.4387606006481537,4.075936945055278,3.1599605666693913,2.2165820643046064,24.734355926513672,24.51935577392578,-265.7716979980469,0.29644471406936646,-2.0167171955108643,27.326635360717773,0.6363705665104965,-0.42970249239966063,0.6406155400118153,-0.20914327614919034,0.7032565127822897,0.679477275021672,-0.7424901293085947,-0.5663797712267036,0.3576623584115243,11.592642784118652,-0.21269014477729797,0.9416069388389587
5.07,1.834617957066048,0.45493062634809783,0.6434920240918846,2.485889153323818,24.737064361572266,24.498945236206055,-265.498291015625,0.24070507287979126,-2.067911386489868,27.343074798583984,0.6355455325838417,-0.35985371913777753,0.6830718679871323,-0.19938327767369335,0.7782252749424758,0.5954928463254638,-0.7458741077399159,-0.5146559260937515,0.42284878282876376,11.305242538452148,-0.5260557532310486,0.9485383629798889
5.08,1.834617957066048,0.45493062634809783,0.6434920240918846,2.485889153323818,24.739181518554688,24.478038787841797,-265.224853515625,0.18717384338378906,-2.107156276702881,27.345909118652344,0.6361491009084951,-0.28746526158663416,0.7160153942438958,-0.18876232589337644,0.8418176787162361,0.5056795231410214,-0.7481197135062252,-0.4568443051869379,0.48125894805356895,11.131267547607422,-0.5298985242843628,0.9515206813812256
5.09,0.21638133652419916,0.77305703028773,3.002200741597865,1.3904906268486201,24.740846633911133,24.456859588623047,-264.951416015625,0.14649130403995514,-2.1279759407043457,27.341869354248047,0.6376934366244172,-0.21268851741931302,0.7403449705671772,-0.17806416923146043,0.8943894341713304,0.4103177935193609,-0.7494266024915648,-0.3934858759862438,0.5324740677979428,11.047795295715332,-0.5456321835517883,0.94350665807724
5.1,4.087695777432062,3.1714656511966655,1.8681377742368626,1.1190632134976715,24.74211311340332,24.435508728027344,-264.67803955078125,0.10695052891969681,-2.1411309242248535,27.32381248474121,0.6406523663296259,-0.13595351601192077,0.7556991378850763,-0.16723295634882937,0.9358666074293859,0.310140019038889,-0.749398214454159,-0.3250697380295624,0.5768292482098236,11.094223022460938,-0.7415190935134888,0.9447745680809021
5.11,4.087695777432062,3.1714656511966655,1.8681377742368626,1.1190632134976715,24.742929458618164,24.414037704467773,-264.4049987792969,0.05015994608402252,-2.153656482696533,27.2778377532959,0.6453438334947136,-0.0571126555573006,0.7617542130802697,-0.15627638144789655,0.9662395800928423,0.20483839108809582,-0.7477359354557591,-0.25123538452455557,0.614631395546062,11.299088478088379,-0.5691675543785095,0.9518693089485168
5.12,3.269381726923335,3.396077126752129,2.500397352411184,1.3541306132325122,24.743070602416992,24.392454147338867,-264.1325378417969,-0.022585639730095863,-2.161200761795044,27.205575942993164,0.6471544912539553,0.023838651077906246,0.7619860780648292,-0.14652274065499404,0.9847658960188616,0.09363341555832519,-0.7481458085966822,-0.17224357390902714,0.6407885769317848,11.55863094329834,0.07671915739774704,0.9534170031547546
5.13,1.1711867438747134,0.11425415020255737,2.06636887310112,3.2212405013331065,24.742469787597656,24.370851516723633,-263.86090087890625,-0.0980585515499115,-2.1576316356658936,27.121030807495117,0.6447538949165361,0.10638744592354732,0.7569505441835821,-0.13718319171762589,0.9902938865122903,-0.022333612483175058,-0.7519795122874836,-0.08944120798741387,0.6530904098313117,11.77048110961914,0.6891556978225708,0.9533172249794006
5.14,1.8532952222888457,2.9811207075575954,3.038151148078687,1.0108126450192085,24.74115562438965,24.349340438842773,-263.5901184082031,-0.15992814302444458,-2.143515110015869,27.04304313659668,0.6401667978677477,0.18914677807755545,0.7445871119289096,-0.12714398873323732,0.9819362726741743,-0.1401269514966788,-0.7576416547661282,-0.004965153535404901,0.6526518752088384,11.847344398498535,0.7458916902542114,0.9463154673576355
5.15,1.8532952222888457,2.9811207075575954,3.038151148078687,1.0108126450192085,24.739288330078125,24.328014373779297,-263.3200378417969,-0.21571551263332367,-2.120255470275879,26.968847274780273,0.637405242824655,0.27024353521715117,0.7215836667310167,-0.11664308678371446,0.9595278843492985,-0.2563213402386275,-0.7616488342571066,0.07921281985572652,0.6431301442517641,11.91596794128418,0.6836551427841187,0.9444981217384338
5.16,1.7043654745748218,0.7337091600975867,1.4756293785331045,0.7053039649954717,24.736835479736328,24.30697250366211,-263.05072021484375,-0.2747299373149872,-2.0863535404205322,26.893362045288086,0.6349117728862881,0.3488010553945156,0.6893655520883409,-0.10528311950169124,0.9230231651534853,-0.3700590511499955,-0.7653773614357716,0.16237629243739496,0.622761137400129,12.04315185546875,0.8683772087097168,0.9509257078170776
5.17,3.2611191212213515,0.28868049477143476,3.144588990822094,3.245667758959601,24.733848571777344,24.286291122436523,-262.7821044921875,-0.31808656454086304,-2.0514633655548096,26.837207794189453,0.6321330795796126,0.4240075730318782,0.6485563566204653,-0.09260167002199271,0.8723382478042498,-0.4800530305361583,-0.7693066361408392,0.24339999882791336,0.5906976723843075,12.241499900817871,1.052738070487976,0.9507697224617004
5.18,3.2611191212213515,0.28868049477143476,3.144588990822094,3.245667758959601,24.730464935302734,24.265979766845703,-262.51397705078125,-0.362320214509964,-2.0062098503112793,26.78873634338379,0.6298640508489762,0.49542811366814066,0.5981824651687357,-0.07900567023291047,0.8070259854301773,-0.5852069402454992,-0.772676763931184,0.32134100738573446,0.5474582864960165,12.587174415588379,0.9949319362640381,0.9383725523948669
5.19,1.0697960778037559,3.541071962399207,0.5422006127802599,0.5693399860632177,24.726579666137695,24.246227264404297,-262.2463073730469,-0.4146113693714142,-1.9423234462738037,26.74401092529297,0.6298268775054039,0.5622818799108551,0.5358704991839982,-0.06635739091272541,0.7263295758155227,-0.684135983534632,-0.7738958593008807,0.395328262105756,0.49477344728410205,13.023932456970215,0.7354867458343506,0.9209904670715332
5.2,0.20718992048358392,1.02921694021982,1.3220614313638965,2.404347311719882,24.72222137451172,24.22711753845215,-261.9789733886719,-0.4525012969970703,-1.8828941583633423,26.724987030029297,0.6315676753531239,0.6220432217474563,0.4628007149163624,-0.05471340676699765,0.6311848557165338,-0.7737002785536835,-0.7733878164084305,0.46332268257893805,0.43267005586111046,13.061312675476074,0.8881242275238037,0.9143297672271729
5.21,0.20718992048358392,1.02921694021982,1.3220614313638965,2.404347311719882,24.717573165893555,24.20853614807129,-261.7116394042969,-0.47537457942962646,-1.8348655700683594,26.73331642150879,0.6331737115157999,0.6711063440497966,0.3856258886815333,-0.04115535114065666,0.5267045328903182,-0.8490515721116596,-0.772914800038009,0.5217265663246482,0.3611150812044502,12.759824752807617,1.0279814004898071,0.9104369282722473
5.22,2.485735314943016,3.0583646839630627,1.4959236244694887,0.7941739409748844,24.712730407714844,24.19041633605957,-261.4441833496094,-0.4920283257961273,-1.7889103889465332,26.760841369628906,0.6361794233595038,0.7089056220759682,0.30451364547923576,-0.02860816718155318,0.4160849433995094,-0.9088756200089974,-0.7710105797357657,0.5694963905639012,0.2849851699127639,12.448360443115234,0.8350286483764648,0.9035938382148743
5.23,3.424637920971143,3.363646630017505,1.7553352551131574,3.702101719774125,24.707733154296875,24.172800064086914,-261.1763916015625,-0.5081747174263,-1.7294596433639526,26.800676345825195,0.6404801930521833,0.7355901878008204,0.22066308689717812,-0.0174506695495939,0.3011969166862191,-0.9534022716099356,-0.7677763974231746,0.6067845523658858,0.2057472006371478,12.29307746887207,0.991020143032074,0.9000677466392517
5.24,2.238850401099988,1.246597354486554,3.995719624992372,2.333129575815971,24.702566146850586,24.155929565429688,-260.90814208984375,-0.525617241859436,-1.6367512941360474,26.849529266357422,0.6450427768904937,0.7517120608684562,0.13729090838908042,-0.003672479692241881,0.18271324767131014,-0.9831593879012255,-0.7641376373889135,0.6336756636247762,0.12061850793053519,12.125030517578125,1.3756352663040161,0.890768826007843
5.25,2.238850401099988,1.246597354486554,3.995719624992372,2.333129575815971,24.697246551513672,24.140092849731445,-260.63934326171875,-0.5368872880935669,-1.5330579280853271,26.912559509277344,0.6503428670726799,0.7576340160053219,0.05518018701793698,0.01164742611472075,0.06268606202682131,-0.997965327600349,-0.759551507609977,0.649662339542025,0.031942947080597694,12.180442810058594,1.3950875997543335,0.8795684576034546
5.26,3.739534714842417,2.976997906145651,3.097574605230178,2.376664990174995,24.691856384277344,24.125246047973633,-260.369873046875,-0.5393421053886414,-1.4361809492111206,26.988880157470703,0.6567876513191955,0.7534803640296626,-0.029955335023024943,0.024376058254200972,-0.06091821306034767,-0.9978450676841177,-0.7536814903250592,0.6546421253931503,-0.058377211325451706,12.544597625732422,1.1366298198699951,0.8731982111930847
5.27,0.31139885885605145,3.9319602597687835,2.4858316428526646,2.63795380203345,24.686485290527344,24.111400604248047,-260.09954833984375,-0.5328096151351929,-1.3299733400344849,27.07492446899414,0.6640893258283282,0.738319836233074,-0.11776751141822939,0.03405239819863182,-0.18722159346670703,-0.9817273089390497,-0.7468773671077453,0.6479443605469171,-0.14947342284716802,12.86306095123291,1.1249730587005615,0.8671009540557861
5.28,0.31139885885605145,3.9319602597687835,2.4858316428526646,2.63795380203345,24.68122673034668,24.098628997802734,-259.8283386230469,-0.5177099704742432,-1.2287296056747437,27.165550231933594,0.6722975197419071,0.7118785736276374,-0.20308850622022073,0.043415110482665,-0.31178288587476355,-0.9491609769988347,-0.7390068830062804,0.6293014607368115,-0.24051714779586353,12.698223114013672,1.2246227264404297,0.8658178448677063
5.29,3.4443931261844685,0.06876052336206726,1.7555039542322879,0.752702846409569,24.676149368286133,24.0867862701416,-259.5562438964844,-0.49621233344078064,-1.141130805015564,27.254350662231445,0.6813018995021627,0.6758514851096133,-0.2811627496840126,0.05155695128604576,-0.4274518988542818,-0.9025667592704468,-0.7301846359030248,0.6004245533295575,-0.3260686327296266,12.146401405334473,1.220329761505127,0.8706701993942261
5.3,0.12119932285234312,2.8097932660184517,1.3086407852307258,1.2661335441240176,24.67130470275879,24.075740814208984,-259.2832946777344,-0.47289854288101196,-1.0727198123931885,27.333106994628906,0.69097376877582,0.6316887201228323,-0.3514606830547585,0.05833075993876735,-0.5333322814854939,-0.8438922916880113,-0.7205225696039682,0.5626064684973465,-0.4053654996373503,12.168157577514648,1.3293932676315308,0.8651865124702454
5.31,0.12119932285234312,2.8097932660184517,1.3086407852307258,1.2661335441240176,24.66668701171875,24.06527328491211,-259.0096435546875,-0.4504116177558899,-1.022661566734314,27.396240234375,0.701675121642596,0.5785425581993595,-0.4158611932123362,0.06482718238711627,-0.6330860082252177,-0.771362134547196,-0.7095417254056275,0.5142865101687967,-0.4817259857707541,12.22346019744873,1.5135934352874756,0.857965350151062
5.32,1.1689744967091722,1.0811654056941113,2.3257952195730023,2.4512182426203135,24.662302017211914,24.055265426635742,-258.7354431152344,-0.4259248971939087,-0.9797149300575256,27.444910049438477,0.7134680799531526,0.5189653121826245,-0.4707847742218868,0.0706372154272325,-0.7217384728178641,-0.6885520754824752,-0.6971181267795642,0.4580050017256674,-0.551595626985587,11.85498046875,1.6705894470214844,0.857548177242279
5.33,1.34126728999165,1.9330773595738675,1.1206868272117303,3.2403794062506286,24.658187866210938,24.04568099975586,-258.4607849121094,-0.39526426792144775,-0.9366655349731445,27.483192443847656,0.7259305374139146,0.4549714150944449,-0.515776954018793,0.07494508938768235,-0.7977914980810085,-0.5982574355294992,-0.683672500855942,0.39563839176275456,-0.6132390843192917,11.627654075622559,1.6211645603179932,0.8522061109542847
5.34,3.7104749745808743,3.600922641795373,2.419351734114645,0.4421683167628246,24.6544189453125,24.03653335571289,-258.185791015625,-0.35703200101852417,-0.8934063911437988,27.513078689575195,0.7377381965410871,0.3870841712123031,-0.5530896832894183,0.07639906339957064,-0.8618947215316949,-0.5012989847461001,-0.6707499806007995,0.32757187515518904,-0.6654255256084939,11.374286651611328,1.482979655265808,0.8401470184326172
5.35,3.7104749745808743,3.600922641795373,2.419351734114645,0.4421683167628246,24.651079177856445,24.027814865112305,-257.9105224609375,-0.30772435665130615,-0.8495665788650513,27.540189743041992,0.7496206604629121,0.316730741570637,-0.5811630603808727,0.07604419105785787,-0.913465603490951,-0.3997472604599924,-0.6574847119237858,0.25546473060488684,-0.7088382220249336,11.323965072631836,1.791987657546997,0.8317173719406128
5.36,3.969181700702402,3.5886499036093795,0.3005221296234352,3.9633308893517443,24.648284912109375,24.019527435302734,-257.6349792480469,-0.24977831542491913,-0.8098682165145874,27.563264846801758,0.7644656244578217,0.24287670490774171,-0.5971626371730493,0.07557412546778043,-0.9536918822321118,-0.29113630025187914,-0.6402193847284642,0.17743364950800594,-0.7474198548608252,11.589404106140137,2.4671571254730225,0.8256406784057617
5.37,3.1107458054509958,1.3288928977520693,4.0014040604927565,2.16272119031937,24.646100997924805,24.011592864990234,-257.3592529296875,-0.18535193800926208,-0.7783228754997253,27.581811904907227,0.7829400443651735,0.16700940715999046,-0.599260164577564,0.07415664420710336,-0.9814772928656534,-0.17664403672088574,-0.6176614599029161,0.093862567135025,-0.7808227324056476,11.480728149414062,3.113089084625244,0.8045297265052795
5.38,3.1107458054509958,1.3288928977520693,4.0014040604927565,2.16272119031937,24.64457893371582,24.003923416137695,-257.0833740234375,-0.12046094238758087,-0.7581872344017029,27.59128761291504,0.8034986405318799,0.09282198255689797,-0.5880255217400244,0.07022843135463494,-0.9956515241863996,-0.0612046551723565,-0.5911496444157675,0.007881747236918233,-0.8065233883574642,11.522358894348145,3.3392810821533203,0.7780519127845764
5.39,3.425060462442072,1.1917005181663505,2.2030413340717865,2.758873704868024,24.643680572509766,23.996389389038086,-256.8074951171875,-0.05990594998002052,-0.7505189776420593,27.58936309814453,0.8229898877267002,0.018592155501302592,-0.5677516855575229,0.0626504497806094,-0.9963378039349465,0.05818850051663821,-0.5645906179187539,-0.08345844597105107,-0.8211407443028366,12.005743980407715,3.232693672180176,0.7567891478538513
5.4,4.08602450706467,3.766453594746615,3.948513783903623,4.04099164231459,24.643362045288086,23.988874435424805,-256.5316162109375,-0.005045881494879723,-0.7545333504676819,27.57848358154297,0.8405313348764829,-0.05534438543518364,-0.5389286354347486,0.05146681602027522,-0.982112323139595,0.18112578940085727,-0.5393127496541256,-0.17997884247363743,-0.8226477826642193,12.402414321899414,3.176546335220337,0.7306936979293823
5.41,4.08602450706467,3.766453594746615,3.948513783903623,4.04099164231459,24.64361000061035,23.981243133544922,-256.2557373046875,0.05911576747894287,-0.776499330997467,27.587146759033203,0.8564918658246051,-0.1264921432719196,-0.5004212440202379,0.03677831450750192,-0.9520869667818416,0.30360791041430313,-0.5148485596350384,-0.2784423555686678,-0.8108025747782858,12.557662010192871,3.2160611152648926,0.7037271857261658
5.42,3.580952267611909,0.5309896467086113,3.8887195734219757,1.805939522227275,24.644563674926758,23.973270416259766,-255.97970581054688,0.13072338700294495,-0.8216455578804016,27.619564056396484,0.8708739875983138,-0.19247588544449734,-0.4522516238190513,0.018546199891327983,-0.9066100347027486,0.42156171961632405,-0.4911563256176213,-0.3755146847975962,-0.7859733998725142,12.59145450592041,3.2779290676116943,0.6798436641693115
5.43,1.6585994815362088,2.2093590700635017,2.864111573857927,0.9699958443373062,24.646160125732422,23.964792251586914,-255.70339965820312,0.18406306207180023,-0.872306227684021,27.638334274291992,0.8832921970766622,-0.25232787425872916,-0.3951272433730098,-0.0029660994951708347,-0.8457979329938189,0.5334951347455457,-0.46881349899215524,-0.4700601029820061,-0.7478351440974661,12.986679077148438,3.240893840789795,0.6549279093742371
5.44,1.6585994815362088,2.2093590700635017,2.864111573857927,0.9699958443373062,24.648176193237305,23.955839157104492,-255.42706298828125,0.2164590209722519,-0.9171656966209412,27.640687942504883,0.8931661655126139,-0.30613188655849377,-0.3294502524139745,-0.027064263066452626,-0.7678167736426139,0.6400975923855026,-0.44891171342276637,-0.5627971838461745,-0.6940731974414885,13.439860343933105,3.2236180305480957,0.6352015137672424
5.45,1.209297689505779,3.112833135597959,0.104637180026942,0.9428787579291964,24.65045738220215,23.946441650390625,-255.15060424804688,0.23879382014274597,-0.9634261131286621,27.64875602722168,0.9006436649932865,-0.35150204790689554,-0.2555137941965546,-0.0540675782738001,-0.6740564742468729,0.7366984230371891,-0.4311817316249231,-0.6496877556512308,-0.6260895578667633,13.670662879943848,3.297414541244507,0.6206640005111694
5.46,3.600200461039121,0.11497020970093763,0.3721442173992828,1.5742090452444026,24.652923583984375,23.93657875061035,-254.87403869628906,0.2526322305202484,-1.0076079368591309,27.66608238220215,0.9057141493013674,-0.3864824089728285,-0.1741069421644621,-0.08451512320631474,-0.5671363515238859,0.8192762371322608,-0.41537822969520377,-0.727315410488967,-0.5463270265697495,13.555465698242188,3.6072309017181396,0.6030226945877075
5.47,0.9194705809038334,0.9900100470575937,1.3812100846294832,1.1691457867333703,24.65549087524414,23.92629623413086,-254.5972442626953,0.2598475217819214,-1.05002760887146,27.69601821899414,0.9083266572591921,-0.4094095055316152,-0.08559521302444725,-0.12017649944085457,-0.45147653149111067,0.8841530130553753,-0.4006248777778091,-0.7928132177840596,-0.4592895698928956,13.529260635375977,4.0188727378845215,0.5693164467811584
5.48,0.9194705809038334,0.9900100470575937,1.3812100846294832,1.1691457867333703,24.65810203552246,23.91558265686035,-254.32008361816406,0.2620459496974945,-1.091184377670288,27.740015029907227,0.9076350395332378,-0.41967343327727447,0.008534893834281937,-0.15992582692379143,-0.32693213668450144,0.9314177944862594,-0.3881009725499782,-0.8467523766746516,-0.3638516836591383,13.656173706054688,4.191226482391357,0.5320054888725281
5.49,2.3312426413728917,1.6497237975212848,3.986486632210801,2.171994566159033,24.66071319580078,23.90447998046875,-254.04241943359375,0.2599012553691864,-1.1301991939544678,27.796640396118164,0.903108238002655,-0.4166634769232208,0.10386075991437838,-0.2010409238664813,-0.19653814123643543,0.9596641631165761,-0.37944440618178993,-0.8875608745531651,-0.26126162477441894,13.675158500671387,4.194801330566406,0.501492977142334
5.5,3.6044375772927695,3.5626692581537545,1.1186247133081666,2.7399490837788,24.663272857666016,23.892892837524414,-253.76409912109375,0.24994145333766937,-1.1955152750015259,27.86968231201172,0.8948622602489966,-0.4002990170399301,0.19743918592549647,-0.24173408484423942,-0.0627947000369879,0.9683085550958345,-0.3752148283404789,-0.91423056315359,-0.15295852375495284,13.86162281036377,4.065406322479248,0.47383856773376465
5.51,3.6044375772927695,3.5626692581537545,1.1186247133081666,2.7399490837788,24.665672302246094,23.880481719970703,-253.48501586914062,0.22755490243434906,-1.2888578176498413,27.949556350708008,0.8831733068454768,-0.3705677799838098,0.2875490054121139,-0.28104699552101203,0.07273218874526394,0.9569339658664725,-0.37552296385738837,-0.9259533191031791,-0.03991183355307709,13.902098655700684,4.211388111114502,0.4426104724407196
5.52,2.654112246377717,0.41530764618394894,2.4548526614320627,0.1472448370818605,24.66779136657715,23.86709976196289,-253.20516967773438,0.1943315863609314,-1.387440800666809,28.023588180541992,0.8669252815115579,-0.32857350809124003,0.37480662488371563,-0.3223219405475752,0.20402088153556797,0.9243830626634694,-0.3801961637336072,-0.9221794454866504,0.07096440941896554,13.674059867858887,4.691228866577148,0.4043116569519043
5.53,3.9673807624296376,3.9029978850209015,1.373910882676348,2.6521677991514747,24.66956329345703,23.852821350097656,-252.92459106445312,0.16197247803211212,-1.460312008857727,28.088035583496094,0.845372943195154,-0.2747387017450206,0.45810831980768896,-0.3652228483526615,0.32855963834448937,0.8710113863159927,-0.3898164413602023,-0.903641084620658,0.17741457727838766,13.880501747131348,5.015450954437256,0.3656996488571167
5.54,3.9673807624296376,3.9029978850209015,1.373910882676348,2.6521677991514747,24.670997619628906,23.837888717651367,-252.64344787597656,0.11944420635700226,-1.532470941543579,28.134933471679688,0.8187983188426511,-0.20779173099057122,0.5351559675388013,-0.4070595823303531,0.4471897247050526,0.7964445031207498,-0.4048108317393286,-0.8699677848346808,0.2815745795634819,14.077397346496582,5.393121719360352,0.32438695430755615
5.55,2.8701947043594824,0.7336569571910847,1.9936396754585333,2.6976251132296967,24.671892166137695,23.8221435546875,-252.3619842529297,0.05752996727824211,-1.61526358127594,28.15402603149414,0.7858969763669363,-0.1302950476522249,0.6044742700021329,-0.44808343525482175,0.5536629099175348,0.7019106903530432,-0.4261304701468144,-0.822484396653792,0.3767389542820103,13.923066139221191,5.957655429840088,0.27735063433647156
5.56,1.013185680874761,3.8193593175230656,0.7126867457124437,1.271144775977228,24.67215347290039,23.805652618408203,-252.08045959472656,-0.0031125820241868496,-1.6773090362548828,28.153263092041016,0.7466948315724408,-0.043990709260638666,0.663710513704394,-0.4862631682164178,0.6447407264261299,0.5897944785462463,-0.45386667617168863,-0.7631344659928896,0.4600335064694866,13.925084114074707,6.199982643127441,0.223959818482399
5.57,0.14413244275010056,2.8139640333044946,1.6310819632213907,2.5074794661498623,24.671857833862305,23.78867530822754,-251.79898071289062,-0.05420185253024101,-1.7145918607711792,28.13766860961914,0.703650003775978,0.050042581506618805,0.7087823447449997,-0.5179170790176497,0.7190427829117771,0.46339980104043255,-0.4864551073304624,-0.6931617534014989,0.5318723645513724,13.743202209472656,6.394068717956543,0.17670685052871704
5.58,0.14413244275010056,2.8139640333044946,1.6310819632213907,2.5074794661498623,24.671072006225586,23.771404266357422,-251.51776123046875,-0.10311819612979889,-1.7377028465270996,28.103193283081055,0.656682493915901,0.14688730321711252,0.7397244232401661,-0.5424635272390118,0.7734049680026306,0.32799097104075836,-0.523928834671086,-0.6166594486606475,0.5875625078046963,13.231690406799316,6.51235294342041,0.13690170645713806
5.59,4.024603392925767,3.165282439537303,3.0173786800218205,3.753199904755435,24.669788360595703,23.75395393371582,-251.2369842529297,-0.15363332629203796,-1.7504647970199585,28.0499267578125,0.6085385754721162,0.24310246929693718,0.7553687785341007,-0.5582709941027435,0.8076510183604619,0.1898244707218837,-0.5639275656552906,-0.537215991909251,0.6272038573949124,12.665483474731445,6.394607067108154,0.0995175838470459
5.6,0.8166108165428094,0.6506827558962897,0.6258329670715594,2.5214295134006326,24.66791534423828,23.736412048339844,-250.9568634033203,-0.22874391078948975,-1.7570126056671143,27.962228775024414,0.5606528070926893,0.3370716410271596,0.7563406234722196,-0.5653143839324489,0.823223999501433,0.052171773632309015,-0.605052127686668,-0.4568204849392405,0.6520942932749172,12.376667976379395,6.350508213043213,0.05801216512918472
5.61,0.8166108165428094,0.6506827558962897,0.6258329670715594,2.5214295134006326,24.665260314941406,23.718862533569336,-250.67771911621094,-0.29277026653289795,-1.7507120370864868,27.87445640563965,0.5132909909185066,0.4293214914596923,0.7431119805337035,-0.563993429171267,0.8213950212586838,-0.08498017947193279,-0.6468722984434664,-0.3754907136298743,0.6637491645826721,12.209439277648926,6.253961563110352,0.010293982923030853
5.62,1.7340791815559435,1.177521428143454,2.032820462791323,0.43769572265838663,24.66214370727539,23.7014217376709,-250.39930725097656,-0.32835131883621216,-1.736212134361267,27.806245803833008,0.46831288106826957,0.5176687921642402,0.716032169001333,-0.5547963266935991,0.8030026486441928,-0.21768734955826055,-0.6876656755377762,-0.29530622731264544,0.663257228228646,11.948827743530273,6.030117511749268,-0.03725774586200714
5.63,4.173302258931889,1.0706398520603149,3.1265325083323083,0.08715628415779184,24.65869903564453,23.68415641784668,-250.12158203125,-0.36113572120666504,-1.7153877019882202,27.739221572875977,0.42645259941787667,0.6009760661943309,0.6759925652781422,-0.538504493670221,0.7691646916054049,-0.34409095815574897,-0.7267400434451889,-0.21728655054823284,0.6516405943494737,11.97635555267334,5.931202411651611,-0.07721798121929169
5.64,4.173302258931889,1.0706398520603149,3.1265325083323083,0.08715628415779184,24.65489387512207,23.66715431213379,-249.8445587158203,-0.40270930528640747,-1.6821038722991943,27.66584014892578,0.38695668968964003,0.6808266446341735,0.6218839122059745,-0.5149435738800903,0.7190133308696242,-0.4667471968328982,-0.7649167510415991,-0.13962417408149963,0.6288143239367431,12.589442253112793,6.072177886962891,-0.11473739147186279
5.65,0.6686786089838409,2.2164457895311043,1.8993392687184874,0.9032543888853064,24.650634765625,23.650562286376953,-249.5682830810547,-0.4486009478569031,-1.6348121166229248,27.593358993530273,0.34956189694346673,0.7579821050941054,0.5506991997110525,-0.4831689282124785,0.6494332825775883,-0.5871832748729338,-0.8027168037454367,-0.060823842673799144,0.5932505315186013,13.529003143310547,6.328317165374756,-0.157494455575943
5.66,3.6149471462566867,2.642156428196483,2.8489602232985294,4.086023681073618,24.64596176147461,23.634462356567383,-249.29263305664062,-0.4828490614891052,-1.5860437154769897,27.541601181030273,0.3155768870804971,0.8288381166086155,0.46199416099910406,-0.44285739664857393,0.5592433798537961,-0.700802517349467,-0.8392190146643668,0.016559545476415527,0.5435413754990357,14.000675201416016,6.459144115447998,-0.19969624280929565
5.67,0.8175124789117925,1.6543381090963527,3.365655032812267,1.9352509986524113,24.640960693359375,23.618919372558594,-249.01744079589844,-0.5201776623725891,-1.5130815505981445,27.496158599853516,0.287083354485835,0.8873136787936241,0.3609121541357204,-0.395550520390202,0.45295954562385565,-0.798978995873653,-0.8724235974549296,0.0866145799155994,0.48101453320023857,14.024271011352539,6.407819747924805,-0.2473941445350647
5.68,0.8175124789117925,1.6543381090963527,3.365655032812267,1.9352509986524113,24.635583877563477,23.604230880737305,-248.74264526367188,-0.5508992671966553,-1.4290459156036377,27.46999168395996,0.26528451199744907,0.9310715705393229,0.25045929455245564,-0.3437309430131494,0.33402683799004934,-0.8776531833917429,-0.9008180540539618,0.14673718695616245,0.4086502556644568,14.071676254272461,6.134352684020996,-0.29335951805114746
5.69,0.8050131354812784,0.6551512546545876,0.0052553139446651475,3.742862640776534,24.62999153137207,23.590307235717773,-248.4679718017578,-0.5664854049682617,-1.3558977842330933,27.474706649780273,0.25092222119198127,0.9589558923946013,0.13206678368824115,-0.2907903226431388,0.20480270443507692,-0.9346105287836095,-0.9232979081364703,0.19611080719265012,0.33024464285293953,14.175860404968262,5.707308769226074,-0.3299085199832916
5.7,3.651904988132146,4.049927469936692,0.8124282152336727,2.496084900014562,24.624290466308594,23.577075958251953,-248.19309997558594,-0.5717702507972717,-1.2935309410095215,27.504379272460938,0.2436102436933649,0.969829455026674,0.009212889358048482,-0.2388857086024201,0.0692064061910228,-0.9685783868988831,-0.9399934400798651,0.23375478926599008,0.24853778606488305,13.966306686401367,5.29201078414917,-0.3742316961288452
5.71,3.651904988132146,4.049927469936692,0.8124282152336727,2.496084900014562,24.618579864501953,23.56449317932129,-247.9178466796875,-0.56834876537323,-1.214853048324585,27.54817771911621,0.2424633451728952,0.9637594066392003,-0.11126244812166264,-0.1876145054687946,-0.06594026319064938,-0.9800268766865771,-0.9518467962783028,0.2584950440623651,0.16482714767272658,13.57613468170166,5.3669610023498535,-0.4214854836463928
5.72,1.8479339041122624,3.911305102958694,3.294514627919152,0.9853355702060669,24.612966537475586,23.55284881591797,-247.64208984375,-0.5527498126029968,-1.113397479057312,27.60433578491211,0.2477550396823002,0.9422025560990388,-0.22554774127102,-0.13221169551976475,-0.19774680543803586,-0.9712961796006614,-0.9597590884590832,0.27046357281432326,0.07557742983656163,13.256194114685059,5.872165679931641,-0.46696847677230835
5.73,2.8681986165749604,4.049853662342352,4.032511140286834,0.984738909123098,24.60756492614746,23.542211532592773,-247.36570739746094,-0.5262830853462219,-1.0149508714675903,27.67554473876953,0.2602759280279311,0.9066741215779021,-0.3319615618563981,-0.0726093360348149,-0.32445785875188216,-0.9431092101208254,-0.9628002521861858,0.26957213349136006,-0.018615564324880957,13.129597663879395,6.231101989746094,-0.5036451816558838
5.74,2.8681986165749604,4.049853662342352,4.032511140286834,0.984738909123098,24.602481842041016,23.532548904418945,-247.08853149414062,-0.4872746169567108,-0.9154605865478516,27.75819969177246,0.2799269231662152,0.8576430037917497,-0.4313808013040925,-0.012303481282312567,-0.4461032011542626,-0.8948969539942884,-0.9599424680859951,0.2558132364968331,-0.1143243018696537,13.298905372619629,6.435558319091797,-0.5322068333625793
5.75,0.5791493777325306,1.8653713056395773,2.0319845814865896,3.482234717266394,24.597864151000977,23.523900985717773,-246.8105010986328,-0.4344964325428009,-0.8149700164794922,27.848493576049805,0.3066731942552573,0.794907617528243,-0.5235202302880471,0.046802422263182375,-0.5619515960135171,-0.8258449836429107,-0.9506634973509691,0.22876250421219252,-0.20953909294208237,13.610353469848633,6.637144088745117,-0.5619097948074341
5.76,1.9864837023661515,3.278612057727387,0.8774196510269686,2.7684442776019056,24.59379768371582,23.516172409057617,-246.5315704345703,-0.3812817931175232,-0.7365595698356628,27.93662452697754,0.3397096661680581,0.7195348214141161,-0.605695454403071,0.10221484922163271,-0.6684232827105978,-0.7367241272884901,-0.9349596073149822,0.18836123779308872,-0.30061699350913296,13.589009284973145,6.488727569580078,-0.6014512181282043
5.77,2.84436775681451,1.250211539703272,0.3277011974591138,2.777050180968859,24.590246200561523,23.50911521911621,-246.25180053710938,-0.3280380666255951,-0.6761581897735596,28.017078399658203,0.3763096138939748,0.6358040261201074,-0.6739023036467743,0.15037718355827392,-0.7596380867118712,-0.632721644865899,-0.9142088257920334,0.13675970746601246,-0.3814695338526551,13.20766544342041,6.340910911560059,-0.647161066532135
5.78,2.84436775681451,1.250211539703272,0.3277011974591138,2.777050180968859,24.587242126464844,23.502607345581055,-245.97128295898438,-0.2737780511379242,-0.6280640363693237,28.086654663085938,0.4170246082939578,0.5470341763964494,-0.7258402619940073,0.19245492384601506,-0.833634683581303,-0.5177009915170389,-0.888285752652093,0.07620252085435841,-0.45292559814029676,12.931356430053711,6.403297424316406,-0.7000889778137207
5.79,0.3612430562502428,0.9198745099226012,3.5556666937891497,2.074214454734923,24.584768295288086,23.49651527404785,-245.6901397705078,-0.22101689875125885,-0.5924376845359802,28.142227172851562,0.4612958318761261,0.45433453640314714,-0.7620933568304151,0.22807840629574597,-0.8907997717954476,-0.3930089148489784,-0.8574301114815748,0.007476336035536685,-0.5145461187533905,12.815073013305664,6.45504903793335,-0.7592509984970093
5.8,0.2172532987880002,3.077058003091591,3.8279597478219443,1.8386550933769288,24.58282470703125,23.49073028564453,-245.40850830078125,-0.16784322261810303,-0.566360592842102,28.184736251831055,0.5072679354249304,0.3589671568818268,-0.7834678180818322,0.2560813690526105,-0.9308409600883482,-0.26068647729781336,-0.8228618195747508,-0.06839362033099743,-0.5641105730121977,12.860575675964355,6.129032135009766,-0.8069095611572266
5.81,0.2172532987880002,3.077058003091591,3.8279597478219443,1.8386550933769288,24.581436157226562,23.48516845703125,-245.12649536132812,-0.10714249312877655,-0.5476921796798706,28.221271514892578,0.5508435228380913,0.2615504911384891,-0.7925671920616802,0.2751463349493762,-0.9534484580284083,-0.12341204255329477,-0.7879504474973328,-0.1500912338161883,-0.5971655665058792,12.896502494812012,5.5904974937438965,-0.8351942300796509
5.82,2.7886709008550628,1.312545579537041,4.054299663516021,1.656108343729374,24.580703735351562,23.479747772216797,-244.84410095214844,-0.03940454497933388,-0.5385370850563049,28.255308151245117,0.5914802644458931,0.1645215143940344,-0.7893565531953921,0.28619237051604085,-0.958058391606157,0.014766358096455642,-0.7538202861620438,-0.2346418325331549,-0.6137574330271344,12.819326400756836,5.128972053527832,-0.8534632325172424
5.83,3.6475450067806627,1.212999547242257,0.512159002802539,0.49728392241922403,24.580659866333008,23.4743595123291,-244.56138610839844,0.03151669353246689,-0.5413771271705627,28.28839874267578,0.6289974004795804,0.06885376385147231,-0.774352264407754,0.2903658815068914,-0.9447902377292332,0.15185210419439454,-0.7211448710534217,-0.32036005664724343,-0.6142633873659726,13.089773178100586,4.729088306427002,-0.875471293926239
5.84,3.6475450067806627,1.212999547242257,0.512159002802539,0.49728392241922403,24.581289291381836,23.468889236450195,-244.27838134765625,0.08945439755916595,-0.5532869100570679,28.31230926513672,0.6644465701791801,-0.0270538203282987,-0.7468459320253195,0.2883315449994386,-0.912692449434802,0.28958144433464345,-0.6894749274160451,-0.4077506389330931,-0.5986348978419934,13.587087631225586,4.751440048217773,-0.9101979732513428
5.85,3.591831172216878,1.0016715052630287,1.7213250282247246,0.420838580652834,24.5824031829834,23.463272094726562,-243.9951629638672,0.1325988918542862,-0.5705582499504089,28.3299560546875,0.7009303076685389,-0.12099055833188016,-0.702892586805571,0.27891315918804627,-0.860529115493536,0.42625941751433,-0.6564329009300424,-0.4948241366207314,-0.5694250788243496,14.033191680908203,5.123260498046875,-0.954770565032959
5.86,2.06029315559494,2.6853634422169557,1.327202587404226,3.309397474001358,24.58393669128418,23.457443237304688,-243.7117462158203,0.17383471131324768,-0.5969165563583374,28.355445861816406,0.7382067524939037,-0.2101681407032513,-0.6409993316733978,0.26085228018070705,-0.7873721195622568,0.5585707056949595,-0.6220987690848859,-0.5795468039506192,-0.5264205766625124,14.58835506439209,5.436882972717285,-1.002153992652893
5.87,0.28841549542839084,3.1028797066457234,0.3557020724825031,2.4873044552166026,24.585899353027344,23.45127296447754,-243.42799377441406,0.22049292922019958,-0.6409204602241516,28.398252487182617,0.7739157568781145,-0.2913090217576106,-0.562310817162892,0.23432136997641492,-0.693183752772395,0.6816082309250349,-0.5883433494381928,-0.6592687909608672,-0.46820589961772713,14.749342918395996,5.493058204650879,-1.0507372617721558
5.88,0.28841549542839084,3.1028797066457234,0.3557020724825031,2.4873044552166026,24.588315963745117,23.444604873657227,-243.1437530517578,0.2596704959869385,-0.6917229294776917,28.449968338012695,0.8056558306767746,-0.35823802226898416,-0.4717883019928776,0.20107043930561486,-0.583769439471597,0.7866281967845191,-0.5572157220807422,-0.7286142744551632,-0.3982861761676054,14.281058311462402,5.4120073318481445,-1.0944883823394775
5.89,3.036249311863724,3.692398762691751,2.56754788948356,2.471067485893982,24.591054916381836,23.43744659423828,-242.85897827148438,0.28658220171928406,-0.7405639290809631,28.506790161132812,0.8327024539700232,-0.40818114302565145,-0.3741587599276196,0.16231369069344884,-0.4660990713016731,0.869716000511195,-0.5293967217180069,-0.784945737111802,-0.3218684526700882,13.583983421325684,5.337571620941162,-1.1322195529937744
5.9,2.3457083564327474,3.583102251536952,3.7880829989891693,0.14647968233598443,24.59405517578125,23.429704666137695,-242.5735626220703,0.3152505159378052,-0.8160880208015442,28.57915687561035,0.8548458510051933,-0.4416559052747717,-0.27235754506737775,0.11890010874482868,-0.34419540346240635,0.9313389760854096,-0.5050755737111772,-0.8285346013120232,-0.24172107741993049,13.194710731506348,5.345219612121582,-1.1671847105026245
5.91,2.3457083564327474,3.583102251536952,3.7880829989891693,0.14647968233598443,24.597335815429688,23.42107391357422,-242.28738403320312,0.3391905128955841,-0.9102767109870911,28.65924072265625,0.8720182748637729,-0.46047164136390484,-0.1659819140847599,0.07079028550568597,-0.2168943814341232,0.9736249600232795,-0.4843272279994515,-0.8607686650906504,-0.15653894536640645,13.3461275100708,5.44503116607666,-1.1939719915390015
5.92,1.9157651078368445,1.5961845100672587,2.3374655966545386,2.469972836925975,24.600797653198242,23.4115047454834,-242.00038146972656,0.35158655047416687,-1.0035024881362915,28.73833465576172,0.8836922103052827,-0.46485156258825033,-0.05478231653577356,0.018263524753824006,-0.08270624543165461,0.9964066040679201,-0.46771200659094714,-0.881517272505684,-0.06459703681136575,13.755362510681152,5.568087100982666,-1.2150044441223145
5.93,3.5837965654510078,2.599842445864699,2.662278184082013,2.188225561152394,24.604328155517578,23.401020050048828,-241.7126007080078,0.35322317481040955,-1.0905379056930542,28.81329917907715,0.8892547833611728,-0.4536463065433201,0.05857438714043839,-0.03703300573897117,0.056232540033049894,0.9977306539980463,-0.45591061268105093,-0.8894059421889623,0.03320516893125636,14.030892372131348,5.45911979675293,-1.2468581199645996
5.94,3.5837965654510078,2.599842445864699,2.662278184082013,2.188225561152394,24.607826232910156,23.389671325683594,-241.42413330078125,0.34406349062919617,-1.1828290224075317,28.879344940185547,0.888747704855912,-0.42625855927883405,0.16861541375236475,-0.09166781804830901,0.1951406169790484,0.9764820278629291,-0.4491375382303404,-0.8833027681642172,0.1343565834107895,14.250126838684082,5.3133463859558105,-1.2875120639801025
5.95,2.168392060220372,0.5135436092472329,0.5974283933407535,0.7473893313694479,24.611169815063477,23.377342224121094,-241.1350555419922,0.32265764474868774,-1.2826052904129028,28.92938804626465,0.882296824565372,-0.38271893940563084,0.27400461087742756,-0.145835267094946,0.33121402888048634,0.9322174327613179,-0.4475314382623943,-0.8624520163423502,0.23641516718224176,14.540356636047363,5.298593521118164,-1.3298219442367554
5.96,0.3567379101616582,1.4682083511275,0.716989658618655,0.5609592338564855,24.614274978637695,23.364133834838867,-240.84556579589844,0.3003270626068115,-1.3484151363372803,28.9671688079834,0.8699286685988894,-0.3232478582687092,0.3724713863835128,-0.1988963823171342,0.4611513532044367,0.8647425388743596,-0.4512918575056723,-0.8263475367921232,0.33687595311430374,14.846101760864258,5.293564796447754,-1.3756160736083984
5.97,4.022132502759627,2.401308264086462,2.834082193524476,3.5793028975147307,24.6171932220459,23.350482940673828,-240.5557403564453,0.2841328978538513,-1.3789130449295044,28.993764877319336,0.8519370773649768,-0.24880975781802747,0.4607568997045576,-0.24949818995219733,0.580733997970794,0.7749184968830173,-0.46038447999622933,-0.7751398119148519,0.4326712407396741,14.968851089477539,5.226524353027344,-1.418338656425476
5.98,4.022132502759627,2.401308264086462,2.834082193524476,3.5793028975147307,24.619884490966797,23.33647346496582,-240.26583862304688,0.24583086371421814,-1.4312599897384644,28.978490829467773,0.8291872838687963,-0.1618522575039098,0.5350255087481119,-0.29584760096208057,0.6850306989765088,0.6657380404218591,-0.4742601029764886,-0.710307530722182,0.5201351425582458,15.05778694152832,5.064764022827148,-1.4621800184249878
5.99,0.7889783149920009,0.7558193412818804,3.019313413410802,3.806965653990211,24.622024536132812,23.32181167602539,-239.97633361816406,0.1800539791584015,-1.499889850616455,28.91262435913086,0.802840591623011,-0.0640440051396472,0.5927439159098017,-0.33667973485755376,0.7718079730521186,0.5394063485624054,-0.4920302232370085,-0.6326221764519899,0.5980764510348877,15.253114700317383,4.852262496948242,-1.5107250213623047
6.0,0.7962935989665978,3.224887423243009,1.6413299847479637,3.8594988314786405,24.623497009277344,23.30655860900879,-239.68763732910156,0.11759854108095169,-1.5448048114776611,28.824607849121094,0.7747047702731661,0.04204105208215453,0.6309239802510497,-0.37083700460482605,0.8383879859158175,0.3994815403591753,-0.5121644608245691,-0.543450213921979,0.6650935498532773,15.335027694702148,4.257137298583984,-1.5548689365386963
6.01,0.7962935989665978,3.224887423243009,1.6413299847479637,3.8594988314786405,24.6243839263916,23.290979385375977,-239.39991760253906,0.06035717576742172,-1.5686007738113403,28.716480255126953,0.7483247701393256,0.15143245864256893,0.6458159558770533,-0.3971610016126803,0.8820812525456481,0.25336890635102227,-0.5312938708416821,-0.4460951404991621,0.7202263175065841,14.992644309997559,3.579223155975342,-1.588294267654419
6.02,0.8655421519255241,2.668375824556535,1.078336416720028,0.4974854716580808,24.624691009521484,23.275230407714844,-239.11338806152344,0.001084428746253252,-1.5787442922592163,28.58282470703125,0.7235354348581023,0.25783956910191214,0.6403243171315899,-0.4175617105747264,0.9021402722232709,0.10855941734751043,-0.5496714403774358,-0.3459215024225335,0.760394385694116,14.347879409790039,3.102810859680176,-1.61404550075531
6.03,1.3778656308275448,0.2708814936784427,1.6447959864367627,2.7300836805972697,24.62445640563965,23.25945281982422,-238.8282470703125,-0.04414425045251846,-1.5740597248077393,28.44724464416504,0.6998584877463825,0.35823675169127256,0.6179518807051503,-0.43337900359435155,0.9006676970873092,-0.03131036037815947,-0.5677858191016343,-0.24589454886420065,0.7855922189443819,13.920979499816895,2.898881196975708,-1.6313010454177856
6.04,1.3778656308275448,0.2708814936784427,1.6447959864367627,2.7300836805972697,24.623844146728516,23.243778228759766,-238.54443359375,-0.07817072421312332,-1.5595626831054688,28.3128662109375,0.6763917983359276,0.45274615809259616,0.5809604560349036,-0.44525758474987537,0.8796662255404871,-0.16713172908236174,-0.5867195397859158,-0.14563051869627575,0.7965876810858026,13.827696800231934,2.5969841480255127,-1.6518710851669312
6.05,1.4464341675557808,3.022344582094623,2.9005710330832346,0.22613504835250117,24.622900009155273,23.228288650512695,-238.26199340820312,-0.11033990234136581,-1.5371036529541016,28.17360496520996,0.6552149226643659,0.5407045412353207,0.5275718000475671,-0.45426791479595335,0.8399953507595518,-0.29672962826329596,-0.6036009167528371,-0.04523726107799447,0.7960022132540184,13.849868774414062,2.0213992595672607,-1.6766858100891113
6.06,2.1629814453704435,3.793378195860273,4.1587973314837345,2.012525331328748,24.62163734436035,23.21306800842285,-237.9810028076172,-0.14264968037605286,-1.5048362016677856,28.030019760131836,0.6364694094598281,0.6202320644814372,0.4584963216983888,-0.4615071398155599,0.7825301479664777,-0.4179207190638246,-0.6179950248352485,0.05439442722060095,0.7842980272614638,13.963881492614746,1.6869906187057495,-1.6863243579864502
6.07,2.1629814453704435,3.793378195860273,4.1587973314837345,2.012525331328748,24.620025634765625,23.198253631591797,-237.7014617919922,-0.18188288807868958,-1.4524906873703003,27.872398376464844,0.6186888509620111,0.6895632861564996,0.3764659082577813,-0.4664898057784802,0.7080062431991676,-0.5302022450874357,-0.6321482158482001,0.15241270936523257,0.7597098125099392,14.108912467956543,1.49900221824646,-1.6839767694473267
6.08,0.9006068266917137,1.9371551141857566,4.007537726851076,1.0579347624706188,24.618005752563477,23.184080123901367,-237.42352294921875,-0.22034604847431183,-1.3797942399978638,27.71393394470215,0.6020324745565598,0.7466494220420632,0.2829691505156659,-0.46969213180275804,0.617744167036701,-0.6306991718836426,-0.6457137143517127,0.24679299960976384,0.7225974082722201,14.219408988952637,1.244701862335205,-1.6792922019958496
6.09,1.089095108210693,0.8450525066243445,3.7528208934308043,3.393398018419991,24.61566734313965,23.170654296875,-237.1470489501953,-0.2438678741455078,-1.3087036609649658,27.58785057067871,0.5866302386923835,0.7897757783062915,0.17921825535477318,-0.47202392124069564,0.5132613649055348,-0.7167678767019802,-0.6580717140466339,0.3358824069462393,0.6738876967831704,14.428367614746094,0.8401076197624207,-1.671919584274292
6.1,1.2344338449752097,3.8629929623791464,3.975700220136247,2.5091315199434296,24.61316680908203,23.15790557861328,-236.8716583251953,-0.25490912795066833,-1.2397844791412354,27.49361228942871,0.5725035024775903,0.8173145367861835,0.06508984259374351,-0.4758694571391572,0.3958787558232358,-0.7853841546975155,-0.6676735724985495,0.41866091129437133,0.615576999197656,14.62686538696289,0.09437641501426697,-1.6675958633422852
6.11,1.2344338449752097,3.8629929623791464,3.975700220136247,2.5091315199434296,24.610597610473633,23.145912170410156,-236.59713745117188,-0.2564173638820648,-1.1553255319595337,27.415817260742188,0.5587425278967921,0.827371077182136,-0.05713044864146061,-0.48378995728901397,0.269212535810797,-0.832749594889493,-0.673612696395931,0.4929317510617393,0.5506943108925414,14.596158027648926,-0.5974354147911072,-1.6563290357589722
6.12,0.10603510353212552,0.20435240267687324,0.2688732985164833,1.8284582958517017,24.608078002929688,23.13484001159668,-236.32330322265625,-0.24508865177631378,-1.0586997270584106,27.358379364013672,0.544119017959318,0.8191545293694223,-0.18143966299722794,-0.49426292830756424,0.13821121520815827,-0.8582551005916108,-0.6779665566942216,0.5566718216366304,0.4800810671125624,14.418794631958008,-1.0673828125,-1.6345536708831787
6.13,0.9127103337057111,2.7171090094280888,0.07955610836899335,1.7955605878314773,24.605709075927734,23.124624252319336,-236.04983520507812,-0.2301991879940033,-0.9964368939399719,27.34588623046875,0.5277994986637158,0.7931380428838184,-0.3039074433783361,-0.5066025453918117,0.006770341303455052,-0.862153132268956,-0.6817488908776218,0.6090042753618903,0.40537913411776816,14.177003860473633,-1.5286144018173218,-1.6193046569824219
6.14,0.9127103337057111,2.7171090094280888,0.07955610836899335,1.7955605878314773,24.603477478027344,23.11484718322754,-235.77630615234375,-0.21459782123565674,-0.9564826488494873,27.36518096923828,0.509182009417292,0.7507703972235888,-0.42080576509656276,-0.5200782247815408,-0.12116697174304553,-0.8454804581223042,-0.6857494596380301,0.6493553538790257,0.3287632932594441,13.74721908569336,-1.7590563297271729,-1.6081750392913818
6.15,3.443780148885292,1.439737528034289,3.510434278321278,4.059431066481245,24.601444244384766,23.10550880432129,-235.5024871826172,-0.1906866580247879,-0.9114470481872559,27.399269104003906,0.4892125432755615,0.6948610660394683,-0.5271045308137184,-0.5317981341374747,-0.2413629115758792,-0.8117479223524473,-0.691275510943182,0.6774304715748383,0.2514480545801355,13.177436828613281,-1.7543078660964966,-1.5954216718673706
6.16,3.2385762799511455,1.8620016674684519,0.9167429966672658,0.29542248797691933,24.599742889404297,23.096698760986328,-235.22828674316406,-0.14249032735824585,-0.8424026370048523,27.44123649597168,0.4680891955376896,0.6276288895304012,-0.6220727305128506,-0.5415394449985709,-0.35254351114293336,-0.7631828760275298,-0.6983033255910487,0.6941145797185414,0.17486399197843472,12.971510887145996,-2.0178534984588623,-1.587607979774475
6.17,3.2385762799511455,1.8620016674684519,0.9167429966672658,0.29542248797691933,24.598617553710938,23.088640213012695,-234.95359802246094,-0.08633682876825333,-0.7765772342681885,27.49690055847168,0.4445696757213942,0.5479243575956543,-0.7086160467999323,-0.5507127985390308,-0.45672165051473496,-0.6986563872723166,-0.7064511426519766,0.7008453697531902,0.09870436029492774,13.156914710998535,-2.106400728225708,-1.5789517164230347
6.18,0.2774770208533065,2.0430148974882085,0.9222306740600323,1.2605016614508124,24.59798812866211,23.081106185913086,-234.6782989501953,-0.03904882073402405,-0.7322192192077637,27.56620216369629,0.42196168403274126,0.4553849634264934,-0.7839469830883364,-0.5557834827512871,-0.5532303765136753,-0.6205166160574485,-0.7162772211295728,0.6975390208350989,0.019653419633966024,13.432701110839844,-1.8123646974563599,-1.5684365034103394
6.19,0.2938598345937432,1.4719504571873778,0.12528342480019963,1.1152896867487796,24.597820281982422,23.073955535888672,-234.4022674560547,0.0034977460745722055,-0.6999915838241577,27.6423397064209,0.4015452318418077,0.3518907948577058,-0.8455378733560792,-0.5564171581342776,-0.6395762417230543,-0.5304169842276806,-0.7274347894614908,0.6834581914922268,-0.061020714214859245,13.408106803894043,-1.7267918586730957,-1.554908037185669
6.2,1.1135704163697124,3.721150415289406,2.7654820376401545,1.239265643439742,24.59803009033203,23.067060470581055,-234.12547302246094,0.03599468618631363,-0.6802968382835388,27.719802856445312,0.38141070397430715,0.24263216184907963,-0.891995240419065,-0.554522140707209,-0.7119932185083155,-0.43077935450026456,-0.7396154881824188,0.658934967075365,-0.13701692890321965,13.085783004760742,-1.8439738750457764,-1.5396716594696045
6.21,1.1135704163697124,3.721150415289406,2.7654820376401545,1.239265643439742,24.598609924316406,23.060359954833984,-233.84788513183594,0.08786195516586304,-0.6571530103683472,27.7989501953125,0.3613133147807956,0.1307994654541566,-0.923224885062692,-0.5503314179632461,-0.769359608102235,-0.32437805693871835,-0.7527204122147059,0.6252817710901882,-0.20599681496965155,12.800745010375977,-1.94049870967865,-1.5179966688156128
6.22,0.4221390207601983,2.3341259140838893,2.035431451841542,2.8154322435084578,24.5998592376709,23.053916931152344,-233.56948852539062,0.16346293687820435,-0.6326615214347839,27.88016128540039,0.34175376970946225,0.017717462695338637,-0.939622505267414,-0.5437383270688403,-0.8117568073940759,-0.21307162487238013,-0.7665200535966107,0.5837268001085925,-0.26778728548837527,12.586734771728516,-2.011420965194702,-1.4891364574432373
6.23,3.8377889779666594,2.144782920967342,1.439124500127869,2.4673934277378344,24.60187339782715,23.04767608642578,-233.2903289794922,0.23763802647590637,-0.6174241304397583,27.95697593688965,0.3224392213155031,-0.09456740834021735,-0.9418545290209451,-0.5348057996111566,-0.8391753912697839,-0.09883025543565133,-0.7810350217882186,0.5355760151155196,-0.32115825814270654,12.25714111328125,-2.2758498191833496,-1.4645754098892212
6.24,3.8377889779666594,2.144782920967342,1.439124500127869,2.4673934277378344,24.604629516601562,23.041542053222656,-233.01040649414062,0.3168710470199585,-0.611002504825592,28.030942916870117,0.3021390493440133,-0.20369409938533908,-0.9312468570347453,-0.5234463906861616,-0.8518986781886431,0.016508124607985675,-0.7966905741497924,0.4824700570771601,-0.36401479789266217,12.068742752075195,-2.4318430423736572,-1.4512614011764526
6.25,4.166449495722337,2.2292096908723567,0.655436732840093,0.2083392772063333,24.60822868347168,23.035425186157227,-232.72972106933594,0.40309959650039673,-0.6145092844963074,28.10315704345703,0.28383326922640834,-0.3106416205912852,-0.9071606576768355,-0.5093345865016398,-0.8504085556818297,0.13184675732208032,-0.8124142750305735,0.42462580230075975,-0.3995947619113435,12.105191230773926,-2.3430325984954834,-1.4456268548965454
6.26,2.2933253420343216,3.691283108997488,1.4270755898319982,1.522395261145171,24.612646102905273,23.029226303100586,-232.4483642578125,0.47662314772605896,-0.6265688538551331,28.165868759155273,0.26947422943873095,-0.41500107550182347,-0.8689981283068062,-0.4930346779695947,-0.8345992404568763,0.245684582642509,-0.8272245438741652,0.36224054875336037,-0.42951290882934373,12.308222770690918,-1.9810826778411865,-1.4397038221359253
6.27,2.2933253420343216,3.691283108997488,1.4270755898319982,1.522395261145171,24.617740631103516,23.022863388061523,-232.1664276123047,0.5432780981063843,-0.6471975445747375,28.22197914123535,0.2613652341159672,-0.5155787024661762,-0.8160066273988219,-0.476020716153539,-0.8042871710408173,0.3557055303081905,-0.8396978576774966,0.29546699995507686,-0.45563884793701376,12.345953941345215,-1.5668426752090454,-1.4289896488189697
6.28,1.2708698298490977,4.170902039302382,3.043471369886025,3.5915705272218346,24.623510360717773,23.016244888305664,-231.88392639160156,0.6096529960632324,-0.6783109307289124,28.27572250366211,0.25821134452232397,-0.6079298156332417,-0.7508316994001426,-0.45911071337019066,-0.7610357164100481,0.4583033833793498,-0.8500260316182605,0.22637574431104007,-0.47561514689813467,12.128314018249512,-1.2789870500564575,-1.4152588844299316
6.29,2.7015315140361698,3.3583574076027713,3.3868786725945457,3.2806414390635967,24.62995147705078,23.009244918823242,-231.60089111328125,0.6809492707252502,-0.7254363298416138,28.332916259765625,0.25850563787365316,-0.6896883249026968,-0.6763910479008781,-0.4424891474611916,-0.7069549431886759,0.5517409380136332,-0.8587072781609597,0.1566675550138196,-0.48793143743705253,11.726515769958496,-1.2973685264587402,-1.4002063274383545
6.3,4.035341985711699,4.047380877354327,2.425386310897085,2.3885580450214077,24.637136459350586,23.001676559448242,-231.3172607421875,0.7552669644355774,-0.7909274101257324,28.395803451538086,0.25957953165535474,-0.7595366828279909,-0.5964247598685337,-0.4246089393616991,-0.6444598935062987,0.6359077718317196,-0.8673671168309987,0.08817864310875623,-0.4897946626289215,11.401204109191895,-1.5427335500717163,-1.3855010271072388
6.31,4.035341985711699,4.047380877354327,2.425386310897085,2.3885580450214077,24.645036697387695,22.993385314941406,-231.03297424316406,0.8229387402534485,-0.8693423867225647,28.46060562133789,0.2617542768235594,-0.8188020818735482,-0.5109284189435134,-0.4055871300027749,-0.5736930937882413,0.7116005298731783,-0.8757761006905175,0.020961508991939493,-0.48226220731060115,11.305868148803711,-1.5149407386779785,-1.3739181756973267
6.32,4.046122586134983,3.8122025466546288,3.231873948249367,3.7557677131654077,24.653564453125,22.9842586517334,-230.748046875,0.8803952932357788,-0.9574988484382629,28.526514053344727,0.2668594552654153,-0.8677591257844097,-0.41926141099953684,-0.38797870421713837,-0.4949602810098926,0.7774875209909147,-0.882189637328299,-0.04481539735944434,-0.468756892162749,11.28041934967041,-1.2350454330444336,-1.3650951385498047
6.33,3.7834874289418563,2.1500574875387977,2.114330174126637,1.7398893083435967,24.662620544433594,22.97418785095215,-230.46243286132812,0.9296438097953796,-1.060715675354004,28.597915649414062,0.2747303721151729,-0.9058877355231381,-0.3223206994070027,-0.3726793040036747,-0.4093380840761395,0.8327979762776874,-0.8863596104317901,-0.10867264399855259,-0.45006321493937784,11.243406295776367,-1.085863471031189,-1.3595967292785645
6.34,3.7834874289418563,2.1500574875387977,2.114330174126637,1.7398893083435967,24.672101974487305,22.96306800842285,-230.17611694335938,0.9619042277336121,-1.1577397584915161,28.664535522460938,0.28435165213757585,-0.9327808107474569,-0.22150416932407385,-0.3587144611149842,-0.3177740442410802,0.8776921967259674,-0.8890827145511364,-0.1701164774734798,-0.4249615403520624,11.363611221313477,-1.0023540258407593,-1.3570584058761597
6.35,2.169048454520876,0.6144528771287299,2.193518670267503,2.4466612766170797,24.68181037902832,22.95107078552246,-229.88916015625,0.9779470562934875,-1.2414987087249756,28.725547790527344,0.2955314216562527,-0.9482736099456424,-0.11592385213791923,-0.346695552546938,-0.21952885514401435,0.9119261349491701,-0.8902041185357478,-0.22931254313669447,-0.393639917821064,11.64718246459961,-0.8643869161605835,-1.356218934059143
6.36,2.9270327387635016,2.883704711174111,1.4512356037072442,3.830355080424475,24.69162368774414,22.938270568847656,-229.60159301757812,0.9827522039413452,-1.3156208992004395,28.785598754882812,0.30789941119648295,-0.951396308227989,-0.006558755599387622,-0.33623745353446655,-0.11525981963896834,0.9346975707775483,-0.8900237791348704,-0.2855875324080971,-0.3553835025821226,11.899505615234375,-0.9956265687942505,-1.3568397760391235
6.37,2.9270327387635016,2.883704711174111,1.4512356037072442,3.830355080424475,24.701435089111328,22.924726486206055,-229.31341552734375,0.9779886603355408,-1.3977564573287964,28.853023529052734,0.32132432573599234,-0.9413817416675426,0.1027185189987373,-0.32479599707718754,-0.007667990121229262,0.9457530133233182,-0.8895269742806823,-0.3372560131153851,-0.30822093317062305,11.820305824279785,-1.21603262424469,-1.3581098318099976
6.38,3.889098284896817,1.9474600310466328,2.8561688115415174,0.2681225578781681,24.711145401000977,22.91027069091797,-229.0244903564453,0.9620909690856934,-1.4944090843200684,28.929550170898438,0.33595785235135456,-0.918836372145689,0.20705565113180147,-0.31341170178783406,0.09824960480984443,0.9445211063481659,-0.8882034826693258,-0.38221294637526115,-0.25496634483245545,11.471677780151367,-1.3145153522491455,-1.3598510026931763
6.39,2.646705316740777,1.537919977634653,0.3200056190447238,0.15248128884250897,24.72064781188965,22.894866943359375,-228.73480224609375,0.9378457069396973,-1.5834267139434814,29.007328033447266,0.35156394606590163,-0.8847389764029805,0.3060061036319023,-0.3032087451604118,0.20164167766226698,0.931345849127914,-0.8857015573458255,-0.4202113485651632,-0.19737065093935974,11.615410804748535,-1.2417795658111572,-1.3556959629058838
6.4,1.5703804202951006,2.07756334701332,4.0692505132599575,0.6220479073681338,24.729902267456055,22.87869644165039,-228.44435119628906,0.9142264723777771,-1.6444042921066284,29.082103729248047,0.36716626143581726,-0.8378156555382477,0.40404685841899823,-0.2963799947023978,0.3063673227699341,0.9045982325203771,-0.8816733154652308,-0.451889356893698,-0.1358240550224747,11.997721672058105,-0.9605059027671814,-1.3499755859375
6.41,1.5703804202951006,2.07756334701332,4.0692505132599575,0.6220479073681338,24.738914489746094,22.861989974975586,-228.15313720703125,0.8848161101341248,-1.7009775638580322,29.15818214416504,0.38208228555712087,-0.7778181148693161,0.49901112937948644,-0.2933018516804474,0.4099951665012258,0.8636422796774446,-0.8763487609760557,-0.4763433043790748,-0.07148360307760471,12.345947265625,-0.9288098812103271,-1.3381654024124146
6.42,0.1274049894860968,4.024615244685182,2.7085422890818664,2.225177867123414,24.747560501098633,22.844655990600586,-227.8611602783203,0.8427284359931946,-1.7660226821899414,29.234832763671875,0.3976956183658583,-0.7042351960912396,0.5881249728747543,-0.2906029164604982,0.5113146118250277,0.8087690107063163,-0.8702804950573407,-0.492554724188647,-0.0013052211289918958,12.788537979125977,-1.1956678628921509,-1.316652536392212
6.43,1.9113634363659053,2.694872591341718,1.53217361829031,2.724551766161629,24.755739212036133,22.826671600341797,-227.5684356689453,0.7906500697135925,-1.8306392431259155,29.307165145874023,0.4147991544248472,-0.6181150291850219,0.6677390749267498,-0.28750155875424915,0.6072223335934959,0.7406914953603467,-0.8632986245803413,-0.49921423084770833,0.0741662761423425,12.7505464553833,-1.4864003658294678,-1.291003704071045
6.44,1.9113634363659053,2.694872591341718,1.53217361829031,2.724551766161629,24.763351440429688,22.808055877685547,-227.27503967285156,0.730633020401001,-1.8909393548965454,29.371089935302734,0.4333369462278265,-0.5246534026868062,0.73277411122603,-0.28461416804706524,0.6918025982589948,0.6636293697456292,-0.8551104410430381,-0.49613301854569225,0.15045983360326143,12.366765975952148,-1.6806161403656006,-1.272194743156433
6.45,2.075784655883295,1.3278302076072284,1.6317903105170681,0.6128609310845828,24.770336151123047,22.78887367248535,-226.98104858398438,0.6656726002693176,-1.9436981678009033,29.423171997070312,0.45257650353291967,-0.4264935127751524,0.7831205475599704,-0.28303025615679983,0.7640956803970439,0.5796996336883392,-0.8456171607469501,-0.48400524249153476,0.22510118322873668,12.021549224853516,-1.7939844131469727,-1.2612429857254028
6.46,2.302537839370321,0.19639616626034925,1.551587591755871,0.6159861520143886,24.776687622070312,22.76923370361328,-226.6865997314453,0.6086781620979309,-1.9803926944732666,29.46412467956543,0.4719433575735393,-0.3248128016310536,0.8196133912637104,-0.2832492776175895,0.8245092207759264,0.4898513974508883,-0.8348888033572662,-0.46333701422621126,0.29711865858039194,11.970196723937988,-1.8362711668014526,-1.2498269081115723
6.47,2.302537839370321,0.19639616626034925,1.551587591755871,0.6159861520143886,24.78254508972168,22.74931526184082,-226.39178466796875,0.5644201040267944,-2.001112699508667,29.494003295898438,0.4907430763088726,-0.21802119775604104,0.8435863858455309,-0.28565736451317275,0.8744173514659606,0.3921659923484478,-0.8231470726147861,-0.433429409228626,0.36683490027726623,12.286395072937012,-1.8827687501907349,-1.2398371696472168
6.48,3.3358293322950927,2.7445584838642776,1.158533216745392,0.7560240350720273,24.787986755371094,22.729238510131836,-226.0967559814453,0.5241169929504395,-2.013244152069092,29.507829666137695,0.5091495292960578,-0.10553581613487806,0.8541832053665934,-0.29016914457906545,0.9133018352966629,0.2857999740692792,-0.8102892226556244,-0.39337253228522767,0.4343839620562106,12.73062801361084,-1.978971242904663,-1.2314108610153198
6.49,2.35117355867824,1.0161697757692556,1.1420927401097856,0.9054103908162837,24.792984008789062,22.70905876159668,-225.80169677734375,0.47083213925361633,-2.0225486755371094,29.49455451965332,0.5263094131368415,0.010970950843731203,0.8502223473192989,-0.29707237409443243,0.9392769773256205,0.17177533122059133,-0.796709737729778,-0.3429845449923812,0.49760948112241415,13.034339904785156,-1.818851351737976,-1.220836877822876
6.5,2.5255810699703063,1.2801412225911617,3.270684329084731,0.1383146425488509,24.797405242919922,22.688812255859375,-225.5069122314453,0.4159907400608063,-2.0243418216705322,29.45861053466797,0.5396926960651595,0.12808855803611258,0.8320607640756467,-0.30665702241455756,0.9503653518638477,0.052603883702085366,-0.7840237652123544,-0.28354720819809603,0.5521844948070425,13.241357803344727,-1.61127769947052,-1.2118021249771118
6.51,2.5255810699703063,1.2801412225911617,3.270684329084731,0.1383146425488509,24.80130958557129,22.66860008239746,-225.21258544921875,0.3632358908653259,-2.0170156955718994,29.40216636657715,0.5505175226953598,0.24430372819450852,0.7982769855104354,-0.3182428073426684,0.9454310992627172,-0.06986810518074575,-0.7717849265048012,-0.2155822927263606,0.5982242909501625,13.687822341918945,-1.619529128074646,-1.1988211870193481
6.52,0.2524472148518196,1.9471269271009226,0.9928459273988558,3.61601010367015,24.804662704467773,22.648508071899414,-224.91893005371094,0.30781614780426025,-2.0003509521484375,29.322978973388672,0.5598003627044599,0.35930698142443934,0.7466739897810911,-0.33158804920425106,0.9229399614008298,-0.19552798591085174,-0.7593898337091921,-0.13813153423129954,0.6358040261826226,14.338214874267578,-1.7127126455307007,-1.179734230041504
6.53,1.5136680609880395,1.211960396601012,0.5011003529006635,3.2293798800123557,24.80748176574707,22.628625869750977,-224.6261749267578,0.2571302056312561,-1.9744555950164795,29.22833251953125,0.5679830229973302,0.46894744866500565,0.676375321827605,-0.3469367389476968,0.8816375027475623,-0.31992219822541196,-0.7463445482852755,-0.0529490711875476,0.6634502325760568,14.343881607055664,-2.0149385929107666,-1.1637648344039917
6.54,1.5136680609880395,1.211960396601012,0.5011003529006635,3.2293798800123557,24.809829711914062,22.609045028686523,-224.33441162109375,0.2138148695230484,-1.9409350156784058,29.123920440673828,0.5760276407795617,0.5650907148708473,0.5906476454068766,-0.36523656005974786,0.8243524877087008,-0.43248726132014437,-0.7312963915223806,0.03339850258965921,0.6812416074867375,13.871532440185547,-2.396712064743042,-1.1543185710906982
6.55,0.2759093081115187,0.9645669053291884,0.8623059502590469,1.0500710308387309,24.811779022216797,22.589828491210938,-224.04371643066406,0.17744378745555878,-1.9009490013122559,29.013402938842773,0.5828800534894876,0.6459128073452435,0.49299846708836603,-0.38668937030205475,0.7541150108466509,-0.5308313115398867,-0.714648287019211,0.11877371646598547,0.6893262146018859,13.445181846618652,-2.7070329189300537,-1.1474008560180664
6.56,2.661662278013784,2.973821016508356,2.4029158360973413,2.4848971789226613,24.813419342041016,22.571014404296875,-223.7541046142578,0.15448372066020966,-1.8640251159667969,28.911056518554688,0.5876358213414911,0.7110605908720011,0.38610487899672075,-0.41120484451220235,0.6734171019531074,-0.6143451657226368,-0.6968462652020222,0.2022430293133468,0.6881155715198967,13.142651557922363,-2.9794652462005615,-1.1326849460601807
6.57,2.661662278013784,2.973821016508356,2.4029158360973413,2.4848971789226613,24.81485939025879,22.55260467529297,-223.46554565429688,0.13061434030532837,-1.8103536367416382,28.796875,0.589466184308395,0.7606974118662939,0.271788640558841,-0.4382305117543548,0.5837862696446066,-0.6834819748478745,-0.6785894459276662,0.2837834367160218,0.6774830809114174,12.987570762634277,-3.1255083084106445,-1.1109678745269775
6.58,1.5139354463856602,3.2297637980250324,1.476406291648899,2.6841795220096856,24.816041946411133,22.534883499145508,-223.17822265625,0.10713212192058563,-1.7324451208114624,28.669710159301758,0.5875913025332539,0.7946612109987063,0.1524795754235424,-0.46657338742476484,0.4867046864151621,-0.7385308540396258,-0.6610943467722702,0.362811394467688,0.6567512137104561,12.882369041442871,-3.172517776489258,-1.0884692668914795
6.59,1.2662243286132127,1.84909004372032,0.00876296356118289,2.304884590003676,24.817045211791992,22.517959594726562,-222.89210510253906,0.09560591727495193,-1.6532623767852783,28.557157516479492,0.5818460214484453,0.8127068212534314,0.031029502296333167,-0.4955283377124973,0.3845034159069123,-0.7788509418879872,-0.6449084228388587,0.43779532414595157,0.6264410429620945,12.588957786560059,-3.21327805519104,-1.0653700828552246
6.6,0.27226497805077376,3.4376194927488086,2.8480918986074455,1.95039919948018,24.8179931640625,22.50176429748535,-222.6069793701172,0.09516759216785431,-1.5896635055541992,28.474355697631836,0.5723054899591131,0.8152658853740029,-0.0883626748576728,-0.5246386868766133,0.28119701008413167,-0.8035437074311065,-0.6302544521025158,0.5062309528911562,0.5886506161891529,12.118715286254883,-3.240781784057617,-1.046499252319336
6.61,0.27226497805077376,3.4376194927488086,2.8480918986074455,1.95039919948018,24.81897735595703,22.48616600036621,-222.32257080078125,0.10351645201444626,-1.526858925819397,28.409692764282227,0.5590873698366406,0.8037818632585747,-0.20336181840680218,-0.5536572224948333,0.17936353896335533,-0.8131988692010382,-0.6171588068467093,0.5672419564763477,0.5452995231470786,11.673901557922363,-3.379688262939453,-1.0208101272583008
6.62,2.204045650886068,0.6670144886446705,2.6026569748060693,2.59799263716117,24.82009506225586,22.471250534057617,-222.0387420654297,0.12218692153692245,-1.4557521343231201,28.35703468322754,0.5420426766482934,0.7796471895249054,-0.31359208624879253,-0.5833995066211438,0.08053349451459446,-0.8081827589941979,-0.604842750114573,0.6210190143040584,0.4984983766339227,11.268985748291016,-3.6310298442840576,-0.9847200512886047
6.63,3.0981294667989965,0.9349783228536126,1.9979701716853995,4.151011468112559,24.82144546508789,22.457042694091797,-221.75537109375,0.14935708045959473,-1.3867661952972412,28.323013305664062,0.5207234639153848,0.7438747369205486,-0.418924157693666,-0.6140309952728972,-0.014589048169532937,-0.7891470690040496,-0.5931382730629835,0.6681598128029638,0.4491652853716214,11.162495613098145,-3.9784786701202393,-0.9570285677909851
6.64,3.0981294667989965,0.9349783228536126,1.9979701716853995,4.151011468112559,24.823122024536133,22.443527221679688,-221.4722442626953,0.18871375918388367,-1.3142311573028564,28.303564071655273,0.4941661532031125,0.6960290717134595,-0.5209062721432115,-0.645823907779194,-0.10720833789275425,-0.7559218560321458,-0.5819890833763542,0.7099647199797837,0.3965334830941495,11.20895004272461,-4.391364574432373,-0.9422778487205505
6.65,3.967644006873155,1.1694283042290408,0.29367315896232504,2.6227487090266037,24.82526206970215,22.43076515197754,-221.18919372558594,0.24166066944599152,-1.2391668558120728,28.298583984375,0.461692821114149,0.6367168189637886,-0.6176013531237542,-0.6780934287451374,-0.1955249751087053,-0.7084908510357794,-0.5718645301330737,0.7458965588855963,0.34148101355464056,11.180229187011719,-4.800574779510498,-0.931476891040802
6.66,0.23004407050512926,4.133516041102102,1.4490040309748011,3.0244364067210157,24.827960968017578,22.4187068939209,-220.90614318847656,0.2980091869831085,-1.1756696701049805,28.313573837280273,0.42360130563545934,0.5667628261741581,-0.7066412333928833,-0.7091938624319282,-0.27782700771862345,-0.6479631311046943,-0.5635654348456953,0.7756236540031494,0.28425683456688494,11.174449920654297,-4.906433582305908,-0.9212930798530579
6.67,0.23004407050512926,4.133516041102102,1.4490040309748011,3.0244364067210157,24.831235885620117,22.407222747802734,-220.6228485107422,0.35820138454437256,-1.1218230724334717,28.34550666809082,0.38234475321308775,0.4880895315976307,-0.7845897646765654,-0.7362578324162231,-0.352142725623053,-0.5778580318698805,-0.5583340343344543,0.7986013460642127,0.22471981703499094,10.741479873657227,-4.891651153564453,-0.8986161947250366
6.68,2.688736635209202,0.19194171716306427,1.212445151003389,2.425363396158085,24.83515167236328,22.39625358581543,-220.3391876220703,0.42622727155685425,-1.073163390159607,28.389982223510742,0.3380465879817239,0.4068776855136276,-0.8486312823511681,-0.7595060513096852,-0.4145471938225711,-0.5012994934346148,-0.555765294326557,0.8140031775889484,0.1688897998613606,9.8870267868042,-4.979387283325195,-0.8642245531082153
6.69,2.2585219105343977,3.447479090171211,1.566828409667505,2.7919989268783425,24.839744567871094,22.38572120666504,-220.05502319335938,0.4901919662952423,-1.0362646579742432,28.4461669921875,0.2908035221164801,0.32549547010718705,-0.8997144049443419,-0.7789984760178326,-0.46542632622750546,-0.420166287577028,-0.5555129934452875,0.8230619866049391,0.11821286021151414,9.497095108032227,-5.1183762550354,-0.8411130309104919
6.7,2.2585219105343977,3.447479090171211,1.566828409667505,2.7919989268783425,24.844989776611328,22.375516891479492,-219.770263671875,0.5638861060142517,-1.0034934282302856,28.5091609954834,0.2409425264496648,0.24085454469949635,-0.9401785932713267,-0.7944006854676722,-0.5075724128321613,-0.33361324413192983,-0.5575609831009924,0.8272601368549896,0.06903923590335076,9.298806190490723,-5.1516194343566895,-0.8214028477668762
6.71,2.437813641239592,3.9957992817923067,0.24639623173168512,4.130473782107926,24.851070404052734,22.365638732910156,-219.48483276367188,0.6537091732025146,-0.9734489917755127,28.57709503173828,0.19055431957120572,0.15559016809835913,-0.9692681522075713,-0.8049318123598215,-0.5404266687410979,-0.24499753705809624,-0.5619375665889302,0.8268801093898223,0.022258839852688173,8.902832984924316,-5.050413131713867,-0.7976301312446594
6.72,0.8392088265454035,4.1357870873692955,0.7636646478210176,1.1602866617126535,24.85808563232422,22.35602378845215,-219.19871520996094,0.7511908411979675,-0.9507085084915161,28.649648666381836,0.14097063732197251,0.07255756614563907,-0.9873513452707997,-0.8105769267434786,-0.5641425320156284,-0.15718857910832107,-0.5684121086360968,0.8224831932422795,-0.020714043300355645,8.247136116027832,-4.876124382019043,-0.779474675655365
6.73,2.1633848613937476,0.4687098837879078,1.647658849536809,0.4161699085077002,24.866043090820312,22.346588134765625,-218.91184997558594,0.8354513049125671,-0.9383072257041931,28.724763870239258,0.09368316210411305,-0.0045306065184186894,-0.9955917530507923,-0.8116414233914782,-0.5794834666214246,-0.07373677337307233,-0.5765948880914831,0.8149714016559058,-0.05796507146358436,7.508017063140869,-4.577249526977539,-0.7581236362457275
6.74,2.1633848613937476,0.4687098837879078,1.647658849536809,0.4161699085077002,24.87470817565918,22.337230682373047,-218.6242218017578,0.8935250043869019,-0.9342947006225586,28.79937171936035,0.04965772986094828,-0.07728864274747332,-0.9957713470306878,-0.8088084428923927,-0.5880482332235187,0.0053083056318629085,-0.5859718530535748,0.8051246742616646,-0.09171284710447171,7.37851619720459,-4.374385833740234,-0.7369387745857239
6.75,0.5560634319534555,1.0023859679995082,1.2297072116282821,3.178870819229813,24.88387680053711,22.327884674072266,-218.33584594726562,0.9396176934242249,-0.9346761107444763,28.87232208251953,0.007364106933857015,-0.1519911322509005,-0.9883544230923216,-0.8025618739793918,-0.5905068891869477,0.08482954825672767,-0.5965234348822797,0.7925908840882809,-0.12633084380468423,7.739017486572266,-4.321971416473389,-0.7206587791442871
6.76,2.1739635830171102,3.095002928785439,1.9001329030783694,3.5084357137618634,24.89351463317871,22.318519592285156,-218.04676818847656,0.9892938733100891,-0.9393017292022705,28.944171905517578,-0.0343135814551814,-0.22876032023986298,-0.9728778412583329,-0.7928525072715187,-0.5864112760628953,0.16585149085719159,-0.6084467765063638,0.7770395943515633,-0.16125132237898984,7.756433486938477,-4.529089450836182,-0.7062968611717224
6.77,2.1739635830171102,3.095002928785439,1.9001329030783694,3.5084357137618634,24.903749465942383,22.30906867980957,-217.75692749023438,1.0640857219696045,-0.9533851146697998,29.018474578857422,-0.0774231661067705,-0.30212163492695976,-0.9501200824417217,-0.779118707939283,-0.5762776488406951,0.24673489900227424,-0.6220769183059482,0.7593593280889497,-0.19077137771498437,7.389299392700195,-4.768866539001465,-0.6916563510894775
6.78,2.0802081167909146,2.028420543942921,3.3835903258431883,1.325162381456385,24.91485023498535,22.299413681030273,-217.46632385253906,1.1566189527511597,-0.9790740609169006,29.09497833251953,-0.12023099821888919,-0.3699889523543624,-0.9212234702844968,-0.7614377081170458,-0.561049101728918,0.324709904540399,-0.6369906778947008,0.7404944838315111,-0.21426804635865368,6.960480690002441,-4.860665798187256,-0.6762338876724243
6.79,0.06420227880403062,0.34253929548014744,2.0836238344790154,2.7203971436971766,24.926849365234375,22.28946876525879,-217.17501831054688,1.2406567335128784,-1.0101451873779297,29.168615341186523,-0.16192698715840104,-0.4330027345948355,-0.8867289792620955,-0.7399808046289897,-0.541204520256738,0.39940715571244745,-0.6528461224595244,0.720837220936231,-0.23277809455035778,6.8821001052856445,-4.961061477661133,-0.6559346914291382
6.8,0.06420227880403062,0.34253929548014744,2.0836238344790154,2.7203971436971766,24.939577102661133,22.279224395751953,-216.88299560546875,1.2996870279312134,-1.0376347303390503,29.23473358154297,-0.2032267812114597,-0.49416370449353986,-0.8452816740942934,-0.714240228186267,-0.5156935699779843,0.4732029567995021,-0.6697460502599917,0.699901689556886,-0.24814885274076443,6.901702880859375,-5.3514933586120605,-0.6345023512840271
6.81,2.9516115287657536,3.3874942450570975,4.171208113596444,0.14777806287105932,24.952789306640625,22.268726348876953,-216.59033203125,1.3415359258651733,-1.0620733499526978,29.295040130615234,-0.2464709036043186,-0.5516853554097607,-0.7968032142900007,-0.6821782068913769,-0.4852318474585359,0.5469761861858721,-0.688393047407465,0.6783755028289141,-0.2567521946209644,6.747852802276611,-5.989206790924072,-0.6149357557296753
6.82,1.6990501758614438,1.0721165863302071,1.0257776403525742,2.779472454580745,24.966459274291992,22.2579288482666,-216.2970733642578,1.398320198059082,-1.1037758588790894,29.36025619506836,-0.2904929426807537,-0.605432228253969,-0.7409896539386434,-0.64332511676036,-0.4496755424056366,0.6196165755590033,-0.7083407685556056,0.6566914980062029,-0.25886218736699207,6.916252613067627,-6.213070869445801,-0.5848117470741272
6.83,0.2571652533135233,0.22138682931526785,3.397361376120115,3.9713700793374267,24.980745315551758,22.246633529663086,-216.00314331054688,1.4539730548858643,-1.153061866760254,29.42591094970703,-0.3309078797324508,-0.6570959255166222,-0.6772923444129776,-0.600296260047114,-0.4072050348961663,0.6883519882506766,-0.7281101395423782,0.6343571582513006,-0.2597048718659563,7.042020797729492,-6.238674640655518,-0.5583683252334595
6.84,0.2571652533135233,0.22138682931526785,3.397361376120115,3.9713700793374267,24.995506286621094,22.234867095947266,-215.7085723876953,1.4984698295593262,-1.2018548250198364,29.489131927490234,-0.3686230030763364,-0.7038966752962212,-0.6071627064551225,-0.5516443270915463,-0.36007107407291356,0.7523545427547397,-0.7482015891393831,0.6122730535658941,-0.25557012714008126,6.919260025024414,-6.810586929321289,-0.5389130711555481
6.85,3.2347509390975255,2.447693473554745,2.7524590692340136,1.6045565564922735,25.01070213317871,22.222572326660156,-215.41336059570312,1.5398215055465698,-1.257798194885254,29.55389404296875,-0.4061784346492466,-0.74495760734924,-0.5292043485066837,-0.4927801679060343,-0.30913538762870346,0.8133898316515594,-0.7695367342397559,0.5911628162935717,-0.24153620699072123,6.794985294342041,-7.778563499450684,-0.5152883529663086
6.86,4.13509617593185,3.400214569671697,3.2056493053684525,4.097046472092753,25.02630043029785,22.209665298461914,-215.11749267578125,1.5804539918899536,-1.3272669315338135,29.622819900512695,-0.4417282350169877,-0.7801574757239549,-0.44297909596368523,-0.42316524285170876,-0.2542026530912697,0.8696621116293466,-0.7910798591994561,0.5716076663528811,-0.21784703839066127,6.8599042892456055,-8.22800350189209,-0.48679718375205994
6.87,4.13509617593185,3.400214569671697,3.2056493053684525,4.097046472092753,25.042329788208008,22.195920944213867,-214.82086181640625,1.6266703605651855,-1.429731011390686,29.70013999938965,-0.4706464051299627,-0.8097980024374647,-0.35031294093500825,-0.34851917174071406,-0.19412291873127693,0.9169791051885623,-0.8105716182222329,0.5536636954610097,-0.19086687523257856,6.942337512969971,-8.228592872619629,-0.45926961302757263
6.88,0.002978140966064655,1.4097869729325498,1.1753572651999413,1.438167214458698,25.058818817138672,22.180994033813477,-214.52345275878906,1.6693590879440308,-1.5577754974365234,29.78218650817871,-0.4918419623119486,-0.832887837001185,-0.2537505371119822,-0.2707628048330635,-0.1306759072553627,0.9537354511508526,-0.8275137386340268,0.5377933229768436,-0.1612431522064124,6.9012980461120605,-8.225483894348145,-0.43505099415779114
6.89,1.805625621572795,2.775991911754511,4.027544549188976,1.9930390689095128,25.075637817382812,22.164905548095703,-214.22523498535156,1.6888504028320312,-1.6447933912277222,29.856990814208984,-0.5051711706902706,-0.8489807653026251,-0.15502821823651952,-0.1904597288259599,-0.06553292043900029,0.9795052465578105,-0.8417405657320804,0.5243444445065706,-0.1285913042010718,6.727736949920654,-8.320005416870117,-0.40619346499443054
6.9,1.805625621572795,2.775991911754511,4.027544549188976,1.9930390689095128,25.09256362915039,22.14812660217285,-213.9263153076172,1.696216344833374,-1.718843698501587,29.930435180664062,-0.5107011190333528,-0.8579750185996946,-0.055346494712266214,-0.10719875973009912,-0.0003275586124276142,0.9942375564308985,-0.8530491151923256,0.5136913082428094,-0.09180657332338016,6.656552314758301,-8.520870208740234,-0.3690185248851776
6.91,3.1109943154735498,0.9560409229289569,3.0446412778226675,3.4759852816497654,25.10953712463379,22.130460739135742,-213.6266326904297,1.6969341039657593,-1.8157618045806885,30.006431579589844,-0.5080922775230536,-0.8600543879003866,0.046353935914095146,-0.021242087421025013,0.06631482652238838,0.9975726126479733,-0.861040655975915,0.5058742863959357,-0.05196340173592265,6.7688446044921875,-8.7475004196167,-0.32685762643814087
6.92,1.2980382474058945,0.7749180985642894,3.1480716935891295,3.3209671886659113,25.126468658447266,22.111801147460938,-213.32618713378906,1.687504529953003,-1.9157264232635498,30.08135414123535,-0.49671386358830194,-0.8548746360711926,0.1498822682018378,0.06678475789891969,0.13453327171485022,0.9886559537645443,-0.8653410505873186,0.5010889695491652,-0.00973194557071641,6.95989465713501,-9.046428680419922,-0.29344215989112854
6.93,3.643899746307827,1.8383876358666427,3.414832871951115,3.251748094933467,25.143260955810547,22.092178344726562,-213.02499389648438,1.6694046258926392,-2.0054244995117188,30.15378761291504,-0.47554034199137796,-0.8419725288474527,0.25484042812110547,0.15704687955805036,0.20378314179889553,0.9663377819063322,-0.8655620490524074,0.49955449330858415,0.035322053385968805,7.0970587730407715,-9.545215606689453,-0.2640606462955475
6.94,3.643899746307827,1.8383876358666427,3.414832871951115,3.251748094933467,25.159818649291992,22.071672439575195,-212.72311401367188,1.6388773918151855,-2.100144624710083,30.221805572509766,-0.4433813932593756,-0.8210835813024733,0.3594922706079779,0.24929555742069737,0.272281204519163,0.929362507698636,-0.8609672846059127,0.5016818694960965,0.08396806927173511,7.269320011138916,-9.95336627960205,-0.2319582849740982
6.95,0.7095545462173728,1.2108862055204264,0.4878439303279831,2.5701524208619135,25.175987243652344,22.05014991760254,-212.42059326171875,1.592427134513855,-2.2037346363067627,30.282373428344727,-0.4002540912201576,-0.7915409024231841,0.4618004571810401,0.33968171564391647,0.33988298713536164,0.8769811212980299,-0.8511245470075057,0.5078804533027783,0.13283241560038445,7.5475568771362305,-10.170768737792969,-0.19890612363815308
6.96,1.3241621516166338,4.0780291107510465,3.4004542923309553,2.2574789769791033,25.191679000854492,22.0277099609375,-212.1174774169922,1.5502259731292725,-2.2738826274871826,30.339242935180664,-0.3463814677795022,-0.7535126028642926,0.5587831744993728,0.42567197682889757,0.40455545301191276,0.8094061116527997,-0.8359564862607958,0.5182216154918713,0.18061868761426358,7.491186141967773,-10.356544494628906,-0.16413898766040802
6.97,1.3241621516166338,4.0780291107510465,3.4004542923309553,2.2574789769791033,25.20696258544922,22.00469207763672,-211.8138427734375,1.5004618167877197,-2.3350412845611572,30.38718032836914,-0.28245912062800443,-0.7097526149462517,0.6453433742985296,0.5053318694008028,0.46173667696626647,0.7289985891015425,-0.8153873600577485,0.5320248741563756,0.22823887998530906,7.188574314117432,-10.471240043640137,-0.11924517899751663
6.98,1.159723900015496,1.1405996366556583,3.487467190873402,0.6470289785937947,25.221620559692383,21.980989456176758,-211.50979614257812,1.4292432069778442,-2.4045212268829346,30.419355392456055,-0.2100484077707362,-0.6618033672430401,0.7196498936974507,0.5767192273494433,0.5105006321064922,0.6377962350346175,-0.7894774215887619,0.5490040143064944,0.2744448816737429,6.9157891273498535,-10.524139404296875,-0.06573637574911118
6.99,1.8859042147891862,3.2398634434771267,2.5446634837385456,2.103698567575883,25.235567092895508,21.956674575805664,-211.20547485351562,1.364365577697754,-2.4526755809783936,30.444067001342773,-0.13025700923096,-0.6100164914511911,0.781609232099893,0.6387382449021638,0.5513090902515598,0.5367231516389998,-0.7583182485246606,0.5691556616283248,0.31782898985290003,6.997735500335693,-10.675097465515137,-0.01359281875193119
7.0,1.8859042147891862,3.2398634434771267,2.5446634837385456,2.103698567575883,25.2488956451416,21.931970596313477,-210.90093994140625,1.297074317932129,-2.4885175228118896,30.45687484741211,-0.04351630057086936,-0.5526733714978621,0.8322610624208079,0.6905310231055862,0.5853873349660718,0.4248394687291572,-0.721992546854452,0.5931895249399691,0.3561642174448686,7.1148810386657715,-10.762636184692383,0.03649121895432472
7.01,2.539767595025626,2.0165787086774265,2.897385181907705,1.3872121943868845,25.26146697998047,21.906923294067383,-210.59637451171875,1.2159403562545776,-2.5190083980560303,30.452791213989258,0.04766386343732765,-0.49246989281393205,0.8690233373126766,0.7301994550291843,0.6108274453623715,0.30610225067313923,-0.6815694476700889,0.6199703514394163,0.38871564329053776,7.010775566101074,-10.711329460144043,0.08440893888473511
7.02,0.5448374760949024,0.05381889944532348,2.5383585549215613,0.5887116377846288,25.273212432861328,21.881629943847656,-210.2919158935547,1.1340302228927612,-2.5369176864624023,30.437641143798828,0.14129886741144337,-0.4306825270713377,0.8913737661293887,0.7570306487025198,0.627214909386188,0.18304659070498497,-0.6379178842086853,0.6489329844591988,0.4146646291734948,7.107855319976807,-10.652297019958496,0.12992921471595764
7.03,2.329090709420522,1.0627189391498393,1.2593232397422407,1.2213191381925919,25.284221649169922,21.856233596801758,-209.9876251220703,1.0751402378082275,-2.539323091506958,30.423826217651367,0.23658927394665485,-0.3657914022679293,0.9001234168047494,0.7707712069865312,0.634704026048968,0.05534027283774945,-0.591554952590138,0.6806962974367443,0.4321056453252917,7.44858980178833,-10.795463562011719,0.17619650065898895
7.04,2.329090709420522,1.0627189391498393,1.2593232397422407,1.2213191381925919,25.29474449157715,21.83087158203125,-209.68345642089844,1.0272278785705566,-2.532268524169922,30.407909393310547,0.3336128021666662,-0.2979051284838916,0.8944020531357815,0.7708741349320682,0.632325760865871,-0.0769233400089539,-0.5426376012803025,0.7151340200049174,0.44059932717647904,7.76469087600708,-10.877779006958008,0.22061389684677124
7.05,2.6435955387150423,1.2996266553011178,2.08474665206496,2.234104903326208,25.304752349853516,21.805618286132812,-209.37948608398438,0.9743709564208984,-2.5177178382873535,30.38499641418457,0.4288125824054535,-0.22898010837184107,0.8738923727443707,0.7568976985744991,0.6191553432326752,-0.20917106597006918,-0.4931791186408777,0.7511423106951493,0.4388161186877243,8.011534690856934,-10.759181022644043,0.26169323921203613
7.06,1.7647037131041334,1.6672738919322423,3.22068347830853,0.3444475934553163,25.31420135498047,21.780553817749023,-209.0757598876953,0.9127339720726013,-2.4926114082336426,30.356346130371094,0.5201599973852475,-0.16061739389581053,0.8388299171454827,0.729249231394075,0.5947524681994443,-0.33832685391765716,-0.44455498606058846,0.7877001677978666,0.4264965533505317,8.243684768676758,-10.698925971984863,0.30249887704849243
7.07,1.7647037131041334,1.6672738919322423,3.22068347830853,0.3444475934553163,25.32300567626953,21.755796432495117,-208.7723388671875,0.8501917719841003,-2.4577348232269287,30.329317092895508,0.6069670003898122,-0.09397155127815826,0.789151701504958,0.6882263684822943,0.5587039041597539,-0.4628114229384598,-0.39741102924235394,0.8240262708354783,0.40378853229073747,8.608674049377441,-10.696972846984863,0.35248294472694397
7.08,1.8762738903757386,1.6903636514594627,3.9456992350184263,3.4682752368893293,25.33122444152832,21.731420516967773,-208.46913146972656,0.7950220704078674,-2.4164650440216064,30.31145477294922,0.687817498703296,-0.02933336089045996,0.725290729581188,0.6344050520182845,0.509863988728498,-0.5810068355635278,-0.35275674118465783,0.8597547713951557,0.36930260574770424,9.106019973754883,-10.684142112731934,0.41258561611175537
7.09,3.805421929015889,3.3569619604562484,0.49780954078795914,1.9687617817964236,25.338876724243164,21.707529067993164,-208.1660919189453,0.7324723601341248,-2.3566818237304688,30.298587799072266,0.7617898104566314,0.031403968617283395,0.6470626518657481,0.56800396347778,0.4479349171890568,-0.6904533347275293,-0.3115249302350974,0.8935144658694215,0.3233946770188097,9.448826789855957,-10.922012329101562,0.4718090891838074
7.1,3.805421929015889,3.3569619604562484,0.49780954078795914,1.9687617817964236,25.34587860107422,21.684335708618164,-207.86314392089844,0.670482337474823,-2.281284809112549,30.297082901000977,0.8279904997694265,0.08459166101039406,0.5543247993542034,0.4889793819909618,0.3749429618714473,-0.7876020183638457,-0.2744647450571973,0.9231803866149719,0.2690856322625173,9.504568099975586,-10.798992156982422,0.5246219038963318
7.11,2.0484068704429124,3.1995910047878184,2.9542040617471788,1.7248244371003556,25.35232162475586,21.66192054748535,-207.56008911132812,0.6199995875358582,-2.200727939605713,30.313148498535156,0.8815746103293443,0.12768177649505813,0.45444864437440063,0.40394454842217437,0.2940759694312301,-0.8662263711080883,-0.24424374756105843,0.9472152279995018,0.20767355061052367,9.41940975189209,-10.152276992797852,0.5704860687255859
7.12,0.8170502830486733,4.067607095419991,2.726362571723206,0.781549155856532,25.358308792114258,21.640344619750977,-207.25680541992188,0.5789245367050171,-2.1134443283081055,30.345563888549805,0.9223548939955827,0.1602080974145183,0.3515605425033044,0.3167067098196337,0.20761411836019328,-0.925523223810587,-0.22126524688170032,0.965002457706891,0.1407549187134869,9.40077018737793,-9.716896057128906,0.6206350922584534
7.13,1.4217600883940495,3.403095418724827,2.625506661079341,1.5478507855884283,25.363941192626953,21.619647979736328,-206.953125,0.5496727228164673,-2.027435779571533,30.39394760131836,0.9521692721616181,0.18216205869141086,0.24533785179731465,0.2267850825122996,0.11683184726798812,-0.9669120155494183,-0.2047979577561837,0.9763028750532573,0.06993205746751563,9.354964256286621,-9.477320671081543,0.6824263334274292
7.14,1.4217600883940495,3.403095418724827,2.625506661079341,1.5478507855884283,25.369335174560547,21.599794387817383,-206.64889526367188,0.530978262424469,-1.9422495365142822,30.45522117614746,0.9714725568452243,0.19311297866024157,0.1376533645414161,0.13550228760383404,0.024368027369506384,-0.9904773239687253,-0.19462836728167546,0.9808738842048393,-0.002494380520524364,9.255748748779297,-9.266449928283691,0.7445952892303467
7.15,4.149330166101936,0.3079346381340856,4.000467413858638,0.18657220502725222,25.374588012695312,21.580812454223633,-206.34400939941406,0.5213205814361572,-1.854083776473999,30.525753021240234,0.9806815205233586,0.19328340732070032,0.03008786729719881,0.04398566531594998,-0.06801893892402155,-0.9967139435135658,-0.1906017223183118,0.9787823805127219,-0.07520661571392973,9.177151679992676,-9.095273971557617,0.8024064898490906
7.16,0.9490797974753213,3.9505940984977643,3.5792134930676838,1.3812589094672942,25.37979507446289,21.56270980834961,-206.0383758544922,0.520936906337738,-1.7672767639160156,30.60196876525879,0.980175648094829,0.18293251909077968,-0.07610119802594134,-0.046505205337421904,-0.16094666183426154,-0.9858668459386045,-0.19259533939949386,0.9698617764936969,-0.14924868420888815,9.766755104064941,-8.950837135314941,0.8535563945770264
7.17,0.9490797974753213,3.9505940984977643,3.5792134930676838,1.3812589094672942,25.385042190551758,21.54547882080078,-205.7319793701172,0.5300850868225098,-1.677646517753601,30.68097686767578,0.9702773415284067,0.16125984975544722,-0.18043597582915202,-0.13487300716107264,-0.2587192671803944,-0.9564902575191078,-0.20092573865957788,0.9523967669235812,-0.22927984189111061,10.320856094360352,-8.843544960021973,0.9122408628463745
7.18,3.2662657689320187,1.5257935288306075,1.2884972271541106,3.7700438587289544,25.390430450439453,21.529163360595703,-205.4247589111328,0.5492860674858093,-1.5859689712524414,30.75913429260254,0.9513580919510751,0.1282728656759507,-0.2801139996688659,-0.219977884507497,-0.3537440193455292,-0.9091066489168784,-0.21570236717944524,0.9265048519616881,-0.30832004165255683,10.357098579406738,-8.752580642700195,0.9802143573760986
7.19,4.0521728433131,1.5894873043752922,2.661303515682426,3.2754897621495935,25.396059036254883,21.513748168945312,-205.11679077148438,0.5776564478874207,-1.4981188774108887,30.831314086914062,0.923946140331797,0.08496972123360659,-0.37296605239546793,-0.30052542492324646,-0.4419842556753333,-0.8451830492324276,-0.23666009114482717,0.8929893975902542,-0.38283408553930687,10.329989433288574,-8.673017501831055,1.03056800365448
7.2,4.0521728433131,1.5894873043752922,2.661303515682426,3.2754897621495935,25.402021408081055,21.499204635620117,-204.80813598632812,0.6176145672798157,-1.4096041917800903,30.896821975708008,0.8886376465513852,0.03226311724468822,-0.45747374175713174,-0.3752885147375656,-0.5221851345608626,-0.7658206160385902,-0.2635937477211615,0.8522216709925353,-0.4519253916887203,10.500630378723145,-8.60478401184082,1.0660245418548584
7.21,0.9220246005622713,3.860381117466209,3.51974210511351,2.8919912645622476,25.408447265625,21.485546112060547,-204.49888610839844,0.6690059304237366,-1.323512077331543,30.95302391052246,0.8461831544825178,-0.030078122453945227,-0.5320426445499095,-0.44303155741395006,-0.5945379531479318,-0.6710049637685537,-0.29613697541068007,0.8035047783406851,-0.5164135580891549,10.85899543762207,-8.533673286437988,1.1021171808242798
7.22,2.9580273160001416,3.100762256598762,1.4575570002178533,2.8192633680399233,25.415422439575195,21.472700119018555,-204.1891326904297,0.7271947860717773,-1.2482174634933472,30.994003295898438,0.7973143205205715,-0.10110733865863678,-0.5950354446267776,-0.5027370728389203,-0.6567850069759467,-0.5620399364857981,-0.3339839964521854,0.7472688677316709,-0.5744944990449024,10.92410659790039,-8.548697471618652,1.152109146118164
7.23,2.074046415429913,2.2684428714352225,3.523628790823329,0.9113596523634959,25.422996520996094,21.460533142089844,-203.87905883789062,0.7877873182296753,-1.1875625848770142,31.016071319580078,0.7427575001687745,-0.1775491588023491,-0.6455908860506097,-0.5536493291592816,-0.7051015439286521,-0.4430623354234806,-0.37654178554910817,0.6865188336513497,-0.6220194327973043,10.76060962677002,-8.40772533416748,1.204353928565979
7.24,2.074046415429913,2.2684428714352225,3.523628790823329,0.9113596523634959,25.431169509887695,21.44889259338379,-203.56884765625,0.8450698852539062,-1.1435441970825195,31.016170501708984,0.685047801769144,-0.2580461586414503,-0.6812647718043661,-0.5940972422691964,-0.7391074830687386,-0.3174406955636435,-0.4216135387050553,0.6221995728720694,-0.6596284677744094,10.918973922729492,-8.18407154083252,1.2558379173278809
7.25,2.7745756941630577,3.1917535061465463,1.377213812277172,3.2855082838695453,25.439889907836914,21.4376163482666,-203.25875854492188,0.8995248079299927,-1.1132214069366455,30.997989654541016,0.6250117090878844,-0.3435696921922955,-0.7009423871545599,-0.6241570560520019,-0.7592245378963878,-0.18440734919334034,-0.4688158837790586,0.5527548893161487,-0.6889656736395162,11.364110946655273,-8.04270076751709,1.3140501976013184
7.26,4.11573640354861,3.601504516998329,0.3265196213094172,2.983423344140501,25.44917869567871,21.426593780517578,-202.94891357421875,0.959886372089386,-1.0933095216751099,30.97385025024414,0.5639289974945524,-0.4323455536684038,-0.7036060033910672,-0.6435893610055365,-0.7639636244721716,-0.04639304779627826,-0.5174715646151722,0.47899572305658833,-0.7090742394899293,11.48392391204834,-7.806017875671387,1.3653312921524048
7.27,4.11573640354861,3.601504516998329,0.3265196213094172,2.983423344140501,25.4591064453125,21.415708541870117,-202.63929748535156,1.0261566638946533,-1.0859044790267944,30.94887924194336,0.5044699762471095,-0.5192487746858042,-0.6898483551133042,-0.6525155891970201,-0.7525023587083388,0.08923903850474776,-0.5654497757715587,0.4051183902585479,-0.718432767177428,11.280911445617676,-7.2605180740356445,1.4032341241836548
7.28,0.036290189764229236,3.7082950033123763,4.084002525623888,1.3606706779048623,25.46969985961914,21.404830932617188,-202.32994079589844,1.0918420553207397,-1.09246826171875,30.922060012817383,0.44992588518842364,-0.6014901414364174,-0.6601335528453407,-0.6525017785721839,-0.7260928062193438,0.21686554755575044,-0.6097607127370133,0.3331648938758663,-0.7191613356480814,11.03759479522705,-6.501278400421143,1.4321386814117432
7.29,1.7818754385610271,3.214052461180267,2.4731900673232343,3.7857246288832176,25.480915069580078,21.393827438354492,-202.02088928222656,1.1482330560684204,-1.1099475622177124,30.888751983642578,0.400661404870631,-0.677618531803527,-0.6166875740628519,-0.6455085076955736,-0.6864289436276897,0.33486425883155735,-0.650222427435202,0.26390989126330056,-0.7124341121490932,10.875076293945312,-6.137691974639893,1.4744651317596436
7.3,1.7818754385610271,3.214052461180267,2.4731900673232343,3.7857246288832176,25.49265480041504,21.382593154907227,-201.712158203125,1.2007315158843994,-1.1397424936294556,30.859485626220703,0.3537717687591547,-0.7469844297349433,-0.5629030088412931,-0.6314677945185669,-0.634710396268154,0.4454112003025743,-0.6899956232577683,0.19788121336469688,-0.6962392299220428,10.659699440002441,-6.131937503814697,1.5204826593399048
7.31,1.6276660765925823,2.2974872346634543,2.18352808801983,0.588875555686906,25.50492286682129,21.370983123779297,-201.40367126464844,1.2519350051879883,-1.1840083599090576,30.841941833496094,0.30907519233884306,-0.8080251116231022,-0.5015654936966659,-0.6102435663073814,-0.5729990897104067,0.547060173081073,-0.729434928736728,0.13699438739422243,-0.6701919296450278,10.329578399658203,-6.1521897315979,1.5566767454147339
7.32,3.4251175461124883,0.4180742378579958,3.1359297057375537,3.7347848511764603,25.517637252807617,21.358917236328125,-201.09535217285156,1.2870715856552124,-1.2271629571914673,30.82038116455078,0.26731467325389746,-0.8605679196479407,-0.43355013681923515,-0.5824724709805925,-0.502726505141297,0.6387424219340533,-0.7676383823213406,0.08178579767436933,-0.6356432940618837,10.268948554992676,-6.0077714920043945,1.5948162078857422
7.33,3.6437961973153397,0.8763394627047089,3.219261017973869,2.2088219119608152,25.5306453704834,21.34641456604004,-200.78724670410156,1.315706491470337,-1.278425693511963,30.810129165649414,0.229494182492645,-0.9057108565624169,-0.3563990242789751,-0.5494068473057566,-0.4228034919949234,0.7206867025902779,-0.8034205227249186,0.030414658667683725,-0.5946346880249643,10.584535598754883,-5.992997646331787,1.6248029470443726
7.34,3.6437961973153397,0.8763394627047089,3.219261017973869,2.2088219119608152,25.543943405151367,21.333301544189453,-200.4791259765625,1.341856837272644,-1.3450143337249756,30.819761276245117,0.19538290870630887,-0.9431530320352506,-0.2688640495644149,-0.5097301812773225,-0.3318689903004103,0.793749403509681,-0.8378547972533489,-0.018036946518194874,-0.5455950946259047,11.152009963989258,-6.069894313812256,1.650164008140564
7.35,2.0873206116969363,1.3231933537989726,1.4084364890670198,3.838172790741192,25.55745506286621,21.31949234008789,-200.1708221435547,1.3594986200332642,-1.4179437160491943,30.842517852783203,0.1660962900251522,-0.9714069017188715,-0.1696486184229713,-0.4644224398542641,-0.22882309162450648,0.8555418108422375,-0.8698987411185812,-0.06331369545639481,-0.4891498299784657,11.839483261108398,-6.03084659576416,1.6795737743377686
7.36,1.3716085344080764,0.7436188643955848,3.4946254298746795,3.87860914265251,25.57109832763672,21.304943084716797,-199.86224365234375,1.3673069477081299,-1.491621494293213,30.87645149230957,0.14251524406889376,-0.9879282475350766,-0.06072217824037707,-0.41433300758290253,-0.11525998938508411,0.9027974820934409,-0.8988979719830779,-0.1035032007680089,-0.42575758759590776,12.123067855834961,-6.029252052307129,1.708087682723999
7.37,1.3716085344080764,0.7436188643955848,3.4946254298746795,3.87860914265251,25.58477210998535,21.28964614868164,-199.5532684326172,1.36581289768219,-1.5683246850967407,30.923357009887695,0.12517991383798246,-0.9908086867492509,0.05126534339824834,-0.358895327907711,0.002950326257967012,0.9333731510928458,-0.9249454755700641,-0.13523846286170432,-0.3552272869379146,12.168625831604004,-6.319284915924072,1.7392328977584839
7.38,0.6258164174150331,3.3638146865537895,1.1560706065899484,3.924244322568127,25.598386764526367,21.273555755615234,-199.24374389648438,1.355014443397522,-1.6506974697113037,30.983627319335938,0.114964702112472,-0.9797200824493668,0.16410873625007533,-0.29589514414183266,0.1239308874284838,0.9471468728842813,-0.9482769537120868,-0.15744743626555074,-0.27564673745925355,12.306900978088379,-6.833080291748047,1.7770471572875977
7.39,4.086358329636874,2.7203748488999175,3.7452074985399153,4.150246676655694,25.61184310913086,21.256633758544922,-198.93356323242188,1.3350472450256348,-1.7331249713897705,31.053159713745117,0.11297802645273963,-0.9548760440813716,0.2746774580819377,-0.22626522111407044,0.24445892371801242,0.9428912367441071,-0.9674916099135149,-0.16867594687489257,-0.1884367525001786,12.022151947021484,-7.083105087280273,1.820238709449768
7.4,4.086358329636874,2.7203748488999175,3.7452074985399153,4.150246676655694,25.625030517578125,21.238815307617188,-198.62266540527344,1.297973871231079,-1.8382142782211304,31.13175392150879,0.11885578645379591,-0.9182857429445834,0.37765671757717234,-0.15459690741574206,0.35859912948669737,0.9206011408579025,-0.9808022727563075,-0.16780333320913893,-0.09934255442641171,11.830748558044434,-7.06928014755249,1.8610460758209229
7.41,3.4143047405935287,2.9189449928168174,1.545679940198227,1.0859238211305007,25.637737274169922,21.219812393188477,-198.31092834472656,1.240236759185791,-1.962522268295288,31.210588455200195,0.13210125835132597,-0.869673684843169,0.47562268599521257,-0.08330761469224196,0.46838939391798645,0.8795858212814882,-0.9877292639566193,-0.1558173852830475,-0.010575611909916127,12.049311637878418,-7.012971878051758,1.8989192247390747
7.42,1.2261741920097708,2.898425409155886,2.20276349797127,0.4554920673622337,25.64983367919922,21.199655532836914,-197.9984588623047,1.1815717220306396,-2.0605077743530273,31.28115463256836,0.1518228476927453,-0.8087064064908991,0.568281418857807,-0.014840085587231155,0.5730164931471708,0.8194094644566183,-0.9882963091999429,-0.13283842321367417,0.07499572347724687,12.323860168457031,-6.608516216278076,1.9396754503250122
7.43,1.2261741920097708,2.898425409155886,2.20276349797127,0.4554920673622337,25.66139793395996,21.178714752197266,-197.68531799316406,1.1327873468399048,-2.1230876445770264,31.343502044677734,0.17520172104614729,-0.7357863356900995,0.6541581040957943,0.0467090769081594,0.6698990280084975,0.7409814804754961,-0.9834239264309445,-0.09926610944832281,0.1517353631759516,12.52989673614502,-6.038915157318115,1.987548589706421
7.44,2.764288870468681,2.7022327087263944,3.1354219156596623,1.701821175660305,25.67249298095703,21.157245635986328,-197.3716278076172,1.085652232170105,-2.1691908836364746,31.396024703979492,0.20138713784890583,-0.6522031048145074,0.7308038935168195,0.10142689216602102,0.755964400324611,0.6467073611668526,-0.9742462759767514,-0.05611537678897227,0.2183924408794029,12.666638374328613,-5.561489105224609,2.039222478866577
7.45,1.8554637844853334,0.35560872496712626,1.170966164857387,1.402014119643171,25.683055877685547,21.135324478149414,-197.05746459960938,1.022082805633545,-2.216682195663452,31.43204689025879,0.2297318035689418,-0.5590232628920118,0.7966908371347884,0.14957995789687362,0.8291393319512532,0.5386592655909663,-0.9616907687112998,-0.00457818271788768,0.274098350265869,12.898385047912598,-5.147222518920898,2.085242986679077
7.46,0.9964553161282801,1.0879527508007028,2.243903002739013,3.8268333659786475,25.69295310974121,21.112966537475586,-196.74301147460938,0.9622821807861328,-2.2495291233062744,31.457490921020508,0.2601436545555354,-0.4564869710426066,0.8508495309176802,0.19159350303492828,0.8880710422345348,0.4178776777231248,-0.9463705450769773,0.05430901594406995,0.31848598430369196,13.208233833312988,-4.847126483917236,2.1199278831481934
7.47,0.9964553161282801,1.0879527508007028,2.243903002739013,3.8268333659786475,25.702302932739258,21.090373992919922,-196.42835998535156,0.9036536812782288,-2.2697017192840576,31.47201156616211,0.2935405816842864,-0.34651685338553573,0.8909320946201442,0.22801459104872887,0.9304691727853034,0.28676900942241623,-0.9283551438826261,0.11896717537211696,0.35214136083489006,13.285440444946289,-4.8626484870910645,2.148289203643799
7.48,0.8405247507482819,2.2436794791998502,0.3329323359213367,3.3194299858576373,25.710987091064453,21.067602157592773,-196.1135711669922,0.8322820663452148,-2.28352689743042,31.471466064453125,0.3323299404660341,-0.23374259252450613,0.9137402317451961,0.2592966770079656,0.9541152953421477,0.14976393586839593,-0.906819741714123,0.18715876584891483,0.37768975681561984,13.15529727935791,-5.120133876800537,2.1772396564483643
7.49,0.8981985613889175,1.1540064733369484,2.136967485864694,1.147881122284548,25.718961715698242,21.04474449157715,-195.79893493652344,0.7641316652297974,-2.285766839981079,31.46329116821289,0.3760168553258222,-0.12213839369567593,0.9185279186264942,0.2844532526702528,0.9586265266693903,0.011024037876100692,-0.8818716865600079,0.25713303006657945,0.39520239535279456,12.791360855102539,-5.173859596252441,2.206857442855835
7.5,0.8981985613889175,1.1540064733369484,2.136967485864694,1.147881122284548,25.726306915283203,21.02191925048828,-195.48434448242188,0.7074148654937744,-2.278022050857544,31.453102111816406,0.4212533059146083,-0.015398739553417584,0.9068122909820859,0.3027385578904476,0.9448951185589974,-0.12458964840543646,-0.8549239836514271,0.3270108465227785,0.4027019846412856,12.625094413757324,-5.061269760131836,2.2403934001922607
7.51,0.3439659904325675,0.21548316811902382,2.3654136847480562,3.334974048396963,25.733131408691406,20.999208450317383,-195.16986083984375,0.6579467058181763,-2.2630019187927246,31.4422664642334,0.4668994424170835,0.08820929626624806,0.879900011775673,0.31417790766007947,0.9135514543949487,-0.25829437181481174,-0.8266179002471159,0.3970426428295667,0.39882325253921946,12.799198150634766,-4.956304550170898,2.2783987522125244
7.52,1.7187532914463022,1.893151404975949,3.350136066950032,2.7297916024093296,25.739463806152344,20.976686477661133,-194.8555145263672,0.6073971390724182,-2.239903450012207,31.430639266967773,0.5130151141295229,0.18763521973838151,0.8376207477065033,0.3184353798141365,0.8645843815287607,-0.3887065166666967,-0.7971288487799818,0.4661403989467761,0.38379516270067976,12.899924278259277,-5.117321968078613,2.312800168991089
7.53,1.7187532914463022,1.893151404975949,3.350136066950032,2.7297916024093296,25.745235443115234,20.9544620513916,-194.54127502441406,0.5435007810592651,-2.201125144958496,31.415630340576172,0.5610026653886085,0.2798578539476074,0.7790735465992392,0.3141037879829449,0.7987787701906061,-0.513119173942612,-0.7659078402795224,0.5325711763479346,0.3602126071110435,13.000967979431152,-5.339513778686523,2.3486833572387695
7.54,2.6454472201338675,1.1015300341375591,2.1640635331775706,0.6256386971448183,25.750314712524414,20.932716369628906,-194.22718811035156,0.4728807806968689,-2.145416259765625,31.402860641479492,0.6086472340728353,0.3633104076706017,0.7053751428379859,0.3012926712113994,0.7165904651873073,-0.6290634558428413,-0.7340104023307757,0.5954020934468235,0.32668804139324287,13.184893608093262,-5.415412902832031,2.388779401779175
7.55,2.955733056102425,1.0476241832627786,3.8775003005877773,1.584012368743597,25.754745483398438,20.91155433654785,-193.9131622314453,0.4180019795894623,-2.0886971950531006,31.405315399169922,0.6538397058137873,0.43655087974992435,0.6179943110506009,0.2808374701243552,0.6184035989660728,-0.7339668276972469,-0.7025837704327446,0.6534526135653413,0.281736982572634,13.585756301879883,-5.222139358520508,2.4283595085144043
7.56,2.3677783357942688,0.4536511938175343,2.158157220964774,1.6985828932632108,25.75869369506836,20.89097023010254,-193.5990447998047,0.3707629144191742,-2.024137258529663,31.42180824279785,0.6941912232271408,0.4991448277101129,0.5186067745070897,0.2550301395078869,0.5031932341476186,-0.8256852893510016,-0.6730959616109677,0.705443839067506,0.2220153516870062,14.259663581848145,-4.954840183258057,2.4667294025421143
7.57,2.3677783357942688,0.4536511938175343,2.158157220964774,1.6985828932632108,25.762191772460938,20.871084213256836,-193.28468322753906,0.3325686752796173,-1.9556946754455566,31.45485496520996,0.7298148961093472,0.5490968388032783,0.40726266589653115,0.22387916849740333,0.37091200902733407,-0.901278203149404,-0.6459476258411468,0.7489438851980526,0.1477657656381624,14.895776748657227,-4.761299133300781,2.5022764205932617
7.58,2.1878953641323053,0.9744129774052469,1.2001291190823276,3.3467987665933174,25.7653865814209,20.851844787597656,-192.9698944091797,0.30743923783302307,-1.8922148942947388,31.50571060180664,0.7602980802092696,0.582949769489585,0.28655958452325175,0.18811967075745697,0.22464284887645208,-0.9561101295995025,-0.621737741096843,0.7808361906960455,0.06113120802899147,15.41160774230957,-4.539106369018555,2.534357786178589
7.59,1.6454022199589826,3.063562143741892,1.4987067568672858,3.7490311994742536,25.76837158203125,20.833261489868164,-192.65452575683594,0.2898598611354828,-1.8227983713150024,31.5697078704834,0.7853149120060576,0.5980397178676957,0.16009055198119726,0.1487603480317609,0.06872908570723374,-0.986481967210408,-0.6009582746201161,0.798514125504724,-0.0349906206723814,15.65084171295166,-4.324580192565918,2.561497926712036
7.6,1.6454022199589826,3.063562143741892,1.4987067568672858,3.7490311994742536,25.771211624145508,20.81544303894043,-192.33843994140625,0.27951034903526306,-1.737399697303772,31.643383026123047,0.8047733240319614,0.5926308747535036,0.03359379727635409,0.10682983252267272,-0.08893586302154222,-0.9902917747572134,-0.5838897873826236,0.8005492230697066,-0.13488386720717965,15.433548927307129,-4.068759918212891,2.58830189704895
7.61,0.28086159852789916,1.0749135589040368,2.1298449830643253,3.357375929520549,25.773996353149414,20.798547744750977,-192.02159118652344,0.2795221209526062,-1.6419991254806519,31.7220458984375,0.8188697801731513,0.5673914274701506,-0.08671361572763264,0.06406149544344458,-0.24047515709842754,-0.968539015022129,-0.5703932046586146,0.7875523264214709,-0.2332657823758219,14.979992866516113,-3.7661314010620117,2.6160898208618164
7.62,3.1842704368150208,0.8173390567538932,0.8417986275901099,1.2265503227090717,25.776830673217773,20.782556533813477,-191.70399475097656,0.2887086868286133,-1.5612741708755493,31.794458389282227,0.8279719561134107,0.5246167406881437,-0.19809016956800587,0.020787541015513833,-0.3817181447459741,-0.9240449859775335,-0.5603840808126697,0.7609655270519424,-0.32695741100378606,14.617310523986816,-3.714148998260498,2.642488479614258
7.63,3.1842704368150208,0.8173390567538932,0.8417986275901099,1.2265503227090717,25.77978515625,20.767261505126953,-191.38575744628906,0.3029159903526306,-1.4993267059326172,31.85098648071289,0.8320182546220731,0.4660298669853974,-0.30093485516505414,-0.023776495750571114,-0.5120152528273818,-0.8586472262355102,-0.5542384885818219,0.7215653428135841,-0.4149254798453002,14.679055213928223,-3.4726223945617676,2.6644997596740723
7.64,1.2703980850624843,1.122281400924178,2.9201976387022044,0.40954720814853385,25.78290367126465,20.752540588378906,-191.06703186035156,0.32169482111930847,-1.4454854726791382,31.88820457458496,0.8325282451939786,0.3921814132363761,-0.39126776006483477,-0.06509681653467755,-0.632133223959569,-0.772120451512283,-0.5501446404640191,0.6682823701687783,-0.5007390021661133,15.033414840698242,-2.8614563941955566,2.6792616844177246
7.65,0.6391894636272497,3.194902077454259,1.4813554738195853,1.228343272726538,25.786230087280273,20.73832893371582,-190.748046875,0.3442690372467041,-1.3977928161621094,31.901391983032227,0.8307907624984076,0.3042589065847636,-0.4660613980058414,-0.10229400561540392,-0.7396268817733637,-0.6651977241192027,-0.5471038707251767,0.6003154116979302,-0.5833513187740936,15.46729850769043,-2.387855291366577,2.6993205547332764
7.66,1.6598217701023,3.027063974909964,2.531454538499771,1.394968941768184,25.7898006439209,20.724571228027344,-190.42906188964844,0.3715563714504242,-1.3540669679641724,31.88909912109375,0.8268966787331722,0.20441616208147187,-0.52388540290786,-0.13686101185231,-0.8304315882590034,-0.5400485539804649,-0.5454456399448172,0.5182638419777235,-0.6587045194650469,15.560762405395508,-1.9366649389266968,2.7264904975891113
7.67,1.6598217701023,3.027063974909964,2.531454538499771,1.394968941768184,25.79369354248047,20.71124839782715,-190.11032104492188,0.4084007740020752,-1.31052565574646,31.857633590698242,0.8219849887085954,0.0975296114082434,-0.5610959394223837,-0.16854211969794497,-0.8994357939697079,-0.40324782257788394,-0.5439983752047922,0.4260319558726059,-0.7228848735102346,15.452078819274902,-1.4001446962356567,2.750869035720825
7.68,1.6655526283760382,0.6839127627860226,3.553270626500122,2.608178672466288,25.79799461364746,20.698339462280273,-189.79197692871094,0.45213285088539124,-1.2725070714950562,31.807052612304688,0.8166799745455932,-0.013223639411804516,-0.5769392988321355,-0.19789203695777854,-0.9455376224508548,-0.25845182576001635,-0.5421001391670276,0.325244123529836,-0.7748184943742619,15.4299955368042,-0.8701564073562622,2.770566701889038
7.69,3.27209043318748,2.535294561914279,2.7597997089560695,1.0930326805537813,25.8027400970459,20.685758590698242,-189.4742431640625,0.496431827545166,-1.2454527616500854,31.735004425048828,0.8106602600744214,-0.12497859992744012,-0.5720229823147395,-0.22585181279818298,-0.9680939894488515,-0.10855867652464249,-0.5402044996034802,0.2171966324628085,-0.8130219686176811,15.577500343322754,-0.6570408940315247,2.781698226928711
7.7,3.27209043318748,2.535294561914279,2.7597997089560695,1.0930326805537813,25.80792999267578,20.67339324951172,-189.1573028564453,0.5420815944671631,-1.2301477193832397,31.650806427001953,0.802516432988156,-0.2358449953017071,-0.548036963146743,-0.25307014275472944,-0.9663869110447663,0.045297251654553464,-0.5402988780573839,0.10234000367643557,-0.8352267033670797,15.914984703063965,-0.3299885094165802,2.7889034748077393
7.71,2.632972314793447,3.676615477475854,4.0931762018170454,0.8011384283549786,25.81357765197754,20.661109924316406,-188.84124755859375,0.5871277451515198,-1.2283750772476196,31.561532974243164,0.7943768805437373,-0.34293497194247136,-0.501359129443573,-0.279806179097454,-0.9391893605347811,0.1990774904331295,-0.5391417937764466,-0.017859173471513154,-0.8420256386396022,16.294132232666016,0.3405575454235077,2.792794942855835
7.72,3.741274831644453,2.8975909139570883,3.097899369837301,1.8802891517187759,25.819664001464844,20.648767471313477,-188.52606201171875,0.6304863095283508,-1.2427260875701904,31.47718620300293,0.7865719117900131,-0.4421327083793859,-0.4310722628099757,-0.3073415089970124,-0.8857944919077335,0.3477201675965311,-0.5355798954688676,-0.1410205172555726,-0.8326268007231857,16.6500186920166,1.0304515361785889,2.797435998916626
7.73,3.741274831644453,2.8975909139570883,3.097899369837301,1.8802891517187759,25.826168060302734,20.63619613647461,-188.21165466308594,0.6694208383560181,-1.2751548290252686,31.406003952026367,0.7782042804176301,-0.5289818082336726,-0.3384912768410916,-0.3368832759287048,-0.8065019731675578,0.48586441079418413,-0.5300073172506419,-0.2640697139671068,-0.8058284121487078,16.962574005126953,1.7185906171798706,2.794344425201416
7.74,3.0694150560718514,0.0408700609705607,1.384032688203794,1.693015407409385,25.833019256591797,20.623210906982422,-187.89788818359375,0.6984683275222778,-1.3239405155181885,31.35019874572754,0.7682512684801761,-0.5990307559900194,-0.22572581123262278,-0.36940234933479554,-0.7028314326021003,0.6079225951158688,-0.522811527019569,-0.3836536598606934,-0.7612345082108152,17.2413272857666,2.425096035003662,2.7783985137939453
7.75,2.440908409365254,1.2361680366213472,0.06344240534274911,1.7042885352456472,25.84008026123047,20.609724044799805,-187.58465576171875,0.7104809284210205,-1.369994044303894,31.295564651489258,0.7553403203343184,-0.6482570120003691,-0.09604086041681648,-0.405309842831555,-0.5772797984399561,0.7088525697329336,-0.5149610973472747,-0.4964986210509316,-0.6987876555244904,17.5511531829834,3.0238237380981445,2.7477989196777344
7.76,0.7790173562965914,3.9975821763196144,3.6624839259743234,2.1133732963972376,25.847190856933594,20.595842361450195,-187.27195739746094,0.7096874117851257,-1.4059197902679443,31.248781204223633,0.7380498673585769,-0.6731985174981856,0.04567438374222557,-0.4440193415806273,-0.4335930934701031,0.7841197954377459,-0.508064186490539,-0.5989998208123868,-0.6189264876158034,17.649131774902344,3.648883104324341,2.705573320388794
7.77,0.7790173562965914,3.9975821763196144,3.6624839259743234,2.1133732963972376,25.854246139526367,20.581539154052734,-186.95957946777344,0.6987659335136414,-1.4613971710205078,31.242385864257812,0.7151634067382542,-0.6718503252764505,0.1927652512473716,-0.4855109160765781,-0.2791060698371713,0.828479904494086,-0.5028125416425255,-0.6860881446330171,-0.5257971146373928,17.4156494140625,4.16916036605835,2.6724069118499756
7.78,2.787814283888631,3.720291735006816,2.2011491563172703,1.5752310574742066,25.861116409301758,20.566545486450195,-186.6470184326172,0.6727349758148193,-1.5384818315505981,31.274036407470703,0.6860269032640367,-0.6448002146951013,0.3370456513991945,-0.527201765479614,-0.12128689997906017,0.8410397055838967,-0.5014233605179701,-0.7546669272086997,-0.423145887968021,17.053020477294922,4.503152847290039,2.649893045425415
7.79,1.5628857332435004,1.7869694313906677,1.6070624949341805,2.9724254310735265,25.86765480041504,20.550758361816406,-186.3340301513672,0.6328569054603577,-1.6185730695724487,31.32701873779297,0.6503325335997279,-0.5938562792381458,0.4737112151418673,-0.5678879594218808,0.03412153703669912,0.8223983136254024,-0.5045501573534701,-0.8038472742503259,-0.31505348497502766,16.770545959472656,5.0602874755859375,2.6203415393829346
7.8,1.5628857332435004,1.7869694313906677,1.6070624949341805,2.9724254310735265,25.87375259399414,20.534208297729492,-186.02044677734375,0.5863397717475891,-1.687506079673767,31.390825271606445,0.6069349111751661,-0.5207215854396977,0.6003990706638049,-0.6078720967510546,0.18250676804546406,0.7727760306900541,-0.5119780538150727,-0.8339905935169573,-0.20576239291222204,16.470569610595703,5.5668559074401855,2.5752058029174805
7.81,1.1257350512994526,2.670687405465243,3.9974599711282077,0.0703606630086088,25.879369735717773,20.51704216003418,-185.70619201660156,0.5357058644294739,-1.744301676750183,31.460458755493164,0.5572585359435438,-0.42859910109318605,0.711172085124389,-0.6434797843595925,0.31839513278508846,0.6961022242022349,-0.5247825180382732,-0.8455337663043855,-0.09836645160078988,16.084976196289062,5.832854747772217,2.522237777709961
7.82,0.42900922852235845,2.6926222121694203,2.16847833145348,2.3283534733024718,25.88444709777832,20.499345779418945,-185.39125061035156,0.47829604148864746,-1.7938066720962524,31.531137466430664,0.5025735601862156,-0.3205612523441317,0.8029074044354769,-0.6726302987749924,0.4384646661288142,0.5960849081518607,-0.5431282516787512,-0.8396363617972422,0.004741537332299484,15.992706298828125,6.119062900543213,2.480093479156494
7.83,0.42900922852235845,2.6926222121694203,2.16847833145348,2.3283534733024718,25.8889217376709,20.48119354248047,-185.0756072998047,0.41572895646095276,-1.8342841863632202,31.59598731994629,0.44352937834660966,-0.19814924057305686,0.8740815574097138,-0.694136172265003,0.5409997012457287,0.47486239860123947,-0.5669714850825922,-0.8173470509595988,0.10240670579062072,15.807478904724121,6.379377841949463,2.4408507347106934
7.84,3.208032664122229,0.43729645570035475,3.3422883730661987,0.5826167010275729,25.892749786376953,20.462692260742188,-184.75936889648438,0.3493289351463318,-1.8644498586654663,31.649105072021484,0.3820370143469847,-0.06806357393199985,0.921637168072363,-0.7064085428914173,0.6214956525834303,0.33871835549600915,-0.5958478750477059,-0.7804553182107861,0.18935365345731836,15.313104629516602,6.560784339904785,2.3965957164764404
7.85,3.0074209872487625,0.22179868098750888,3.021697000566895,3.4063061142320614,25.895898818969727,20.443941116333008,-184.4426727294922,0.2802724540233612,-1.8835891485214233,31.686628341674805,0.3196386154631966,0.06627939960748935,0.9452185973056401,-0.708662728623465,0.6789097133394935,0.19203837687616554,-0.6289898986189811,-0.7312240712127561,0.2639755009737198,15.39120101928711,6.794802665710449,2.347224235534668
7.86,2.0444937547206457,0.5715586649030464,2.459759525561733,3.5392715083615807,25.8983211517334,20.425052642822266,-184.1256866455078,0.20100508630275726,-1.8920197486877441,31.70353889465332,0.25769577573947366,0.20743335723093603,0.9436971386382041,-0.7003131858337638,0.7130010240540294,0.034510599027975875,-0.6656983768294732,-0.6697767852096759,0.3290056672472322,15.79238510131836,6.894571304321289,2.284773111343384
7.87,2.0444937547206457,0.5715586649030464,2.459759525561733,3.5392715083615807,25.899911880493164,20.406147003173828,-183.80860900878906,0.11871595680713654,-1.8866318464279175,31.700000762939453,0.20011360220755442,0.35016634140265257,0.915061790023055,-0.6809666286038976,0.7212067173664829,-0.12706424183578785,-0.704442330456765,-0.597699258970716,0.38277486710401826,15.89594841003418,6.7977471351623535,2.2163844108581543
7.88,0.7168340584820219,1.003630367587676,3.897956612149291,2.3906244660702924,25.900712966918945,20.387371063232422,-183.49171447753906,0.04272172600030899,-1.866888165473938,31.67986488342285,0.14939879610886397,0.48758709980054604,0.8601969657173375,-0.6514879566679637,0.7029651700922167,-0.2853128317370643,-0.7438033624808532,-0.5177825699512424,0.42267927346495626,15.841517448425293,6.653636932373047,2.1492578983306885
7.89,1.5087220683507194,1.834313504397479,2.2820187200525406,0.2610977303759117,25.90079116821289,20.368852615356445,-183.17507934570312,-0.025119736790657043,-1.8345849514007568,31.647153854370117,0.10722700612528241,0.615086123675246,0.7811347064492578,-0.6134034168921246,0.6592401625345083,-0.43490074298228193,-0.7824567830254106,-0.43251759335735057,0.4479842788914478,15.836263656616211,6.41082763671875,2.092287063598633
7.9,1.5087220683507194,1.834313504397479,2.2820187200525406,0.2610977303759117,25.900264739990234,20.35069465637207,-182.85879516601562,-0.07646626979112625,-1.7963335514068604,31.611114501953125,0.07447554669459966,0.7294686173647817,0.6799477400686427,-0.568248312305385,0.5913550483386114,-0.5721827176405458,-0.8194798646132939,-0.34376553504438534,0.4585608012129093,15.931342124938965,6.458083152770996,2.0456674098968506
7.91,1.5597745574803568,3.569529545952573,1.0336050089610327,0.013359151698545254,25.899307250976562,20.332935333251953,-182.5428466796875,-0.11402526497840881,-1.754604697227478,31.576650619506836,0.04904699137506474,0.8275807464574598,0.5591998754738484,-0.5149460755204314,0.5006797549121041,-0.6958091134264205,-0.8558182820804662,-0.253830437721855,0.4507162931853816,16.06648063659668,6.837804794311523,1.9986404180526733
7.92,2.93103386852821,0.2542221119145429,2.8099678334749334,2.0568392317263235,25.898012161254883,20.315624237060547,-182.22723388671875,-0.14405953884124756,-1.7061901092529297,31.546823501586914,0.031217723752224258,0.9058341524409019,0.4224807001454658,-0.45259267728339125,0.3896806602533795,-0.8020653660980148,-0.891170759278592,-0.1661730161493235,0.42213884743133373,15.993232727050781,7.487362861633301,1.9489436149597168
7.93,2.93103386852821,0.2542221119145429,2.8099678334749334,2.0568392317263235,25.896442413330078,20.29885482788086,-181.91189575195312,-0.1693737506866455,-1.644348382949829,31.525562286376953,0.022032744566321483,0.9611832751610037,0.27502957971396713,-0.3804487370046254,0.2624600788731222,-0.88677701002535,-0.9245395160178177,-0.08509652489191688,0.3714636789416413,16.061445236206055,7.9434494972229,1.8856264352798462
7.94,2.508946703100177,2.7732494311446,3.258331620759503,1.0677052563501117,25.8946533203125,20.282773971557617,-181.59664916992188,-0.1864660531282425,-1.5707917213439941,31.52037239074707,0.024357402444301013,0.9927313800122572,0.11786061295074607,-0.3033542326204323,0.11967628670158934,-0.9453326377273703,-0.9525664945280383,-0.01272766829698918,0.3040642694600713,16.422119140625,8.049551963806152,1.8103868961334229
7.95,0.16375801675339297,4.118325033268168,1.4669388874660396,1.3644300569012635,25.892749786376953,20.267473220825195,-181.28138732910156,-0.19180308282375336,-1.4863299131393433,31.535120010375977,0.03911284183111374,0.998216148990676,-0.04510770996313662,-0.22425747905127835,-0.03522157609565213,-0.9738932301165788,-0.9737447143340289,0.048207473192051487,0.22247982118605258,16.710359573364258,8.286355972290039,1.7398346662521362
7.96,4.046277960846588,3.6028138677096444,1.3071217543568538,3.0240169960865253,25.890857696533203,20.253026962280273,-180.9658660888672,-0.18426625430583954,-1.405809760093689,31.573537826538086,0.06677427182682852,0.976374352754743,-0.20550990220608184,-0.1434416800254743,-0.19443622836204955,-0.9703705671194949,-0.9874035046795542,0.09427447365590219,0.1270694399272947,16.44721221923828,8.713092803955078,1.676735758781433
7.97,4.046277960846588,3.6028138677096444,1.3071217543568538,3.0240169960865253,25.88911247253418,20.239395141601562,-180.6498565673828,-0.16015766561031342,-1.3146721124649048,31.631067276000977,0.10772280146985827,0.9296846780778651,-0.3522530303499765,-0.062017886570716885,-0.3473408398443374,-0.9356859102933697,-0.9922447176925595,0.12264069603311234,0.020240550578641076,15.951009750366211,9.306973457336426,1.603375792503357
7.98,4.070982673347097,1.0288434177068668,4.082633475305917,3.2314920820372635,25.887718200683594,20.226774215698242,-180.3332061767578,-0.11559804528951645,-1.2097063064575195,31.703943252563477,0.1621859985689937,0.8617279163673521,-0.4807501430279143,0.0189033130097766,-0.4898244745241489,-0.8716161132714308,-0.9865791233476576,0.13227615926660063,-0.09573218405658637,15.577906608581543,10.01008129119873,1.5157690048217773
7.99,1.4832089463385127,2.1540796427568987,3.3805079659040893,2.621353609754545,25.886856079101562,20.215187072753906,-180.0157470703125,-0.054813090711832047,-1.1088517904281616,31.78649139404297,0.22913720931893844,0.7755783325096317,-0.5881958767681968,0.09543978473016967,-0.6192623170378863,-0.7793621944818256,-0.9687039727368664,0.12244359043431918,-0.21591706825854418,15.623141288757324,10.327191352844238,1.4229704141616821
8.0,1.4832089463385127,2.1540796427568987,3.3805079659040893,2.621353609754545,25.886642456054688,20.204532623291016,-179.6974639892578,0.011045628227293491,-1.0271906852722168,31.86532974243164,0.3044271703812432,0.6722861129152511,-0.6748003262558284,0.1604821130153426,-0.7344979777411931,-0.6593619734987978,-0.9389193731816385,0.09243431762825327,-0.3314910369660073,15.75577163696289,10.26594066619873,1.3351629972457886
8.01,0.4557501753156979,0.08127149633695435,3.9524912918352992,0.968755269695165,25.887081146240234,20.194578170776367,-179.37847900390625,0.07730089873075485,-0.9659658670425415,31.92845916748047,0.38460372530495157,0.5565654345077712,-0.7364203226369634,0.2105277222297601,-0.8296467551166508,-0.5170728574361271,-0.8987536106488265,0.04383125409554564,-0.43625768590376646,15.675959587097168,10.132662773132324,1.2547084093093872
8.02,0.12290685200562125,3.8417433210639005,0.08593876007047355,2.5757213575051576,25.88814926147461,20.185134887695312,-179.05899047851562,0.1324847936630249,-0.9275743365287781,31.961795806884766,0.46631425774546015,0.4325935446367154,-0.7716306358368247,0.24393805841937855,-0.9013364716638678,-0.35789214646749834,-0.8503206669709281,-0.02133986849002456,-0.5258320771262858,15.828858375549316,9.837933540344238,1.1791131496429443
8.03,0.12290685200562125,3.8417433210639005,0.08593876007047355,2.5757213575051576,25.889705657958984,20.175979614257812,-178.73931884765625,0.1795377880334854,-0.9050920605659485,31.964431762695312,0.5464799997982034,0.30405350937028114,-0.7803275422924476,0.2599876271964891,-0.9473222878300477,-0.18704789944071348,-0.7960942428665683,-0.10065757010806599,-0.5967428341041431,15.481322288513184,9.797712326049805,1.1048552989959717
8.04,1.8966734246781507,2.90476717535684,0.5246849870659883,0.34568565017786584,25.89174461364746,20.167003631591797,-178.41973876953125,0.22814758121967316,-0.8920157551765442,31.944944381713867,0.625767124673169,0.18200548306647518,-0.7584784174991489,0.25981513338590695,-0.9655028900131685,-0.017328180512749328,-0.735466927972929,-0.18622076551759226,-0.6514677462070583,14.48197078704834,10.088793754577637,1.0309574604034424
8.05,1.1731830339023614,4.158522664394091,2.400910694401531,2.727829338688277,25.894248962402344,20.15810775756836,-178.10049438476562,0.2713596820831299,-0.8887688517570496,31.902435302734375,0.7028293064888657,0.07182245367722816,-0.7077234637117543,0.24353206844554848,-0.9590654686250871,0.1445183674470996,-0.6683734716302056,-0.2739251029729196,-0.6915503888960387,13.8121919631958,10.59216022491455,0.9588530659675598
8.06,1.1731830339023614,4.158522664394091,2.400910694401531,2.727829338688277,25.89720344543457,20.149185180664062,-177.78170776367188,0.32289060950279236,-0.8987264633178711,31.857084274291992,0.7757241860624474,-0.02625378756724893,-0.6305257534757222,0.21067073579781237,-0.9310440408809167,0.29795106144892647,-0.5948695892682375,-0.36396116905311116,-0.7167024760563695,13.327510833740234,10.99774169921875,0.8884182572364807
8.07,2.7137839127998435,0.24782159156698946,2.589814761801292,3.6787000724830268,25.90072250366211,20.140071868896484,-177.4633331298828,0.37977465987205505,-0.9263419508934021,31.81675148010254,0.8397635336995442,-0.10913073380805732,-0.5318718740514202,0.16195047018494452,-0.8846546541479301,0.43721640877405504,-0.5182366763124068,-0.45329529650429984,-0.7252269448191708,12.720929145812988,11.172184944152832,0.8219624757766724
8.08,0.8142441260064717,1.7243705120676607,0.5977069218953638,0.6348790617617367,25.904760360717773,20.130619049072266,-177.1453857421875,0.42474260926246643,-0.9652557373046875,31.77192497253418,0.8917126033881315,-0.1755707063391181,-0.41716131176601673,0.0995005460070273,-0.8231021305197361,0.5591086871782396,-0.4415294716132368,-0.5400720413143549,-0.7165011625164899,12.46721363067627,11.058533668518066,0.7462195158004761
8.09,2.7031586310075464,3.6218644497612553,3.4308242909559095,1.918311665241753,25.90914535522461,20.120790481567383,-176.8279571533203,0.4471398890018463,-0.9968697428703308,31.71092414855957,0.9293548366861811,-0.2262314361120663,-0.2917514778757314,0.02653204929200853,-0.74728190618928,0.6639772609378144,-0.3682331298082341,-0.6248112434942158,-0.6884876702707493,12.37848949432373,11.024800300598145,0.6695866584777832
8.1,2.7031586310075464,3.6218644497612553,3.4308242909559095,1.918311665241753,25.913694381713867,20.110626220703125,-176.51107788085938,0.4632143974304199,-1.0448322296142578,31.67158317565918,0.9528055006310858,-0.25994454998505523,-0.15681361197362023,-0.05674567250534915,-0.6599404920770084,0.7491718598352929,-0.29823079421659604,-0.7049165750996519,-0.6435456592431614,12.295387268066406,11.225591659545898,0.6024265885353088
8.11,3.6038718339532783,4.174746877794063,2.8997101693371206,2.0696651939129627,25.918386459350586,20.099803924560547,-176.19442749023438,0.4730442464351654,-1.1226378679275513,31.669504165649414,0.9610307993539318,-0.2760289630345636,-0.015093517125134362,-0.14895560567228935,-0.5630575268766975,0.8128828014949626,-0.23287771518963474,-0.7789571445166678,-0.5822316865084678,12.312394142150879,11.434063911437988,0.5377841591835022
8.12,2.3749483181802775,1.8025857399988394,4.134053996947209,0.05744380048042636,25.92310333251953,20.088130950927734,-175.87762451171875,0.46746116876602173,-1.214806318283081,31.691436767578125,0.9529662819468065,-0.27380782671188797,0.12994052294720282,-0.2482369838753964,-0.4591848412419437,0.8529523324371986,-0.17387830603305865,-0.8450908564201389,-0.505556899949106,12.322617530822754,11.764827728271484,0.4699338674545288
8.13,2.3749483181802775,1.8025857399988394,4.134053996947209,0.05744380048042636,25.927690505981445,20.075538635253906,-175.560546875,0.44847261905670166,-1.2983143329620361,31.725025177001953,0.9276240113035066,-0.2526604741303118,0.2750933995308471,-0.3527781176371566,-0.35065591553448927,0.8675183160124367,-0.12272446117044764,-0.901777751839618,-0.41440993342040944,12.657463073730469,12.009708404541016,0.4015328586101532
8.14,2.949795237722534,2.8577454600520324,2.968983775359847,0.3186573063414944,25.932044982910156,20.062204360961914,-175.24307250976562,0.42060786485671997,-1.3676944971084595,31.769912719726562,0.8851053439087685,-0.2110696557523939,0.4147747950451016,-0.45801538199114,-0.23702302660166363,0.8567625077698585,-0.08252539029686698,-0.9482983102806589,-0.3064634964807339,13.31306266784668,12.081541061401367,0.33239656686782837
8.15,2.4532206045727367,3.3551689499388964,0.14255519719918655,0.07611694111546685,25.936065673828125,20.048181533813477,-174.92507934570312,0.3811187744140625,-1.4371618032455444,31.831106185913086,0.8261242930460269,-0.14815419325951573,0.5436625676454323,-0.560748637522514,-0.12113293934872532,0.8190773934869537,-0.05549430561640012,-0.9815177767235599,-0.18314812589757362,13.87232780456543,12.300002098083496,0.2570335268974304
8.16,2.4532206045727367,3.3551689499388964,0.14255519719918655,0.07611694111546685,25.93965721130371,20.03350257873535,-174.60643005371094,0.3383231461048126,-1.4943311214447021,31.89896583557129,0.7502371797977669,-0.06554639947802932,0.6579117293106727,-0.6597702386138773,-0.009530997592436308,0.7514069418925277,-0.04298146447575635,-0.9978040036000856,-0.05039607237830873,14.031107902526855,12.88444995880127,0.17154885828495026
8.17,1.238537526075182,1.1797959442816985,2.6099096372170822,2.97191663125169,25.94283103942871,20.018339157104492,-174.28709411621094,0.2963038682937622,-1.5366714000701904,31.96470069885254,0.6561948989755535,0.03250703613787126,0.7538909385050295,-0.7531551256209803,0.0898277833439684,0.6516811537019882,-0.04653612907525062,-0.9954266733120227,0.08342737410257745,13.923831939697266,13.678178787231445,0.07769269496202469
8.18,2.8518007440589845,0.4008830754430533,2.6479835825439393,0.6036990575298188,25.945541381835938,20.00277328491211,-173.9671630859375,0.24296212196350098,-1.5765184164047241,32.0170783996582,0.5462613832922001,0.14219956952303886,0.8254561063746237,-0.8348947156977231,0.17179188524754335,0.5229133406819074,-0.06744860876037195,-0.9748163060754355,0.2125649420429741,13.831945419311523,13.877758979797363,-0.023144714534282684
8.19,3.22624825374626,1.8130376075201806,1.115269804079552,3.3160747486542976,25.94767189025879,19.986839294433594,-173.64682006835938,0.18439096212387085,-1.607313632965088,32.04514694213867,0.4292741092820792,0.2607022754632433,0.8647300519054281,-0.897111286888721,0.23383047411987312,0.3748528355364781,-0.10447525083454001,-0.9366737067630125,0.3342563223364629,14.159468650817871,13.720568656921387,-0.12625129520893097
8.2,3.22624825374626,1.8130376075201806,1.115269804079552,3.3160747486542976,25.949193954467773,19.970659255981445,-173.32638549804688,0.11631897836923599,-1.6284921169281006,32.036041259765625,0.3094278583303397,0.38624307287752657,0.8689480359280553,-0.9379485388492266,0.27440227715837656,0.21202813200351123,-0.15654692254943914,-0.8806359514262537,0.4471838347881961,14.441764831542969,13.71767520904541,-0.2384742796421051
8.21,2.671188540852675,3.9461178717874885,3.031910309058611,1.8455750988042767,25.949968338012695,19.95431900024414,-173.00625610351562,0.03840349614620209,-1.6373307704925537,31.981271743774414,0.19041996943067085,0.510591236808246,0.8384729119874106,-0.9562022437910528,0.28987207915131863,0.04063799573610222,-0.22230048180554657,-0.8094879657061722,0.5434259187468928,14.407495498657227,13.755462646484375,-0.3574014902114868
8.22,1.9595746115613388,1.2567708986485655,1.844808134703889,1.3236888453201254,25.9499454498291,19.93797492980957,-172.68690490722656,-0.044668879359960556,-1.6286258697509766,31.879642486572266,0.076391931941102,0.627617909648719,0.774764501137267,-0.9510202504608584,0.2793001956771623,-0.13248352315689987,-0.29954090863798893,-0.7266960576354264,0.6182136231671513,14.39708137512207,13.86393928527832,-0.4654458463191986
8.23,1.9595746115613388,1.2567708986485655,1.844808134703889,1.3236888453201254,25.949140548706055,19.92180061340332,-172.36874389648438,-0.10919341444969177,-1.6047624349594116,31.753246307373047,-0.028615254057183348,0.7331756831457404,0.679436961666805,-0.9221250654826042,0.24300148259287957,-0.3010575411219013,-0.3858322573916619,-0.6351406907933385,0.6691261256703516,14.547222137451172,13.91382884979248,-0.5689873099327087
8.24,0.5475821259432929,2.1344109182998245,3.157819417990786,1.2999509009597412,25.947830200195312,19.905906677246094,-172.0518798828125,-0.1505974978208542,-1.5725202560424805,31.617660522460938,-0.11947622051241213,0.8235586791959832,0.5545056669259899,-0.8706333245891149,0.18153676968032673,-0.45721112778336515,-0.4772033600541536,-0.537396969823053,0.6953283037371816,14.812500953674316,13.84786319732666,-0.6772758364677429
8.25,3.4498603310817426,0.8112911204535069,2.579039997017647,1.0492834069681414,25.94615364074707,19.8903865814209,-171.7364044189453,-0.18322114646434784,-1.529718279838562,31.47202491760254,-0.19200358548483265,0.894240013780922,0.40431351809464056,-0.7991354378555963,0.09667755871593253,-0.5933262185375529,-0.5696640897268435,-0.43702202163486464,0.6960564470514319,15.031479835510254,13.623396873474121,-0.7799105644226074
8.26,3.4498603310817426,0.8112911204535069,2.579039997017647,1.0492834069681414,25.94419288635254,19.87535285949707,-171.42245483398438,-0.2075963020324707,-1.4748681783676147,31.32635498046875,-0.2430270059197051,0.9411908384589115,0.23472895005668828,-0.7117090562231349,-0.008591015014062509,-0.702421820383595,-0.6590964221444985,-0.33776619141358694,0.6719418920221314,15.497760772705078,13.429951667785645,-0.8848490715026855
8.27,3.6468517683770747,1.3940170171932538,0.21582910124461066,1.3914974587846205,25.942045211791992,19.860916137695312,-171.10984802246094,-0.22003939747810364,-1.411210060119629,31.195859909057617,-0.2711586874297545,0.9613006038127924,0.04872489446405598,-0.611412023914634,-0.13292506505964613,-0.7800681150332321,-0.7434031902298939,-0.24131323251750947,0.6237945339356274,16.249370574951172,13.353798866271973,-1.000684142112732
8.28,2.1117290859607523,0.19169020295767603,3.6809039502096397,0.43962500506952035,25.939838409423828,19.847124099731445,-170.7984161376953,-0.21844738721847534,-1.348158359527588,31.097423553466797,-0.2748028471983052,0.9502139702600426,-0.14689045542291668,-0.5017053804234118,-0.2720328251476966,-0.8211515410058989,-0.8202286915402952,-0.15195904963117424,0.551482856314941,16.814302444458008,13.466782569885254,-1.1269631385803223
8.29,0.8003240450338139,1.136620502990499,0.9175461814273335,0.7803991582333728,25.937713623046875,19.833934783935547,-170.48776245117188,-0.20441533625125885,-1.289854645729065,31.03939437866211,-0.2529124212727568,0.9050605318148277,-0.34190750345234094,-0.38637750259720316,-0.4184778820415095,-0.8219420221212688,-0.8869880115608664,-0.07577397965735583,0.45553328237812307,17.496532440185547,13.370203971862793,-1.253060221672058
8.3,0.8003240450338139,1.136620502990499,0.9175461814273335,0.7803991582333728,25.935773849487305,19.82127571105957,-170.177490234375,-0.18446971476078033,-1.2458316087722778,31.027170181274414,-0.2067726669098107,0.824217395363753,-0.527172409557628,-0.2737510315022704,-0.5660338552491473,-0.7776027568516142,-0.9393111502427975,-0.016473004934691227,0.34267069197405,18.039880752563477,13.072084426879883,-1.3755648136138916
8.31,3.5927501781054376,3.220046230568295,2.0733839939082563,2.5888964965244594,25.93403434753418,19.808975219726562,-169.86709594726562,-0.16262954473495483,-1.2153037786483765,31.054264068603516,-0.1387438356568422,0.7108420497114327,-0.6895315282344068,-0.16903894826138793,-0.7030464512653964,-0.6907615517194169,-0.9757950512468851,0.020718777115987574,0.21770335375668207,18.24573516845703,12.837409973144531,-1.4984122514724731
8.32,2.5866412987374763,0.41967940680316135,1.8738256988072899,2.1037002701835994,25.93262481689453,19.79703140258789,-169.55633544921875,-0.10879605263471603,-1.1671546697616577,31.10240936279297,-0.05209454820134477,0.5704372689113615,-0.8196874284046601,-0.07652559802762787,-0.820668757758592,-0.5662566757977192,-0.9957057752640645,0.033228184962717455,0.08640542129908144,18.419960021972656,12.724159240722656,-1.6233018636703491
8.33,2.5866412987374763,0.41967940680316135,1.8738256988072899,2.1037002701835994,25.931909561157227,19.785612106323242,-169.24497985839844,-0.036666139960289,-1.1214210987091064,31.169254302978516,0.04946163599380167,0.4090722441504906,-0.9111604938925404,0.00018524906913855443,-0.912280840678406,-0.40956517602682363,-0.9987760070444218,0.020088972019046636,-0.04519868311819396,18.7672176361084,12.491873741149902,-1.7540290355682373
8.34,1.3476616896567553,0.9342827145115957,3.7251337152338424,0.9002303100776649,25.931869506835938,19.774539947509766,-168.9329376220703,0.02858494594693184,-1.095328450202942,31.244850158691406,0.1588795782486395,0.23237069113990813,-0.9595629950736406,0.05671825824128848,-0.9724513042353736,-0.22610064146966746,-0.9856674483808465,-0.018501967194923377,-0.16768231395203562,19.274206161499023,12.042375564575195,-1.8871965408325195
8.35,2.49464766641788,2.4836454281419327,3.8368531997897484,3.220514297744752,25.932483673095703,19.763660430908203,-168.62013244628906,0.09387369453907013,-1.0826256275177002,31.316509246826172,0.26958447033434213,0.047750242179166236,-0.9617921437225317,0.09091890098208646,-0.9955704271641395,-0.0239432245201525,-0.9586751101383418,-0.08099036318009599,-0.2727317258281375,19.908971786499023,11.43643569946289,-2.009727954864502
8.36,2.49464766641788,2.4836454281419327,3.8368531997897484,3.220514297744752,25.933820724487305,19.752840042114258,-168.30662536621094,0.1803009808063507,-1.0850383043289185,31.384389877319336,0.37507644423411535,-0.13612663632856012,-0.9169444911566701,0.10248708911237145,-0.9770057784058217,0.18696551962035002,-0.9213110536327921,-0.16410133406985633,-0.352500630652667,20.437618255615234,10.721105575561523,-2.123896598815918
8.37,3.2201028551414095,0.3229403634785568,2.606609248698507,2.538909261974959,25.93613052368164,19.74188232421875,-167.99246215820312,0.28098753094673157,-1.110824465751648,31.448612213134766,0.47065520164326474,-0.3073761445510029,-0.8270450936479211,0.09318699985651963,-0.9147958102946501,0.3930201121127204,-0.8773823933860757,-0.26204681113937506,-0.40190994581847056,20.788169860839844,9.978692054748535,-2.2346878051757812
8.38,3.5078240345470166,3.8019375354815637,2.400408110180431,1.5439649504878874,25.93936538696289,19.730567932128906,-167.67770385742188,0.3601272702217102,-1.1526869535446167,31.49942970275879,0.553047102848527,-0.45633352802534055,-0.6970642819932725,0.06608785825932806,-0.8099967563054278,0.5826985925548305,-0.8305247118668689,-0.368327253912375,-0.41780825387230336,21.29045295715332,9.239293098449707,-2.3462905883789062
8.39,0.7443066891635199,2.6501004522615355,3.322621360164431,1.1229405863166055,25.943281173706055,19.718767166137695,-167.36248779296875,0.4229012727737427,-1.2121325731277466,31.546632766723633,0.6210370154434661,-0.5752242903311913,-0.5323814809533196,0.02394856314328042,-0.6650038142928858,0.7464558883814139,-0.7834152741505904,-0.476326508593518,-0.3992161888484296,21.767065048217773,8.842561721801758,-2.4519147872924805
8.4,0.7443066891635199,2.6501004522615355,3.322621360164431,1.1229405863166055,25.947751998901367,19.706296920776367,-167.04676818847656,0.4659339189529419,-1.2808338403701782,31.594886779785156,0.674615299399093,-0.6550237048033722,-0.34035003152980103,-0.03218015659337392,-0.48673158903055835,0.8729586460774723,-0.7374677181669024,-0.5779587410753921,-0.349435342053791,22.073789596557617,8.433629035949707,-2.5437045097351074
8.41,0.14769374283486175,0.4501669292537417,0.871470996082706,0.3115524260580372,25.95252799987793,19.693153381347656,-166.73057556152344,0.4867992401123047,-1.3484411239624023,31.647260665893555,0.7114823465082843,-0.6898279196102659,-0.1339041146986824,-0.0964867534973683,-0.28465267533818006,0.9537626333749685,-0.6960482576708338,-0.6656653030983282,-0.2690846098245073,22.333261489868164,7.757653713226318,-2.6238927841186523
8.42,0.20901406556434915,2.508629373723311,0.9026207090504709,2.5900327136575716,25.957426071166992,19.679407119750977,-166.413818359375,0.4903869330883026,-1.3924707174301147,31.703758239746094,0.7320963090435568,-0.6771704679307553,0.07399426766474765,-0.163817409935184,-0.06957961472329272,0.9840338070498825,-0.6612101409438065,-0.7325290673941883,-0.1618712912646083,22.572458267211914,7.057031631469727,-2.702320098876953
8.43,0.20901406556434915,2.508629373723311,0.9026207090504709,2.5900327136575716,25.962308883666992,19.66530990600586,-166.09646606445312,0.4835818409919739,-1.432261347770691,31.768905639648438,0.7384076533013331,-0.6177778328416137,0.2703787839227362,-0.23044105798596864,0.14564877304388918,0.9621243961698077,-0.6337594625252754,-0.7727463905838247,-0.03481320869074367,22.465600967407227,6.347893238067627,-2.7791666984558105
8.44,2.722607469291535,3.5559975350233675,2.6150276640304946,0.3507628479614522,25.967060089111328,19.65072250366211,-165.7784423828125,0.4643165171146393,-1.4854601621627808,31.835878372192383,0.7331061024330094,-0.517307120129535,0.4415300511163073,-0.2931549244981417,0.34544245222695635,0.8914761367764793,-0.6136901765695545,-0.7829833048429028,0.10159484002308006,22.037092208862305,5.621943950653076,-2.847714424133301
8.45,3.6668592449863002,4.100027181093564,1.718565186360908,1.9663694289523546,25.97153663635254,19.635570526123047,-165.45980834960938,0.42743900418281555,-1.5473827123641968,31.88710594177246,0.7186962859067965,-0.38377032851085396,0.5798240971005318,-0.350599893889843,0.5201135401347077,0.7788206595699503,-0.600462624172568,-0.7630217823386254,0.23925383309067438,21.972429275512695,5.176333904266357,-2.902970314025879
8.46,3.6668592449863002,4.100027181093564,1.718565186360908,1.9663694289523546,25.975526809692383,19.619752883911133,-165.14080810546875,0.3663910925388336,-1.616572618484497,31.903236389160156,0.6953327189759716,-0.22299739692177045,0.683216342667238,-0.4040290972621142,0.6649094713122125,0.6282164304798746,-0.5943676458952349,-0.7128587208735181,0.3722358735902922,22.12370491027832,5.035186290740967,-2.956502914428711
8.47,1.1813969862707416,3.5751806214441557,3.929278421791916,1.664882085794447,25.978805541992188,19.6032772064209,-164.82188415527344,0.28827613592147827,-1.6752368211746216,31.8726863861084,0.6634140657392289,-0.04351321576380485,0.7469861962802519,-0.45257401583837664,0.7716638093043128,0.44689117869777023,-0.5958678860009753,-0.6345404364292713,0.49223967431412813,22.17603874206543,4.966004371643066,-3.0138185024261475
8.48,2.6401091294427124,3.7622318781692314,0.8275835581405129,4.005436802429684,25.981281280517578,19.586328506469727,-164.50350952148438,0.20725424587726593,-1.710057020187378,31.79552459716797,0.6252416549971961,0.14504707132097036,0.7668338933286512,-0.4938872930758058,0.8343318379778079,0.24487900251925737,-0.6042749495011528,-0.5318380686240716,0.5932959246173843,22.254976272583008,4.551215171813965,-3.06121826171875
8.49,2.1888918647411817,0.9973648782336171,1.338947399103674,1.0228604573504516,25.98295021057129,19.569154739379883,-164.18614196777344,0.12604762613773346,-1.7206703424453735,31.671478271484375,0.5857146198653097,0.3317554122791591,0.739511142917753,-0.5260172357655942,0.8497361287593348,0.03541721556845995,-0.6166394828046282,-0.40973998816881985,0.6722119385594519,22.032987594604492,3.9772603511810303,-3.107100486755371
8.5,2.1888918647411817,0.9973648782336171,1.338947399103674,1.0228604573504516,25.983875274658203,19.55198860168457,-163.87020874023438,0.06600283086299896,-1.7091569900512695,31.524707794189453,0.5461756815861607,0.5046296346826791,0.6686112896473696,-0.5498337750041531,0.8181360316715378,-0.16833375640503975,-0.6319611892423264,-0.2756852652587271,0.7243084217449429,21.952468872070312,3.4612717628479004,-3.1550283432006836
8.51,0.6955812082403696,1.1225724304234654,2.6359965817320314,3.382061416240697,25.984336853027344,19.535009384155273,-163.55569458007812,0.028730494901537895,-1.6848119497299194,31.370203018188477,0.5080012690128822,0.6573628474073038,0.5566047049117201,-0.5663697876421102,0.7417809638567934,-0.3591465791371505,-0.6489683923948316,-0.13279717055814233,0.7491361272587375,22.234838485717773,2.898634672164917,-3.196284532546997
8.52,3.9039544590063593,3.0885125321262583,1.3834435603595132,0.7474720704327665,25.98445701599121,19.518341064453125,-163.2428436279297,-0.004646914545446634,-1.6460349559783936,31.200654983520508,0.47259646621226603,0.781349317397766,0.4076098923305508,-0.5774540510134217,0.6239487600419932,-0.5265308764073074,-0.6657322277701948,0.013460647982319718,0.7460693076812831,22.341476440429688,1.9641187191009521,-3.2287917137145996
8.53,3.9039544590063593,3.0885125321262583,1.3834435603595132,0.7474720704327665,25.98426055908203,19.50214958190918,-162.9317169189453,-0.03302173316478729,-1.5888620615005493,31.025989532470703,0.4407117086503893,0.8678001592751907,0.2295562532809953,-0.5861092534786687,0.4718822774560136,-0.6586372743852293,-0.6798890592185849,0.15572411433326522,0.7165897483009286,22.436214447021484,1.3291798830032349,-3.2487919330596924
8.54,0.5683911817949793,2.135878138477136,2.431061682580975,0.07346430762600391,25.983842849731445,19.486604690551758,-162.62228393554688,-0.04776393249630928,-1.5186572074890137,30.86875343322754,0.4099212757445073,0.9115087564947028,0.033411592680929414,-0.5896570339874135,0.29277019862903725,-0.7527218563745046,-0.6958944819160171,0.28885532300477834,0.6574902831302096,22.684738159179688,1.22771418094635,-3.26478910446167
8.55,1.20925540892223,1.6615421529521646,2.9691665451392857,1.4671586983824079,25.983362197875977,19.47174835205078,-162.31417846679688,-0.04617525264620781,-1.4567828178405762,30.759180068969727,0.38072051570123433,0.9088037961821966,-0.17066794944867197,-0.5874563965611781,0.09518149146001698,-0.8036388901881256,-0.7141056441896687,0.40622179130159297,0.570120149800183,22.89983558654785,0.8649499416351318,-3.271000623703003
8.56,1.20925540892223,1.6615421529521646,2.9691665451392857,1.4671586983824079,25.982961654663086,19.457454681396484,-162.0069122314453,-0.03111642226576805,-1.3998680114746094,30.697423934936523,0.3529379206548961,0.8581694587953789,-0.37280022016442677,-0.5831742379322534,-0.10981402896675663,-0.8048904815279059,-0.7316711230983044,0.501483857200743,0.46170478510746576,23.07200813293457,0.08005375415086746,-3.2666869163513184
8.57,3.0345377628762162,1.7608655408278955,0.7421664968325057,3.2354236175308175,25.982789993286133,19.443758010864258,-161.70008850097656,-0.0008701554033905268,-1.3403805494308472,30.67639923095703,0.3244493861137059,0.760587719024934,-0.5623512403461798,-0.5792963136795516,-0.3102052964202536,-0.7537827638186646,-0.7477622461770329,0.5703323555097238,0.3399597438683114,23.228574752807617,-0.8638231158256531,-3.254152774810791
8.58,3.4455122918065744,2.894858642193304,2.443149459380921,3.076014574455172,25.983003616333008,19.430648803710938,-161.39328002929688,0.047058530151844025,-1.2814520597457886,30.692420959472656,0.29346336408861473,0.6201768413712305,-0.727502535641352,-0.5752449459050273,-0.4932525309517822,-0.652529840635954,-0.7635263624450144,0.6099857589620145,0.2120020464878105,23.181703567504883,-1.662140130996704,-3.241929292678833
8.59,2.771364061221192,1.562944565662814,0.5155138288923269,2.810784200074824,25.983823776245117,19.418140411376953,-161.08615112304688,0.12324583530426025,-1.2198227643966675,30.735877990722656,0.2602736489273837,0.4454051755448713,-0.8566632111115005,-0.5682363306595458,-0.6466592397802433,-0.5088607865864819,-0.7806184088225183,0.6192302134139452,0.0847870426581766,23.03745460510254,-2.3015387058258057,-3.2265329360961914
8.6,2.771364061221192,1.562944565662814,0.5155138288923269,2.810784200074824,25.98548698425293,19.40618896484375,-160.7784881591797,0.2055465131998062,-1.1754933595657349,30.800941467285156,0.22554220906703817,0.24579064373985832,-0.94271823541242,-0.5563948625751169,-0.7618215480737415,-0.3317418963449522,-0.7997221197573428,0.599345383181079,-0.03506626342153443,22.85541534423828,-2.8977389335632324,-3.2050278186798096
8.61,3.4649938246358416,1.994218424207487,3.9481200314661655,3.281600961427327,25.987911224365234,19.39455795288086,-160.47010803222656,0.2791627049446106,-1.1532549858093262,30.875083923339844,0.19029506387134515,0.03289794069118468,-0.9811755776437161,-0.5381549813008589,-0.8324004557966492,-0.13228264168288642,-0.8210828245477266,0.5531972583878286,-0.14069750724485902,22.59152603149414,-3.466718912124634,-3.180568218231201
8.62,2.0594604128589866,1.9884088492704786,3.1905818227186225,3.796147661852038,25.99114418029785,19.383075714111328,-160.1609649658203,0.37535691261291504,-1.1458135843276978,30.952259063720703,0.1553259256615222,-0.18246337870959564,-0.9708660938807524,-0.5122410805560683,-0.8552211472398286,0.07877731084863696,-0.8446791889280466,0.48508133827603583,-0.22630325461244977,22.550983428955078,-4.215223789215088,-3.1443042755126953
8.63,2.0594604128589866,1.9884088492704786,3.1905818227186225,3.796147661852038,25.99544334411621,19.37156867980957,-159.85105895996094,0.48205870389938354,-1.159885048866272,31.02796745300293,0.11991898935271596,-0.3914919597528719,-0.9123340843361492,-0.4769222507051538,-0.8287008529855875,0.29291647793063924,-0.8707264798861662,0.3999861768984223,-0.2860881953440764,22.509174346923828,-5.2168755531311035,-3.0924179553985596
8.64,0.6887696658147887,3.4464364875068023,3.812949947322283,0.6797901562488613,26.000747680664062,19.35980987548828,-159.54042053222656,0.5765601992607117,-1.195959210395813,31.097488403320312,0.08520138099979971,-0.5819318009022617,-0.808762081068578,-0.42956676051346643,-0.7538535125143581,0.4971692668817439,-0.8990067424317201,0.305057799061776,-0.31420791889112515,22.277589797973633,-6.302119731903076,-3.027461528778076
8.65,0.45486205820502196,2.7099475863934246,2.4289001062853117,1.0925969114157534,26.00690269470215,19.347604751586914,-159.22911071777344,0.6494244933128357,-1.2462949752807617,31.16038703918457,0.0549621433193788,-0.7439699421142556,-0.6659488629258642,-0.3685496607381326,-0.6349766806424082,0.6789519589854328,-0.9279818480830041,0.20811857262354205,-0.3090895490915085,22.06826400756836,-7.197460651397705,-2.9381320476531982
8.66,0.45486205820502196,2.7099475863934246,2.4289001062853117,1.0925969114157534,26.01365089416504,19.33487319946289,-158.91722106933594,0.6954711079597473,-1.2990275621414185,31.218624114990234,0.03454970038467087,-0.8702665656691844,-0.49136790990223733,-0.2951712410008742,-0.4786140157759189,0.8269235529290799,-0.9548194890602798,0.11646771475912188,-0.27341363303510413,21.805339813232422,-7.899378299713135,-2.832963228225708
8.67,0.7329425897921558,3.5243926388092137,1.4695306856174701,0.4389215611291329,26.0207576751709,19.321613311767578,-158.604736328125,0.7231948375701904,-1.354119896888733,31.279691696166992,0.02762794476170996,-0.9548886053187555,-0.29567625555774,-0.21164273090147123,-0.29467124651590326,0.9318670564696079,-0.9769565246851118,0.036832158627561784,-0.21023639305796413,21.447147369384766,-8.546534538269043,-2.723841667175293
8.68,2.7152240278844046,0.4294006474043187,2.408825342818482,2.357271989211546,26.028072357177734,19.307777404785156,-158.29161071777344,0.7370246648788452,-1.4120553731918335,31.347198486328125,0.036798814730951035,-0.9952134065093926,-0.09053244025412832,-0.12162919894108859,-0.09438070720217459,0.9880782459263872,-0.9918932327621486,-0.02534872012523659,-0.12452010756767842,21.00558090209961,-8.967432975769043,-2.6098155975341797
8.69,2.7152240278844046,0.4294006474043187,2.408825342818482,2.357271989211546,26.035459518432617,19.293338775634766,-157.977783203125,0.7380139231681824,-1.4787030220031738,31.419898986816406,0.06343310495134633,-0.9915693602113773,0.11298869450627108,-0.030552585256106324,0.11123416476805983,0.9933244687022064,-0.9975183109749917,-0.06646175199580628,-0.023239078967293103,20.82022476196289,-9.456783294677734,-2.5048298835754395
8.7,3.7147447482337,3.260370922464654,1.3502928445408682,2.1305172252782216,26.042781829833984,19.27818489074707,-157.66322326660156,0.7242996096611023,-1.551938772201538,31.49057960510254,0.10813108805521854,-0.9453948556588697,0.30746745305761963,0.059735620894872166,0.31490084591802664,0.9472429006524226,-0.9923403263962918,-0.08405964628676593,0.09052431979222553,20.91630744934082,-10.158594131469727,-2.4040064811706543
8.71,4.112232555012228,3.999405450450411,1.6244093299826803,0.5504252435985952,26.049882888793945,19.262277603149414,-157.3480224609375,0.6911699175834656,-1.6320253610610962,31.547208786010742,0.1707550417153425,-0.8591276207937579,0.48243387828597656,0.14390990586343438,0.506119927791813,0.8503720113493785,-0.9747474825426168,-0.07577829426205634,0.21005950441616328,20.84111785888672,-10.514993667602539,-2.2956910133361816
8.72,1.6625039640963881,3.7713144228439837,3.3429008453084212,4.168925596287256,26.056541442871094,19.245555877685547,-157.03237915039062,0.6378687620162964,-1.710083246231079,31.577571868896484,0.2470630076922481,-0.7387591309147695,0.6270524832261762,0.2126652505248553,0.6726754344059677,0.708718033611353,-0.9453747201238566,-0.04174573555222921,0.3233016116785419,20.70568084716797,-10.346258163452148,-2.1812047958374023
8.73,1.6625039640963881,3.7713144228439837,3.3429008453084212,4.168925596287256,26.062562942504883,19.22810173034668,-156.71656799316406,0.5619468092918396,-1.7800683975219727,31.570697784423828,0.3320228305910034,-0.5918693415630482,0.7344736363437845,0.26127078448668395,0.8058850574517175,0.5313067394168407,-0.906365498648338,0.015490535619071932,0.42221040508990737,20.34797477722168,-10.506867408752441,-2.064373731613159
8.74,1.4829087441159619,2.0671367528579827,1.4404886159654076,1.6834708137342447,26.067716598510742,19.21001625061035,-156.4010772705078,0.46657952666282654,-1.8333806991577148,31.52189826965332,0.42547209723867496,-0.430193045894472,0.7961830428584628,0.29072102665133387,0.8981288408879368,0.32991797439376647,-0.8570033717168902,0.09109625914014394,0.5071949254838358,19.707611083984375,-11.126020431518555,-1.944593071937561
8.75,0.003942682249721232,0.45957980415413935,0.5757261551749959,1.1222951467502351,26.071950912475586,19.19155502319336,-156.08621215820312,0.38767436146736145,-1.8530819416046143,31.450332641601562,0.5239742438884039,-0.26454526410689566,0.809609038351344,0.2986772868557172,0.9472513440900745,0.1162186277498345,-0.7976483373380044,0.18091626338767836,0.5753489685258479,19.19310760498047,-11.60318660736084,-1.8238834142684937
8.76,0.003942682249721232,0.45957980415413935,0.5757261551749959,1.1222951467502351,26.075592041015625,19.17303466796875,-155.77210998535156,0.34723496437072754,-1.847928762435913,31.37553596496582,0.6212158230854187,-0.10298129088949699,0.7768434558358839,0.2827239505456483,0.9540144579834783,-0.0996171759605355,-0.7308611830821006,0.281516016747224,0.6217641541441651,18.81816864013672,-12.012648582458496,-1.7041932344436646
8.77,3.237143231678422,2.349075252944538,2.960597051377717,1.5197521912881904,26.07895851135254,19.154617309570312,-155.45877075195312,0.326687753200531,-1.8343955278396606,31.29425048828125,0.7125154440611099,0.04629515191129055,0.7001274890217563,0.2421287610448156,0.9203046283340767,-0.307267072986643,-0.6585555443918921,0.38845353644469105,0.6445218731542872,18.45757293701172,-12.48038387298584,-1.5833791494369507
8.78,1.639241707405108,1.3768570070898318,0.3634734130814249,0.21885786539756713,26.082059860229492,19.13640785217285,-155.14634704589844,0.2865030765533447,-1.8017210960388184,31.18153953552246,0.792405236120365,0.17624627675699192,0.583978759629429,0.17745001222638948,0.8493442480340121,-0.4971175328756698,-0.5836141147452509,0.4975455740541123,0.6417499254454814,18.3653621673584,-12.769814491271973,-1.4592177867889404
8.79,1.639241707405108,1.3768570070898318,0.3634734130814249,0.21885786539756713,26.084714889526367,19.118619918823242,-154.8351287841797,0.25077158212661743,-1.758591890335083,31.070524215698242,0.8547556640200493,0.28194378091410166,0.43577569830074964,0.09178181351497852,0.7442580236509186,-0.6615558124142894,-0.5108511070101998,0.6054648616022981,0.6102814496864244,18.377708435058594,-12.79336166381836,-1.3335378170013428
8.8,1.153285724035928,4.148091825674049,1.6045499602898414,2.579367266713128,26.087133407592773,19.101215362548828,-154.52484130859375,0.23449955880641937,-1.7227413654327393,30.99143409729004,0.8955161377742993,0.3576264304278478,0.26486634977897433,-0.009865200702332988,0.6109728178776361,-0.7915901045552323,-0.4449196835395181,0.7062687534317915,0.5506640746634908,18.300912857055664,-12.686628341674805,-1.2097053527832031
8.81,3.465953346329137,2.3979620302371845,2.4343507692808237,1.5252540421907645,26.089412689208984,19.084247589111328,-154.2152557373047,0.22108706831932068,-1.6633667945861816,30.927352905273438,0.9131055070842903,0.3995915709426243,0.08102412828254829,-0.122230524758662,0.45786163797921275,-0.8805807284310817,-0.38897047670686186,0.7941594908446276,0.4669182705269078,17.88571548461914,-12.632892608642578,-1.0839990377426147
8.82,1.094575325766545,2.6027898711732296,1.3032208578414946,0.28424347985893106,26.091594696044922,19.06803321838379,-153.90621948242188,0.21831245720386505,-1.577458143234253,30.886213302612305,0.907387208978371,0.4067423408860213,-0.10587313688090061,-0.2404327293400909,0.2957244114261716,-0.9245210517607043,-0.34473258570160853,0.8643539440629655,0.36613071946816916,17.63063621520996,-12.580633163452148,-0.9621084928512573
8.83,1.094575325766545,2.6027898711732296,1.3032208578414946,0.28424347985893106,26.09382438659668,19.052650451660156,-153.59738159179688,0.22903135418891907,-1.5056713819503784,30.8879337310791,0.8790851700061445,0.37998399510559877,-0.28778712156532654,-0.35858918815643825,0.1294179892763495,-0.9244808154791385,-0.31404308305163203,0.9158947251268864,0.2500275874222099,17.58490562438965,-12.4527587890625,-0.8397233486175537
8.84,1.252143815142352,1.8955490769231491,3.928526061055469,2.867535795740112,26.09619903564453,19.037860870361328,-153.288330078125,0.24707567691802979,-1.453492283821106,30.925981521606445,0.83019009933085,0.3213192499726977,-0.4555637590612499,-0.47111630007946415,-0.03252309959320793,-0.881471315354213,-0.29805004742906815,0.9464122714704376,0.1243783809096134,17.431005477905273,-12.283646583557129,-0.7150708436965942
8.85,3.946793725662813,1.3614310031830223,2.516354569623395,2.9637094078172037,26.098827362060547,19.023624420166016,-152.97879028320312,0.28425315022468567,-1.3888704776763916,30.984073638916016,0.762897019572448,0.2343074813451701,-0.6025679560955419,-0.5743052621603836,-0.1824360549042015,-0.7980542285621226,-0.2969201969930124,0.9548911404221292,-0.004615903048893699,17.345598220825195,-12.492854118347168,-0.5929051041603088
8.86,3.946793725662813,1.3614310031830223,2.516354569623395,2.9637094078172037,26.10196304321289,19.010120391845703,-152.6685791015625,0.3466641902923584,-1.3131306171417236,31.055570602416992,0.6773732350573687,0.12233386704352511,-0.7253963919141674,-0.6668093259839563,-0.3143599605919762,-0.6756797599139948,-0.3106940990890189,0.9413884639992083,-0.13136566005039002,17.46973991394043,-12.812281608581543,-0.4781743288040161
8.87,1.781167019071402,0.465556441041682,0.48486694817675813,4.023133070582878,26.10580825805664,18.99733543395996,-152.35760498046875,0.42473262548446655,-1.2459280490875244,31.13196563720703,0.5774246555277434,-0.011213156158102477,-0.8163669715989501,-0.7425364840202442,-0.42292899702158077,-0.5193944872418009,-0.3394412130067894,0.9060934436399447,-0.2525358079662877,17.739824295043945,-12.939460754394531,-0.36889588832855225
8.88,1.035233334772103,1.07196133123506,1.5047843956326905,3.461275546547249,26.110429763793945,18.98511505126953,-152.0459442138672,0.49549156427383423,-1.203049898147583,31.19668960571289,0.46738095254532197,-0.15997083425008912,-0.869462119581502,-0.797040505157075,-0.5017352148025414,-0.3361371853365859,-0.3824676173701272,0.8501006448746985,-0.36200471716103333,17.702468872070312,-13.170421600341797,-0.2617233693599701
8.89,1.035233334772103,1.07196133123506,1.5047843956326905,3.461275546547249,26.115686416625977,18.97321128845215,-151.73374938964844,0.5554836988449097,-1.1804935932159424,31.239912033081055,0.3504120134160035,-0.313413074998599,-0.8826005128446647,-0.8274950072710165,-0.5450011027466294,-0.13500300347213778,-0.43870654633283357,0.7776541920576784,-0.45032268850218593,17.383495330810547,-13.556629180908203,-0.1508408635854721
8.9,1.0144272501282368,0.022004088180629506,2.1749712952704243,2.292695352675462,26.121532440185547,18.961463928222656,-151.4212188720703,0.6140398383140564,-1.171475887298584,31.2636661529541,0.23064426339863484,-0.4633499145556088,-0.8556343146710582,-0.8311220285178562,-0.5510912959445736,0.07439460495556366,-0.5060033571762793,0.693977838418087,-0.5122063669175682,17.052291870117188,-13.98006820678711,-0.033675722777843475
8.91,0.7037760984342187,3.874011580191679,1.1277590350604594,2.6718000343960555,26.127931594848633,18.94974136352539,-151.1085662841797,0.66313236951828,-1.174942135810852,31.267982482910156,0.11325372896256615,-0.6034858699021186,-0.7892898059043693,-0.8057855194487193,-0.5205460188448174,0.28238544387338527,-0.5812772914219438,0.6040170917228207,-0.5452339528898347,16.9566593170166,-14.431412696838379,0.08772201836109161
8.92,2.110388516232704,3.728127179986424,1.8966862800927742,3.707713654222639,26.134796142578125,18.937917709350586,-150.79591369628906,0.7117899656295776,-1.1935774087905884,31.267749786376953,0.004422026852611629,-0.7284313260266424,-0.6851045532921104,-0.7508152407819357,-0.4549372095229818,0.4788617854882622,-0.660497479092902,0.5122694004666978,-0.5489290860005611,16.650962829589844,-14.60559368133545,0.21875283122062683
8.93,2.110388516232704,3.728127179986424,1.8966862800927742,3.707713654222639,26.142192840576172,18.925783157348633,-150.48318481445312,0.7691155672073364,-1.2389062643051147,31.282398223876953,-0.08817652651413346,-0.8298340255667599,-0.5509994466272798,-0.669400434091937,-0.36026470936747695,0.6497017762188232,-0.7376502958783577,0.4261277146537569,-0.5237243662410006,16.088912963867188,-14.528938293457031,0.34774792194366455
8.94,0.674975897355909,1.9840604106352,0.8343772202867217,1.4198976737301274,26.150156021118164,18.91305923461914,-150.1702117919922,0.8210489153862,-1.3095811605453491,31.312952041625977,-0.16047511158381636,-0.9045159339367562,-0.3950932343342255,-0.5661425118826485,-0.24354195760488986,0.7875087117773256,-0.8085359576428044,0.3500546245095122,-0.47300250005484934,15.585144996643066,-14.432353973388672,0.4693303108215332
8.95,2.40071067584977,1.5038118324222853,3.0103597507715043,3.0379284687728805,26.158525466918945,18.89962387084961,-149.85693359375,0.8468674421310425,-1.370618224143982,31.34359359741211,-0.2101154970716062,-0.9514116092441781,-0.2250942640001185,-0.4462105065688676,-0.11153615623989518,0.8879503756848037,-0.8699124448574731,0.2870115601271713,-0.40109438120654434,15.222983360290527,-14.307367324829102,0.5879419445991516
8.96,2.40071067584977,1.5038118324222853,3.0103597507715043,3.0379284687728805,26.167049407958984,18.885622024536133,-149.5432891845703,0.8571678996086121,-1.436273455619812,31.388473510742188,-0.2358393441993039,-0.970666279572199,-0.046762992088918265,-0.3147283344184533,0.030764501042426853,0.9486830982945764,-0.9194160533957565,0.23845443836732522,-0.3127516611963796,15.203449249267578,-14.333375930786133,0.7025191187858582
8.97,1.4092066742749312,2.6157574619654422,1.4609870659623914,1.1157736626825123,26.17562484741211,18.870830535888672,-149.22909545898438,0.8547186255455017,-1.5235196352005005,31.453859329223633,-0.23676006602191083,-0.9620241585126499,0.13584619823656463,-0.1752399303255638,0.17981287219424283,0.9679660623248877,-0.9556336316584886,0.20537003050904123,-0.2111575540015643,15.415884017944336,-14.505821228027344,0.8161571025848389
8.98,3.239516180087056,0.6624496176114797,0.9123660106537538,1.008462377900358,26.184097290039062,18.85519027709961,-148.91419982910156,0.8386924862861633,-1.5994199514389038,31.525691986083984,-0.21221675255295125,-0.9249559165126824,0.3153103272080748,-0.03376943602548105,0.3294082053878491,0.9435835201049654,-0.9766389686708186,0.18959637847633154,-0.10114117926077015,15.540732383728027,-14.430405616760254,0.9366356134414673
8.99,3.239516180087056,0.6624496176114797,0.9123660106537538,1.008462377900358,26.192371368408203,18.838897705078125,-148.59857177734375,0.8150178790092468,-1.6562349796295166,31.59853172302246,-0.16410865023270116,-0.8604557353921813,0.4823735879476623,0.10052265900216711,0.4718702239961239,0.8759187671998936,-0.9813070599694749,0.1922353222915809,0.009057312930280892,15.819413185119629,-14.067453384399414,1.0524030923843384
9.0,3.7024319485883894,0.3650375807768516,4.076356008930875,0.24894306194644802,26.20037269592285,18.822093963623047,-148.28224182128906,0.7839261889457703,-1.7035125494003296,31.667335510253906,-0.09582624862624883,-0.7691387161598016,0.6318567601745452,0.22072355662260507,0.6025562016286141,0.7669466314097511,-0.9706175568297165,0.21295928996629682,0.11202633257838407,16.333959579467773,-13.616226196289062,1.1607624292373657
9.01,3.072906521995694,0.46119581306858265,2.850981910965414,3.23034082275998,26.207996368408203,18.804824829101562,-147.9652557373047,0.7366410493850708,-1.751438856124878,31.72332763671875,-0.010898288343690277,-0.6517313977128685,0.758371553096771,0.32233834079648177,0.7156410422168065,0.6196417454847711,-0.9465617895117828,0.2512052625445447,0.20227875495508024,17.254070281982422,-13.287681579589844,1.2753219604492188
9.02,1.6705505810443733,3.46036613607162,2.391323527416123,2.7935755526927184,26.215036392211914,18.787073135375977,-147.64784240722656,0.6678398847579956,-1.7973791360855103,31.75885581970215,0.08856010369591177,-0.5083217718649995,0.8566014734293869,0.4027395649239901,0.8048235974473825,0.4359585070126382,-0.9110202801684518,0.3063787741340461,0.27599655048915867,18.146018981933594,-13.231236457824707,1.3939952850341797
9.03,1.6705505810443733,3.46036613607162,2.391323527416123,2.7935755526927184,26.22130012512207,18.7689266204834,-147.33016967773438,0.5825771689414978,-1.8298603296279907,31.772228240966797,0.19992081919670657,-0.3472152416658307,0.9162277238801807,0.4588309681024711,0.8594143899279895,0.22556828033846177,-0.8657400353234607,0.3752978581602092,0.331127934337308,18.400049209594727,-13.139588356018066,1.519815444946289
9.04,1.1897543992652087,3.5328808389054602,2.4584656708383985,3.1483580284196027,26.22666358947754,18.75054931640625,-147.01248168945312,0.4891696572303772,-1.8417561054229736,31.767009735107422,0.31648527827097905,-0.18102927098300267,0.9311635042703852,0.4876564701142677,0.8730265266464987,0.00398132229826384,-0.8136511757463596,0.4528278776962754,0.3645801384985937,18.305192947387695,-12.885135650634766,1.651315689086914
9.05,2.6300463074494296,1.1947662457534391,0.3276788205803589,3.739786526724436,26.231081008911133,18.73216438293457,-146.69488525390625,0.3951279819011688,-1.8309719562530518,31.75017738342285,0.4321821463264406,-0.01987049055117679,0.9015673884973473,0.48890716943444673,0.8452379691754645,-0.21573723633099154,-0.7577521838122728,0.5340205418047067,0.3750115849655038,18.10706901550293,-12.648262977600098,1.7808711528778076
9.06,2.6300463074494296,1.1947662457534391,0.3276788205803589,3.739786526724436,26.234615325927734,18.713991165161133,-146.37747192382812,0.3153698742389679,-1.8018547296524048,31.734052658081055,0.5421630805344299,0.1276983919419308,0.8305132839400355,0.4637684561001032,0.7787320798974521,-0.42248688366044534,-0.7006982326450837,0.6142226537942352,0.3629772972708113,17.935047149658203,-12.399323463439941,1.89473295211792
9.07,0.231735761373986,2.1989827659035615,3.6453721198596236,3.414809942309024,26.237443923950195,18.696170806884766,-146.06019592285156,0.25172659754753113,-1.7598236799240112,31.726232528686523,0.6414856416387651,0.2556056074551426,0.7232993467498705,0.4146720323899118,0.677703508045126,-0.6072602907624949,-0.6454016401628693,0.6894807674045864,0.32874457296548765,17.837682723999023,-12.099596977233887,1.9933841228485107
9.08,3.1990018297519534,0.33430391926242486,3.5151710819983815,0.054065576236965694,26.239665985107422,18.678852081298828,-145.7429656982422,0.1935173124074936,-1.7003041505813599,31.728025436401367,0.7269347386613602,0.35852487238842473,0.5856840458866911,0.34441746069138185,0.5475063211380407,-0.7626358509044726,-0.5940896384370294,0.7561063048227759,0.27451913832920133,17.775978088378906,-12.086397171020508,2.101560115814209
9.09,3.1990018297519534,0.33430391926242486,3.5151710819983815,0.054065576236965694,26.24135971069336,18.662189483642578,-145.42562866210938,0.14979179203510284,-1.6331944465637207,31.747304916381836,0.7967359535269701,0.43281343584391,0.42176338166139926,0.2546541752760551,0.39246982965735366,-0.8838091897141599,-0.5480538945869665,0.8115663636214338,0.20247707540939258,18.375064849853516,-12.013123512268066,2.220583438873291
9.1,1.3069126599988545,1.5000595473688139,3.31199635920553,0.19578917568121681,26.242713928222656,18.64618682861328,-145.10797119140625,0.12355384975671768,-1.5664668083190918,31.78725814819336,0.8464161498084657,0.47659726519417533,0.23755998853520408,0.1517252963041507,0.2117801561042868,-0.9654680729790406,-0.5104499346702192,0.8532316287444326,0.10694228305629216,19.568288803100586,-11.637977600097656,2.342082977294922
9.11,1.7064110971282564,3.310172957463617,3.3356285549447966,0.18698852553423165,26.24387550354004,18.630857467651367,-144.78982543945312,0.11152404546737671,-1.5004674196243286,31.845401763916016,0.8741343415151368,0.4838850810614751,0.04176579114572193,0.041672712234085724,0.010951885378196136,-0.9990712893791505,-0.48389310600478025,0.8750630174637668,-0.01059138462402337,20.582801818847656,-11.222711563110352,2.471745729446411
9.12,3.6388523022981163,1.7373732510285227,1.8841720596620124,4.179770094187206,26.244985580444336,18.6162052154541,-144.47103881835938,0.1129838228225708,-1.4267460107803345,31.915645599365234,0.8799935076339646,0.4496508496896273,-0.15305404240158946,-0.06959718149471972,-0.19668751861174344,-0.9779929715240013,-0.4698591904497159,0.871279595420294,-0.141789307615865,21.2586612701416,-10.644737243652344,2.6091856956481934
9.13,3.6388523022981163,1.7373732510285227,1.8841720596620124,4.179770094187206,26.246196746826172,18.60238265991211,-144.15151977539062,0.13314399123191833,-1.3337994813919067,31.991605758666992,0.8659167400606105,0.37369390687804815,-0.33247716199015215,-0.1750872647131441,-0.3961968645265128,-0.9013170886400799,-0.4685431132970312,0.8386780720285829,-0.2776444533577873,21.6490478515625,-10.040458679199219,2.7284111976623535
9.14,1.2881628516683352,2.6088987892223443,2.86184456932862,1.1290865116322149,26.247718811035156,18.589534759521484,-143.83123779296875,0.1744675487279892,-1.2367546558380127,32.0628662109375,0.8345955692857605,0.2604199550101769,-0.48541907951900193,-0.27100247821222845,-0.5730813827203969,-0.7733921292475823,-0.4795913807934921,0.7770194179116605,-0.40771672967492534,21.87713050842285,-9.528409957885742,2.8271515369415283
9.15,1.7947031934266475,4.1654491762679395,1.9132341332594431,0.854426423967858,26.249711990356445,18.577560424804688,-143.51036071777344,0.22299420833587646,-1.1643115282058716,32.10810852050781,0.7894693928232329,0.11658395723112816,-0.6026161786009786,-0.3536828035887204,-0.7160038749807905,-0.6018695252777924,-0.5016438499981223,0.6882925482153812,-0.5240294035931937,22.140785217285156,-8.96413516998291,2.9329445362091064
9.16,1.7947031934266475,4.1654491762679395,1.9132341332594431,0.854426423967858,26.25218963623047,18.566179275512695,-143.18919372558594,0.2742462754249573,-1.1144952774047852,32.11897659301758,0.7353995180797267,-0.0493525816375443,-0.6758342041461167,-0.4198794458493214,-0.8159998203594904,-0.3972978028211911,-0.5318729169278806,0.5759415038517269,-0.6208080092747182,22.316144943237305,-8.101856231689453,3.04573392868042
9.17,0.718722827644025,2.1373406734983917,0.7349782292979458,3.4254123541034622,26.255212783813477,18.555219650268555,-142.86807250976562,0.3308102786540985,-1.0805383920669556,32.0996208190918,0.6789046892200309,-0.22574994191052694,-0.6986597073557679,-0.4679630583378868,-0.8662846448558771,-0.1748184490206299,-0.5657729217505068,0.4456319981939366,-0.6937673408280144,22.353273391723633,-6.993815898895264,3.1495182514190674
9.18,1.7853313006855909,3.327688545288183,1.5016935065370092,2.452581845804657,26.2587890625,18.54450225830078,-142.54730224609375,0.3819676339626312,-1.0651904344558716,32.04820251464844,0.6239256498964496,-0.4000397462273731,-0.6713307566614477,-0.49991769566268734,-0.8645942715381993,0.0505869863367967,-0.6006655316934724,0.3040476065711905,-0.7394294908736929,22.130922317504883,-6.151072025299072,3.2318971157073975
9.19,1.7853313006855909,3.327688545288183,1.5016935065370092,2.452581845804657,26.262847900390625,18.533855438232422,-142.22715759277344,0.43075355887413025,-1.067259430885315,31.982013702392578,0.5710282830368695,-0.5599267102877515,-0.6003405525851981,-0.5183237009431506,-0.8130055116064482,0.2652594562652439,-0.6366060328119425,0.15970008517178025,-0.7544724261254124,21.811527252197266,-5.418276786804199,3.299881935119629
9.2,2.5045021409003914,0.3066756738174621,0.20640780004630863,1.3641613308715075,26.267393112182617,18.523094177246094,-141.9076690673828,0.4771433472633362,-1.087941288948059,31.918201446533203,0.52254768354294,-0.6970992602179137,-0.49091398414339865,-0.5258795747744124,-0.7167270304278629,0.4579880311636326,-0.6711144397634362,0.018841052457195057,-0.741114312021644,21.55802345275879,-4.560240268707275,3.3599276542663574
9.21,3.016601976890746,2.830761627850973,3.0597111533818566,2.499684928252486,26.272321701049805,18.5120792388916,-141.58883666992188,0.5041075348854065,-1.113539695739746,31.847776412963867,0.47953359500826737,-0.8049709985610009,-0.3493840619349324,-0.5257480433101401,-0.5823264359798435,0.6200684776011218,-0.7025927171655044,-0.11365567928932974,-0.7024570167286215,21.56570816040039,-3.6741931438446045,3.402116060256958
9.22,2.902888851909827,2.430270595383646,0.08492914420108517,1.2296455353008549,26.277456283569336,18.500755310058594,-141.2706298828125,0.5238792300224304,-1.159395694732666,31.804946899414062,0.44186578646049557,-0.8785837375255972,-0.1812325658131022,-0.5207025333069708,-0.41569771008783135,0.7456971809222804,-0.7304953788788473,-0.23512981517299325,-0.641163373449672,21.779809951782227,-2.8349990844726562,3.4347004890441895
9.23,2.902888851909827,2.430270595383646,0.08492914420108517,1.2296455353008549,26.282752990722656,18.488849639892578,-140.95265197753906,0.532329261302948,-1.2182567119598389,31.790817260742188,0.4085993289284985,-0.9126992477992757,0.005164442449792195,-0.513279592569625,-0.2251000368570085,0.8281751223373794,-0.7547122950176052,-0.3410426021388089,-0.5604456220505695,21.8690185546875,-1.782776117324829,3.459238290786743
9.24,1.7837953601378829,2.0800833028369285,1.2425010148865503,2.215273580570777,26.288055419921875,18.476408004760742,-140.63478088378906,0.5259493589401245,-1.2699452638626099,31.79417610168457,0.37796549162848136,-0.903981831528702,0.19989731214814566,-0.5079047342780132,-0.02193863128390605,0.8611338324298778,-0.7740638656054295,-0.42700766354177017,-0.4674286974936147,21.817419052124023,-0.4921209216117859,3.467127561569214
9.25,4.032964993092941,3.1286547903499606,2.170577345110087,3.547911750120404,26.293230056762695,18.46343994140625,-140.31671142578125,0.5066176652908325,-1.3246386051177979,31.82375717163086,0.3470030547663455,-0.8520452137637862,0.39192835274454074,-0.5058125466169039,0.18188613407901444,0.8432503198426394,-0.7897737319433633,-0.490852715111178,-0.3678601152615458,21.663429260253906,0.5750696659088135,3.4621331691741943
9.26,4.032964993092941,3.1286547903499606,2.170577345110087,3.547911750120404,26.298107147216797,18.44984245300293,-139.9982147216797,0.4614083468914032,-1.401592493057251,31.883359909057617,0.31399863116440074,-0.7594254795893374,0.5698050548892908,-0.5044100745196971,0.3750152015608339,0.7777750801622028,-0.8043477707745055,-0.531635720723121,-0.2653076027958706,21.49430274963379,1.4760135412216187,3.4448094367980957
9.27,0.12960346157198868,1.9617181716241785,0.5530811688360868,3.3292239953590768,26.30236053466797,18.435379028320312,-139.6790008544922,0.38545721769332886,-1.490216851234436,31.960052490234375,0.277342626200923,-0.6304424748781104,0.7249988645243094,-0.5025202693738232,0.547966702277314,0.6687345303360559,-0.8188738892896971,-0.5497952155711145,-0.1648355980201982,21.345890045166016,2.4023351669311523,3.4144399166107178
9.28,1.1273833338286317,4.164037953197896,1.4431654005860115,2.6705656101481012,26.305835723876953,18.420146942138672,-139.35902404785156,0.314922958612442,-1.54729163646698,32.03476333618164,0.23646771284727855,-0.47208354351376225,0.8492468126076583,-0.49797263138660597,0.6916362267611328,0.5231276978152875,-0.8343298383557171,-0.5466044802003667,-0.07153504773333469,20.85470199584961,3.091435432434082,3.376934289932251
9.29,1.1273833338286317,4.164037953197896,1.4431654005860115,2.6705656101481012,26.30866050720215,18.40449333190918,-139.03831481933594,0.24505747854709625,-1.5829555988311768,32.10623550415039,0.19308379622187755,-0.2960410356670263,0.9354562271093947,-0.4876786669224476,0.7983378898405814,0.35330741780159736,-0.8514036442635733,-0.5244199832634933,0.009773212809746412,20.07303237915039,3.748894453048706,3.341531276702881
9.3,3.307168995600025,1.5159749788531485,3.519288279430902,3.4265132192308285,26.310688018798828,18.38852310180664,-138.7169189453125,0.15921425819396973,-1.6083120107650757,32.17222595214844,0.14639158438763727,-0.11248338377641609,0.9828107612326415,-0.470647751461972,0.8659434626171432,0.16921174189287705,-0.8700920629819966,-0.4873288498794621,0.0738267838314361,19.25191879272461,4.537315845489502,3.305156707763672
9.31,1.2575631195432153,0.677729547306325,3.662768278532238,2.887628526521905,26.311792373657227,18.372377395629883,-138.3948974609375,0.05772818624973297,-1.6178979873657227,32.2293586730957,0.09764130961470163,0.07167367174572387,0.9926374259694282,-0.445171294350217,0.8952026831263694,-0.02084885632118108,-0.8901060011837232,-0.4398579781041093,0.11931582357293002,18.885860443115234,5.087014198303223,3.2568769454956055
9.32,2.781590919352914,0.024135849830937188,3.219385518148655,1.5872294981594393,26.311864852905273,18.35622787475586,-138.07235717773438,-0.03870929777622223,-1.6089134216308594,32.279659271240234,0.05187541091937392,0.25486224045705275,0.9655848901733898,-0.4102070390888215,0.8869906793885045,-0.21207951282455645,-0.9105158575356763,-0.3850880069115767,0.15055929100836424,18.913965225219727,5.236588478088379,3.2026524543762207
9.33,2.781590919352914,0.024135849830937188,3.219385518148655,1.5872294981594393,26.31108283996582,18.34024429321289,-137.74932861328125,-0.11525555700063705,-1.5855448246002197,32.32654571533203,0.013353061165825353,0.43198449543439543,0.9017821751741343,-0.3665190229198736,0.8412054309313052,-0.39753896514623416,-0.9303147325477349,-0.32521195961398536,0.16956320275539938,19.201906204223633,5.371171474456787,3.147256851196289
9.34,0.28754266530163636,2.767101628182342,4.051333742417317,2.9628808795934183,26.30959701538086,18.324554443359375,-137.42584228515625,-0.18073448538780212,-1.5497112274169922,32.37076187133789,-0.017597944155701817,0.5982307901853333,0.8011305973658256,-0.31468862306137557,0.7572199992450862,-0.572353861923729,-0.9490318134168254,-0.26217893587682295,0.17493090837604564,19.708690643310547,5.651508808135986,3.086364507675171
9.35,0.7499499168194487,3.8554956746270617,3.332062333838008,0.26661109029134417,26.30746841430664,18.30931282043457,-137.10191345214844,-0.24570997059345245,-1.4941505193710327,32.412410736083984,-0.039356313904845786,0.7450360533144958,0.6658621177221175,-0.25573594525638177,0.6366738428138383,-0.7274926420112336,-0.9659452400936858,-0.19891630686854156,0.16547536373168076,19.79175567626953,5.814860820770264,3.030567169189453
9.36,0.7499499168194487,3.8554956746270617,3.332062333838008,0.26661109029134417,26.304719924926758,18.294713973999023,-136.77757263183594,-0.29985514283180237,-1.4252054691314697,32.456382751464844,-0.04997985913641384,0.8619184157022728,0.5045777029893295,-0.191581167097441,0.48755363226383486,-0.8518145995930824,-0.9802033820051257,-0.13924115892804478,0.14075947416102524,19.563383102416992,6.187882423400879,2.9868528842926025
9.37,3.2670198183082166,1.151764547498499,1.4834782781517077,1.22327425707569,26.30152702331543,18.280820846557617,-136.4527587890625,-0.33614328503608704,-1.35222327709198,32.5072135925293,-0.050103159917487206,0.9444176698736111,0.3249075840862785,-0.12096878084135226,0.3171826670172714,-0.9406177277755123,-0.991391056762184,-0.08643159476898615,0.09835320024101993,19.361804962158203,6.852741718292236,2.944037914276123
9.38,1.8576311219451391,1.6527987921699936,4.034014579329822,3.3130842480243103,26.298051834106445,18.267671585083008,-136.1273956298828,-0.35610049962997437,-1.2790124416351318,32.56669235229492,-0.03831242111942473,0.9902183509623859,0.13416324312307432,-0.04443697997532364,0.13244068324095531,-0.9901943345795015,-0.9982772727046532,-0.043898551684562914,0.0389281898032417,19.337371826171875,7.595717906951904,2.879676580429077
9.39,1.8576311219451391,1.6527987921699936,4.034014579329822,3.3130842480243103,26.29444694519043,18.255294799804688,-135.8013916015625,-0.3618769943714142,-1.1904997825622559,32.63447189331055,-0.012807216668601296,0.9980516664162309,-0.06106428059830027,0.03497083134246015,-0.06058484934031308,-0.9975502578745739,-0.9993062674457819,-0.01491131094827064,-0.03412677320496735,19.362592697143555,7.988239765167236,2.798578977584839
9.4,2.4716151277628002,2.662106226972816,0.8160554550718357,4.07572904601097,26.29087257385254,18.24390411376953,-135.47470092773438,-0.34921029210090637,-1.0872122049331665,32.709930419921875,0.026964964083205062,0.9675478124543642,-0.251245141896846,0.10939004743740477,-0.25268318833144476,-0.9613454237974497,-0.9936330853155173,-0.001561073166261695,-0.1126536942001273,19.308744430541992,8.010538101196289,2.718095302581787
9.41,1.0901291882071737,3.626740537531348,1.6290184410720228,2.5689952031923413,26.28752326965332,18.233530044555664,-135.14720153808594,-0.3179532289505005,-0.9905179142951965,32.78899383544922,0.07962846903943255,0.9009244578043228,-0.4266080499104803,0.1750291821254749,-0.43395468495869693,-0.8837692667245707,-0.9813379093477044,-0.004295664370595642,-0.1922432182020779,18.907461166381836,8.249929428100586,2.6309032440185547
9.42,1.0901291882071737,3.626740537531348,1.6290184410720228,2.5689952031923413,26.284555435180664,18.224042892456055,-134.81890869140625,-0.2736492455005646,-0.9098770022392273,32.864933013916016,0.1445579028745467,0.804681022115297,-0.5758397914038195,0.23208062038719468,-0.593291620308435,-0.7708071347052303,-0.9618947958884113,-0.022214993118904902,-0.2725158632511493,18.183189392089844,8.735942840576172,2.5451128482818604
9.43,3.2625325593943115,1.3893755140555422,2.501938860901042,2.629637291251223,26.282079696655273,18.21528434753418,-134.4899139404297,-0.21940766274929047,-0.844234824180603,32.93217086791992,0.22060950426390938,0.6868314859390915,-0.6925272244115255,0.2786112856695032,-0.7248123494247951,-0.6300974604129863,-0.9347230595882494,-0.053940411974770563,-0.3512594964267492,17.407289505004883,9.242405891418457,2.46553635597229
9.44,0.15266310294022956,3.986309622686066,0.009763464929629793,3.058699570619624,26.28020668029785,18.207124710083008,-134.16030883789062,-0.153352752327919,-0.7893180251121521,32.988182067871094,0.3053815845362155,0.5542262247175206,-0.774322529480781,0.3118407633187824,-0.8265340894180222,-0.46861149939227953,-0.8997207489876566,-0.09836000643191103,-0.42523861886687225,17.027788162231445,9.656092643737793,2.378779172897339
9.45,1.847275785099409,1.4393689327992765,0.8539892399809528,3.177686084176957,26.279010772705078,18.199432373046875,-133.83023071289062,-0.08766071498394012,-0.752254843711853,33.02432632446289,0.395644315610416,0.4116257992270492,-0.8209931649751165,0.32915414577663304,-0.8981032320302161,-0.2916644183559851,-0.8573932142507432,-0.15483793471747503,-0.49081777690830053,16.35236930847168,10.091296195983887,2.289287567138672
9.46,1.847275785099409,1.4393689327992765,0.8539892399809528,3.177686084176957,26.2784366607666,18.192020416259766,-133.49990844726562,-0.027524396777153015,-0.7322402000427246,33.03721618652344,0.4885840434830653,0.27023730433679916,-0.8296128204159566,0.32919807621982433,-0.9376482994962743,-0.1115539917031744,-0.8080311003092052,-0.2186034441552223,-0.5470815982434154,15.490679740905762,10.456655502319336,2.1981189250946045
9.47,0.9234222492553972,0.13863002294922736,0.6847328382714954,0.24215897035575387,26.278457641601562,18.18474578857422,-133.1695556640625,0.031428080052137375,-0.724909782409668,33.031089782714844,0.5795946218591896,0.1342396146292724,-0.803772231528365,0.31120207983224135,-0.9480442507196363,0.06607090271466523,-0.7531423104699339,-0.2884299300378307,-0.5912569962701346,14.912269592285156,10.68716049194336,2.1025795936584473
9.48,1.007054004801286,1.8540400191691186,1.3115209509897876,2.405962988345734,26.27899169921875,18.177494049072266,-132.8394012451172,0.06796571612358093,-0.7260841131210327,32.993980407714844,0.6650692630837534,0.006892922943959601,-0.7467498663639129,0.2753634037909691,-0.9317591137568271,0.2366430852227544,-0.6941598311296073,-0.36301162728538144,-0.6215824058817416,14.622984886169434,10.94089126586914,2.01182222366333
9.49,1.007054004801286,1.8540400191691186,1.3115209509897876,2.405962988345734,26.279808044433594,18.17020034790039,-132.50973510742188,0.0995999351143837,-0.7354462146759033,32.944583892822266,0.7421643004918834,-0.10944420480563197,-0.6612216852991566,0.2221882373304648,-0.890608199121468,0.39679897032325695,-0.6323168021390662,-0.4414057109871584,-0.6366603961615223,14.32392692565918,11.163368225097656,1.9247515201568604
9.5,1.1919711819982861,2.2003701375723668,2.4186732210735524,2.0904464383532098,26.280990600585938,18.162738800048828,-132.18051147460938,0.13761849701404572,-0.7585073709487915,32.9004020690918,0.8074745182286445,-0.20972899749920307,-0.5513607258586685,0.15316626618776633,-0.8280685640592584,0.5392981996251573,-0.5696709553009675,-0.519919417626248,-0.6365208573657788,13.83378791809082,11.308972358703613,1.8395240306854248
9.51,2.165141603129197,1.1912277087405019,0.8277464941310088,1.3776485661381235,26.28254508972168,18.154987335205078,-131.85171508789062,0.17261531949043274,-0.7947993278503418,32.86240768432617,0.8584121058410711,-0.2912277940201523,-0.4222736417723148,0.07061073712265978,-0.7482861438159077,0.6596074368714417,-0.5080775337962624,-0.5960320620262589,-0.6217740752783391,13.421422004699707,11.40842342376709,1.7594201564788818
9.52,2.165141603129197,1.1912277087405019,0.8277464941310088,1.3776485661381235,26.284408569335938,18.14682960510254,-131.52325439453125,0.19662615656852722,-0.8353015780448914,32.82789611816406,0.8932260509396924,-0.35303975717381725,-0.2784064506747893,-0.023086104422106568,-0.6544174868817597,0.7557809104799968,-0.44901475889473097,-0.6686558776515865,-0.5926930601725423,13.189369201660156,11.63265609741211,1.6777135133743286
9.53,1.7786282916390914,0.8611292700540862,3.6186335931342484,4.126803248208912,26.28644371032715,18.13828468322754,-131.19512939453125,0.20863668620586395,-0.8745837211608887,32.79961395263672,0.9108158934828253,-0.394227873154843,-0.12246955624518185,-0.12662024537991404,-0.5491639999645365,0.8260667131672123,-0.39291439479740753,-0.736887566166481,-0.5501045293307693,13.054083824157715,11.98824405670166,1.5901466608047485
9.54,1.2576494168650088,0.12496131266532286,3.200308130503704,0.7279648023855368,26.28856086730957,18.12926483154297,-130.86721801757812,0.21282711625099182,-0.935748279094696,32.798362731933594,0.909533147899469,-0.41371325930585173,0.03988473325235628,-0.23638872214905443,-0.4359762710790851,0.8683576815441395,-0.34186228939855257,-0.7992283967243062,-0.49433201894746337,12.937012672424316,11.911783218383789,1.5012691020965576
9.55,1.631514898143056,1.649747164376773,2.4838607975800655,2.5335646608844846,26.29066276550293,18.11957359313965,-130.53915405273438,0.2060791403055191,-0.9970366358757019,32.81303787231445,0.8894394368867773,-0.4112798630273382,0.19936489755908865,-0.3449447868599088,-0.31787837833121296,0.8831570815023168,-0.2998509331796452,-0.854284619349858,-0.4246024105131337,13.083711624145508,11.598346710205078,1.420014500617981
9.56,1.631514898143056,1.649747164376773,2.4838607975800655,2.5335646608844846,26.292648315429688,18.109331130981445,-130.2108917236328,0.18826444447040558,-1.0548356771469116,32.84328079223633,0.8520749107949941,-0.38686071312065123,0.35257216997018304,-0.44973750006743735,-0.19651243819252112,0.8712743785218994,-0.26777701063906556,-0.9009559646727533,-0.3414290882361872,13.187868118286133,11.445130348205566,1.3414605855941772
9.57,0.23389658590538526,0.6690623385607071,2.095539381814385,3.7926752770978376,26.294384002685547,18.098453521728516,-129.88221740722656,0.1564200073480606,-1.120736002922058,32.89341735839844,0.7989040680382085,-0.3418470058081185,0.49486656251157846,-0.5488548757775887,-0.07784922344590844,0.8322847011353968,-0.24598905546216768,-0.9365255591968077,-0.24981845721230722,13.068657875061035,11.349568367004395,1.2621113061904907
9.58,1.586521987255509,1.6300917283515406,2.502936606799449,1.4631634808845617,26.29575538635254,18.086944580078125,-129.55299377441406,0.11698982119560242,-1.1789242029190063,32.95356369018555,0.7323037040194447,-0.2788093859645976,0.6212862555838858,-0.6391863237188278,0.03326857883809681,0.7683319889428677,-0.2348874808290374,-0.9597700391031891,-0.15384844292241373,12.766804695129395,11.02305793762207,1.1823006868362427
9.59,1.586521987255509,1.6300917283515406,2.502936606799449,1.4631634808845617,26.29670524597168,18.07490348815918,-129.22312927246094,0.07160968333482742,-1.228859305381775,33.018699645996094,0.656193560626309,-0.20141553196921735,0.7272150950538109,-0.7172395679131183,0.13297310978305266,0.6840216036752254,-0.23447262785316625,-0.9704380122172569,-0.057207090744497924,12.567686080932617,10.769767761230469,1.1092039346694946
9.6,3.913903847129739,2.6079724496030936,2.3123300405350022,1.9138915761387436,26.297163009643555,18.062387466430664,-128.89260864257812,0.01878226548433304,-1.2732925415039062,33.083370208740234,0.571476847900433,-0.11100989371942394,0.8130750370108453,-0.7835204934040071,0.22072673199463827,0.5808402071128586,-0.2439464054453901,-0.9689976848679099,0.03916169034789013,12.582385063171387,10.753859519958496,1.041218638420105
9.61,1.6324141527405396,0.49095842254713046,2.9409454078589214,1.5069139418695279,26.297014236450195,18.0494327545166,-128.5614776611328,-0.05379967391490936,-1.3189551830291748,33.139339447021484,0.4790885227044692,-0.009345194915240274,0.8777168420081989,-0.8374300760778814,0.29477560782909334,0.46023712226327684,-0.26303052121957865,-0.9555208047766333,0.13339766319532004,12.687477111816406,10.977938652038574,0.9691662788391113
9.62,1.6324141527405396,0.49095842254713046,2.9409454078589214,1.5069139418695279,26.29608917236328,18.036056518554688,-128.22987365722656,-0.12738050520420074,-1.3523728847503662,33.18132781982422,0.37975950351983645,0.1018615204573668,0.9194601405914673,-0.8779156448772358,0.353010806885604,0.32349264396854804,-0.29162791355793477,-0.930057848132087,0.22348503118051877,12.921250343322754,11.073172569274902,0.8933144807815552
9.63,2.7626783839452735,1.540560123271447,0.9528239403073986,1.3019198393111808,26.294506072998047,18.022438049316406,-127.89791870117188,-0.1888781040906906,-1.3688113689422607,33.20680618286133,0.2790095936089699,0.22055591168695304,0.9346168929000239,-0.9022743822457109,0.3933699302306071,0.1765248909742998,-0.32871657368815244,-0.8925330177703819,0.3087559333396156,13.234513282775879,10.888312339782715,0.8180056214332581
9.64,0.6192606808841304,0.7081332662919974,1.608681570520384,0.3686300675852997,26.292316436767578,18.008716583251953,-127.56581115722656,-0.24847884476184845,-1.3742135763168335,33.20967483520508,0.17997344983748248,0.34303816661026876,0.9219188541310246,-0.9100417917668108,0.41384023857082264,0.023668421525268435,-0.3734079466099354,-0.8432443733511126,0.38665932320356844,13.434046745300293,10.96473503112793,0.7384798526763916
9.65,1.7790113482457646,0.4064062568416769,0.39080319068511377,1.9411941727244648,26.28958511352539,17.994993209838867,-127.2337875366211,-0.2922711968421936,-1.3695794343948364,33.19382095336914,0.08271082293205612,0.46405716124636787,0.8819352985711961,-0.9010957403860519,0.4128139375875147,-0.13270689353460363,-0.42565876759208804,-0.7837318444656017,0.452304111790431,13.540660858154297,11.122062683105469,0.6591691374778748
9.66,1.7790113482457646,0.4064062568416769,0.39080319068511377,1.9411941727244648,26.286497116088867,17.981351852416992,-126.9020004272461,-0.32592248916625977,-1.3575650453567505,33.158382415771484,-0.008860414303987152,0.5792130998186215,0.8151280132941487,-0.8751852729294872,0.3898220248770281,-0.2865126994883701,-0.483706761484374,-0.7159266540081307,0.5034647902038648,13.554997444152832,11.167652130126953,0.5752720236778259
9.67,3.651755308631739,0.7154586839736403,2.40371538293977,2.0493765390645198,26.283069610595703,17.96786880493164,-126.5706787109375,-0.358932226896286,-1.3377658128738403,33.10205078125,-0.09185064144214111,0.6837844315780175,0.7238800389554852,-0.8329008274461984,0.34566025736621275,-0.4321981005476097,-0.5457468930796633,-0.642617956183183,0.5377755024960169,13.4829740524292,11.214971542358398,0.4841862618923187
9.68,0.24179002525714588,1.0300796917489055,3.764590827552836,1.9631175166209844,26.27928352355957,17.95465087890625,-126.24003601074219,-0.4013422727584839,-1.3011702299118042,33.021392822265625,-0.16382283924409763,0.774880308871608,0.6105101016895987,-0.7753355019990963,0.28150100946841017,-0.5653424104098999,-0.6099319115129264,-0.5659661549874759,0.5546759186469884,13.677933692932129,11.256353378295898,0.39245158433914185
9.69,0.24179002525714588,1.0300796917489055,3.764590827552836,1.9631175166209844,26.275053024291992,17.941890716552734,-125.91028594970703,-0.44214922189712524,-1.2506864070892334,32.929386138916016,-0.22188419150624972,0.8509257518838466,0.476122642121259,-0.7046748717707622,0.19755888119899756,-0.6814717995297095,-0.6739441598934426,-0.48671948105691326,0.5557908024654701,13.954703330993652,10.984434127807617,0.30993881821632385
9.7,0.0265792944804732,0.7889214527805531,2.263240009593373,2.439701640465061,26.27048110961914,17.92965316772461,-125.58143615722656,-0.4700218141078949,-1.1960200071334839,32.841896057128906,-0.26262484811820547,0.9080314944201936,0.3263540934198923,-0.6261547239165578,0.09695599869739654,-0.7736470745976941,-0.7341378963572642,-0.40752710272768444,0.543105155264163,14.110672950744629,10.418429374694824,0.2390243113040924
9.71,4.1025746918931745,0.6177252497746097,1.8340239793101878,1.7868284783254889,26.26569366455078,17.917964935302734,-125.25341033935547,-0.4853150248527527,-1.1421996355056763,32.76641845703125,-0.28585062652752224,0.9435485974798076,0.1673483298623294,-0.5442226238647515,-0.01610611730645317,-0.8387862234557003,-0.7887402328952088,-0.33084231467452707,0.5181044371873424,14.104758262634277,9.843501091003418,0.1692660003900528
9.72,4.1025746918931745,0.6177252497746097,1.8340239793101878,1.7868284783254889,26.260805130004883,17.906835556030273,-124.92607879638672,-0.49115893244743347,-1.0796146392822266,32.700706481933594,-0.292975609352801,0.9561093858026769,0.0044871710890665994,-0.461040616414646,-0.13715971035328545,-0.8767147562758402,-0.8376197480601553,-0.25892480807336793,0.4809897103097024,14.311441421508789,9.640274047851562,0.09153065830469131
9.73,0.37707739180946404,2.671509315612947,2.873574279532828,2.492707347491667,26.255908966064453,17.896406173706055,-124.59935760498047,-0.48579156398773193,-1.005761981010437,32.64786148071289,-0.2848732290048413,0.94471952526683,-0.16233379800882763,-0.37540379075682984,-0.2657771808521279,-0.8879383334577339,-0.8819973000422153,-0.19200913706881473,0.43036409469231,14.829936981201172,9.755261421203613,0.0040550846606493
9.74,2.281877477052707,2.493728813456905,3.4586638442922073,0.046896325892316834,26.25113296508789,17.886722564697266,-124.27305603027344,-0.46704989671707153,-0.9307947158813477,32.617149353027344,-0.26127294133982915,0.9078081347371476,-0.32805615468802796,-0.28931503131028075,-0.3978851608483978,-0.8706228870381115,-0.9208872150168911,-0.13255862582912414,0.3665991652155373,14.974185943603516,9.66367244720459,-0.0752362534403801
9.75,3.0027883910757085,2.185144964670848,2.9454272430488837,2.002756072837358,26.246610641479492,17.87778091430664,-123.94694519042969,-0.4354378581047058,-0.8587597608566284,32.6114616394043,-0.22321543151942816,0.8465366840648378,-0.4832706422534938,-0.2072282586064897,-0.5256577919030267,-0.8250698968248426,-0.9524869132783491,-0.08402099942361596,0.29276125373645234,15.135148048400879,9.596736907958984,-0.14062760770320892
9.76,3.0027883910757085,2.185144964670848,2.9454272430488837,2.002756072837358,26.24247932434082,17.86955451965332,-123.62076568603516,-0.38724514842033386,-0.7852499485015869,32.62824249267578,-0.17107825810706606,0.7609381037644231,-0.6258637486246159,-0.1300619217295944,-0.647111473640871,-0.7512194334535984,-0.9766351038740402,-0.04711627024441328,0.20967577580445113,15.506604194641113,9.651077270507812,-0.21149437129497528
9.77,1.769472928684304,3.753467560904188,2.746780123064491,0.8705658459539418,26.238920211791992,17.862064361572266,-123.29430389404297,-0.32183340191841125,-0.71370929479599,32.6662712097168,-0.10624251255815159,0.6524835555593022,-0.7503184245705433,-0.060432958737786646,-0.7574313878483117,-0.6501119520516274,-0.9925020836368698,-0.023725564837776714,0.11990292552561205,15.825021743774414,9.654468536376953,-0.29023322463035583
9.78,3.246638850772091,2.9467120320453186,3.0177069817738604,2.1553432942737527,26.236066818237305,17.855236053466797,-122.96736907958984,-0.2479991465806961,-0.6551669836044312,32.72346878051758,-0.03038313980161709,0.5243130483255498,-0.8509833677407362,-0.0007184739977324495,-0.8513876623598869,-0.5245364927023493,-0.9995380676146907,-0.015325656166600865,0.026244535662746114,15.996711730957031,9.756508827209473,-0.36411789059638977
9.79,3.246638850772091,2.9467120320453186,3.0177069817738604,2.1553432942737527,26.234010696411133,17.84893035888672,-122.6397933959961,-0.15989892184734344,-0.6064438819885254,32.79336929321289,0.05526800149571299,0.3815725023471799,-0.9226851431897998,0.04741810933826224,-0.9240579496886299,-0.3792999189612756,-0.9973449608422627,-0.022788836516088484,-0.06916428278228959,16.1384220123291,9.892474174499512,-0.43962445855140686
9.8,2.9539162463247632,3.3690650321430198,2.073298063666708,0.9026035703396669,26.232919692993164,17.84306526184082,-122.31146240234375,-0.05717850849032402,-0.5695565342903137,32.87002182006836,0.14772150010998933,0.2284763008487777,-0.9622769551203609,0.081776065479324,-0.9724412908437018,-0.2183360047654906,-0.9856424470973111,-0.04643830113918712,-0.16233437919100932,16.361351013183594,9.97227954864502,-0.5220944285392761
9.81,0.11265307541059678,1.0895771977794844,4.066890699010893,1.6852740133737356,26.23284912109375,17.837478637695312,-121.98236846923828,0.040467988699674606,-0.5516546964645386,32.944618225097656,0.24422510183740803,0.0701960739027787,-0.9671745503481487,0.10069469593562592,-0.993820602878322,-0.04670318516975662,-0.9644763749532385,-0.08598325710976741,-0.24978431026358744,16.571504592895508,10.194975852966309,-0.6054685711860657
9.82,0.11265307541059678,1.0895771977794844,4.066890699010893,1.6852740133737356,26.23366355895996,17.831979751586914,-121.65260314941406,0.11834569275379181,-0.5508192181587219,33.006656646728516,0.34151824473027786,-0.08713989989805496,-0.9358268677282714,0.10293973572174858,-0.9862347569067406,0.12940021282300684,-0.9342209049929718,-0.14052630399629767,-0.3278470048044568,16.813234329223633,9.999468803405762,-0.6860153675079346
9.83,0.6919817631673153,2.485372169315369,2.030235849057656,4.03585360253152,26.235172271728516,17.826425552368164,-121.3222885131836,0.18207842111587524,-0.5621805191040039,33.05289077758789,0.43027486509331553,-0.23793891880671944,-0.8707747190783727,0.08911159891697054,-0.9487281241110115,0.30327226951909486,-0.8982887416679507,-0.2080865623674218,-0.38701074811265773,17.102304458618164,9.295259475708008,-0.7600693702697754
9.84,1.903197227835598,0.2916293349150064,3.4581711558410686,0.3450493775541114,26.23731231689453,17.820688247680664,-120.9915542602539,0.24796205759048462,-0.5887817144393921,33.090946197509766,0.5066392705507219,-0.375508798312828,-0.7760862013497524,0.06194039425134881,-0.8819875044936305,0.4671845775248641,-0.8599302512970571,-0.2847651388543796,-0.42359034289915765,16.992849349975586,8.625520706176758,-0.8350338339805603
9.85,0.24722993888895387,3.8062210020899445,0.5748983495953641,2.837900834330601,26.24008560180664,17.814619064331055,-120.66049194335938,0.30186715722084045,-0.6241940855979919,33.11851501464844,0.5705817476920355,-0.4928030388563398,-0.6569487301872642,0.024001760756058838,-0.7895980471348857,0.6131548250168006,-0.8208899954813135,-0.3656228779148418,-0.4387020930699529,17.173646926879883,8.133330345153809,-0.9070868492126465
9.86,0.24722993888895387,3.8062210020899445,0.5748983495953641,2.837900834330601,26.24330711364746,17.80817985534668,-120.3292007446289,0.3423265516757965,-0.6663455963134766,33.14060592651367,0.622634823912018,-0.5886305717711097,-0.5155966699159985,-0.023228337747037475,-0.6725116647832395,0.7397219106231647,-0.7821677060436337,-0.44860016797465896,-0.43240209171042154,17.099267959594727,7.882155895233154,-0.974951446056366
9.87,2.6321834448519055,2.360269534106289,3.2958711446403397,3.7423356873952316,26.24690055847168,17.80125617980957,-119.99766540527344,0.3751019537448883,-0.7198759317398071,33.16677474975586,0.6633073226599013,-0.6557010564656323,-0.36066538544141924,-0.0790560391763317,-0.5406498459788389,0.8375248573701012,-0.7441596188826052,-0.5270235939622739,-0.41045413024062083,16.34286117553711,7.784654140472412,-1.0394214391708374
9.88,1.8493583786246917,3.7364218892052783,2.4370250225061167,2.2906688527147794,26.250791549682617,17.793699264526367,-119.66581726074219,0.4028981029987335,-0.799022912979126,33.20705795288086,0.6921487266661593,-0.6935582987800237,-0.199767430698234,-0.1411067155426619,-0.4014711457847927,0.9049363590501867,-0.7078269809799403,-0.5981620226122728,-0.3757434759263535,15.935083389282227,7.5173258781433105,-1.1038089990615845
9.89,1.8493583786246917,3.7364218892052783,2.4370250225061167,2.2906688527147794,26.254911422729492,17.78522491455078,-119.33348083496094,0.4180099666118622,-0.8944236636161804,33.258670806884766,0.7088499883424859,-0.7044012045454897,-0.036751014431173845,-0.20566726864517457,-0.2562428920605509,0.944478985936944,-0.6747093215858893,-0.661935437413127,-0.3265100428192082,15.802757263183594,7.2739458084106445,-1.1629760265350342
9.9,2.219270806502753,3.8510691424875647,3.208742878784161,0.06270975195378427,26.259096145629883,17.77581214904785,-119.0006103515625,0.4159180223941803,-0.9888119697570801,33.31612014770508,0.7139778830361976,-0.6890054465560048,0.12452741525989403,-0.2723483122561783,-0.10944497121228014,0.9559540758255882,-0.6450286655229835,-0.7164448987134346,-0.2657907593599437,15.614239692687988,7.189373016357422,-1.2157552242279053
9.91,3.6168044668857813,2.7276384541551337,3.6486354443744813,1.26563400835656,26.263181686401367,17.765464782714844,-118.6671371459961,0.39878711104393005,-1.0787546634674072,33.37910079956055,0.7076659838054711,-0.6485050770565747,0.2804461096119558,-0.340314124657186,0.03499641958223748,0.9396603360657709,-0.6191891083695257,-0.7604054284710693,-0.195929661940916,15.674544334411621,7.257809162139893,-1.2617897987365723
9.92,3.6168044668857813,2.7276384541551337,3.6486354443744813,1.26563400835656,26.267019271850586,17.754228591918945,-118.3330078125,0.3651462495326996,-1.1708500385284424,33.447509765625,0.6895630632553129,-0.5830248335992949,0.42963336136811364,-0.4089887015979955,0.17609063403685382,0.8953883685695749,-0.5976880655987163,-0.7931419368631403,-0.11702497267613976,16.111454010009766,7.349809169769287,-1.3110668659210205
9.93,2.9088499250939988,1.8822112803588518,3.806131617644183,2.523196933626269,26.27042579650879,17.742050170898438,-117.9981918334961,0.31339848041534424,-1.2646474838256836,33.5172004699707,0.6600140084233149,-0.4918883524411266,0.5678268727506142,-0.4756315486844893,0.3114609513531257,0.8226583164827301,-0.5815119419074577,-0.8130423878955879,-0.028389027881519313,16.712745666503906,7.355154514312744,-1.3680682182312012
9.94,2.172441013125203,0.43144223261590753,0.6221193202109147,1.100408971440663,26.273239135742188,17.72896957397461,-117.6626968383789,0.2470167875289917,-1.3500243425369263,33.580928802490234,0.6202907127537995,-0.37577446064943043,0.6885005347819365,-0.5372549131717,0.4359931743649269,0.7219883033540523,-0.5714862989995927,-0.8177429343203301,0.06855584165425993,17.26432228088379,7.124413013458252,-1.429925560951233
9.95,0.7688913014314144,2.182201765578211,0.2597738956477941,1.5695467445889526,26.27540397644043,17.715166091918945,-117.32660675048828,0.1921129673719406,-1.4017895460128784,33.63469314575195,0.5733676994021861,-0.23789605827615806,0.7839993282770787,-0.5905434887923777,0.543285636253436,0.5967404002458906,-0.5678977629179136,-0.805137368960953,0.17101446715252833,17.667652130126953,6.850888729095459,-1.4980442523956299
9.96,0.7688913014314144,2.182201765578211,0.2597738956477941,1.5695467445889526,26.277124404907227,17.701011657714844,-116.99003601074219,0.15226973593235016,-1.4270603656768799,33.67442321777344,0.5203263019652796,-0.08424695845906416,0.8498017353909872,-0.635156654672637,0.6269939824340195,0.45105938635238835,-0.5708209557367365,-0.7744552898534074,0.272731443933173,17.676570892333984,6.709280490875244,-1.5655579566955566
9.97,2.8988430410293846,0.29828452848707687,1.1918821857856456,3.922283349339901,26.278446197509766,17.6866512298584,-116.65318298339844,0.11146366596221924,-1.4432010650634766,33.69091033935547,0.4625768649747326,0.07605923379318036,0.8833106118149732,-0.6704397689129934,0.6819266488798916,0.29238085061667896,-0.5801147819613286,-0.7274551797205344,0.36643662650958475,17.387121200561523,6.593021869659424,-1.6277302503585815
9.98,3.778616405112958,1.3423161734023215,1.0390495680796956,1.9041511266576852,26.27930450439453,17.672161102294922,-116.31632232666016,0.05508708581328392,-1.4542232751846313,33.67237854003906,0.40267417050711585,0.23653305967700816,0.8842542756957632,-0.6956541530154812,0.7069380005548652,0.12768697178570104,-0.5949107595250898,-0.6665514046578267,0.44921087826315886,17.2596378326416,6.261071681976318,-1.6975294351577759
9.99,3.778616405112958,1.3423161734023215,1.0390495680796956,1.9041511266576852,26.279516220092773,17.657602310180664,-115.9798583984375,-0.013009710237383842,-1.4551328420639038,33.61566162109375,0.3441185639671037,0.39390481941519007,0.8523035886201024,-0.7106905371387803,0.7024925365592585,-0.0377252766713605,-0.6135970781829149,-0.5927421271683204,0.5216851505701159,17.445579528808594,6.006390571594238,-1.7698262929916382
