time,FL,FR,BL,BR,x,y,z,vx,vy,vz,r1x,r1y,r1z,r2x,r2y,r2z,r3x,r3y,r3z,wx,wy,wz
0.0,1.2479852547077812,1.2203867970119227,1.0672335055564217,1.205812800699592,-31.540664672851562,-31.724557876586914,-350.0,0.0,0.0,0.0,-0.5547964547531978,-0.3126479306546229,0.7710072407251861,-0.6021359343911037,-0.488614883084044,-0.6314173045963489,0.5741369264454564,-0.8145592473762411,0.08282525101450955,0.0,0.0,0.0
0.01,1.2479852547077812,1.2203867970119227,1.0672335055564217,1.205812800699592,-31.540721893310547,-31.72451400756836,-349.9995422363281,-0.01680746302008629,0.013764716684818268,0.09135761111974716,-0.5548308625227222,-0.3126704085618261,0.7709733650406304,-0.6021069991516033,-0.48859754553387946,-0.6314583122193579,0.5741340223022354,-0.8145610192662361,0.0828279561923805,-0.00846235454082489,0.013417879119515419,-0.0003186723333783448
0.02,1.2086108077985673,1.2119760692443762,1.18341811547652,1.204184314532815,-31.541048049926758,-31.7242488861084,-349.9981689453125,-0.049223944544792175,0.04031924903392792,0.18594078719615936,-0.5550297761433378,-0.3128003467822056,0.7707774585749171,-0.6019393971748733,-0.48849765981836213,-0.6316953367571536,0.5741175051529314,-0.8145710401216799,0.08284389459735779,-0.02478749491274357,0.039298053830862045,-0.0009331525070592761
0.03,1.2086108077985673,1.2119760692443762,1.18341811547652,1.204184314532815,-31.541711807250977,-31.723705291748047,-349.995849609375,-0.08403034508228302,0.0688546821475029,0.2802638113498688,-0.5554061146040101,-0.31304769023181245,0.7704058615437739,-0.6016221186819294,-0.48830712004224774,-0.6321447483201238,0.574086120867892,-0.8145902651987521,0.08287234563039138,-0.03560135141015053,0.055742207914590836,-0.0013028009561821818
0.04,0.9677964419631974,1.096399230591727,1.0858126114400892,1.0704696681751986,-31.5427303314209,-31.72287368774414,-349.9925537109375,-0.1193300113081932,0.09783151745796204,0.374526709318161,-0.5558574934891011,-0.31334912388088754,0.7699576439617277,-0.6012413043244732,-0.4880740445503927,-0.6326868269613553,0.5740482043402109,-0.8146140519284588,0.08290117908979333,-0.040397368371486664,0.062069907784461975,-0.0014125930611044168
0.05,1.0509157057362115,1.0777714669481275,1.0389347043528538,1.1744231333529227,-31.544092178344727,-31.72175407409668,-349.98834228515625,-0.15259665250778198,0.12517952919006348,0.46899890899658203,-0.5563281912163296,-0.3137004542896487,0.7694744756237435,-0.6008442241275527,-0.4877993152247659,-0.6332756480386789,0.5740079807725031,-0.8146433901068107,0.08289140464943344,-0.051169704645872116,0.05839719623327255,-0.0011767008109018207
0.06,1.0509157057362115,1.0777714669481275,1.0389347043528538,1.1744231333529227,-31.545774459838867,-31.72037124633789,-349.9831848144531,-0.1843486875295639,0.15132386982440948,0.5636281967163086,-0.5567314700918378,-0.3141736867382342,0.7689895739024603,-0.6005039138067181,-0.48742109798050204,-0.63388936159735,0.5739731001642806,-0.8146874049626569,0.08270013593106709,-0.07187394052743912,0.04707605764269829,-0.001132660312578082
0.07,1.164626479794785,1.1788125555380278,1.1841940504395643,1.114397284276976,-31.54777717590332,-31.718727111816406,-349.9770812988281,-0.21621111035346985,0.1776016354560852,0.6582471132278442,-0.5570434180041496,-0.3148289093611173,0.7684955356335804,-0.600236834625993,-0.48689433175594055,-0.6345468084090442,0.573949799909733,-0.8147494507727056,0.08224937476450477,-0.09692750871181488,0.03508954122662544,-0.001497892546467483
0.08,1.0699019455662613,1.1869984656945782,1.2542877469203455,0.9586341577312372,-31.55010223388672,-31.716815948486328,-349.9700012207031,-0.24912899732589722,0.20479650795459747,0.7527644038200378,-0.5572847302421297,-0.31563784601425404,0.7679885934064639,-0.6000256300593527,-0.48624252393302136,-0.6352459769184865,0.5739363838535014,-0.8148257225215264,0.0815847363569864,-0.10594580322504044,0.031914304941892624,-0.0015507095959037542
0.09,1.0699019455662613,1.1869984656945782,1.2542877469203455,0.9586341577312372,-31.552759170532227,-31.714630126953125,-349.9620056152344,-0.2824002206325531,0.23233160376548767,0.8472599983215332,-0.5575436919096025,-0.31641243391917706,0.7674817282992171,-0.5998022351202889,-0.4856140458759431,-0.6359373217485381,0.5739183830097417,-0.8149000982386371,0.08096616289625928,-0.09020807594060898,0.036935508251190186,-0.0006375820375978947
0.1,1.1539134104969917,1.133082330927857,1.1160545912228235,0.992186475904528,-31.555747985839844,-31.712169647216797,-349.95306396484375,-0.315218448638916,0.2595381438732147,0.9418137073516846,-0.5578505774827996,-0.31700411961668074,0.7670144205607615,-0.599548581934629,-0.4851222041913144,-0.6365516042715913,0.5738852072516619,-0.8149630882111252,0.08056633137423688,-0.06363096088171005,0.04304118826985359,0.0009075762354768813
0.11,1.1626351721316386,1.024506888819129,1.2623453703041039,1.072269814558397,-31.559062957763672,-31.70943832397461,-349.94317626953125,-0.3476903438568115,0.28649845719337463,1.0364025831222534,-0.558233421853854,-0.3173826901452264,0.7665792031626714,-0.5992420113594064,-0.48479164086533943,-0.6370918903651379,0.573833127788271,-0.8150124495633615,0.08043785495311845,-0.038127873092889786,0.05855764076113701,0.0019459829200059175
0.12,1.1626351721316386,1.024506888819129,1.2623453703041039,1.072269814558397,-31.56270408630371,-31.706438064575195,-349.9323425292969,-0.3803326189517975,0.3136385977268219,1.1309590339660645,-0.5587221908167185,-0.31753703521417737,0.7661590858016089,-0.5988517897359553,-0.48464019957395915,-0.6375738473988377,0.5737648014814171,-0.8150423965808795,0.0806216122183549,-0.0008304603397846222,0.06028202548623085,0.002346007851883769
0.13,1.0884728272574915,1.0396528675400654,1.1924247228329559,1.2113853099444103,-31.56667137145996,-31.70316505432129,-349.9205627441406,-0.4133332669734955,0.34110724925994873,1.225448727607727,-0.5591271634620715,-0.3173405707537732,0.7659450223302762,-0.5985330910980629,-0.4847775922166985,-0.6377686296339593,0.5737028446325292,-0.8150372066588432,0.08111348730201602,0.04916156083345413,0.04238743335008621,0.002578773768618703
0.14,1.0884728272574915,1.0396528675400654,1.1924247228329559,1.2113853099444103,-31.57097053527832,-31.699615478515625,-349.9078369140625,-0.4464111030101776,0.368648886680603,1.3198881149291992,-0.55935903561972,-0.3168100349559331,0.7659953466058378,-0.5983595398345848,-0.4851915910031776,-0.6376166411792822,0.5736578513012098,-0.8149972526156305,0.0818299937031242,0.07815350592136383,0.012964402325451374,0.0025586995761841536
0.15,1.041598490223209,1.2449997561497785,1.2744412133914174,1.2470580760649144,-31.57560157775879,-31.695791244506836,-349.8941650390625,-0.47952884435653687,0.39620885252952576,1.4142751693725586,-0.5593222817995224,-0.31616254309010394,0.7662896524352746,-0.5984083996023999,-0.48570430415250543,-0.6371802854867883,0.5736427218817216,-0.8149432957418135,0.08247091825365466,0.08623731881380081,-0.025008246302604675,0.00232348102144897
0.16,1.1587913554266618,0.9987182562544961,1.129157296348196,0.9922525342345245,-31.58056640625,-31.69169044494629,-349.87957763671875,-0.5136346817016602,0.42455458641052246,1.5085124969482422,-0.5589954290055047,-0.31550823794727767,0.7667976670141582,-0.5986977811757945,-0.48622257178233647,-0.6365128258759215,0.5736593738152741,-0.8148878220201691,0.08290211310390723,0.07571490108966827,-0.06136368215084076,0.002632500370964408
0.17,1.1587913554266618,0.9987182562544961,1.129157296348196,0.9922525342345245,-31.58587074279785,-31.687305450439453,-349.864013671875,-0.5467968583106995,0.4520663022994995,1.6028183698654175,-0.5584510810681468,-0.31491344599379617,0.7674385392890629,-0.5991707191941906,-0.4866851760772194,-0.6357137631410872,0.5736957724387853,-0.8148417397992069,0.08310294680014081,0.08628752082586288,-0.07667268812656403,0.002983296988531947
0.18,1.2681215703603042,1.0200824678126663,1.225373889313809,1.2426234372143976,-31.59149742126465,-31.682653427124023,-349.8475036621094,-0.5783721804618835,0.478203147649765,1.6972670555114746,-0.5578772441263632,-0.31407907875016294,0.7681974438758716,-0.5996677398302739,-0.48734382138196447,-0.6347397904398894,0.5737347665017565,-0.8147701099403885,0.08353493673249607,0.12831570208072662,-0.07434745132923126,0.0029562863055616617
0.19,1.0796412457576225,1.1114950376584014,0.9827538638374534,0.9986017985792067,-31.597444534301758,-31.677738189697266,-349.8300476074219,-0.6114360094070435,0.5054981708526611,1.7915118932724,-0.5572941206658655,-0.3129129169590826,0.7690960729788041,-0.6001695091336854,-0.48827654847827695,-0.6335476087180599,0.5737768062387072,-0.814660370096827,0.08431285795304297,0.16967180371284485,-0.0843983143568039,0.002413921058177948
0.2,1.0796412457576225,1.1114950376584014,0.9827538638374534,0.9986017985792067,-31.603723526000977,-31.67254638671875,-349.8116760253906,-0.6440052390098572,0.5322991013526917,1.8857555389404297,-0.5566324975568301,-0.3115060645030349,0.7701455930156824,-0.6007293585164653,-0.48941093106928146,-0.6321401572169703,0.5738331643256971,-0.8145188225742428,0.08529119058981094,0.18567389249801636,-0.08113974332809448,0.0019748511258512735
0.21,1.0276329452602937,1.0104286875753912,1.1070111211603442,1.0769214395326365,-31.61031723022461,-31.667097091674805,-349.7923583984375,-0.6749037504196167,0.5576342940330505,1.9801218509674072,-0.5561098791497515,-0.3100768221913682,0.7710993234673154,-0.6011722490639091,-0.49056134891466774,-0.6308260377524559,0.5738760574091675,-0.8143721061595395,0.08639643188110031,0.1813662201166153,-0.05489411950111389,0.001974614802747965
0.22,1.11951689249559,1.2490659696883775,1.2466632990807218,1.1999549448102445,-31.617219924926758,-31.661394119262695,-349.7720642089844,-0.7057687044143677,0.5828613638877869,2.074425458908081,-0.5557423184692758,-0.3086745715786469,0.771926475982741,-0.6014873584936917,-0.491685749671054,-0.6296491730659982,0.573901936775505,-0.8142267082521629,0.0875867257874832,0.1814948320388794,-0.04987791180610657,0.0020274948328733444
0.23,1.11951689249559,1.2490659696883775,1.2466632990807218,1.1999549448102445,-31.624439239501953,-31.655431747436523,-349.7508544921875,-0.7388962507247925,0.609856367111206,2.168401002883911,-0.5553136165110196,-0.3072628184255676,0.7727977405056443,-0.6018525240293496,-0.4928127976551791,-0.6284179228720141,0.5739340786509837,-0.8140793001179014,0.08873875411901125,0.17804235219955444,-0.062461670488119125,0.0023971088230609894
0.24,1.2499760524614374,1.2277402255307035,1.0631706867137234,1.1038428855809421,-31.632001876831055,-31.649194717407227,-349.72869873046875,-0.774028480052948,0.6383964419364929,2.262073516845703,-0.5547949427992893,-0.305914907877487,0.7737044917684281,-0.6022938190271364,-0.49387850004898143,-0.6271572233109295,0.5739727580696143,-0.8139410889786045,0.08975063602160722,0.16624905169010162,-0.07380577176809311,0.00305894180200994
0.25,1.2499760524614374,1.2277402255307035,1.0631706867137234,1.1038428855809421,-31.639917373657227,-31.642671585083008,-349.7055969238281,-0.8088593482971191,0.6666015982627869,2.355710744857788,-0.5542597159959373,-0.3046469241825155,0.7745879025715771,-0.6027511181348396,-0.49487052749119537,-0.6259347015526349,0.5740098055010062,-0.8138141142833037,0.09066052383467874,0.15821467339992523,-0.05826568976044655,0.003302434692159295
0.26,1.1748305744451526,0.9967159909179771,1.2474406680795227,0.9883095641056004,-31.648178100585938,-31.635868072509766,-349.68157958984375,-0.8431902527809143,0.6943197250366211,2.4493372440338135,-0.5539694497392116,-0.303417960550864,0.7752776212240295,-0.6030093077839153,-0.4958284831365208,-0.6249271077785798,0.5740188354763271,-0.8136901477378793,0.09170997760718255,0.15458665788173676,-0.017901603132486343,0.00312262075021863
0.27,1.235543986485892,1.1845109189417642,1.2477825357585994,1.0182964745268477,-31.656780242919922,-31.6287899017334,-349.6566162109375,-0.8766182065010071,0.7212464809417725,2.542992353439331,-0.5539420735092874,-0.30212341744402404,0.7758025649791161,-0.6030542877655409,-0.4968384052571523,-0.6240810244424407,0.5739980010451499,-0.8135557999876063,0.09302287408319734,0.18633432686328888,0.0001543128746561706,0.003157560247927904
0.28,1.235543986485892,1.1845109189417642,1.2477825357585994,1.0182964745268477,-31.665712356567383,-31.621442794799805,-349.6307373046875,-0.9102576375007629,0.7482845783233643,2.6365294456481934,-0.5539763116758732,-0.3004472708164568,0.7764288013468709,-0.6030516239763812,-0.49814987130017807,-0.6230372737991406,0.5739677559945725,-0.8133745405301046,0.09477801377954766,0.2385069578886032,0.009747697971761227,0.0036270623095333576
0.29,0.9710469099080402,1.151106358019379,1.249060845217764,1.1138906046074901,-31.67498779296875,-31.61382293701172,-349.6039123535156,-0.9447282552719116,0.7759189009666443,2.7298526763916016,-0.5541405190912214,-0.2983942986098187,0.7771030354196706,-0.6029492949885419,-0.49975352136132867,-0.6218509190793017,0.573916747250097,-0.8131465184357037,0.09701704376944188,0.2840586304664612,0.030007533729076385,0.004302350338548422
0.3,1.0540727484992845,1.0119461788327777,0.9772213164974899,1.035722353526102,-31.68460464477539,-31.605926513671875,-349.5761413574219,-0.9786126017570496,0.8030063509941101,2.8231146335601807,-0.5544013510120975,-0.29605079331058004,0.7778130043758187,-0.6027758685444053,-0.5015764577991972,-0.6205500054646265,0.5738470129716622,-0.8128806706779208,0.09962239176869218,0.3038475215435028,0.02464783750474453,0.00526626268401742
0.31,1.0540727484992845,1.0119461788327777,0.9772213164974899,1.035722353526102,-31.694551467895508,-31.597768783569336,-349.5474548339844,-1.0104126930236816,0.8283481597900391,2.916503429412842,-0.5545492416804046,-0.29365817558281593,0.7786141627693786,-0.6026993351433697,-0.503423711168833,-0.6191268678152644,0.573784497846908,-0.8126065732852348,0.10218565008943331,0.30262577533721924,0.014492453075945377,0.005682406015694141
0.32,1.1490204928806818,1.1534244784495196,1.2432585112093855,1.1719055454679126,-31.704809188842773,-31.589365005493164,-349.517822265625,-1.0407941341400146,0.852477490901947,3.009946584701538,-0.5546954602517643,-0.2912789348831968,0.7794033156648704,-0.6026241930219226,-0.5052545095585569,-0.617707019998493,0.5737220828596018,-0.8123265738999633,0.10473064964559146,0.3002092242240906,0.01961917243897915,0.005392230581492186
0.33,0.9591723467349914,1.0172625900920118,0.9751528399557952,1.1891404759684518,-31.715375900268555,-31.580713272094727,-349.48724365234375,-1.0732858180999756,0.8781967759132385,3.1029746532440186,-0.5548618798421617,-0.28890188315993676,0.7801692099824655,-0.6025315646708655,-0.5070800596033648,-0.6162998675384626,0.5736584418217001,-0.8120378778476347,0.10728689140528214,0.30399414896965027,0.015488779172301292,0.005341738928109407
0.34,0.9591723467349914,1.0172625900920118,0.9751528399557952,1.1891404759684518,-31.726274490356445,-31.571800231933594,-349.45574951171875,-1.1058295965194702,0.9038729071617126,3.1958608627319336,-0.5549303466257836,-0.2865306276283115,0.780994564529558,-0.6025164976125804,-0.5088949132747773,-0.6148169136805904,0.5736080373377428,-0.811742672694976,0.1097618004023256,0.28779640793800354,-0.0040901098400354385,0.005149786360561848
0.35,1.1290891547430348,1.0869096173868897,1.2193240143140343,1.1024836470531707,-31.73748779296875,-31.562639236450195,-349.42333984375,-1.1367650032043457,0.9281931519508362,3.288844347000122,-0.554812812569206,-0.2844039047452208,0.7818549494469664,-0.6026446115492953,-0.5105156109116054,-0.613345973481647,0.5735871469791194,-0.8114728769227112,0.11184612125206783,0.2483839988708496,-0.02989571914076805,0.004590373020619154
0.36,1.1290891547430348,1.0869096173868897,1.2193240143140343,1.1024836470531707,-31.749013900756836,-31.553234100341797,-349.3899841308594,-1.1689239740371704,0.9533860683441162,3.3815433979034424,-0.5545022790001511,-0.282516000199057,0.7827591789402184,-0.6029203350464243,-0.5119479585143977,-0.6118793650389331,0.5735976744819891,-0.8112299288145544,0.11354166822971726,0.23864354193210602,-0.05092737823724747,0.0044244518503546715
0.37,1.066871228139129,1.1971483195435502,1.0913975653342045,1.0573473006757992,-31.7608699798584,-31.543569564819336,-349.355712890625,-1.2024059295654297,0.9795194268226624,3.4739480018615723,-0.5540528437507628,-0.28054787701759465,0.7837846228605239,-0.6033042259926849,-0.5134363402371482,-0.6102516984189812,0.5736283267334874,-0.810972264152606,0.1152151445953852,0.2590256631374359,-0.06683807075023651,0.004664840176701546
0.38,1.2133442254550413,1.133850998384603,1.0202935173268202,1.1204604941166616,-31.773061752319336,-31.533645629882812,-349.3205261230469,-1.2356497049331665,1.0053595304489136,3.566282033920288,-0.5535224706941847,-0.2784449209276916,0.7849084662851946,-0.6037518737021232,-0.5150198172335864,-0.6084720723729712,0.5736693729298963,-0.8106929220526441,0.11696339895866889,0.2641105055809021,-0.0668523758649826,0.005135288927704096
0.39,1.2133442254550413,1.133850998384603,1.0202935173268202,1.1204604941166616,-31.78558349609375,-31.52346420288086,-349.2843933105469,-1.2688044309616089,1.0310178995132446,3.6585216522216797,-0.5530812319296413,-0.27637173779790203,0.7859515337689456,-0.6041314555454536,-0.5165696613292744,-0.6067791768136825,0.5736953331758259,-0.81041621870538,0.11874012443799967,0.25743135809898376,-0.04640602692961693,0.005111788399517536
0.4,1.0916334216532513,0.9814456525014479,1.1565335590130357,1.1655282493438084,-31.798439025878906,-31.513025283813477,-349.2473449707031,-1.3021857738494873,1.0567481517791748,3.7506165504455566,-0.5528390810578157,-0.27433591353255293,0.7868346440017812,-0.6043531642212813,-0.5180889601927521,-0.6052611686058491,0.5736952181697833,-0.8101380350734391,0.12062404725622618,0.25367870926856995,-0.01817173883318901,0.004495094530284405
0.41,1.0659944510549269,0.9768691207376395,1.040860486879733,1.0176955528788645,-31.811626434326172,-31.502330780029297,-349.2093811035156,-1.335281252861023,1.0821681022644043,3.842637777328491,-0.5527400460947663,-0.2723043037353376,0.7876095527673398,-0.6044596311793355,-0.5196062209740676,-0.6038525725701518,0.5736784776490204,-0.8098516785759364,0.12261020752792542,0.25963646173477173,-0.020146433264017105,0.00390983559191227
0.42,1.0659944510549269,0.9768691207376395,1.040860486879733,1.0176955528788645,-31.82513999938965,-31.49138832092285,-349.1705017089844,-1.367024540901184,1.106465220451355,3.9347519874572754,-0.5525178844239493,-0.27017953285184754,0.7884966755920032,-0.6046565217989146,-0.5211942954611442,-0.6022848138752963,0.5736849989652179,-0.8095427884965187,0.12460335290656845,0.27513331174850464,-0.03501000255346298,0.0035254701506346464
0.43,1.2696945828802393,1.0842414450035052,1.047144453660068,1.2421235822732561,-31.838964462280273,-31.480205535888672,-349.13067626953125,-1.3977603912353516,1.1298986673355103,4.026909828186035,-0.552232889085173,-0.26792144209898683,0.7894662355517443,-0.6048983687721355,-0.5228809076064965,-0.6005776551932447,0.5737044532417825,-0.8092055717332931,0.12668679097025762,0.29262611269950867,-0.03899827226996422,0.003250868758186698
0.44,0.9970695370451341,1.2421967422564142,1.082201277045374,1.1903096866477112,-31.85310173034668,-31.468786239624023,-349.0899353027344,-1.4303470849990845,1.1546391248703003,4.118652820587158,-0.5519371762425365,-0.26554823483617906,0.7904742174522869,-0.6051440936848577,-0.5246524927960663,-0.5987824209854581,0.5737298836209842,-0.8088410825237945,0.12888026948291517,0.3010927736759186,-0.03594775125384331,0.0023886363487690687
0.45,0.9970695370451341,1.2421967422564142,1.082201277045374,1.1903096866477112,-31.867576599121094,-31.45711326599121,-349.04827880859375,-1.4642935991287231,1.1803027391433716,4.210046291351318,-0.5516725280832726,-0.2632239041843314,0.79143578262811,-0.6053588726730346,-0.5263887859882721,-0.5970389277608504,0.5737578383205268,-0.8084726478068082,0.13104930642321316,0.27473708987236023,-0.03429168835282326,0.0019598526414483786
0.46,1.204991432577941,1.0588641602900484,1.2200131885364935,1.2413594085793846,-31.882389068603516,-31.445186614990234,-349.0057373046875,-1.4980727434158325,1.2057363986968994,4.3013410568237305,-0.5513923386143216,-0.2612369134935086,0.792288939684137,-0.6055853560887969,-0.5278631526084028,-0.5955055571605716,0.5737881711992971,-0.8081557814844258,0.13285844890357112,0.2228253036737442,-0.038144487887620926,0.002374946605414152
0.47,1.204991432577941,1.0588641602900484,1.2200131885364935,1.2413594085793846,-31.897541046142578,-31.433000564575195,-348.9622802734375,-1.5326224565505981,1.2316582202911377,4.392394065856934,-0.5510481673848547,-0.2595792038520523,0.7930728555116029,-0.605861303385707,-0.5290821881863702,-0.5941414976280438,0.5738274987150456,-0.8078927373553108,0.13428077541843964,0.20384740829467773,-0.054047975689172745,0.002323431195691228
0.48,1.2015585129259285,1.2663493421586025,1.1237318508164587,0.9521237694088858,-31.913042068481445,-31.420551300048828,-348.91790771484375,-1.567911148071289,1.2580443620681763,4.483219146728516,-0.5505216025708242,-0.25789999633298544,0.7939858669990907,-0.6062698577621229,-0.5303170229794241,-0.592621898605963,0.5739014067520194,-0.8076208559897937,0.13559398326756997,0.21827301383018494,-0.08053651452064514,0.0017478595254942775
0.49,1.1599909397398815,1.1200740930117765,1.0248335960462533,1.1419929608098003,-31.928895950317383,-31.4078426361084,-348.87261962890625,-1.6026630401611328,1.2839263677597046,4.574035167694092,-0.5498832524929237,-0.2560852796285372,0.7950149295361549,-0.6067574396560271,-0.531651646644517,-0.5909246449778822,0.5739980993434265,-0.8073207888923384,0.13696468804909656,0.23596327006816864,-0.06799773126840591,0.0018762403633445501
0.5,1.1599909397398815,1.1200740930117765,1.0248335960462533,1.1419929608098003,-31.945093154907227,-31.394878387451172,-348.826416015625,-1.6364856958389282,1.3090111017227173,4.664907455444336,-0.5494875963514639,-0.2541666346782758,0.7959037022606507,-0.6070656817349243,-0.5330543568346072,-0.5893422695847932,0.5740510774448578,-0.8070020907506765,0.13861091590648492,0.2389654815196991,-0.0371895432472229,0.001956435153260827
0.51,1.0595898964315607,1.026597692231486,1.2053051217360256,0.9892620489144391,-31.961626052856445,-31.381664276123047,-348.7793273925781,-1.6699155569076538,1.3337119817733765,4.755734443664551,-0.5492708618370784,-0.25229207831760214,0.7966493755441841,-0.607238212874727,-0.5344227809330909,-0.5879235018643579,0.5740760168840546,-0.8066851916565264,0.14034147070845554,0.22882531583309174,-0.018983177840709686,0.0014310540864244103
0.52,1.2492183360580937,1.2690123549673442,0.9987449584453435,1.1495296839406506,-31.97848892211914,-31.368206024169922,-348.7313232421875,-1.702694296836853,1.3578513860702515,4.846561431884766,-0.549148192697363,-0.2504416400098009,0.797317532358609,-0.6073382980498168,-0.5357726526537171,-0.586590024114246,0.5740874969716483,-0.8063663247045979,0.14211578449710346,0.2417566180229187,-0.017766835168004036,0.001472494681365788
0.53,1.2492183360580937,1.2690123549673442,0.9987449584453435,1.1495296839406506,-31.995681762695312,-31.354503631591797,-348.6824035644531,-1.7363272905349731,1.3825395107269287,4.937117099761963,-0.5490488428347367,-0.24845201559226648,0.7980081228471152,-0.6074226156125581,-0.5372181030198702,-0.5851790117819762,0.5740933149098975,-0.8060200405299311,0.1440436046476655,0.24555058777332306,0.0019275709055364132,0.0015060876030474901
0.54,1.0764455811019449,1.0753330475331424,1.2070903486072253,1.0007340734703498,-32.013214111328125,-31.340547561645508,-348.632568359375,-1.771206021308899,1.408063292503357,5.02731990814209,-0.5492540358895402,-0.24657022318950472,0.7984504550035212,-0.6072816979378501,-0.53858318275321,-0.5840694261859154,0.5740461160993722,-0.8056868376060891,0.1460814029899974,0.22277359664440155,0.05014608055353165,0.0010580531088635325
0.55,1.0830014807355701,1.0971913059645308,1.160100270858978,1.00312132015271,-32.031097412109375,-31.32634162902832,-348.58184814453125,-1.8051284551620483,1.4328323602676392,5.1175618171691895,-0.5497862087061198,-0.24481321824586047,0.7986248261159025,-0.6069000607124455,-0.5398571296543448,-0.5832894614756912,0.5739402765303901,-0.8053699570591621,0.1482288475390085,0.225156769156456,0.07307110726833344,0.0011837298516184092
0.56,1.0830014807355701,1.0971913059645308,1.160100270858978,1.00312132015271,-32.04931640625,-31.311893463134766,-348.53021240234375,-1.8379595279693604,1.4567652940750122,5.2078680992126465,-0.5503774285048276,-0.2429107822568804,0.7987984965282322,-0.6064794260650443,-0.5412302837171491,-0.5824538485985555,0.5738182569004129,-0.8050243051304757,0.150560539973019,0.24889904260635376,0.0743679329752922,0.0018324602860957384
0.57,1.2458289350186833,1.0185818485764455,1.1390620191056873,1.0385707288994455,-32.0678596496582,-31.29720687866211,-348.4776916503906,-1.8705861568450928,1.4805067777633667,5.298069953918457,-0.5509857159067265,-0.24081900396500003,0.7990124831290545,-0.6060518909344146,-0.5427322185940774,-0.5815005110872828,0.5736861915381725,-0.8046415016821193,0.15308888728177308,0.27170413732528687,0.07662789523601532,0.0025011871475726366
0.58,1.2458289350186833,1.0185818485764455,1.1390620191056873,1.0385707288994455,-32.086734771728516,-31.28228187561035,-348.42425537109375,-1.9035431146621704,1.5044403076171875,5.388058662414551,-0.5516268817557807,-0.23850468705511402,0.7992642226304988,-0.6056047726700182,-0.5443880428353255,-0.5804175377581374,0.5735421890704197,-0.8042121443193117,0.15585950174963684,0.308480829000473,0.08383090794086456,0.002599505241960287
0.59,1.2010774973176281,1.1811770160113269,1.0752111950246572,1.2591366462168865,-32.105934143066406,-31.26711654663086,-348.36993408203125,-1.9368298053741455,1.5285571813583374,5.477819919586182,-0.5523485826720068,-0.2358286970949761,0.7995597969174734,-0.605098554003168,-0.5463047125554198,-0.5791432473775511,0.5733818824862714,-0.8037014288068836,0.15905103008240307,0.3583470582962036,0.09550758451223373,0.0021637706086039543
0.6,1.1841396008329104,1.2521952772634237,1.2518658286519069,1.2480038539988987,-32.12547302246094,-31.251708984375,-348.314697265625,-1.971171498298645,1.5533710718154907,5.567191123962402,-0.5531584984546508,-0.23284711216311835,0.7998736762418752,-0.6045260907061093,-0.5484425765078073,-0.5777187429269252,0.5732049208119072,-0.8031145389237914,0.16261351766148172,0.3725016713142395,0.1051325798034668,0.0015025538159534335
0.61,1.1841396008329104,1.2521952772634237,1.2518658286519069,1.2480038539988987,-32.14536666870117,-31.236047744750977,-348.2585754394531,-2.0072638988494873,1.579377293586731,5.656009674072266,-0.5540112377019323,-0.22991436988528383,0.8001318210271515,-0.6039201742275477,-0.5505451106240821,-0.5763510252692239,0.5730200447287523,-0.802520693619903,0.16615825182905752,0.35966238379478455,0.10470544546842575,0.0012220276985317469
0.62,1.0605792504662765,1.2248306952496564,1.1342680574227908,1.1568117575189958,-32.165626525878906,-31.220121383666992,-348.2015686035156,-2.044234037399292,1.6059441566467285,5.744442939758301,-0.5548221076552347,-0.22707175014623865,0.8003816896597069,-0.6033462184458045,-0.5525768958118209,-0.5750061868381241,0.572840090727029,-0.8019334102657752,0.1695789962092978,0.34909555315971375,0.09683263301849365,0.0014139561681076884
0.63,1.0585467648188744,1.2434286987783598,1.0849320178837958,1.2131681029045884,-32.18624496459961,-31.203933715820312,-348.1436767578125,-2.0799977779388428,1.6315734386444092,5.8329339027404785,-0.555575948787732,-0.22433467624848522,0.8006305753349037,-0.6028167191378391,-0.5545247789819611,-0.5736848199341683,0.57266689118239,-0.8013589848048718,0.17284793668424914,0.32950904965400696,0.09190718829631805,0.0018071572994813323
0.64,1.0585467648188744,1.2434286987783598,1.0849320178837958,1.2131681029045884,-32.207218170166016,-31.1874942779541,-348.08489990234375,-2.1146302223205566,1.6563262939453125,5.921483039855957,-0.5563119666927839,-0.22182213248050295,0.8008195410054681,-0.6023043959297277,-0.5563028221132139,-0.5725002923602741,0.5724914063618181,-0.8008258934691584,0.17587347153903454,0.29163220524787903,0.09118818491697311,0.0021722104866057634
0.65,1.0078362206641864,1.0735370131937332,1.2419111894170418,0.9518265585430157,-32.228538513183594,-31.170808792114258,-348.0252685546875,-2.1491668224334717,1.6809556484222412,6.009881019592285,-0.5570486415768481,-0.219663978187063,0.8009023333743145,-0.6017946569558696,-0.5578213223472479,-0.571558013848231,0.5723111057604554,-0.8003643601646697,0.17854100145749036,0.24360449612140656,0.09157311171293259,0.0024062958545982838
0.66,1.1574447178086291,0.9919409971957608,1.1972722387122394,1.0861480185746062,-32.25020217895508,-31.153879165649414,-347.9647216796875,-2.182481288909912,1.7046732902526855,6.098394870758057,-0.5577686238663127,-0.21778530178659605,0.8009143053760504,-0.6013005070201755,-0.5591341141064776,-0.5707948341564109,0.5721292358266268,-0.799961627059752,0.18091305299605773,0.23518799245357513,0.08412344753742218,0.0031976555474102497
0.67,1.1574447178086291,0.9919409971957608,1.1972722387122394,1.0861480185746062,-32.27219009399414,-31.136716842651367,-347.9032897949219,-2.2152490615844727,1.7279661893844604,6.186885356903076,-0.5583881077251363,-0.21576054184843133,0.8010306546770933,-0.6008849023783425,-0.5605401833078756,-0.5698526449802115,0.5719615854626177,-0.7995261668503693,0.18335172013549275,0.2686702311038971,0.06779108196496964,0.003733673831447959
0.68,1.20033458254175,1.0473200460031593,1.2685896853033087,1.0754126745585872,-32.29450607299805,-31.119319915771484,-347.84100341796875,-2.248394012451172,1.751478672027588,6.27514123916626,-0.558864620113824,-0.21341910365288416,0.8013255409513856,-0.6005726429755314,-0.5621669693334291,-0.5685778742616111,0.5718241310878863,-0.7990122557173119,0.18600155461478515,0.3111160099506378,0.049052223563194275,0.003613604698330164
0.69,1.20033458254175,1.0473200460031593,1.2685896853033087,1.0754126745585872,-32.31715774536133,-31.101686477661133,-347.77783203125,-2.2821784019470215,1.7753747701644897,6.363092422485352,-0.5591960965294556,-0.21071620893663767,0.801809456739936,-0.6003633175719011,-0.5640458836869453,-0.5669357353438516,0.571719872437788,-0.7984052356962499,0.1889059741578734,0.3600980341434479,0.03257381543517113,0.003585281316190958
0.7,1.0871051963042935,1.2601810765680441,1.2409170962078648,1.2186526586070645,-32.340152740478516,-31.083810806274414,-347.7137451171875,-2.3165228366851807,1.7995738983154297,6.45074462890625,-0.5594078166019931,-0.20759151386711952,0.8024765779105012,-0.600239952509322,-0.5662140795724537,-0.5649014210510769,0.571642278121727,-0.7976887735603885,0.1921398615579955,0.41417622566223145,0.018456244841217995,0.003714971477165818
0.71,1.0865737845679628,1.2739539048704165,1.1468513903611566,1.1215742798363144,-32.36349105834961,-31.065692901611328,-347.6487731933594,-2.3517556190490723,1.8242805004119873,6.538003444671631,-0.5595055654236477,-0.20412674003051381,0.8032968294873815,-0.6001989651189032,-0.56860819029458,-0.5625352684055642,0.5715896469760118,-0.796879539161621,0.19562278889587625,0.43103522062301636,0.0035754148848354816,0.004166610538959503
0.72,1.0865737845679628,1.2739539048704165,1.1468513903611566,1.1215742798363144,-32.38718795776367,-31.047327041625977,-347.58294677734375,-2.3871028423309326,1.848934292793274,6.625048637390137,-0.5595176927914376,-0.2007055739355321,0.804150000960365,-0.6002227946168821,-0.570952575917574,-0.5601301213784051,0.5715527519622721,-0.7960718740442319,0.1989900074879588,0.4118924140930176,0.0017620481085032225,0.004933470394462347
0.73,1.0092189060324714,1.1254785745966231,1.0302878570271305,1.1536878573710756,-32.41123580932617,-31.028717041015625,-347.5162353515625,-2.4219653606414795,1.873118281364441,6.712032794952393,-0.5595845523325891,-0.19746041792046218,0.8049065238556662,-0.6002144020198962,-0.573154405686193,-0.5578859192078656,0.5714961070721604,-0.7953008302505304,0.20220976485863043,0.3870721161365509,0.012855518609285355,0.0057686977088451385
0.74,1.1884509296783659,1.2256090746017665,1.194850935008209,1.1518143141194381,-32.43562316894531,-31.009868621826172,-347.44866943359375,-2.455625534057617,1.8963514566421509,6.7991461753845215,-0.5597252638230533,-0.1944285123018956,0.8055465117808436,-0.6001600278088931,-0.5751914317073662,-0.555844184921331,0.5714154093640123,-0.79457684996135,0.205260954511218,0.3555675745010376,0.01603187806904316,0.006190066691488028
0.75,1.1884509296783659,1.2256090746017665,1.194850935008209,1.1518143141194381,-32.46034622192383,-30.99078941345215,-347.3802490234375,-2.489858388900757,1.9198747873306274,6.885948657989502,-0.5598674826485933,-0.19162580161430465,0.8061190693864042,-0.6001065690714444,-0.5770595801785822,-0.5539624054765976,0.5713322217677093,-0.7939028864286827,0.2080809921405113,0.3371953070163727,0.018440065905451775,0.006388814188539982
0.76,1.0276942377870462,1.2381778436286885,1.250752374418281,1.1168121894631204,-32.48542785644531,-30.97146987915039,-347.31097412109375,-2.525472402572632,1.944248914718628,6.972233772277832,-0.5600621435729545,-0.18888055730438646,0.8066315952210473,-0.6000194192813441,-0.5788780307048067,-0.5521566100777962,0.5712329575766316,-0.7932366359666636,0.21087566843651004,0.3354557156562805,0.027077971026301384,0.006688017398118973
0.77,1.1827084544678486,1.150561733453081,1.0799034744933276,1.2587070500357906,-32.51085662841797,-30.951906204223633,-347.2408142089844,-2.560811996459961,1.9683384895324707,7.058424472808838,-0.5603004791268895,-0.1861496628108512,0.8071007843668498,-0.5999062757839394,-0.5806748683486038,-0.5503900049450166,0.5711180555412532,-0.7925686092091571,0.21368005599737241,0.32973578572273254,0.024970296770334244,0.0075073265470564365
0.78,1.1827084544678486,1.150561733453081,1.0799034744933276,1.2587070500357906,-32.53664016723633,-30.93210220336914,-347.1697998046875,-2.595886707305908,1.9921534061431885,7.144522190093994,-0.5604850031429985,-0.1835028279961907,0.8075786484109108,-0.5998357972244726,-0.5823999705043498,-0.5486413133592966,0.5710110135714322,-0.7919198106335849,0.21635488417457244,0.31313279271125793,0.01881006360054016,0.007735320832580328
0.79,1.0124546568098862,1.1306896106385198,1.0542591362541338,1.0757089351310352,-32.562774658203125,-30.91206169128418,-347.097900390625,-2.6310410499572754,2.0159316062927246,7.230440616607666,-0.5606434478985494,-0.1810207670301542,0.8080287162175868,-0.5997807229407239,-0.5840105702704956,-0.5469869634653401,0.5709133110351601,-0.7913047047226154,0.21884893320901838,0.2907903492450714,0.017314834520220757,0.0070400545373559
0.8,1.0124546568098862,1.1306896106385198,1.0542591362541338,1.0757089351310352,-32.589256286621094,-30.891786575317383,-347.0251770019531,-2.664726972579956,2.0386312007904053,7.31660795211792,-0.5607955775435053,-0.1787239841851565,0.8084343249050168,-0.5997260852068356,-0.5854960366065171,-0.5454567020768408,0.5708212880842216,-0.7907288590882744,0.2211581526302527,0.2681879997253418,0.017741313204169273,0.006807059049606323
0.81,1.0285098263277124,0.961727841263107,0.9881423915446865,1.0326760786653186,-32.61606979370117,-30.87129020690918,-346.95159912109375,-2.697038412094116,2.0603280067443848,7.403013706207275,-0.5609579797419392,-0.17660632891005046,0.808786961784596,-0.599665704947307,-0.5868547942599606,-0.5440611112404092,0.5707251416171288,-0.7901972254083247,0.22329612106593735,0.24597279727458954,0.019436463713645935,0.0071050794795155525
0.82,1.1262878937421406,1.1200506102367545,1.1301860570903073,1.175413065370421,-32.64319610595703,-30.850582122802734,-346.87713623046875,-2.728182077407837,2.0811753273010254,7.489614486694336,-0.5611272511594618,-0.17463247558600828,0.8090980821117602,-0.5996024791743167,-0.5881108719383974,-0.5427729444950911,0.5706251615327171,-0.7897019062776538,0.22529497164206827,0.23616980016231537,0.01830046996474266,0.007077662739902735
0.83,1.1262878937421406,1.1200506102367545,1.1301860570903073,1.175413065370421,-32.67063522338867,-30.82966423034668,-346.8017883300781,-2.760404586791992,2.1026852130889893,7.575790882110596,-0.5612668080891663,-0.17269065598942812,0.8094180054034749,-0.5995578450754293,-0.5893441138453963,-0.5414830614934245,0.5705348022214826,-0.7892093846437238,0.22724125207446008,0.2331785261631012,0.012424037791788578,0.00680468138307333
0.84,1.078929783468082,1.2292944019431433,1.1733046235659952,0.9585987542474558,-32.69841003417969,-30.80852508544922,-346.7255859375,-2.7943649291992188,2.1252942085266113,7.661353588104248,-0.5613464816593701,-0.17078804638157266,0.809766367998704,-0.5995518410274537,-0.5905498044143189,-0.540174525895845,0.5704627222257715,-0.7887219863293884,0.22910676731905294,0.22744132578372955,0.00433359993621707,0.006589190103113651
0.85,1.1423347735895442,1.1966526198825713,0.9573589324096953,1.2735277810864314,-32.726524353027344,-30.787160873413086,-346.6485595703125,-2.8281490802764893,2.1477181911468506,7.746840953826904,-0.5614030088590912,-0.16891133514885823,0.8101207456312853,-0.599561712561627,-0.5917342281349306,-0.5388658052648425,0.5703967167455721,-0.7882382660793552,0.23092860674694152,0.22920215129852295,0.012119713239371777,0.007181217428296804
0.86,1.1423347735895442,1.1966526198825713,0.9573589324096953,1.2735277810864314,-32.754974365234375,-30.76557159423828,-346.5706481933594,-2.862058639526367,2.1701605319976807,7.832165718078613,-0.5615901087373756,-0.16706758370333394,0.8103733536116994,-0.5994896875721629,-0.5928868688434112,-0.5376776685410007,0.5702882291113619,-0.7877649289150828,0.23280410758498563,0.2050507664680481,0.03021457977592945,0.00731211993843317
0.87,0.9799594197312351,0.9600137514363801,1.093007171850113,1.0089420192282719,-32.78376770019531,-30.743755340576172,-346.4919128417969,-2.8963587284088135,2.192808151245117,7.917248725891113,-0.5619111549442278,-0.16557953455354713,0.8104562120721113,-0.5993254155645232,-0.5938062891196524,-0.5368455432061997,0.570144630955739,-0.7873865053066244,0.23443035437708493,0.15107731521129608,0.04603037238121033,0.006427830085158348
0.88,1.1047993611820726,1.098433503677561,1.1236318554306917,1.170960042303162,-32.812896728515625,-30.72171974182129,-346.41229248046875,-2.9287290573120117,2.2141458988189697,8.00277042388916,-0.5623066262818022,-0.16445683501699726,0.810410517858554,-0.5991067167780916,-0.594490050098299,-0.5363326600585661,0.5699845611513991,-0.7871057932389482,0.2357584999501246,0.1291794329881668,0.0429651141166687,0.0060280244797468185
0.89,1.1047993611820726,1.098433503677561,1.1236318554306917,1.170960042303162,-32.842342376708984,-30.699474334716797,-346.33184814453125,-2.960958957672119,2.2353687286376953,8.088223457336426,-0.5625990614481993,-0.16336770781667195,0.810427842624087,-0.5989555978765115,-0.5951520249640709,-0.5357669819553612,0.5698547953908923,-0.786832294217702,0.2369819675547315,0.1292981505393982,0.02747194841504097,0.005964959040284157
0.9,1.1640393302771956,1.1696950308793839,1.1149578241453146,1.0922607918242289,-32.87212371826172,-30.67700958251953,-346.25054931640625,-2.994497299194336,2.2574307918548584,8.173187255859375,-0.5627765290415745,-0.16230804692018697,0.8105175360625285,-0.5988796869133235,-0.5957950370815637,-0.5351367996985235,0.5697593342478184,-0.7865649189316368,0.23809647066588402,0.12373150885105133,0.014090215787291527,0.005770945455878973
0.91,1.1640393302771956,1.1696950308793839,1.1149578241453146,1.0922607918242289,-32.90223693847656,-30.654325485229492,-346.16839599609375,-3.028365135192871,2.279679298400879,8.257948875427246,-0.5628876294688803,-0.16128661213234308,0.8106442779282267,-0.598846603086018,-0.5964134489621313,-0.5344845590561365,0.5696843534478037,-0.7863063185832646,0.2391278126709472,0.12178786844015121,0.015976697206497192,0.005716401152312756
0.92,1.1544213333562117,1.2420282240230467,1.0053593012102153,0.9885974221352841,-32.93268966674805,-30.631418228149414,-346.08538818359375,-3.062391757965088,2.3020012378692627,8.342559814453125,-0.5630877747406874,-0.1602593081318292,0.8107090181407188,-0.5987551783589945,-0.5970345429505951,-0.5338932392455094,0.5695826492493163,-0.7860449787899426,0.24022676160921153,0.1238475814461708,0.0318087674677372,0.005804884247481823
0.93,1.0203870299098874,0.9741346869817401,1.1921249907295408,1.2500574453999818,-32.96348190307617,-30.608287811279297,-346.00152587890625,-3.0958616733551025,2.323930501937866,8.427227020263672,-0.5634783988010261,-0.15922973212013125,0.8106404791851828,-0.5985395777366612,-0.5976549775415618,-0.533440626220589,0.569422925396801,-0.7857826800259383,0.24146037315427754,0.11975271254777908,0.06853467226028442,0.00605767173692584
0.94,1.0203870299098874,0.9741346869817401,1.1921249907295408,1.2500574453999818,-32.994606018066406,-30.58493995666504,-345.91680908203125,-3.1289608478546143,2.3456027507781982,8.511889457702637,-0.5641023199740485,-0.15825270160937754,0.8103978375052769,-0.598171930382781,-0.5982386701451243,-0.5331986827113606,0.5691914566312757,-0.785535852763148,0.2428054977170825,0.11401278525590897,0.06472492218017578,0.006046781316399574
0.95,1.021860106456089,1.056350662760513,1.093932374173515,1.1112506224084464,-33.02606201171875,-30.561376571655273,-345.8312683105469,-3.1621203422546387,2.367307424545288,8.596421241760254,-0.5644216920026782,-0.15730591788082826,0.8103597977420303,-0.598003144750565,-0.5988044151201891,-0.5327527675207359,0.5690521878222319,-0.7852949258923291,0.24390876758020175,0.11162181198596954,0.009138940833508968,0.0056856125593185425
0.96,1.0892770535858507,1.0449513062696967,1.260933422546298,1.251263373357536,-33.05784606933594,-30.537595748901367,-345.7449035644531,-3.194702386856079,2.3886077404022217,8.681021690368652,-0.5643113365167777,-0.1563861365417763,0.8106146382691253,-0.5981146478971815,-0.5993547545507439,-0.5320082200194353,0.5690444476923386,-0.7850587586257184,0.24468584359453047,0.10663311183452606,-0.03160635754466057,0.005511497147381306
0.97,1.0892770535858507,1.0449513062696967,1.260933422546298,1.251263373357536,-33.08995819091797,-30.513601303100586,-345.65765380859375,-3.228100538253784,2.410400152206421,8.765287399291992,-0.5639264366186841,-0.1554995246855078,0.8110529402604583,-0.5984055504753722,-0.5998827649258273,-0.5310851772599302,0.5691201729361033,-0.7848315527344233,0.24523797134549552,0.1069447472691536,-0.07010018080472946,0.005449483636766672
0.98,1.1602046195247377,1.0347889926767142,1.1231025026035604,1.2358695819275214,-33.12240982055664,-30.489383697509766,-345.569580078125,-3.262681484222412,2.432908058166504,8.849111557006836,-0.5631584975649444,-0.15457278989785728,0.8117633640683642,-0.5989454140377716,-0.6004364976762255,-0.5298494156469654,0.5693126536653802,-0.7845911450440294,0.2455602522701548,0.11436767876148224,-0.12191110104322433,0.005327046848833561
0.99,1.1892560062633686,0.9691177173834092,1.2257905904414288,0.9886969206139267,-33.155208587646484,-30.464942932128906,-345.4806823730469,-3.2970917224884033,2.455221652984619,8.932912826538086,-0.5619985606691295,-0.15358954737086494,0.8127532643700914,-0.599736844255669,-0.6010274757120287,-0.5282818292175856,0.5696256098948487,-0.78433170557975,0.24566326582190115,0.11962831020355225,-0.1608729213476181,0.004808630328625441
1.0,1.1892560062633686,0.9691177173834092,1.2257905904414288,0.9886969206139267,-33.188350677490234,-30.44028091430664,-345.39093017578125,-3.3305461406707764,2.4768121242523193,9.016940116882324,-0.5606106040014917,-0.15248782998329702,0.8139184310408922,-0.6006686979583105,-0.6016979336357674,-0.5264567522138125,0.5700112858305093,-0.7840325620568528,0.2457235757114417,0.15602704882621765,-0.1790173500776291,0.004418822005391121
1.01,1.2596845549263653,1.2391778169864567,1.0125189241917225,1.0669798431810444,-33.22182083129883,-30.415407180786133,-345.3003234863281,-3.363356113433838,2.497868776321411,9.101097106933594,-0.5591190174467223,-0.15092339936541582,0.8152349672661243,-0.6016616138188196,-0.6026642976454543,-0.5242127877116742,0.5704289848757207,-0.7835929248452276,0.24615625392452717,0.22356131672859192,-0.1884157508611679,0.004439490847289562
1.02,1.2596845549263653,1.2391778169864567,1.0125189241917225,1.0669798431810444,-33.255619049072266,-30.390323638916016,-345.2088928222656,-3.396878719329834,2.51924467086792,9.184965133666992,-0.5576441588932988,-0.14888486651198857,0.8166188147329771,-0.6026378299812483,-0.6039282390301934,-0.5216304515434094,0.5708420428872396,-0.7830095648365967,0.2470534020140707,0.2579236924648285,-0.16393429040908813,0.004345632623881102
1.03,1.2542310940894001,1.2671014384036736,1.036707742806174,1.040409274147537,-33.28976058959961,-30.365022659301758,-345.11663818359375,-3.431140184402466,2.5409460067749023,9.26852035522461,-0.5565289331308568,-0.14674589582988318,0.8177659742526071,-0.6033776657989232,-0.6052498851570719,-0.5192378731683529,0.5711487888486446,-0.7823926243098389,0.24829587677263196,0.2580389082431793,-0.1089438796043396,0.004091070499271154
1.04,1.2122112909058376,0.9651108483239258,1.1008648851416811,1.228156047855615,-33.32424545288086,-30.33950424194336,-345.0235595703125,-3.465599536895752,2.5626442432403564,9.351907730102539,-0.5558895834439911,-0.14462674124615515,0.8185779600838172,-0.603810704043515,-0.6065536963736061,-0.5172090941756433,0.5713137532923047,-0.7817772823074565,0.24984970715817675,0.25473132729530334,-0.04801283776760101,0.003968176431953907
1.05,1.2122112909058376,0.9651108483239258,1.1008648851416811,1.228156047855615,-33.359073638916016,-30.313770294189453,-344.92962646484375,-3.4998068809509277,2.584078311920166,9.435254096984863,-0.5556472353800833,-0.14250283667005723,0.8191148218384634,-0.6039896228739613,-0.6078572597479731,-0.5154668633697566,0.5713603812612846,-0.7811545898941339,0.25168397130585685,0.262417197227478,-0.025871098041534424,0.0032495055347681046
1.06,1.1447183229823896,0.9604287241692239,1.2108703843177384,1.2598568722643286,-33.39424133300781,-30.287824630737305,-344.8348693847656,-3.5337073802948,2.6052279472351074,9.518567085266113,-0.5553829013027239,-0.14026896044934103,0.819679481062586,-0.6041735526839136,-0.6092355160352821,-0.5136208759761639,0.5714229179669532,-0.7804849164049775,0.2536121923063794,0.2798592448234558,-0.04146797955036163,0.0018679338973015547
1.07,1.2227316420002934,1.1446315585614748,1.1545583617981114,1.2134043951523679,-33.42974853515625,-30.261667251586914,-344.7392883300781,-3.5678346157073975,2.626420021057129,9.601678848266602,-0.5549195622997629,-0.13788725650704486,0.8203970891403746,-0.6044716571028521,-0.610712609530006,-0.5115116072196039,0.5715577793507595,-0.7797545851445894,0.2555474355371576,0.29983505606651306,-0.07699978351593018,0.000668922730255872
1.08,1.2227316420002934,1.1446315585614748,1.1545583617981114,1.2134043951523679,-33.465599060058594,-30.235294342041016,-344.6428527832031,-3.602816343307495,2.6480257511138916,9.684398651123047,-0.554155033096552,-0.13536214618673698,0.8213338472713028,-0.6049486465221314,-0.6122799946779917,-0.5090681125234223,0.5717948359025296,-0.778967455993406,0.2574108935891417,0.3122318685054779,-0.10181690752506256,-9.970589599106461e-05
1.09,1.1378009658624242,0.9810420183073423,1.2131607246894078,1.0620124814370049,-33.501808166503906,-30.20870590209961,-344.54559326171875,-3.638413906097412,2.669874906539917,9.766798973083496,-0.5532987688790078,-0.13277875515675028,0.822332216647261,-0.6054750162862327,-0.6138798687372037,-0.506509142476599,0.5720668466273503,-0.7781524972254584,0.25926475667090265,0.31657281517982483,-0.10533218085765839,-0.0006610854179598391
1.1,1.1748491131141083,0.9750808136667679,1.2654106039670725,1.0662530854159022,-33.53836441040039,-30.181901931762695,-344.447509765625,-3.6728272438049316,2.690851926803589,9.849449157714844,-0.5523986032351267,-0.13010404513240634,0.8233642696790198,-0.6060218505949073,-0.6155298719355824,-0.5038457039178652,0.5723576676741604,-0.7773004015148519,0.26117194730568793,0.3418458104133606,-0.11657819151878357,-0.000940769852604717
1.11,1.1748491131141083,0.9750808136667679,1.2654106039670725,1.0662530854159022,-33.575260162353516,-30.154890060424805,-344.3486022949219,-3.706411123275757,2.711172342300415,9.932236671447754,-0.5513483683498327,-0.12708994674601062,0.8245381265618186,-0.6066555308258466,-0.6173764111004644,-0.5008147700848296,0.5726989118519326,-0.7763340211872765,0.26328965781208696,0.39436718821525574,-0.13912160694599152,-0.0009672637679614127
1.12,0.9809537329361717,1.2731240116995801,1.0987798460064988,1.0997739055543365,-33.612491607666016,-30.1276798248291,-344.2488708496094,-3.7401740550994873,2.731433629989624,10.014842987060547,-0.5500945334867626,-0.12358779638567544,0.8259068112157171,-0.6074071392296788,-0.6195032538785898,-0.4972648043514213,0.5731078183385729,-0.7752043440399264,0.26571724358955123,0.4561682343482971,-0.1646070033311844,-0.0009425107855349779
1.13,0.9809537329361717,1.2731240116995801,1.0987798460064988,1.0997739055543365,-33.650062561035156,-30.100261688232422,-344.1483154296875,-3.773893117904663,2.7514729499816895,10.097332000732422,-0.5486712246864914,-0.11970694751976252,0.8274237934193858,-0.6082547172403864,-0.6218353944192346,-0.49330207905733825,0.5735730870219098,-0.7739450813610586,0.268370871894066,0.4664115309715271,-0.17419327795505524,-0.00034323171712458134
1.14,1.082725961604952,1.0816795122848135,1.1701138692709792,0.9964125577738543,-33.68797302246094,-30.07265281677246,-344.04693603515625,-3.8075613975524902,2.771275043487549,10.179703712463379,-0.5472484783935774,-0.11599304595440088,0.8288936700121038,-0.6091002730952744,-0.6240371569438319,-0.4894634655096552,0.5740348074909537,-0.7727374975007226,0.2708519886305878,0.42775291204452515,-0.16868466138839722,0.0007753059617243707
1.15,1.240667528622809,1.2295266504027733,1.0492612704979916,1.1963057383348328,-33.72621536254883,-30.044837951660156,-343.9447021484375,-3.840797185897827,2.7906265258789062,10.262089729309082,-0.5458706393177584,-0.11252502053795804,0.8302790885502017,-0.6099191632979568,-0.6260637067348254,-0.4858424120549487,0.5744770311968458,-0.771610235068446,0.27311862947238796,0.41803744435310364,-0.16503742337226868,0.0017344491789117455
1.16,1.240667528622809,1.2295266504027733,1.0492612704979916,1.1963057383348328,-33.764793395996094,-30.016828536987305,-343.8416748046875,-3.8751120567321777,2.8104195594787598,10.343996047973633,-0.5445465071603031,-0.1090202436075649,0.8316151081018557,-0.6107037266062856,-0.6280875183224164,-0.48223130097162226,0.5749000433542419,-0.770467816207358,0.2754437952467898,0.4168696105480194,-0.14920280873775482,0.0018561533652245998
1.17,1.020708566810319,1.0846717696264443,1.1166537676098016,1.2304696953267333,-33.8037223815918,-29.988624572753906,-343.73785400390625,-3.9107730388641357,2.830805778503418,10.425325393676758,-0.5434275274190741,-0.1056163623034807,0.8327855104749189,-0.6113611411469245,-0.6300379129926483,-0.47884212772833423,0.5752600086384605,-0.7693486935100676,0.27781020545622565,0.39814576506614685,-0.1193690150976181,0.001353967236354947
1.18,1.1070742871194303,1.1732494063413352,1.1553009702669417,1.0180591496556308,-33.8430061340332,-29.960214614868164,-343.6331787109375,-3.94563889503479,2.850559949874878,10.506782531738281,-0.5424764352083976,-0.10238912385327897,0.8338080022164258,-0.6119136664062825,-0.6318759224910716,-0.4757041974181836,0.5755701365679164,-0.7682768289442389,0.2801244937497874,0.37377050518989563,-0.11964581161737442,0.0009680634830147028
1.19,1.1070742871194303,1.1732494063413352,1.1553009702669417,1.0180591496556308,-33.882633209228516,-29.93161392211914,-343.5277099609375,-3.979623317718506,2.8696491718292236,10.58840560913086,-0.5414284523809968,-0.09932650130782233,0.8348589564053716,-0.6125163212505722,-0.6336070061640241,-0.47261603648366446,0.5759157813031214,-0.7672525059443012,0.2822137575813868,0.3650969862937927,-0.1254633665084839,0.0012505401391535997
1.2,1.2282413504169183,1.1096472085465543,1.1933355806282864,1.1771540098295792,-33.92259979248047,-29.902822494506836,-343.42144775390625,-4.01351261138916,2.888526201248169,10.669936180114746,-0.5404297066193043,-0.09623588024081364,0.835867446164551,-0.6130907519438985,-0.6353349425605127,-0.4695415217448772,0.5762425375518869,-0.7662167879366163,0.284352548432147,0.37361568212509155,-0.11311265826225281,0.002008808311074972
1.21,1.2473137131807617,1.213923936989417,1.049687412197481,1.225225015985436,-33.96290588378906,-29.87384033203125,-343.3143310546875,-4.048388957977295,2.907801866531372,10.751002311706543,-0.5395205005758119,-0.09304043750015356,0.8368160529340993,-0.6136147771178783,-0.6371027688482727,-0.46645146288594797,0.5765366725204926,-0.7651428225603665,0.2866390174476493,0.38938194513320923,-0.10781929641962051,0.002244721632450819
1.22,1.2473137131807617,1.213923936989417,1.049687412197481,1.225225015985436,-34.00356674194336,-29.844667434692383,-343.2064208984375,-4.084305763244629,2.9274964332580566,10.831575393676758,-0.5386500891479339,-0.08974316533044052,0.8377363820065331,-0.614112156148676,-0.6389148116061109,-0.4633078060865713,0.5768208917257998,-0.7640248868896883,0.28903915146888304,0.3888464570045471,-0.09604626893997192,0.0017398124327883124
1.23,1.1408732312549446,0.9709785533605678,1.0833124770062352,1.2268761160217134,-34.044593811035156,-29.81529426574707,-343.09771728515625,-4.120469570159912,2.9471662044525146,10.911918640136719,-0.5379465385399157,-0.08655432417220132,0.8385236255705718,-0.614509242488116,-0.6406595099656686,-0.46036266484938926,0.5770545143828308,-0.7629310199865009,0.2914521335875798,0.3693438470363617,-0.07148774713277817,0.0009660769137553871
1.24,1.1408732312549446,0.9709785533605678,1.0833124770062352,1.2268761160217134,-34.085975646972656,-29.785720825195312,-342.9881896972656,-4.155467510223389,2.9660494327545166,10.992525100708008,-0.5373829058957593,-0.08350952644278381,0.8391935244294555,-0.6148210069669884,-0.6423210667896537,-0.4576229633118286,0.5772475568100115,-0.7618725655590329,0.29382895025059963,0.3600656986236572,-0.07159370183944702,-4.8934249207377434e-05
1.25,1.1659043444200647,1.2621731838867014,1.0920057514746226,0.9711492130589364,-34.12770080566406,-29.755971908569336,-342.87786865234375,-4.189356327056885,2.9841904640197754,11.073379516601562,-0.5366839611394352,-0.08048285170197289,0.8399362097430992,-0.6151963251060762,-0.6439716192211644,-0.4547901001711129,0.5774978852183482,-0.7608042220043144,0.2960964848638794,0.3623776137828827,-0.09602057188749313,-0.0012524975463747978
1.26,1.0778839085300338,1.0625146470978035,1.1998621275227008,1.0759592093339825,-34.16976547241211,-29.726036071777344,-342.7667236328125,-4.2233734130859375,3.002260208129883,11.154058456420898,-0.5358688631868832,-0.07743000996398736,0.8407432158654475,-0.6156255708908056,-0.6456322224516834,-0.45184531622831914,0.5777972983081241,-0.759712858183325,0.2983063109938439,0.36616891622543335,-0.08511095494031906,-0.0014612778322771192
1.27,1.0778839085300338,1.0625146470978035,1.1998621275227008,1.0759592093339825,-34.2121696472168,-29.695926666259766,-342.65478515625,-4.257343292236328,3.02016282081604,11.23462200164795,-0.5352424227369087,-0.07431550410232723,0.8414230533760895,-0.6159529102642468,-0.6473107855282086,-0.44898859593074114,0.5780290314852093,-0.7585947223576437,0.30069334208026677,0.37880587577819824,-0.07308903336524963,-0.0009402487194165587
1.28,1.0561492269116761,1.0701620191102519,1.0188714337595843,1.25620990291659,-34.25490951538086,-29.66563606262207,-342.5420227050781,-4.2910871505737305,3.037806749343872,11.3151273727417,-0.5345692322399984,-0.07104488225706018,0.8421332202492781,-0.6163059400538234,-0.6490557544703601,-0.4459749049478955,0.578275647245076,-0.7574161684925876,0.30317985340272263,0.39959555864334106,-0.08807794749736786,-0.0004805455100722611
1.29,1.2618691743374244,1.005123610677695,1.2398801157303967,1.126620810145265,-34.29798889160156,-29.635169982910156,-342.4284973144531,-4.324755668640137,3.0552642345428467,11.395520210266113,-0.5337460353330348,-0.06767283205301161,0.8429327123609519,-0.6167369076248497,-0.6508384503970555,-0.4427695769337557,0.5785764915200099,-0.7561942206117978,0.30564610937113423,0.39168819785118103,-0.10774853080511093,-0.0006626273971050978
1.3,1.2618691743374244,1.005123610677695,1.2398801157303967,1.126620810145265,-34.341407775878906,-29.604528427124023,-342.3141174316406,-4.359285831451416,3.0730175971984863,11.475462913513184,-0.5327577809877571,-0.06438397868550261,0.8438150568019191,-0.6172470440566005,-0.6525675718612549,-0.43950159357901675,0.578943203950431,-0.7549902432771769,0.30791963100114117,0.40367284417152405,-0.12539535760879517,-0.0012808184837922454
1.31,1.0967901146189694,1.1209090154963999,1.0211245429839308,1.0653414102272147,-34.38518142700195,-29.57370948791504,-342.198974609375,-4.394667148590088,3.091048002243042,11.554963111877441,-0.531635390093283,-0.060772285356273215,0.8447902351074722,-0.6178182404261517,-0.6544537704801688,-0.43587943757537356,0.579365544192176,-0.7536557514123181,0.3103845591617558,0.4559049904346466,-0.14008669555187225,-0.0018330615712329745
1.32,0.96381762492962,1.2730307088111297,1.19769346786049,1.2735586194278783,-34.42930221557617,-29.54271125793457,-342.0830078125,-4.4289093017578125,3.1083056926727295,11.634740829467773,-0.5304344361530078,-0.05678097287082001,0.8458222213106511,-0.618420837800052,-0.6565204626262782,-0.431898772315527,0.5798232285082433,-0.7521680685011967,0.31312652460220713,0.4802626371383667,-0.1385110467672348,-0.0021342404652386904
1.33,0.96381762492962,1.2730307088111297,1.19769346786049,1.2735586194278783,-34.47376251220703,-29.51154327392578,-341.9662780761719,-4.463579177856445,3.1255850791931152,11.714213371276855,-0.5292557251459724,-0.05281466234735449,0.8468169748188483,-0.6190057764546057,-0.65855324064013,-0.42794798510825327,0.580275991331747,-0.7506785201959079,0.3158504918477101,0.4501003324985504,-0.14728045463562012,-0.0017287266673520207
1.34,1.253259986997279,1.1213213418201842,1.1877479839299212,1.0628623172646363,-34.51857376098633,-29.480195999145508,-341.8487548828125,-4.499573707580566,3.1433424949645996,11.793050765991211,-0.5278843827157489,-0.04924258381842128,0.8478875199126937,-0.6196863567754466,-0.6603608551791214,-0.42416077161080523,0.580798500093782,-0.7493321752640717,0.31807922504122743,0.39326515793800354,-0.1773378998041153,-0.0008393293246626854
1.35,1.253259986997279,1.1213213418201842,1.1877479839299212,1.0628623172646363,-34.56375503540039,-29.44867706298828,-341.73040771484375,-4.535455703735352,3.160851240158081,11.87180233001709,-0.5263101478561487,-0.04602499936667481,0.8490461281325862,-0.620466413775885,-0.6619669817464018,-0.4205010635582871,0.5813940639873533,-0.7481185831877564,0.3198429737377592,0.38176020979881287,-0.18571989238262177,-0.00034326122840866446
1.36,1.012054521533964,1.2674157653124425,1.2135753711461463,1.0099615735574807,-34.609283447265625,-29.416982650756836,-341.611328125,-4.57109260559082,3.1780478954315186,11.950530052185059,-0.5247871652997137,-0.042650516212985934,0.8501643162374299,-0.6212150134486447,-0.663632040691334,-0.416754630008901,0.5819710802116298,-0.746842318052895,0.3217704364336277,0.4152851700782776,-0.17162282764911652,-0.0002662896004039794
1.37,0.9543657518559888,1.196952722284407,0.9592519951011044,1.0051556865836628,-34.65517044067383,-29.385116577148438,-341.4914245605469,-4.606240272521973,3.194814682006836,12.029317855834961,-0.5233864684234959,-0.03901686349600908,0.851201673538131,-0.6218984175335736,-0.6654034623335952,-0.41289295293538386,0.5825023286995669,-0.7454635582490924,0.3239986425622555,0.4314912259578705,-0.15908414125442505,0.0006465243059210479
1.38,0.9543657518559888,1.196952722284407,0.9592519951011044,1.0051556865836628,-34.7014045715332,-29.353090286254883,-341.3707275390625,-4.639448165893555,3.210453748703003,12.108715057373047,-0.5220953065452574,-0.035402625354063855,0.8521520668293037,-0.6225306744443886,-0.6671359530627985,-0.40912733898727255,0.5829854631628724,-0.7440942643570314,0.3262693296829168,0.4085834324359894,-0.1414562612771988,0.0018758997321128845
1.39,1.1636062235245053,1.2733285706680733,1.0525292423909622,1.2646767153016696,-34.747955322265625,-29.320911407470703,-341.249267578125,-4.671204566955566,3.225226402282715,12.188542366027832,-0.5209967087698922,-0.03208462449497623,0.852955453890739,-0.6230716344341733,-0.6687012790983199,-0.4057343191003181,0.5833902363036837,-0.742838593641504,0.32840014613615026,0.36596205830574036,-0.11600802838802338,0.0027444318402558565
1.4,1.0760518591983503,1.239096743656606,1.2280531874860077,1.0630659998485732,-34.794830322265625,-29.28858184814453,-341.126953125,-4.705276012420654,3.2409517765045166,12.267355918884277,-0.5201075109764834,-0.029146793680846272,0.8536033279246122,-0.6235132316251641,-0.6700673081227251,-0.40279157460591153,0.5837117670684664,-0.741727892830849,0.33033362829496654,0.3180678188800812,-0.09408912062644958,0.0029818261973559856
1.41,1.0760518591983503,1.239096743656606,1.2280531874860077,1.0630659998485732,-34.84206771850586,-29.25609016418457,-341.00390625,-4.741072654724121,3.257359027862549,12.34537410736084,-0.5193629959243548,-0.02655941310909904,0.8541408994069886,-0.623884601937351,-0.6712569314513456,-0.4002276045502072,0.5839778094499415,-0.7407487627757633,0.33205600207830005,0.29216548800468445,-0.08289078623056412,0.003500252729281783
1.42,1.184460039244987,1.1012354122003725,0.9975784773282399,1.2711274779549693,-34.88965606689453,-29.22343635559082,-340.88006591796875,-4.7766499519348145,3.2735402584075928,12.42335033416748,-0.5186766648083976,-0.02406105686022947,0.8546318405758155,-0.6242330853088576,-0.6723882356439996,-0.39777772156486385,0.5842153477862613,-0.7398074926021758,0.33373237976057973,0.288853257894516,-0.07837606966495514,0.0047095888294279575
1.43,1.140039686142765,0.9828659983052885,0.9789590987382512,1.0534949191448288,-34.93759536743164,-29.19062042236328,-340.7554626464844,-4.8119916915893555,3.2894928455352783,12.501293182373047,-0.5180220142911363,-0.021609766971662725,0.8550942700551701,-0.6245704576719691,-0.6734828215771183,-0.39538921639815916,0.5844355705406549,-0.7388869379086043,0.33538210577618077,0.27399465441703796,-0.07526765763759613,0.004699989687651396
1.44,1.140039686142765,0.9828659983052885,0.9789590987382512,1.0534949191448288,-34.98588943481445,-29.157649993896484,-340.6300354003906,-4.8455657958984375,3.3045177459716797,12.579806327819824,-0.5174045606554035,-0.019301898006320206,0.8555232067842127,-0.6248838372858304,-0.6745103250246877,-0.39313612316095586,0.5846475096260351,-0.7380130474242608,0.3369332742838428,0.2667652368545532,-0.06768693029880524,0.0037212148308753967
1.45,1.1167101857429511,1.1601672068804223,1.1881094588963328,1.1619694092491388,-35.034507751464844,-29.12453269958496,-340.50384521484375,-4.877650737762451,3.318755865097046,12.65878963470459,-0.516877089532048,-0.016962107427545503,0.8558915592693361,-0.6251477957261693,-0.6755541212181224,-0.3909179745214104,0.5848318628593956,-0.7371152665742495,0.3385746239274029,0.27705684304237366,-0.055501677095890045,0.002796473680064082
1.46,1.1167101857429511,1.1601672068804223,1.1881094588963328,1.1619694092491388,-35.08345031738281,-29.091272354125977,-340.37689208984375,-4.911381721496582,3.3336472511291504,12.73699951171875,-0.5164250485436049,-0.014545202501819565,0.856208856717166,-0.6253709600189314,-0.6766328400691796,-0.3886890300804954,0.5849925910656779,-0.7361769059296123,0.3403340000266907,0.2821597158908844,-0.05392264202237129,0.002457261085510254
1.47,1.0245388310667163,1.027930659510345,1.140784138056496,1.215976314103495,-35.13274383544922,-29.057857513427734,-340.2491149902344,-4.946803092956543,3.3492040634155273,12.814409255981445,-0.5159281515778111,-0.012121465373359674,0.8565460947822396,-0.625613180256238,-0.6777078889249153,-0.38641967597239457,0.5851720183836362,-0.7352313155505124,0.34206522994113875,0.2805021405220032,-0.06270655989646912,0.0026571182534098625
1.48,1.1740006935069154,1.259751796080853,1.1420774398524685,1.1508100660320917,-35.18238830566406,-29.024288177490234,-340.1205749511719,-4.981595039367676,3.3643691539764404,12.891940116882324,-0.5153022788189433,-0.009728712713873322,0.8569532738679133,-0.625913049500536,-0.6787606779850076,-0.3840791539334991,0.5854027809200633,-0.7342951001949174,0.34367759589591035,0.2732243239879608,-0.08881564438343048,0.0026622042059898376
1.49,1.1740006935069154,1.259751796080853,1.1420774398524685,1.1508100660320917,-35.23237991333008,-28.990570068359375,-339.9912414550781,-5.016870975494385,3.3796370029449463,12.969154357910156,-0.5144565175979994,-0.0074259349262695284,0.8574843129710364,-0.6263088681617262,-0.6797665279860063,-0.3816473098186698,0.5857232223182868,-0.7333909754832827,0.34505939186864926,0.26026099920272827,-0.09927397221326828,0.0027142681647092104
1.5,1.0611360541651844,0.98914228544862,1.0616569556730588,0.9833229719993283,-35.2827262878418,-28.956695556640625,-339.8611755371094,-5.053201675415039,3.395256996154785,13.045825958251953,-0.5136676443708046,-0.005241598028166317,0.8579732377974616,-0.6266783232507989,-0.6807111285390548,-0.3793502848959698,0.586020332662712,-0.7325331972908786,0.34637448603020227,0.2455451488494873,-0.08338161557912827,0.0029966705478727818
1.51,1.1018323013627445,1.1028147662687382,1.1901451765501523,0.9613547625306521,-35.333431243896484,-28.92266845703125,-339.7303161621094,-5.087182998657227,3.409729242324829,13.123331069946289,-0.5130084350132246,-0.003128771338311631,0.8583778634116762,-0.6269902379853867,-0.6816157917536808,-0.37720439274089934,0.5862640932858757,-0.7317035760619973,0.34771294152184595,0.24928973615169525,-0.07314417511224747,0.0031731827184557915
1.52,1.1018323013627445,1.1028147662687382,1.1901451765501523,0.9613547625306521,-35.38446807861328,-28.88850212097168,-339.5987243652344,-5.119892597198486,3.4235424995422363,13.2012357711792,-0.5124007962069053,-0.0008675280218255477,0.8587459877295853,-0.6272792760365753,-0.6825778115738765,-0.3749776540036056,0.5864862606247139,-0.7308124099535729,0.34920923177414903,0.27628713846206665,-0.06777689605951309,0.003656716551631689
1.53,1.1103864023750305,1.1910207280139187,1.0589110523843344,1.169261671017758,-35.43583297729492,-28.854198455810547,-339.4663391113281,-5.153234004974365,3.437530279159546,13.278762817382812,-0.5118495443373074,0.0016745063436963137,0.8590734776433244,-0.6275470927020932,-0.683649264703676,-0.37256989855767086,0.5866810806586835,-0.7298087961230857,0.3509763962128098,0.31118667125701904,-0.06048475205898285,0.004521970171481371
1.54,1.089205545642017,0.9908916740329297,1.077476924660817,1.0302314265550083,-35.48753356933594,-28.819751739501953,-339.3331604003906,-5.187342643737793,3.4517409801483154,13.355843544006348,-0.5113661031822508,0.004434988685679597,0.8593515225980328,-0.6277888750431675,-0.6848013445045248,-0.3700381695674507,0.5868439629818423,-0.7287163024388524,0.3529684315510569,0.31518128514289856,-0.05154282972216606,0.004941646941006184
1.55,1.089205545642017,0.9908916740329297,1.077476924660817,1.0302314265550083,-35.539573669433594,-28.78516387939453,-339.1991882324219,-5.220738410949707,3.465534210205078,13.433077812194824,-0.5109466739257694,0.00713979720090091,0.8595827590756598,-0.628002513803255,-0.6859202863666559,-0.3675951623831269,0.5869806973495689,-0.7276416590923138,0.3549524994874652,0.3153211772441864,-0.04821048676967621,0.004863321781158447
1.56,0.9549206362266734,1.2713915232250308,1.217880561909535,1.0155211581165975,-35.59194564819336,-28.750442504882812,-339.064453125,-5.252957344055176,3.4787166118621826,13.510659217834473,-0.5105205609730157,0.009956150052359447,0.8598079040692359,-0.6282166981882118,-0.6870799703721635,-0.3650546458146897,0.5871222504226006,-0.726513585137623,0.35702307162027946,0.33523496985435486,-0.051136672496795654,0.004684096667915583
1.57,0.9549206362266734,1.2713915232250308,1.217880561909535,1.0155211581165975,-35.64463424682617,-28.715587615966797,-338.928955078125,-5.286080360412598,3.4921717643737793,13.587724685668945,-0.5100681623590911,0.01290380742502445,0.8600371861155526,-0.62844192020141,-0.6882848666354907,-0.3623874932915446,0.5872744015204344,-0.725325743452211,0.3591814906204284,0.33807823061943054,-0.05351435765624046,0.0055860718712210655
1.58,1.1367203157458505,1.0562336208127518,1.0374363054867428,1.246929485435449,-35.69766616821289,-28.68059730529785,-338.7926940917969,-5.320168495178223,3.5059192180633545,13.664243698120117,-0.5096016400972885,0.01578367164637151,0.8602656822863,-0.6286822800641504,-0.6894388498568849,-0.3597675124873797,0.5874221302806824,-0.7241719050179835,0.3612620833122815,0.32286933064460754,-0.05469675734639168,0.007502545136958361
1.59,0.9915292851445742,1.271155210935342,0.9890262943375911,1.048424492584956,-35.75103759765625,-28.645469665527344,-338.6556701660156,-5.354450225830078,3.519631862640381,13.740535736083984,-0.5091085991990766,0.018523328377106796,0.8605029462630491,-0.6289423755520416,-0.6905130931857432,-0.35724383322041,0.5875712062861054,-0.7230826746955643,0.3631962597530432,0.3040202260017395,-0.06150618940591812,0.008006933145225048
1.6,0.9915292851445742,1.271155210935342,0.9890262943375911,1.048424492584956,-35.804752349853516,-28.610206604003906,-338.51788330078125,-5.388101577758789,3.532970905303955,13.816953659057617,-0.5085894710356538,0.021046809755551732,0.8607518700245663,-0.6292112006219792,-0.6914906422482487,-0.3548717468254586,0.5877329452766126,-0.7220787515792295,0.3649277484026944,0.26772814989089966,-0.05191362649202347,0.008067374117672443
1.61,1.1560068798587533,1.2472491963928913,1.181936726391313,1.2455850761250502,-35.85879898071289,-28.574811935424805,-338.37933349609375,-5.4210991859436035,3.545940399169922,13.893519401550293,-0.5082613952495992,0.023176431344197224,0.8608909379991629,-0.6294036330356805,-0.6922955462666164,-0.3529560076566114,0.5878107015191347,-0.7212417969374454,0.3664544303593936,0.21634043753147125,-0.022844232618808746,0.008836066350340843
1.62,1.125537797363487,1.2252222756598785,1.1687489065906538,1.1624188401953854,-35.91318130493164,-28.53928565979004,-338.2400207519531,-5.456089496612549,3.5596489906311035,13.96910572052002,-0.5081492580603955,0.024896339003354917,0.8609091147367995,-0.6295119698395368,-0.6929226587700288,-0.3515293284945378,0.587791639410953,-0.7205819601317429,0.3677806783550215,0.17692264914512634,-0.008228171616792679,0.009330663830041885
1.63,1.125537797363487,1.2252222756598785,1.1687489065906538,1.1624188401953854,-35.967926025390625,-28.503618240356445,-338.0999450683594,-5.492405414581299,3.573838233947754,14.043997764587402,-0.5080841209717731,0.026363710153644748,0.8609038743107587,-0.6296032253850052,-0.6934415162877826,-0.35034075137399967,0.587750205955845,-0.7200304287149503,0.3689253001942618,0.1549903005361557,-0.006163766607642174,0.009644956327974796
1.64,1.2597412670591617,0.9661919673889253,1.0866811188754015,1.0021181188355108,-36.02302932739258,-28.46780776977539,-337.9591064453125,-5.528414726257324,3.587848663330078,14.118897438049316,-0.5080397713594337,0.02767860120503296,0.8608887766444551,-0.6296885033108094,-0.6938934381437111,-0.34929111826568426,0.5876971835182185,-0.7195455451439,0.36995436062887643,0.13919708132743835,-0.0034609308931976557,0.010053025558590889
1.65,1.2371968620116967,1.2072088564000272,1.0696509533224148,1.1889365387355872,-36.078487396240234,-28.431861877441406,-337.8175354003906,-5.562901020050049,3.601193904876709,14.194328308105469,-0.5080424131741741,0.028967457123092955,0.8608448134501268,-0.629756147452738,-0.6943315308671119,-0.3482971719512209,0.5876224137672483,-0.7190720490128613,0.3709923006839875,0.16025975346565247,0.007417482323944569,0.009869088418781757
1.66,1.2371968620116967,1.2072088564000272,1.0696509533224148,1.1889365387355872,-36.13428497314453,-28.395784378051758,-337.6752624511719,-5.597538948059082,3.6145551204681396,14.26956844329834,-0.5081906312610052,0.03051992216685545,0.860703675285211,-0.6297615610429741,-0.6948788394344856,-0.3471941455999779,0.5874884326786846,-0.7184789021656177,0.37235118988883487,0.17918932437896729,0.029170289635658264,0.009238268248736858
1.67,1.1576040340483482,1.0580406679974557,1.1038211748755693,1.098775308684317,-36.1904411315918,-28.35957145690918,-337.5321960449219,-5.6333842277526855,3.628356695175171,14.344149589538574,-0.5085494228870012,0.032072556912819516,0.8604352593742148,-0.629678078525466,-0.6954297134551649,-0.34624129024156636,0.5872674023864899,-0.7178780291503157,0.3738557654463595,0.1696024239063263,0.05507204681634903,0.008634017780423164
1.68,0.9892683478691825,1.1842283418518407,1.2408458955005317,0.9519346116831343,-36.246952056884766,-28.323219299316406,-337.3883972167969,-5.668234825134277,3.6417224407196045,14.419015884399414,-0.5090998762354486,0.03355934288747975,0.8600529556498318,-0.6295138868458975,-0.6959576633306523,-0.3454782151156697,0.5869664234734568,-0.7172981955618589,0.37543803264783876,0.17085546255111694,0.06966439634561539,0.008137276396155357
1.69,0.9892683478691825,1.1842283418518407,1.2408458955005317,0.9519346116831343,-36.303802490234375,-28.2867374420166,-337.2438049316406,-5.701812267303467,3.6545488834381104,14.494288444519043,-0.5097076942454376,0.0351277411062792,0.8596302159834596,-0.6293265853633299,-0.6965179133164346,-0.344689491258801,0.586639681049561,-0.7166790343201688,0.3771273609591053,0.18451803922653198,0.0710780918598175,0.008848325349390507
1.7,1.0690203383931431,1.1810358350106025,1.0108158108513445,1.1457679830487368,-36.360984802246094,-28.25012969970703,-337.0984802246094,-5.735013961791992,3.6671953201293945,14.569575309753418,-0.5103065927004788,0.036826053562147854,0.859203714625039,-0.6291528705086382,-0.6971173467633311,-0.34379364504364274,0.5863052506819023,-0.7160106470023273,0.3789127952473239,0.19925935566425323,0.06891065835952759,0.010604143142700195
1.71,1.0690203383931431,1.1810358350106025,1.0108158108513445,1.1457679830487368,-36.41850280761719,-28.213394165039062,-336.9523620605469,-5.768287181854248,3.6798369884490967,14.644675254821777,-0.51090534888271,0.03858374976492063,0.8587706438491679,-0.6289902075449578,-0.6977262805138673,-0.34285471601370027,0.5859582265789834,-0.7153246338092671,0.38074088954307306,0.18809790909290314,0.07400742173194885,0.011531510390341282
1.72,1.2155935320713371,1.044012657519234,1.1039110620226453,1.0228565657973268,-36.47635269165039,-28.176530838012695,-336.8055725097656,-5.801657676696777,3.692486524581909,14.719576835632324,-0.5115871673073967,0.04011148842274043,0.8582946106919851,-0.6287971709748437,-0.6982393665622845,-0.34216356433251793,0.5855703954439868,-0.7147397116987501,0.3824322900859195,0.1527620106935501,0.08623786270618439,0.011574656702578068
1.73,1.0125526786514847,0.9932184379548143,1.0778312117762645,1.2580967977018283,-36.5345344543457,-28.139541625976562,-336.65802001953125,-5.8349223136901855,3.7050745487213135,14.79437255859375,-0.5123866630131684,0.04142562412724721,0.8577551079602488,-0.6285569346866169,-0.6986674076231505,-0.3417309371164841,0.5851291203004632,-0.7142462958887603,0.38402622486698956,0.15224260091781616,0.10216451436281204,0.011365336365997791
1.74,1.0125526786514847,0.9932184379548143,1.0778312117762645,1.2580967977018283,-36.593048095703125,-28.102428436279297,-336.50970458984375,-5.867888927459717,3.7175331115722656,14.869148254394531,-0.513245440372523,0.042837381843398636,0.8571721394525241,-0.6282907517045062,-0.699137085747075,-0.3412595297653581,0.5846621667761659,-0.7137032254725276,0.38574325229446177,0.15512825548648834,0.08890266716480255,0.01080815214663744
1.75,1.2301150447975326,0.9848953388471235,1.1871133074946485,1.1537554232079068,-36.651893615722656,-28.0651912689209,-336.3606262207031,-5.900632858276367,3.729888439178467,14.943870544433594,-0.5138272544066906,0.04413307092796981,0.8567577397837436,-0.6281303703574058,-0.699565812876189,-0.3406756687665631,0.5843233612166727,-0.7132039999224231,0.3871773030939522,0.1335192173719406,0.046425480395555496,0.010040409862995148
1.76,1.0744427358857254,1.061733674901302,0.9647928093125222,1.2712080884427173,-36.711063385009766,-28.027830123901367,-336.2107849121094,-5.934156894683838,3.7425310611724854,15.018098831176758,-0.5140626644656138,0.04531644739121787,0.8565547248123452,-0.6281025650812093,-0.6999557112303735,-0.33992524186118744,0.5841461672740126,-0.7127470953373437,0.38828447476980127,0.1420818269252777,0.013944449834525585,0.009222997352480888
1.77,1.0744427358857254,1.061733674901302,0.9647928093125222,1.2712080884427173,-36.770572662353516,-27.990341186523438,-336.0602722167969,-5.967702388763428,3.7551474571228027,15.092188835144043,-0.5140948029745481,0.04661410238484187,0.8564657955887182,-0.6281494723113508,-0.7003972064348024,-0.33892771154524415,0.5840674395902686,-0.7122295126412413,0.3893511876613293,0.13765616714954376,-0.004241297021508217,0.008175389841198921
1.78,1.0098412525413367,1.1953621239519132,0.9529531321458456,1.1772432424109907,-36.83041763305664,-27.952728271484375,-335.9089660644531,-6.000651836395264,3.767484664916992,15.166424751281738,-0.5139907794536692,0.04766536317068665,0.8564703683084524,-0.6282421115531469,-0.7007498472584969,-0.3380258878228658,0.5840593530694059,-0.7118129422263969,0.3901243486007342,0.09687945991754532,-0.01903337799012661,0.006933935917913914
1.79,1.0295822675293091,1.1039137624297468,1.2108674645664022,0.9556404376847919,-36.89058303833008,-27.914993286132812,-335.7569274902344,-6.033349514007568,3.779684543609619,15.240665435791016,-0.5137977719108818,0.04830780110727051,0.8565501771242556,-0.6283624581939697,-0.7009492347609277,-0.3373881909914771,0.5840997095632261,-0.7115732756647415,0.39050096369651216,0.04217332974076271,-0.021343139931559563,0.006204009987413883
1.8,1.0295822675293091,1.1039137624297468,1.2108674645664022,0.9556404376847919,-36.951080322265625,-27.87713623046875,-335.6041259765625,-6.065735816955566,3.791735887527466,15.314949989318848,-0.513626219953716,0.04856056686823823,0.8566387672300926,-0.6284730024110718,-0.7009963602816156,-0.337084244829599,0.5841316558931475,-0.7115096445005953,0.3905691159912246,0.02367466688156128,-0.019853174686431885,0.006677282974123955
1.81,0.9793186944061352,1.1730395558028528,1.060504055423644,1.234729474775084,-37.011898040771484,-27.83915901184082,-335.45062255859375,-6.097946643829346,3.8037006855010986,15.389228820800781,-0.5134372495142079,0.04888668276485386,0.8567334959364747,-0.6285968280544982,-0.7010643048634932,-0.3367118474394544,0.5841645475130346,-0.7114203628618705,0.39068254214179576,0.04586377739906311,-0.02370554581284523,0.007876562885940075
1.82,0.9793186944061352,1.1730395558028528,1.060504055423644,1.234729474775084,-37.07304382324219,-27.801061630249023,-335.2963562011719,-6.1306939125061035,3.8158538341522217,15.46317195892334,-0.5131889024939018,0.04931996225855673,0.8568574512017266,-0.6287510587989991,-0.7011654045025366,-0.33621300032558543,0.5842167888859771,-0.7112908103241662,0.3908402828933437,0.03176655247807503,-0.035858154296875,0.008581145666539669
1.83,1.2475416666059513,1.0056154326329574,1.0710351811915437,1.0240950879625883,-37.134517669677734,-27.762840270996094,-335.1413269042969,-6.163954257965088,3.828183650970459,15.536792755126953,-0.5127962010796285,0.04942096227182374,0.8570867077760732,-0.628964181408038,-0.7011330228163701,-0.33588173934004784,0.5843321954710502,-0.7113157194976828,0.3906223656314064,-0.020516781136393547,-0.05513247847557068,0.008745701983571053
1.84,1.06726742559929,0.99614675969505,1.061928035698347,0.9957697981575554,-37.196319580078125,-27.724496841430664,-334.9856262207031,-6.1968770027160645,3.840362310409546,15.610493659973145,-0.5122921515373466,0.049188058112168864,0.8574014732973055,-0.6292206204094309,-0.7009699835872156,-0.3357417057222849,0.5844982141331204,-0.7114925277533788,0.3900515614970674,-0.02791719138622284,-0.05470629781484604,0.008422319777309895
1.85,1.06726742559929,0.99614675969505,1.061928035698347,0.9957697981575554,-37.25844955444336,-27.68603515625,-334.8291320800781,-6.22852897644043,3.8520288467407227,15.684709548950195,-0.5118683910775437,0.04911226378417688,0.8576588691092049,-0.6294423949773443,-0.7008722564373029,-0.33552995628061016,0.5846306711256872,-0.7115940315253331,0.3896676951925213,-0.0009994427673518658,-0.045662954449653625,0.008071697317063808
1.86,1.2327683038729984,1.0784987654792062,1.0212764135292514,1.043309612141855,-37.32088851928711,-27.647459030151367,-334.6719055175781,-6.25927734375,3.8633246421813965,15.759261131286621,-0.5114827272153836,0.04924242340270768,0.8578814623814538,-0.6296479179578215,-0.7008565172576734,-0.335177030282245,0.584746884704565,-0.7116005381918096,0.38948139220434275,0.021528389304876328,-0.04369990527629852,0.008006258867681026
1.87,1.0073296952277815,1.2382551756028843,1.2196829928938189,1.07856641206011,-37.383636474609375,-27.608768463134766,-334.5139465332031,-6.290887355804443,3.8749351501464844,15.833340644836426,-0.5111559566355341,0.04956043646897024,0.8580578949773826,-0.6298291449227236,-0.7009153773663377,-0.33471313385840573,0.5848374442543182,-0.711520482423668,0.38949167756149533,0.04304339736700058,-0.026149732992053032,0.007651795633137226
1.88,1.0073296952277815,1.2382551756028843,1.2196829928938189,1.07856641206011,-37.44670867919922,-27.569957733154297,-334.3552551269531,-6.32405424118042,3.887129068374634,15.906622886657715,-0.5110058912315761,0.05001077356309025,0.8581211462574758,-0.6299400240115914,-0.7010272013144517,-0.3342699944139511,0.584849164550056,-0.7113787918857637,0.38973281768444024,0.04714561626315117,-0.013927671127021313,0.008049999363720417
1.89,1.2153696757701478,1.2103906692983426,0.9645091378518437,1.1128816977395697,-37.51011657714844,-27.531023025512695,-334.1958312988281,-6.357936382293701,3.8995795249938965,15.979480743408203,-0.5108652989809426,0.05041291760204958,0.8581813235184983,-0.6300540203582419,-0.701111673452121,-0.3338777512497393,0.5848491922944996,-0.7112671502944696,0.38993648609030684,0.03542645648121834,-0.018713807687163353,0.009384733624756336
1.9,1.1862990094040964,1.1348509297193117,1.0789734728093452,1.0964450723334107,-37.5738639831543,-27.491966247558594,-334.0356750488281,-6.391730308532715,3.911975383758545,16.052282333374023,-0.5107488535440676,0.050695780450365435,0.8582339695257634,-0.6301659440164873,-0.7011406305628112,-0.3336056042331918,0.5848303100945008,-0.7112184994911985,0.3900535275782775,0.017403356730937958,0.001706418814137578,0.009840285405516624
1.91,1.1862990094040964,1.1348509297193117,1.0789734728093452,1.0964450723334107,-37.6379508972168,-27.45278549194336,-333.8747863769531,-6.4253315925598145,3.924285411834717,16.12507438659668,-0.5109091292005701,0.05083967054912136,0.858130054011612,-0.63016960104189,-0.7011163368681559,-0.33364975063572877,0.5846863566239772,-0.7112321773338406,0.39024435204464397,0.00884258933365345,0.0335000716149807,0.009537928737699986
1.92,0.9789374606213455,1.0823490514878944,0.9521182785111142,1.1687528723401817,-37.70237350463867,-27.413480758666992,-333.7131652832031,-6.4588518142700195,3.936568021774292,16.197799682617188,-0.5112897683826733,0.05097570567718024,0.857895244291461,-0.630085578709494,-0.7010913339090273,-0.33386090669616075,0.5844441258576513,-0.7112470871282174,0.39057988274117694,0.012305503711104393,0.055859360843896866,0.00925844069570303
1.93,0.9789374606213455,1.0823490514878944,0.9521182785111142,1.1687528723401817,-37.76712417602539,-27.374055862426758,-333.5508117675781,-6.4910807609558105,3.948359727859497,16.270999908447266,-0.5118140217070094,0.051071481942000674,0.8575768833850089,-0.6299433844665565,-0.7010531963479661,-0.33420913850031175,0.5841384592294171,-0.7112778076269134,0.3909809980376727,-0.009621206670999527,0.06277206540107727,0.00889749638736248
1.94,1.1976314346878707,1.2227003647707315,1.0191995051119604,1.0950366437960979,-37.832191467285156,-27.334514617919922,-333.38775634765625,-6.522111892700195,3.9597039222717285,16.344640731811523,-0.5123232499502806,0.05083802197576692,0.8572866399763697,-0.6298039296106763,-0.7008899901062151,-0.3348137273408301,0.5838423569828866,-0.711455351579072,0.3911002236028081,-0.05645470321178436,0.05638337507843971,0.008459150791168213
1.95,1.1506668548309462,0.9593861513629082,1.0436055433796998,1.1109672629834928,-37.8975715637207,-27.294858932495117,-333.22393798828125,-6.554330348968506,3.971543073654175,16.41764259338379,-0.5128396798219901,0.0502297568408403,0.8570136721942005,-0.6296583053733518,-0.7005833379524964,-0.33572817137931243,0.5835459547237367,-0.7118005044329824,0.3909145182958983,-0.09000325202941895,0.07329632341861725,0.008131303824484348
1.96,1.1506668548309462,0.9593861513629082,1.0436055433796998,1.1109672629834928,-37.96327590942383,-27.255083084106445,-333.05938720703125,-6.586708068847656,3.983487606048584,16.4904727935791,-0.5135607475687607,0.049465909188022184,0.8566262209300027,-0.6294289697208262,-0.7002179636650372,-0.3369183512914778,0.5831590954729206,-0.7122134000347022,0.3907397371374126,-0.0912722498178482,0.08921514451503754,0.007515898440033197
1.97,1.227125519840718,1.2199231928183782,1.0900512893656322,0.954164263563448,-38.02930450439453,-27.215190887451172,-332.8941345214844,-6.618223667144775,3.9951465129852295,16.563602447509766,-0.5143115480203202,0.04878831968874625,0.8562145358698897,-0.629181052934245,-0.6998923526709,-0.3380560564482574,0.5827648189462854,-0.7125800969257711,0.3906594057024124,-0.07448774576187134,0.08593717962503433,0.006544604431837797
1.98,0.9939766631223652,1.2704445930330577,0.9661281598414622,1.223221657254892,-38.095645904541016,-27.17517852783203,-332.7281188964844,-6.650469779968262,4.007143497467041,16.63629913330078,-0.5151074358996217,0.048269157250282135,0.8557653988911124,-0.6289089847964261,-0.6996347224544492,-0.33909400463354444,0.58235540550702,-0.7128683914962377,0.3907439546331088,-0.053742289543151855,0.11076045781373978,0.006267184391617775
1.99,0.9939766631223652,1.2704445930330577,0.9661281598414622,1.223221657254892,-38.16231918334961,-27.135046005249023,-332.5614318847656,-6.683329105377197,4.019433498382568,16.70860481262207,-0.5162077917735882,0.04778949275370231,0.8551290429488284,-0.6285153985806395,-0.6993911053837291,-0.34032407416629384,0.5818057317174309,-0.7131397100796373,0.39106757018228355,-0.08301042020320892,0.1412646472454071,0.006465044803917408
2.0,1.1906959784089266,1.2468030440320452,0.9986349062099601,1.2483471514778275,-38.229312896728516,-27.094789505004883,-332.3939514160156,-6.716102123260498,4.031757831573486,16.780832290649414,-0.5174735647376507,0.0467947223329267,0.8544187285865714,-0.6280545217176566,-0.6989395412829549,-0.3420979909049139,0.5811786537268162,-0.7136482127722014,0.39107237291750574,-0.16008520126342773,0.15473487973213196,0.006567987613379955
2.01,1.0495568050130375,1.193894582914167,1.114890829190843,1.0836489253652604,-38.29663848876953,-27.054410934448242,-332.2257995605469,-6.749714374542236,4.044511318206787,16.852567672729492,-0.5188627929906435,0.0451549539188032,0.8536641214122448,-0.6275402235525657,-0.6982261719707692,-0.34449017489420797,0.5804951936696331,-0.7144517078932886,0.39062013160463016,-0.2263873815536499,0.17376652359962463,0.006255028303712606
2.02,1.0495568050130375,1.193894582914167,1.114890829190843,1.0836489253652604,-38.36430740356445,-27.013898849487305,-332.0569152832031,-6.783145427703857,4.05731201171875,16.92429542541504,-0.5204237841146349,0.043076380522721336,0.8528209134213734,-0.6269492858797941,-0.6973317840138287,-0.34736576679187514,0.5797358690495354,-0.7154528694785932,0.3899147518268924,-0.2626911997795105,0.18983469903469086,0.00627649063244462
2.03,1.1112211686525728,1.2658243456965121,1.0742467803390858,0.9580474186268951,-38.43230056762695,-26.973262786865234,-331.8872985839844,-6.815734386444092,4.069910049438477,16.996320724487305,-0.5220739369767824,0.040780652878677215,0.8519247282949072,-0.6263184586411605,-0.6963367933640427,-0.35048574660439924,0.578933495917211,-0.7165556562879615,0.3890809668267074,-0.2831887900829315,0.19757874310016632,0.0069079650565981865
2.04,1.1112211686525728,1.2658243456965121,1.0742467803390858,0.9580474186268951,-38.5006217956543,-26.93250274658203,-331.71697998046875,-6.848012447357178,4.082529544830322,17.06839942932129,-0.5238405664391876,0.03834562490580107,0.8509528036285295,-0.6256376234266783,-0.6952679228026923,-0.35380797005529346,0.578073200473512,-0.7177270571548862,0.3882000081428359,-0.29579755663871765,0.22478891909122467,0.00781039334833622
2.05,0.9810372964440448,1.2154722245514638,1.2552744304766852,0.962571934278216,-38.56925964355469,-26.89161491394043,-331.5459289550781,-6.880077362060547,4.095219612121582,17.140485763549805,-0.5259414276631009,0.0358429625660967,0.8497652009244582,-0.6248156621702021,-0.6941508819824529,-0.3574352267891271,0.5770537262461019,-0.7189366001793679,0.3874779502733294,-0.30281373858451843,0.2710002064704895,0.008901296183466911
2.06,1.0689238467029745,1.2248662881132222,1.0014748648424638,1.2012331528412452,-38.63822555541992,-26.850601196289062,-331.3741760253906,-6.912053108215332,4.108048915863037,17.21251106262207,-0.5283742042792923,0.03331691514564922,0.8483576388631169,-0.6238512438044364,-0.6930001622587663,-0.3613314277958418,0.5758735328662734,-0.7201671738384786,0.3869482082522361,-0.30167073011398315,0.2946585416793823,0.010516872629523277
2.07,1.0689238467029745,1.2248662881132222,1.0014748648424638,1.2012331528412452,-38.70750427246094,-26.80945587158203,-331.2016906738281,-6.944268703460693,4.121168613433838,17.284317016601562,-0.5308978592909552,0.030762032969959274,0.8468772994524274,-0.6228453781506647,-0.6918099294548061,-0.36532541168674804,0.5746399724319888,-0.7214240908337423,0.3864404006416408,-0.32519838213920593,0.30301353335380554,0.011498981155455112
2.08,1.055408992715734,1.0584049339581583,1.2190446424352004,1.066848015685298,-38.7771110534668,-26.768177032470703,-331.02850341796875,-6.976682662963867,4.134573936462402,17.355920791625977,-0.5335096404219553,0.02785836860637514,0.8453350666306392,-0.621789300776961,-0.6904502122634715,-0.3696708939376008,0.5733633481625187,-0.7228432857016232,0.3856838800104922,-0.3771679103374481,0.3153422474861145,0.011534476652741432
2.09,1.2205633469603123,1.1816533763990982,1.1679981654377598,0.9988130455656318,-38.84703826904297,-26.726764678955078,-330.8545837402344,-7.008655071258545,4.148004055023193,17.427623748779297,-0.5361727531064306,0.0246094500530874,0.843749461507594,-0.6206950716356061,-0.6889195436124949,-0.3743360662239497,0.5720632892202926,-0.7244199316672866,0.3846548527311511,-0.39448675513267517,0.31012600660324097,0.011828231625258923
2.1,1.2205633469603123,1.1816533763990982,1.1679981654377598,0.9988130455656318,-38.91728591918945,-26.68521499633789,-330.6799621582031,-7.040836334228516,4.161752223968506,17.49913215637207,-0.5387745357471043,0.021430119025867278,0.8421773860826647,-0.6196147261435749,-0.6873949217252526,-0.3789007953704461,0.5707885692412866,-0.7259676105618426,0.383629297158877,-0.37199193239212036,0.31619954109191895,0.012409018352627754
2.11,1.2294335791140227,1.260834931430583,1.0133789280237453,1.0956315716709173,-38.987857818603516,-26.643526077270508,-330.5046081542969,-7.073471546173096,4.175928592681885,17.570327758789062,-0.5415524933038904,0.018499775202489077,0.8404633575081051,-0.6184421582833268,-0.6859578252834464,-0.3833942602468966,0.5694297093181915,-0.7274060903304714,0.3829232114875486,-0.3404155373573303,0.3459984362125397,0.012991395778954029
2.12,1.0738914550022722,1.2063798095459375,1.2603852678288876,1.0587765800644797,-39.05875778198242,-26.60169219970703,-330.32855224609375,-7.1061859130859375,4.190370559692383,17.641368865966797,-0.5446214339286796,0.01578156932576258,0.8385335030725279,-0.6171213790608687,-0.684595038805233,-0.3879314840912932,0.5679337084655925,-0.7287527529367405,0.3825842755206253,-0.3321947753429413,0.3891351819038391,0.013227695599198341
2.13,1.0738914550022722,1.2063798095459375,1.2603852678288876,1.0587765800644797,-39.129981994628906,-26.559717178344727,-330.15179443359375,-7.138894557952881,4.205050945281982,17.712278366088867,-0.5480165832465972,0.013056630826131455,0.8363655593567896,-0.6156299727579069,-0.6832078974365717,-0.39271708076221695,0.5662839933538861,-0.7301071793043601,0.382447310880083,-0.3326883316040039,0.41312822699546814,0.013887859880924225
2.14,1.049221631402468,1.0989524981695435,1.1825755912581803,1.2334906525529132,-39.2015380859375,-26.517593383789062,-329.97430419921875,-7.171485900878906,4.219931602478027,17.783098220825195,-0.5514646458016325,0.010394556837924895,0.8341335010770298,-0.6140972085220723,-0.6818215720030537,-0.3974971225514507,0.5645984085314787,-0.7314446644411507,0.3823837600425699,-0.32336026430130005,0.411614328622818,0.015190636739134789
2.15,1.049221631402468,1.0989524981695435,1.1825755912581803,1.2334906525529132,-39.27341079711914,-26.475318908691406,-329.7961120605469,-7.20380973815918,4.234938144683838,17.853891372680664,-0.5548277791528654,0.007795584110155351,0.8319287014814915,-0.6125889960122282,-0.6804364731699232,-0.40217027232853325,0.5629394793803587,-0.7327656070316468,0.38230054630684573,-0.3256363868713379,0.3908003866672516,0.015935610979795456
2.16,1.0625743567048518,1.2076289837307712,1.2360802197964653,1.198590788105622,-39.345611572265625,-26.432893753051758,-329.6172180175781,-7.235876083374023,4.250067234039307,17.924663543701172,-0.5579278454037878,0.005122972937989023,0.8298736497029917,-0.6111885183792176,-0.6789940439125072,-0.4067132691869756,0.5613956842766998,-0.7341259043785454,0.3819607862017763,-0.3397783041000366,0.354866087436676,0.01609097607433796
2.17,1.1416577556768628,1.218486279852538,1.0285982022770535,1.1694318300447308,-39.418128967285156,-26.390316009521484,-329.4376220703125,-7.268335819244385,4.265629291534424,17.99512481689453,-0.5607314063537475,0.002330671771052617,0.8279944793883858,-0.6099154834557743,-0.6774723905150258,-0.4111377666072109,0.559985172097849,-0.7355445112696797,0.381301559099344,-0.3560890853404999,0.3239522874355316,0.016514595597982407
2.18,1.1416577556768628,1.218486279852538,1.0285982022770535,1.1694318300447308,-39.49097442626953,-26.34758186340332,-329.25732421875,-7.3006110191345215,4.281332492828369,18.0655460357666,-0.5633700448983922,-0.000614227061636996,0.8262044633359834,-0.6087099419221651,-0.6758516901410455,-0.4155679240973812,0.5586469360126288,-0.7370373909501532,0.38038071090039893,-0.38153162598609924,0.3218325972557068,0.016780860722064972
2.19,1.2245701012946273,1.0205765539172655,0.9532081947987908,1.2573479134983954,-39.56414031982422,-26.304689407348633,-329.0763244628906,-7.3323140144348145,4.296984672546387,18.13611602783203,-0.5661027727081434,-0.003804418910182572,0.8243258925503358,-0.6074390930502861,-0.6740867110947661,-0.4202675982748219,0.5572660037777273,-0.7386424252114125,0.37929140342407563,-0.4148929715156555,0.34146344661712646,0.016658475622534752
2.2,1.002327763977274,1.1689204039275385,1.1575923477366579,1.1031791325848268,-39.63761901855469,-26.261640548706055,-328.8946228027344,-7.363439083099365,4.312592506408691,18.20684242248535,-0.5689833922359714,-0.007244650978187328,0.8223171008752348,-0.606069970274919,-0.672173914577053,-0.42527804986046414,0.5558210957588832,-0.7403578483371166,0.3780650286855815,-0.4403704106807709,0.3553289771080017,0.015637340024113655
2.21,1.002327763977274,1.1689204039275385,1.1575923477366579,1.1031791325848268,-39.711402893066406,-26.21843719482422,-328.7121887207031,-7.393976211547852,4.328157901763916,18.277732849121094,-0.5719061835362814,-0.01084979144635212,0.8202472793362596,-0.604650151507598,-0.6701583794722726,-0.43044853432778246,0.5543658643123728,-0.7421388202005526,0.3767073931269838,-0.45856794714927673,0.3529110252857208,0.015222572721540928
2.22,1.2587822224970913,0.9690953451926316,1.1198834612466109,0.9530605808209998,-39.785491943359375,-26.175077438354492,-328.529052734375,-7.424246788024902,4.3438496589660645,18.3486385345459,-0.5747543126818541,-0.014590580917083373,0.8181959392481188,-0.6032498204284955,-0.6680396259329858,-0.4356750077021906,0.5529440606486311,-0.743982643031286,0.37515689072917824,-0.476481556892395,0.3414798974990845,0.015999848023056984
2.23,1.0480922164543014,1.226379615921528,0.9961063994202496,0.9833191094739707,-39.859886169433594,-26.131561279296875,-328.34521484375,-7.453873157501221,4.359463691711426,18.419734954833984,-0.5775420174920375,-0.018344690552452414,0.8161548200922186,-0.6018644320067457,-0.6658781904998764,-0.4408689611458349,0.5515472994371602,-0.745834906494155,0.3735316167855546,-0.4508848190307617,0.3456203043460846,0.016280949115753174
2.24,1.0480922164543014,1.226379615921528,0.9961063994202496,0.9833191094739707,-39.934566497802734,-26.087888717651367,-328.16064453125,-7.48273229598999,4.374922275543213,18.491077423095703,-0.5804654393913145,-0.02179475367407252,0.81399315868411,-0.6003844349598857,-0.6638518523634789,-0.44591394727175426,0.5500894508442669,-0.7475464579715861,0.37225782630320686,-0.4324535131454468,0.37486791610717773,0.016571147367358208
2.25,1.0351335046374073,1.006816863591931,1.2050750273216604,1.2351577594212924,-40.00953674316406,-26.0440616607666,-327.9753723144531,-7.51123046875,4.39044189453125,18.562463760375977,-0.5836781126758394,-0.025284872601773534,0.8115913602304319,-0.598725872871505,-0.6617698195858289,-0.45120730827369615,0.5484953873437999,-0.7492805756876738,0.3711218519027456,-0.4526026248931885,0.4152166545391083,0.0173489972949028
2.26,1.0351335046374073,1.006816863591931,1.2050750273216604,1.2351577594212924,-40.08479309082031,-26.000078201293945,-327.7893981933594,-7.540406227111816,4.406618118286133,18.63341522216797,-0.5870869803436973,-0.028917538190433634,0.8090072023758034,-0.5969350567999532,-0.6595714442009328,-0.4567647621674995,0.546806561293988,-0.7510854052500957,0.3699639151946358,-0.4656105637550354,0.40937337279319763,0.017724812030792236
2.27,0.9813393224792865,0.955943516123972,0.9666109339410495,1.0492066500454698,-40.16034698486328,-25.9559268951416,-327.6026916503906,-7.570217609405518,4.4234442710876465,18.703948974609375,-0.5902067017920116,-0.032585214052768485,0.8065942306915732,-0.595280403350482,-0.6573204744974852,-0.4621374635249652,0.5452497506158833,-0.7529063671078472,0.36855760990892705,-0.46770918369293213,0.35941067337989807,0.017657749354839325
2.28,1.0188254288093053,1.047499815434611,1.14075169672083,1.1951278782649697,-40.23619079589844,-25.911611557006836,-327.4153137207031,-7.59802770614624,4.439399242401123,18.775278091430664,-0.592942673649853,-0.03626276814284751,0.8044277453019517,-0.5938208553152926,-0.6550345252944959,-0.4672328781933358,0.543871103808226,-0.75472828376763,0.3668643347663949,-0.4725239872932434,0.3253345191478729,0.017423540353775024
2.29,1.0188254288093053,1.047499815434611,1.14075169672083,1.1951278782649697,-40.31230926513672,-25.867136001586914,-327.2272033691406,-7.6255621910095215,4.4554524421691895,18.846630096435547,-0.5954653881981063,-0.039994953513501075,0.8023848049106681,-0.5924630242199636,-0.6526895521669479,-0.4722117252083471,0.5425942649809459,-0.7565690663684059,0.3649585064417942,-0.4830395579338074,0.29772675037384033,0.017245501279830933
2.3,1.1917816999185245,0.9617651576446138,1.19384806877923,1.2502325999837602,-40.38870620727539,-25.822498321533203,-327.0383605957031,-7.654258728027344,4.472437381744385,18.91734504699707,-0.5977119975232279,-0.04381457421522755,0.8005127426238332,-0.5912489962598129,-0.6502647474162486,-0.477053857221013,0.5414471280176458,-0.7584431694952636,0.3627657180707988,-0.49590998888015747,0.2606237530708313,0.017194338142871857
2.31,1.1822403315879102,0.968873918336296,1.0941220779717664,1.0911376983507675,-40.465396881103516,-25.777685165405273,-326.8488464355469,-7.683725833892822,4.4901299476623535,18.98761749267578,-0.5996467177652471,-0.047678356986693704,0.798843281343979,-0.5902043295316333,-0.6477869567798182,-0.48169586673341636,0.5404467256589509,-0.7603281087142519,0.36030334972565453,-0.48946788907051086,0.22075164318084717,0.016651704907417297
2.32,1.1822403315879102,0.968873918336296,1.0941220779717664,1.0911376983507675,-40.54237747192383,-25.732696533203125,-326.65863037109375,-7.712798595428467,4.507819175720215,19.0579776763916,-0.6012990238203209,-0.05138428738182571,0.7973701392471324,-0.5893122947502498,-0.645385694161017,-0.48599210387463837,0.5395836387520698,-0.7621266041692578,0.35778839557552955,-0.4615641236305237,0.19701150059700012,0.0157808568328619
2.33,1.0010739976536973,1.2057541875457223,1.134436610744569,1.212771013888617,-40.61964416503906,-25.687532424926758,-326.4676818847656,-7.740957736968994,4.525169372558594,19.128660202026367,-0.6028433263496449,-0.054836701601905236,0.7959729015695945,-0.5884703548243111,-0.6431237772471694,-0.4899943353063205,0.5387787721956435,-0.7637962708057411,0.35543310388116356,-0.42809271812438965,0.1894666850566864,0.014974716119468212
2.34,1.004162671456777,1.0854332172178784,1.1035954584518404,1.2105775889381425,-40.69719696044922,-25.64219093322754,-326.2760314941406,-7.769690990447998,4.543076038360596,19.198991775512695,-0.6043175980512038,-0.05811783546222021,0.7946210152562105,-0.5876587254045624,-0.6409520503193517,-0.49379924225063865,0.5380125120678043,-0.7653775450015542,0.35318515040398435,-0.4320513904094696,0.17685499787330627,0.014821698889136314
2.35,1.004162671456777,1.0854332172178784,1.1035954584518404,1.2105775889381425,-40.7750358581543,-25.59667205810547,-326.0837097167969,-7.798484802246094,4.56121826171875,19.269197463989258,-0.6056408054107463,-0.06158754688129725,0.793351239294782,-0.5869338394572363,-0.6386414723520006,-0.49764016909013276,0.5373154407993591,-0.7670358817299311,0.35063952033017814,-0.4641331732273102,0.15195326507091522,0.01497690286487341
2.36,1.0271980565765004,1.1156072300411444,1.1173480662923023,1.1858558983621608,-40.8531608581543,-25.550968170166016,-325.8906555175781,-7.826754093170166,4.579230308532715,19.33954429626465,-0.6067325478676037,-0.06529668479308037,0.79221964019653,-0.586347392411991,-0.6361590342570415,-0.501496179990244,0.5367237192166423,-0.768789975278152,0.3476918508421985,-0.4943687617778778,0.12077243626117706,0.014939648099243641
2.37,1.0271980565765004,1.1156072300411444,1.1173480662923023,1.1858558983621608,-40.93157196044922,-25.50508689880371,-325.6968994140625,-7.855008602142334,4.597426891326904,19.40981101989746,-0.6075837956321932,-0.0692322621221047,0.7912324722650314,-0.5859073397837204,-0.633511364301296,-0.505347346375416,0.5362411029310802,-0.7706297717987328,0.34434754877113893,-0.5219468474388123,0.0931275337934494,0.014957698062062263
2.38,0.9831212389288246,0.9653788248325255,1.0668680518497877,1.0346550592445547,-41.01026153564453,-25.459014892578125,-325.50244140625,-7.883285045623779,4.6158294677734375,19.47998809814453,-0.6082365822173958,-0.07336910756424997,0.7903576621427328,-0.5855903407822716,-0.6307112263586463,-0.5092026136300511,0.5358471916834162,-0.7725414700845499,0.3406573999850851,-0.5472572445869446,0.06946580111980438,0.015047978609800339
2.39,1.0703166125243642,1.0057689481122898,1.24837384699105,1.1138597885485526,-41.0892333984375,-25.412769317626953,-325.3072814941406,-7.910025596618652,4.633430004119873,19.550743103027344,-0.6087066342378974,-0.07765731911621504,0.7895856978330176,-0.5853886264289365,-0.6277888425121584,-0.5130315051387077,0.5355337426179736,-0.7745001678533886,0.33667952196808654,-0.556424617767334,0.04686378687620163,0.01513273362070322
2.4,1.0703166125243642,1.0057689481122898,1.24837384699105,1.1138597885485526,-41.16846466064453,-25.366350173950195,-325.1114196777344,-7.936732292175293,4.651188373565674,19.621427536010742,-0.6089772062411923,-0.08190726216738103,0.7889473763711471,-0.5853153869626355,-0.6248669877389489,-0.5166692805062372,0.5353061367698418,-0.7764228538871691,0.33258817161506377,-0.5394513607025146,0.01563914306461811,0.015308587811887264
2.41,1.147160109865043,1.133570823352732,1.1232654664915236,1.1872266224974153,-41.24797058105469,-25.319744110107422,-324.91485595703125,-7.964457988739014,4.669777870178223,19.69158935546875,-0.6089587040348505,-0.08595387152326778,0.7885310575686645,-0.5854324157900268,-0.6220555893463746,-0.5199189651332096,0.5351991996653659,-0.778240821168548,0.32848598287363123,-0.5098314881324768,-0.02401861362159252,0.015571845695376396
2.42,1.2193490926501993,1.257954850101105,1.1880513273170745,1.21648286067146,-41.327754974365234,-25.272947311401367,-324.71759033203125,-7.99279260635376,4.688916206359863,19.76140594482422,-0.6086690391477723,-0.08980560187432057,0.7883254116511271,-0.5857300023336691,-0.6193542086111659,-0.5228008498862993,0.5352031064457006,-0.7799585361720376,0.32437989565206476,-0.4975404143333435,-0.047195520251989365,0.015555721707642078
2.43,1.2193490926501993,1.257954850101105,1.1880513273170745,1.21648286067146,-41.40782928466797,-25.22595977783203,-324.5196228027344,-8.02262020111084,4.709179878234863,19.83051872253418,-0.6082992706016729,-0.09365362274516062,0.7881630518694591,-0.586080996852414,-0.616641862708102,-0.5256062007666602,0.5352392572616036,-0.7816532556719695,0.3202141867304718,-0.5040088295936584,-0.04707524552941322,0.015443636104464531
2.44,1.0297266902122593,1.269716882434445,1.0534375985246027,1.1672757499759059,-41.48820877075195,-25.178762435913086,-324.32098388671875,-8.05339527130127,4.730215549468994,19.89914894104004,-0.6079764944003591,-0.09757060554911182,0.7879369005126172,-0.5864018030059617,-0.6138687826152974,-0.5284865591117434,0.5352546194924502,-0.7833550246619936,0.316002211461882,-0.5140898823738098,-0.03814726695418358,0.01545315608382225
2.45,1.048381001976495,1.2514381530586203,1.2693821109636483,1.2344251694222705,-41.56889343261719,-25.13135528564453,-324.12164306640625,-8.082887649536133,4.7505388259887695,19.968191146850586,-0.607732288762736,-0.10162561007267801,0.7876126589717577,-0.5866716275799807,-0.610986022563493,-0.5315190322318657,0.5352362717416138,-0.7850912785207838,0.31169507182940576,-0.5465968251228333,-0.027595721185207367,0.015704818069934845
2.46,1.048381001976495,1.2514381530586203,1.2693821109636483,1.2344251694222705,-41.64986801147461,-25.083751678466797,-323.921630859375,-8.11208438873291,4.770822525024414,20.0372371673584,-0.6075238382777723,-0.1059991325438514,0.7871969066403869,-0.5869215413283204,-0.6078648987513384,-0.5348115267931438,0.5351989258668516,-0.7869335732868282,0.30707924219164034,-0.5853420495986938,-0.03597228229045868,0.0163817647844553
2.47,1.0177321080746593,1.2641443588939296,1.0639416585426353,1.196643484427811,-41.731136322021484,-25.035940170288086,-323.7209167480469,-8.141936302185059,4.791721343994141,20.10590171813965,-0.607158710299117,-0.11061752219989301,0.7868431001732616,-0.5872849887956166,-0.6045480534410127,-0.5381616792526344,0.5352145760750968,-0.7888506923765987,0.30209260615532385,-0.6137245893478394,-0.0623655766248703,0.017280936241149902
2.48,1.0177321080746593,1.2641443588939296,1.0639416585426353,1.196643484427811,-41.812705993652344,-24.98792266845703,-323.5195007324219,-8.170809745788574,4.8121232986450195,20.174806594848633,-0.6066158744023207,-0.11548737962938813,0.7865620420980441,-0.5877776525284049,-0.6010289083005851,-0.5415548749436244,0.5352892789056265,-0.790839374673103,0.2967127758546132,-0.6567999124526978,-0.07575766742229462,0.017964137718081474
2.49,1.1350257577240033,1.212709138543237,1.063772130635244,1.1493943343293558,-41.89455032348633,-24.939697265625,-323.3174133300781,-8.198668479919434,4.832000732421875,20.24394416809082,-0.6060415776688645,-0.12076656428889512,0.7862118309250311,-0.588298322034878,-0.5971978577218556,-0.5452153730622177,0.5353678085462187,-0.7929502857571099,0.29087996474514527,-0.7146693468093872,-0.0750901997089386,0.018425900489091873
2.5,1.0424435910791285,1.0272857446366843,1.225577614094617,1.1957614918342623,-41.9766731262207,-24.891279220581055,-323.1146240234375,-8.226312637329102,4.851916790008545,20.31299591064453,-0.605504800335699,-0.12646283942879186,0.7857296526248917,-0.5887983959091491,-0.5930446108646635,-0.5491944450731386,0.535425425008225,-0.795176231893275,0.2846302416939815,-0.7580880522727966,-0.06468497216701508,0.018623001873493195
2.51,1.0424435910791285,1.0272857446366843,1.225577614094617,1.1957614918342623,-42.05907440185547,-24.84265899658203,-322.9111328125,-8.253567695617676,4.871767044067383,20.38200569152832,-0.6050013906199464,-0.13237684177564066,0.7851431010391915,-0.5892788181220038,-0.5887048053556906,-0.5533327449770642,0.5354659577047504,-0.7974352788236958,0.27816035703656466,-0.7705193758010864,-0.08025354892015457,0.018643150106072426
2.52,1.2057236408601937,1.268025679527782,0.9694901529856067,1.1044538349452218,-42.141746520996094,-24.793840408325195,-322.70697021484375,-8.280399322509766,4.891529560089111,20.450958251953125,-0.6042237729543881,-0.13829791056331006,0.7847211734945011,-0.5899563489633046,-0.5843260557060125,-0.5572383394391863,0.5355979261672433,-0.7996478903597989,0.27147396362905873,-0.7660530209541321,-0.1258789449930191,0.018659226596355438
2.53,1.254044406081406,1.123205115438851,1.2202293732759415,1.1150821392702002,-42.22468566894531,-24.744831085205078,-322.50213623046875,-8.307209968566895,4.911471366882324,20.51969337463379,-0.6032041983987269,-0.14421853535816231,0.7844397421684446,-0.5908099470294678,-0.5799171632890965,-0.5609275267035526,0.5358062163928174,-0.8018086416233451,0.26460272238383975,-0.7777780890464783,-0.12393393367528915,0.0184953473508358
2.54,1.254044406081406,1.123205115438851,1.2202293732759415,1.1150821392702002,-42.30789566040039,-24.69561195373535,-322.29656982421875,-8.334599494934082,4.932020664215088,20.58799171447754,-0.6023787619905071,-0.15022893473136967,0.7839458490688382,-0.5915277956424223,-0.575415289499909,-0.564793866461165,0.5359428085954698,-0.8039455900614255,0.25775335911600805,-0.7732584476470947,-0.09913196414709091,0.01827474869787693
2.55,0.9643187276001878,1.017059925558316,1.1120990965736635,1.167864886917296,-42.391380310058594,-24.64618682861328,-322.09033203125,-8.362347602844238,4.953037261962891,20.655916213989258,-0.6016664272374579,-0.15605573054165212,0.7833544021070056,-0.5921673526162792,-0.5710148331344296,-0.568577072027959,0.5360366935488092,-0.8059706379922105,0.25114934573613584,-0.7402931451797485,-0.09062343090772629,0.018123773857951164
2.56,1.172233750926471,1.1984915400896232,1.1771680788965329,1.0614622314102966,-42.47513961791992,-24.5965518951416,-321.8834228515625,-8.388323783874512,4.972973823547363,20.724140167236328,-0.6009487593068711,-0.16166955306578443,0.7827665963101914,-0.5928138588278149,-0.5667394862695617,-0.5721696282437483,0.536127146737794,-0.8078795147263131,0.24474143951601068,-0.7297356128692627,-0.10784468054771423,0.01802663877606392
2.57,1.172233750926471,1.1984915400896232,1.1771680788965329,1.0614622314102966,-42.55915069580078,-24.546722412109375,-321.67584228515625,-8.413830757141113,4.992763042449951,20.79222297668457,-0.6000631913694092,-0.16727906834122816,0.7822671408530788,-0.5935872267012026,-0.5624386508990271,-0.5756013970379655,0.536263340776465,-0.80974099394175,0.23820401354614468,-0.7279754877090454,-0.11749839037656784,0.01824154146015644
2.58,1.247185922489169,0.9569684297364192,1.194674656102941,1.1420794012324804,-42.64341735839844,-24.496692657470703,-321.46759033203125,-8.44006633758545,5.013275146484375,20.85977554321289,-0.5992286919444633,-0.17281444734475684,0.7817033590432204,-0.5943298963321787,-0.5581608294297925,-0.5789891733150354,0.5363738892566542,-0.8115366013182477,0.23175719113873916,-0.7154712677001953,-0.10266553610563278,0.018723607063293457
2.59,1.247185922489169,0.9569684297364192,1.194674656102941,1.1420794012324804,-42.72795104980469,-24.44645881652832,-321.2586364746094,-8.465951919555664,5.033720970153809,20.927114486694336,-0.5984821711944889,-0.1781875796329127,0.7810686763831304,-0.5950133134623945,-0.5539731913870926,-0.5822996307974978,0.5364496691813997,-0.8132422085018488,0.22551909618966354,-0.6820794939994812,-0.10265297442674637,0.018517885357141495
2.6,1.1309462395128413,1.0840523327316915,1.0356038231549236,1.1009240222753227,-42.812740325927734,-24.396018981933594,-321.04901123046875,-8.491387367248535,5.054020404815674,20.9942569732666,-0.5976525409022937,-0.1832073022334004,0.7805424554509457,-0.5957579919931885,-0.5500313671221764,-0.5852673834735314,0.5365480922799708,-0.8148009447650812,0.21958042963947122,-0.6304812431335449,-0.11910341680049896,0.017638005316257477
2.61,0.996135013327193,1.1147400582175508,1.108256372933042,1.1804653779329906,-42.89777755737305,-24.345378875732422,-320.8387451171875,-8.515884399414062,5.073780536651611,21.061328887939453,-0.596720634480186,-0.18788602833068427,0.7801431437522769,-0.5965769751445668,-0.5463343457609434,-0.5878900368005239,0.536675318151416,-0.8162215526436946,0.2139204989873414,-0.6039940714836121,-0.12328903377056122,0.0169040746986866
2.62,0.996135013327193,1.1147400582175508,1.108256372933042,1.1804653779329906,-42.983055114746094,-24.294538497924805,-320.6278076171875,-8.539693832397461,5.093173980712891,21.128250122070312,-0.5957771651910873,-0.19252197370164628,0.7797338386134685,-0.5974048862230278,-0.5426569793946507,-0.5904496630798637,0.5368025441013884,-0.8175932315988776,0.2082890690602385,-0.6160242557525635,-0.1319269984960556,0.016686584800481796
2.63,1.175166460083635,1.2568751638285705,1.0716140116687976,0.9928680302732767,-43.068572998046875,-24.243507385253906,-320.41619873046875,-8.563345909118652,5.11259651184082,21.19485092163086,-0.5946938147742207,-0.19732993502558568,0.7793588155734709,-0.5983424781525445,-0.538831762385318,-0.592997985395401,0.5369595380543649,-0.818975719168481,0.2023690339575516,-0.6438270211219788,-0.15514081716537476,0.016774576157331467
2.64,1.2246335402253399,1.0489775997768656,0.976591616645998,0.9605930672966628,-43.15432357788086,-24.192285537719727,-320.20391845703125,-8.58711051940918,5.13225793838501,21.26103973388672,-0.593519147997735,-0.20232490320883925,0.7789734620008415,-0.5993548649678441,-0.5348442593485813,-0.5955798553353235,0.5371301209198942,-0.8203695824342838,0.19617589407768357,-0.6594278216362,-0.14282089471817017,0.017118660733103752
2.65,1.2246335402253399,1.0489775997768656,0.976591616645998,0.9605930672966628,-43.24031066894531,-24.140872955322266,-319.990966796875,-8.609916687011719,5.1513447761535645,21.32706069946289,-0.5926124812619337,-0.2073315476684273,0.7783470154076453,-0.6001683902435859,-0.5308248764911417,-0.5983501097606542,0.5372228126252618,-0.8217290184967175,0.19013960596210366,-0.6470806002616882,-0.09802541881799698,0.017067676410079002
2.66,1.2466352071216098,1.0852913670336222,1.2478857430167591,0.9642165844128728,-43.326515197753906,-24.089269638061523,-319.7773742675781,-8.63155460357666,5.169706344604492,21.392961502075195,-0.5920697122117448,-0.21216026627844403,0.777458344410915,-0.6007026131999544,-0.5269245469113456,-0.6012544322971921,0.5372241863284334,-0.8230057978379816,0.18453083847644494,-0.6190967559814453,-0.05041268840432167,0.01649089902639389
2.67,1.1095341396755127,1.2459570967242195,1.0049145743151564,1.2024765902126726,-43.412940979003906,-24.0374755859375,-319.5631103515625,-8.654003143310547,5.188876152038574,21.458269119262695,-0.5918606596737221,-0.21670628966856761,0.7763628942373979,-0.600977832349424,-0.5232244282471847,-0.6042034779029279,0.5371467253508799,-0.8241811583041008,0.17944027903828272,-0.5695696473121643,-0.017336566001176834,0.016396351158618927
2.68,1.1095341396755127,1.2459570967242195,1.0049145743151564,1.2024765902126726,-43.49959945678711,-23.985490798950195,-319.34820556640625,-8.677351951599121,5.208937644958496,21.522981643676758,-0.5918447198648428,-0.22092321750112226,0.7751856290831624,-0.6011042432664695,-0.5197573433976078,-0.607063417371947,0.5370228266053049,-0.8252546491557703,0.1748177558248463,-0.5613498091697693,0.0038889620918780565,0.016450848430395126
2.69,1.0572074984968722,1.1978043139569605,1.1789405101753871,1.1903109596930395,-43.586490631103516,-23.93329620361328,-319.1326599121094,-8.700650215148926,5.229160308837891,21.58732032775879,-0.5919929086026657,-0.22533660410520523,0.7738008858966821,-0.6011010878430127,-0.5161149563994759,-0.6101662347055217,0.5368629977546437,-0.8263466383008411,0.17008631635377452,-0.6059769988059998,0.02500113658607006,0.016252513974905014
2.7,1.0572074984968722,1.1978043139569605,1.1789405101753871,1.1903109596930395,-43.673614501953125,-23.880903244018555,-318.9164733886719,-8.723913192749023,5.249579906463623,21.651260375976562,-0.5922578509628701,-0.23008776756655996,0.7721983276264459,-0.6010042850630501,-0.5121802315345761,-0.6135676488872602,0.5366791288178581,-0.8274847609723245,0.16505902898623967,-0.6440126299858093,0.028029436245560646,0.016389697790145874
2.71,0.9847539860129845,0.9773406364411872,1.254483403701712,1.0684335316554747,-43.76096725463867,-23.828306198120117,-318.69964599609375,-8.747076034545898,5.270165920257568,21.714794158935547,-0.5924630389599401,-0.2350600564587432,0.7705415740399508,-0.6009562912365934,-0.5080353982675962,-0.6170507030465517,0.5365063685451565,-0.8286415412979835,0.159731376209533,-0.6701062321662903,0.014260408468544483,0.01686014048755169
2.72,0.9531288232545233,0.9837172138518987,1.065882181784957,0.960666970985622,-43.84854507446289,-23.775501251220703,-318.482177734375,-8.768744468688965,5.289803504943848,21.778181076049805,-0.5925082523768765,-0.24014251600471584,0.7689379317423639,-0.6010396336339847,-0.5037648446384748,-0.6204613929226368,0.5363630577010547,-0.8297906683696183,0.15414965786623377,-0.6680974364280701,-0.018827807158231735,0.01746518723666668
2.73,0.9531288232545233,0.9837172138518987,1.065882181784957,0.960666970985622,-43.93632888793945,-23.722511291503906,-318.2640686035156,-8.787839889526367,5.307600021362305,21.84160614013672,-0.592269095258822,-0.24509531807115253,0.7675582087769613,-0.6013575632247421,-0.4995624262634494,-0.6235434735591227,0.5362708270582105,-0.830882463002666,0.14848546299529375,-0.6504045128822327,-0.049340128898620605,0.018069390207529068
2.74,1.0074331369796856,1.2450964168448637,1.2572703833763421,1.0726753835104836,-44.024295806884766,-23.66935157775879,-318.04534912109375,-8.805418014526367,5.32436990737915,21.90483283996582,-0.5918740455127055,-0.24992524362759483,0.7663044348339055,-0.6018077835742112,-0.495427604912403,-0.6264015325015221,0.5362019264026562,-0.8319187826275155,0.1428237838514067,-0.6377170085906982,-0.06473412364721298,0.018603067845106125
2.75,1.1379748634144597,1.0530426676188533,0.9545951834791649,0.9990527874772916,-44.11244201660156,-23.616012573242188,-317.82598876953125,-8.82470989227295,5.342738151550293,21.967239379882812,-0.5913772389749127,-0.2546748528805276,0.7651233106713524,-0.6023485423313969,-0.4913265369799299,-0.6291060861337706,0.5361428865271372,-0.8329099311267644,0.13715630447324745,-0.6355025768280029,-0.07717779278755188,0.01967456564307213
2.76,1.1379748634144597,1.0530426676188533,0.9545951834791649,0.9990527874772916,-44.20079040527344,-23.562484741210938,-317.6059875488281,-8.844143867492676,5.361420154571533,22.029098510742188,-0.5908507323250664,-0.25942124181592596,0.7639345727257116,-0.6029236582106309,-0.4871935180033555,-0.6317638311785698,0.5360769296293613,-0.8338723495297089,0.13144744276310522,-0.6352975368499756,-0.06686991453170776,0.02019363082945347
2.77,1.1380548042125,0.9883245549827551,1.2006746536207398,1.151127287992422,-44.28932571411133,-23.5087833404541,-317.3853759765625,-8.862100601196289,5.379083156585693,22.09068489074707,-0.5905054972155811,-0.26413188885957745,0.7625861282803742,-0.6033505783922568,-0.4830671776971039,-0.6345188581795531,0.5359769932673496,-0.8347936554138553,0.1258896960392904,-0.6297165155410767,-0.03626709431409836,0.01980542577803135
2.78,1.0264662816696477,1.2176152402880231,1.1699501697010075,1.0788118503427824,-44.37803649902344,-23.454904556274414,-317.1641540527344,-8.880744934082031,5.3975300788879395,22.15163803100586,-0.5903266382048153,-0.26875883798042355,0.7611065281767153,-0.6036376457422116,-0.4789902735768836,-0.6373302993437095,0.5358507748138479,-0.8356656058652614,0.12052776570253111,-0.6112397313117981,-0.034733302891254425,0.01935417577624321
2.79,1.0264662816696477,1.2176152402880231,1.1699501697010075,1.0788118503427824,-44.46693801879883,-23.400840759277344,-316.94232177734375,-8.900174140930176,5.416851997375488,22.211942672729492,-0.5900541929886882,-0.2732395620822599,0.7597211271575661,-0.6040031682687099,-0.47501376142254237,-0.6399547633861074,0.5357389495433653,-0.8364819592629018,0.11524630046065965,-0.604266881942749,-0.04721721634268761,0.019670333713293076
2.8,0.9683940094042203,1.2040952633462403,1.0913198247908211,1.1713164814209438,-44.5560302734375,-23.346569061279297,-316.7198791503906,-8.919465065002441,5.436270236968994,22.2717342376709,-0.5897400493106352,-0.2777516831411724,0.7583275524147433,-0.6044107420410396,-0.47097964620277843,-0.6425463623491345,0.5356251759808244,-0.8372766420813083,0.10987945886542838,-0.6169989705085754,-0.04963911697268486,0.02067270316183567
2.81,0.9683940094042203,1.2040952633462403,1.0913198247908211,1.1713164814209438,-44.64531326293945,-23.292104721069336,-316.49688720703125,-8.938234329223633,5.455466270446777,22.3310489654541,-0.5894038591260855,-0.2824014094102921,0.7568702232287634,-0.6048457097277999,-0.46679451175204356,-0.645185671897668,0.5355042093869586,-0.8380646322099817,0.10432120574263216,-0.6489776372909546,-0.05654950067400932,0.021525420248508453
2.82,1.0228535231146356,0.9790945818305961,1.2415837933740377,1.2498275809646495,-44.73478698730469,-23.237449645996094,-316.2732849121094,-8.956456184387207,5.474423885345459,22.389856338500977,-0.588993349257906,-0.2873567638700407,0.7553230598810631,-0.605351440711912,-0.4623148165963866,-0.6479310484792822,0.5353844112018643,-0.8388629808339303,0.09834852123161843,-0.6966590881347656,-0.06875130534172058,0.022160116583108902
2.83,1.0553044236382083,1.2368899776248923,1.2315061762706758,1.173537307806938,-44.824440002441406,-23.18260383605957,-316.0491027832031,-8.974462509155273,5.493442058563232,22.44806671142578,-0.588421014099773,-0.29260129037591487,0.7537540680063654,-0.6060024379269944,-0.4575532145200265,-0.6506966275530632,0.5352772696391416,-0.8396603722653226,0.09191683118409619,-0.719627857208252,-0.1092115044593811,0.022356411442160606
2.84,1.0553044236382083,1.2368899776248923,1.2315061762706758,1.173537307806938,-44.914276123046875,-23.127567291259766,-315.8243408203125,-8.992945671081543,5.513119697570801,22.50554656982422,-0.5874864028759768,-0.2979175140383969,0.7523994160451131,-0.6069712130048366,-0.4527003351431278,-0.6531832462217148,0.5352061967310195,-0.8404210619626816,0.08512793660271414,-0.7300888299942017,-0.14938408136367798,0.02271943911910057
2.85,1.164932451842741,1.0983073800991374,1.2540163577378725,1.0115753830171157,-45.004302978515625,-23.07234001159668,-315.5989990234375,-9.011673927307129,5.533252239227295,22.562294006347656,-0.586355007840159,-0.3033376956144255,0.7511152023492118,-0.6081205330583165,-0.4477239291504573,-0.6555400068180015,0.5351422446916672,-0.8411477430781149,0.07805928683351741,-0.7484399080276489,-0.16902019083499908,0.023539550602436066
2.86,0.9542840359134248,0.9832565468328137,0.9707893140097021,1.1993356652698173,-45.094512939453125,-23.016902923583984,-315.3730773925781,-9.029461860656738,5.552803993225098,22.618396759033203,-0.5851152380666151,-0.30880380510609684,0.7498535644605849,-0.6093759322334998,-0.4426728164848794,-0.6578006922768462,0.5350711461075078,-0.8418319235437326,0.07083700378938948,-0.734764814376831,-0.17818626761436462,0.0242952648550272
2.87,0.9542840359134248,0.9832565468328137,0.9707893140097021,1.1993356652698173,-45.18488693237305,-22.96128273010254,-315.1466064453125,-9.044811248779297,5.570450305938721,22.673973083496094,-0.5838083887371338,-0.31411548553848095,0.7486649631077146,-0.6106992272429914,-0.4377280181546034,-0.6598792586278612,0.5349899242835928,-0.8424521611743703,0.06371920470053058,-0.7338405251502991,-0.19575607776641846,0.02422177791595459
2.88,1.149419773232068,1.0799784430618649,1.0070389565437892,1.1303931555613391,-45.2754020690918,-22.905494689941406,-314.9195861816406,-9.05828857421875,5.586664199829102,22.72892951965332,-0.5823049703866905,-0.319590553567736,0.7475177586741494,-0.6121978549833641,-0.43262271751482073,-0.6618544935587125,0.5349156081259209,-0.8430299296942902,0.05626570734396333,-0.7689569592475891,-0.2270323634147644,0.023450419306755066
2.89,1.2457672301349436,1.0925498549962083,1.0737280793132609,1.102215846920797,-45.36605453491211,-22.849546432495117,-314.6920471191406,-9.071990013122559,5.603297233581543,22.78303337097168,-0.5806156349725932,-0.3253101447565794,0.7463637143804792,-0.6138615465702472,-0.4272877598892745,-0.6637764472254117,0.53484529171318,-0.8435629673991496,0.04839456544886324,-0.7934997081756592,-0.23785148561000824,0.022582577541470528
2.9,1.2457672301349436,1.0925498549962083,1.0737280793132609,1.102215846920797,-45.456844329833984,-22.793424606323242,-314.46392822265625,-9.086502075195312,5.620880126953125,22.836206436157227,-0.5789588734795843,-0.3311074650635085,0.7451003082796763,-0.615497047607251,-0.42186966890321975,-0.6657246929822009,0.534761635877153,-0.8440342582139102,0.04044952107610278,-0.7905644178390503,-0.22329457104206085,0.021734988316893578
2.91,0.995368771810137,1.2645251480383597,1.0250973655516382,1.1649333037604304,-45.54778289794922,-22.73712921142578,-314.23529052734375,-9.101079940795898,5.63876485824585,22.888490676879883,-0.5774478425010542,-0.33680684451926063,0.7437171093069304,-0.6170033439073803,-0.4165236348528765,-0.6676937435801378,0.5346595765512752,-0.8444342550453092,0.03270972497721352,-0.7730212211608887,-0.2013801485300064,0.02091645821928978
2.92,0.995368771810137,1.2645251480383597,1.0250973655516382,1.1649333037604304,-45.63886260986328,-22.680652618408203,-314.00616455078125,-9.114998817443848,5.656307697296143,22.939931869506836,-0.5760910646678624,-0.34246013714356116,0.742186054623409,-0.6183734034251508,-0.411200086171937,-0.6697229450068045,0.5345403812119757,-0.8447695209936286,0.02512045489140017,-0.794322669506073,-0.18482163548469543,0.02070852741599083
2.93,1.2056749083708005,1.1367276978971868,1.0445514179911373,0.9744612157032698,-45.730079650878906,-22.624004364013672,-313.7765197753906,-9.128192901611328,5.673460483551025,22.990507125854492,-0.5748341958648694,-0.3484396259911418,0.7403752253442455,-0.6196611503097087,-0.40555113455289044,-0.6719734638062071,0.5344021950378175,-0.8450550895071969,0.017210160857640537,-0.8533081412315369,-0.1740565001964569,0.021058181300759315
2.94,1.0963255005978743,1.0070798914317036,1.0259032388274574,0.9682534428099527,-45.8214225769043,-22.567184448242188,-313.5463562011719,-9.14048957824707,5.69009256362915,23.040163040161133,-0.5737021630866717,-0.35475901198715176,0.7382491933511164,-0.6208449079967218,-0.3995547827556662,-0.6744683653008601,0.5342447269596735,-0.8452822126313628,0.008975116980379743,-0.8755595684051514,-0.14663119614124298,0.021240636706352234
2.95,1.0963255005978743,1.0070798914317036,1.0259032388274574,0.9682534428099527,-45.91288375854492,-22.510204315185547,-313.31573486328125,-9.151016235351562,5.705423355102539,23.088884353637695,-0.5728184294183548,-0.36103766517410235,0.7358877979993429,-0.6218088480736068,-0.39355493850768763,-0.6771028480471664,0.5340719084318731,-0.8454385339584674,0.0009391070727176893,-0.8589573502540588,-0.11784859001636505,0.021156534552574158
2.96,1.0666160013762829,1.207494836034789,0.9540844013670501,1.1667838526608534,-46.00444030761719,-22.453079223632812,-313.0845947265625,-9.160097122192383,5.719743728637695,23.136672973632812,-0.5720954395338789,-0.36714572394582856,0.7334240420471853,-0.6226297163419023,-0.38767182696544084,-0.6797372955085512,0.5338904797732772,-0.8455262100997052,-0.006810553713837871,-0.836486279964447,-0.10053099691867828,0.020994842052459717
2.97,0.9653051280543133,1.0090017846386157,1.210178516654581,0.9722089052779904,-46.09608840942383,-22.395809173583984,-312.8529968261719,-9.169495582580566,5.734679222106934,23.183542251586914,-0.5715021235975954,-0.37315959360329126,0.7308469336497662,-0.623333830013866,-0.3818364026338472,-0.6823898431130755,0.5337042805558935,-0.845548862766351,-0.014382683715047136,-0.8515405654907227,-0.08177302777767181,0.02075187861919403
2.98,0.9653051280543133,1.0090017846386157,1.210178516654581,0.9722089052779904,-46.18783187866211,-22.33838653564453,-312.62091064453125,-9.178424835205078,5.749510765075684,23.229467391967773,-0.5710007519780977,-0.3793270349512562,0.7280584741595523,-0.6239563206654725,-0.37581349605385517,-0.6851589057185093,0.5335134966821861,-0.8455029371556716,-0.022093712206859677,-0.8601401448249817,-0.08532495051622391,0.021120475605130196
2.99,1.2221708351260991,1.0023114818634755,0.9653489874902608,1.1680219640499063,-46.27965545654297,-22.280820846557617,-312.3883972167969,-9.186144828796387,5.763550281524658,23.274410247802734,-0.570372227146965,-0.3853681058682711,0.7253736592122104,-0.6247087935190146,-0.36985559744389673,-0.6877105207421472,0.5333052088620813,-0.8453982848450305,-0.02978748364082874,-0.834685206413269,-0.11165079474449158,0.022103646770119667
3.0,1.2621625686838176,1.2055071434575846,1.0985288060999037,1.2521706287098193,-46.37155532836914,-22.223114013671875,-312.1554260253906,-9.193861961364746,5.777920722961426,23.31839942932129,-0.5695937199861871,-0.391210024966649,0.7228538652576266,-0.625612541024911,-0.3640395125169727,-0.6899885374691085,0.5330778016993873,-0.8452395812383605,-0.03739127763730358,-0.8180503845214844,-0.12051616609096527,0.021809179335832596
3.01,1.2621625686838176,1.2055071434575846,1.0985288060999037,1.2521706287098193,-46.46353530883789,-22.16525650024414,-311.92205810546875,-9.203130722045898,5.794103145599365,23.36151885986328,-0.5688438531841467,-0.39699433154809244,0.7202861732764947,-0.6264871764298856,-0.35825137022156794,-0.692220899354591,0.5328512817508491,-0.8450156545609392,-0.04492276798489725,-0.8221156597137451,-0.10886093229055405,0.020677508786320686
3.02,1.0992512217102863,1.00567781520182,1.1320747201691315,1.1000383446831967,-46.55561828613281,-22.107227325439453,-311.6882019042969,-9.213284492492676,5.811490058898926,23.403738021850586,-0.5681982582505203,-0.40283783763401537,0.7175461071536975,-0.6272593559019402,-0.3523783305290097,-0.6945323697330968,0.5326316173065191,-0.8447195917841249,-0.05246304891543344,-0.8359665274620056,-0.09294438362121582,0.019757892936468124
3.03,1.0992512217102863,1.00567781520182,1.1320747201691315,1.1000383446831967,-46.64779281616211,-22.04903221130371,-311.4539489746094,-9.221416473388672,5.827290058135986,23.44485092163086,-0.567629775304405,-0.4087273161800314,0.7146596526991985,-0.6279558804745303,-0.3464278126836352,-0.6968925188123984,0.5324169891779634,-0.8443516753151499,-0.060019980233015024,-0.8341248035430908,-0.09327113628387451,0.019158342853188515
3.04,1.1476121617349309,1.1508997565748722,1.2480945216801178,1.0778557595391691,-46.74003982543945,-21.990686416625977,-311.2193298339844,-9.227474212646484,5.841437339782715,23.484840393066406,-0.5669887578636155,-0.41450941127895924,0.7118326323072336,-0.6287248369535808,-0.3405447336785943,-0.6990953896010677,0.5321924725641728,-0.8439260822636934,-0.06752732647666647,-0.8166317939758301,-0.10914889723062515,0.018825052306056023
3.05,1.1302548542222868,1.267238711312887,1.1916268747656598,1.2116397320872552,-46.832340240478516,-21.932201385498047,-310.9842529296875,-9.233657836914062,5.8560638427734375,23.52387809753418,-0.5662443351317458,-0.4201277739805881,0.7091262274527173,-0.6295992567872702,-0.33478512343961286,-0.7010875102128407,0.5319512466233385,-0.8434521768622327,-0.07494195461980549,-0.7937913537025452,-0.12030026316642761,0.01897621527314186
3.06,1.1302548542222868,1.267238711312887,1.1916268747656598,1.2116397320872552,-46.924713134765625,-21.873563766479492,-310.7488098144531,-9.240644454956055,5.871832370758057,23.562036514282227,-0.5654584860225722,-0.4256048026046687,0.7064823087557834,-0.6305229101859865,-0.3291242341799736,-0.7029353442572376,0.5316931072673932,-0.842934036847064,-0.0822474875546816,-0.7925301790237427,-0.12386581301689148,0.01944199576973915
3.07,1.0558999630267105,1.1195328099862638,1.1715834661628666,1.2722587739195863,-47.017154693603516,-21.81476402282715,-310.51300048828125,-9.247648239135742,5.887973785400391,23.5992374420166,-0.5646640262403223,-0.4311531427505636,0.7037481829222586,-0.6314639242364625,-0.3233512555203788,-0.7047675346816721,0.5314205960046673,-0.8423484629591881,-0.08967283363615426,-0.8138644695281982,-0.12520182132720947,0.01986389420926571
3.08,1.0515002006988012,1.2158146724051502,1.092481865140008,1.2025999083494967,-47.10966110229492,-21.75580596923828,-310.27685546875,-9.253497123718262,5.903330326080322,23.635311126708984,-0.5638249198238213,-0.4368430334205241,0.7009062875574854,-0.632457984931354,-0.31739499570201213,-0.7065814277207483,0.5311293223709579,-0.8416819950879755,-0.09732965664427559,-0.8388918042182922,-0.14434489607810974,0.019978899508714676
3.09,1.0515002006988012,1.2158146724051502,1.092481865140008,1.2025999083494967,-47.20222091674805,-21.69670295715332,-310.0403137207031,-9.257954597473145,5.917662620544434,23.670175552368164,-0.5628196021299373,-0.4427086067582686,0.6980280688915397,-0.6336264249096404,-0.31122231585964655,-0.7082783518978868,0.5308028345012179,-0.8409219699907426,-0.10534985179088557,-0.8732960224151611,-0.1636812537908554,0.019980337470769882
3.1,1.196314865980266,1.0441253891454683,1.0861760585264162,0.9692821296298293,-47.29481887817383,-21.6374568939209,-309.8034362792969,-9.261468887329102,5.931424617767334,23.70383071899414,-0.5617449870471839,-0.44882454838466357,0.6949813625520197,-0.6348732976167384,-0.3047535443900627,-0.7099726566248465,0.5304511904978698,-0.840048690225154,-0.11375294523833555,-0.9156616926193237,-0.16994090378284454,0.020097961649298668
3.11,0.9562252582615549,1.073590508398805,1.0824096524577396,1.1704606949678755,-47.3874397277832,-21.57807731628418,-309.56622314453125,-9.263365745544434,5.943938255310059,23.736108779907227,-0.5606760228515048,-0.45511415306971503,0.6917467058649829,-0.6361228880685105,-0.29806213461360254,-0.7116927955128957,0.5300849636377141,-0.8390649984269508,-0.12239223725377686,-0.91750168800354,-0.15971724689006805,0.02005756087601185
3.12,0.9562252582615549,1.073590508398805,1.0824096524577396,1.1704606949678755,-47.48006057739258,-21.51858139038086,-309.3287048339844,-9.263697624206543,5.955251216888428,23.767004013061523,-0.55968134705785,-0.4612981045431169,0.6884481451063967,-0.6373037832383305,-0.2914336034967022,-0.7133795221500532,0.5297175451366717,-0.8380158193601448,-0.13087707544304164,-0.9171674847602844,-0.16375204920768738,0.01998983509838581
3.13,1.1223188630654881,1.2687572181723576,1.0859685374321388,1.053253914508053,-47.57268142700195,-21.458972930908203,-309.09088134765625,-9.26315689086914,5.966066360473633,23.79661750793457,-0.558557237180904,-0.4675764879160003,0.685117537902055,-0.6386271431670187,-0.28466072814171084,-0.7149291166711308,0.5293101026838308,-0.8368634881520219,-0.13960772684512482,-0.9452514052391052,-0.19200128316879272,0.0200052410364151
3.14,1.1223188630654881,1.2687572181723576,1.0859685374321388,1.053253914508053,-47.66530227661133,-21.399255752563477,-308.852783203125,-9.26262378692627,5.977309226989746,23.8250789642334,-0.5573075622940794,-0.47401693223884067,0.6817009820740385,-0.6400915302582356,-0.27767027825064733,-0.7163672587911023,0.5288583117447438,-0.8355879154984747,-0.14866647763168683,-0.9702630639076233,-0.1908753514289856,0.020309017971158028
3.15,1.24102364180479,1.1793030659105073,1.2572735201342617,1.073556867168759,-47.7579231262207,-21.33942413330078,-308.6144104003906,-9.262024879455566,5.988922595977783,23.852344512939453,-0.5562088715691815,-0.4805643679102303,0.6780041146503307,-0.6414106148079666,-0.2705107861007989,-0.7179250224186329,0.5284166106391853,-0.8341953026109468,-0.15777858759168512,-0.9892915487289429,-0.15979614853858948,0.020890235900878906
3.16,1.2573540145762798,1.184702892227775,1.0592480135926672,1.1186204013647298,-47.85054397583008,-21.279476165771484,-308.3757629394531,-9.261411666870117,6.00098991394043,23.87844467163086,-0.5553240793157433,-0.4871338746294056,0.6740294912840716,-0.6425167132634466,-0.2632648510925504,-0.7196276060271418,0.5280032576691736,-0.8327017511496897,-0.1667943449970067,-0.9799787998199463,-0.1357613503932953,0.021413730457425117
3.17,1.2573540145762798,1.184702892227775,1.0592480135926672,1.1186204013647298,-47.94316482543945,-21.219404220581055,-308.1368408203125,-9.260231971740723,6.012941360473633,23.903282165527344,-0.5545936295367094,-0.49352716689375875,0.6699677914759179,-0.6434683336800339,-0.2561447149590114,-0.721344847177553,0.5276119877602665,-0.8311563153441035,-0.17551287655119088,-0.9627875089645386,-0.10951806604862213,0.02136361598968506
3.18,1.1338475163542254,0.967405770215173,0.9625499110415351,1.205418394771069,-48.03574752807617,-21.159217834472656,-307.8976745605469,-9.257973670959473,6.024223327636719,23.926761627197266,-0.5540859306033852,-0.4998236864769244,0.6657064397645539,-0.6441840540115694,-0.2490727039679217,-0.7231802629326435,0.5272719280073611,-0.8295414821301735,-0.1839707676797454,-0.9585627317428589,-0.07344473898410797,0.020862674340605736
3.19,0.9847140738355961,0.9597357926154608,1.0953124558141114,1.0660676922823602,-48.12831115722656,-21.098926544189453,-307.6582946777344,-9.253824234008789,6.033949375152588,23.948680877685547,-0.5537748569428493,-0.5060772423509057,0.661225553493231,-0.6446858456801015,-0.24199200029105303,-0.7251344924735462,0.5269853586179214,-0.8278440049729404,-0.19225174962195538,-0.9630270600318909,-0.058815617114305496,0.019778430461883545
3.2,0.9847140738355961,0.9597357926154608,1.0953124558141114,1.0660676922823602,-48.22081756591797,-21.03854751586914,-307.4187316894531,-9.247425079345703,6.041703701019287,23.968931198120117,-0.5534452615705755,-0.5123296376050465,0.6566709106367961,-0.6452032073912549,-0.23486064345136035,-0.7270167118640742,0.5266983611300824,-0.8260501320071891,-0.2005742151768035,-0.9641159176826477,-0.07555016875267029,0.018985144793987274
3.21,1.1558301815158274,0.9973277086560988,1.145328056136468,1.2014055903741758,-48.31325149536133,-20.97809410095215,-307.17889404296875,-9.239686012268066,6.048463344573975,23.987751007080078,-0.55295489681915,-0.5185120129460435,0.6522163556017017,-0.6459009012897444,-0.22774620185880776,-0.7286588318630216,0.526358155438689,-0.8241826011082309,-0.20897399894161878,-0.956820011138916,-0.10481701046228409,0.01884942501783371
3.22,1.0284161068845117,1.262504727381724,1.2285072796064422,1.0056777058929511,-48.405609130859375,-20.917573928833008,-306.93896484375,-9.232308387756348,6.056106090545654,24.005653381347656,-0.5522744784031335,-0.5245930892256173,0.6479158828438073,-0.6468158753093548,-0.22068639836880954,-0.7300183127996147,0.5259487845335703,-0.8222527618145934,-0.21743567263890576,-0.9446483850479126,-0.13419197499752045,0.018370751291513443
3.23,1.0284161068845117,1.262504727381724,1.2285072796064422,1.0056777058929511,-48.49789810180664,-20.856969833374023,-306.69879150390625,-9.22533130645752,6.064678192138672,24.022653579711914,-0.5514514462759738,-0.5305610079731276,0.6437439857728191,-0.6478966835988562,-0.21370137098476336,-0.7311372042379158,0.5254818643699706,-0.8202662621720895,-0.22590278741194958,-0.9375982284545898,-0.145038902759552,0.018795287236571312
3.24,1.2389327554049103,0.9535180143046876,1.0028432279996113,1.1181913648676247,-48.59011459350586,-20.796279907226562,-306.45849609375,-9.21780776977539,6.073110580444336,24.038433074951172,-0.5506398413926021,-0.5364696550933152,0.6395280089528442,-0.6489822712296427,-0.2067139802980743,-0.7321825878692704,0.5249931206223034,-0.8182112438199481,-0.23433434188327776,-0.9381408095359802,-0.13968558609485626,0.020368074998259544
3.25,1.123664460825373,1.0089896538141863,1.0590952120035046,1.247948507212844,-48.682247161865234,-20.735509872436523,-306.218017578125,-9.208928108215332,6.080472946166992,24.05270767211914,-0.5498873326038023,-0.5423105778670824,0.635234727148435,-0.6500177681715881,-0.1997341863320637,-0.7332006245711307,0.5245005457605386,-0.8160915953149743,-0.24268021252907582,-0.9258487820625305,-0.13108424842357635,0.020452290773391724
3.26,1.123664460825373,1.0089896538141863,1.0590952120035046,1.247948507212844,-48.774288177490234,-20.674673080444336,-305.97747802734375,-9.199105262756348,6.08722448348999,24.065645217895508,-0.5491607452361479,-0.5480254230511128,0.6309442222426062,-0.6510242407334381,-0.1928557170853337,-0.7341485615084672,0.5240132764244897,-0.8139255543826783,-0.2508690456268384,-0.9195094704627991,-0.13818103075027466,0.01921423152089119
3.27,1.1243516761485304,1.0397523506602826,1.0606794352563587,1.0573905124437577,-48.86622619628906,-20.613767623901367,-305.7366943359375,-9.188809394836426,6.093900203704834,24.077428817749023,-0.5483257662044592,-0.5537317725934779,0.6266737413812529,-0.6521545589289047,-0.18594943453068163,-0.7349266895860873,0.5234818863958315,-0.8116673775742156,-0.25915783375629825,-0.92878258228302,-0.1608443707227707,0.01793196238577366
3.28,1.1243516761485304,1.0397523506602826,1.0606794352563587,1.0573905124437577,-48.95805740356445,-20.552799224853516,-305.49591064453125,-9.177352905273438,6.099686622619629,24.087753295898438,-0.5473731866303259,-0.5594462581886473,0.622416644023024,-0.6534221964350503,-0.1789956782105028,-0.735527008605365,0.5228977220873666,-0.8093086131882469,-0.26757716803785686,-0.9278052449226379,-0.17045550048351288,0.017063181847333908
3.29,1.1298262192668453,1.110595592109122,1.1506535342898,1.1778601744653858,-49.04977035522461,-20.491779327392578,-305.2550048828125,-9.164743423461914,6.104580402374268,24.09661293029785,-0.5464215373759286,-0.5650731583552366,0.6181551821332284,-0.6546928663072558,-0.17210173297079032,-0.7360422843253237,0.5223033163767169,-0.8068911445882206,-0.27590927220192296,-0.9155902862548828,-0.1662309169769287,0.01659138686954975
3.3,1.1612675598726534,1.1385886761651292,1.1628960004435098,1.1558602323156875,-49.141353607177734,-20.430707931518555,-305.013916015625,-9.152172088623047,6.109982490539551,24.104551315307617,-0.5454904942016271,-0.5705967181870089,0.6138888384144804,-0.655944914897775,-0.16528505186987333,-0.7364897285421734,0.5217052705842787,-0.8044254078673725,-0.2841185911234884,-0.9091563820838928,-0.16933093965053558,0.016244113445281982
3.31,1.1612675598726534,1.1385886761651292,1.1628960004435098,1.1558602323156875,-49.232810974121094,-20.369579315185547,-304.7728271484375,-9.139761924743652,6.116044044494629,24.111637115478516,-0.5445233287428173,-0.5760642899097363,0.6096263432182314,-0.6572471498530161,-0.15848922239245708,-0.7368224687097437,0.5210763173134321,-0.8018921999098291,-0.2923155337282744,-0.9064544439315796,-0.17599371075630188,0.01602305844426155
3.32,1.003095337555307,1.170733328061366,1.092005405288065,1.0653576457281282,-49.32414245605469,-20.308387756347656,-304.53173828125,-9.126851081848145,6.12197208404541,24.117582321166992,-0.543535891256998,-0.5814709058819459,0.6053596621251618,-0.6585818954015584,-0.15172007621769862,-0.7370555647451463,0.5204215809944392,-0.799295066971719,-0.30048090446802656,-0.9019752144813538,-0.1793704777956009,0.015864841639995575
3.33,1.1452300318852748,1.1494566991610493,1.1425055439479326,1.272374598411105,-49.415340423583984,-20.247142791748047,-304.2906494140625,-9.112444877624512,6.126546382904053,24.121906280517578,-0.5425433396707299,-0.58683734285715,0.6010562848912666,-0.6599323532316467,-0.14495114980515944,-0.7372099113063415,0.519746105071575,-0.7966248158314695,-0.30863066773152203,-0.9103329181671143,-0.17985105514526367,0.01611887477338314
3.34,1.1452300318852748,1.1494566991610493,1.1425055439479326,1.272374598411105,-49.50638961791992,-20.185855865478516,-304.0494689941406,-9.097636222839355,6.131094455718994,24.12515640258789,-0.5415485078032906,-0.5922591264182243,0.5966190919425486,-0.6612981020318288,-0.13806029456519844,-0.7373087381237737,0.5190472367185189,-0.7938315200588173,-0.3168934897027347,-0.9302793741226196,-0.18743480741977692,0.016131112352013588
3.35,1.1422326746370446,1.1587152161660854,1.2188234225240984,1.1656338913865862,-49.597293853759766,-20.1245174407959,-303.8080749511719,-9.082955360412598,6.136284351348877,24.127601623535156,-0.5404830197245709,-0.597764785633294,0.5920771625778103,-0.6627587753011542,-0.13101822896724513,-0.737282191185709,0.5182942322182671,-0.7908928402350524,-0.3253607292132971,-0.9514204263687134,-0.20345741510391235,0.015614855103194714
3.36,1.118079620831757,1.1830815977974813,1.2225617508300006,0.969138304345362,-49.688045501708984,-20.063129425048828,-303.5666809082031,-9.067564010620117,6.1410908699035645,24.128780364990234,-0.5393305292245709,-0.6033294720408932,0.5874658529763254,-0.66433521383939,-0.12385548953475109,-0.7371014457760067,0.51747589692595,-0.7878155659029368,-0.3340139671057473,-0.9596283435821533,-0.21811874210834503,0.015392592176795006
3.37,1.118079620831757,1.1830815977974813,1.2225617508300006,0.969138304345362,-49.77864074707031,-20.001699447631836,-303.3252868652344,-9.050840377807617,6.144725322723389,24.128332138061523,-0.5381382880205466,-0.6088282431854691,0.5828682126055685,-0.6659746888082015,-0.11672063221453532,-0.7367862701504814,0.5166090367319703,-0.7846683785620102,-0.34265235859648085,-0.944068193435669,-0.21727530658245087,0.01598469726741314
3.38,1.0920009768771515,1.1654997369870406,1.03990855697486,1.020075353496258,-49.86906051635742,-19.940237045288086,-303.0838928222656,-9.032890319824219,6.147294521331787,24.126327514648438,-0.5370153315941015,-0.6141411043344697,0.5783124048468228,-0.6675464175727307,-0.1097570406965002,-0.7364340923690051,0.5157483049111172,-0.7815267724041097,-0.35102648047821755,-0.9160242676734924,-0.2037660926580429,0.017075933516025543
3.39,1.0920009768771515,1.1654997369870406,1.03990855697486,1.020075353496258,-49.95929718017578,-19.878755569458008,-302.84259033203125,-9.013707160949707,6.148754119873047,24.122785568237305,-0.5360050405790486,-0.6192742805958634,0.5737577553866511,-0.668994456784925,-0.1029587932013825,-0.7361018297039873,0.5149223371197793,-0.7783950489918282,-0.35910462882022787,-0.9048033952713013,-0.18242661654949188,0.01781221106648445
3.4,1.2579244483425678,1.0595044404782812,1.238964046219254,1.1247103454194582,-50.04933547973633,-19.817262649536133,-302.60150146484375,-8.99342155456543,6.149246692657471,24.117815017700195,-0.5351516950108509,-0.6243618246591438,0.5690210674793312,-0.6702557689755713,-0.09616090466350899,-0.7358738238103466,0.5141691039745375,-0.7751937772728827,-0.3670214437814516,-0.9105856418609619,-0.15520963072776794,0.018167009577155113
3.41,1.2202141389292245,1.248204046043743,1.2099961463413254,1.2126890672930162,-50.1391716003418,-19.755767822265625,-302.36041259765625,-8.973380088806152,6.150511741638184,24.112314224243164,-0.5344339690636208,-0.6293930201224446,0.5641318630710841,-0.6713532296543202,-0.08937803505517501,-0.7357284878828527,0.5134833724120167,-0.7719300441560903,-0.3747783787594451,-0.8906628489494324,-0.14400380849838257,0.0181362796574831
3.42,1.2202141389292245,1.248204046043743,1.2099961463413254,1.2126890672930162,-50.228816986083984,-19.694250106811523,-302.11932373046875,-8.954110145568848,6.153245449066162,24.106687545776367,-0.5337413466291743,-0.6342248554918497,0.5593558863325018,-0.6724252325477567,-0.08280289248672514,-0.7355188560661975,0.5128006255179215,-0.768701836652011,-0.38227346860101885,-0.8712947368621826,-0.14195770025253296,0.01799534074962139
3.43,1.1118619393261688,1.0948772794043151,1.198455386255372,1.1729828447714714,-50.318260192871094,-19.63270378112793,-301.87823486328125,-8.934819221496582,6.156415939331055,24.100446701049805,-0.5330810818885742,-0.638982768323517,0.5545498912795149,-0.6734628628889359,-0.07627236463477546,-0.7352756617095783,0.5121253093159385,-0.7654303026263295,-0.38967180983414756,-0.8727996349334717,-0.1361660659313202,0.01800774596631527
3.44,1.1456290223921568,1.086503813544239,1.0019509347436084,1.0194642626796437,-50.40750503540039,-19.571128845214844,-301.6371765136719,-8.914177894592285,6.158257007598877,24.092695236206055,-0.5324354321914698,-0.6437071438697644,0.5496850220609188,-0.6744897777512797,-0.0697323869367133,-0.7349836283354463,0.5114450608385144,-0.7620882541695144,-0.39704589482923675,-0.8715980052947998,-0.14436331391334534,0.018009597435593605
3.45,1.1456290223921568,1.086503813544239,1.0019509347436084,1.0194642626796437,-50.49653625488281,-19.50954246520996,-301.3963928222656,-8.891376495361328,6.15765905380249,24.082836151123047,-0.5317517959222751,-0.6483659953022206,0.5448500377803012,-0.6755754239271662,-0.06322764243090181,-0.7345747829991576,0.5107228936703978,-0.7586987553491771,-0.4043987197216932,-0.8656496405601501,-0.14007531106472015,0.017816482111811638
3.46,1.1281870502481333,1.1702117044755025,1.0586460891928569,1.1678962531395285,-50.585330963134766,-19.44797706604004,-301.1556091308594,-8.867148399353027,6.155559539794922,24.071392059326172,-0.5311756798858627,-0.6529497080483923,0.5399158044151985,-0.6765215722033376,-0.05677484939668992,-0.7342310118889744,0.5100695633355471,-0.7552703457938107,-0.4115771438299045,-0.8590968251228333,-0.11358276754617691,0.017475735396146774
3.47,1.0470493328917463,0.9590859917868306,1.1036124301757269,1.1400131769717925,-50.67388153076172,-19.386428833007812,-300.9149169921875,-8.842940330505371,6.153898239135742,24.059480667114258,-0.5307408154714204,-0.6574831171260476,0.5348178544952924,-0.6772800912088135,-0.05033853982313019,-0.7340011644818123,0.5095153234642831,-0.7517858618667228,-0.41858350786001586,-0.8672499656677246,-0.09358012676239014,0.017143333330750465
3.48,1.0470493328917463,0.9590859917868306,1.1036124301757269,1.1400131769717925,-50.76219177246094,-19.324899673461914,-300.6744384765625,-8.818122863769531,6.151823043823242,24.046640396118164,-0.5303484425208229,-0.662037244751937,0.5295632314247293,-0.6779835999254845,-0.04381922372204195,-0.7337697962334496,0.5089879838933508,-0.7481888546307419,-0.4256109374282109,-0.8735803365707397,-0.10340607166290283,0.01671813614666462
3.49,1.057153365872294,1.0489486579999794,1.2344091681096763,1.1869996963607967,-50.85024642944336,-19.263397216796875,-300.4339599609375,-8.79223346710205,6.14868688583374,24.032512664794922,-0.529834743660419,-0.6665388069773932,0.524405533154877,-0.6788578665154681,-0.03731957936024774,-0.7333206979667494,0.5083572970661131,-0.7445356054545188,-0.43271190269058724,-0.8673665523529053,-0.13423576951026917,0.016182316467165947
3.5,1.057153365872294,1.0489486579999794,1.2344091681096763,1.1869996963607967,-50.93803405761719,-19.20192527770996,-300.19378662109375,-8.766416549682617,6.146064758300781,24.01801109313965,-0.5291446509945243,-0.6709597092455595,0.5194410523755296,-0.6799834291073441,-0.03088245730855797,-0.7325768287149158,0.5075711521188936,-0.7408504183704695,-0.4399001967912719,-0.8590925335884094,-0.17334160208702087,0.015932567417621613
3.51,0.9706651877238562,1.0349918856790874,1.2278771002983893,1.1227058129450753,-51.025569915771484,-19.14047622680664,-299.95361328125,-8.740674018859863,6.143950462341309,24.003124237060547,-0.5282416910349179,-0.6752948466195423,0.5147208816258177,-0.6814186293056304,-0.02451657890098284,-0.7314831433425023,0.5065859921946185,-0.737140290235231,-0.4472078096635982,-0.850285530090332,-0.2178274542093277,0.01595519669353962
3.52,1.0997920519290583,1.0280153757763142,1.0006278451126873,0.9897128903527233,-51.11284637451172,-19.079050064086914,-299.7137145996094,-8.714073181152344,6.140999794006348,23.987031936645508,-0.5271151348717187,-0.6795467805982569,0.5102605291100951,-0.6831840158564704,-0.018222695941634934,-0.7300188585446575,0.5053802875730274,-0.7334058264911475,-0.45465003970245177,-0.8425323963165283,-0.26510342955589294,0.016249675303697586
3.53,1.0997920519290583,1.0280153757763142,1.0006278451126873,0.9897128903527233,-51.19984817504883,-19.017662048339844,-299.473876953125,-8.686020851135254,6.136334419250488,23.969179153442383,-0.5258117117334115,-0.6837191854579974,0.5060139516264663,-0.6852172659274218,-0.01199947579450599,-0.7282398719210623,0.5039834742121294,-0.7296465500619522,-0.46218672601424016,-0.8326017260551453,-0.2810869514942169,0.01632266491651535
3.54,1.0439110113282384,1.1117817050845376,1.204696538470043,1.2460716965824465,-51.28656768798828,-18.956327438354492,-299.23431396484375,-8.656907081604004,6.130467414855957,23.94987678527832,-0.5245394376809457,-0.6877979129754739,0.5017892079588201,-0.687215483970766,-0.005878230774344934,-0.7264298486390751,0.5025865665815029,-0.7258784177185228,-0.46958201177458925,-0.8198415637016296,-0.2664227783679962,0.016019096598029137
3.55,1.2055398756719284,1.2710822250085752,1.051948116991412,0.9832440018579048,-51.372989654541016,-18.895048141479492,-298.9949035644531,-8.628375053405762,6.125755310058594,23.930679321289062,-0.5233148643294073,-0.6918029346354355,0.4975442215539168,-0.6891537345144532,0.00016813609116075328,-0.7246151405643116,0.5012072255830677,-0.7220863323454155,-0.47684656406780335,-0.821403980255127,-0.27735471725463867,0.01583617366850376
3.56,1.2055398756719284,1.2710822250085752,1.051948116991412,0.9832440018579048,-51.459136962890625,-18.83380889892578,-298.7556457519531,-8.600171089172363,6.121842861175537,23.911376953125,-0.522044835775206,-0.695810779942407,0.49327127217827826,-0.691169559580065,0.0062536140200668226,-0.7226655742607273,0.49975376872049393,-0.7181979189802954,-0.4841878972279623,-0.8279648423194885,-0.26461124420166016,0.01600371114909649
3.57,1.1759547104343677,1.2410040621058236,1.271489800761671,1.0944688402614586,-51.54499435424805,-18.772613525390625,-298.5166931152344,-8.57142448425293,6.117457389831543,23.89116096496582,-0.520991092674112,-0.6997936575755188,0.4887301076988324,-0.6928832233293651,0.012344901943276105,-0.7209441325267307,0.4984788061522215,-0.714238363722566,-0.49130686907875365,-0.8284094333648682,-0.20841705799102783,0.016401449218392372
3.58,1.2126375200948463,1.1695421251518872,1.069437398537991,1.0214553343779773,-51.63056945800781,-18.711458206176758,-298.27789306640625,-8.542814254760742,6.11361026763916,23.87078285217285,-0.5202013400184531,-0.7037210416568176,0.48390831918086447,-0.6942237981644575,0.018405848097914037,-0.7195238306115449,0.4974373165587001,-0.7102379321644544,-0.49811464123195526,-0.8196600675582886,-0.17313235998153687,0.017059683799743652
3.59,1.2126375200948463,1.1695421251518872,1.069437398537991,1.0214553343779773,-51.71585464477539,-18.65034294128418,-298.03924560546875,-8.513630867004395,6.109243869781494,23.849565505981445,-0.5195463132319765,-0.7075410464470869,0.4790170101359895,-0.6953805444657032,0.0243642327203023,-0.7182285726302828,0.4965053139550911,-0.7062521162846258,-0.5046686253947675,-0.8046548366546631,-0.14548341929912567,0.01747017912566662
3.6,0.9770408455158823,1.2015502084664527,1.1076463509880876,1.1178919526073874,-51.800838470458984,-18.589277267456055,-297.8009033203125,-8.483475685119629,6.103748321533203,23.82714080810547,-0.5190700082706459,-0.7112498398678324,0.47401475905492046,-0.6962797048490028,0.03020812651896899,-0.7171346050133123,0.49574277516601,-0.7022899218842575,-0.5109089610591169,-0.7900528907775879,-0.10578783601522446,0.017499372363090515
3.61,0.9770408455158823,1.2015502084664527,1.1076463509880876,1.1178919526073874,-51.88551712036133,-18.528270721435547,-297.562744140625,-8.452725410461426,6.097656726837158,23.803930282592773,-0.5187571168819113,-0.7148883324979751,0.4688557621941221,-0.6969402639319522,0.036000749079219206,-0.7162249748341617,0.49514171930350154,-0.6983112616333774,-0.516910107930937,-0.8005045652389526,-0.08775793015956879,0.017891710624098778
3.62,1.254557024111601,1.088195681164772,1.155370314584315,0.9816671421584802,-51.96989059448242,-18.467327117919922,-297.3247985839844,-8.421469688415527,6.091108798980713,23.780052185058594,-0.5184733287388608,-0.7186009939639206,0.46346307173334844,-0.6975696555867255,0.041973755078900735,-0.7152865016825033,0.49455230561697183,-0.6941547488554999,-0.5230365203791179,-0.8341761827468872,-0.09119650721549988,0.018652502447366714
3.63,1.2430812390704356,1.0025405451825264,1.2551988041318736,1.2052350445661846,-52.05394744873047,-18.406448364257812,-297.08709716796875,-8.38999080657959,6.084543704986572,23.755828857421875,-0.5182018938697317,-0.7223622901549729,0.45788592351358176,-0.6981936171072896,0.048093776686875395,-0.7142917202898492,0.493955939553785,-0.689840351390128,-0.529271026387693,-0.8269819617271423,-0.08017899841070175,0.019064273685216904
3.64,1.2430812390704356,1.0025405451825264,1.2551988041318736,1.2052350445661846,-52.137691497802734,-18.345632553100586,-296.84967041015625,-8.358773231506348,6.078721523284912,23.731843948364258,-0.5179890666100125,-0.7259301749591767,0.4524518846863473,-0.6987330240058405,0.05397558229237785,-0.7133433939414121,0.49341614083463275,-0.6856471524041635,-0.5351901478576749,-0.7830796241760254,-0.0823884978890419,0.01873754896223545
3.65,1.2531076529546625,1.1612239214388789,1.221658508099369,1.0438950529339934,-52.22112274169922,-18.28487205505371,-296.61248779296875,-8.327675819396973,6.073399066925049,23.707969665527344,-0.5176944564264714,-0.729254984867235,0.4474143681550574,-0.6994014319461206,0.05952244513978787,-0.7122462464037961,0.49277792845968293,-0.6816481831347238,-0.5408564205518076,-0.7370758056640625,-0.10935337096452713,0.018001001328229904
3.66,1.2434899021041874,0.9596198484609856,1.0422618309972511,1.1941387210949423,-52.30424499511719,-18.224164962768555,-296.3755187988281,-8.29627513885498,6.067864894866943,23.683698654174805,-0.5173077683839798,-0.7323432075346314,0.4427935175084137,-0.7002162724368535,0.06473122542062644,-0.7109901829632963,0.49202626412034584,-0.6778519711806046,-0.5462845966914532,-0.6924009323120117,-0.11465319991111755,0.01773533970117569
3.67,1.2434899021041874,0.9596198484609856,1.0422618309972511,1.1941387210949423,-52.38705062866211,-18.163516998291016,-296.1387939453125,-8.26407241821289,6.0612640380859375,23.658405303955078,-0.5169483708784086,-0.7352237284434782,0.438418123461873,-0.7009907784542357,0.06964361848974925,-0.7097617170049247,0.4913006313534351,-0.6742372249715415,-0.5513872088599725,-0.6597338318824768,-0.10966294258832932,0.016955744475126266
3.68,1.2245763467744064,1.1744015984896412,1.0956668841341735,1.0094369859848142,-52.46952819824219,-18.102941513061523,-295.9023132324219,-8.23118782043457,6.053739070892334,23.632238388061523,-0.5165822997623957,-0.7379681327395818,0.43421856550940974,-0.7017676054102803,0.07435314942299007,-0.7085152342523088,0.4905761465551661,-0.6707269520689755,-0.5562916503052573,-0.6370779275894165,-0.11316655576229095,0.01531124860048294
3.69,1.1538807329487555,0.9617920022529235,1.2076530586589098,1.0824226528922736,-52.551673889160156,-18.042442321777344,-295.6661071777344,-8.198176383972168,6.046153545379639,23.60589599609375,-0.516224826100838,-0.7405988048086305,0.43014571860381023,-0.7025201382985697,0.07888999739417685,-0.7072777556208776,0.48987486586078144,-0.6673003661224648,-0.5610105499638189,-0.6154698133468628,-0.09526079893112183,0.014457924291491508
3.7,1.1538807329487555,0.9617920022529235,1.2076530586589098,1.0824226528922736,-52.63349151611328,-17.982019424438477,-295.4302062988281,-8.164913177490234,6.0382771492004395,23.579221725463867,-0.5159575530345637,-0.7430934294162529,0.42614546650759727,-0.70312538205361,0.08323087043753949,-0.7061779657552155,0.4892877482407976,-0.6639915491665552,-0.5654314477077198,-0.5798632502555847,-0.08885718882083893,0.014242962934076786
3.71,1.185086886807254,1.1043488294977268,1.0713654537505737,1.1354129070454975,-52.71497344970703,-17.921676635742188,-295.1945495605469,-8.131349563598633,6.029999732971191,23.552165985107422,-0.5156444713911406,-0.74537963148026,0.4225162530579184,-0.7038085528556953,0.08725270662101947,-0.7050109829743634,0.4886351400082918,-0.6609055682634684,-0.569595935543275,-0.5313478112220764,-0.10959120094776154,0.013957842253148556
3.72,1.185086886807254,1.1043488294977268,1.0713654537505737,1.1354129070454975,-52.796119689941406,-17.861417770385742,-294.95916748046875,-8.09783935546875,6.021856784820557,23.525178909301758,-0.5152597218192636,-0.7474720260032416,0.41927674561480816,-0.7046119291084832,0.09096977178705945,-0.7037375433917337,0.4878826174693632,-0.6580350073997734,-0.5735507655017325,-0.5040975213050842,-0.1163436770439148,0.013509772717952728
3.73,1.2387698836497552,1.2156025746914456,1.2021472358374001,1.2030007174828192,-52.87692642211914,-17.801239013671875,-294.72406005859375,-8.064404487609863,6.013861656188965,23.498291015625,-0.5148901692259197,-0.7494946114008357,0.41610808826026674,-0.7053881617477865,0.09458206327407317,-0.7024825795511925,0.4871505464438916,-0.6552190937296695,-0.5773840007408314,-0.498027503490448,-0.10711650550365448,0.01292240247130394
3.74,1.081761838650785,1.0624879977195019,1.0282866930278427,1.1754301543712395,-52.9574089050293,-17.741134643554688,-294.48919677734375,-8.031612396240234,6.0069661140441895,23.47230339050293,-0.5145615768774345,-0.7514863087256248,0.4129100524319349,-0.7060934809820661,0.09815458316010489,-0.701282877246618,0.4864754667154727,-0.6524063194073164,-0.5811261607270508,-0.4944588243961334,-0.09797227382659912,0.012551196850836277
3.75,1.081761838650785,1.0624879977195019,1.0282866930278427,1.1754301543712395,-53.037559509277344,-17.68109893798828,-294.2546081542969,-7.9984130859375,5.999393939971924,23.44575309753418,-0.5142565965854569,-0.7534648618912804,0.4096716426157621,-0.7067593224369545,0.10172118934143638,-0.7001028922861416,0.48583064231972833,-0.649571783203456,-0.5848291079016866,-0.502408504486084,-0.09817581623792648,0.012120632454752922
3.76,1.1549933485199388,0.9562055767056059,1.2233958456913436,0.9552828600558833,-53.117374420166016,-17.621150970458984,-294.0202941894531,-7.964338779449463,5.990333557128906,23.417972564697266,-0.5139305018698859,-0.7554910413508918,0.40633573026047304,-0.7074585701592772,0.10538200552448694,-0.6988540651808701,0.48515751128469414,-0.6466281151869147,-0.5886376388695,-0.5210636854171753,-0.10560977458953857,0.01146269403398037
3.77,1.1582947692358618,1.0881323985768845,1.1906587517752572,1.1517804610377782,-53.19684600830078,-17.561298370361328,-293.7862548828125,-7.929980278015137,5.9807939529418945,23.38979721069336,-0.5135707034402232,-0.7575203189595262,0.40299888204729806,-0.7082143762184284,0.1090628890814293,-0.6975225326416016,0.4844352690354581,-0.6436367396200046,-0.5924982848294785,-0.49557507038116455,-0.11459637433290482,0.011225360445678234
3.78,1.1582947692358618,1.0881323985768845,1.1906587517752572,1.1517804610377782,-53.27597427368164,-17.501537322998047,-293.552490234375,-7.896012783050537,5.971919536590576,23.362207412719727,-0.5131737123667202,-0.7593579262833197,0.4000353493460987,-0.7090385613238144,0.11243146885411835,-0.6961490381859052,0.4836497281004242,-0.64088587486541,-0.5961109258404713,-0.45535799860954285,-0.12619855999946594,0.011212014593183994
3.79,1.1232397175916278,0.9969973529990344,1.0903624225711757,1.128380180007476,-53.354766845703125,-17.441858291625977,-293.31903076171875,-7.862508296966553,5.963808536529541,23.335304260253906,-0.5127285785084852,-0.7610731410462596,0.3973374872305013,-0.7099501328450196,0.11560215595378001,-0.6946991797981176,0.48278381668611,-0.6382819247924999,-0.5995965066852661,-0.434783399105072,-0.13971379399299622,0.011075234971940517
3.8,1.1146855955555761,1.2120690609852565,1.1371063786225888,1.0319691616986786,-53.433223724365234,-17.38226318359375,-293.0858154296875,-7.828588962554932,5.954909324645996,23.30776023864746,-0.5122311151370486,-0.7627057597234254,0.3948407384885309,-0.7109549360639124,0.11863844782875868,-0.6931579889052288,0.481832298182484,-0.6357710616106207,-0.6030197290691991,-0.41855791211128235,-0.15367074310779572,0.010663067921996117
3.81,1.1146855955555761,1.2120690609852565,1.1371063786225888,1.0319691616986786,-53.5113410949707,-17.322763442993164,-292.8528747558594,-7.794536113739014,5.945685386657715,23.279991149902344,-0.5117025724045909,-0.7642789426826203,0.39247697405893767,-0.7120140272817251,0.12157605358453472,-0.6915600394389982,0.4808289741151034,-0.6333221620682052,-0.6063881073080764,-0.41035717725753784,-0.15012724697589874,0.010716724209487438
3.82,1.1371610768581502,1.1829275079708257,1.1852855535664566,1.1899015509139808,-53.58911895751953,-17.263349533081055,-292.6202087402344,-7.760693073272705,5.936729431152344,23.252511978149414,-0.5112370493905958,-0.7658231621129913,0.390066101707975,-0.7129715081047904,0.12448084895448677,-0.6900551766883216,0.4799044779549136,-0.6308877892421354,-0.6096493167584073,-0.4081442654132843,-0.13017548620700836,0.011397314257919788
3.83,1.1371610768581502,1.1829275079708257,1.1852855535664566,1.1899015509139808,-53.66655731201172,-17.204025268554688,-292.3878173828125,-7.727245807647705,5.928371906280518,23.225635528564453,-0.5108443577789327,-0.7673534459024325,0.38756513154190253,-0.7138119196737094,0.1273833275739082,-0.6886552339073101,0.4790726306700931,-0.6284442512409997,-0.6128190904540879,-0.41122275590896606,-0.12264548242092133,0.011857069097459316
3.84,1.1857706143505642,1.2578855881611084,1.1520968941054868,1.1366203890159385,-53.74365997314453,-17.1447811126709,-292.15570068359375,-7.694134712219238,5.920520782470703,23.19928741455078,-0.5104525450916989,-0.7688946676595347,0.3850184271617924,-0.7146579047233563,0.13032227478765135,-0.6872264429651944,0.47822827020767905,-0.6259529493012277,-0.616019988990021,-0.41855981945991516,-0.12846113741397858,0.01203901320695877
3.85,1.1102198500201053,1.1257982125073047,1.106112517844536,0.9714185863912677,-53.820438385009766,-17.085615158081055,-291.923828125,-7.661129951477051,5.912774085998535,23.173107147216797,-0.5100571060073179,-0.770454632627311,0.3824152293967325,-0.7155164173999358,0.13331062858976864,-0.6857583632272831,0.4773656931982034,-0.6234003010651475,-0.6192689719251908,-0.4269621968269348,-0.1216200664639473,0.012270894832909107
3.86,1.1102198500201053,1.1257982125073047,1.106112517844536,0.9714185863912677,-53.89688491821289,-17.026527404785156,-291.6922302246094,-7.627444744110107,5.9037275314331055,23.145830154418945,-0.5097269171065187,-0.772017806906545,0.3796932654081355,-0.716265862202844,0.13632418070696514,-0.6843821537689241,0.47659383611194617,-0.6208093294835246,-0.6224581044586984,-0.4224117696285248,-0.10131559520959854,0.012704676017165184
3.87,1.1261981205097138,1.0471880725052527,1.1077533394907224,1.0757044325349328,-53.97298812866211,-16.96754264831543,-291.4609069824219,-7.593103885650635,5.893404960632324,23.11750030517578,-0.5094859316778529,-0.7735188599554531,0.37695179892867803,-0.7168646908435933,0.13924955245118528,-0.6831651170572632,0.47595073321098025,-0.6182864509556723,-0.6254540463699706,-0.4054074287414551,-0.07894742488861084,0.013267045840620995
3.88,1.176470379194172,1.2645298507455451,1.0730393703268986,1.1920906995231129,-54.04874801635742,-16.908660888671875,-291.2298889160156,-7.558788299560547,5.883016586303711,23.0892391204834,-0.5093212226335466,-0.7749389501549475,0.3742479334716719,-0.7173341510874531,0.14205115584581463,-0.6820947036933442,0.47541940206381167,-0.6158661320900962,-0.6282398423259001,-0.38729172945022583,-0.06793782860040665,0.013470984064042568
3.89,1.176470379194172,1.2645298507455451,1.0730393703268986,1.1920906995231129,-54.12416458129883,-16.849876403808594,-290.9991455078125,-7.525186538696289,5.873809337615967,23.062210083007812,-0.5091894275470401,-0.7763122814249657,0.37157148515875466,-0.7177459290944861,0.1447823375081244,-0.6810865260845911,0.47493884673988346,-0.6134959791673036,-0.6309166152535064,-0.393934965133667,-0.054862432181835175,0.013356810435652733
3.9,1.1267462874886853,1.0395330591155623,1.1491620701323992,0.9579172398324611,-54.199249267578125,-16.791181564331055,-290.7686767578125,-7.492190361022949,5.865608215332031,23.0362491607666,-0.5091320827575252,-0.77775476097227,0.36862183073164784,-0.718021688186154,0.14765476637633576,-0.6801785980613144,0.47458337265573275,-0.6109792154822591,-0.6336205652023876,-0.423307329416275,-0.03135325014591217,0.013226057402789593
3.91,0.9703809070479775,0.9579299519850853,1.0148906786994005,1.0049808899801758,-54.27400588989258,-16.732568740844727,-290.5384521484375,-7.458563327789307,5.856163024902344,23.009275436401367,-0.509155806347687,-0.7792544961646598,0.3654077107418496,-0.7181489068800045,0.15065249154225124,-0.6793864690580516,0.4743653785949092,-0.6083307135097442,-0.6363263554114621,-0.41857388615608215,-0.014453274197876453,0.013357589952647686
3.92,0.9703809070479775,0.9579299519850853,1.0148906786994005,1.0049808899801758,-54.34841537475586,-16.67406463623047,-290.3085021972656,-7.423769474029541,5.844459056854248,22.980350494384766,-0.5092137792180187,-0.7806652653586043,0.36230245723301785,-0.7182163485097802,0.1535100893354605,-0.6786751278818879,0.47420101622390126,-0.6058022746200271,-0.638856009032881,-0.39931002259254456,-0.01525535061955452,0.013527422212064266
3.93,1.021376968428032,1.2100571882794033,1.0125274333575083,1.0207596286901846,-54.42247772216797,-16.61568260192871,-290.078857421875,-7.388463497161865,5.831668376922607,22.950584411621094,-0.5092446613704119,-0.7820254333350649,0.359313368082567,-0.7183359343973115,0.15629364233456342,-0.6779128135087408,0.473986666710442,-0.6033311851569579,-0.6413486733422195,-0.39355531334877014,-0.026740221306681633,0.013538380153477192
3.94,1.021376968428032,1.2100571882794033,1.0125274333575083,1.0207596286901846,-54.49618911743164,-16.55742645263672,-289.8494873046875,-7.353693008422852,5.8197479248046875,22.921823501586914,-0.5092566977426006,-0.7833773258553163,0.35633913781687687,-0.7184937530461406,0.15908278344095464,-0.6770962965829528,0.473734464270833,-0.6008432685388527,-0.6438656878678776,-0.40651804208755493,-0.0196915864944458,0.013878975994884968
3.95,0.9548690791812509,1.1764976358918895,1.0610571128171928,0.9979405962433492,-54.56955337524414,-16.499284744262695,-289.6203918457031,-7.319473743438721,5.808746814727783,22.89410972595215,-0.5093417195679921,-0.7847966249361453,0.3530796938317977,-0.7185212514269381,0.1620307048067726,-0.6763676972976217,0.47360133441048025,-0.5981975494672772,-0.6464220508738519,-0.43537163734436035,0.005741178058087826,0.014548209495842457
3.96,1.2637593898854909,1.2737626610950252,1.1013062724303864,1.0485983600222006,-54.642578125,-16.441251754760742,-289.3915710449219,-7.285257339477539,5.797659873962402,22.866487503051758,-0.5095181681013765,-0.7863005686325694,0.34946051585653565,-0.7183834670368444,0.16517951292031335,-0.6757521163855364,0.47362055557454547,-0.5953546374048888,-0.6490272914583428,-0.46348434686660767,0.025029856711626053,0.015469394624233246
3.97,1.2637593898854909,1.2737626610950252,1.1013062724303864,1.0485983600222006,-54.71525955200195,-16.383325576782227,-289.16302490234375,-7.251785755157471,5.787951469421387,22.840368270874023,-0.5097761354059881,-0.7878572296518145,0.34555647506001663,-0.7180982180741184,0.16847643212108726,-0.6752411724847092,0.47377551748619473,-0.5923653243608347,-0.6516441371834567,-0.4737163484096527,0.058365050703287125,0.016160693019628525
3.98,1.2700486941354205,0.9682160726461106,1.0654209730288111,1.0974301746104052,-54.78761672973633,-16.325489044189453,-288.93475341796875,-7.219060897827148,5.7796783447265625,22.81580924987793,-0.510193668838351,-0.7893948279339794,0.34140624761176563,-0.7175025048893516,0.17177916593185638,-0.6750422754385549,0.47422840040930603,-0.5893621329733011,-0.6540334092860947,-0.46926841139793396,0.11085914075374603,0.01649210788309574
3.99,1.1131957915823845,1.092779907017957,1.1407610642311514,1.0575033008777888,-54.859642028808594,-16.26773452758789,-288.70672607421875,-7.186011791229248,5.770756721496582,22.790830612182617,-0.5107678084302122,-0.7908726574512589,0.3371004087321493,-0.7165888238823998,0.17500352598227506,-0.675184584673414,0.47499126661259505,-0.5864249360231498,-0.6561166748772718,-0.4453613758087158,0.14444580674171448,0.01601819135248661
4.0,1.1131957915823845,1.092779907017957,1.1407610642311514,1.0575033008777888,-54.931331634521484,-16.21007537841797,-288.47894287109375,-7.152622222900391,5.761128902435303,22.765399932861328,-0.511395623162246,-0.7922326348429735,0.3329293752438469,-0.715545800306629,0.17801892777745165,-0.6755023826875168,0.47588730207271157,-0.583675178196509,-0.6579168352331694,-0.4177434742450714,0.15368646383285522,0.015594588592648506
4.01,0.9958798368436103,1.260045966110021,1.2373073086248594,1.1254266511330338,-55.00269317626953,-16.152511596679688,-288.25140380859375,-7.119264125823975,5.7515058517456055,22.740222930908203,-0.5120326803404021,-0.7935041115355833,0.32889779451913087,-0.7144706773020854,0.18089105241997255,-0.6758772658034108,0.47681672111926116,-0.5810590780037083,-0.6595575504310123,-0.39969193935394287,0.15585355460643768,0.015781696885824203
4.02,1.2124705785166197,1.2479413621593685,1.0651354829127557,1.2356066428149304,-55.0737190246582,-16.095043182373047,-288.02410888671875,-7.086315631866455,5.74265193939209,22.71605110168457,-0.5126635433289464,-0.7947223225429783,0.32495002907109294,-0.713401337482862,0.1836960407687615,-0.6762501728528765,0.4777390742016747,-0.5785085951459807,-0.661130230985659,-0.4026169776916504,0.14913944900035858,0.016657087951898575
4.03,1.2124705785166197,1.2479413621593685,1.0651354829127557,1.2356066428149304,-55.14441680908203,-16.037654876708984,-287.79705810546875,-7.053957939147949,5.734963893890381,22.693260192871094,-0.513278355404978,-0.7959724760908252,0.3208942928420537,-0.7123659579392955,0.18661929290628487,-0.6765411897914184,0.47862309998786184,-0.5758481195775487,-0.6628113391735315,-0.42809411883354187,0.15334728360176086,0.017119314521551132
4.04,1.031680183392783,0.9535375754987236,0.9642577063717099,1.139545777073857,-55.21479797363281,-15.980340957641602,-287.57025146484375,-7.021891117095947,5.727859973907471,22.671268463134766,-0.5139330469966094,-0.797300042532357,0.31652087669328055,-0.7112305546295933,0.18974343015355505,-0.6768666994873099,0.4796080914309748,-0.5729834839604585,-0.6645795706628913,-0.45995521545410156,0.1736169457435608,0.016750652343034744
4.05,1.031680183392783,0.9535375754987236,0.9642577063717099,1.139545777073857,-55.28485107421875,-15.92310619354248,-287.3436584472656,-6.988916397094727,5.718810081481934,22.647598266601562,-0.514624452317675,-0.7987031866037482,0.31182509967247873,-0.7099915784450703,0.19306596475050614,-0.6772277990396096,0.48070118744788914,-0.569911179890318,-0.6664290025368155,-0.48434069752693176,0.17689186334609985,0.016043782234191895
4.06,1.1427663433721793,1.2109776067211524,1.145778613016205,0.9783330249983664,-55.35457229614258,-15.865971565246582,-287.1173095703125,-6.95510196685791,5.707923412322998,22.622364044189453,-0.5152755951158858,-0.8001481170557767,0.30700822765858377,-0.7088084247727449,0.19651521778029288,-0.6774750077692492,0.4817485631002441,-0.5666963560433923,-0.6684112222262513,-0.5010882616043091,0.16260796785354614,0.01510887686163187
4.07,1.041867719540148,0.9664214352995943,0.9562510624842306,1.0847053811695155,-55.42395782470703,-15.808945655822754,-286.89117431640625,-6.921773910522461,5.698089122772217,22.59840965270996,-0.5158897785663632,-0.8016058377549131,0.3021354286540936,-0.7076785628172875,0.2000351111106538,-0.6776260075084244,0.48275126939202084,-0.5633950968904438,-0.6704753363847175,-0.501700222492218,0.1699499934911728,0.015084793791174889
4.08,1.041867719540148,0.9664214352995943,0.9562510624842306,1.0847053811695155,-55.49300765991211,-15.75201416015625,-286.66534423828125,-6.888383388519287,5.688099384307861,22.574533462524414,-0.5165449864816568,-0.8030234617703523,0.297211367190127,-0.7064416639854311,0.20352595993017125,-0.6778770972823891,0.4838609845050127,-0.5601165088451348,-0.6724195447731853,-0.4998515844345093,0.18118886649608612,0.015088551677763462
4.09,1.0004833687378147,1.2302932124091246,1.0580112643735673,1.089419537729792,-55.56172180175781,-15.69518756866455,-286.4397277832031,-6.854570388793945,5.677123069763184,22.549922943115234,-0.517195116035491,-0.8044299233565746,0.29223571027095585,-0.7051890104098872,0.20704152059205055,-0.6781167070261985,0.4849924448341011,-0.5568000603084259,-0.6743560048626944,-0.5068976879119873,0.17864805459976196,0.01442660391330719
4.1,1.054487775236624,1.1613284173487317,1.217762984457659,1.1989505686834818,-55.63010025024414,-15.638467788696289,-286.21435546875,-6.821195125579834,5.667136192321777,22.526546478271484,-0.5178293068455041,-0.8058517696670062,0.2871510652887427,-0.7039441345136237,0.21064443418005802,-0.6783005070268112,0.48612289028163513,-0.5533821895159966,-0.6763524878868353,-0.5311676263809204,0.1822030246257782,0.01444884855300188
4.11,1.054487775236624,1.1613284173487317,1.217762984457659,1.1989505686834818,-55.698150634765625,-15.581839561462402,-285.9891662597656,-6.788586616516113,5.658975601196289,22.505220413208008,-0.5184627050715304,-0.8073284547477126,0.28181055623340645,-0.7026863434026422,0.2144518914415841,-0.6784115926578431,0.48726617597093225,-0.5497555387731876,-0.6784839875360856,-0.5571587085723877,0.17329701781272888,0.015042640268802643
4.12,1.1746598079988047,1.2102472016476364,1.2131285999123358,1.2551403185634125,-55.765872955322266,-15.525286674499512,-285.7642517089844,-6.756335258483887,5.651750564575195,22.485044479370117,-0.5190350184138478,-0.808826656269275,0.27640927945422056,-0.7015633390540581,0.21839420073432078,-0.6783161905637654,0.48827403264504843,-0.5459884734991041,-0.6807973676878171,-0.5728821754455566,0.14713343977928162,0.015600495040416718
4.13,1.1029702156410937,1.1226791916076122,1.012458430974923,1.1875940245757866,-55.83327865600586,-15.468802452087402,-285.53948974609375,-6.7243852615356445,5.645377159118652,22.465919494628906,-0.5195340499705545,-0.8103316307270694,0.2710111052418358,-0.7006087993710994,0.2224367787364834,-0.6779890778686062,0.4891131578326017,-0.5421111765205959,-0.6832889514154867,-0.5863655209541321,0.12669700384140015,0.015892207622528076
4.14,1.1029702156410937,1.1226791916076122,1.012458430974923,1.1875940245757866,-55.90036392211914,-15.412382125854492,-285.31488037109375,-6.6921186447143555,5.6383376121521,22.446306228637695,-0.5199909966530929,-0.8118473729634218,0.26554322889524806,-0.6997435069492864,0.22658499300119989,-0.6775088674172172,0.4898656835113453,-0.5381106614433848,-0.685907084202318,-0.6079114079475403,0.12100756913423538,0.015655718743801117
4.15,1.154129015141552,1.1163920417961404,1.0462998717036927,1.2354199546097229,-55.96712112426758,-15.356039047241211,-285.090576171875,-6.659358024597168,5.630162715911865,22.425731658935547,-0.5204363209436911,-0.8134028990335369,0.2598494942970515,-0.6988825145787911,0.23090893039396843,-0.6769374392662438,0.4906213067719557,-0.5339070983871178,-0.6886464576495164,-0.637690544128418,0.12331311404705048,0.015120637603104115
4.16,1.154129015141552,1.1163920417961404,1.0462998717036927,1.2354199546097229,-56.03355026245117,-15.29977798461914,-284.8664245605469,-6.626641273498535,5.6222405433654785,22.405603408813477,-0.5208755286518285,-0.8150007681726287,0.2538945283571572,-0.6980082062067482,0.23542377795736233,-0.6762841036430771,0.4913992549035008,-0.5294803043082035,-0.6915037090500502,-0.6652777791023254,0.12417865544557571,0.01440887339413166
4.17,1.2253962168340997,1.0254242274713885,0.9714306258053027,1.2724882499835242,-56.09965515136719,-15.243593215942383,-284.6424255371094,-6.593990802764893,5.614670276641846,22.386022567749023,-0.5212995475938939,-0.81662753615414,0.24772212027435164,-0.6971398211708113,0.24010184392388648,-0.6755347321065579,0.49218172600811877,-0.5248529048592265,-0.6944685571316391,-0.6899198293685913,0.12283235043287277,0.013564961031079292
4.18,0.9606326392253365,1.2402162422031213,1.158796634605968,1.146208134729503,-56.165428161621094,-15.187484741210938,-284.418701171875,-6.561213970184326,5.606966495513916,22.366491317749023,-0.5217047604082566,-0.8182736520234912,0.24135528453195806,-0.6962819374529421,0.24492299664089384,-0.6746882163586544,0.49296613123432864,-0.5200393793940835,-0.6975266570786206,-0.7102909088134766,0.12243358045816422,0.01217446755617857
4.19,0.9606326392253365,1.2402162422031213,1.158796634605968,1.146208134729503,-56.23088073730469,-15.131454467773438,-284.19512939453125,-6.528307914733887,5.599130153656006,22.347007751464844,-0.5220873273066081,-0.8199335995724892,0.23480569617865577,-0.6954424380535096,0.24987958317641712,-0.6737358601601745,0.4937455194936283,-0.5150428003609803,-0.7006755852577469,-0.7397593855857849,0.11548363417387009,0.011821447871625423
4.2,1.2263667496960193,1.24118391467397,1.0119482002828308,1.1794580267263652,-56.295997619628906,-15.075502395629883,-283.97174072265625,-6.4953083992004395,5.591289520263672,22.32771110534668,-0.5224396112230711,-0.8216278433325794,0.22800118351828877,-0.6946798150013449,0.25508004312649585,-0.6725727664931745,0.49444595989327633,-0.509766474632492,-0.704032196768001,-0.7805554270744324,0.10155126452445984,0.012819768860936165
4.21,1.0603555700406582,1.0461687760432734,0.9625484415462916,1.2501308295372147,-56.360782623291016,-15.01962661743164,-283.74859619140625,-6.462352752685547,5.583893775939941,22.30906867980957,-0.522778326844979,-0.823353869753755,0.22088736075810378,-0.693954380980117,0.2605427705791521,-0.6712263268208731,0.49510618871073164,-0.5041883277709389,-0.7075761386874755,-0.8164217472076416,0.11292725056409836,0.013146878220140934
4.22,1.0603555700406582,1.0461687760432734,0.9625484415462916,1.2501308295372147,-56.42524337768555,-14.963826179504395,-283.52557373046875,-6.429062843322754,5.575843811035156,22.289928436279297,-0.5231475322764629,-0.8250974324953656,0.21337967654536058,-0.6931073511748692,0.26622377316775986,-0.6698709594747914,0.4959020661586354,-0.49833636179780877,-0.7111554058640908,-0.8534597158432007,0.12216171622276306,0.012424043379724026
4.23,1.1762573062722277,1.085511916834403,1.1165447190439852,1.2091147405294718,-56.48936462402344,-14.908112525939941,-283.30279541015625,-6.395345687866211,5.566847324371338,22.26999282836914,-0.5234902853887872,-0.8268672802077418,0.20554420941835788,-0.6922940976062507,0.27215835454221643,-0.6683253043783545,0.4966757529043601,-0.4921588472990452,-0.7149075922818012,-0.8961814641952515,0.11022210121154785,0.011327721178531647
4.24,1.1206392765578483,1.1570456397254123,1.2582913295244214,1.1349593642471372,-56.55315017700195,-14.852486610412598,-283.0802001953125,-6.361697196960449,5.558513164520264,22.2509765625,-0.5237890733610943,-0.8286461062560632,0.19746047000397735,-0.6915711570752711,0.27831270024724486,-0.6665368523815155,0.4973674108032181,-0.4856826859872119,-0.7188448978765519,-0.9188375473022461,0.09826339781284332,0.010404545813798904
4.25,1.1206392765578483,1.1570456397254123,1.2582913295244214,1.1349593642471372,-56.61659622192383,-14.7969388961792,-282.85772705078125,-6.328178405761719,5.551123142242432,22.233190536499023,-0.5240523770150314,-0.8303692754046132,0.18935673373004908,-0.6909286389265386,0.28449800018465354,-0.6645889735784468,0.4979826523645337,-0.4791114216494428,-0.7228177665145161,-0.9154119491577148,0.08505035191774368,0.010343785397708416
4.26,1.2540261919726978,1.2109143361657817,1.031497864538707,1.143016708457758,-56.679710388183594,-14.741463661193848,-282.6355285644531,-6.2945756912231445,5.543995380401611,22.215906143188477,-0.5242834666601203,-0.831999387250674,0.18139422868809724,-0.6903869029621886,0.2906055705459062,-0.6625060955085365,0.49849049219129976,-0.47257319219586663,-0.7267611761869813,-0.9029873609542847,0.06883464753627777,0.010918954387307167
4.27,1.2540261919726978,1.2109143361657817,1.031497864538707,1.143016708457758,-56.742488861083984,-14.686059951782227,-282.4134216308594,-6.260784149169922,5.536730766296387,22.198701858520508,-0.5244994417418787,-0.8335390014567916,0.17353117490201053,-0.6898917478744864,0.2966354627934657,-0.6603459535940176,0.4989486063986386,-0.46606880958043206,-0.7306368132725967,-0.9012452960014343,0.0802697166800499,0.010972079820930958
4.28,1.0956283792098653,1.1676815793198119,0.9610307381660417,1.0258296975844843,-56.804927825927734,-14.630729675292969,-282.1915588378906,-6.226804733276367,5.529304504394531,22.18155860900879,-0.5247554515483395,-0.8350176519999897,0.16546068088438032,-0.6892112387797036,0.3026796204257133,-0.6583106528977735,0.49961943958381466,-0.4594894647621102,-0.7343363312288073,-0.9104228615760803,0.11771659553050995,0.01048673689365387
4.29,1.0595963827900015,0.9965491850255487,0.9543378813653736,1.013020411756751,-56.86702346801758,-14.575478553771973,-281.9698181152344,-6.192375183105469,5.520629405975342,22.163286209106445,-0.5250636261163676,-0.8364432597198699,0.15706960813196533,-0.6882736048715037,0.30878159081796414,-0.6564551576529141,0.500587288458982,-0.45278759086477316,-0.7378317993907272,-0.9263729453086853,0.15781164169311523,0.010257094167172909
4.3,1.0595963827900015,0.9965491850255487,0.9543378813653736,1.013020411756751,-56.92877197265625,-14.520323753356934,-281.7482604980469,-6.1573967933654785,5.510157585144043,22.143293380737305,-0.5254135174192875,-0.8378147266788336,0.1483479675397112,-0.6871055265500445,0.31496895217307086,-0.6547370117469943,0.5018233066503368,-0.4459383846755839,-0.7411560739651621,-0.9365695118904114,0.1845228523015976,0.010077366605401039
4.31,1.0977295922562018,1.1534807218722671,1.0147753846420977,1.2078907716655198,-56.990169525146484,-14.465277671813965,-281.5269775390625,-6.1221466064453125,5.498922348022461,22.12275505065918,-0.5257728703150102,-0.8391115697808642,0.13947997096575798,-0.6858176001512339,0.32116513765993326,-0.6530751669407417,0.5032068244405248,-0.4390270240107883,-0.7443373993188257,-0.9373961091041565,0.19912922382354736,0.009715293534100056
4.32,0.9968569669802348,1.1585749029597177,1.1962226494533843,1.2719031323283543,-57.05121612548828,-14.410341262817383,-281.3058166503906,-6.087076663970947,5.488976001739502,22.10402488708496,-0.5261282763317117,-0.8403354514338324,0.13048128566089265,-0.6844546239376139,0.32738538774426945,-0.6514143655630832,0.5046889186564748,-0.4320360366393431,-0.7474181951426702,-0.9563722014427185,0.20789232850074768,0.009302989579737186
4.33,0.9968569669802348,1.1585749029597177,1.1962226494533843,1.2719031323283543,-57.11191177368164,-14.355494499206543,-281.0848693847656,-6.052236080169678,5.480747699737549,22.087602615356445,-0.5264607209299781,-0.841512690924247,0.12122499878870238,-0.6831072904056741,0.33378462921178303,-0.6495785180380975,0.506165525408938,-0.4247872553589451,-0.7505679506694305,-0.9923591017723083,0.18896763026714325,0.00929317343980074
4.34,1.0318867363420046,1.231715316317133,1.1359850815832901,1.1456471298631519,-57.17226028442383,-14.300724983215332,-280.86407470703125,-6.017355918884277,5.473100185394287,22.072200775146484,-0.5267375277147002,-0.8426408117129738,0.11182146186088732,-0.6819802726690987,0.3404060578140279,-0.6473226579486419,0.507395786922977,-0.41722916753172135,-0.7539690558461928,-1.0300062894821167,0.14755526185035706,0.009666217491030693
4.35,0.9898627072746108,1.157824263694328,1.274378871179553,1.1596203562921092,-57.23225784301758,-14.24603271484375,-280.6434326171875,-5.982276439666748,5.465254783630371,22.056915283203125,-0.5269631305456932,-0.8437104390890995,0.10228662677770795,-0.6810918597271614,0.34724509406160003,-0.6446198284753174,0.5083539491917809,-0.40935747168242814,-0.7576296738637489,-1.0657306909561157,0.12339215725660324,0.010277901776134968
4.36,0.9898627072746108,1.157824263694328,1.274378871179553,1.1596203562921092,-57.291900634765625,-14.191420555114746,-280.4229431152344,-5.946996212005615,5.457246780395508,22.041799545288086,-0.5271647967869441,-0.8447047364865465,0.09258069553515952,-0.6803218555180348,0.3542549990566811,-0.6416116960809309,0.5091752644552541,-0.4012197699522605,-0.7614218582798745,-1.087490439414978,0.09916885197162628,0.011254116892814636
4.37,1.271820946316744,1.238669562864612,1.1377673230290601,0.9853290986944291,-57.351200103759766,-14.13688850402832,-280.2026062011719,-5.911533832550049,5.449227333068848,22.02703857421875,-0.5273356626305253,-0.8456010816826462,0.08292110452208978,-0.679766797675591,0.36133023434068756,-0.6382456913518303,0.5097393448576407,-0.3929367282507991,-0.7653538579609177,-1.0978220701217651,0.06027016043663025,0.01240504439920187
4.38,1.271820946316744,1.238669562864612,1.1377673230290601,0.9853290986944291,-57.41013717651367,-14.082435607910156,-279.9823913574219,-5.875898361206055,5.44126558303833,22.01272201538086,-0.5274881992209645,-0.8463894963006425,0.07335543766190122,-0.6793666836473385,0.36839403036386725,-0.6346233115339236,0.51011479966047,-0.3845915481965393,-0.7693323288560984,-1.088226318359375,0.0658983588218689,0.013251794502139091
4.39,1.2174850903394585,1.0087976535411693,1.0448272344062146,1.2709923638685607,-57.468711853027344,-14.028061866760254,-279.7623596191406,-5.840090751647949,5.433340072631836,21.998836517333984,-0.5276635023979819,-0.8470556089234507,0.06378106010734774,-0.6787524937505749,0.37529104025347193,-0.6312302965897967,0.5107507028526449,-0.37636874272020665,-0.772968491620933,-1.0613807439804077,0.11451761424541473,0.013826307840645313
4.4,0.9618863468120591,1.2599193122345405,1.1474143618866068,0.9615177215109133,-57.526939392089844,-13.973769187927246,-279.5423889160156,-5.804091930389404,5.425093650817871,21.984968185424805,-0.5278567952868661,-0.8476036842767687,0.05417746828643569,-0.6778780619379732,0.38200860241236595,-0.6281327573261634,0.5117113803822398,-0.3682898614996063,-0.7762177794304276,-1.0477468967437744,0.1361239105463028,0.01331349927932024
4.41,0.9618863468120591,1.2599193122345405,1.1474143618866068,0.9615177215109133,-57.58478927612305,-13.919562339782715,-279.3226623535156,-5.767877578735352,5.415946006774902,21.970417022705078,-0.5280363001648346,-0.8480525189943706,0.044548745611244056,-0.6769657297744776,0.38867724290802014,-0.6250179209881337,0.5127329386914223,-0.36019012461854444,-0.7793381857115279,-1.0555493831634521,0.14191216230392456,0.013579601421952248
4.42,1.0777432256093005,1.241242382577601,1.1036624899174647,0.9860178761744142,-57.642295837402344,-13.865453720092773,-279.10296630859375,-5.7314958572387695,5.40617036819458,21.95552635192871,-0.5282176482687027,-0.8483980421284008,0.03474015213233689,-0.6759800974028816,0.3954054744466352,-0.621856429324987,0.5138453307880422,-0.3519591920810252,-0.7823603409791424,-1.0720762014389038,0.1565486490726471,0.015362260863184929
4.43,1.024154854540359,1.1427890902842521,1.0131733958487326,1.0757985056971573,-57.69942092895508,-13.811442375183105,-278.883544921875,-5.695006370544434,5.3965229988098145,21.94125747680664,-0.528404949215992,-0.8486330978024931,0.024699695508028335,-0.6748786886996508,0.402209152990029,-0.6186813014711884,0.515098985810577,-0.3435835598005059,-0.7852536992919724,-1.084721565246582,0.18045544624328613,0.016974564641714096
4.44,1.024154854540359,1.1427890902842521,1.0131733958487326,1.0757985056971573,-57.756195068359375,-13.757526397705078,-278.66412353515625,-5.658395767211914,5.386632442474365,21.927160263061523,-0.5285911383290469,-0.8487542199863986,0.014411194790240056,-0.6736197350914793,0.409068528517916,-0.6155480415625345,0.5165538316335359,-0.3350809052027089,-0.7879675919688864,-1.103210687637329,0.20152507722377777,0.017832700163125992
4.45,0.9584070104402701,1.106695191357067,1.0308640756515592,1.0684246163994433,-57.81259536743164,-13.70371150970459,-278.44500732421875,-5.621669769287109,5.37637996673584,21.913110733032227,-0.528763585326268,-0.8487604948016965,0.0038331836494026605,-0.6722685020015773,0.4160465688349562,-0.6123400311732163,0.5181352449404171,-0.32636003895182947,-0.7905852217983174,-1.1307319402694702,0.2139260172843933,0.01825224980711937
4.46,1.083222343569029,1.1235321962268512,1.2467864558507156,0.9939061944895247,-57.86861801147461,-13.649999618530273,-278.22589111328125,-5.584840297698975,5.365840435028076,21.899215698242188,-0.5289171947764177,-0.8486442868287497,-0.00703388248179132,-0.6708660936128016,0.42316455943429315,-0.6089913300528014,0.5197935027590712,-0.3173871926711964,-0.7931456892764104,-1.1598637104034424,0.2173561006784439,0.0187239907681942
4.47,1.083222343569029,1.1235321962268512,1.2467864558507156,0.9939061944895247,-57.924293518066406,-13.596388816833496,-278.00701904296875,-5.547896862030029,5.355876922607422,21.886621475219727,-0.5290528425528159,-0.8483967922131719,-0.01805471542798659,-0.669475217692642,0.43036383323067046,-0.605466682768254,0.521446087992014,-0.30823668504803886,-0.7956658364592645,-1.1588847637176514,0.21342195570468903,0.019639577716588974
4.48,1.2381756425464823,1.1435908011294131,1.1800537654292327,1.185068976282073,-57.97958755493164,-13.54287338256836,-277.7882080078125,-5.510819435119629,5.346629619598389,21.87552833557129,-0.5291754274080316,-0.8480207234101306,-0.02888286160486611,-0.6681135788350433,0.43741167245565676,-0.6019096897174656,0.5230655913016622,-0.29921878528345114,-0.7980416691688088,-1.129539966583252,0.20847423374652863,0.02089015021920204
4.49,1.2381756425464823,1.1435908011294131,1.1800537654292327,1.185068976282073,-58.03450012207031,-13.489449501037598,-277.56939697265625,-5.473576068878174,5.338317394256592,21.866239547729492,-0.529285492338895,-0.8475265217792213,-0.039441887383700996,-0.6667766905246558,0.4442529079830521,-0.5983712883499585,0.524657709914341,-0.2904103108180164,-0.8002475484486173,-1.1057102680206299,0.20688632130622864,0.02142362855374813
4.5,1.2343683781732393,0.9978097403613447,1.1622867898562803,1.1086766363373237,-58.08904266357422,-13.436104774475098,-277.35089111328125,-5.436157703399658,5.330780506134033,21.858551025390625,-0.529373758702616,-0.8469234141411514,-0.0498412898765688,-0.6654423828407771,0.4509443972401039,-0.5948408070374358,0.5262602575876816,-0.2817266071517831,-0.8022968653226136,-1.0901284217834473,0.2085304707288742,0.02125697024166584
4.51,1.1264027357338755,1.0881576998908282,1.0726276656987244,1.2717155805970706,-58.14323043823242,-13.38283634185791,-277.13238525390625,-5.3986687660217285,5.322673797607422,21.85066032409668,-0.5294375006559494,-0.846219715589004,-0.060067677228663574,-0.6641113400391642,0.4574761018836596,-0.5913304864766549,0.5278750429131571,-0.273180909204499,-0.804189113278485,-1.060278058052063,0.20679529011249542,0.020830804482102394
4.52,1.1264027357338755,1.0881576998908282,1.0726276656987244,1.2717155805970706,-58.19703674316406,-13.329652786254883,-276.91387939453125,-5.361125469207764,5.314120292663574,21.842729568481445,-0.5294794201420315,-0.8454280140474973,-0.07002154461137533,-0.6628248745992474,0.4638043259843866,-0.5878339330207648,0.5294475698863393,-0.2648339484693639,-0.805945562975302,-1.0509159564971924,0.1952790468931198,0.020130684599280357
4.53,0.990654179568625,1.1607495027411323,1.0057486931401527,1.0529244329864074,-58.25046157836914,-13.276554107666016,-276.69537353515625,-5.323491096496582,5.305631637573242,21.835445404052734,-0.5295062177470327,-0.8445281625423454,-0.07997091996521158,-0.6616396362503351,0.4701496826828445,-0.5841166558280507,0.5309012687023426,-0.25638147075416895,-0.8077204865200416,-1.071777105331421,0.17743468284606934,0.01930277608335018
4.54,1.0772316408787395,1.0207000370275865,1.1098784151372534,1.0403498016813728,-58.303504943847656,-13.223544120788574,-276.4771728515625,-5.285902976989746,5.296206951141357,21.827428817749023,-0.5295203237962849,-0.8435039507128301,-0.09005171746571666,-0.6605403949735882,0.4765960251757628,-0.5801229312781904,0.5322542750366726,-0.24770408538922278,-0.809535714336727,-1.1011682748794556,0.1741091012954712,0.019148528575897217
4.55,1.0772316408787395,1.0207000370275865,1.1098784151372534,1.0403498016813728,-58.35616683959961,-13.170632362365723,-276.25897216796875,-5.248361587524414,5.286023139953613,21.818941116333008,-0.5295156791930051,-0.8423458439050575,-0.10033257070686039,-0.6594314113840678,0.4831351457639266,-0.5759606276540835,0.533632232130694,-0.23881773423166486,-0.8112969435710127,-1.1087764501571655,0.17492003738880157,0.019429629668593407
4.56,1.2642821918815863,1.2129456803945902,1.2477993884799818,1.2610168772312995,-58.408447265625,-13.117822647094727,-276.040771484375,-5.2107625007629395,5.275826930999756,21.811033248901367,-0.5294987109011795,-0.8410815592101047,-0.11051210752984589,-0.6583502957875461,0.4895832969552596,-0.5717369004873385,0.5349822456777793,-0.22997827310230257,-0.8129600179039822,-1.0925110578536987,0.16838036477565765,0.019600149244070053
4.57,1.0106139762871076,1.2179686560825629,1.0321767061260196,1.245389972127558,-58.46036911010742,-13.065106391906738,-275.82257080078125,-5.172713279724121,5.267582416534424,21.80650520324707,-0.5294726094124458,-0.8397244684368848,-0.12050548946154621,-0.6573131208334435,0.4958928333567559,-0.5674766594368507,0.5362818448000775,-0.2212535082971565,-0.8145235834547859,-1.0796895027160645,0.16224850714206696,0.019600236788392067
4.58,1.0106139762871076,1.2179686560825629,1.0321767061260196,1.245389972127558,-58.51188659667969,-13.012467384338379,-275.6044921875,-5.134467124938965,5.259850978851318,21.803302764892578,-0.5294368705391641,-0.8382556251477679,-0.13047646156230977,-0.656314626772729,0.5021710757319722,-0.5630944160461608,0.5375385668004384,-0.21248933527666386,-0.816027310569819,-1.1079461574554443,0.15610507130622864,0.01956922560930252
4.59,1.1753729594167224,1.1213647113819434,1.2053203131626846,1.0764332674786166,-58.56302261352539,-12.959912300109863,-275.3865966796875,-5.096336364746094,5.251173496246338,21.79935646057129,-0.5293941046262205,-0.8366081392376382,-0.14081442876473466,-0.6553598415064411,0.5086807399226035,-0.5583434274462669,0.5387442437072105,-0.20329959712977502,-0.8175719623857074,-1.169756531715393,0.1489989310503006,0.01962398737668991
4.6,1.1753729594167224,1.1213647113819434,1.2053203131626846,1.0764332674786166,-58.61377716064453,-12.90744400024414,-275.168701171875,-5.058094024658203,5.242524147033691,21.79610824584961,-0.5293441463722005,-0.8347683347896109,-0.15151436213793934,-0.6544425871561599,0.5154088462624234,-0.5532256513492391,0.5399070983214045,-0.19368930901579917,-0.8191366044532155,-1.1898388862609863,0.14617663621902466,0.01984710991382599
4.61,1.009290459579013,1.2366504439919148,1.2628080880162635,1.0192933395537485,-58.66415023803711,-12.855061531066895,-274.9508056640625,-5.019706726074219,5.233987808227539,21.793718338012695,-0.52928095131627,-0.8328122436848022,-0.16212785492453147,-0.6535308053602884,0.5220361356364178,-0.5480654701173286,0.5410722327184025,-0.1841250658071334,-0.82057223882035,-1.1674712896347046,0.1474420130252838,0.0202160757035017
4.62,0.9715121906951351,1.160004502188299,1.241620127648582,1.17944606394137,-58.714141845703125,-12.802764892578125,-274.73291015625,-4.9812541007995605,5.225306034088135,21.791790008544922,-0.5292065152028331,-0.8307655401863753,-0.17253718876147692,-0.652619497969167,0.5284869074483589,-0.5429450980772754,0.542243723004099,-0.17472894978940895,-0.8218525043875842,-1.1520293951034546,0.14573504030704498,0.02136896178126335
4.63,0.9715121906951351,1.160004502188299,1.241620127648582,1.17944606394137,-58.76375198364258,-12.750555992126465,-274.5150146484375,-4.942733287811279,5.216536521911621,21.7904109954834,-0.5291461208061722,-0.82859910125229,-0.18283301736742608,-0.6517589075089405,0.5348628153299123,-0.5377100475722142,0.5433366445570669,-0.16536413813538264,-0.8230674288903733,-1.158645510673523,0.12327095121145248,0.022804019972682
4.64,1.1206001017882408,1.0685720825759275,1.0039387754048965,1.2633017429781963,-58.81298065185547,-12.698433876037598,-274.297119140625,-4.904114246368408,5.207762241363525,21.78971290588379,-0.5291442782468873,-0.8262809791650946,-0.19304423396867773,-0.6510760216927544,0.541260444655821,-0.5321063286860241,0.5441565462027604,-0.15587454738011525,-0.8243766000461971,-1.176970362663269,0.0840621292591095,0.02392374537885189
4.65,0.9638234802728763,1.0625761235702174,1.0745223008673064,1.2519926932552554,-58.8618278503418,-12.646400451660156,-274.0792236328125,-4.865492343902588,5.198688507080078,21.78925132751465,-0.5292080954991835,-0.8237975608838095,-0.20321508393820936,-0.6505834147090344,0.5477082969779435,-0.5260768403256824,0.5446834054417848,-0.1461957595260791,-0.8258006949215612,-1.2031338214874268,0.057152677327394485,0.02389451302587986
4.66,0.9638234802728763,1.0625761235702174,1.0745223008673064,1.2519926932552554,-58.91029357910156,-12.59445858001709,-273.861328125,-4.826966762542725,5.189064025878906,21.788644790649414,-0.5293086048373917,-0.8211290880176937,-0.2134933761415671,-0.6502189913872322,0.5542449307847622,-0.5196420113296891,0.5450207923414156,-0.13623354032918905,-0.8272803384614617,-1.2405905723571777,0.028157345950603485,0.02328653074800968
4.67,1.1292169099295353,1.2257528645868718,1.219689036841648,1.0599214621325068,-58.958377838134766,-12.542618751525879,-273.6434326171875,-4.788464546203613,5.179085731506348,21.788223266601562,-0.5294814806746305,-0.8182465369734307,-0.22387935669370887,-0.650049740673233,0.5609095674864012,-0.5126556268616205,0.5450547644716662,-0.12590894262603605,-0.8288921774836159,-1.2837910652160645,-0.013273993507027626,0.022932060062885284
4.68,1.2070998067755765,1.0432785117235064,1.0124797704861255,0.9717394353550335,-59.006080627441406,-12.490877151489258,-273.425537109375,-4.74959135055542,5.169620037078857,21.789409637451172,-0.5297291131112938,-0.8151531917803926,-0.23433382310831807,-0.6500529071584334,0.5676597413767963,-0.5051669386597839,0.5448103198519564,-0.11527225143228248,-0.830598593444837,-1.3016866445541382,-0.030463511124253273,0.023239923641085625
4.69,1.2070998067755765,1.0432785117235064,1.0124797704861255,0.9717394353550335,-59.053375244140625,-12.439230918884277,-273.2076416015625,-4.710775375366211,5.15968656539917,21.790637969970703,-0.5299754366485352,-0.8119257039188771,-0.24475025610820111,-0.650036060339403,0.5743078113199125,-0.49761798411568614,0.5445908159413102,-0.10462881616823971,-0.8321500189386588,-1.2845892906188965,-0.010561872273683548,0.023421943187713623
4.7,0.9573411253227806,0.95362130431454,1.1798946779577524,1.0077912915698857,-59.100276947021484,-12.387686729431152,-272.98974609375,-4.672256946563721,5.148860454559326,21.791200637817383,-0.5301464414575612,-0.8086296469288922,-0.25507419453472824,-0.6498684984098576,0.5807304780416258,-0.49032952863157453,0.5446243525443955,-0.09418177096020483,-0.8333751307990886,-1.2540600299835205,0.024926602840423584,0.02302720583975315
4.71,0.9573411253227806,0.95362130431454,1.1798946779577524,1.0077912915698857,-59.14679718017578,-12.336254119873047,-272.7718505859375,-4.633902549743652,5.137542247772217,21.791728973388672,-0.5302510349965381,-0.8052853085315039,-0.2652346352730366,-0.6495828491520144,0.5869098625507434,-0.483300046894493,0.5448632507085165,-0.0839784800052259,-0.8343090871633607,-1.223892092704773,0.025013402104377747,0.023129567503929138
4.72,1.0220411423098752,1.0648476388456543,1.226363621624911,1.050718589275336,-59.192935943603516,-12.284937858581543,-272.553955078125,-4.59567403793335,5.125865459442139,21.79241943359375,-0.5304162283374491,-0.8018933070522859,-0.2750013614894002,-0.6494028839243703,0.5928658159809471,-0.476220556666716,0.544916983647038,-0.0740084342895751,-0.835217476222223,-1.195520281791687,-0.00949869491159916,0.023730140179395676
4.73,1.0805317884259729,1.0480955096616689,1.2159784830600864,1.1015436109999386,-59.23869323730469,-12.233736038208008,-272.3360595703125,-4.557100296020508,5.114659309387207,21.794696807861328,-0.5306847358922592,-0.7984581877118828,-0.2843206527264927,-0.6493868942683798,0.5986113493578548,-0.46900012150578013,0.5446745566330697,-0.06425709996431678,-0.8361821885574606,-1.1706938743591309,-0.04282381758093834,0.02447591722011566
4.74,1.0805317884259729,1.0480955096616689,1.2159784830600864,1.1015436109999386,-59.2840690612793,-12.182641983032227,-272.1181640625,-4.518063068389893,5.1040568351745605,21.798805236816406,-0.5310475721089786,-0.7949781141338653,-0.2932546235020381,-0.6495033033771559,0.6041676969663442,-0.46165663955427483,0.5441818951961939,-0.05469179088808959,-0.8371826998631374,-1.1478849649429321,-0.07115279138088226,0.025039123371243477
4.75,1.0354679301742271,1.1372740503487686,1.0920750438638231,1.1867765287365546,-59.329063415527344,-12.131653785705566,-271.9002685546875,-4.47883939743042,5.0935587882995605,21.803857803344727,-0.5315004942670382,-0.7914633604313703,-0.3018161256271386,-0.649739065572422,0.6095347939835168,-0.4542097330447108,0.5434577916112437,-0.045310970174497506,-0.8382127085166841,-1.1244972944259644,-0.09871570020914078,0.025355057790875435
4.76,1.2386815152147104,1.1324886755825168,1.1715034426751754,1.2439881236933072,-59.37364959716797,-12.080771446228027,-271.68212890625,-4.439551830291748,5.082955360412598,21.80946922302246,-0.5320395988971611,-0.7878964013414099,-0.310085675190912,-0.6500811137621835,0.6147521984522777,-0.44662543593912174,0.5425204242561446,-0.03604157670451327,-0.8392690831989378,-1.1274198293685913,-0.12044862657785416,0.02547946199774742
4.77,1.2386815152147104,1.1324886755825168,1.1715034426751754,1.2439881236933072,-59.417842864990234,-12.029993057250977,-271.46392822265625,-4.399736404418945,5.072892189025879,21.816871643066406,-0.5326387176639714,-0.7841967550793735,-0.3183260054853539,-0.6504886258421071,0.6199396645972882,-0.4387930718562557,0.5414430201741709,-0.02665073323537598,-0.840314937581553,-1.1371498107910156,-0.1325691044330597,0.025094952434301376
4.78,1.1851657330654548,1.2133809469452437,1.0696214597681168,1.0870204185104146,-59.461639404296875,-11.979310035705566,-271.2457275390625,-4.359415531158447,5.063271522521973,21.8259220123291,-0.5332716347200468,-0.7804031742489312,-0.3264846845185869,-0.6509279370887668,0.6250390937524803,-0.43083517962028184,0.5402908330893385,-0.01723417834625207,-0.8413018476007041,-1.1338359117507935,-0.13997183740139008,0.024351999163627625
4.79,1.1544576568679423,1.1467649898376127,1.02064707117867,1.1380607153504199,-59.50503158569336,-11.928727149963379,-271.02752685546875,-4.319334030151367,5.053072929382324,21.834672927856445,-0.5339106538724481,-0.776528808279215,-0.3345779783457917,-0.6513607041285383,0.6300331709444953,-0.42283263429730533,0.5391369462378456,-0.00782390069506625,-0.8421817735971515,-1.1348018646240234,-0.12690728902816772,0.023925794288516045
4.8,1.1544576568679423,1.1467649898376127,1.02064707117867,1.1380607153504199,-59.548030853271484,-11.878250122070312,-270.8090515136719,-4.279688835144043,5.042095184326172,21.84270668029785,-0.5344803231866899,-0.7725426620181931,-0.34279530260506086,-0.6516877791081667,0.6349607209555519,-0.41488302135020066,0.5381763862223209,0.001648698107478419,-0.8428306230241245,-1.1461210250854492,-0.10223213583230972,0.02358342707157135
4.81,0.9541468374551206,0.9643710299173672,1.1196000571746243,1.0248858168703845,-59.59062194824219,-11.827886581420898,-270.5905456542969,-4.240206241607666,5.03073787689209,21.850805282592773,-0.5349776962720606,-0.7684129387384228,-0.35119854793381533,-0.6519164610754419,0.6398553601189382,-0.4069275683778827,0.5374046820323687,0.011254941423455733,-0.8432493901706918,-1.1627769470214844,-0.0813782587647438,0.02305617742240429
4.82,0.9541468374551206,0.9643710299173672,1.1196000571746243,1.0248858168703845,-59.63283157348633,-11.77763843536377,-270.3720397949219,-4.201383113861084,5.018472194671631,21.857866287231445,-0.5354365196315258,-0.7641443248231724,-0.3597098612568423,-0.6520908797875712,0.6447043756455646,-0.3989157210756855,0.5367357058578739,0.020969474576173902,-0.8434898121454988,-1.1652405261993408,-0.08656525611877441,0.02295340597629547
4.83,1.056057601985015,1.221182938549217,1.262784860874446,0.9897383849873254,-59.674659729003906,-11.727519035339355,-270.1535339355469,-4.163175582885742,5.00541353225708,21.864091873168945,-0.5359779018412283,-0.7598000823500662,-0.3680102221388797,-0.652338040442498,0.6494348133415018,-0.39075504374445497,0.5358943643382684,0.03063099869285485,-0.8437292054857184,-1.1539279222488403,-0.11551464349031448,0.02324819192290306
4.84,1.0669846426926106,1.0207042827924724,1.1591256809749293,1.0267558329627766,-59.71610641479492,-11.677529335021973,-269.934814453125,-4.124266147613525,4.9929890632629395,21.87253189086914,-0.536624515407692,-0.755407344768365,-0.37602376644763896,-0.6526702299204702,0.6540223110333728,-0.3824609622512168,0.5348417527073036,0.040181589572522936,-0.8439962911176832,-1.1388969421386719,-0.13041190803050995,0.024228669703006744
4.85,1.0669846426926106,1.0207042827924724,1.1591256809749293,1.0267558329627766,-59.75715255737305,-11.627659797668457,-269.71600341796875,-4.085064888000488,4.980729103088379,21.88217544555664,-0.5373173642438241,-0.750986631042556,-0.3838087154787152,-0.6530121213268548,0.6584537165256051,-0.3741842762514469,0.5337276641530497,0.04957603442158068,-0.8442019884652959,-1.1164922714233398,-0.13815344870090485,0.025130998343229294
4.86,0.9940389364588595,1.1172860496310628,1.0996390476364488,1.2472468710213998,-59.79779815673828,-11.577916145324707,-269.4971923828125,-4.04618501663208,4.968012809753418,21.891643524169922,-0.5380677208530443,-0.7465768320002935,-0.39128782462072137,-0.6533805487438857,0.6626999918720463,-0.36595434045236963,0.5325194703474696,0.05875163566400268,-0.8443762544077463,-1.0887643098831177,-0.15162330865859985,0.02548055164515972
4.87,1.0840004083611101,1.1169829110863247,1.1623929268168658,1.1378205719999488,-59.83806228637695,-11.528299331665039,-269.2782287597656,-4.007028102874756,4.95542049407959,21.902238845825195,-0.5388971965735558,-0.7421502783115576,-0.39850065988306677,-0.6537967553578424,0.6667966437310904,-0.3576758848350145,0.5311681600102924,0.06778790681995284,-0.844550285939357,-1.0948594808578491,-0.17539992928504944,0.025532076135277748
4.88,1.0840004083611101,1.1169829110863247,1.1623929268168658,1.1378205719999488,-59.87794494628906,-11.47880744934082,-269.0591125488281,-3.967493772506714,4.943013668060303,21.914133071899414,-0.5398430863965658,-0.7375645992601143,-0.40566969813888926,-0.6542920154815863,0.6708724882809873,-0.34904449994910497,0.5295955065395421,0.07699718427282981,-0.8447485028499206,-1.1127761602401733,-0.1986817717552185,0.02551616169512272
4.89,0.9841263597468518,1.1769180662656789,0.9735425949142933,1.230333173220931,-59.91741180419922,-11.429439544677734,-268.8399963378906,-3.9278481006622314,4.930521488189697,21.92673683166504,-0.5408767461163881,-0.7328643147945525,-0.41274961127935594,-0.6548328806323364,0.6748817393507687,-0.34018897150501176,0.5278695330792493,0.08628171296162629,-0.8449314895629723,-1.1163806915283203,-0.21444322168827057,0.02560638263821602
4.9,1.1045659326809132,1.1422090165147394,0.9621761857758396,1.1132830693811797,-59.95649337768555,-11.38019847869873,-268.6205749511719,-3.888456344604492,4.917632579803467,21.939300537109375,-0.5419812773920496,-0.7280279565043202,-0.41979946344013497,-0.655400248270926,0.6788371603001104,-0.3311051560487849,0.5260292858034523,0.0956838771362517,-0.845066734721752,-1.1519092321395874,-0.22525934875011444,0.02546841651201248
4.91,1.1045659326809132,1.1422090165147394,0.9621761857758396,1.1132830693811797,-59.99519348144531,-11.33108901977539,-268.4011535644531,-3.84940505027771,4.904293060302734,21.951702117919922,-0.5431122563270003,-0.722903862813475,-0.4271288823724651,-0.6559595068774238,0.6828461173325355,-0.3216182603351498,0.5241623816762526,0.10550443200755955,-0.8450577568795168,-1.1986231803894043,-0.21749213337898254,0.025010542944073677
4.92,0.9761687495010714,0.9753918131755767,1.033315010101615,1.2247249733284642,-60.03349304199219,-11.282114028930664,-268.18157958984375,-3.810480833053589,4.890683650970459,21.964441299438477,-0.5441811550927882,-0.7175329923316068,-0.43475657022928305,-0.6564458531492022,0.6868574103882323,-0.3119386793553944,0.5224420659988007,0.11564299680664537,-0.8447964162829311,-1.2310450077056885,-0.1954365372657776,0.0244398582726717
4.93,1.192451769579386,1.0657838954948549,1.0478323013995745,1.224927131883963,-60.07139205932617,-11.2332763671875,-267.96185302734375,-3.771815061569214,4.876730918884277,21.977333068847656,-0.5452068822709144,-0.7119342813255609,-0.4426048289364751,-0.6568773447716214,0.6908419602603133,-0.3020753877254351,0.5208278117096029,0.12604350446232743,-0.8443052916644795,-1.261620044708252,-0.20447105169296265,0.023706156760454178
4.94,1.192451769579386,1.0657838954948549,1.0478323013995745,1.224927131883963,-60.108909606933594,-11.184578895568848,-267.7420654296875,-3.7327191829681396,4.862907886505127,21.991731643676758,-0.5463384969292913,-0.706122473589237,-0.4504501071875332,-0.6573601215647834,0.6947751311511614,-0.29183075182410056,0.5190297846457136,0.1366695629103424,-0.8437591559352231,-1.2812734842300415,-0.22374650835990906,0.022595930844545364
4.95,1.2406658199480514,1.0755546237339326,1.2313137685187618,0.9608033553345012,-60.14604568481445,-11.136017799377441,-267.52203369140625,-3.6930410861968994,4.849274635314941,22.00789451599121,-0.5475215004225469,-0.700158028199034,-0.4582564152562227,-0.6578565491249773,0.698605979282773,-0.2813795416936593,0.517150816830467,0.14740563509852034,-0.8431053382542317,-1.2908928394317627,-0.22846342623233795,0.021256640553474426
4.96,1.2406658199480514,1.0755546237339326,1.2313137685187618,0.9608033553345012,-60.18277359008789,-11.087594032287598,-267.3018798828125,-3.653331756591797,4.835452556610107,22.024776458740234,-0.5487136608553512,-0.6941174325943624,-0.4659552641180578,-0.6583365997343826,0.7022844380916923,-0.2709049454410292,0.5152729760436594,0.15810615985105209,-0.8423159753775679,-1.2617405652999878,-0.22153739631175995,0.020677577704191208
4.97,1.0676412167486773,1.190842602018463,1.2511734549643467,1.265504407407046,-60.21910858154297,-11.03930950164795,-267.08154296875,-3.613665819168091,4.821403980255127,22.04224395751953,-0.549860409985546,-0.6882244645272383,-0.47328703337057926,-0.6587590060037517,0.7056926366765626,-0.26083418976321027,0.5135076450642937,0.16835970113622076,-0.8414065066861833,-1.1976770162582397,-0.20540934801101685,0.02084323763847351
4.98,1.1426350194741126,1.2418338502549937,1.0253215360241803,0.9703654847267535,-60.25504684448242,-10.991165161132812,-266.86102294921875,-3.573435068130493,4.807476043701172,22.061351776123047,-0.5509843283014388,-0.6824922184060784,-0.48022978019002743,-0.6591371138174611,0.7088466733800658,-0.251146687866676,0.5118149422932079,0.17815938216429683,-0.8404193592440838,-1.1728554964065552,-0.21446609497070312,0.021128959953784943
4.99,1.1426350194741126,1.2418338502549937,1.0253215360241803,0.9703654847267535,-60.29058074951172,-10.943161964416504,-266.6403503417969,-3.533557176589966,4.793178558349609,22.08045196533203,-0.552171273530667,-0.6766818519568621,-0.4870406101340553,-0.6595169169879181,0.7118856215680083,-0.24136341481567167,0.510043450006245,0.1879375775010467,-0.839365919053642,-1.1811494827270508,-0.20314805209636688,0.02151583507657051
5.0,1.092776489100126,1.2527123814906787,1.15492523084455,1.0704885313424584,-60.32573318481445,-10.895304679870605,-266.4194030761719,-3.494457483291626,4.778323173522949,22.098873138427734,-0.5531972755174128,-0.6707501737561221,-0.49403135403154697,-0.6597865494699218,0.71483123615829,-0.2317283171107615,0.5085808524695815,0.19776376872051935,-0.8379946349964125,-1.1883749961853027,-0.15361498296260834,0.022007353603839874
5.01,1.2328833389474272,1.0483683863955167,1.0105198668719173,1.067255807819802,-60.3604736328125,-10.84759521484375,-266.1983337402344,-3.455059289932251,4.763471603393555,22.118526458740234,-0.554005678101954,-0.6646913575641823,-0.5012615163866846,-0.6599280306211336,0.7176858747155024,-0.22231054773527167,0.5075162096241915,0.20763521958793182,-0.8362505082541745,-1.1978473663330078,-0.11737894266843796,0.02271416038274765
5.02,1.2328833389474272,1.0483683863955167,1.0105198668719173,1.067255807819802,-60.39482498168945,-10.80003547668457,-265.9770812988281,-3.415787935256958,4.7484450340271,22.138734817504883,-0.5546874063464378,-0.6585140141240318,-0.5086070924032778,-0.6599931960861887,0.7204445299426829,-0.21299920280509121,0.5066861576563936,0.21752924510952787,-0.8342362765796507,-1.1938984394073486,-0.0919409692287445,0.02266303449869156
5.03,1.0304040173321252,1.2204472835754772,1.2143088351795377,0.9758043864567247,-60.428794860839844,-10.7526273727417,-265.75555419921875,-3.3769543170928955,4.733132362365723,22.159019470214844,-0.5552312268864518,-0.652319340340829,-0.5159435656227059,-0.6599950603072717,0.7230617752998162,-0.2039318255453985,0.5060877444279462,0.22729088700954117,-0.831994018982258,-1.1757386922836304,-0.06342756748199463,0.021780287846922874
5.04,1.1251141696342615,1.1587720945337194,1.014254686792573,0.9557430669141075,-60.46238327026367,-10.70537281036377,-265.53387451171875,-3.338016986846924,4.71777868270874,22.180288314819336,-0.5556435369537954,-0.6461313440024236,-0.523234695083476,-0.6599424000933461,0.7255348608219802,-0.19512866086524552,0.5057037555728751,0.23688278120127657,-0.8295482261869037,-1.161713719367981,-0.044352125376462936,0.022091494873166084
5.05,1.1251141696342615,1.1587720945337194,1.014254686792573,0.9557430669141075,-60.49555969238281,-10.658272743225098,-265.31201171875,-3.299393653869629,4.702240943908691,22.201887130737305,-0.5559637187889961,-0.6399056078624752,-0.5304951992397914,-0.6598420571849515,0.7278929732111208,-0.18649471606403661,0.5054827424949747,0.2463587477156649,-0.8269187169629966,-1.154906988143921,-0.016880584880709648,0.022951124235987663
5.06,1.0697023450883318,1.043563932696643,1.0640897173469517,1.2587579689180788,-60.52834701538086,-10.611328125,-265.08984375,-3.2612109184265137,4.686496257781982,22.223655700683594,-0.5560895955216427,-0.6336198076299003,-0.5378571382175971,-0.659666305383329,0.7301468432530829,-0.17811780604270322,0.5055736615909531,0.25575677247456363,-0.8240047002529234,-1.1505451202392578,0.02560313604772091,0.023393692448735237
5.07,1.0697023450883318,1.043563932696643,1.0640897173469517,1.2587579689180788,-60.560752868652344,-10.564541816711426,-264.86749267578125,-3.222668170928955,4.670843124389648,22.24686050415039,-0.5560437302964959,-0.6272424899924048,-0.5453276343136167,-0.6594333887671292,0.7323082843655525,-0.1699181639162854,0.5059278365311185,0.2651253201746473,-0.8208200709200725,-1.1614021062850952,0.03392331302165985,0.023189950734376907
5.08,0.9564255453235033,1.0355417321568952,0.9525870961913697,1.0261816344260872,-60.592777252197266,-10.517911911010742,-264.6448974609375,-3.1837387084960938,4.655278205871582,22.271535873413086,-0.5560638743858054,-0.6206730517923315,-0.5527729464995921,-0.6592292662134448,0.7344028707801554,-0.1614595861432493,0.5061716528715632,0.274622260876026,-0.8175407461775893,-1.1861240863800049,0.008861102163791656,0.022408828139305115
5.09,1.2684310398586967,1.2315892462213793,1.002097870202774,1.0387809696744508,-60.624420166015625,-10.471437454223633,-264.4220886230469,-3.1459779739379883,4.639333248138428,22.29538345336914,-0.5562041819357492,-0.6138779884207075,-0.5601702628038456,-0.6590677142804071,0.7364316397193035,-0.15263743975033506,0.506227869630252,0.28429255240488327,-0.8141935203971676,-1.2115486860275269,-0.005401596426963806,0.021971700713038445
5.1,1.2684310398586967,1.2315892462213793,1.002097870202774,1.0387809696744508,-60.65568161010742,-10.425125122070312,-264.1990051269531,-3.107884407043457,4.6234331130981445,22.32065200805664,-0.556313065757738,-0.6068773794221125,-0.5676403960369419,-0.6589002829858204,0.738382881307087,-0.14367023934639647,0.5063261695275417,0.2940927862739823,-0.8106437214419002,-1.2243424654006958,0.024917956441640854,0.02177942916750908
5.11,1.0527236195626237,0.969746273646475,0.9924168784390839,1.063713185102125,-60.686561584472656,-10.378969192504883,-263.97564697265625,-3.0685875415802,4.607794284820557,22.348587036132812,-0.5561312461179687,-0.5997538128271952,-0.5753376409470506,-0.6586648409056836,0.7402322988152016,-0.13496951931992923,0.5068319883807316,0.3038939087741049,-0.8067030604652682,-1.2260985374450684,0.08582621067762375,0.021531717851758003
5.12,1.2149688495222861,1.0018745232883943,0.9567932289421239,1.261449721464911,-60.71706008911133,-10.332969665527344,-263.75201416015625,-3.0303730964660645,4.591873645782471,22.375980377197266,-0.5556391558360554,-0.5925334803702841,-0.5832402619350572,-0.6583672242398918,0.7419758741457148,-0.1265875200498156,0.5077575470128,0.3136492895352717,-0.8023754711016304,-1.2254480123519897,0.11684706062078476,0.021150467917323112
5.13,1.2149688495222861,1.0018745232883943,0.9567932289421239,1.261449721464911,-60.74717712402344,-10.287131309509277,-263.5281066894531,-2.9923508167266846,4.575906276702881,22.404125213623047,-0.5550656197014605,-0.5852123156107224,-0.5911249474374857,-0.6580690577821268,0.743614149361828,-0.11825020955004262,0.5087703539075147,0.3233644113479734,-0.7978647657707421,-1.2317122220993042,0.1189829409122467,0.019928162917494774
5.14,1.190249827020187,1.1867229384422902,1.2748422089437657,1.1186605377527556,-60.776912689208984,-10.24145221710205,-263.3039245605469,-2.9536054134368896,4.560081481933594,22.434268951416016,-0.5544677861622792,-0.5777386016718078,-0.5989854607973427,-0.6577921695356934,0.7451509940409798,-0.10981556254586548,0.5097793010762856,0.3331187539272498,-0.7931941502407401,-1.2452119588851929,0.11889330297708511,0.018033724278211594
5.15,1.0114548561250094,0.9704217397837013,0.9970281343298844,1.1395720296651612,-60.80625534057617,-10.195929527282715,-263.0794372558594,-2.9138338565826416,4.544421672821045,22.46677017211914,-0.5538542321962728,-0.5701301317633637,-0.6067924870445965,-0.6575370341866015,0.7465809862635678,-0.10130093594240171,0.5107744493916716,0.3428825802008731,-0.7883787148594429,-1.240379810333252,0.1174754798412323,0.017342612147331238
5.16,1.0114548561250094,0.9704217397837013,0.9970281343298844,1.1395720296651612,-60.83518981933594,-10.150565147399902,-262.8546142578125,-2.87501859664917,4.528575420379639,22.49901008605957,-0.5532618122405404,-0.5624854280455307,-0.6144196532930479,-0.6572977495037373,0.747894785932693,-0.09280656050093522,0.5117235929812454,0.3525103295098281,-0.7835020306133464,-1.2378233671188354,0.1054772436618805,0.017189182341098785
5.17,0.9777885065432527,0.9914759041416573,1.0696405475655097,1.1747219103910214,-60.86374282836914,-10.105359077453613,-262.62945556640625,-2.8378190994262695,4.5124640464782715,22.53019905090332,-0.5527676651810383,-0.554700525887652,-0.6218964824713722,-0.6570869889224765,0.7491065785391549,-0.08411909996043584,0.5125276551749149,0.3621417686063333,-0.7785683927000762,-1.2514618635177612,0.08445142209529877,0.016585972160100937
5.18,0.9777885065432527,0.9914759041416573,1.0696405475655097,1.1747219103910214,-60.89194107055664,-10.060315132141113,-262.40399169921875,-2.80060076713562,4.496345520019531,22.56245231628418,-0.5524160973478583,-0.5467294861545735,-0.629224383157644,-0.6569084899252571,0.7502169420676267,-0.0751383770041511,0.5131351588568843,0.371835190378554,-0.7735831564486554,-1.268679141998291,0.05384084954857826,0.01608423888683319
5.19,1.1704041433795358,1.1870016061508633,1.1345503075558938,1.021226339344409,-60.919769287109375,-10.015432357788086,-262.17822265625,-2.763187885284424,4.480223178863525,22.59598159790039,-0.5522821295635973,-0.538554368732922,-0.6363518219376616,-0.656764580173685,0.7512218455552326,-0.0657725245818723,0.513463470554606,0.38160834723479753,-0.7685898345195215,-1.2874271869659424,0.015314876101911068,0.01571652479469776
5.2,1.170844745715946,1.1258351923864662,1.1753508489782394,1.2223337178584315,-60.94721603393555,-9.970709800720215,-261.95208740234375,-2.724888324737549,4.464134693145752,22.631589889526367,-0.5523236980996938,-0.5302053347179795,-0.6432890761967545,-0.6566426344645185,0.7521118342449645,-0.05610917386819872,0.5135747103596273,0.391420607307881,-0.7635646174710787,-1.2898030281066895,0.008715186268091202,0.015778709203004837
5.21,1.170844745715946,1.1258351923864662,1.1753508489782394,1.2223337178584315,-60.974273681640625,-9.926149368286133,-261.7255554199219,-2.6852381229400635,4.448080539703369,22.669771194458008,-0.5523236721396215,-0.5217995176614879,-0.6501260066805834,-0.6565169246892993,0.7528757643815728,-0.04651463214265936,0.513735426840225,0.4011275941332143,-0.7584013214876347,-1.2844008207321167,0.011676967144012451,0.015816036611795425
5.22,1.0641993338075382,1.07922391788499,1.1032090214243184,0.9697826348613068,-61.000919342041016,-9.881749153137207,-261.4986572265625,-2.6449801921844482,4.431966304779053,22.709583282470703,-0.5523658961494131,-0.5133221359385235,-0.6568046144224076,-0.6563964428363044,0.7535140409838061,-0.03688224331708759,0.5138439710679708,0.41075171916349507,-0.7531582825683665,-1.2839211225509644,-0.0005960487760603428,0.015506021678447723
5.23,1.146043160532072,1.0207160548739893,0.95391639612671,1.205955787818259,-61.027183532714844,-9.83751106262207,-261.2713928222656,-2.606110095977783,4.415665626525879,22.74872589111328,-0.5524691825406215,-0.5047820175745589,-0.6633045432350474,-0.6562811614260317,0.7540258991262593,-0.02720258451204466,0.5138801801005718,0.42028568638509894,-0.7478550008655486,-1.274863600730896,-0.003121613059192896,0.015606412664055824
5.24,1.146043160532072,1.0207160548739893,0.95391639612671,1.205955787818259,-61.05306625366211,-9.793436050415039,-261.043701171875,-2.5682780742645264,4.399229049682617,22.787641525268555,-0.5525517355455385,-0.49621430265872796,-0.6696700272391811,-0.6561643930363135,0.7544127251834123,-0.01759913045077688,0.5139405304671929,0.42968919688333973,-0.7424502173377356,-1.2761564254760742,0.0006929439259693027,0.015117045491933823
5.25,1.208265631658819,1.2582234020460066,1.0001128231925198,1.204528391740088,-61.07856750488281,-9.749526977539062,-260.81561279296875,-2.530350685119629,4.382714748382568,22.827634811401367,-0.5526134439689587,-0.48749144274216366,-0.6759959132997254,-0.6560552517168963,0.7546713528934716,-0.007915542724073188,0.5140135097830075,0.4391164337338112,-0.736862856565218,-1.293791651725769,0.0019217738881707191,0.01374346949160099
5.26,1.0870384341813502,1.230800541498593,1.1592996394698138,1.0721503799930954,-61.10368728637695,-9.705781936645508,-260.587158203125,-2.4913523197174072,4.366121768951416,22.869766235351562,-0.5526208817721777,-0.47854193997015704,-0.6823545799061802,-0.6559557299685402,0.7547969863754224,0.001894645090800312,0.5141325134153457,0.44864141700045845,-0.7310189037234539,-1.323521375656128,0.02045956254005432,0.012682306580245495
5.27,1.0870384341813502,1.230800541498593,1.1592996394698138,1.0721503799930954,-61.128395080566406,-9.662203788757324,-260.3582458496094,-2.451747179031372,4.349428653717041,22.913530349731445,-0.5524515860388909,-0.46930042259028293,-0.6888790593708707,-0.6558630722017574,0.7547880661775558,0.011773091268557329,0.5144325763452253,0.4583143991983313,-0.7247806812286642,-1.347472071647644,0.043207161128520966,0.012768188491463661
5.28,1.1460086131792342,1.012638121244141,1.2006098668325016,1.1266442990494154,-61.152713775634766,-9.618792533874512,-260.12890625,-2.4123740196228027,4.332639217376709,22.958059310913086,-0.5521648638073654,-0.45985998808809225,-0.6954442857139698,-0.6557720253856847,0.7546482586239623,0.021657711729975437,0.5148563041258707,0.46801153523331174,-0.7182535687279304,-1.3585946559906006,0.05692360922694206,0.013612577691674232
5.29,1.1460086131792342,1.012638121244141,1.2006098668325016,1.1266442990494154,-61.17665100097656,-9.57555103302002,-259.8990783691406,-2.373248815536499,4.315765380859375,23.003366470336914,-0.5518284148675134,-0.4503051377262757,-0.7019335320969695,-0.6556820924854077,0.7543789713604165,0.03151763257539056,0.5153313440290284,0.47763757233546855,-0.711544766936498,-1.3476217985153198,0.05170692130923271,0.014004359021782875
5.3,1.1555200421337966,1.0325828982226397,1.249436681987291,1.0867029456188046,-61.200191497802734,-9.532477378845215,-259.6688232421875,-2.334333658218384,4.2988080978393555,23.049484252929688,-0.5516002587025404,-0.44082933239134314,-0.7081007373973659,-0.6555915097652726,0.7539853873853353,0.041301427736539775,0.5156907279784863,0.48700670972050153,-0.7049025023109439,-1.3175344467163086,0.02991204522550106,0.013877051882445812
5.31,0.9881509257566546,0.9945454309060509,1.189710047048763,1.2008105168045078,-61.22332763671875,-9.489574432373047,-259.4380798339844,-2.2953381538391113,4.2817463874816895,23.096656799316406,-0.5515299072660304,-0.4315154114479727,-0.7138691834461064,-0.6554954102783144,0.7534769194203509,0.050973512777542,0.515888096872944,0.49605139006327237,-0.6984214271635049,-1.2787598371505737,0.007245290093123913,0.013854729942977428
5.32,0.9881509257566546,0.9945454309060509,1.189710047048763,1.2008105168045078,-61.2460823059082,-9.446843147277832,-259.2068786621094,-2.256753921508789,4.264604568481445,23.144351959228516,-0.5516580521918305,-0.4223788073101908,-0.7192145275139653,-0.6553854191407333,0.7528628628981392,0.06055957435899528,0.5158908274331312,0.5047708913992943,-0.6921437721791052,-1.2573554515838623,-0.03240504860877991,0.013896350748836994
5.33,1.1760505815506423,1.1085035600465292,0.9911473047812807,1.2653720770284749,-61.268455505371094,-9.40428352355957,-258.9751892089844,-2.218653917312622,4.247381687164307,23.192459106445312,-0.5521496476561641,-0.41323360039666907,-0.724133107996299,-0.6552413352308741,0.7521312299418713,0.07040884568709399,0.515547824355835,0.513358163906384,-0.6860567296897765,-1.256800651550293,-0.08862732350826263,0.0138483801856637
5.34,1.2090461989441548,1.1646723113143749,1.086070067504623,1.091922598311487,-61.29044723510742,-9.361896514892578,-258.7430114746094,-2.180095672607422,4.229969501495361,23.241849899291992,-0.5529873879080126,-0.4039850567982537,-0.7286981698195658,-0.6550577270952507,0.7512668686754541,0.08060686201175332,0.5148828245217325,0.5219139449318149,-0.6800746364173812,-1.2736952304840088,-0.11695005744695663,0.013107440434396267
5.35,1.2090461989441548,1.1646723113143749,1.086070067504623,1.091922598311487,-61.31205749511719,-9.319684028625488,-258.5103454589844,-2.1410305500030518,4.2123332023620605,23.292543411254883,-0.5538712219341921,-0.3945411003541005,-0.7331875542073123,-0.6548650852452441,0.7502493112505983,0.09098181738535566,0.5141773912181127,0.530531140555744,-0.6739126940937954,-1.2856345176696777,-0.10590333491563797,0.012316932901740074
5.36,1.1675909081427132,1.1741452515748354,1.2208241930215067,1.2657620876841484,-61.33328628540039,-9.277649879455566,-258.2771301269531,-2.101905107498169,4.194514274597168,23.344133377075195,-0.5546051911354759,-0.385029423557969,-0.7376756909104435,-0.6546847453661249,0.749094256426621,0.10122094236638973,0.5136155820752272,0.5390826819545085,-0.6675244533844882,-1.2819701433181763,-0.08021160960197449,0.011979574337601662
5.37,1.0264290212086424,1.1115747125320308,1.0776597728518043,0.9959153469145293,-61.354095458984375,-9.235795021057129,-258.0434265136719,-2.061859369277954,4.176394462585449,23.39739418029785,-0.555200044242462,-0.3754819476435164,-0.742136252899021,-0.6545170648876882,0.7478101667844308,0.11129854547408666,0.5131864404326889,0.5475337993655489,-0.6609435799736261,-1.2830700874328613,-0.07609438896179199,0.01174020953476429
5.38,1.0264290212086424,1.1115747125320308,1.0776597728518043,0.9959153469145293,-61.3745231628418,-9.194122314453125,-257.8092041015625,-2.023092269897461,4.158298492431641,23.450349807739258,-0.5558346882144802,-0.36584976962381244,-0.7464594734101209,-0.6543367187595389,0.7463915855714047,0.1214210009479599,0.512729224699072,0.5559258467227511,-0.6542592720665719,-1.2866063117980957,-0.0791260302066803,0.011924312449991703
5.39,1.0120290237717946,1.0144802858414683,1.0537627096881996,0.9974024712410879,-61.394569396972656,-9.152629852294922,-257.57440185546875,-1.9862282276153564,4.140352725982666,23.502511978149414,-0.5564448945060401,-0.3561463689690695,-0.7506855821502828,-0.6541502262620994,0.7448433946786799,0.13151349316623026,0.5123051442835663,0.5642411552463072,-0.6474375320190409,-1.287562370300293,-0.07169139385223389,0.012483550235629082
5.4,1.0120290237717946,1.0144802858414683,1.0537627096881996,0.9974024712410879,-61.414249420166016,-9.111315727233887,-257.339111328125,-1.9501409530639648,4.122408866882324,23.55491065979004,-0.557011146384972,-0.34639205962263964,-0.7548186032639135,-0.6539612030280594,0.7431700731523688,0.14153793592106803,0.5119309794659754,0.5724602898027851,-0.640480982435793,-1.283742904663086,-0.06897597759962082,0.012889864854514599
5.41,1.0989792092939845,0.9795814285683389,0.9740209390421749,0.9942651168254882,-61.433570861816406,-9.070180892944336,-257.10333251953125,-1.9145768880844116,4.104437351226807,23.60778045654297,-0.5575870713908843,-0.33663323437474246,-0.7587982098899132,-0.6537616452303168,0.7413799773090549,0.15149732826348666,0.5115587640178657,0.5805461176854299,-0.6334617874796306,-1.2757744789123535,-0.07180134207010269,0.013108758255839348
5.42,1.1330340846279836,1.0511618534400273,0.9874209362571332,1.1750554335025465,-61.45254135131836,-9.029226303100586,-256.8669738769531,-1.8792418241500854,4.086387634277344,23.66136932373047,-0.5581661445008648,-0.32689647090196994,-0.7626199921618089,-0.6535546838246469,0.7394781856314916,0.16136383803697657,0.511191578944632,0.5884816991946269,-0.6263964075001542,-1.2637524604797363,-0.06604081392288208,0.012917588464915752
5.43,1.1330340846279836,1.0511618534400273,0.9874209362571332,1.1750554335025465,-61.471153259277344,-8.988454818725586,-256.63006591796875,-1.8430098295211792,4.068020343780518,23.716577529907227,-0.5586738612122597,-0.3171824577651136,-0.7663411807310546,-0.653360318819938,0.7374634039165302,0.17107899250157454,0.5108853203897076,0.5962742794804473,-0.6192359590982903,-1.2641960382461548,-0.057826921343803406,0.012121323496103287
5.44,1.2688312106273385,1.0309440697704346,1.182830697896504,1.2079616867826997,-61.48940658569336,-8.947866439819336,-256.3926086425781,-1.8058555126190186,4.049312591552734,23.773401260375977,-0.5591388839628387,-0.3073528699553343,-0.7699986504994736,-0.6531767354822591,0.7353026048412482,0.18080440132478534,0.5106112617887799,0.6040399760313008,-0.6118920220844323,-1.2788293361663818,-0.05411781370639801,0.011045091785490513
5.45,1.1172785086204284,1.0887449516766128,1.1194826083767233,0.9624612380138399,-61.50727844238281,-8.907468795776367,-256.15460205078125,-1.7673840522766113,4.030141830444336,23.832111358642578,-0.5595963292160024,-0.2974239357339321,-0.773557335160435,-0.6529971645134593,0.7329966294664254,0.19055352090224506,0.5103397412169248,0.6117637972644328,-0.604399209869805,-1.2709083557128906,-0.058839812874794006,0.009942722506821156
5.46,1.1172785086204284,1.0887449516766128,1.1194826083767233,0.9624612380138399,-61.5247688293457,-8.86726188659668,-255.91598510742188,-1.7292420864105225,4.010889530181885,23.891380310058594,-0.5600870557710577,-0.2876250975923136,-0.776900439691419,-0.6528099260111847,0.7306041592488141,0.20014185716537375,0.5100408713612856,0.6192651820693178,-0.5969664511659553,-1.2425707578659058,-0.05598171427845955,0.009601771831512451
5.47,1.1673616123508528,1.218450288657054,1.162526617699887,1.1114243886151076,-61.54187774658203,-8.827245712280273,-255.67678833007812,-1.692333459854126,3.9917938709259033,23.95050048828125,-0.560491773737295,-0.2780113192892122,-0.7801017099839563,-0.6526394915478558,0.7281534907132459,0.2094139155697905,0.5098143442911128,0.6264999603425261,-0.5895652076283302,-1.2130539417266846,-0.040293119847774506,0.009973288513720036
5.48,0.9872982169247594,1.2360975926536342,1.1834750245180325,1.249555580811157,-61.5586051940918,-8.787424087524414,-255.43698120117188,-1.6542930603027344,3.9722437858581543,24.011240005493164,-0.5607685297880131,-0.2685503896167709,-0.7832109193800036,-0.6524973622507151,0.7256466910579419,0.21836682901145682,0.5096919150381427,0.633496304640635,-0.5821482489464435,-1.1976745128631592,-0.02366909757256508,0.010402885265648365
5.49,0.9872982169247594,1.2360975926536342,1.1834750245180325,1.249555580811157,-61.574951171875,-8.747801780700684,-255.19656372070312,-1.6150788068771362,3.9522132873535156,24.073579788208008,-0.5609778193064101,-0.2590389712498643,-0.7862586709347228,-0.6523685664820938,0.7230328854512331,0.2272415015400182,0.5096264707727833,0.6404078840316351,-0.5745942937045245,-1.2197926044464111,-0.029879126697778702,0.01096059288829565
5.5,0.9570039814923527,1.0967992080566642,1.1329758819292306,1.1144365629659823,-61.59091567993164,-8.708380699157715,-254.95550537109375,-1.575748085975647,3.9319815635681152,24.13672637939453,-0.5613438987469462,-0.24918833718770567,-0.7891756458160657,-0.6521873992743505,0.7202261343913686,0.23648659912862927,0.5094552223378783,0.647440721571707,-0.5668120398186426,-1.266270399093628,-0.05687592923641205,0.011645564809441566
5.51,0.9570039814923527,1.0967992080566642,1.1329758819292306,1.1144365629659823,-61.60649871826172,-8.669161796569824,-254.7138214111328,-1.5377461910247803,3.9119696617126465,24.199676513671875,-0.5619373632305467,-0.23895343986278514,-0.7919139179123216,-0.6519288146933161,0.7172005354687483,0.24619547618895998,0.5091318300578629,0.6546179385726327,-0.5588024106254807,-1.3012062311172485,-0.08565791696310043,0.01228245347738266
5.52,1.0976292033276207,1.0418332415235265,1.1452913426797646,1.0619550374426063,-61.621700286865234,-8.63014030456543,-254.4715118408203,-1.501009225845337,3.8921635150909424,24.262535095214844,-0.5627582076049539,-0.2284734837592962,-0.7944199563153926,-0.6515879772857259,0.7139858524470329,0.2562368247582302,0.5086612896908471,0.6618338686742877,-0.5506719737245304,-1.3227465152740479,-0.11380904167890549,0.012857395224273205
5.53,1.1146269519104544,1.2540896756129478,1.1522730795783538,1.2104960049130455,-61.63652038574219,-8.591318130493164,-254.2285614013672,-1.4643365144729614,3.872185707092285,24.326173782348633,-0.56378122690251,-0.21785166359323943,-0.7966752041214527,-0.6511684343230861,0.7106054335130134,0.26649500558735156,0.5080653484872992,0.6690146265452199,-0.5424841298462464,-1.3223717212677002,-0.13315758109092712,0.013154733926057816
5.54,1.1146269519104544,1.2540896756129478,1.1522730795783538,1.2104960049130455,-61.65095901489258,-8.552699089050293,-253.9849853515625,-1.4261760711669922,3.8514959812164307,24.39162254333496,-0.5649046726369956,-0.20723178797846814,-0.7987100205231782,-0.6507015383767205,0.7071009198779857,0.276759457041445,0.5074152331050555,0.6760645495505244,-0.5342906569031397,-1.3290575742721558,-0.13928191363811493,0.01331122312694788
5.55,0.9658045762334246,1.1170843186674455,1.2718927257383932,1.0142140002205697,-61.665016174316406,-8.514290809631348,-253.74073791503906,-1.3867446184158325,3.8301303386688232,24.458681106567383,-0.5660480183653748,-0.1964194291204562,-0.8006304070971987,-0.6502133253648369,0.703402740123919,0.28713623370129204,0.5067664870752927,0.6831134554743863,-0.5258742573345939,-1.3572155237197876,-0.13954147696495056,0.013528276234865189
5.56,1.2078258258717047,1.2743297587476448,1.073733075188064,1.0379284327587086,-61.67869186401367,-8.476096153259277,-253.49581909179688,-1.3485462665557861,3.8089585304260254,24.525699615478516,-0.5672301035074812,-0.18540091084635993,-0.8024191622414263,-0.6496945101660803,0.6995020170446782,0.2976473947651548,0.5061097244026729,0.6901618871016908,-0.5172325554886157,-1.3649446964263916,-0.15349610149860382,0.01438407227396965
5.57,1.2078258258717047,1.2743297587476448,1.073733075188064,1.0379284327587086,-61.691986083984375,-8.438112258911133,-253.25021362304688,-1.3108140230178833,3.787708282470703,24.593196868896484,-0.5684897907006379,-0.174374744790266,-0.8039980138336627,-0.6491258829316708,0.6954723140224592,0.3081458234933978,0.5054255098205109,0.6970736753081235,-0.5085600704096824,-1.361879825592041,-0.14105185866355896,0.01522939931601286
5.58,1.1743557315438435,1.1595557435366182,1.1165640827211571,1.0598002157722488,-61.704898834228516,-8.400343894958496,-253.00393676757812,-1.2725512981414795,3.7660088539123535,24.661800384521484,-0.5694672578634122,-0.16331251264130203,-0.8056277461931848,-0.6486488225464149,0.6913005171172472,0.3183681831505404,0.50493736961199,0.7038697452286261,-0.4996054788741947,-1.3656636476516724,-0.09352517127990723,0.015629328787326813
5.59,1.148461906292843,1.0528542284989153,0.9798699037143533,0.988675720174637,-61.717430114746094,-8.362792015075684,-252.75697326660156,-1.2345865964889526,3.744192600250244,24.730989456176758,-0.5700761528863187,-0.1522107574721164,-0.8073692248408398,-0.6483062911604657,0.6869879746593124,0.32824758264952547,0.5046901353821923,0.7105486668647407,-0.4903146533244176,-1.3625388145446777,-0.0558914877474308,0.015880392864346504
5.6,1.148461906292843,1.0528542284989153,0.9798699037143533,0.988675720174637,-61.72958755493164,-8.325457572937012,-252.5093231201172,-1.1982406377792358,3.722824811935425,24.799978256225586,-0.5704350227711465,-0.14115103473970114,-0.809123148963119,-0.6480593881471722,0.6825710250176269,0.33781033915601116,0.5046017382356058,0.7170587013615399,-0.4808366714086058,-1.3510608673095703,-0.026094162836670876,0.015753617510199547
5.61,0.9763823426236925,0.9800872344642454,1.030990034332672,1.0254562071301954,-61.74139404296875,-8.288333892822266,-252.26097106933594,-1.163179874420166,3.7018094062805176,24.86899757385254,-0.5705351730624069,-0.1301730980471762,-0.8108912262711009,-0.6479201422763303,0.6780686312356192,0.34701933745379954,0.5046673216399785,0.7233794964464049,-0.4712037760774804,-1.3374998569488525,0.006740635726600885,0.015370205044746399
5.62,0.9763823426236925,0.9800872344642454,1.030990034332672,1.0254562071301954,-61.75285339355469,-8.251420021057129,-252.01194763183594,-1.1289352178573608,3.6809866428375244,24.938339233398438,-0.570427400819209,-0.11926703961133989,-0.8126425743566409,-0.6478718791398539,0.6734832405754267,0.35592464495145115,0.5048510756791907,0.7295174418246414,-0.46144305548918485,-1.3301986455917358,0.016937358304858208,0.015186881646513939
5.63,1.2731919213977176,1.157139870456127,0.9616981896188148,1.0834687772700111,-61.76397705078125,-8.214713096618652,-251.76222229003906,-1.0953165292739868,3.6602909564971924,25.00811195373535,-0.5703480374982666,-0.10836626106715763,-0.8142234764388707,-0.647812516997809,0.6687913706630131,0.36476985257508804,0.5050168897599754,0.7355099292253047,-0.4516448660929824,-1.3289415836334229,0.005765984766185284,0.01520086545497179
5.64,1.025164744652021,1.0439610745993875,1.25206773082854,1.2568893256483307,-61.77475357055664,-8.178215980529785,-251.5117950439453,-1.060084581375122,3.638716220855713,25.079538345336914,-0.5702815652991314,-0.09745052871179849,-0.8156484112249369,-0.6477493014960818,0.663983004027974,0.3735604539740869,0.5051730185701837,0.7413703290635381,-0.4417807787725837,-1.3291006088256836,0.025267343968153,0.014761880040168762
5.65,1.025164744652021,1.0439610745993875,1.25206773082854,1.2568893256483307,-61.78517532348633,-8.14194107055664,-251.26063537597656,-1.0229041576385498,3.6160781383514404,25.152729034423828,-0.5700463921403917,-0.08651060753922807,-0.8170453020432322,-0.6477682063410715,0.6590517556422221,0.38216113648378247,0.505414148655728,0.7471055468727954,-0.4317288966128018,-1.3312946557998657,0.01841781474649906,0.014384888112545013
5.66,1.2210000588326895,1.1847164265824686,1.0125138535917657,1.2427036435497139,-61.79522705078125,-8.105895042419434,-251.0087127685547,-0.9851933121681213,3.593000888824463,25.22686004638672,-0.5701249643573021,-0.07552968868682752,-0.8180787194050799,-0.6476416435417693,0.6539923685085489,0.3909658341634135,0.5054877115886204,0.7527212286493912,-0.4217735475032194,-1.334853172302246,-0.03728751093149185,0.014374190010130405
5.67,1.138431108178316,1.04170127983622,0.9908055207869046,1.114103632230856,-61.80489730834961,-8.07008171081543,-250.75608825683594,-0.9471549391746521,3.569542646408081,25.301776885986328,-0.5705822030170162,-0.06447266543425073,-0.8187058232430324,-0.6473326976674896,0.6487802572744414,0.40005569149987075,0.505367517882559,0.7582397069414872,-0.41191773291096445,-1.3517124652862549,-0.05885039642453194,0.0138408737257123
5.68,1.138431108178316,1.04170127983622,0.9908055207869046,1.114103632230856,-61.814186096191406,-8.034502983093262,-250.50271606445312,-0.910319447517395,3.546431064605713,25.376693725585938,-0.5710302863311726,-0.05324532770813517,-0.819200431622074,-0.6470287642448493,0.6433573726216323,0.4092005246003153,0.5052506213082,0.7637121356706619,-0.4018278032902084,-1.3678929805755615,-0.04852113500237465,0.012899234890937805
5.69,1.250899003587587,1.015512991151941,1.2002812735044053,1.1453066174485587,-61.82311248779297,-7.999151229858398,-250.2485809326172,-0.8748467564582825,3.5237648487091064,25.451562881469727,-0.5713903499166513,-0.04193928296073013,-0.8196061033001565,-0.6467703777562519,0.6377649247172881,0.4182630503133016,0.5051743723499464,0.7690884197184951,-0.39153780938211563,-1.3737962245941162,-0.03787824138998985,0.011979538016021252
5.7,0.9566043522043083,1.232625676255548,1.2635207861860085,1.008078079983928,-61.8316764831543,-7.9640302658081055,-249.99368286132812,-0.838385820388794,3.5003645420074463,25.527517318725586,-0.5716906604831106,-0.030659904253987902,-0.8198961879332779,-0.6465443791513117,0.6320571493810928,0.42718160740379685,0.5051239001514675,0.7743150070787619,-0.38116415795348224,-1.3538529872894287,-0.03790542855858803,0.011144321411848068
5.71,0.9566043522043083,1.232625676255548,1.2635207861860085,1.008078079983928,-61.839866638183594,-7.929147243499756,-249.73802185058594,-0.8014485836029053,3.4764790534973145,25.604251861572266,-0.5720435452825321,-0.019599431977228132,-0.8199890514920073,-0.6462894392028062,0.6263424400837858,0.4358957541945222,0.5050506341699948,0.779301616844248,-0.3709620558876971,-1.334990382194519,-0.04808855801820755,0.011755372397601604
5.72,1.0563433127466062,0.9949036917839735,1.0309404183633388,1.177095248840731,-61.84770584106445,-7.894502639770508,-249.48159790039062,-0.7649725079536438,3.452590227127075,25.681293487548828,-0.5724874904586342,-0.008583853173706801,-0.8198685203940126,-0.6459729412508364,0.6205489927770432,0.44456485098930265,0.5049525051330261,0.7841206954468741,-0.3608014724634473,-1.335205078125,-0.05987366661429405,0.01364911999553442
5.73,1.0563433127466062,0.9949036917839735,1.0309404183633388,1.177095248840731,-61.85517501831055,-7.860096454620361,-249.2244110107422,-0.7294046878814697,3.4289438724517822,25.75843048095703,-0.5730419419633918,0.00246729342444979,-0.8195223274652025,-0.6455817521211111,0.6146330690749785,0.45326635847778185,0.5048238644112034,0.7888092943561393,-0.35061768788569203,-1.343016266822815,-0.07705618441104889,0.014281019568443298
5.74,1.1358152555658023,1.023442234002235,1.029750044041656,1.0402918798851544,-61.8622932434082,-7.825923919677734,-248.96646118164062,-0.6946495175361633,3.405491590499878,25.835704803466797,-0.573761185817635,0.013601129077720375,-0.8189097086596008,-0.6450936769155551,0.6085480604951079,0.46208592931532977,0.50463080529503,0.7934004457746754,-0.3403872544497453,-1.3557734489440918,-0.09906257688999176,0.013592942617833614
5.75,1.213929410284153,1.1278995806587293,1.1307128480359017,1.098204636202021,-61.86906814575195,-7.791985988616943,-248.70774841308594,-0.6602080464363098,3.381953239440918,25.913320541381836,-0.5746151939788553,0.02478925017823208,-0.8180482088020505,-0.6445254356596266,0.6022992980801851,0.47098037997339603,0.5043851124254272,0.7978853605673668,-0.3301130257288735,-1.3548429012298584,-0.10466733574867249,0.012874752283096313
5.76,1.213929410284153,1.1278995806587293,1.1307128480359017,1.098204636202021,-61.87549591064453,-7.758286952972412,-248.4481964111328,-0.6246948838233948,3.3575189113616943,25.991806030273438,-0.5754242849351534,0.03587997632640827,-0.8170676346580399,-0.643977215631649,0.5959744627391563,0.4796955133311996,0.5041629082490862,0.8022013880950287,-0.31983229180968126,-1.3393675088882446,-0.09286171942949295,0.012422334402799606
5.77,1.2205755946551529,1.2222008815008125,1.0251792738670003,1.0265963274622474,-61.88155746459961,-7.7248382568359375,-248.18788146972656,-0.5881040096282959,3.332165479660034,26.071102142333984,-0.5761147701835743,0.0468123936134161,-0.8160271878929711,-0.6434923549024019,0.5896162756726919,0.4881293236879194,0.5039934134078431,0.8063257699379618,-0.30956322775075246,-1.3208564519882202,-0.07733739912509918,0.012123390100896358
5.78,1.233748339014824,1.1869777934281758,1.1904061850138292,1.2393081180347956,-61.88726043701172,-7.691644191741943,-247.92677307128906,-0.5517468452453613,3.3066604137420654,26.150651931762695,-0.5766211347945323,0.05760195657728956,-0.8149785773299407,-0.6431126553250528,0.5832232180912709,0.49624267293333596,0.5038989774439178,0.810267050099984,-0.2992542866079685,-1.3113031387329102,-0.04201119393110275,0.011963910423219204
5.79,1.233748339014824,1.1869777934281758,1.1904061850138292,1.2393081180347956,-61.892581939697266,-7.658707618713379,-247.66485595703125,-0.5143943428993225,3.280263662338257,26.230867385864258,-0.5768181399717568,0.06834545862724034,-0.8140084346519726,-0.6429182161260263,0.576744798321818,0.5040055604673951,0.5039216216564343,0.8140604006422111,-0.2887363214654367,-1.310326337814331,-0.016442477703094482,0.011744680814445019
5.8,1.043317333173432,1.079178061444409,1.1482993339537164,1.0153159969925343,-61.89752197265625,-7.626041412353516,-247.4021453857422,-0.4759303331375122,3.2528960704803467,26.311737060546875,-0.5769291455990786,0.07907218261033505,-0.8129577792822664,-0.6427773046459828,0.5701646821101646,0.5116146713164702,0.5039743025099215,0.8177162253566039,-0.27811881848984155,-1.3104888200759888,-0.014143896289169788,0.011374841444194317
5.81,1.2621775027843039,1.1836339725458318,1.2005719843726097,1.0866230681264897,-61.90209197998047,-7.59364652633667,-247.1386260986328,-0.4395342171192169,3.226544141769409,26.39212417602539,-0.5770435899243416,0.08976429468895236,-0.8117654012867408,-0.6426341333504502,0.5634962308073508,0.5191275069949817,0.5040258584439337,0.821227355404643,-0.2674762882106596,-1.3031566143035889,-0.017306698486208916,0.011495081707835197
5.82,1.2621775027843039,1.1836339725458318,1.2005719843726097,1.0866230681264897,-61.906307220458984,-7.561511039733887,-246.87429809570312,-0.4035133719444275,3.200148582458496,26.472593307495117,-0.5771576688603923,0.1003249314613252,-0.8104467492703751,-0.642488033224405,0.5568078261204286,0.5264733344951846,0.5040814938470504,0.824560460426234,-0.25690833902892923,-1.2813931703567505,-0.009124518372118473,0.011829454451799393
5.83,0.9866192656019218,0.9646569959028265,1.0755244305073568,1.0800451560332929,-61.9101448059082,-7.529646396636963,-246.6091766357422,-0.36630889773368835,3.172706127166748,26.55360984802246,-0.5771377915667981,0.11065200635582717,-0.8091156302005476,-0.6424269633072874,0.5501704798501286,0.5334791841461637,0.5041820765965173,0.827688695459174,-0.2464383432989161,-1.2518194913864136,0.011580893769860268,0.01200009137392044
5.84,0.9866192656019218,0.9646569959028265,1.0755244305073568,1.0800451560332929,-61.91363525390625,-7.498052597045898,-246.34323120117188,-0.33138301968574524,3.1464974880218506,26.634063720703125,-0.5770082911669767,0.12075447042520232,-0.8077622111716383,-0.6424378777728603,0.5435856100972865,0.5401742845581083,0.504316374042395,0.8306220815554386,-0.2360761582736411,-1.2346582412719727,0.008851365186274052,0.012035991065204144
5.85,0.968310709224743,1.0578015381442314,1.265222337646254,1.0411767944820982,-61.916786193847656,-7.466712474822998,-246.07650756835938,-0.29871612787246704,3.121547222137451,26.713972091674805,-0.5770215519514118,0.13076532111450345,-0.8061926316814145,-0.6423537611494509,0.5369671588363244,0.5468527369122328,0.5044083406534217,0.8334066841135043,-0.22584402749285912,-1.2298789024353027,-0.01702701486647129,0.011946327053010464
5.86,1.2436336696870398,1.10334341989965,0.9576055457544281,1.053916445463356,-61.91960906982422,-7.4356231689453125,-245.80894470214844,-0.26560893654823303,3.0960466861724854,26.794113159179688,-0.5772731227747419,0.1407019896553628,-0.8043374241131143,-0.6421057303947315,0.5303035364274069,0.5536049044642163,0.5044362920291778,0.836050901177439,-0.2157844246562896,-1.217787504196167,-0.05138993263244629,0.01248036790639162
5.87,1.2436336696870398,1.10334341989965,0.9576055457544281,1.053916445463356,-61.922096252441406,-7.4047932624816895,-245.54061889648438,-0.2317793220281601,3.0697762966156006,26.87451171875,-0.5777108958408826,0.15049665072735935,-0.8022473926081479,-0.6417226750763689,0.5236442441141713,0.5603469584988635,0.5044225699942002,0.838538886233635,-0.20593787207432485,-1.2045209407806396,-0.04837380722165108,0.012542439624667168
5.88,0.9613851412671856,1.0314665896768913,1.006991064823133,1.1068044860154769,-61.92424392700195,-7.374228477478027,-245.27145385742188,-0.1978805661201477,3.043172836303711,26.95494270324707,-0.5779197950500735,0.16018471871506312,-0.8002184491621377,-0.6414994962847127,0.5169569003058496,0.5667750519320935,0.5044671513148705,0.8408902539073357,-0.19600120950625657,-1.1966084241867065,-0.006409736815840006,0.011716151610016823
5.89,1.0522328747735958,1.0620821398282714,1.0033919173053978,1.2117150892496633,-61.92605972290039,-7.34392786026001,-245.0015106201172,-0.16500897705554962,3.0170278549194336,27.035112380981445,-0.5778491941642601,0.1698296768409324,-0.7982782658120035,-0.6414780659023046,0.5102002088521789,0.5728888529666392,0.5045752667045361,0.8431213600373895,-0.18587676691493396,-1.2059345245361328,0.00930576678365469,0.011187750846147537
5.9,1.0522328747735958,1.0620821398282714,1.0033919173053978,1.2117150892496633,-61.927547454833984,-7.313888072967529,-244.73074340820312,-0.13228946924209595,2.9907307624816895,27.115211486816406,-0.5777981723983319,0.17961248167348282,-0.7961712305780966,-0.6414453469059913,0.5032489065894505,0.5790409354693111,0.5046752806565824,0.8452691254527256,-0.17556470787315015,-1.2343956232070923,-0.0022601280361413956,0.010687054134905338
5.91,1.089532662526778,1.1910147443188628,0.9580260721468649,1.0412590760093672,-61.92870330810547,-7.284115314483643,-244.45921325683594,-0.09904558956623077,2.9637792110443115,27.19536018371582,-0.5778534007929437,0.18961969201124115,-0.7938071677640558,-0.6413393404971206,0.496030233843215,0.5853527632497892,0.5047467657377788,0.8473478503631242,-0.1650221893026642,-1.2684521675109863,-0.016501788049936295,0.009923313744366169
5.92,1.179347559483543,1.0818317831551734,1.2148032842666985,0.9977597449127583,-61.92953109741211,-7.254612445831299,-244.1868438720703,-0.06602731347084045,2.936697244644165,27.275352478027344,-0.5779527936606799,0.19985909921145623,-0.7912186226083164,-0.6412040783331237,0.48852916580881267,0.5917740988613103,0.504804812010331,0.8493501013224944,-0.15419632665755456,-1.3006982803344727,-0.0045891497284173965,0.009539277292788029
5.93,1.179347559483543,1.0818317831551734,1.2148032842666985,0.9977597449127583,-61.93002700805664,-7.225383281707764,-243.91371154785156,-0.032592788338661194,2.908994197845459,27.35527801513672,-0.5778728459746746,0.21020564390376487,-0.7885915046182872,-0.6412029359592979,0.48084013710916007,0.598039762442282,0.5048977805480104,0.8512381275623455,-0.14307998246381437,-1.2921642065048218,0.015754053369164467,0.009751684963703156
5.94,1.2128810093761297,0.953836424009948,1.2567414958849936,0.9581968439761746,-61.93018341064453,-7.196434497833252,-243.63973999023438,0.0013389666564762592,2.880603313446045,27.43509292602539,-0.5776909197834518,0.22026786461300507,-0.7859740892793965,-0.6412779527071936,0.473266488419677,0.6039713720952165,0.5050106816409137,0.8529366323225511,-0.13214882773163436,-1.2475618124008179,0.024508798494935036,0.010208788327872753
5.95,1.2128810093761297,0.953836424009948,1.2567414958849936,0.9581968439761746,-61.93000030517578,-7.167771816253662,-243.36500549316406,0.03488194942474365,2.852205276489258,27.51459312438965,-0.5774646606832504,0.22987451923665667,-0.7833851358480672,-0.6413859780528878,0.46595137062646563,0.6095189475057022,0.505132252800313,0.8544278937493991,-0.12163215678366698,-1.1792247295379639,0.024927586317062378,0.010546581819653511
5.96,1.2609392331577611,1.1027263275596568,0.9883454144337845,1.1465841519763529,-61.92948532104492,-7.139390468597412,-243.08946228027344,0.06798770278692245,2.8238534927368164,27.593732833862305,-0.5772669684282951,0.23882476320233184,-0.7808492681964656,-0.6414718421912113,0.4590635405682172,0.6146336643861825,0.5052491690615826,0.8557005306778318,-0.11180285756749486,-1.0928033590316772,0.0188888106495142,0.010741601698100567
5.97,1.1730283523801712,1.1274145637188642,0.9530497038606054,1.235357794641905,-61.92864227294922,-7.111295223236084,-242.81312561035156,0.10134165734052658,2.7950267791748047,27.672597885131836,-0.5770708619563221,0.24717181238881744,-0.778392777099977,-0.6415585940046261,0.45257373664683154,0.6193380202735268,0.5053630286633508,0.8567865008611839,-0.10259191587183578,-1.0468658208847046,0.031183307990431786,0.010226000100374222
5.98,1.1730283523801712,1.1274145637188642,0.9530497038606054,1.235357794641905,-61.927459716796875,-7.083491325378418,-242.53602600097656,0.13491570949554443,2.7657570838928223,27.75115203857422,-0.5767126653828263,0.25537839551130814,-0.7760053973350354,-0.6417824768078758,0.44611676118022414,0.6237748695293963,0.5054876398581718,0.8577655335230816,-0.09338380721773229,-1.0587657690048218,0.05312176048755646,0.00905610155314207
5.99,1.1855635628926453,1.038449807344678,0.9981190382137477,1.2618976842275682,-61.925941467285156,-7.055980682373047,-242.25811767578125,0.16837938129901886,2.7363121509552,27.829313278198242,-0.5762131850880671,0.26375863714850956,-0.7735694840544227,-0.6421311871252171,0.43943936072917045,0.6281405788222071,0.505614382560291,0.8586759747259142,-0.08384310691211741,-1.0931106805801392,0.07000915706157684,0.007787681184709072
6.0,0.969624730016284,1.111354694082481,1.0647621023778577,0.9650929662119111,-61.92409133911133,-7.0287652015686035,-241.9794158935547,0.2016942799091339,2.7067198753356934,27.907041549682617,-0.5756176383978423,0.2723615806375321,-0.7710275635526371,-0.6425707974687356,0.4324969171397981,0.6324944165010181,0.5057342232889563,0.8595147387085317,-0.07394125598825343,-1.1212979555130005,0.07592493295669556,0.006352492608129978
6.01,0.969624730016284,1.111354694082481,1.0647621023778577,0.9650929662119111,-61.921913146972656,-7.001842975616455,-241.699951171875,0.23351968824863434,2.6780781745910645,27.98417091369629,-0.5750134570250176,0.28109022265139333,-0.7683409470865967,-0.6430295163067941,0.42536651691334704,0.6368487791047872,0.5058384775779605,0.8602625256390037,-0.06384216148293986,-1.1355544328689575,0.0782591849565506,0.006031974218785763
6.02,1.1047723879377052,1.0967597711316925,0.9852605048608459,1.024481235000348,-61.91942596435547,-6.97520112991333,-241.4197235107422,0.2639673054218292,2.6503067016601562,28.060693740844727,-0.5743705340191199,0.2898672182086992,-0.7655556710380649,-0.6435227765040918,0.41812600802480926,0.6411310923155282,0.505941622888507,0.8608993188644001,-0.053623101437312914,-1.1433321237564087,0.08486805111169815,0.006868062540888786
6.03,1.1793004256414985,1.2741989972314773,0.9754479392777076,1.1670930565824702,-61.91663360595703,-6.948837757110596,-241.13873291015625,0.2944624423980713,2.6222264766693115,28.136699676513672,-0.5736485128271327,0.29866925926482035,-0.7627083697596497,-0.6440830961511991,0.4107975980756883,0.6452924133038686,0.5060477734201627,0.8614186014856243,-0.043285609976606076,-1.1493823528289795,0.10183122009038925,0.007311070803552866
6.04,1.1793004256414985,1.2741989972314773,0.9754479392777076,1.1670930565824702,-61.91353225708008,-6.922761917114258,-240.8569793701172,0.3264848589897156,2.592578649520874,28.212203979492188,-0.5727325073433203,0.30753101760343127,-0.7598698232223934,-0.6448137197840352,0.40334509983446204,0.6492518750206296,0.5061548595148614,0.8618221415415862,-0.0327086309429952,-1.174223780632019,0.1362125426530838,0.007175995968282223
6.05,1.2051323704221977,0.9622216189704108,1.1814341107396893,0.9558735193405142,-61.91010284423828,-6.89699125289917,-240.574462890625,0.3596619963645935,2.561662435531616,28.28710174560547,-0.5715151212027336,0.3166364704479574,-0.7570414861940423,-0.6458120639915388,0.39560776367632833,0.653009399106937,0.5062580806659912,0.8621112706033218,-0.021608166491228015,-1.2172297239303589,0.17954519391059875,0.006910046562552452
6.06,1.2051323704221977,0.9622216189704108,1.1814341107396893,0.9558735193405142,-61.90634536743164,-6.871527194976807,-240.2912139892578,0.39184096455574036,2.531322479248047,28.36121940612793,-0.5700180890777968,0.3258966934916391,-0.7542351909685154,-0.6470635219673445,0.3876615746252241,0.6565266956478671,0.506347881069243,0.862270171541558,-0.010098247688547834,-1.2045382261276245,0.20461955666542053,0.006803344003856182
6.07,1.217128923078365,1.0221941582443743,0.9997966482782873,1.0649121828118866,-61.90227127075195,-6.846362590789795,-240.0072479248047,0.4229464530944824,2.501643419265747,28.43451690673828,-0.5684248882710738,0.33476453781626364,-0.7515489675428211,-0.6484103983913014,0.3799880932673758,0.65967643904649,0.5064159373993384,0.862288671615073,0.0010701178728770022,-1.138106346130371,0.21175283193588257,0.006840975489467382
6.08,1.0393538068888835,1.2729917949823986,0.9828129605443703,1.1097996330299575,-61.897884368896484,-6.8214945793151855,-239.72251892089844,0.45378077030181885,2.4719512462615967,28.50699234008789,-0.5667702822506774,0.34313154956792213,-0.7490208187017263,-0.6498230705002522,0.37269300128552196,0.6624423777495023,0.5064596965239306,0.8621836616892637,0.011743479594289313,-1.090334415435791,0.226437509059906,0.006425634957849979
6.09,1.0393538068888835,1.2729917949823986,0.9828129605443703,1.1097996330299575,-61.893192291259766,-6.796925067901611,-239.43710327148438,0.4848109185695648,2.4418509006500244,28.57862091064453,-0.5649609282424322,0.35131890931301235,-0.7465883561364758,-0.6513866265068567,0.3654986292403787,0.6649106818448787,0.5064727163110235,0.8619662267064296,0.022351994318490442,-1.1036300659179688,0.2532426416873932,0.006296252366155386
6.1,1.2505888135508447,1.202227078713284,0.9719337909310606,1.1244710081654934,-61.88819122314453,-6.772658824920654,-239.15097045898438,0.5160267353057861,2.411355495452881,28.649335861206055,-0.5629359275079948,0.35976652672020076,-0.7440908464511552,-0.6531520663621384,0.35802460993057794,0.6672411534752078,0.5064538673241444,0.8616184915237952,0.03343733447327071,-1.1552958488464355,0.28420430421829224,0.006789022590965033
6.11,0.9646167051212571,1.0348933815350019,1.20903994549193,1.2142870822033864,-61.882877349853516,-6.748700141906738,-238.86412048339844,0.547641396522522,2.3802638053894043,28.719022750854492,-0.5606592604105158,0.3685479656464797,-0.7415076471175293,-0.6551536917416514,0.3502031231994789,0.6694261816650254,0.5063939512999918,0.8611214603754639,0.045110936230693954,-1.1924996376037598,0.32522064447402954,0.006797249428927898
6.12,0.9646167051212571,1.0348933815350019,1.20903994549193,1.2142870822033864,-61.87724304199219,-6.725053787231445,-238.5765838623047,0.5791381001472473,2.349036455154419,28.787601470947266,-0.5581784912364596,0.37748263245197555,-0.7388799862752521,-0.657354507070478,0.342189071490971,0.6714102258576915,0.5062823559587267,0.8604728360321865,0.05713733014069966,-1.2098428010940552,0.32096368074417114,0.006802089978009462
6.13,1.0832068425668926,1.0310895902141426,1.1100628319573789,1.0805035458310235,-61.87129592895508,-6.701718330383301,-238.28836059570312,0.6101372838020325,2.318009376525879,28.85501480102539,-0.5559722288476772,0.3864910653181338,-0.7358801106018561,-0.6593181549385952,0.3340557000535732,0.6735772857141809,0.5061565482323748,0.859669381617707,0.06909488396774796,-1.2226793766021729,0.2676204741001129,0.0071913860738277435
6.14,1.1352894211585893,1.249417043689892,1.183084184732644,1.24525514770247,-61.86503982543945,-6.678692817687988,-237.99948120117188,0.6405091881752014,2.2872748374938965,28.92123031616211,-0.5541386076888097,0.3955237748940828,-0.7324556962453376,-0.6609526123145111,0.32583991949638325,0.6759955555602523,0.5060356190460619,0.8587137417999816,0.08086199292958104,-1.2227697372436523,0.23158681392669678,0.007435750216245651
6.15,1.1352894211585893,1.249417043689892,1.183084184732644,1.24525514770247,-61.85847854614258,-6.655977249145508,-237.70994567871094,0.6720346808433533,2.255162477493286,28.986011505126953,-0.5524680514104832,0.40450916489416533,-0.7288013362277328,-0.6624488557997891,0.31759987185303123,0.6784481077049952,0.5059056884640201,0.8576145153363272,0.09250285111380468,-1.2314133644104004,0.21930882334709167,0.00765969417989254
6.16,1.0895745401986485,1.1135625259059847,1.1988294201130003,0.9995206110684857,-61.85159683227539,-6.6335930824279785,-237.4197540283203,0.7048910856246948,2.2214744091033936,29.049238204956055,-0.5508689746069001,0.4135927071138439,-0.7249030593381326,-0.6638896752286336,0.30919812592657725,0.6809163076680652,0.5057606864321914,0.8563513248344595,0.10425227342319246,-1.256964921951294,0.21211238205432892,0.007993140257894993
6.17,1.0895745401986485,1.1135625259059847,1.1988294201130003,0.9995206110684857,-61.84438705444336,-6.611544609069824,-237.1289520263672,0.7363405227661133,2.188746929168701,29.111190795898438,-0.549316570046565,0.4227587310815796,-0.7207817708339813,-0.6652967071063746,0.3006462814324018,0.683368206001921,0.5056002347563656,0.8549192176779989,0.11611000757534304,-1.257750153541565,0.20896916091442108,0.008672887459397316
6.18,1.1577379867624227,1.1965373494833453,1.0111270972613173,0.9520182526533668,-61.836875915527344,-6.589815616607666,-236.83753967285156,0.766298770904541,2.15706467628479,29.171838760375977,-0.5477762080700577,0.43176626199475293,-0.7166024845585358,-0.6666995639829678,0.29217562740384595,0.6856712726489924,0.5054235028738857,0.8533529737185233,0.12781152134468887,-1.2336593866348267,0.20903339982032776,0.00966098066419363
6.19,1.0657742700086041,1.03254325981778,1.2651466831749714,1.172528040022533,-61.82906723022461,-6.568402290344238,-236.5455322265625,0.7955686450004578,2.125683546066284,29.231040954589844,-0.5461728358688671,0.4405669663224691,-0.712457705091591,-0.6681693956237807,0.28383759226281663,0.6877396891049687,0.5052176680508231,0.8516671705565877,0.13934898092711295,-1.2180765867233276,0.23636019229888916,0.010451801121234894
6.2,1.0657742700086041,1.03254325981778,1.2651466831749714,1.172528040022533,-61.82096481323242,-6.547304153442383,-236.2529296875,0.8250449299812317,2.0937538146972656,29.288576126098633,-0.5443856712507419,0.4492400904012481,-0.708397898156931,-0.6698254634170104,0.2755591483136751,0.6894932953545155,0.5049535518194386,0.8498532208310564,0.15090199981449295,-1.204997181892395,0.2379366159439087,0.010964369401335716
6.21,1.0797361579191567,1.2716208164774745,1.1076133452243129,1.050704827902034,-61.812564849853516,-6.526529312133789,-235.9597625732422,0.8549100756645203,2.0610971450805664,29.344345092773438,-0.5427950415920929,0.45774504735346644,-0.7041612133925095,-0.6713001489186109,0.2673803657074091,0.691276970610206,0.5047074924001915,0.847925239427124,0.1621515817300764,-1.1858283281326294,0.1958552747964859,0.01135935541242361
6.22,1.1650162778187205,1.0221292689616015,1.1802825809904136,1.1873362871248698,-61.80386734008789,-6.506082534790039,-235.6660614013672,0.8845202922821045,2.028322696685791,29.398466110229492,-0.5414472008496696,0.4661094086853147,-0.6996977546248695,-0.6725454811489239,0.2592725095171903,0.6931524663411516,0.5044972789601747,0.8458840257054657,0.17309740199695334,-1.1859272718429565,0.1846729964017868,0.012084219604730606
6.23,1.1650162778187205,1.0221292689616015,1.1802825809904136,1.1873362871248698,-61.79487609863281,-6.485963821411133,-235.37179565429688,0.9139416813850403,1.9953514337539673,29.45088005065918,-0.5400899325750398,0.4744599756906447,-0.6951191237469461,-0.6738068205396552,0.2511119620653137,0.6949296015438899,0.5042690088884405,0.8437004883104795,0.18407132503279414,-1.1837128400802612,0.18106505274772644,0.012376544997096062
6.24,1.1045396640107363,1.116551137686327,1.1851139590053354,1.2284521349673612,-61.785587310791016,-6.466177463531494,-235.0770263671875,0.9432123899459839,1.9621388912200928,29.50152587890625,-0.5388535390206398,0.48266333403856704,-0.690415070417576,-0.674959753074996,0.2430211562006269,0.6966850431635883,0.5040497943793569,0.8414135865397498,0.19482551468543005,-1.1646662950515747,0.15801745653152466,0.011987038888037205
6.25,1.2597757600697268,1.1825465849110866,1.1750521437481307,1.2154788407472872,-61.77600860595703,-6.446724891662598,-234.78175354003906,0.9724701642990112,1.9285354614257812,29.550344467163086,-0.5377988568088024,0.49070073394701025,-0.6855546508623587,-0.6759424111666881,0.23501626606425216,0.6984763499728396,0.5038593518049548,0.8390352462138179,0.20529395804457748,-1.158022165298462,0.13142959773540497,0.0117174768820405
6.26,1.2597757600697268,1.1825465849110866,1.1750521437481307,1.2154788407472872,-61.766136169433594,-6.427610874176025,-234.4860076904297,1.0022966861724854,1.8939294815063477,29.597129821777344,-0.5368993003751991,0.4986772968118292,-0.6804851908021722,-0.6767778897013033,0.22699087435272072,0.7003190922515523,0.5036971602739811,0.8365381620733356,0.2156225269467297,-1.1576472520828247,0.120665043592453,0.011467723175883293
6.27,1.1340072244844417,1.2249458064277747,1.2003003995816917,0.9620234074601145,-61.75596237182617,-6.408848285675049,-234.1898193359375,1.032420039176941,1.8585748672485352,29.641916275024414,-0.5360110286226087,0.5065691113549554,-0.6753368882387397,-0.6776128873074766,0.2189669925394161,0.7020642642472759,0.5035205578223777,0.8339311671830563,0.22588903526056237,-1.1525275707244873,0.12550710141658783,0.011089274659752846
6.28,1.1340072244844417,1.2249458064277747,1.2003003995816917,0.9620234074601145,-61.74549102783203,-6.39043664932251,-233.8931884765625,1.061324119567871,1.824040174484253,29.685152053833008,-0.5350635864654912,0.5143442904781343,-0.670191695928285,-0.6785190990693051,0.21098239356418028,0.7036321921317331,0.5033078487733573,0.8312258299995702,0.23610342840514056,-1.1382139921188354,0.14257586002349854,0.011564678512513638
6.29,1.1323405931913584,1.1035610149277688,1.0042993657340595,0.9681188854764112,-61.734737396240234,-6.3723649978637695,-233.5961151123047,1.0890170335769653,1.790340542793274,29.726818084716797,-0.5339611541355831,0.5219358314770783,-0.6651830377381303,-0.6795902309499298,0.2031261473114378,0.7049091333468684,0.5030334023418497,0.8284459886430393,0.2462410202010215,-1.11589515209198,0.1692749708890915,0.012855061329901218
6.3,1.2367410872484697,1.0893973853944985,1.1235327822080772,1.0359437374569318,-61.72371292114258,-6.354626655578613,-233.29864501953125,1.1153119802474976,1.757712721824646,29.766984939575195,-0.532666262219091,0.5293394423738974,-0.6603532447416565,-0.680867344324286,0.1954126738890569,0.7058566046417101,0.5026791347632573,0.8255989593203352,0.2563202017844919,-1.0988272428512573,0.20194414258003235,0.013647866435348988
6.31,1.2367410872484697,1.0893973853944985,1.1235327822080772,1.0359437374569318,-61.712432861328125,-6.337211608886719,-233.00079345703125,1.141250491142273,1.7250759601593018,29.805227279663086,-0.5311577758080966,0.5365758724842635,-0.6557116365189407,-0.6823815424973045,0.18781861049756274,0.7064556603282081,0.502221910770125,0.8226849352081976,0.2663881561253961,-1.0744023323059082,0.2323806881904602,0.013763333670794964
6.32,1.0940355152356598,1.0648159047437797,1.0038807135532408,1.2570061000908417,-61.70088577270508,-6.320128917694092,-232.7025604248047,1.1675559282302856,1.6916753053665161,29.84123420715332,-0.5294833516435978,0.5435546922903746,-0.6513030606571557,-0.6840868686978484,0.18044487254842873,0.7067282391741214,0.5016697483478898,0.8197487081173704,0.27629607151110086,-1.038595199584961,0.25719767808914185,0.01369105651974678
6.33,1.006381361524334,1.0200559333106085,1.2223477980358741,1.1766872135427122,-61.68907928466797,-6.303380012512207,-232.4039764404297,1.1934638023376465,1.6583553552627563,29.875301361083984,-0.5277026612008967,0.5503242966294001,-0.6470495111665316,-0.68592137542629,0.17324486834131175,0.7067517826837851,0.5010406850693846,0.8167798871989672,0.2860574204114345,-1.0366135835647583,0.26257339119911194,0.01316661387681961
6.34,1.006381361524334,1.0200559333106085,1.2223477980358741,1.1766872135427122,-61.6770133972168,-6.286962032318115,-232.10507202148438,1.2189264297485352,1.6251764297485352,29.907424926757812,-0.5260147624219083,0.5571277730109135,-0.6425862698923178,-0.6876710990276321,0.16595106272665328,0.7068017433071472,0.5004167555911286,0.8136761575220168,0.29582795913140836,-1.0475592613220215,0.23171505331993103,0.012895972467958927
6.35,0.9699177822454761,1.0503743636336302,1.0299810231298294,1.0212557598048952,-61.664695739746094,-6.270875930786133,-231.8058319091797,1.244077205657959,1.591975450515747,29.937509536743164,-0.5246174692536408,0.5638959593849193,-0.6378070695306433,-0.68911219362557,0.15864267622937364,0.7070762942394104,0.49990088572682123,0.81046520484728,0.3053608622292584,-1.0446890592575073,0.18097728490829468,0.013161483220756054
6.36,1.0730877585994976,1.1779598219491092,1.2403562606784595,1.004424534029972,-61.652137756347656,-6.2551188468933105,-231.50631713867188,1.2678618431091309,1.5599018335342407,29.966075897216797,-0.5235111895309364,0.5706046169506999,-0.6327293304015942,-0.6902390326314175,0.15134289068924126,0.7075771387416853,0.49950586810161646,0.8071590305214768,0.3146238820872962,-1.0478878021240234,0.15122100710868835,0.013537239283323288
6.37,1.0730877585994976,1.1779598219491092,1.2403562606784595,1.004424534029972,-61.63934326171875,-6.239679336547852,-231.20652770996094,1.2916008234024048,1.5274696350097656,29.992469787597656,-0.5225020795676266,0.5772786520771852,-0.6274877964577906,-0.6912623572199345,0.14402340219953538,0.708105651092837,0.499147203075651,0.8037453685557505,0.32379847465195943,-1.0426074266433716,0.14571815729141235,0.014456761069595814
6.38,1.1959505045680232,1.0346772473194983,1.2349373936343522,1.2196902324030754,-61.626304626464844,-6.224571704864502,-230.90647888183594,1.3160216808319092,1.4938514232635498,30.016305923461914,-0.5215050137823257,0.5838160531112863,-0.622247006203691,-0.6922719368320257,0.1368067764515927,0.7085502603145101,0.4987906234831728,0.8002766534433478,0.3328140500020754,-1.0237855911254883,0.1456134170293808,0.015836328268051147
6.39,1.1959505045680232,1.0346772473194983,1.2349373936343522,1.2196902324030754,-61.61302185058594,-6.209804534912109,-230.60621643066406,1.340783715248108,1.4594193696975708,30.037742614746094,-0.5205389573174265,0.5901734460852273,-0.6170368687937324,-0.6932463701669289,0.12974432091383292,0.7089258645591835,0.49844625002628296,0.7967820999034151,0.3415986257411473,-0.9995731711387634,0.13024254143238068,0.016331646591424942
6.4,1.0609686437284922,1.2458498162175404,0.9967562440628489,1.1425371977947447,-61.599491119384766,-6.195384979248047,-230.30572509765625,1.365716814994812,1.424363613128662,30.056888580322266,-0.5197331633266775,0.5963145129953528,-0.6117895394084147,-0.6940453808716275,0.12286543387681273,0.7093695048767038,0.4981751180350164,0.7932925606290392,0.35001209267883804,-0.9718443155288696,0.10011588037014008,0.015943709760904312
6.41,1.160094030215391,1.0407359471752105,0.9527307506938958,1.0014497828746765,-61.58571243286133,-6.181314468383789,-230.00506591796875,1.3896851539611816,1.3899931907653809,30.074445724487305,-0.5190707827412877,0.602310478519037,-0.6064549529606593,-0.6946878802430811,0.1160854331358245,0.709882329162406,0.49797015126182154,0.7897760819876966,0.3581612329279118,-0.9827727675437927,0.09515012055635452,0.015781262889504433
6.42,1.160094030215391,1.0407359471752105,0.9527307506938958,1.0014497828746765,-61.57170104980469,-6.167580604553223,-229.70423889160156,1.4118597507476807,1.357285499572754,30.09089469909668,-0.5183337374866841,0.6083994058287824,-0.6009827780979005,-0.6954255264388972,0.10912840503868501,0.7102635626236896,0.4977082215116286,0.7860923318547878,0.3665315430339309,-0.9990248084068298,0.12067060172557831,0.015541465021669865
6.43,1.0222896043602325,1.212172871443817,1.2399260764442581,1.011351787919403,-61.55747604370117,-6.154167175292969,-229.40325927734375,1.4328417778015137,1.3255552053451538,30.10581398010254,-0.5174184044486035,0.6144365926243939,-0.5956054636938669,-0.6963859163802789,0.1021600049984216,0.7103590562848635,0.49731765523160426,0.7823241061240841,0.37502552282756996,-0.9915437698364258,0.15477079153060913,0.014988641254603863
6.44,1.0832986816987833,1.0697455612075553,0.9722152134127687,1.2149154577501973,-61.54304122924805,-6.141072750091553,-229.10214233398438,1.454277515411377,1.2928670644760132,30.11814308166504,-0.5163400206961544,0.6203673793806193,-0.5903704748951439,-0.697551537792577,0.09525414428989395,0.7101749785220621,0.49680462472757436,0.7785055957384142,0.38355469264926356,-0.9832225441932678,0.1717456877231598,0.015542867593467236
6.45,1.0832986816987833,1.0697455612075553,0.9722152134127687,1.2149154577501973,-61.52838897705078,-6.128310203552246,-228.80093383789062,1.4757903814315796,1.2596757411956787,30.12808609008789,-0.5152312880798918,0.6262494721498882,-0.5851053908617846,-0.6987569455216424,0.08835776985638669,0.7098814236133173,0.49626147429434797,0.7745995759991042,0.392071480719024,-0.9974254965782166,0.17066790163516998,0.01584221050143242
6.46,1.0049974071708832,1.249005991387432,1.03154666905112,1.2510747972249778,-61.513526916503906,-6.115878105163574,-228.49957275390625,1.4966861009597778,1.2268099784851074,30.136037826538086,-0.5141528669753879,0.6322328473955814,-0.5795933540466663,-0.6999395643648489,0.08127080156517352,0.7095630085127742,0.49571305774382635,0.7705041748667099,0.40073916815708954,-1.031087875366211,0.16613569855690002,0.015071878209710121
6.47,1.122463903913062,0.9542537591497445,1.0057942598831622,1.1609385393305705,-61.49845504760742,-6.103776454925537,-228.19821166992188,1.5176953077316284,1.1933577060699463,30.141407012939453,-0.5131146374100628,0.6383942796759848,-0.5737299996971745,-0.7010898052289133,0.07388803014123402,0.7092345479500644,0.49516305787045917,0.7661548816517638,0.4096586914024256,-1.0855438709259033,0.16151414811611176,0.014698341488838196
6.48,1.122463903913062,0.9542537591497445,1.0057942598831622,1.1609385393305705,-61.483177185058594,-6.092009544372559,-227.8968048095703,1.5379986763000488,1.1602966785430908,30.14463233947754,-0.512120376542547,0.6447943473953993,-0.5674266203632508,-0.7021995020018544,0.06612884962483331,0.7089025565165099,0.494619630947122,0.7614901344168794,0.41890833826446505,-1.1203809976577759,0.1529116928577423,0.014137042686343193
6.49,1.2704634491756768,1.1791743081920067,1.1746644762655187,1.203140920873643,-61.467708587646484,-6.080567836761475,-227.5952911376953,1.5572242736816406,1.128069519996643,30.145875930786133,-0.5112045362190087,0.6511980267270155,-0.5609019986913485,-0.7032311871138387,0.05826666603734945,0.7085696106236516,0.4941010216742824,0.7566677775719892,0.42815657739277724,-1.123412847518921,0.14039190113544464,0.013011003844439983
6.5,1.064437459781585,0.9518658838807896,1.0743601566445897,1.147055839314849,-61.4520378112793,-6.069453716278076,-227.2937774658203,1.5774465799331665,1.0940525531768799,30.143543243408203,-0.510354986424674,0.6575157681833859,-0.5542660033067907,-0.7041995710904809,0.05040963718625899,0.7082103024912393,0.4935997892092884,0.7517525411124076,0.43729551223810237,-1.118185043334961,0.13858826458454132,0.012196427211165428
6.51,1.064437459781585,0.9518658838807896,1.0743601566445897,1.147055839314849,-61.4361686706543,-6.0586838722229,-226.99241638183594,1.5970858335494995,1.0602413415908813,30.13885498046875,-0.5095260714228658,0.6637152482059099,-0.5475995360108954,-0.7051581428681324,0.042604815726315304,0.7077689052393397,0.49308739193691337,0.7467709816107573,0.44631594743741637,-1.1105612516403198,0.12791979312896729,0.011609954759478569
6.52,1.009780695577003,1.2661778189392296,1.156743555034377,1.1442023182524617,-61.420108795166016,-6.048243522644043,-226.69105529785156,1.6150673627853394,1.028024673461914,30.132678985595703,-0.508826094017497,0.6697985212387306,-0.5408012083874322,-0.7059659727326285,0.03484971145851287,0.707387830652275,0.49265408898188456,0.7417246379605222,0.4551225220221048,-1.1040009260177612,0.10081623494625092,0.010942315682768822
6.53,1.009780695577003,1.2661778189392296,1.156743555034377,1.1442023182524617,-61.40386962890625,-6.038127422332764,-226.3897705078125,1.6332862377166748,0.9949443936347961,30.12349510192871,-0.5082670280455066,0.6758083068455943,-0.5338049836787582,-0.7066019692901296,0.027089087858459288,0.707092524578154,0.49231929192049634,0.7365794687048287,0.4637589903014424,-1.1194955110549927,0.08395153284072876,0.011131862178444862
6.54,1.119382885388943,1.1552504656088165,1.0421792666155298,1.221673444550153,-61.387447357177734,-6.028347969055176,-226.0885772705078,1.651795506477356,0.9608986377716064,30.111225128173828,-0.5077592006683912,0.6818949961629499,-0.5264976812337615,-0.7071713487783777,0.01913343793623354,0.7067832730191845,0.49202568795091095,0.7311997851207777,0.47250142500923964,-1.1553665399551392,0.07839873433113098,0.01213421393185854
6.55,1.1631013038620177,1.0143615994174169,1.2321477952043811,1.0152368389196185,-61.37083435058594,-6.018909454345703,-225.78753662109375,1.6698157787322998,0.9268866181373596,30.096435546875,-0.5072704009119073,0.6880940790465291,-0.5188480304865598,-0.7077152135657221,0.010926102332914911,0.7064133328126212,0.4917478183442174,0.7255392192493249,0.48143215979490095,-1.191863775253296,0.07688943296670914,0.01244840957224369
6.56,1.1631013038620177,1.0143615994174169,1.2321477952043811,1.0152368389196185,-61.35404968261719,-6.0098090171813965,-225.48666381835938,1.6869721412658691,0.8933982253074646,30.079378128051758,-0.506796296563287,0.6943065068097173,-0.5109755262157131,-0.7082472103112599,0.002579718323835384,0.7059597964046449,0.4914706531178183,0.7196748013200529,0.4904332548562419,-1.1818299293518066,0.07228763401508331,0.012445117346942425
6.57,1.1958095436449416,1.022532180159475,1.0212706484198897,0.99145033876324,-61.337100982666016,-6.001040935516357,-225.18597412109375,1.703349232673645,0.8603278398513794,30.059988021850586,-0.5063653320140784,0.7002372860935868,-0.5032513225999118,-0.7087250647585424,-0.005495886514727155,0.7054633780816812,0.4912259491489351,0.7138890238655484,0.4990586423327648,-1.1298868656158447,0.06282660365104675,0.012716603465378284
6.58,1.0184775764518132,1.0360635486345464,0.9860923967190985,1.2273175056868573,-61.31998825073242,-5.992600440979004,-224.88546752929688,1.7187387943267822,0.8280086517333984,30.03862762451172,-0.5059552752631908,0.7058233441046162,-0.49580506890341985,-0.7091790231286272,-0.013200851335106456,0.7049048522164916,0.4909932510612282,0.7082648829647029,0.507234150044455,-1.0846837759017944,0.07184950262308121,0.01261213794350624
6.59,1.0184775764518132,1.0360635486345464,0.9860923967190985,1.2273175056868573,-61.30272674560547,-5.984479904174805,-224.585205078125,1.7333166599273682,0.7962383031845093,30.0152530670166,-0.5054928007726988,0.7111973550360436,-0.4885441132146693,-0.7097183842382154,-0.020717381917933014,0.7041808043114798,0.4906901705162523,0.7026870656815888,0.5152223251010473,-1.0860272645950317,0.07324174046516418,0.011981826275587082
6.6,1.114955125469658,1.044069630245823,1.104396440890978,1.0022573280035323,-61.28532028198242,-5.976675510406494,-224.28517150878906,1.7474439144134521,0.764519453048706,29.989517211914062,-0.5051002232937136,0.7166036045698503,-0.48099172378133254,-0.7101712425350462,-0.028399469516534215,0.7034559520022611,0.49043916106370283,0.6969022485604969,0.5232558506566882,-1.1220144033432007,0.053556982427835464,0.011149035766720772
6.61,1.0328594691488127,1.0480455029930542,1.0345773758749466,0.9860553902262518,-61.26778030395508,-5.969188690185547,-223.98541259765625,1.7610803842544556,0.7328869104385376,29.961400985717773,-0.5047965293376806,0.7220545414391597,-0.4730937572571814,-0.7105070792361732,-0.03627533937574359,0.7027544308707393,0.4902653917256594,0.6908844613538933,0.5313365287045737,-1.1294491291046143,0.045630473643541336,0.010774628259241581
6.62,1.0328594691488127,1.0480455029930542,1.0345773758749466,0.9860553902262518,-61.250099182128906,-5.9620161056518555,-223.6859588623047,1.7738547325134277,0.701883852481842,29.931306838989258,-0.5044924791064825,0.7273748413869306,-0.4652022986210761,-0.7108494474327559,-0.04408199198040594,0.7019614242019179,0.4900820355915333,0.6848230560519826,0.5392930374945353,-1.117342472076416,0.05149989575147629,0.010919075459241867
6.63,1.0030266292495051,1.0265014516111934,1.1280923000169483,1.2613730429366403,-61.232303619384766,-5.9551496505737305,-223.38681030273438,1.7858084440231323,0.6714723110198975,29.89923095703125,-0.5041556148076098,0.732569482434308,-0.4573500513434878,-0.7112445100888215,-0.05181873896623407,0.7010321427441549,0.4898554510531376,0.678717004131972,0.5471607308420878,-1.1110484600067139,0.05971643328666687,0.011189392767846584
6.64,1.0030266292495051,1.0265014516111934,1.1280923000169483,1.2613730429366403,-61.21438217163086,-5.948589324951172,-223.08799743652344,1.7979040145874023,0.6401962041854858,29.86405372619629,-0.5038274030257939,0.737673450873442,-0.44943945959022286,-0.7116302525848756,-0.05953732053998362,0.7000269216743777,0.48963285384691096,0.6725274621451429,0.5549472777609985,-1.1202595233917236,0.039035726338624954,0.011139442212879658
6.65,1.2068818017014893,1.039046530601902,1.2733550254343506,1.014312093146482,-61.196346282958984,-5.942347526550293,-222.78953552246094,1.8101056814193726,0.6080806851387024,29.825815200805664,-0.5036754191306919,0.742766993355397,-0.4411442686302356,-0.7117481683110817,-0.06737469830477552,0.6991961062063781,0.48961782756486927,0.6661515170065471,0.5625980264100948,-1.1432156562805176,-0.00874149240553379,0.01075717993080616
6.66,1.1357569498433753,0.9611086228192943,1.2276078138923259,0.9703946918461379,-61.178184509277344,-5.936429023742676,-222.49148559570312,1.8220927715301514,0.57557213306427,29.784900665283203,-0.5037137057765007,0.7478028110869529,-0.43250833326463894,-0.7115672090852058,-0.07526954794302826,0.6985746932913782,0.48984141267107656,0.6596403951266957,0.5700262621577192,-1.1229935884475708,-0.038148559629917145,0.010695834644138813
6.67,1.1357569498433753,0.9611086228192943,1.2276078138923259,0.9703946918461379,-61.159908294677734,-5.930834770202637,-222.19384765625,1.8332887887954712,0.5435874462127686,29.742172241210938,-0.5038241575408494,0.7525388553117712,-0.42408311629243434,-0.7112635261558621,-0.08282568971101925,0.6980287254004832,0.49016876138589505,0.6533185871915347,0.5769830231397406,-1.060760736465454,-0.051642242819070816,0.010964194312691689
6.68,1.0399693777858163,1.257243049112341,1.2095018248032512,1.0179060998192826,-61.14152145385742,-5.925555229187012,-221.8966522216797,1.8435683250427246,0.5123845338821411,29.698022842407227,-0.5039878155578069,0.7569078334138957,-0.41603703379140744,-0.7108622387967836,-0.08991170283091834,0.6975605802701796,0.4905824693383317,0.647307050332937,0.5833715997262618,-0.9923955798149109,-0.06618689000606537,0.011260301806032658
6.69,0.9856523649953025,1.2422367886483185,1.1744995637403932,1.2594588818680663,-61.1230354309082,-5.920588970184326,-221.5998992919922,1.853758454322815,0.48064273595809937,29.65156364440918,-0.504186426943834,0.7609633240726943,-0.4083269110674014,-0.7103881807975168,-0.0965917984432664,0.697150383387035,0.49106484242796744,0.641564372366274,0.5892796251708219,-0.9585422277450562,-0.06899856775999069,0.012190542183816433
6.7,0.9856523649953025,1.2422367886483185,1.1744995637403932,1.2594588818680663,-61.10444641113281,-5.915945053100586,-221.3036346435547,1.8641380071640015,0.44789832830429077,29.60252571105957,-0.5043786615042263,0.7649322471825521,-0.4006005779320045,-0.7099018841832341,-0.10322898797372537,0.6966944027872009,0.4915704228819094,0.6357848954341172,0.5950933423300326,-0.9818069338798523,-0.07998616993427277,0.013248628936707973
6.71,0.9745270313846806,0.9962920687554608,1.144603693736198,1.0972410344384653,-61.08575439453125,-5.911632061004639,-221.00784301757812,1.8743213415145874,0.414777010679245,29.55144500732422,-0.5046439582275538,0.7689912436103866,-0.3924117004817489,-0.7092672157745613,-0.11014191591639533,0.6962821087645922,0.4922138682034758,0.6296993136480432,0.6010027307253725,-1.0322768688201904,-0.10727718472480774,0.013947950676083565
6.72,0.9990039797350734,1.127454033096945,1.0865153179299312,1.2260865487985761,-61.06696701049805,-5.907644748687744,-220.7126007080078,1.8832135200500488,0.3831712305545807,29.499902725219727,-0.5050138383212588,0.7731368046520575,-0.38369324257332904,-0.708423593776695,-0.11734954610866255,0.6959634299362308,0.4930487145146425,0.6232885088949555,0.6069714983382344,-1.0581377744674683,-0.14136141538619995,0.014381138607859612
6.73,0.9990039797350734,1.127454033096945,1.0865153179299312,1.2260865487985761,-61.048095703125,-5.903966426849365,-220.41787719726562,1.8912497758865356,0.3522945046424866,29.447214126586914,-0.5055030631288544,0.7772533737489726,-0.37462494065823443,-0.7073377060556965,-0.12466861604109791,0.6957953045014481,0.49410527497610374,0.6167130038926029,0.6128009856964591,-1.0808379650115967,-0.17405228316783905,0.014446157030761242
6.74,0.9540394655557606,1.2319501861330429,1.2281362619897176,1.0446868178251754,-61.02914047241211,-5.900599479675293,-220.12367248535156,1.899026870727539,0.3210412859916687,29.392457962036133,-0.5060867128385671,0.7813965036887724,-0.3650968955102416,-0.7060475072966443,-0.1322239738204705,0.6957109587948999,0.49535154842641704,0.609865825219028,0.6186198499090256,-1.1210217475891113,-0.2018890380859375,0.014319747686386108
6.75,0.9540394655557606,1.2319501861330429,1.2281362619897176,1.0446868178251754,-61.01011276245117,-5.897545337677002,-219.8300323486328,1.9063215255737305,0.2897742986679077,29.33594512939453,-0.5067404470815192,0.7855674019706796,-0.35510276857926437,-0.7045843430482511,-0.14003717340569413,0.6956655041007912,0.4967645547167052,0.6027216994812615,0.6244609916972665,-1.150230050086975,-0.2221503108739853,0.015068192034959793
6.76,1.0917531761043238,1.1572510365428006,1.0363301281812003,0.9590759698543299,-60.99101638793945,-5.894803524017334,-219.53697204589844,1.913079857826233,0.2585603594779968,29.277729034423828,-0.5074178838202881,0.789704130361491,-0.34481078531470255,-0.7030128046943632,-0.14798923380778592,0.6956092172425188,0.49829718804655687,0.5953709542520409,0.6302644994110873,-1.1673085689544678,-0.23592090606689453,0.016653282567858696
6.77,1.1433831402541397,1.2504804532817166,1.2456480816430013,1.1930962047169247,-60.97185134887695,-5.89237117767334,-219.24449157714844,1.918921947479248,0.22815634310245514,29.2185115814209,-0.5080772585819315,0.7937727568783423,-0.3343386154030452,-0.7014085006155678,-0.15602211310725653,0.6954733751091895,0.4998836010273693,0.5878621527699353,0.6360302467372185,-1.1744918823242188,-0.22513173520565033,0.0177318062633276
6.78,1.1433831402541397,1.2504804532817166,1.2456480816430013,1.1930962047169247,-60.95263671875,-5.890244483947754,-218.95262145996094,1.9247843027114868,0.19662362337112427,29.156517028808594,-0.5086457169007813,0.7977349387838994,-0.32388038242835604,-0.6999340461192618,-0.1640736735780514,0.695105862960256,0.5013699888920449,0.5802575265190888,0.6418172147553691,-1.1789464950561523,-0.21299616992473602,0.018295051530003548
6.79,1.0739853767049548,1.2440100646049528,1.2143875622779405,0.9776964044245025,-60.93335723876953,-5.888444423675537,-218.661376953125,1.930830955505371,0.16356581449508667,29.09139060974121,-0.5091812676014966,0.8015981738557648,-0.3133285885373939,-0.698473866472011,-0.1721638098691192,0.6946177944934815,0.5028605120501823,0.5725381998106784,0.6475579627942007,-1.1870709657669067,-0.2170858234167099,0.018812019377946854
6.8,1.1716248759701164,1.0893587009619135,1.2627718411207352,0.9862872572962751,-60.914024353027344,-5.886970520019531,-218.3708038330078,1.9358967542648315,0.13148288428783417,29.025468826293945,-0.5096930547473771,0.8053557613425179,-0.302679843423213,-0.697006288098417,-0.18028003532530437,0.6940326672530434,0.5043760742675586,0.5647133844132973,0.6532255117269424,-1.1863406896591187,-0.21156266331672668,0.01980070024728775
6.81,1.1716248759701164,1.0893587009619135,1.2627718411207352,0.9862872572962751,-60.89464569091797,-5.885811805725098,-218.08087158203125,1.9399489164352417,0.1005035936832428,28.95889663696289,-0.510142655880901,0.8089520716469434,-0.29214896273801705,-0.6956121348395046,-0.18828417540976655,0.6933057241609151,0.5058440752987104,0.5569071871222195,0.6587686668450539,-1.1544078588485718,-0.2032489776611328,0.020829008892178535
6.82,1.1645407391079772,1.1599048393135016,1.1954709481148231,0.9859135022360436,-60.87522888183594,-5.884960174560547,-217.79161071777344,1.9433703422546387,0.06982595473527908,28.891008377075195,-0.5105504454652388,0.812298063717065,-0.2819753505481517,-0.6942539320975502,-0.19595265176116738,0.6925417215120377,0.5072964817563161,0.5493399802938737,0.6639848384175576,-1.1003071069717407,-0.2008121907711029,0.021543502807617188
6.83,1.066253532183192,1.2094072447365163,0.9982489656415321,1.2548692068977605,-60.855777740478516,-5.8844146728515625,-217.5030517578125,1.9462326765060425,0.03935428336262703,28.82187271118164,-0.5109178989504812,0.8153902212118403,-0.27221625168996033,-0.6929346217020861,-0.2032452292624678,0.6917607872875086,0.5087283268883428,0.5420610334032071,0.6688537399814959,-1.0543063879013062,-0.19006992876529694,0.02224225364625454
6.84,1.066253532183192,1.2094072447365163,0.9982489656415321,1.2548692068977605,-60.8363037109375,-5.8841729164123535,-217.21519470214844,1.94859778881073,0.009002677164971828,28.75152587890625,-0.5112257272365037,0.8183182426970101,-0.26268519082884173,-0.6917121324123265,-0.21036241790296972,0.6908559755894191,0.5100809560110038,0.5348858820377421,0.6735833367235318,-1.0657191276550293,-0.17934730648994446,0.022346001118421555
6.85,0.9687390496366414,1.2586515252937276,1.0790586900436079,1.1828670110403434,-60.816810607910156,-5.8842339515686035,-216.9280242919922,1.9504718780517578,-0.02122744731605053,28.67997932434082,-0.5115012652498938,0.8212484237771431,-0.25281906987273783,-0.690536550644286,-0.21775473490922387,0.689740637956693,0.5113958621968405,0.5273840174561344,0.6784838761973482,-1.122595191001892,-0.17525829374790192,0.02187725529074669
6.86,0.9687390496366414,1.2586515252937276,1.0790586900436079,1.1828670110403434,-60.797298431396484,-5.884596347808838,-216.6416015625,1.9517648220062256,-0.05114051699638367,28.607324600219727,-0.5117553986138053,0.8242171840004683,-0.24243029016186038,-0.6893790023754557,-0.2255555388186592,0.688390361635058,0.5127016706364892,0.5194138354978262,0.6836272847246447,-1.185307264328003,-0.176072359085083,0.021906765177845955
6.87,1.1848027803609589,1.0780056172964823,1.1814211426806502,1.0637801826716016,-60.777767181396484,-5.885255813598633,-216.3558807373047,1.9524524211883545,-0.08072665333747864,28.53346824645996,-0.5119949345315054,0.8272139867675672,-0.23146966779728853,-0.6882038119984677,-0.23377019621152867,0.6868238555219245,0.5140395900753731,0.5109486426827367,0.6889809753366284,-1.2484341859817505,-0.1807195097208023,0.022458259016275406
6.88,0.9711046472171431,1.0695617447538863,1.2572304082214003,0.9550533471426896,-60.758235931396484,-5.8862104415893555,-216.0709228515625,1.9525641202926636,-0.11013466119766235,28.458171844482422,-0.5122183726264931,0.8301836717398652,-0.2200622864563184,-0.6870086967672655,-0.2422849702462935,0.6850671819310102,0.5154138039575679,0.5020887016944998,0.6944462155708829,-1.2638392448425293,-0.18228262662887573,0.02273552492260933
6.89,0.9711046472171431,1.0695617447538863,1.2572304082214003,0.9550533471426896,-60.738704681396484,-5.887454986572266,-215.78672790527344,1.9518370628356934,-0.13855326175689697,28.382259368896484,-0.5124258363816254,0.8329834816537902,-0.20870620858163572,-0.6857933428153533,-0.25068647298712804,0.6832596748026456,0.5168241994708981,0.49324923877610155,0.6997127519833132,-1.2364695072174072,-0.19371438026428223,0.023462532088160515
6.9,1.0464682058593926,0.9576464477833414,1.0488378368066371,1.1081676634776068,-60.71919250488281,-5.888978004455566,-215.5032958984375,1.9503099918365479,-0.1660013645887375,28.30583381652832,-0.5126408104154153,0.835586077405501,-0.19747229360777227,-0.684455656319224,-0.25885030187231084,0.6815548222654093,0.5183819576617673,0.4845538447548441,0.7046188455498845,-1.204425573348999,-0.2169237583875656,0.02484150603413582
6.91,1.0785740470395841,1.0157524609719024,0.992225531809225,1.163581698908925,-60.69969940185547,-5.890772819519043,-215.2206268310547,1.9481269121170044,-0.19283908605575562,28.228702545166016,-0.5128690080205182,0.8380039796366768,-0.18631884157309878,-0.6829637579942035,-0.266796926022568,0.6799852244948733,0.5201210300290544,0.47599236378118526,0.7091582219388809,-1.185212254524231,-0.24047251045703888,0.025234069675207138
6.92,1.0785740470395841,1.0157524609719024,0.992225531809225,1.163581698908925,-60.680233001708984,-5.892833709716797,-214.938720703125,1.9454166889190674,-0.21946555376052856,28.150592803955078,-0.5131112898904395,0.8402731885360234,-0.1750936115752764,-0.6813354592127693,-0.27467668550918894,0.6784797052653903,0.5220141724190006,0.4674330829810728,0.71344762717982,-1.189091682434082,-0.25666627287864685,0.02446923777461052
6.93,1.0455313562476543,1.104106511212693,1.0188968380839722,0.9857581957431566,-60.66079330444336,-5.8951616287231445,-214.6575927734375,1.9422411918640137,-0.24610449373722076,28.071359634399414,-0.5133537976006026,0.8424227310550749,-0.1636820719894152,-0.67962717947521,-0.28262328728081804,0.6769275990866044,0.5239988314945082,0.45874613860859115,0.717619122448738,-1.2046035528182983,-0.26680636405944824,0.02340402640402317
6.94,1.2068174749307676,1.270560795203325,1.0360917640719638,1.1518253753117824,-60.641387939453125,-5.897753715515137,-214.37728881835938,1.9384737014770508,-0.2722589075565338,27.991573333740234,-0.5135805230875313,0.8444530494013697,-0.1520989600946237,-0.677890359928513,-0.2906543711721131,0.6752663892380066,0.5260225339480515,0.4499100842115809,0.7217210055856761,-1.215301513671875,-0.2617343068122864,0.022926589474081993
6.95,1.2068174749307676,1.270560795203325,1.0360917640719638,1.1518253753117824,-60.62202453613281,-5.900610446929932,-214.0977783203125,1.9344686269760132,-0.29952293634414673,27.9095401763916,-0.5137524632075707,0.8463579105697713,-0.140487343786281,-0.6762755864569919,-0.29873943529351354,0.6733543502219053,0.5279296711782784,0.4409456168468893,0.7258493130623678,-1.2321618795394897,-0.23315022885799408,0.022761613130569458
6.96,1.0523745366967026,1.108543647658492,1.2249335502443743,1.2673043658787684,-60.602699279785156,-5.903748035430908,-213.81910705566406,1.9302141666412354,-0.3279893398284912,27.82512664794922,-0.5138491736518042,0.8481508519556874,-0.12883772376210093,-0.6749083458108845,-0.30695924273937025,0.6710251471082792,0.5295826200812989,0.4317593723634888,0.7301548417179143,-1.2592945098876953,-0.19336242973804474,0.022438371554017067
6.97,1.0523745366967026,1.108543647658492,1.2249335502443743,1.2673043658787684,-60.58341979980469,-5.907170295715332,-213.54129028320312,1.9254132509231567,-0.35634204745292664,27.739662170410156,-0.5138901483427296,0.849828774029528,-0.11708104145316048,-0.673723886694879,-0.3153236475458963,0.6683315956881711,0.5310489995593939,0.42232931715643496,0.734591660677649,-1.2816051244735718,-0.19522765278816223,0.022233908995985985
6.98,1.1471222393240095,1.042674339986643,1.252792230629469,1.1769459697601652,-60.56418991088867,-5.910873889923096,-213.26431274414062,1.9200259447097778,-0.3843976557254791,27.653337478637695,-0.5139401955443212,0.8513754364935183,-0.105001626365197,-0.6723601121121076,-0.3237794353858096,0.665656635858038,0.5327263416093289,0.41270660687311245,0.7388341502656892,-1.2982921600341797,-0.23701444268226624,0.02212529070675373
6.99,1.2681346422430302,1.0181345451056958,0.973155264496611,1.2098182644194995,-60.545021057128906,-5.914856910705566,-212.98822021484375,1.9140321016311646,-0.41206276416778564,27.566368103027344,-0.5140074967428312,0.8527723649647396,-0.09260446449612375,-0.6707156600259645,-0.3322621893241968,0.6631307118068253,0.5347305832735805,0.4029654217149867,0.7427530358160509,-1.2926303148269653,-0.277981698513031,0.021919352933764458
7.0,1.2681346422430302,1.0181345451056958,0.973155264496611,1.2098182644194995,-60.52591323852539,-5.919112682342529,-212.71299743652344,1.9073772430419922,-0.43889281153678894,27.47941017150879,-0.5140732535290371,0.8539923149448724,-0.08016118774798928,-0.6688814617930873,-0.3406219804472174,0.6607376608804421,0.5369602220608274,0.3932858914979196,0.746324277692394,-1.2797428369522095,-0.2898916006088257,0.020729634910821915
7.01,1.1960961593335186,1.1206443002559956,0.9799315549908654,0.999866100417594,-60.506874084472656,-5.923632621765137,-212.4386444091797,1.9001028537750244,-0.46501442790031433,27.39244270324707,-0.5141156890744464,0.855038724365768,-0.06777785834966721,-0.6670699895101799,-0.3489167292751906,0.6582360861627018,0.5391685147914292,0.383622074269539,0.7497542375943872,-1.2760586738586426,-0.27887341380119324,0.01870500110089779
7.02,1.0772982349267828,1.0579352467338285,1.045611475497801,1.258831495611766,-60.487911224365234,-5.928410053253174,-212.1651611328125,1.8922230005264282,-0.4902784526348114,27.305686950683594,-0.5141271849246576,0.8559157316068519,-0.05551124308961436,-0.665383141235543,-0.3571650351824527,0.6555138541652943,0.5412379449751914,0.3739537378219728,0.7531401522213558,-1.270405888557434,-0.24839507043361664,0.017337197437882423
7.03,1.0772982349267828,1.0579352467338285,1.045611475497801,1.258831495611766,-60.469032287597656,-5.933437347412109,-211.8925323486328,1.8838069438934326,-0.5152075290679932,27.218538284301758,-0.5141002546585313,0.8566318382299135,-0.04339149560539013,-0.6638901360390635,-0.36537674677799215,0.6524949962903659,0.5430937446059078,0.3642550296766955,0.7565497061827218,-1.2811884880065918,-0.23759615421295166,0.016413604840636253
7.04,1.114018642077368,1.0246851409681028,1.1049011133409163,1.0387600862438415,-60.45023727416992,-5.938714504241943,-211.62078857421875,1.8748903274536133,-0.5401867628097534,27.130558013916016,-0.5140560575482784,0.8571952496519653,-0.031026982966865124,-0.6623428345417224,-0.3737002775462264,0.6493458801695059,0.5450214117162351,0.35435068299070427,0.7598600227902925,-1.309489369392395,-0.25735652446746826,0.015330313704907894
7.05,1.199847396798517,1.242662970774062,1.2078301348412381,1.0293359972233425,-60.43153762817383,-5.944238185882568,-211.34991455078125,1.8654227256774902,-0.5644474029541016,27.042692184448242,-0.5139940469589304,0.857596778512897,-0.01838165321949542,-0.6606797660541212,-0.38212426521056875,0.6461294705118737,0.5470944766833716,0.3442510877565731,0.7630064365134566,-1.3132048845291138,-0.26992523670196533,0.014616481959819794
7.06,1.199847396798517,1.242662970774062,1.2078301348412381,1.0293359972233425,-60.41292953491211,-5.950004577636719,-211.07994079589844,1.855441689491272,-0.589180588722229,26.95361328125,-0.5139014768360569,0.8578294111899276,-0.005828670797198676,-0.6590182407906964,-0.3904313279264956,0.642851722000252,0.5491814184865105,0.33420364969744965,0.7659684654853938,-1.293688416481018,-0.25780490040779114,0.014752901159226894
7.07,1.123142180788018,1.1791691469339298,1.0543475344405386,0.9605674178737574,-60.39442825317383,-5.956023693084717,-210.81085205078125,1.8449422121047974,-0.6146575808525085,26.863065719604492,-0.5137720653729846,0.8579025931975446,0.006434704912133937,-0.6575090037618199,-0.3985582005216787,0.6394007122056251,0.5511081335042307,0.3242753480945628,0.7688467492313623,-1.2721590995788574,-0.23069477081298828,0.015400117263197899
7.08,1.123142180788018,1.1791691469339298,1.0543475344405386,0.9605674178737574,-60.37603759765625,-5.96229362487793,-210.5426788330078,1.833935260772705,-0.6388870477676392,26.773460388183594,-0.5136113606648463,0.8578261127141151,0.01837744655266066,-0.6562059944394187,-0.40651335793584104,0.635720522463685,0.5528083420660177,0.31445389195479423,0.7717005162475297,-1.2579373121261597,-0.1958022117614746,0.015999332070350647
7.09,1.125137993079471,1.0646893589784898,1.1137500925694537,1.1178187563941209,-60.35775375366211,-5.96879768371582,-210.275390625,1.8224668502807617,-0.6618263721466064,26.684844970703125,-0.5134299729816333,0.8576056365737367,0.030037226254018112,-0.6551590004540898,-0.4143554040793552,0.6317248477258373,0.5542168771952702,0.3046673123707072,0.7746105355626998,-1.2507190704345703,-0.15532740950584412,0.01650531403720379
7.1,1.0677536487624575,0.9525978415331184,1.2459677765084882,1.0491186911549417,-60.3395881652832,-5.975529670715332,-210.0089874267578,1.810526728630066,-0.6846184730529785,26.595792770385742,-0.5132371048537852,0.8572447794777929,0.04146157569817144,-0.6543316416155376,-0.42209879275020734,0.627441401199772,0.5553717466544553,0.29489658732662183,0.7775591461754481,-1.243035912513733,-0.13699255883693695,0.01660142093896866
7.11,1.0677536487624575,0.9525978415331184,1.2459677765084882,1.0491186911549417,-60.3215446472168,-5.982488632202148,-209.74346923828125,1.7981398105621338,-0.7070375680923462,26.506607055664062,-0.5130277427877077,0.8567493191818305,0.052755466177632326,-0.6535059794904088,-0.42969428448348496,0.6231314120251901,0.5565361353051848,0.2852076891735136,0.7803358918670045,-1.21437668800354,-0.15605440735816956,0.01659424416720867
7.12,0.9979617382873602,1.1190605849457804,1.1321810378391333,1.0701135193319997,-60.30362319946289,-5.989668369293213,-209.4788360595703,1.7853398323059082,-0.7288874387741089,26.417648315429688,-0.5127832039213812,0.8561404017498097,0.06385137639705002,-0.652496840670128,-0.4369846272284882,0.6191060559237657,0.5579437773572036,0.275804365552204,0.7827072845264196,-1.1671791076660156,-0.19311553239822388,0.016781268641352654
7.13,1.0547437152860324,1.2372895130253068,1.1122914248214377,1.0854808218502985,-60.28583526611328,-5.997064590454102,-209.21510314941406,1.7721340656280518,-0.7504149675369263,26.32881736755371,-0.5124936865038306,0.8554287723939287,0.07477858419580716,-0.6512851881611219,-0.4439850008779741,0.6153900573435658,0.5596229310666649,0.2666813348474192,0.7846675988393769,-1.1461024284362793,-0.21947039663791656,0.017177261412143707
7.14,1.0547437152860324,1.2372895130253068,1.1122914248214377,1.0854808218502985,-60.26818084716797,-6.004676818847656,-208.95225524902344,1.7584713697433472,-0.7721502184867859,26.239587783813477,-0.5121656428613383,0.8545946060208562,0.0857578779616765,-0.6499962818313414,-0.4509308894289138,0.6116912346636005,0.5614189058785459,0.257544932621293,0.7864346252570713,-1.1588099002838135,-0.22141624987125397,0.017802182585000992
7.15,1.1169244080531866,1.130611701999919,1.0739382455549817,0.9814197049792324,-60.250667572021484,-6.012507915496826,-208.6903076171875,1.7443450689315796,-0.7940452694892883,26.150066375732422,-0.5118139101006522,0.8536186344615527,0.09685942559955413,-0.6487608307546818,-0.45794887710813564,0.6077764477452978,0.5631659665728892,0.24822983876921761,0.788178939859872,-1.1821154356002808,-0.2101084440946579,0.018501844257116318
7.16,1.220950611115872,1.0466270561719258,1.161685499255146,1.270440968202258,-60.23329544067383,-6.02055549621582,-208.42926025390625,1.72988760471344,-0.815170407295227,26.061433792114258,-0.5114477553512466,0.8524971102859508,0.10802717482316473,-0.6476281567956451,-0.4650254202814987,0.6035968265469017,0.5647999327829692,0.23874680195998152,0.7899373395923468,-1.1887362003326416,-0.19015970826148987,0.01901794783771038
7.17,1.220950611115872,1.0466270561719258,1.161685499255146,1.270440968202258,-60.216068267822266,-6.028812885284424,-208.16908264160156,1.7149083614349365,-0.8366198539733887,25.97224235534668,-0.511076064773829,0.8512488380640346,0.11906582931272866,-0.6466018759084105,-0.4720271101227434,0.5992465447383872,0.5663102242472948,0.22927237732400835,0.7916608534651541,-1.17972993850708,-0.18846946954727173,0.018603092059493065
7.18,1.2545437188263446,1.2575409993740945,1.0875400638313106,1.1468678793571947,-60.19899368286133,-6.037289619445801,-207.90980529785156,1.699336290359497,-0.8587106466293335,25.88212013244629,-0.5106755136229192,0.8498780134114958,0.1300687591456791,-0.6455046777088049,-0.4789237605839133,0.5949417976610942,0.5679209723562069,0.21986221564400638,0.7931748705613969,-1.1693651676177979,-0.20892536640167236,0.017453303560614586
7.19,1.2545437188263446,1.2575409993740945,1.0875400638313106,1.1468678793571947,-60.18208312988281,-6.045987129211426,-207.65142822265625,1.6832983493804932,-0.8807399868965149,25.792085647583008,-0.5102462837609363,0.8483821078089558,0.14105505683167727,-0.6443399889178117,-0.48573475837166513,0.5906671847927688,0.5696268151953073,0.2104983222243202,0.7944908732963507,-1.1687119007110596,-0.20165401697158813,0.016635878011584282
7.2,1.2700278733781116,1.1953765783706467,1.0978555809047994,1.076397811540306,-60.16533279418945,-6.054903984069824,-207.3939666748047,1.6668223142623901,-0.9025802612304688,25.702350616455078,-0.5098367231446801,0.8467477798108547,0.15193654306480503,-0.6433337438847495,-0.49252941691169055,0.5861198405239851,0.5711288906300629,0.2010795137800436,0.7958510032824329,-1.177229404449463,-0.16619235277175903,0.016228780150413513
7.21,1.1417225052900115,1.0038019086435173,1.2718070644698334,1.1970297932621097,-60.148746490478516,-6.064036846160889,-207.13739013671875,1.6500182151794434,-0.9238077402114868,25.613428115844727,-0.5094710503277168,0.8449765854388166,0.16264630010587852,-0.6425593238134369,-0.4993019236217714,0.5812186373887349,0.572325750126964,0.19160417304369254,0.7973274588359861,-1.1747690439224243,-0.12587440013885498,0.015905961394309998
7.22,1.1417225052900115,1.0038019086435173,1.2718070644698334,1.1970297932621097,-60.13233184814453,-6.073378086090088,-206.88169860839844,1.6329213380813599,-0.9443501830101013,25.525352478027344,-0.5091375980085971,0.8431008272216755,0.1730892874563953,-0.6419475159347169,-0.5059434814644598,0.5761289615605762,0.5733082007779781,0.18221467751459614,0.7988213305983818,-1.1520811319351196,-0.1269373595714569,0.015595626085996628
7.23,1.2065080351108606,0.9854062281675692,1.1374014125159315,1.2692973459941748,-60.1160888671875,-6.08292293548584,-206.6268768310547,1.615487813949585,-0.964447557926178,25.437850952148438,-0.5087466884430096,0.8411546312432105,0.18340036351209899,-0.6411873503066132,-0.5123617346429663,0.5712829725105024,0.5745046464608063,0.1730443273030046,0.8000000449894955,-1.1194536685943604,-0.16754865646362305,0.015256070531904697
7.24,1.1214097371250504,1.062213256855335,1.227581423267175,1.159020640927891,-60.10002517700195,-6.0926666259765625,-206.3729248046875,1.5977224111557007,-0.9841653108596802,25.35100746154785,-0.5082670509166112,0.8391459911526554,0.19364557956472467,-0.6401948450882528,-0.5185579886687717,0.5667875904695037,0.5760339966312393,0.16410855529260276,0.8007828774423288,-1.0950018167495728,-0.20607797801494598,0.014328431338071823
7.25,1.1214097371250504,1.062213256855335,1.227581423267175,1.159020640927891,-60.084136962890625,-6.102603912353516,-206.11984252929688,1.5796595811843872,-1.0034657716751099,25.265031814575195,-0.5077093103169495,0.8370581412076774,0.20387477640805818,-0.6390132265054231,-0.5246009837403084,0.562544135343912,0.5778350565417577,0.1553302163027173,0.8012360272321353,-1.0762537717819214,-0.23749402165412903,0.013563594780862331
7.26,1.1343069587204972,1.1557008475578026,1.1804670703631865,0.965015263621267,-60.06843566894531,-6.11273193359375,-205.8676300048828,1.5612976551055908,-1.0224080085754395,25.179983139038086,-0.5070690388573684,0.8348986350545641,0.2140683512719501,-0.6376693643484178,-0.5304910279657236,0.5585311549227627,0.5798782386016481,0.1467090264158829,0.8013848575836421,-1.0559382438659668,-0.2672654688358307,0.013365714810788631
7.27,1.1541957459534566,1.1378723285190357,1.0928721651993103,1.1527119688113796,-60.05290985107422,-6.123048782348633,-205.61624145507812,1.5427604913711548,-1.0407241582870483,25.096370697021484,-0.5063566434927824,0.8326793066366485,0.2241609285532018,-0.6362163528419935,-0.5362162938025876,0.554707885861603,0.5820925201092653,0.13826517479006611,0.8012808742713862,-1.0302674770355225,-0.27260884642601013,0.013681522570550442
7.28,1.1541957459534566,1.1378723285190357,1.0928721651993103,1.1527119688113796,-60.037574768066406,-6.133545875549316,-205.36569213867188,1.5239475965499878,-1.0587279796600342,25.013816833496094,-0.505630217311768,0.8304095810054485,0.234004297216119,-0.6348154436523651,-0.5417743831190248,0.5508991471190084,0.5842494637068185,0.13000171372084135,0.80109432564957,-1.0181832313537598,-0.26227110624313354,0.013817185536026955
7.29,1.1410193893568925,1.0785588015013519,1.0047111057029552,1.1690907195213862,-60.022430419921875,-6.144223213195801,-205.11598205566406,1.5047630071640015,-1.0766806602478027,24.93195915222168,-0.5048991868432985,0.8280420577813673,0.24376866424988747,-0.6334700276158595,-0.5472866896787406,0.5469853776956453,0.5863382430281499,0.1217523299394484,0.8008644297988129,-1.0225094556808472,-0.25515246391296387,0.01345077808946371
7.3,1.1410193893568925,1.0785588015013519,1.0047111057029552,1.1690907195213862,-60.007476806640625,-6.155077934265137,-204.86705017089844,1.4854464530944824,-1.0940401554107666,24.851587295532227,-0.5041646971406086,0.8255537771000503,0.25353287611857855,-0.6321697837632325,-0.5528021131477723,0.5429283453606977,0.5883700558779873,0.11344948133507568,0.800593462708094,-1.0336363315582275,-0.2485366314649582,0.012723571620881557
7.31,1.0942575775014154,0.9728994690210735,1.0536414102293084,0.9821475437067084,-59.992713928222656,-6.166102409362793,-204.6189422607422,1.466005563735962,-1.1108111143112183,24.772687911987305,-0.5034300733505007,0.8229240323659388,0.2633518524728715,-0.6309111987046245,-0.5583567066660927,0.5386917926515021,0.5903466952523775,0.10504201576311559,0.8002855454954926,-1.0492717027664185,-0.2420198917388916,0.011716368608176708
7.32,1.172372115925339,1.1678710769021958,1.2255069305704016,1.082266196993974,-59.9781494140625,-6.177290916442871,-204.37159729003906,1.4466718435287476,-1.1265546083450317,24.69590187072754,-0.5026955737147109,0.8201648596058357,0.2731789948648644,-0.6296917607660193,-0.5639172681488572,0.5343085261409556,0.5922714298284428,0.0965759688083414,0.7999297692033359,-1.0427252054214478,-0.23651371896266937,0.011016543954610825
7.33,1.172372115925339,1.1678710769021958,1.2255069305704016,1.082266196993974,-59.96378707885742,-6.18863582611084,-204.12501525878906,1.4267187118530273,-1.1427271366119385,24.619054794311523,-0.5019550149720235,0.8173548597068381,0.2827935576671621,-0.6285075525036992,-0.5693325706189563,0.5299421482371643,0.5941543733662533,0.08826923215949045,0.7994930414104482,-1.0185670852661133,-0.23185624182224274,0.01100301742553711
7.34,1.1791630266906112,1.256042001023505,0.9944708453377611,1.11892632032487,-59.949623107910156,-6.200148105621338,-203.8791961669922,1.405887484550476,-1.1598018407821655,24.541473388671875,-0.5012038244377366,0.8145171082874345,0.29215853004158987,-0.6273598259763642,-0.5745752137327853,0.5256262669566948,0.5959986368439889,0.08015737065922382,0.798974605859978,-0.9947242736816406,-0.22725723683834076,0.011379336006939411
7.35,1.2311064191359402,1.1780905234220342,1.2567688102586978,1.1293695193252482,-59.9356689453125,-6.2118306159973145,-203.63414001464844,1.3848415613174438,-1.176532506942749,24.465065002441406,-0.5004631924535996,0.8116311636047219,0.3013161915078517,-0.6262836748554651,-0.579695441509924,0.5212695595391583,0.5977502418307209,0.07216681618485851,0.7984275790784381,-0.997947633266449,-0.20251509547233582,0.011453879997134209
7.36,1.2311064191359402,1.1780905234220342,1.2567688102586978,1.1293695193252482,-59.92192459106445,-6.223680019378662,-203.3898468017578,1.3633066415786743,-1.1933925151824951,24.389062881469727,-0.49979512432055884,0.8086248996672196,0.3103717212369329,-0.6253729588444157,-0.5848217081496591,0.516616136045997,0.5992607913517938,0.06410414428954095,0.7979831844301782,-0.9967331290245056,-0.17986364662647247,0.01145098078995943
7.37,1.201598286106517,1.0612876733573264,0.9819075630573552,1.2473531362342831,-59.90840148925781,-6.235699653625488,-203.1463165283203,1.3412017822265625,-1.2104954719543457,24.313247680664062,-0.49914648506830483,0.805582538265273,0.3192014418608351,-0.6245329170421439,-0.5898141191178364,0.5119354846268045,0.6006758043860156,0.05617899012380301,0.797516456942352,-0.9715582728385925,-0.17394360899925232,0.011630913242697716
7.38,1.1607773888643638,0.9982864129305026,1.140133138963374,0.9879911894618915,-59.89509963989258,-6.247886657714844,-202.90354919433594,1.319258213043213,-1.226667881011963,24.239452362060547,-0.4984986559924879,0.8025165977195903,0.3278203781924739,-0.6237247647642927,-0.5946622336416999,0.5072910857683113,0.6020519145334654,0.0484142361794308,0.7969878003719701,-0.9666948318481445,-0.16961351037025452,0.010905585251748562
7.39,1.1607773888643638,0.9982864129305026,1.140133138963374,0.9879911894618915,-59.882015228271484,-6.260228633880615,-202.66151428222656,1.2978211641311646,-1.24143385887146,24.168434143066406,-0.4978595178171006,0.7993702046548424,0.33636762095808204,-0.6229418215432793,-0.5994601748156683,0.5025843071389217,0.6033899133158142,0.04067892230681816,0.7964080849593947,-0.9493133425712585,-0.1650908887386322,0.010087603703141212
7.4,1.2339737565787967,1.110954820523828,1.0747215332098472,1.2418490833677305,-59.869144439697266,-6.272713661193848,-202.42018127441406,1.2765306234359741,-1.2554129362106323,24.099231719970703,-0.4972254014557529,0.7962634321173581,0.34457429796758,-0.6221867074507939,-0.6040362055558943,0.4980200432203279,0.6046905003542765,0.033238667998621546,0.795766667893907,-0.9033019542694092,-0.16068299114704132,0.009869474917650223
7.41,1.2339737565787967,1.110954820523828,1.0747215332098472,1.2418490833677305,-59.85648727416992,-6.285338878631592,-202.17953491210938,1.2544952630996704,-1.2699488401412964,24.029739379882812,-0.49659619304995406,0.7932176013161867,0.35241744850459306,-0.6214587272896488,-0.608377859221535,0.4936247873481959,0.6059548426440886,0.026119291169877462,0.7950701298030007,-0.8810753226280212,-0.156465083360672,0.00919545628130436
7.42,1.018615173383314,0.9860781516762217,1.2340711018499986,1.2553194971110986,-59.84405517578125,-6.298113822937012,-201.93959045410156,1.2317110300064087,-1.2850342988967896,23.959997177124023,-0.4959774582693752,0.7901181926460628,0.36016607632919806,-0.620752333949468,-0.6126581653759073,0.48919986947516225,0.6071844042668904,0.019058175357229118,0.7943323518320999,-0.8841034173965454,-0.15240810811519623,0.008029562421143055
7.43,1.0843555440422983,1.0201790194203446,1.032540366056629,1.1882507031914022,-59.831851959228516,-6.311038017272949,-201.70033264160156,1.2089390754699707,-1.2995998859405518,23.891725540161133,-0.495326551890741,0.7869306380918795,0.3679562172655006,-0.6200080014748826,-0.6169251716826261,0.4847611892999317,0.6084748845261823,0.011979289489349232,0.7934827102868589,-0.8863494992256165,-0.184109166264534,0.007251573260873556
7.44,1.0843555440422983,1.0201790194203446,1.032540366056629,1.1882507031914022,-59.81987380981445,-6.324103355407715,-201.46173095703125,1.186524748802185,-1.3132141828536987,23.82570457458496,-0.4945013113805991,0.7836604076102787,0.3759585330684221,-0.619051498925884,-0.6211702126212473,0.48054428373427877,0.6101177711888782,0.004892085053068318,0.7922956347117844,-0.8930432796478271,-0.22334371507167816,0.006547266151756048
7.45,1.0248119659824593,1.0486320054171918,1.2511299946664383,1.0485942277078033,-59.80812072753906,-6.337300777435303,-201.2238006591797,1.1642343997955322,-1.3262200355529785,23.761478424072266,-0.4935647535381687,0.7802712651498473,0.38414917264815734,-0.6179704315102175,-0.6254371383412607,0.4763831774554708,0.6119692638065108,-0.0022668844151356726,0.7908782974586963,-0.9066425561904907,-0.24333377182483673,0.005586322862654924
7.46,1.036416213089652,0.9759836088437575,1.132469838713608,1.0451907206464384,-59.79658889770508,-6.350627422332764,-200.9864959716797,1.1417139768600464,-1.3390765190124512,23.698347091674805,-0.4925338197493567,0.7767764208647258,0.39246506646030943,-0.6167964285763897,-0.6297053321786352,0.47226407900792705,0.6139809460386528,-0.009465020569527915,0.7892640947661941,-0.9002819061279297,-0.2682991027832031,0.0054488833993673325
7.47,1.036416213089652,0.9759836088437575,1.132469838713608,1.0451907206464384,-59.78528594970703,-6.364080905914307,-200.7498321533203,1.1192668676376343,-1.3514301776885986,23.63698387145996,-0.49136942762946745,0.7732792807873226,0.40074335864257415,-0.6155030317131376,-0.6338506926542767,0.4683901337278894,0.6162078411891769,-0.016506160266246933,0.787410593737625,-0.8770172595977783,-0.2957703173160553,0.005714400205761194
7.48,1.1273155198486724,1.0348865264037004,1.1179332638017003,0.9926142934638109,-59.77420425415039,-6.377654075622559,-200.51376342773438,1.0969462394714355,-1.3632545471191406,23.57750701904297,-0.49007773664807175,0.7698049336225006,0.4089305273666434,-0.6141020263116652,-0.6378521499673564,0.46478310647217846,0.6186295444947733,-0.023345212624408668,0.7853359075744029,-0.8533023595809937,-0.3202331066131592,0.005722286645323038
7.49,1.0377986420807421,1.1868261548118864,1.247306187708416,1.0869991016832237,-59.76334762573242,-6.391345500946045,-200.2782745361328,1.0743399858474731,-1.3750566244125366,23.519145965576172,-0.4886823316334995,0.7663658254325817,0.4169808153360107,-0.6126233671083438,-0.641705162070973,0.46141856816160093,0.6211941635447663,-0.029965089362527453,0.783083587235369,-0.8241108059883118,-0.3291601240634918,0.005702241323888302
7.5,1.0377986420807421,1.1868261548118864,1.247306187708416,1.0869991016832237,-59.75271987915039,-6.405157089233398,-200.0433807373047,1.0508657693862915,-1.387489676475525,23.460847854614258,-0.487245231475233,0.7629748282135367,0.42480759870460294,-0.6111404434632861,-0.645405099905375,0.4582135041436808,0.6237783602916542,-0.03635475936733931,0.7807553321644357,-0.8058581948280334,-0.3352299630641937,0.0062294346280395985
7.51,1.0921417796093922,1.0874618265867608,1.200545821122963,1.1534945688716853,-59.742332458496094,-6.41909646987915,-199.80906677246094,1.026679277420044,-1.4003705978393555,23.402965545654297,-0.4857263368339143,0.7595632438050649,0.43258941776959225,-0.6096208439162351,-0.6490329705921686,0.4551028782013612,0.6264442132933822,-0.04266007201861338,0.7782979929863642,-0.8017491698265076,-0.34979432821273804,0.007254141848534346
7.52,1.0921417796093922,1.0874618265867608,1.200545821122963,1.1534945688716853,-59.73218536376953,-6.433164596557617,-199.5753173828125,1.0022953748703003,-1.413140058517456,23.346485137939453,-0.4841005056757118,0.7561102134026341,0.44039078736134235,-0.6080413517653707,-0.6526132840136054,0.4520858503341124,0.6292316067616601,-0.048920820896628636,0.7756766970426139,-0.7964698672294617,-0.3700634837150574,0.007822474464774132
7.53,1.1366833403179295,0.9960255330751753,1.24826360524226,1.1399018725835364,-59.72228240966797,-6.447359085083008,-199.34213256835938,0.9777765870094299,-1.4257407188415527,23.291553497314453,-0.48234220882992934,0.752626909871969,0.44821727779910014,-0.6063702256914542,-0.6561371030648535,0.44922071565830146,0.6321875852750981,-0.05510749965506276,0.7728531687881,-0.7885441780090332,-0.3946850597858429,0.007909358479082584
7.54,1.0119042111133365,1.1224008156218577,0.9784449795524258,1.1064116794881682,-59.71263122558594,-6.461678981781006,-199.1094970703125,0.9531177282333374,-1.4381917715072632,23.238208770751953,-0.4804327070240443,0.7491415178020777,0.45603881449581507,-0.6045893438332064,-0.6595797123342187,0.4465717505624849,0.6353393891022986,-0.06116853261529734,0.7698066453810395,-0.7649742364883423,-0.42555591464042664,0.007776838261634111
7.55,1.0119042111133365,1.1224008156218577,0.9784449795524258,1.1064116794881682,-59.70322036743164,-6.476120471954346,-198.87738037109375,0.9289608597755432,-1.4498902559280396,23.187564849853516,-0.4783681028482042,0.7456869659607331,0.4638048155999313,-0.6026962926533616,-0.6629143360395696,0.44418662957715194,0.638687041515094,-0.0670487275754944,0.7665398431465932,-0.7649062871932983,-0.440501868724823,0.007522622123360634
7.56,1.1137998537332536,1.2251657723561347,1.1655712853696933,1.0429039242790357,-59.69404983520508,-6.4906744956970215,-198.64573669433594,0.9052509665489197,-1.4609215259552002,23.139511108398438,-0.476259728652746,0.742070981467284,0.47170682561077537,-0.6008009953306005,-0.6663272152263632,0.4416403585027523,0.6420395898021963,-0.07306641302856953,0.7631818029891475,-0.7979230880737305,-0.4364473223686218,0.007269247435033321
7.57,1.2736444675618666,1.0602336108589365,1.0061021072836764,0.9858660378882947,-59.68511962890625,-6.505340576171875,-198.41458129882812,0.8807360529899597,-1.4724589586257935,23.091995239257812,-0.4741537848238728,0.7382515542732824,0.47975288529646115,-0.5989510063003591,-0.6698499190825744,0.43881519795564927,0.6453184333249623,-0.07928258647490816,0.7597883857317542,-0.8161993026733398,-0.4241076707839966,0.007502430118620396
7.58,1.2736444675618666,1.0602336108589365,1.0061021072836764,0.9858660378882947,-59.67643356323242,-6.5201239585876465,-198.18389892578125,0.8558734655380249,-1.484053373336792,23.045751571655273,-0.47211329014434844,0.7343626346517501,0.4876684961081849,-0.5972070761753586,-0.6733530048722883,0.4358204205811608,0.648423279529011,-0.08548246403093782,0.7564654644516441,-0.7999191284179688,-0.39143452048301697,0.0073669119738042355
7.59,1.0903210238630672,1.0004301017357589,1.023856922799212,1.1855151044033303,-59.667999267578125,-6.53502082824707,-197.9536590576172,0.83121258020401,-1.495202898979187,23.001575469970703,-0.4702527195740388,0.7305473360250115,0.49513934357913736,-0.5956547117594536,-0.6767122429447371,0.43273086856320425,0.6511972390082612,-0.09143921519491344,0.7533797354804254,-0.7652443647384644,-0.34428882598876953,0.006545307580381632
7.6,1.1654754342204796,1.0308992877794647,1.2039717722906456,1.0991629176409436,-59.65980911254883,-6.550027370452881,-197.72386169433594,0.8065117001533508,-1.5061395168304443,22.958953857421875,-0.4685605042576605,0.7268125884475882,0.5021897202491536,-0.5942706752488114,-0.679929944735567,0.4295784384617203,0.6536768455354129,-0.0971531344116342,0.7505117254812653,-0.7516794204711914,-0.32722944021224976,0.00553300091996789
7.61,1.1654754342204796,1.0308992877794647,1.2039717722906456,1.0991629176409436,-59.65187454223633,-6.565144062042236,-197.49447631835938,0.7812630534172058,-1.517303228378296,22.917062759399414,-0.4668424119481238,0.7230587213489016,0.5091603361297399,-0.5928826677977369,-0.6830972250180973,0.426460224871691,0.6561617976013969,-0.10278261844235301,0.7475877398102762,-0.7356470823287964,-0.33888062834739685,0.0048346687108278275
7.62,1.0501855269055063,1.17234428811147,1.1207868862817258,1.0870517189974853,-59.644195556640625,-6.580374240875244,-197.26551818847656,0.7554417848587036,-1.5287138223648071,22.875898361206055,-0.465033587698759,0.7193981903286124,0.5159554303076364,-0.5914429785328139,-0.6861229680418908,0.42359234633031323,0.6587404386070845,-0.10817354795560724,0.744553233870112,-0.7002348899841309,-0.35385802388191223,0.004520488902926445
7.63,1.0501855269055063,1.17234428811147,1.1207868862817258,1.0870517189974853,-59.63676834106445,-6.595717906951904,-197.03695678710938,0.7295891046524048,-1.53993558883667,22.83626937866211,-0.463138576605441,0.7158374136417015,0.5225700489796995,-0.5899592318416657,-0.689009081137939,0.4209686340741372,0.6614006075176208,-0.11332821069889243,0.7414215757820308,-0.6875078082084656,-0.36081454157829285,0.004621782805770636
7.64,1.1413480127968847,1.2497765227412279,1.2594259260411855,1.0033211070014798,-59.62959671020508,-6.611172676086426,-196.80880737304688,0.7037515640258789,-1.5509458780288696,22.798233032226562,-0.4612079131949767,0.712219794855882,0.5291788210253506,-0.5884793482206362,-0.691885270115496,0.41831427146945666,0.6640627361357886,-0.11848095548505791,0.7382296022669355,-0.6979939937591553,-0.35997167229652405,0.005064909812062979
7.65,1.1408158684413208,1.010892582207201,1.0625485905537322,1.1545870108899043,-59.6226921081543,-6.62673807144165,-196.5810089111328,0.6772462129592896,-1.5622823238372803,22.76083755493164,-0.4592715841195676,0.7085247117041054,0.5357819938416342,-0.587031132895367,-0.6947662062976676,0.41556511836092364,0.6666813789449084,-0.12366346061533612,0.7350124403550965,-0.6934155821800232,-0.3501271903514862,0.00596171710640192
7.66,1.1408158684413208,1.010892582207201,1.0625485905537322,1.1545870108899043,-59.61605453491211,-6.642416954040527,-196.35357666015625,0.6508032083511353,-1.5733686685562134,22.725080490112305,-0.45736181849147556,0.7048549173537078,0.5422174033249659,-0.5856405343478712,-0.6975717021457883,0.41281822258006956,0.6692124711292452,-0.12873719683030888,0.7318342726583416,-0.680789053440094,-0.34628546237945557,0.006106690503656864
7.67,0.9812209254198831,1.1298798632908105,1.0040978475863693,1.2601313508754977,-59.609676361083984,-6.658203601837158,-196.12649536132812,0.6248248815536499,-1.583905816078186,22.69146728515625,-0.45541392570679984,0.7011878124514759,0.5485743413082999,-0.5842409560484392,-0.700324652415318,0.41013154779286326,0.671759377714913,-0.13371997939304997,0.7286002371418742,-0.6737658381462097,-0.3539509177207947,0.005245056003332138
7.68,1.085220039366962,0.9839968638443328,1.0807579268239138,0.9566230069594184,-59.60356140136719,-6.6740946769714355,-195.8997344970703,0.5987868309020996,-1.594306468963623,22.65928077697754,-0.4533905936005574,0.6974457643778165,0.5549832208148078,-0.5828006288073353,-0.7030851072366691,0.40744908767081117,0.674374077716744,-0.13871098634731555,0.7252440041601489,-0.7018049955368042,-0.36932435631752014,0.004462172742933035
7.69,1.085220039366962,0.9839968638443328,1.0807579268239138,0.9566230069594184,-59.59769821166992,-6.690087795257568,-195.6732940673828,0.5733095407485962,-1.604115605354309,22.62934112548828,-0.4512647946535491,0.6934750407604408,0.5616515405022899,-0.5813058373301833,-0.7059620348965119,0.4045999614071051,0.677084639164222,-0.14390960053825988,0.721696901947607,-0.712995707988739,-0.37769633531570435,0.0041091167367994785
7.7,1.127684140779942,1.0515685711918334,1.2586608348499908,1.066581995888455,-59.59209060668945,-6.706176280975342,-195.4471435546875,0.548348605632782,-1.6133731603622437,22.601587295532227,-0.4491093079590299,0.6895434022060993,0.568181947952061,-0.5798160595545028,-0.7087577961440547,0.40184042042546186,0.679789795883441,-0.14897074504432076,0.7181180616957697,-0.6832913160324097,-0.37490594387054443,0.0040198122151196
7.71,1.1448555888609926,0.9677749745960466,1.0093482886754526,1.1667575710467644,-59.58673858642578,-6.722357749938965,-195.2212677001953,0.5222941040992737,-1.6232380867004395,22.573944091796875,-0.4469277331702808,0.6857646211584136,0.5744410202020147,-0.5783351698776222,-0.7113964440988534,0.3993038074024947,0.6824837233267149,-0.1537594995145475,0.7145445988202134,-0.6445817947387695,-0.3829606771469116,0.004154747352004051
7.72,1.1448555888609926,0.9677749745960466,1.0093482886754526,1.1667575710467644,-59.58164978027344,-6.738640785217285,-194.99566650390625,0.4957195818424225,-1.6333156824111938,22.54715347290039,-0.44464569829803324,0.682145240123923,0.5804895127057245,-0.576809194492039,-0.7138813053839929,0.39707006305271997,0.6852600645991996,-0.1582761927755445,0.7108918980168358,-0.6212681531906128,-0.3965684473514557,0.003588633146136999
7.73,1.224407129039311,1.1176020593624374,1.2059886257647103,0.9683046607354429,-59.57682418823242,-6.755023002624512,-194.77032470703125,0.46942970156669617,-1.643061637878418,22.522218704223633,-0.44228248839806616,0.6785532498517736,0.5864739444954149,-0.5752398601823604,-0.7163111529745297,0.3949651065368667,0.6881026839896739,-0.16267703968260713,0.7071427557758831,-0.6153063178062439,-0.40639370679855347,0.002230887534096837
7.74,1.224407129039311,1.1176020593624374,1.2059886257647103,0.9683046607354429,-59.572265625,-6.771503448486328,-194.5452117919922,0.44245409965515137,-1.6531412601470947,22.497968673706055,-0.4398792962085295,0.6749950987801616,0.5923578490995529,-0.5736547893498587,-0.7186843182388668,0.39295423826891696,0.6909604818099644,-0.16695648337304947,0.7033485233059401,-0.5865974426269531,-0.3995651602745056,0.001670316094532609
7.75,1.1989756265005613,1.1275620921493887,1.1287865770414112,1.1586934925342929,-59.56797790527344,-6.788086891174316,-194.3203582763672,0.414787232875824,-1.663559079170227,22.474388122558594,-0.4375523222308454,0.6716624644213492,0.5978440425377127,-0.5721424710638859,-0.7208747896173645,0.3911425961194087,0.6936864984380948,-0.17090661655290085,0.69970706034964,-0.5348439812660217,-0.3776899576187134,0.0019502994837239385
7.76,0.9623413958856245,1.1235476876874038,1.0890939329589548,1.0264542986393397,-59.56397247314453,-6.804775238037109,-194.09571838378906,0.3866633474826813,-1.6741677522659302,22.451704025268555,-0.4353250534871556,0.6685772079732717,0.6029068043944018,-0.5707174087249081,-0.7228749628051678,0.38952975178765614,0.6962569476742987,-0.17451734907478822,0.696254233514725,-0.5033612847328186,-0.36270225048065186,0.0019083026563748717
7.77,0.9623413958856245,1.1235476876874038,1.0890939329589548,1.0264542986393397,-59.56024169921875,-6.821568489074707,-193.87132263183594,0.35934534668922424,-1.6841639280319214,22.431303024291992,-0.43312921577117774,0.6655502395432399,0.6078173747840553,-0.5693293271258023,-0.7248132164848249,0.3879560780338459,0.6987583271202754,-0.17801314516871636,0.6928550500842263,-0.5040950179100037,-0.3605514168739319,0.0021003985311836004
7.78,1.195819098539584,1.1187913604138966,1.0834963816361103,0.9714077293378907,-59.55678176879883,-6.8384575843811035,-193.6470947265625,0.3329889178276062,-1.693459391593933,22.41330909729004,-0.4309029457213729,0.6624443104614296,0.6127725409203032,-0.5679451604178926,-0.7267762201304127,0.38630897039914097,0.7012566906108902,-0.1815595257490808,0.6894020543073767,-0.5178707838058472,-0.36397266387939453,0.0028224692214280367
7.79,1.08373251734418,1.1033994622622312,1.07593681613907,1.242081073807087,-59.553585052490234,-6.855437755584717,-193.4230499267578,0.306209921836853,-1.7029346227645874,22.39613914489746,-0.42867225137578796,0.6592696053613402,0.6177407938181806,-0.5665827294123785,-0.7287559453254262,0.38457610805205206,0.703721615151924,-0.1851441589668627,0.685928224210391,-0.5111585855484009,-0.3479880094528198,0.003249875269830227
7.8,1.08373251734418,1.1033994622622312,1.07593681613907,1.242081073807087,-59.550662994384766,-6.87251615524292,-193.1991729736328,0.2785211205482483,-1.712884545326233,22.379240036010742,-0.42654108330066964,0.6561338069866981,0.6225360484227669,-0.5653002300565749,-0.7306865309093317,0.3827960859853061,0.7060441587851816,-0.18864151419247244,0.6825804164847513,-0.5130330920219421,-0.3406018316745758,0.002999597694724798
7.81,1.027929194271973,1.0718432763500072,1.2670589278627826,1.0806406377619389,-59.54801940917969,-6.889695644378662,-192.9754638671875,0.2503165602684021,-1.7230544090270996,22.363039016723633,-0.42435045748381706,0.6528613441058848,0.6274541852641775,-0.5639922167176654,-0.7326777326053873,0.3809148456362956,0.7084062878851156,-0.19223788782778056,0.6791208476908543,-0.5390500426292419,-0.3559260070323944,0.0023703076876699924
7.82,1.102493191040162,1.0873549507807323,1.2659132701158275,1.2413803803033432,-59.545654296875,-6.906976699829102,-192.7519073486328,0.22212156653404236,-1.7331130504608154,22.348154067993164,-0.4220182418723126,0.6494366308735025,0.6325604050260151,-0.5626113346329715,-0.734736126037892,0.37898721777566247,0.7108931633301229,-0.19594613436989505,0.6754524578058667,-0.5429917573928833,-0.3825680613517761,0.0024134807754307985
7.83,1.102493191040162,1.0873549507807323,1.2659132701158275,1.2413803803033432,-59.543575286865234,-6.924359321594238,-192.52850341796875,0.19322925806045532,-1.7434837818145752,22.333887100219727,-0.4194524873051326,0.6460391750792913,0.6377248585059285,-0.5611130900242223,-0.736750706905237,0.37729364701529583,0.7135907167957041,-0.19957900725653083,0.6715329543406571,-0.5317276120185852,-0.42207130789756775,0.002693125046789646
7.84,1.0073719596170958,1.2319870704358935,1.272022664481085,1.043275182653002,-59.54179382324219,-6.941847324371338,-192.30523681640625,0.16355293989181519,-1.754225730895996,22.320234298706055,-0.41658908546035645,0.6426687512518726,0.6429855441918292,-0.5594590260006141,-0.738724424593558,0.37588804548078014,0.7165606269547248,-0.20313320918371658,0.667291366065062,-0.5246446132659912,-0.4671831429004669,0.002656567143276334
7.85,1.0073719596170958,1.2319870704358935,1.272022664481085,1.043275182653002,-59.540306091308594,-6.959443092346191,-192.0821075439453,0.13408702611923218,-1.7647650241851807,22.30832290649414,-0.41344249444752446,0.6393084325577864,0.648344069029335,-0.5576623153217416,-0.7406684739749224,0.3747305081383876,0.7197763860081847,-0.20662753862969463,0.6627420421437219,-0.5209053754806519,-0.49623188376426697,0.0034318671096116304
7.86,1.191849798616789,1.2666317175566562,1.119236835764645,1.1104841148179896,-59.53911209106445,-6.977142333984375,-191.85906982421875,0.10487934947013855,-1.7750873565673828,22.29824447631836,-0.41013855566861446,0.6359384329293613,0.6537344068330894,-0.5558097681806488,-0.7425920478810099,0.3736743930467562,0.7230918798804454,-0.21009369325907054,0.6580264229525491,-0.5197963118553162,-0.5097486972808838,0.004999551456421614
7.87,1.1338250583424674,0.9957256690993945,1.1443367938712743,1.1576144178708807,-59.538211822509766,-6.994945526123047,-191.63613891601562,0.07518620043992996,-1.7856251001358032,22.289257049560547,-0.40676619598062425,0.6325396437036728,0.6591167278644072,-0.5539543211081244,-0.7445061007119332,0.3726194789974752,0.7264130174584493,-0.21355155149505095,0.6532379833728036,-0.5244828462600708,-0.49987196922302246,0.005955826491117477
7.88,1.1338250583424674,0.9957256690993945,1.1443367938712743,1.1576144178708807,-59.5376091003418,-7.012854099273682,-191.4132843017578,0.0457770861685276,-1.7959383726119995,22.282114028930664,-0.4034537980586523,0.6290942905276189,0.6644286315757323,-0.5521579620184449,-0.7464235436411059,0.3714478139360788,0.7296208726535213,-0.21700752780446592,0.6485068350175719,-0.5194792151451111,-0.4979405999183655,0.005803538486361504
7.89,1.12328936611123,1.0609614404080592,1.2207492794450783,1.0092359692600115,-59.53729248046875,-7.0308637619018555,-191.1905059814453,0.016923006623983383,-1.8058775663375854,22.277040481567383,-0.4000308616463334,0.6257090505296059,0.6696741698884846,-0.5503147176289211,-0.7482880288670325,0.37043047581873123,0.732890865880789,-0.22034792928373534,0.643675204407376,-0.5014487504959106,-0.5192179083824158,0.005135694053024054
7.9,0.956257378603856,1.1566605218724906,1.0923844342085156,1.1581210994265627,-59.53726577758789,-7.048972129821777,-190.9677276611328,-0.011909039691090584,-1.8157562017440796,22.273521423339844,-0.3964474463657878,0.622450207781478,0.6748223181718581,-0.548396475244624,-0.7500655208875268,0.3696796184738826,0.7362681089177489,-0.22351163998440376,0.6387110603255309,-0.47006478905677795,-0.5348886847496033,0.004982639569789171
7.91,0.956257378603856,1.1566605218724906,1.0923844342085156,1.1581210994265627,-59.53752899169922,-7.067177772521973,-190.7449493408203,-0.040641624480485916,-1.8255486488342285,22.271625518798828,-0.39274977209618506,0.6193331274231887,0.6798338722030606,-0.5464359219160458,-0.7517484748042651,0.36916393901520583,0.7396995334310792,-0.22649659579268255,0.6336749106096677,-0.4695466160774231,-0.5491930842399597,0.005339431576430798
7.92,1.0625408982544533,1.1623608112416095,0.9567312304540442,0.9547436898918009,-59.538082122802734,-7.085483074188232,-190.5221710205078,-0.069340281188488,-1.8352993726730347,22.27130126953125,-0.3889031452852208,0.6160312033393264,0.6850254740515592,-0.5444168034100904,-0.7535147199148288,0.36854567021797446,0.7432124109243609,-0.2296108085086117,0.6284219831164566,-0.5063701868057251,-0.568372905254364,0.005733358208090067
7.93,1.151932494916468,0.976024414809027,1.191063318255649,1.2065583933266222,-59.538917541503906,-7.103884220123291,-190.2993927001953,-0.09742454439401627,-1.8446893692016602,22.273109436035156,-0.3849626447924509,0.6124580852599845,0.690433817186032,-0.5423713578836183,-0.75540748280388,0.3676857966680056,0.7467510108877533,-0.2329262302180234,0.6229833858254482,-0.5353349447250366,-0.5567798018455505,0.0060561238788068295
7.94,1.151932494916468,0.976024414809027,1.191063318255649,1.2065583933266222,-59.540035247802734,-7.122378826141357,-190.0766143798828,-0.1262255758047104,-1.8544155359268188,22.275835037231445,-0.3811080183207557,0.6087540727117817,0.6958269593285714,-0.5403943587288156,-0.7573491579414947,0.36660085927256253,0.7501537278622953,-0.23630643648053246,0.6175991035066142,-0.5328771471977234,-0.5567300319671631,0.005749220959842205
7.95,1.0321712015287041,1.115467669659264,1.1809469145457365,1.1219523021159659,-59.541446685791016,-7.140974521636963,-189.8538360595703,-0.15625008940696716,-1.8647372722625732,22.279037475585938,-0.3770751301112803,0.6051275152757462,0.701166910591025,-0.5383378040312451,-0.7592320549138193,0.3657309059160244,0.7536622287221098,-0.23955662597294336,0.612050543623712,-0.5102477073669434,-0.5904135704040527,0.004902421031147242
7.96,1.0321712015287041,1.115467669659264,1.1809469145457365,1.1219523021159659,-59.54315948486328,-7.159673690795898,-189.6310577392578,-0.18633022904396057,-1.8750495910644531,22.28380584716797,-0.3727759722770736,0.6016089623695456,0.7064734466981201,-0.5361557728419487,-0.7610429869319966,0.3651719585207468,0.757347385115401,-0.24265248492085126,0.6062546575661096,-0.4991416037082672,-0.6208065152168274,0.004627840127795935
7.97,1.143875098493182,1.0738375963703894,1.131186900018212,1.0045581829791272,-59.54517364501953,-7.178475379943848,-189.40817260742188,-0.21635429561138153,-1.8853093385696411,22.290271759033203,-0.36825985429615876,0.5980828120931152,0.7118157272725597,-0.5338826215798653,-0.7628412949874238,0.36474992122949185,0.7611530897846911,-0.2457032937115446,0.6002298437852921,-0.5009525418281555,-0.6444244980812073,0.004940971732139587
7.98,1.0066742457224664,1.1305077300925102,0.9797112965244338,1.0615107262076715,-59.5474853515625,-7.1973795890808105,-189.18524169921875,-0.24618268013000488,-1.8954523801803589,22.298580169677734,-0.36358359415220914,0.5945506003754021,0.717158667002366,-0.5315507546815902,-0.7646260971054346,0.36441834040391324,0.7650233756303093,-0.2487097006925128,0.5940393248941075,-0.48742982745170593,-0.6505547761917114,0.005165428854525089
7.99,1.0066742457224664,1.1305077300925102,0.9797112965244338,1.0615107262076715,-59.55009460449219,-7.2163825035095215,-188.96218872070312,-0.27527350187301636,-1.9052114486694336,22.309158325195312,-0.35890358281781526,0.5910878132837313,0.7223596162770951,-0.5292374377602426,-0.766360622581866,0.36414163539604716,0.7688276482499239,-0.25160801486318196,0.5878753729687098,-0.4894186854362488,-0.640209436416626,0.0052232760936021805
8.0,1.1381680910162457,1.1141713428117204,1.0636221146032967,1.1656860102502826,-59.55299377441406,-7.235484600067139,-188.73904418945312,-0.3039238452911377,-1.9147400856018066,22.321706771850586,-0.35427968585464004,0.5874588988168077,0.7275836353242707,-0.5269718926239755,-0.7681639115023231,0.3636273221991938,0.7725195975346145,-0.25459035187216894,0.5817191970002041,-0.5181942582130432,-0.6268071532249451,0.005231886636465788
8.01,0.9766494657702547,1.125481809306305,0.9546826562472136,1.1891174264997681,-59.55617904663086,-7.254681587219238,-188.51576232910156,-0.3336772620677948,-1.924797773361206,22.3349609375,-0.349710636577439,0.5835990087131466,0.7328810733629534,-0.5247532786963953,-0.7700659531256024,0.3628118304770951,0.7761033869027922,-0.2577025899477725,0.5755457479403567,-0.5408083200454712,-0.61807781457901,0.004900642205029726
8.02,0.9766494657702547,1.125481809306305,0.9546826562472136,1.1891174264997681,-59.55966567993164,-7.273981094360352,-188.29234313964844,-0.36373642086982727,-1.934970736503601,22.349559783935547,-0.3451420558006224,0.5795255439420891,0.7382595107659269,-0.5225516918925975,-0.7720560445135061,0.3617584738887851,0.7796259940624759,-0.2609206930252653,0.5693010638786048,-0.5784001350402832,-0.6185309886932373,0.004336519166827202
8.03,1.056760050136209,1.0182108416416484,1.272441488908994,1.1458142036179912,-59.563453674316406,-7.293380260467529,-188.06875610351562,-0.3933454751968384,-1.944871187210083,22.3660945892334,-0.34051597702445235,0.5750409635040353,0.743892975960543,-0.5203409749709366,-0.774226357217493,0.3603037850981114,0.7831309846745802,-0.2643888009770488,0.5628538200639138,-0.6367623805999756,-0.6238223910331726,0.003785825800150633
8.04,1.119960077172923,1.1866095360817073,1.0108705918804095,1.1204300663051419,-59.56753921508789,-7.312880039215088,-187.84500122070312,-0.4239116609096527,-1.9551626443862915,22.383529663085938,-0.3357610266306928,0.5701762396444674,0.7497756922845646,-0.5180911686328784,-0.7765544571995548,0.35853133194760417,0.7866677023880677,-0.26807131653423827,0.5561399961080652,-0.655504584312439,-0.6508222818374634,0.0035580587573349476
8.05,1.119960077172923,1.1866095360817073,1.0108705918804095,1.1204300663051419,-59.57193374633789,-7.332484722137451,-187.62107849121094,-0.45527383685112,-1.965753436088562,22.402053833007812,-0.33076145689723463,0.565255991766629,0.7557000214391577,-0.5157523751158329,-0.7788798600275706,0.3568552244339555,0.7903140807258818,-0.2717201269971667,0.549155557552728,-0.6616124510765076,-0.6612831354141235,0.003379174042493105
8.06,1.1782261819066902,0.9967966058111234,1.0639127131662256,1.2573543079032896,-59.57664489746094,-7.3521952629089355,-187.39697265625,-0.4867710471153259,-1.9763249158859253,22.42218589782715,-0.32579784045198235,0.5601550750548588,0.7616311830847725,-0.5134573105718357,-0.781261240589142,0.3549541719341418,0.7938623037889897,-0.2754217962387876,0.5421489433536117,-0.6868773102760315,-0.6408595442771912,0.0030036489479243755
8.07,1.1782261819066902,0.9967966058111234,1.0639127131662256,1.2573543079032896,-59.5816764831543,-7.372011661529541,-187.17262268066406,-0.5186747312545776,-1.986989140510559,22.44370460510254,-0.3209192937147712,0.5548380728827854,0.767571182237406,-0.5112266628132548,-0.7837124940543033,0.3527634134827559,0.7972816981158132,-0.27919426846355594,0.5351564764689528,-0.7020943760871887,-0.6385700106620789,0.0019524773815646768
8.08,1.1039235601408666,1.200295341158706,1.121742589288305,0.9580810609375189,-59.58702087402344,-7.391934871673584,-186.9480743408203,-0.5509840250015259,-1.997733235359192,22.466602325439453,-0.31592668554137776,0.5494152090957231,0.773520043293735,-0.5089605598165797,-0.7861829536303964,0.3505360351977801,0.8007181014027549,-0.2829475065012741,0.5280068471626844,-0.7058612704277039,-0.6565305590629578,0.000290393247269094
8.09,1.180343444019837,1.063193597294468,1.1613740986808956,1.004747078753132,-59.59269332885742,-7.411965370178223,-186.72328186035156,-0.5831305980682373,-2.008298397064209,22.49129295349121,-0.310816568090751,0.5439412425701226,0.7794363255786573,-0.5066595729996716,-0.7886468264098284,0.3483278057828523,0.8041698440553947,-0.2866428227341078,0.5207175377178541,-0.7018988728523254,-0.6514315605163574,-0.00022346839250531048
8.1,1.180343444019837,1.063193597294468,1.1613740986808956,1.004747078753132,-59.59868240356445,-7.432100296020508,-186.4982452392578,-0.6152091026306152,-2.018730878829956,22.51767921447754,-0.3058012136101254,0.5385297524867847,0.7851568782358702,-0.5044331035528058,-0.7910488345940015,0.3461054540563562,0.8074855180092451,-0.29021965297683516,0.5135559280461541,-0.676005482673645,-0.6329464316368103,-1.9163486285833642e-05
8.11,1.073478131596312,0.9795928709119944,1.2435627327054204,1.0515929630299667,-59.60499572753906,-7.4523396492004395,-186.27293395996094,-0.647526741027832,-2.0291712284088135,22.545494079589844,-0.30086369461624735,0.5333646281963292,0.7905714456333807,-0.5022707634574947,-0.79331105922323,0.344066335885891,0.8106818842417088,-0.2935638545582694,0.5065719552632225,-0.6344212889671326,-0.6207070350646973,-3.9011374610709026e-05
8.12,1.0948550754851376,1.25767484572209,1.1251844508942246,1.2269788147256429,-59.61163330078125,-7.472683429718018,-186.04733276367188,-0.6798148155212402,-2.0395143032073975,22.57485008239746,-0.29592630893544997,0.5285086270094286,0.7956797413887384,-0.5001346697077567,-0.79541217211558,0.3423226381744105,0.8138138189021824,-0.29664474987261097,0.49970887578355283,-0.5897279977798462,-0.6316403746604919,3.746103902813047e-05
8.13,1.0948550754851376,1.25767484572209,1.1251844508942246,1.2269788147256429,-59.61859893798828,-7.493131637573242,-185.82142639160156,-0.7134022116661072,-2.0503482818603516,22.604883193969727,-0.2908066720090171,0.5238706384010262,0.80061915648849,-0.4979448877311357,-0.7973967140423271,0.3408949533462267,0.8169959414204374,-0.29952968910577243,0.4927469909058123,-0.5865408778190613,-0.6464828848838806,0.00014838975039310753
8.14,1.1632705006853128,1.089311566808762,1.052715630265657,0.9619987357492351,-59.62590408325195,-7.5136919021606445,-185.59521484375,-0.7483848929405212,-2.061715841293335,22.63558006286621,-0.2856025639707764,0.5190228573660074,0.8056341905511109,-0.49574297797162853,-0.7994488942920217,0.3392939215592954,0.820164663494557,-0.3024842788425359,0.48562659091937194,-0.622832179069519,-0.648500919342041,0.00019709438493009657
8.15,1.0376198496850437,1.0144558099435719,1.1093721273724109,1.130738402493483,-59.63356018066406,-7.534363746643066,-185.3686981201172,-0.7820857763290405,-2.0724692344665527,22.6685848236084,-0.28040368277940453,0.5139124102760322,0.8107205494176317,-0.49356848214603916,-0.8015876760922611,0.33741273089358054,0.8232641909592586,-0.30553433866144725,0.47841910474280813,-0.6313188076019287,-0.6321555972099304,0.00014316009765025228
8.16,1.0376198496850437,1.0144558099435719,1.1093721273724109,1.130738402493483,-59.64154052734375,-7.555139064788818,-185.14183044433594,-0.8145602345466614,-2.0826311111450195,22.703794479370117,-0.27530825747184295,0.5088262410329945,0.8156599903170747,-0.4914610047984158,-0.8036917505874416,0.33547824191775094,0.8262393382854323,-0.3085051482130023,0.47133123108459996,-0.6222606301307678,-0.6298924088478088,-0.00010364595800638199
8.17,0.9882304938416471,1.1266095749514207,1.163200986858345,1.1948218170114893,-59.64985275268555,-7.576016426086426,-184.91461181640625,-0.8470959067344666,-2.092743396759033,22.740398406982422,-0.270066556267329,0.503742670778243,0.8205530920197113,-0.4893150674964175,-0.8057714970961463,0.3336211312078595,0.8292374930663002,-0.31140908160270164,0.4641008123118078,-0.6207465529441833,-0.653067409992218,-0.00047536843339912593
8.18,1.0559053038066997,1.2177913712857262,1.0854691231474904,0.9816047940124876,-59.658485412597656,-7.596994876861572,-184.68702697753906,-0.8804956674575806,-2.1031370162963867,22.7779598236084,-0.264574091008594,0.49859786427805375,0.8254699995180562,-0.48708935593843505,-0.8078534145515631,0.33183854497158843,0.8323127475285098,-0.3142817690142778,0.4565987954066451,-0.6336137652397156,-0.6836246252059937,-0.0005789846763946116
8.19,1.0559053038066997,1.2177913712857262,1.0854691231474904,0.9816047940124876,-59.667457580566406,-7.618078708648682,-184.4590606689453,-0.9142249822616577,-2.1135950088500977,22.81682586669922,-0.25886015705529164,0.4932724400730082,0.830465964958065,-0.4848018326380018,-0.8099832827501682,0.32999131009178995,0.8354391672408856,-0.31718981939791435,0.44881178272208255,-0.6503145694732666,-0.6868456602096558,-0.00011564123269636184
8.2,1.042765799122587,1.0353353956509141,0.9915519445573482,1.2122940508996014,-59.67676544189453,-7.639266490936279,-184.23068237304688,-0.94776850938797,-2.1239047050476074,22.857284545898438,-0.2532369252505864,0.48781179032809124,0.8354105080177835,-0.4825837003088335,-0.8121388973663767,0.3279380788819128,0.838441430205988,-0.32010946346746455,0.44107357607626996,-0.660681962966919,-0.6614727973937988,0.0006732894107699394
8.21,1.042765799122587,1.0353353956509141,0.9915519445573482,1.2122940508996014,-59.6864128112793,-7.660556316375732,-184.0019073486328,-0.9812246561050415,-2.134097099304199,22.899232864379883,-0.2477474594275339,0.48220440126909575,0.8402976328325071,-0.48045041087905466,-0.814322989848397,0.3256462357997014,0.8413017288900277,-0.32304331536355946,0.4334217546057995,-0.6822028756141663,-0.65533047914505,0.000547388568520546
8.22,0.9940705797695493,1.0511551431853332,0.9683181883572112,1.0821093621988238,-59.69639587402344,-7.681948184967041,-183.772705078125,-1.0146557092666626,-2.1441872119903564,22.942596435546875,-0.24216571284081845,0.4763201738059924,0.8452661471688828,-0.4783027368139892,-0.8165875440927176,0.32312733525480586,0.8441458757113879,-0.32604275004675864,0.4255747474432674,-0.7147925496101379,-0.6701933145523071,-0.0004787128418684006
8.23,1.2360748511602377,1.141405955117321,1.2362758701884125,1.0622853181910246,-59.706703186035156,-7.703439235687256,-183.54306030273438,-1.0475213527679443,-2.153961420059204,22.987668991088867,-0.23643711028769598,0.47012286649273927,0.8503422741928417,-0.4761193205554607,-0.8189431216946205,0.32037876961945616,0.8469993420733044,-0.3291149553419293,0.4174631249555696,-0.7456347346305847,-0.6795519590377808,-0.0013107643462717533
8.24,1.2360748511602377,1.141405955117321,1.2362758701884125,1.0622853181910246,-59.71734619140625,-7.725028991699219,-183.31295776367188,-1.0822124481201172,-2.1643106937408447,23.033279418945312,-0.23065493779011265,0.4637374644044967,0.8554214538931831,-0.47394236612885077,-0.8213366149864915,0.31746621626673605,0.8498099394930759,-0.3321953175320505,0.40923017697691183,-0.7395502924919128,-0.6756119728088379,-0.001592161483131349
8.25,1.2094053072916136,1.1896192575691638,1.1372783579635901,1.0277537020738319,-59.72835159301758,-7.746727466583252,-183.0823974609375,-1.1191736459732056,-2.1753828525543213,23.079240798950195,-0.22490949407521885,0.4575462170203991,0.8602715726822264,-0.47180989413065255,-0.8236239355344294,0.3147046815908543,0.8525321948614327,-0.3351045689111093,0.4011156748615642,-0.7014155387878418,-0.665194034576416,-0.0015744258416816592
8.26,1.2103832189763275,1.1115458439027153,1.1238590974055858,0.9659942934493928,-59.73973846435547,-7.768536567687988,-182.8513641357422,-1.1561821699142456,-2.186354875564575,23.126585006713867,-0.21925812027477626,0.4516441662807663,0.8648372238508952,-0.46974148902391955,-0.8257744321213966,0.31215304058134047,0.8551425671682837,-0.33780783637911166,0.39321375293560207,-0.6696395874023438,-0.6430549025535583,-0.0014781649224460125
8.27,1.2103832189763275,1.1115458439027153,1.1238590974055858,0.9659942934493928,-59.7514762878418,-7.7904534339904785,-182.61985778808594,-1.1923906803131104,-2.196930170059204,23.175621032714844,-0.2138261652543349,0.4459630810932772,0.8691348004506646,-0.4677796238317936,-0.82781725877453,0.30967855851319176,0.8575899921176852,-0.34034617138556705,0.3856214322917941,-0.6374191641807556,-0.6108753085136414,-0.0013976051704958081
8.28,1.0239809248907905,1.0302868404348187,1.1415749560435207,1.1792568669625068,-59.76358413696289,-7.812474727630615,-182.38784790039062,-1.2281525135040283,-2.2072463035583496,23.22608184814453,-0.2086559208977174,0.4405803078202899,0.8731275388139491,-0.4659352709295034,-0.8297288439708023,0.30733429484313424,0.8598645416448895,-0.342693796039343,0.378409741124577,-0.5973313450813293,-0.5774088501930237,-0.0013461548369377851
8.29,1.2235215203493695,1.181499134523413,1.0743366274191923,0.9964204574926866,-59.776039123535156,-7.834598064422607,-182.15533447265625,-1.2638417482376099,-2.2174453735351562,23.2777099609375,-0.20365460419816833,0.435462281810541,0.8768679508963964,-0.46417139041938266,-0.8315254684775869,0.3051398295687851,0.8620149201174101,-0.3448738847658476,0.37147312298669516,-0.579464852809906,-0.5785735845565796,-0.001460060477256775
8.3,1.2235215203493695,1.181499134523413,1.0743366274191923,0.9964204574926866,-59.788856506347656,-7.856823921203613,-181.92230224609375,-1.2999495267868042,-2.22770619392395,23.33025360107422,-0.1985615490000353,0.4303937938665921,0.8805308021073585,-0.4623936242291404,-0.8332855950067498,0.30303011966880006,0.8641559162159033,-0.34698169887671043,0.36446982469565936,-0.5703977942466736,-0.5701048374176025,-0.0016074103768914938
8.31,1.0355617235118688,1.0675092288450934,1.2061104337284834,0.9629308533255885,-59.80203628540039,-7.879152297973633,-181.68873596191406,-1.336574673652649,-2.2380619049072266,23.38365364074707,-0.19372036739877913,0.42543505215666244,0.8840121241540412,-0.4607206777207151,-0.834989175224358,0.30088126292395023,0.8661459902207288,-0.3489958361565425,0.35776113535423154,-0.5525055527687073,-0.527157723903656,-0.0016427423106506467
8.32,1.0355617235118688,1.0675092288450934,1.2061104337284834,0.9629308533255885,-59.81558609008789,-7.901583671569824,-181.45462036132812,-1.3725529909133911,-2.2481117248535156,23.438302993774414,-0.18918551190367056,0.4206444150019599,0.8872807437409003,-0.45917091748948113,-0.8366167770325645,0.29872133656555644,0.8679694180197908,-0.35089976419955493,0.35142345520338075,-0.526298999786377,-0.5073549151420593,-0.0011810158612206578
8.33,1.0165719242784352,1.2416556130403367,1.256677513076494,1.1281475104552534,-59.829490661621094,-7.924114227294922,-181.21995544433594,-1.4078872203826904,-2.2578630447387695,23.49413299560547,-0.1846605038485176,0.4161100695807258,0.8903667268670452,-0.45764791178865016,-0.8381386619536202,0.2967860713950089,0.8697464499231371,-0.3526698077977741,0.34520301202912684,-0.4933438301086426,-0.5128589868545532,-0.0002746796526480466
8.34,0.9859929302758391,0.9736479244479426,1.1357315156302958,1.1170965189474251,-59.84374237060547,-7.946742534637451,-180.9847412109375,-1.4447835683822632,-2.2680649757385254,23.550247192382812,-0.1800334471852629,0.41179011653295267,0.8933178929252273,-0.4561150495936482,-0.8395711205997854,0.295092180494509,0.8715199478088694,-0.3543292725426411,0.3389745524233754,-0.48331892490386963,-0.5261119604110718,0.0008499164250679314
8.35,0.9859929302758391,0.9736479244479426,1.1357315156302958,1.1170965189474251,-59.85837173461914,-7.9694743156433105,-180.7489471435547,-1.4814292192459106,-2.278123378753662,23.60735321044922,-0.17520799167741224,0.4074485582658507,0.8962632604427381,-0.45454021607387174,-0.840994022008096,0.2934659212211256,0.8733243106795354,-0.35597012137779993,0.3325506293218952,-0.4854450523853302,-0.5554068684577942,0.0014427084242925048
8.36,1.0319158983108185,1.1410809932211938,1.0837426466135265,1.0333997895579023,-59.87336349487305,-7.992305278778076,-180.51258850097656,-1.5167245864868164,-2.287682056427002,23.665863037109375,-0.17003572933290362,0.4031095040133359,0.8992166471570406,-0.45286786384783284,-0.8424031009351094,0.29200635854174856,0.8752134303380679,-0.35757480798992786,0.32579396563907986,-0.4814397394657135,-0.5961169004440308,0.0014185640029609203
8.37,0.9861438067753314,1.0675746685183545,1.244612663498887,0.9825337100788624,-59.88871383666992,-8.015228271484375,-180.275634765625,-1.5522665977478027,-2.2972753047943115,23.725202560424805,-0.16454440224705025,0.39877634274029766,0.9021654882336352,-0.45110577256954315,-0.8437989618179048,0.2907006948554842,0.8771708622860179,-0.3591388874874153,0.3187327059633277,-0.4835388660430908,-0.6140412092208862,0.0016006233636289835
8.38,0.9861438067753314,1.0675746685183545,1.244612663498887,0.9825337100788624,-59.90441131591797,-8.038246154785156,-180.0380859375,-1.5881731510162354,-2.3069450855255127,23.785343170166016,-0.1589549157114215,0.3944295879738779,0.90507382842613,-0.44933027290598043,-0.845186587877274,0.2894165467325741,0.8791107101050538,-0.3606728875354065,0.31157571724295197,-0.4734137952327728,-0.6255521178245544,0.002404941013082862
8.39,1.1835307604790102,1.0857428838929593,1.0412506563950126,1.1029031787303318,-59.920475006103516,-8.061367988586426,-179.7999267578125,-1.6242082118988037,-2.3166167736053467,23.84636116027832,-0.15316983876252177,0.390259139659367,0.9078748836738431,-0.4475157125068068,-0.8465037485791927,0.2883766472877096,0.8810611145391609,-0.362117670866399,0.30430593962870023,-0.44690999388694763,-0.648827314376831,0.003581434255465865
8.4,1.142772509436633,1.042940260393986,0.9597476166100745,1.017291321498658,-59.93689727783203,-8.084585189819336,-179.5611572265625,-1.6609290838241577,-2.326478958129883,23.908061981201172,-0.1472065927776342,0.3862976744478281,0.910551660126431,-0.4456643246891488,-0.8477431240260501,0.28760199124122526,0.8830138893257369,-0.3634634814981454,0.2969524690503222,-0.42933472990989685,-0.6529027223587036,0.0038326687645167112
8.41,1.142772509436633,1.042940260393986,0.9597476166100745,1.017291321498658,-59.953697204589844,-8.107897758483887,-179.32176208496094,-1.6972243785858154,-2.336188316345215,23.970792770385742,-0.14132191708287534,0.38242579740116295,0.9131147930211766,-0.4438447638573149,-0.8489487188866737,0.286858673037997,0.8848897905097933,-0.36474180207752555,0.28971274819858017,-0.42138901352882385,-0.6320026516914368,0.00319010391831398
8.42,1.0551601918633118,1.0292262513624864,1.1383770272940372,1.102502222889296,-59.97084426879883,-8.131305694580078,-179.08172607421875,-1.7327107191085815,-2.345623016357422,24.034622192382812,-0.13566307245901316,0.37860870190763546,0.915560474032598,-0.4420989765173519,-0.850133408538777,0.2860448962113302,0.886647633354587,-0.3659626190283045,0.2827142298163528,-0.4144076406955719,-0.6030251383781433,0.0024341109674423933
8.43,1.0551601918633118,1.0292262513624864,1.1383770272940372,1.102502222889296,-59.988346099853516,-8.15480899810791,-178.841064453125,-1.7688684463500977,-2.355243682861328,24.099023818969727,-0.13018586102278445,0.3748485415701109,0.9178998924024981,-0.4404134300528792,-0.8512962758560267,0.28518531053109647,0.8883060577406947,-0.3671283448556119,0.27591507060101844,-0.4060434103012085,-0.5984280109405518,0.0019951537251472473
8.44,1.0985339146872999,1.213099617666483,1.2516248141761683,1.0507804077410325,-60.00621795654297,-8.178407669067383,-178.59974670410156,-1.805756688117981,-2.365065813064575,24.163959503173828,-0.12459734766085519,0.37116377307534226,0.9201700682549702,-0.4387002275989473,-0.8524304649961083,0.2844370099884175,0.8899537129876546,-0.36823872135205316,0.2690402067284612,-0.39629220962524414,-0.6173667311668396,0.0018579016905277967
8.45,1.176601399838368,1.1831958759413472,0.9804180490171558,1.0047529730900406,-60.024471282958984,-8.202110290527344,-178.35777282714844,-1.8440746068954468,-2.3753085136413574,24.229228973388672,-0.11883662533131037,0.3675668847325084,0.9223732659438393,-0.4369429675653276,-0.8535317593320225,0.2838386494239063,0.8916045645772965,-0.36929408478829034,0.26203659928587875,-0.3844490945339203,-0.627997636795044,0.0023576964158564806
8.46,1.176601399838368,1.1831958759413472,0.9804180490171558,1.0047529730900406,-60.04310607910156,-8.225915908813477,-178.11514282226562,-1.8824975490570068,-2.3855669498443604,24.29521369934082,-0.11310303845134373,0.3640541007286271,0.9244848914047997,-0.4352078046668453,-0.8545998924281337,0.2832899409066393,0.8931975534282094,-0.3703020869567072,0.2550970304518818,-0.37990573048591614,-0.6028093695640564,0.002770804800093174
8.47,1.1291506927743487,1.0432014194708565,1.212278255772322,1.199380606486755,-60.0621223449707,-8.2498197555542,-177.8718719482422,-1.9200953245162964,-2.395552635192871,24.36212921142578,-0.10774118521845348,0.36052604790286535,0.9265056965778806,-0.4335948717960687,-0.8556675434229074,0.2825394526163694,0.8946436855865434,-0.3712869832301528,0.24851288080093276,-0.38355952501296997,-0.5524861216545105,0.0026660352014005184
8.48,1.0270937833169078,1.0422602540493817,1.154727648352051,1.0258907353671691,-60.081520080566406,-8.273826599121094,-177.62791442871094,-1.9586859941482544,-2.4058101177215576,24.42940902709961,-0.10272304006404749,0.3569804906271422,0.928446501609869,-0.43209318084481285,-0.8567356851670136,0.28160157817174847,0.8959595192347763,-0.37224843192821155,0.24225532980633419,-0.3782844543457031,-0.5415511131286621,0.002387888031080365
8.49,1.0270937833169078,1.0422602540493817,1.154727648352051,1.0258907353671691,-60.10129928588867,-8.29793643951416,-177.38328552246094,-1.9968533515930176,-2.415903329849243,24.49739646911621,-0.09758681185687479,0.353535730925031,0.9303167746047122,-0.43056177463639844,-0.8577685440157776,0.280801857399498,0.8972699551269764,-0.37315628342070944,0.23592586922607073,-0.3626621663570404,-0.5610277056694031,0.0024241372011601925
8.5,1.0009443576312116,1.2658798490738157,1.1173185930767524,1.1550218032759099,-60.1214599609375,-8.322145462036133,-177.13796997070312,-2.0338802337646484,-2.425623655319214,24.566247940063477,-0.09227511490534658,0.35024421638550146,0.9321020824232246,-0.4289871434553216,-0.8587494737403415,0.2802130833860732,0.8985851845647407,-0.37400311528006425,0.22949147226325972,-0.34469252824783325,-0.5776581168174744,0.002839952940121293
8.51,1.0546364828606094,0.9984069786553293,0.9870330236728583,1.1747397680760838,-60.14200210571289,-8.346449851989746,-176.8919677734375,-2.072070360183716,-2.435673952102661,24.635377883911133,-0.08682253265470029,0.3470152960295979,0.9338320149496451,-0.427380870915845,-0.85970595209483,0.27973427946523727,0.8998930153071738,-0.37481470122476807,0.2229495475374429,-0.35869932174682617,-0.5864933729171753,0.0034705789294093847
8.52,1.0546364828606094,0.9984069786553293,0.9870330236728583,1.1747397680760838,-60.162925720214844,-8.370859146118164,-176.645263671875,-2.110065460205078,-2.445645570755005,24.705108642578125,-0.08129507369337682,0.34350871773233477,0.9356243219557066,-0.425762767763831,-0.8607398622361797,0.27902142416618225,0.901175441620149,-0.37567093366339854,0.21622713294404064,-0.3893848657608032,-0.595626175403595,0.0033301981166005135
8.53,1.2718707244142369,1.0152920710796511,1.1083463101561468,1.1597341721018568,-60.18421173095703,-8.395363807678223,-176.39785766601562,-2.1469767093658447,-2.455261468887329,24.7756404876709,-0.07563879339171092,0.33975676497767315,0.9374668599935425,-0.4241077312085807,-0.8618444440117722,0.2781308804414739,0.9024474529097837,-0.37654945887352614,0.20928234459384837,-0.41189438104629517,-0.6104945540428162,0.0023474041372537613
8.54,1.2718707244142369,1.0152920710796511,1.1083463101561468,1.1597341721018568,-60.20586013793945,-8.419963836669922,-176.14974975585938,-2.185292959213257,-2.465254306793213,24.84639549255371,-0.0698588245474575,0.3358745366140856,0.9393125360001966,-0.422414408137722,-0.8629860786005348,0.27716618830465156,0.9037067070850506,-0.37741664483160353,0.2021654366442237,-0.40713822841644287,-0.6172302961349487,0.0011169565841555595
8.55,0.9846490488564282,1.109448384717295,1.0927281699351437,0.9703375531055461,-60.22791290283203,-8.444668769836426,-175.90093994140625,-2.225048542022705,-2.4756293296813965,24.9173641204834,-0.0640591301478838,0.3321783069884799,0.9410387878355302,-0.42071150956895725,-0.8640723294113025,0.27637082925289874,0.9049299716336652,-0.3782017740730375,0.1951029587861276,-0.37796762585639954,-0.615774929523468,-0.00023920992680359632
8.56,1.2649219733655206,1.0537824694496127,1.229901315162695,1.2118509156788573,-60.250362396240234,-8.469477653503418,-175.65139770507812,-2.263308525085449,-2.485529899597168,24.98914337158203,-0.05827593310643961,0.32871975143962595,0.9426278378204432,-0.4190110676303246,-0.865088307967205,0.27577517042281635,0.906109066737481,-0.37890044131923145,0.18815104236815253,-0.3615252375602722,-0.6123453378677368,-0.0005217009456828237
8.57,1.2649219733655206,1.0537824694496127,1.229901315162695,1.2118509156788573,-60.273193359375,-8.494382858276367,-175.40115356445312,-2.302682399749756,-2.4957275390625,25.0611572265625,-0.052487133307374506,0.32537836461729297,0.9441260618562278,-0.4173157663864393,-0.8660661305542686,0.27527624058762373,0.9072445381276609,-0.379550230332867,0.18124285004323584,-0.3416164219379425,-0.6187515258789062,-0.0006551956757903099
8.58,1.161743268681419,0.9544120535197202,1.2357843315925487,1.256301830124351,-60.29642868041992,-8.519394874572754,-175.15017700195312,-2.344359874725342,-2.506573438644409,25.133167266845703,-0.046569829930915255,0.3223099743488846,0.9454879858440438,-0.4155825951408683,-0.8669638810022743,0.2750722371549976,0.9083624593498932,-0.3801182835285557,0.1743207760742183,-0.3070295453071594,-0.6350234746932983,-0.00143998337443918
8.59,0.9851280702671197,0.9533565914535079,1.0554304292320513,1.2339257606995357,-60.3200798034668,-8.544514656066895,-174.8984832763672,-2.385723114013672,-2.5173184871673584,25.205657958984375,-0.040428817696259195,0.31956663319553974,0.9467009441464341,-0.4137784830049445,-0.8677693120202481,0.27525222636344243,0.9094794542494126,-0.3805963584481232,0.16731268402072283,-0.2736935019493103,-0.6703282594680786,-0.0023762111086398363
8.6,0.9851280702671197,0.9533565914535079,1.0554304292320513,1.2339257606995357,-60.34413146972656,-8.56973934173584,-174.64605712890625,-2.424856185913086,-2.5274229049682617,25.278940200805664,-0.03385226764223821,0.3170359204421623,0.9478091839209352,-0.41183783761277376,-0.8685170213431698,0.2758038780503682,0.9106281455599275,-0.38100709807899746,0.15996865857882397,-0.26902514696121216,-0.7204728126525879,-0.0033516359981149435
8.61,0.96450644706572,1.2312104472506256,1.136989049877205,1.1260808058247065,-60.36856460571289,-8.595064163208008,-174.39291381835938,-2.4623734951019287,-2.537076950073242,25.352872848510742,-0.02679118620654214,0.31439565071730197,0.9489139092413444,-0.4097449978060668,-0.8693012134946794,0.2764497006501976,0.9118065963320031,-0.38140631225337873,0.15211165589370684,-0.288796067237854,-0.7712920904159546,-0.0043167960830032825
8.62,1.1585348974653749,0.9790403617903038,1.2575747367167724,1.159928384535529,-60.39337921142578,-8.620484352111816,-174.13900756835938,-2.5007152557373047,-2.5469911098480225,25.427038192749023,-0.019303126853109268,0.31151638811501364,0.9500446985428996,-0.407519270822335,-0.8701584928036575,0.2770419486469503,0.9129925701790378,-0.3818137469204629,0.14374571110273732,-0.3204256296157837,-0.8023896217346191,-0.004344095475971699
8.63,1.1585348974653749,0.9790403617903038,1.2575747367167724,1.159928384535529,-60.418575286865234,-8.646005630493164,-173.88433837890625,-2.5404341220855713,-2.557318687438965,25.501352310180664,-0.011576037241417717,0.3084137759320396,0.9511818638815225,-0.4052253475546394,-0.8710802250457053,0.2775097461955987,0.9141435407314363,-0.382230538222243,0.1350607366680911,-0.3190147876739502,-0.8299504518508911,-0.004202643409371376
8.64,1.2555924681776882,1.2319384810413354,1.2307589781723896,0.9753936148704325,-60.44418716430664,-8.671630859375,-173.62896728515625,-2.5807008743286133,-2.567817449569702,25.575925827026367,-0.003509330155818266,0.3055523302898713,0.9521688180445143,-0.4028277177349133,-0.8719333753498476,0.27831999348861597,0.9152690939971364,-0.38258327512510476,0.1261448499472328,-0.2803391218185425,-0.8687569499015808,-0.0045850942842662334
8.65,1.2555924681776882,1.2319384810413354,1.2307589781723896,0.9753936148704325,-60.47019577026367,-8.697361946105957,-173.3728485107422,-2.6216671466827393,-2.578549385070801,25.65071678161621,0.004818728475034534,0.303089865640909,0.9529497957403945,-0.40034475536477465,-0.8726729399754273,0.2795818604390543,0.9163519284138615,-0.382855681922601,0.11713526416830047,-0.23634827136993408,-0.8699223399162292,-0.00441477308049798
8.66,1.006522221221998,1.0787846509808006,1.063153050831537,1.068909611324187,-60.496620178222656,-8.7232027053833,-173.115966796875,-2.663212299346924,-2.5894970893859863,25.72569465637207,0.01294087165618496,0.30105057217930803,0.9535203651895898,-0.39791709206718967,-0.8732889551245769,0.2811198831427898,0.9173301050775393,-0.383059987270839,0.10849204795972289,-0.19151489436626434,-0.8348752856254578,-0.0036632721312344074
8.67,1.0391699260416787,1.173818051630159,1.1379406745448934,1.0994002067001234,-60.52345657348633,-8.749150276184082,-172.8583221435547,-2.7026963233947754,-2.599893569946289,25.80109977722168,0.020776971974172054,0.2993502568563157,0.9539170515069132,-0.3955682148919764,-0.8738050583570012,0.28282593119601546,0.9182015600088905,-0.38321553166563577,0.10025842352373426,-0.17427301406860352,-0.8177337050437927,-0.003136815270408988
8.68,1.0391699260416787,1.173818051630159,1.1379406745448934,1.0994002067001234,-60.55067443847656,-8.775199890136719,-172.59991455078125,-2.7412288188934326,-2.6100661754608154,25.876737594604492,0.028576971742678203,0.2976495879787203,0.9542473890255693,-0.39322090915563224,-0.8743224833885122,0.28449518738313107,0.9189998222463572,-0.3833600368027983,0.09205655269301,-0.18415674567222595,-0.8196406364440918,-0.002689957618713379
8.69,1.2706149663250628,1.0744774749903012,1.0877008571522322,1.2492314889897678,-60.57827377319336,-8.801352500915527,-172.3407440185547,-2.78041934967041,-2.6204864978790283,25.952392578125,0.036407847156581796,0.2958236840417712,0.9545484883573894,-0.39085717977888945,-0.8748778744041129,0.2860408535392003,0.9197310115901909,-0.3835062617977647,0.08377239092438787,-0.19890807569026947,-0.822953999042511,-0.0020957051310688257
8.7,1.1813455398093267,1.1532288248998925,1.2478817076183197,1.1899930367661233,-60.60628128051758,-8.827610969543457,-172.080810546875,-2.820699453353882,-2.6312785148620605,26.028003692626953,0.04426756255272727,0.2938846545641708,0.9548152662779008,-0.38847570199180814,-0.8754689129025733,0.2874731491864217,0.9203950303362207,-0.3836482664536421,0.07541217262155345,-0.20417644083499908,-0.8241845369338989,-0.002521382411941886
8.71,1.1813455398093267,1.1532288248998925,1.2478817076183197,1.1899930367661233,-60.63469314575195,-8.85398006439209,-171.82015991210938,-2.86230731010437,-2.6425108909606934,26.103519439697266,0.0521506634618032,0.2919661134117909,0.955005809887933,-0.38606820717304424,-0.8760597525544914,0.2889128750408239,0.9209949227388201,-0.38376437897931154,0.06703173663227202,-0.196125790476799,-0.8311165571212769,-0.0031499320175498724
8.72,1.192615262166269,0.9690967785257192,1.0324045470017427,1.0333443730534733,-60.66352844238281,-8.880461692810059,-171.55877685546875,-2.904364824295044,-2.6539220809936523,26.178977966308594,0.060143583565706066,0.29015580466938806,0.9550876181652312,-0.383612940401006,-0.8766216952240369,0.29047463816903146,0.9215334292974775,-0.3838541552193951,0.05858435122142616,-0.18307648599147797,-0.8449937701225281,-0.0032056202180683613
8.73,1.2151127328713085,1.236779607670856,1.0337765034553523,1.2316328841537705,-60.69276809692383,-8.907054901123047,-171.296630859375,-2.9439854621887207,-2.6646385192871094,26.254514694213867,0.06822974041705422,0.28850883820317125,0.9550431156766055,-0.3811138238646851,-0.877137618132935,0.29220173188281984,0.9220070258853017,-0.38391698208693237,0.0501078345511249,-0.15873649716377258,-0.8459113836288452,-0.0036715927999466658
8.74,1.2151127328713085,1.236779607670856,1.0337765034553523,1.2316328841537705,-60.72239303588867,-8.933754920959473,-171.03372192382812,-2.9834604263305664,-2.6753623485565186,26.329931259155273,0.07622203710247771,0.28704710816505047,0.9548791330603208,-0.3786209810421222,-0.877602794072984,0.29403994380014453,0.9224079107285719,-0.38394959764189496,0.041789384967686534,-0.15878161787986755,-0.8277008533477783,-0.004483588971197605
8.75,1.1984781287045234,1.2013047457814803,1.1931417565661138,1.0780275975195583,-60.75243377685547,-8.960564613342285,-170.77005004882812,-3.024564027786255,-2.6866371631622314,26.40510368347168,0.08398929561661227,0.28539673249284364,0.9547222126379136,-0.37617534957499615,-0.8781320747650454,0.2955945967722791,0.922733929469354,-0.38396974405706125,0.03360552119518666,-0.18933263421058655,-0.801832377910614,-0.005276587791740894
8.76,1.1984781287045234,1.2013047457814803,1.1931417565661138,1.0780275975195583,-60.78288650512695,-8.987486839294434,-170.505615234375,-3.0656018257141113,-2.6979258060455322,26.480066299438477,0.09151310522694928,0.28351163434396126,0.9545923238552348,-0.37378788548316627,-0.8787390315710242,0.29681699927672944,0.9229886067756984,-0.3839776915202687,0.025557076848119302,-0.19836366176605225,-0.7789514064788818,-0.005500460974872112
8.77,1.210315951830259,1.240772857673704,1.2383004417680081,1.2265996185182124,-60.81374740600586,-9.014522552490234,-170.24041748046875,-3.106377124786377,-2.7091548442840576,26.554786682128906,0.09884039282619483,0.28168607353177794,0.9544021860432912,-0.37145315963147824,-0.8793293345911388,0.29799743543744855,0.9231755666966901,-0.38396989114480656,0.017719925182979164,-0.18403871357440948,-0.7596866488456726,-0.00518654054030776
8.78,1.0724922796447967,1.113607995930417,1.1717540902149688,1.2303216710087148,-60.84501647949219,-9.041671752929688,-169.97450256347656,-3.1481127738952637,-2.7207045555114746,26.62920379638672,0.106018114086316,0.27998553887919,0.9541322012719778,-0.36915845530246527,-0.8798817026787196,0.29921601589803737,0.9232996232882792,-0.3839482872858354,0.010075630302615594,-0.17664292454719543,-0.750876784324646,-0.004939496051520109
8.79,1.0724922796447967,1.113607995930417,1.1717540902149688,1.2303216710087148,-60.87670135498047,-9.068936347961426,-169.70785522460938,-3.189276933670044,-2.7320969104766846,26.703292846679688,0.11321278610112821,0.278280283292593,0.9538044605650647,-0.36684970160143804,-0.8804374224256939,0.30041844421961805,0.9233656705217906,-0.38391409081068395,0.002410265306942591,-0.18454071879386902,-0.7655074596405029,-0.0049361297860741615
8.8,1.0025995064199813,0.9644720827660335,1.055654115965649,1.1398136736258049,-60.9088020324707,-9.096312522888184,-169.44044494628906,-3.2290921211242676,-2.743082284927368,26.777009963989258,0.12063390144355687,0.2764566252454701,0.9534249819363828,-0.3644588883138804,-0.8810331690068122,0.30157963100783924,0.9233727202768752,-0.3838649364915995,-0.005525394174501173,-0.199529230594635,-0.7945551872253418,-0.005065754055976868
8.81,1.1970528978415467,1.071120016145881,1.1615253888665626,1.0721219273754325,-60.9412841796875,-9.123795509338379,-169.17230224609375,-3.26669979095459,-2.753380298614502,26.850282669067383,0.12834359827980532,0.2744986376857824,0.9529839551058779,-0.3619646094304376,-0.8816747923419012,0.3027064288526702,0.9233144330619245,-0.3837968974047543,-0.013798523182638217,-0.2113337218761444,-0.8264647722244263,-0.005426616407930851
8.82,1.1970528978415467,1.071120016145881,1.1615253888665626,1.0721219273754325,-60.97414779663086,-9.15138053894043,-168.9034423828125,-3.3038854598999023,-2.7635509967803955,26.923059463500977,0.1363003401617416,0.27251806698936465,0.9524474370988532,-0.35937689545519524,-0.8823280394961027,0.30388398729111976,0.9231849567041153,-0.3837070938663292,-0.022324915047472617,-0.19911089539527893,-0.841072678565979,-0.005817105062305927
8.83,1.2176720778214587,1.0414628471339227,1.2226210412383751,1.0396608598796993,-61.00739288330078,-9.179068565368652,-168.6338348388672,-3.342064142227173,-2.774047374725342,26.99531364440918,0.14428516168979963,0.2707761899766955,0.9517678535535087,-0.3567649067800578,-0.8829092272880638,0.3052705319217871,0.9229846116844881,-0.38360337760673935,-0.030787258441379445,-0.16751983761787415,-0.8387596607208252,-0.006068700458854437
8.84,0.9907553628588336,1.0470720945474206,1.1916938645525006,1.0201131504018348,-61.041019439697266,-9.20686149597168,-168.363525390625,-3.380312204360962,-2.784585952758789,27.06698226928711,0.15223516128973952,0.26938947947766706,0.9509225857102347,-0.3541473946885197,-0.8833801400954735,0.30695138201388766,0.9227156000103286,-0.3834955494287428,-0.039077935794074765,-0.12207763642072678,-0.836737871170044,-0.006201384123414755
8.85,0.9907553628588336,1.0470720945474206,1.1916938645525006,1.0201131504018348,-61.07501220703125,-9.234760284423828,-168.09251403808594,-3.4172613620758057,-2.794740915298462,27.13797378540039,0.16020931623641788,0.26844266588327886,0.9498797345582951,-0.351504518666894,-0.8837113842265875,0.3090287409693202,0.9223760341356523,-0.3833963021754465,-0.04721998655632021,-0.084836445748806,-0.8487876653671265,-0.005801057443022728
8.86,1.0851098032366115,1.0442831933974372,1.11983129039584,1.0826512609718455,-61.1093635559082,-9.262755393981934,-167.82077026367188,-3.4528980255126953,-2.804518699645996,27.208223342895508,0.16836070242295598,0.26775036159507076,0.9486645443703257,-0.34878833700266704,-0.8839594132884071,0.311387943937669,0.9219551886347637,-0.38330862177170477,-0.05543582438201268,-0.06369432061910629,-0.8722266554832458,-0.0049769883044064045
8.87,1.0851098032366115,1.0442831933974372,1.11983129039584,1.0826512609718455,-61.144065856933594,-9.290847778320312,-167.54833984375,-3.4885268211364746,-2.814352035522461,27.277740478515625,0.1767127455202726,0.2672353949246197,0.947289738818156,-0.3459879654555228,-0.8841482166642751,0.31396537823354076,0.9214471950853373,-0.38323253341654706,-0.06378002822592466,-0.04767906665802002,-0.890194833278656,-0.004539749585092068
8.88,1.2715282782847086,1.212926245945755,1.272631564540652,1.2479802952778685,-61.179134368896484,-9.319043159484863,-167.27520751953125,-3.5242369174957275,-2.8242788314819336,27.346477508544922,0.18518352845704678,0.2668544718576511,0.9457778553327266,-0.34312205981492494,-0.8842934020298803,0.3166898027957059,0.9208552073244528,-0.3831629809571825,-0.07219291632455782,-0.03465276584029198,-0.9018268585205078,-0.004508249461650848
8.89,1.1347069583153417,1.2143795838137457,1.2657582043579076,0.9991422194513371,-61.21455383300781,-9.347338676452637,-167.00140380859375,-3.5627152919769287,-2.835209608078003,27.414602279663086,0.19373656390614707,0.26659641125617917,0.9441358468521178,-0.34019854186924336,-0.8843986707754542,0.3195370764725913,0.9201799258383548,-0.38309965366198934,-0.08064464922227493,-0.021633079275488853,-0.9099979996681213,-0.004587110597640276
8.9,1.1347069583153417,1.2143795838137457,1.2657582043579076,0.9991422194513371,-61.250389099121094,-9.375748634338379,-166.72691345214844,-3.6019554138183594,-2.846484899520874,27.481914520263672,0.20230933096193862,0.2664892023550594,0.9423664041305257,-0.33723797141242023,-0.8844530383061726,0.32251104425835714,0.9194245402660126,-0.3830487280479398,-0.08906282444144151,-0.00023679924197494984,-0.9072401523590088,-0.003978982102125883
8.91,1.2509218787280718,1.2418836487247427,1.260704161601431,1.1403391398169667,-61.2866096496582,-9.404267311096191,-166.45176696777344,-3.6396844387054443,-2.8573415279388428,27.548179626464844,0.21079233823679697,0.26662804779399835,0.9404658815024738,-0.3342851485599701,-0.8844187871907098,0.32566370432756647,0.9185967720348807,-0.38303119062770236,-0.0972989075654104,0.028694037348031998,-0.8963214159011841,-0.002677582437172532
8.92,1.2337857243592545,0.9642086502460291,1.2726573120046698,1.2106971365741048,-61.323211669921875,-9.432896614074707,-166.17596435546875,-3.6781716346740723,-2.868567943572998,27.613588333129883,0.219149304728172,0.2670284797304312,0.938439861285748,-0.3313525502161352,-0.8842879431359405,0.32899896821976765,0.9177031490097561,-0.3830543364031567,-0.1053105201787306,0.05421390011906624,-0.883736252784729,-0.0017270877724513412
8.93,1.2337857243592545,0.9642086502460291,1.2726573120046698,1.2106971365741048,-61.36019515991211,-9.461639404296875,-165.89950561523438,-3.716527223587036,-2.8798670768737793,27.678010940551758,0.227449921045424,0.2676913083478294,0.9362734092408357,-0.32840742134505274,-0.8840607436641692,0.33254348154406643,0.9167415661035138,-0.3831161246240925,-0.11316773405478003,0.09142918884754181,-0.8968715667724609,-0.0017995674861595035
8.94,1.1842337629688247,1.0600719339006925,1.23383740879718,0.9940461773581492,-61.397560119628906,-9.490493774414062,-165.62240600585938,-3.7538394927978516,-2.8909316062927246,27.741308212280273,0.23600038703702303,0.26878708095576126,0.933840094678771,-0.3253274771627332,-0.8836773297991707,0.3365656093571336,0.9156778090143423,-0.3832334561468876,-0.12110436890717419,0.1426648199558258,-0.9344154596328735,-0.0024846151936799288
8.95,0.9988503855004754,1.2720281917442275,1.1805842951370022,0.964625560913346,-61.43527603149414,-9.519457817077637,-165.3446807861328,-3.789785623550415,-2.9016611576080322,27.80336570739746,0.24483038823151482,0.2703789933139079,0.9311032601022099,-0.32209306995282816,-0.8831096004247627,0.3411355858393823,0.9145021242658588,-0.38342226541004865,-0.12912486631574072,0.19836153090000153,-0.9542477130889893,-0.002597895683720708
8.96,0.9988503855004754,1.2720281917442275,1.1805842951370022,0.964625560913346,-61.47334671020508,-9.548526763916016,-165.0663299560547,-3.8242576122283936,-2.9120311737060547,27.864116668701172,0.25367906209314023,0.2723966698492849,0.9281416851486439,-0.3188015049828722,-0.8823725438836293,0.34609867699976615,0.913242866863027,-0.3836909538357042,-0.13699897104886263,0.22395038604736328,-0.947303295135498,-0.0013830153038725257
8.97,1.02805026498839,1.1697858001880461,0.9730199306288146,1.1486035831076,-61.51176071166992,-9.57769775390625,-164.7873992919922,-3.8580057621002197,-2.9223222732543945,27.923625946044922,0.2623800878025178,0.2744597660284846,0.9251100077052093,-0.3155242432186182,-0.8815982314918678,0.3510398982619061,0.9119216750719664,-0.38400051440330213,-0.14471511141528406,0.21952813863754272,-0.9306007027626038,0.0005913300556130707
8.98,1.02805026498839,1.1697858001880461,0.9730199306288146,1.1486035831076,-61.55051040649414,-9.60697078704834,-164.50787353515625,-3.890904664993286,-2.932478189468384,27.98184585571289,0.2709055974286249,0.2763829065118848,0.9220751847164542,-0.3122743992312912,-0.880857129716709,0.3557743900451204,0.9105464605755033,-0.3843217480383904,-0.15232182088637178,0.1907513439655304,-0.9160072803497314,0.0016411473043262959
8.99,0.9708320393943203,1.1663470437225771,1.2379250204590215,1.0689293802963722,-61.589576721191406,-9.636347770690918,-164.22776794433594,-3.923022985458374,-2.942507028579712,28.03875160217285,0.2792884530063254,0.2779176349599955,0.9191081264984964,-0.3090316930166482,-0.8802534450849068,0.3600739995159561,0.909119009111897,-0.3845980506898018,-0.15995926568038182,0.14264558255672455,-0.9044449925422668,0.0017357399920001626
9.0,1.0281418648395446,1.2685648861185712,1.2216936632193596,0.9733106698534981,-61.62896728515625,-9.665822982788086,-163.9470977783203,-3.9552314281463623,-2.952723503112793,28.09444808959961,0.28759477172627645,0.27905836969841097,0.9161963073364656,-0.305774075447008,-0.8797952824299563,0.3639539473594431,0.9076295841697966,-0.3848203312134869,-0.16769570842601722,0.11445125937461853,-0.9104980230331421,0.002457193098962307
9.01,1.0281418648395446,1.2685648861185712,1.2216936632193596,0.9733106698534981,-61.66868209838867,-9.695402145385742,-163.66587829589844,-3.9877283573150635,-2.963195562362671,28.1489200592041,0.29597088963750573,0.2800646522724623,0.9132168543312638,-0.30245595845778733,-0.8793792929040203,0.36771245886562903,0.9060472535583146,-0.3850400625378228,-0.17556344881638897,0.10956823080778122,-0.9136016964912415,0.004119701683521271
9.02,1.1493978400876776,1.1588448928909734,1.227124478091887,1.0662393761112103,-61.70872116088867,-9.72508716583252,-163.38412475585938,-4.020062446594238,-2.9737424850463867,28.202051162719727,0.3042615117273355,0.28104937088988197,0.9101846975223206,-0.2991459352328764,-0.8789586063099244,0.37140742834165724,0.9043984972980906,-0.385283038188962,-0.1833584974001442,0.11005137115716934,-0.9012970328330994,0.0061043743044137955
9.03,1.1504278077547176,0.9957612233313535,1.1113528348081465,1.0933406888692907,-61.749080657958984,-9.754878044128418,-163.10186767578125,-4.0524702072143555,-2.984462022781372,28.253870010375977,0.3124235947885063,0.2820674866915817,0.9070994600212932,-0.29586193534708266,-0.8785110732522442,0.375078670929005,0.9026944181904006,-0.3855596284943283,-0.19101455505591608,0.1224287822842598,-0.8929194808006287,0.007513007149100304
9.04,1.1504278077547176,0.9957612233313535,1.1113528348081465,1.0933406888692907,-61.789764404296875,-9.784775733947754,-162.819091796875,-4.083813667297363,-2.994886875152588,28.30411720275879,0.32053112072866996,0.2832576333553155,0.903894304545818,-0.2925638591795422,-0.8779825259703199,0.378883982760883,0.9009251849884069,-0.3858909136488209,-0.1985497766729604,0.14691756665706635,-0.8950204849243164,0.007759384345263243
9.05,1.0624858011040303,1.1707974218677906,1.0050000617149992,1.0945278738760054,-61.830753326416016,-9.814773559570312,-162.5358123779297,-4.113786697387695,-3.0048933029174805,28.35270118713379,0.32866028240777534,0.28468186888152475,0.9005213225114457,-0.28920770037943905,-0.8773487124726571,0.3829074859072451,0.8990780415563921,-0.38628418328051284,-0.20601748697241476,0.17438942193984985,-0.9026288390159607,0.007382524665445089
9.06,1.033285737428793,1.256559344505772,1.26211980843821,1.1649424795407444,-61.872039794921875,-9.844873428344727,-162.25204467773438,-4.143102645874023,-3.0147857666015625,28.39974594116211,0.33678990707595075,0.286263603807271,0.8970093130102087,-0.2857978006005921,-0.8766399989419881,0.38706837823161916,0.8971578320806418,-0.38672401191323164,-0.21342999542261637,0.17347809672355652,-0.8975550532341003,0.007230864837765694
9.07,1.033285737428793,1.256559344505772,1.26211980843821,1.1649424795407444,-61.91361999511719,-9.875073432922363,-161.9678192138672,-4.1734771728515625,-3.0253076553344727,28.445640563964844,0.34482789550924947,0.28769065836981633,0.893491918019074,-0.2823792761581039,-0.8759876476300157,0.39103399544803874,0.8951847110373855,-0.38714303078626267,-0.22082709715643925,0.15145578980445862,-0.8990471363067627,0.007930493913590908
9.08,1.062317452782813,1.1428054804993764,1.2461611813726883,1.1969822242056243,-61.955509185791016,-9.905381202697754,-161.68313598632812,-4.204845428466797,-3.036436080932617,28.490337371826172,0.3529426085297486,0.2889196630021638,0.889919627502918,-0.2788890538742819,-0.8754090651529489,0.39481624115168745,0.8931138845149167,-0.3875363169804291,-0.2283926275253207,0.13092182576656342,-0.9164219498634338,0.009205644018948078
9.09,1.062317452782813,1.1428054804993764,1.2461611813726883,1.1969822242056243,-61.99771499633789,-9.93580150604248,-161.39801025390625,-4.235622882843018,-3.0474743843078613,28.533390045166016,0.3612163827632215,0.2899794842536118,0.8862474956441134,-0.27529153960183234,-0.8748932229491855,0.3984675854586408,0.8909193527178015,-0.3879094574119013,-0.2361968666246395,0.1179821714758873,-0.9430568218231201,0.010181772522628307
9.1,1.0165205137551054,1.0270051142622225,1.1074860592061095,0.9767170679106214,-62.04022216796875,-9.966330528259277,-161.1124725341797,-4.2656331062316895,-3.0583372116088867,28.57468032836914,0.36973285928827065,0.290956186089278,0.8824069982377192,-0.27154225350554395,-0.87440506609564,0.4020952436269436,0.8885732481476423,-0.3882786089429363,-0.2442893868216292,0.11192157119512558,-0.9765436053276062,0.010820301249623299
9.11,0.9951138232270706,1.129352782395211,1.24667342528168,1.2366353940909525,-62.0830192565918,-9.996966361999512,-160.82652282714844,-4.292913913726807,-3.0681209564208984,28.61358070373535,0.37847286200101066,0.2919122327070318,0.8783766510585077,-0.26764446409033615,-0.8739173457191604,0.4057522811925698,0.8860726457636307,-0.38865887516840925,-0.25262530590237026,0.118602454662323,-0.9971771836280823,0.011435724794864655
9.12,0.9951138232270706,1.129352782395211,1.24667342528168,1.2366353940909525,-62.12607955932617,-10.027698516845703,-160.54019165039062,-4.319617748260498,-3.077807903289795,28.650636672973633,0.38734800322335405,0.2929261368043214,0.8741600555823722,-0.2636345830233256,-0.8733935604177141,0.40948808927120894,0.8834355273776334,-0.3890732154720552,-0.2610817917228966,0.11736663430929184,-1.0273672342300415,0.012077126652002335
9.13,1.0517221587973964,0.9722265090226662,0.9989490287568747,0.9900232941831155,-62.16941452026367,-10.058527946472168,-160.25350952148438,-4.34728479385376,-3.088118314743042,28.68622398376465,0.39655194047070663,0.29382913105562997,0.86971892025643,-0.2594178089171068,-0.8729123148898358,0.41319062299417625,0.8805957976992421,-0.3894721199993158,-0.26993056295587203,0.10003103315830231,-1.0764662027359009,0.012722675688564777
9.14,1.239605686748401,1.1007017520755247,1.2528983036330132,1.0615933236071038,-62.213016510009766,-10.089458465576172,-159.9664764404297,-4.372124195098877,-3.097261428833008,28.719079971313477,0.4060709350557292,0.294608600301695,0.8650503848512189,-0.25499396594315726,-0.8724814425604552,0.41683834962753497,0.877544570398305,-0.3898485667742069,-0.2791659398074038,0.0969870314002037,-1.1006535291671753,0.01294409204274416
9.15,1.239605686748401,1.1007017520755247,1.2528983036330132,1.0615933236071038,-62.256858825683594,-10.120476722717285,-159.67913818359375,-4.3967180252075195,-3.1064655780792236,28.74995231628418,0.41560726418474986,0.2954944641654298,0.8602055705495363,-0.2504969597514912,-0.8719927886809115,0.4205708616199503,0.8743694157003249,-0.39027118537764616,-0.2883860723956682,0.12778089940547943,-1.1002461910247803,0.01302316877990961
9.16,1.0187703677630333,1.222199753979003,1.2501330795667196,1.0346746856568967,-62.30095672607422,-10.151590347290039,-159.39149475097656,-4.42275333404541,-3.1165668964385986,28.779380798339844,0.4250695172132705,0.29674641672930274,0.8551359363834476,-0.24596894171808067,-0.8713158163241468,0.4246269279420147,0.8710999857916222,-0.390832844553403,-0.2973793913036527,0.17812268435955048,-1.0969239473342896,0.013295977376401424
9.17,1.1784662199619258,0.9930041210685224,1.1142375848000736,1.1184409488853149,-62.34531021118164,-10.182807922363281,-159.1035614013672,-4.447883129119873,-3.1264488697052,28.806598663330078,0.4344605936674795,0.29836040603563824,0.8498382555877034,-0.24140710030657245,-0.8704447340417437,0.42900883079555674,0.8677364833125746,-0.39154442032705206,-0.3061476154391523,0.20644333958625793,-1.098078727722168,0.014334266074001789
9.18,1.1784662199619258,0.9930041210685224,1.1142375848000736,1.1184409488853149,-62.38990783691406,-10.21412181854248,-158.8153839111328,-4.471404552459717,-3.135767698287964,28.83135223388672,0.44383376739151414,0.3001104183493582,0.8443608966083331,-0.2367864195969021,-0.8694853803583106,0.4335058994265745,0.8642590921810049,-0.39233775008446076,-0.31484490061159964,0.2253250777721405,-1.1049177646636963,0.014863305725157261
9.19,1.1832277342250532,1.1375424039037092,1.1704005685157555,1.1023248141646738,-62.43473434448242,-10.245523452758789,-158.52694702148438,-4.493729114532471,-3.1447291374206543,28.85376739501953,0.4532121753779523,0.302056233447814,0.8386660574534445,-0.2320794610532468,-0.868409094483227,0.4381834871102018,0.8606612852025001,-0.39322725802535813,-0.32347252696239853,0.2532879114151001,-1.1135058403015137,0.014395900070667267
9.2,1.1832277342250532,1.1375424039037092,1.1704005685157555,1.1023248141646738,-62.47978210449219,-10.277018547058105,-158.23831176757812,-4.516025543212891,-3.153951644897461,28.874282836914062,0.46257712549007846,0.30421460023808816,0.8327519918771235,-0.2272884530112555,-0.8672039265952117,0.44305452127881195,0.8569494513103365,-0.3942217988643285,-0.3320042337065693,0.27727171778678894,-1.1146868467330933,0.014219059608876705
9.21,1.2289297005247182,1.2092630100893726,0.9698797716701442,1.1065622979830108,-62.52505111694336,-10.308609008789062,-157.94949340820312,-4.538279056549072,-3.163449764251709,28.89290428161621,0.47184733535159,0.3065290180485261,0.8266801396040735,-0.222458154924894,-0.8658929206086148,0.44804220710474935,0.8531544182790218,-0.3953092601167972,-0.3403793875029661,0.2965568006038666,-1.1087937355041504,0.01442007627338171
9.22,1.1509101114451366,1.1623740484302962,1.2306585726918458,1.118452092358618,-62.57054138183594,-10.340291976928711,-157.6604766845703,-4.559591293334961,-3.172755241394043,28.90928840637207,0.48093582748488706,0.3089297035571847,0.8205261532099369,-0.21763563702340366,-0.8645102105737169,0.45305278424396095,0.8493146998250084,-0.39646504773290886,-0.3485398206622853,0.2972504794597626,-1.079970121383667,0.014328718185424805
9.23,1.1509101114451366,1.1623740484302962,1.2306585726918458,1.118452092358618,-62.616241455078125,-10.372063636779785,-157.37132263183594,-4.580478191375732,-3.1821517944335938,28.92369842529297,0.48968827446663477,0.31127414116023155,0.8144407915219188,-0.21290741268973,-0.8631344625869043,0.45789664021106397,0.845503298320979,-0.397627097340933,-0.3563942535852246,0.29811298847198486,-1.0584442615509033,0.01445919368416071
9.24,1.0651193982106826,1.195222979216507,1.05643945232342,1.1011806747216493,-62.66215133666992,-10.4039306640625,-157.08201599121094,-4.601131916046143,-3.1917450428009033,28.93625259399414,0.49832370880577004,0.31367484939164525,0.8082583560354887,-0.20816148206467885,-0.8616999610831412,0.46275476707857865,0.8416307258095431,-0.39884992908165573,-0.36411049894895886,0.31237882375717163,-1.0599113702774048,0.015057570300996304
9.25,1.0801107585320326,1.1600969969935286,1.1163984840521635,0.976554014486124,-62.708251953125,-10.435893058776855,-156.79258728027344,-4.62020206451416,-3.2007718086242676,28.94635772705078,0.506897873435352,0.31611904577164207,0.8019496834634603,-0.20336747813398204,-0.8602114849672489,0.467630056741293,0.8376730953923148,-0.40013116603292354,-0.3717510393058651,0.30709466338157654,-1.0548781156539917,0.01565088890492916
9.26,1.0801107585320326,1.1600969969935286,1.1163984840521635,0.976554014486124,-62.754539489746094,-10.46794319152832,-156.50311279296875,-4.637393951416016,-3.2090420722961426,28.95388412475586,0.5153139939129276,0.31844372373102764,0.7956413026570605,-0.1985831282455544,-0.8587634984633781,0.47232403589394995,0.8336763333894736,-0.4013961242005914,-0.3792952973911312,0.3004123568534851,-1.0381569862365723,0.01643780805170536
9.27,1.1155772809290356,1.1011400674989955,1.093397215421186,1.1595246568105666,-62.800994873046875,-10.500073432922363,-156.2135009765625,-4.653475761413574,-3.2169833183288574,28.95920753479004,0.5235137310021225,0.32076357302584113,0.7893314282808799,-0.1938501072608334,-0.8572880648972885,0.47694791088716015,0.8296719287569041,-0.40270076235880037,-0.38662202036154175,0.3079601526260376,-1.0173462629318237,0.017458250746130943
9.28,1.217323614916579,0.9674077176642807,1.007711906152977,1.1176970362964713,-62.84760665893555,-10.532282829284668,-155.92388916015625,-4.669316291809082,-3.225111961364746,28.962785720825195,0.5315189034039343,0.3231052165222831,0.7830010692076788,-0.18915752640000005,-0.8557693164478175,0.48153744115350877,0.8256555489612558,-0.4040567980897292,-0.3937397851207869,0.3088231384754181,-1.0088077783584595,0.017924975603818893
9.29,1.217323614916579,0.9674077176642807,1.007711906152977,1.1176970362964713,-62.89437484741211,-10.564574241638184,-155.63427734375,-4.684340953826904,-3.2330775260925293,28.9643611907959,0.5394362140049799,0.3254321656752367,0.7765967271138213,-0.18443271389667804,-0.8542335870350545,0.4860756657413847,0.8215796644663741,-0.4054366588323626,-0.40078419456132586,0.3167945146560669,-1.0054343938827515,0.017304735258221626
9.3,0.9961395110593829,1.1679324727266076,1.1238262161513017,1.2141497675672572,-62.941287994384766,-10.596943855285645,-155.34466552734375,-4.698203086853027,-3.2406632900238037,28.96378517150879,0.547236352478982,0.32786896853281944,0.7700872119433777,-0.17968414416861175,-0.8526067817120194,0.49068858160045536,0.8174631385327984,-0.4068950912113566,-0.40766457031266384,0.3375140428543091,-0.9974947571754456,0.01610967330634594
9.31,0.9961395110593829,1.1679324727266076,1.1238262161513017,1.2141497675672572,-62.988338470458984,-10.629388809204102,-155.0550537109375,-4.712009429931641,-3.2485735416412354,28.96167755126953,0.554945856026339,0.330375738308366,0.7634703454728257,-0.1748946704182397,-0.8509112726144923,0.4953401461590614,0.8132938897707821,-0.40841385588002166,-0.4144287287178867,0.32873910665512085,-1.0052363872528076,0.015702761709690094
9.32,1.1425799762306108,1.0038573752592086,1.2119574748216504,1.0877473450113162,-63.03553009033203,-10.661916732788086,-154.76544189453125,-4.725748538970947,-3.2568116188049316,28.95804214477539,0.562723175630639,0.3326489660069118,0.7567610541133186,-0.16997301175227847,-0.8493380731164989,0.49973394204377636,0.8089819546096367,-0.4098408263817614,-0.4214008710796481,0.2911677062511444,-1.0280611515045166,0.016075141727924347
9.33,1.0700553041558514,1.05126121449695,1.2460330366959207,1.0419381302817246,-63.08285140991211,-10.694524765014648,-154.47586059570312,-4.738658428192139,-3.264876127243042,28.952407836914062,0.5706120261054779,0.3346979264182883,0.7499194714868386,-0.16489213784020706,-0.847884695046019,0.5038870178772276,0.804495182423293,-0.41117981706063506,-0.4286241471262384,0.29043376445770264,-1.0515363216400146,0.016358040273189545
9.34,1.0700553041558514,1.05126121449695,1.2460330366959207,1.0419381302817246,-63.13029861450195,-10.727212905883789,-154.1864013671875,-4.7505364418029785,-3.2726268768310547,28.944631576538086,0.5786021398212203,0.33689217592990295,0.742780738570623,-0.1596527352195108,-0.8463054507638262,0.5082106729933614,0.799831587230233,-0.41263875945510975,-0.4358883873930507,0.3239758312702179,-1.0748847723007202,0.016887241974473
9.35,1.221427725267067,1.0522180757802404,1.2523483018169117,1.127811967300887,-63.177860260009766,-10.759977340698242,-153.89698791503906,-4.761530876159668,-3.280174970626831,28.934810638427734,0.5866932275863548,0.33931759835151687,0.7352922032452569,-0.15425077005869575,-0.8445329851975498,0.5128067246532698,0.7949828656270554,-0.41427962098355,-0.443141782048501,0.3598250448703766,-1.0989477634429932,0.017781047150492668
9.36,0.9838544287557826,1.012290048858798,0.9848797766394514,1.2207998574203667,-63.225528717041016,-10.792818069458008,-153.60768127441406,-4.772589683532715,-3.288205146789551,28.923532485961914,0.5948704903155732,0.3419878011568942,0.7274430861665963,-0.14868648779047092,-0.8425488239641333,0.51769084170496,0.7899502693842465,-0.41611996238648347,-0.4503584670051489,0.40149980783462524,-1.1188913583755493,0.01829897053539753
9.37,0.9838544287557826,1.012290048858798,0.9848797766394514,1.2207998574203667,-63.2733039855957,-10.825737953186035,-153.3185272216797,-4.782107353210449,-3.295605421066284,28.909833908081055,0.6031030188424376,0.34484585697339487,0.7192691315435579,-0.1429643000395016,-0.8403880494852609,0.5227897619469749,0.7847470659883696,-0.41812589158128466,-0.45753992307994507,0.404938280582428,-1.1421464681625366,0.018110737204551697
9.38,1.1684141996389599,1.0019649759110163,1.1819726742426444,1.1851254459682488,-63.321163177490234,-10.858725547790527,-153.02951049804688,-4.789544105529785,-3.301976442337036,28.89337730407715,0.6114361285217423,0.3475114316200294,0.7109020084594933,-0.13703834223718095,-0.838325875570867,0.5276648738595596,0.7793371244174301,-0.42005420036197394,-0.4649603373009724,0.36877766251564026,-1.1715649366378784,0.017563259229063988
9.39,0.9961528318968806,1.0643432895984526,1.1930435704027627,1.2696561888198676,-63.36909484863281,-10.891778945922852,-152.7406768798828,-4.79713773727417,-3.3089418411254883,28.87554168701172,0.6198797067545049,0.34994364686917734,0.702345067021795,-0.13089545530613206,-0.8363988666590229,0.5322624499546277,0.7737024808892301,-0.4218724687241426,-0.47266065120596606,0.3603784441947937,-1.2009499073028564,0.01702849008142948
9.4,0.9961528318968806,1.0643432895984526,1.1930435704027627,1.2696561888198676,-63.4171028137207,-10.924905776977539,-152.4520263671875,-4.804869651794434,-3.31650972366333,28.85629653930664,0.628454515288719,0.35236780538140183,0.6934564528100633,-0.12451416247632215,-0.8344397530181361,0.5368486955612837,0.7678158278884599,-0.4237301361877939,-0.48053264834996623,0.3581678569316864,-1.2440049648284912,0.016879016533493996
9.41,1.1189027694590805,1.0889455664416559,1.0914171265779737,1.181157871483767,-63.465187072753906,-10.958108901977539,-152.16355895996094,-4.8118414878845215,-3.324021100997925,28.835012435913086,0.6372748319307088,0.35466138846492384,0.6841754805017639,-0.11779906058497892,-0.8325405384171775,0.5412944053076226,0.7615800482634663,-0.4255485300458325,-0.48877835330837616,0.3378928303718567,-1.3003244400024414,0.01703186146914959
9.42,1.1189027694590805,1.0889455664416559,1.0914171265779737,1.181157871483767,-63.513336181640625,-10.991385459899902,-151.8753204345703,-4.817797660827637,-3.331282615661621,28.81144142150879,0.6463126237263377,0.3567858983426548,0.6745248810502117,-0.1107597835183225,-0.8307342239365278,0.5455391090797701,0.7549915646992037,-0.4272990427375186,-0.4973964870288576,0.32171985507011414,-1.3348615169525146,0.017004426568746567
9.43,0.9924897797096744,1.1800566969897581,1.0235077218263031,0.9840921869753618,-63.56153869628906,-11.02473258972168,-151.5873260498047,-4.822717189788818,-3.3382744789123535,28.78553581237793,0.655358029928177,0.35879456852616853,0.6646595445826227,-0.10355228646289469,-0.82898362712507,0.5496026473070064,0.7481863247727569,-0.4290135237433472,-0.5061270787740478,0.31134936213493347,-1.3477040529251099,0.01677532307803631
9.44,1.2065718495870814,1.15602301281213,1.2066198711042382,1.1407046305334623,-63.60978698730469,-11.058147430419922,-151.29962158203125,-4.825776100158691,-3.3442978858947754,28.75665855407715,0.664306631838944,0.36069032860317995,0.6546748702576934,-0.09626084863245732,-0.8272887683513709,0.5534682852523987,0.7412358247652071,-0.4306922109950463,-0.5148530581368257,0.2949100136756897,-1.34146249294281,0.017189273610711098
9.45,1.2065718495870814,1.15602301281213,1.2066198711042382,1.1407046305334623,-63.65805435180664,-11.091621398925781,-151.01222229003906,-4.828701019287109,-3.3507871627807617,28.726194381713867,0.6730407763894943,0.3624612336485491,0.6446999049317433,-0.088995105737041,-0.8256585945373072,0.5571065934105714,0.734231560525615,-0.43233059036881805,-0.5234446256859169,0.2927830219268799,-1.3303567171096802,0.017803309485316277
9.46,1.2325060128880079,1.2128228248913107,1.0315932560863632,1.0011408874422332,-63.706356048583984,-11.125165939331055,-150.72512817382812,-4.832091331481934,-3.3582680225372314,28.694692611694336,0.6816035919681626,0.36426074514685447,0.6346106309865575,-0.08171885518609848,-0.8239642950990304,0.5607181726224246,0.7271441206000168,-0.434047174794418,-0.5318500521103781,0.30891016125679016,-1.3268535137176514,0.018125038594007492
9.47,1.105408588078951,1.193373181418723,1.0151921077200199,1.0938370702474494,-63.75468826293945,-11.158784866333008,-150.4383544921875,-4.834066867828369,-3.365123748779297,28.660707473754883,0.6899568730877733,0.3661273284961914,0.6244279723132077,-0.07446490679742435,-0.8221698028406624,0.5643507711987261,0.7200100630786995,-0.43587566418095425,-0.5399980689226759,0.32241278886795044,-1.2965905666351318,0.018405789509415627
9.48,1.105408588078951,1.193373181418723,1.0151921077200199,1.0938370702474494,-63.80302047729492,-11.192466735839844,-150.1519317626953,-4.834356307983398,-3.371082067489624,28.624094009399414,0.6979196326478119,0.3679893976835632,0.6144037675317687,-0.06740189399870139,-0.820337089105412,0.5678943959253754,0.7129973148968592,-0.437756625798568,-0.5477261775005111,0.3146030604839325,-1.2562294006347656,0.018666917458176613
9.49,1.2023408992395883,1.1854895549406121,0.9854452816727798,0.9520779508226478,-63.85135269165039,-11.226204872131348,-149.86585998535156,-4.83355188369751,-3.376634359359741,28.585447311401367,0.7055539657628115,0.36970446322029415,0.6045760591285132,-0.060486492067403,-0.8185994215278284,0.5711710526205654,0.7060700996882316,-0.439560686309978,-0.555203942148245,0.29050949215888977,-1.2267999649047852,0.018906159326434135
9.5,1.0644349760665783,1.052536512304506,1.2359517197861756,1.0328658091275909,-63.89968490600586,-11.259998321533203,-149.58021545410156,-4.831686496734619,-3.381772518157959,28.544845581054688,0.7128617237877111,0.37126733075120244,0.5949695218036727,-0.05373163791813959,-0.8169675803475065,0.5741749591786243,0.6992432150868878,-0.4412760380736962,-0.562436115818441,0.28102606534957886,-1.1806526184082031,0.019140180200338364
9.51,1.0644349760665783,1.052536512304506,1.2359517197861756,1.0328658091275909,-63.9479866027832,-11.293839454650879,-149.29498291015625,-4.829020023345947,-3.3867104053497314,28.50262451171875,0.7198032333472844,0.37282766556189,0.5855619839559825,-0.04719062627493975,-0.8153006989469724,0.5771116140646947,0.692572270636483,-0.4430398425517164,-0.5692621082218423,0.2997160255908966,-1.1599303483963013,0.01972418650984764
9.52,1.2577503626196107,1.1690214226819635,1.0788867983731587,1.2713134541217876,-63.99626159667969,-11.32773208618164,-149.01016235351562,-4.825755596160889,-3.391632080078125,28.459060668945312,0.7266563139829438,0.3745152441204016,0.5759417794101744,-0.04060192167047569,-0.8134648519302989,0.5801951556422045,0.6858003246611848,-0.44498681620409086,-0.5759033322521765,0.3324536085128784,-1.1760458946228027,0.02064426988363266
9.53,1.2577503626196107,1.1690214226819635,1.0788867983731587,1.2713134541217876,-64.04447937011719,-11.361677169799805,-148.7257843017578,-4.822834014892578,-3.3975119590759277,28.415184020996094,0.7334786330153684,0.3763128624072559,0.5660368578959891,-0.03389912363691511,-0.811470611240013,0.5834092015990224,0.6788666616696946,-0.44710633710630554,-0.5824396784155652,0.3423506021499634,-1.1812751293182373,0.020704146474599838
9.54,1.1825117181291702,1.2195759309785021,1.256910509836505,1.114408210034059,-64.09269714355469,-11.395686149597168,-148.44186401367188,-4.820127010345459,-3.4042656421661377,28.370952606201172,0.7401599312776189,0.3780512545637417,0.5560939894063698,-0.027177804732873234,-0.8094960144097846,0.5864960098624507,0.6718814203868214,-0.44921426021159994,-0.5888819112195013,0.3294757306575775,-1.1723406314849854,0.01990913413465023
9.55,1.1026471648480018,1.118645769323724,1.2057424745888272,0.9823262934484334,-64.1408920288086,-11.429762840270996,-148.15838623046875,-4.8167853355407715,-3.411025285720825,28.32555389404297,0.7466720497759939,0.379706749508423,0.5461717994011258,-0.020470006694022463,-0.8075686219982893,0.5894182721885461,0.664877303650277,-0.45128228986027374,-0.5952163186180345,0.3297034502029419,-1.164650797843933,0.019888974726200104
9.56,1.1026471648480018,1.118645769323724,1.2057424745888272,0.9823262934484334,-64.18903350830078,-11.463902473449707,-147.8753662109375,-4.811785697937012,-3.416667938232422,28.277921676635742,0.753037877831978,0.38139146296663207,0.5361664914245233,-0.013767632907959154,-0.8055593115194095,0.5923551704074904,0.6578331147292776,-0.4534476238779374,-0.6013658167580112,0.35255780816078186,-1.1594974994659424,0.02081267163157463
9.57,1.1213303796619876,1.199260862273838,0.9739395927224233,1.0616445983942373,-64.23711395263672,-11.498091697692871,-147.5928497314453,-4.805241584777832,-3.4212727546691895,28.228233337402344,0.7592645276491581,0.38318642572922784,0.5260090685440317,-0.007068488203351153,-0.8033686959388364,0.5954399842637815,0.650743738754527,-0.4558145472913214,-0.6072608047201695,0.3848310112953186,-1.154554009437561,0.02197561040520668
9.58,1.1700440503217895,1.2540907886732842,1.2590392923737843,0.9730217558844881,-64.2851333618164,-11.532326698303223,-147.3108367919922,-4.797790050506592,-3.42551851272583,28.177270889282227,0.7653210200601914,0.3850565995706273,0.5157665667539274,-0.00040529215060655654,-0.8010283387395192,0.598626290998381,0.6436486401696974,-0.4583503198027807,-0.6128877648839042,0.3893876373767853,-1.1319938898086548,0.0226947870105505
9.59,1.1700440503217895,1.2540907886732842,1.2590392923737843,0.9730217558844881,-64.33306884765625,-11.566606521606445,-147.0293426513672,-4.790289878845215,-3.430384397506714,28.126127243041992,0.7711054679731499,0.3868636986477513,0.5057003420312186,0.006102456241632553,-0.79869691178693,0.6017025869396276,0.6366781897393129,-0.4608901406741123,-0.6182403747246443,0.39575859904289246,-1.0995638370513916,0.02370007336139679
9.6,1.2110501732119736,1.10171739789866,1.01606829452875,1.0479857967765256,-64.38093566894531,-11.600937843322754,-146.74835205078125,-4.782808303833008,-3.43595552444458,28.074981689453125,0.7766338884351555,0.3887257162658555,0.4957137488991885,0.012453213205829011,-0.7962269572947346,0.6048698620017522,0.6298291203294273,-0.46358920391955444,-0.6232177221439495,0.4249941408634186,-1.0708945989608765,0.02533849887549877
9.61,1.2262756468524234,1.1947035902619867,1.1918962097688945,1.2019247056902356,-64.42872619628906,-11.635322570800781,-146.46786499023438,-4.774168968200684,-3.440805673599243,28.022485733032227,0.78191459457272,0.39067283223200056,0.48578215791649537,0.018649139254131725,-0.7935750348606354,0.6081865451085068,0.623106553006193,-0.4664905167329437,-0.6277936136971862,0.4477272629737854,-1.038779854774475,0.026073705404996872
9.62,1.2262756468524234,1.1947035902619867,1.1918962097688945,1.2019247056902356,-64.47642517089844,-11.669755935668945,-146.18789672851562,-4.765386581420898,-3.4461724758148193,27.97003936767578,0.7869514089084608,0.3926493898172956,0.47595581380322877,0.02470098529740003,-0.7908143808362669,0.6115574187170729,0.616520349495721,-0.46950939472885644,-0.6320313179890824,0.45753639936447144,-1.0185636281967163,0.026088716462254524
9.63,0.9838548606855295,1.0032042630133848,1.1420680176846112,0.9747985457382237,-64.52404022216797,-11.70425033569336,-145.90843200683594,-4.75688362121582,-3.4526026248931885,27.91826820373535,0.7918355885265671,0.3946097829933082,0.4661325132499978,0.030719381347913938,-0.7880009883950008,0.6149071164802887,0.6099612449593717,-0.4725860360341555,-0.6360893948126611,0.4621138274669647,-1.012257695198059,0.026158273220062256
9.64,0.9838548606855295,1.0032042630133848,1.1420680176846112,0.9747985457382237,-64.5715560913086,-11.738801956176758,-145.62953186035156,-4.746406078338623,-3.4571373462677,27.86417579650879,0.7966149613402236,0.3965558503908874,0.45623246365167225,0.036762434193925164,-0.7851282501367538,0.6182411780764336,0.6033681519611817,-0.47572795625016545,-0.6400232689840184,0.47580721974372864,-1.018873929977417,0.026685407385230064
9.65,1.1900000759737313,0.9670384217980275,1.0812245034325896,1.2309908714338549,-64.61896514892578,-11.77338695526123,-145.35116577148438,-4.734045505523682,-3.4598045349121094,27.807876586914062,0.8013571361112443,0.39853573198418646,0.4460896891157802,0.04291739395965585,-0.7821202252485352,0.6216478509195478,0.5966446494349014,-0.47901693455347627,-0.6438617388164126,0.49854961037635803,-1.0359596014022827,0.027641886845231056
9.66,1.163117670606767,1.1354036416442983,1.0217619533034423,1.1763625897178946,-64.6662368774414,-11.808000564575195,-145.07337951660156,-4.721797466278076,-3.463308811187744,27.752222061157227,0.8060787072628781,0.40055463305810163,0.4356525033017682,0.049219826877331396,-0.7789625153378974,0.6251358319122508,0.5897580235482796,-0.4824659424603418,-0.647620327063845,0.5167444348335266,-1.0562671422958374,0.02757875621318817
9.67,1.163117670606767,1.1354036416442983,1.0217619533034423,1.1763625897178946,-64.7134017944336,-11.842657089233398,-144.79612731933594,-4.709793567657471,-3.4678866863250732,27.697471618652344,0.8107549577392295,0.4025643967331646,0.4249921234377453,0.0556613699853849,-0.7757287121288423,0.6286070132207228,0.5827333956387007,-0.48599060861480764,-0.6513331850486344,0.5141317248344421,-1.0605179071426392,0.026889827102422714
9.68,1.238774765232304,1.0805031496991084,1.198611087501615,1.1097784645706659,-64.76043701171875,-11.877361297607422,-144.51942443847656,-4.69743537902832,-3.4727096557617188,27.642793655395508,0.8152896715701903,0.4044698781606625,0.41437527567613225,0.062103696440112405,-0.7725576559596079,0.6319001496333666,0.575713368195881,-0.489447429126863,-0.6549773521288036,0.4963224232196808,-1.0483983755111694,0.026398908346891403
9.69,1.2063687186780574,0.9825088919333969,0.9575059042476504,1.0388816347256666,-64.80734252929688,-11.912114143371582,-144.24327087402344,-4.684859752655029,-3.4779810905456543,27.588441848754883,0.8196644936800828,0.40628532889659763,0.4038345568714457,0.06851072562783556,-0.7694314679340839,0.6350444839747431,0.5687322729317555,-0.4928564168966291,-0.6585105572803636,0.5055096745491028,-1.0402804613113403,0.026148788630962372
9.7,1.2063687186780574,0.9825088919333969,0.9575059042476504,1.0388816347256666,-64.8541259765625,-11.946917533874512,-143.9676513671875,-4.671210289001465,-3.4823362827301025,27.533058166503906,0.8238935324962177,0.4081441961999096,0.3932146515826106,0.07489789437568398,-0.7661388937179275,0.6382957785782067,0.5617737556427792,-0.4964368143490165,-0.6617860204250369,0.5333028435707092,-1.0249541997909546,0.0256566870957613
9.71,1.2645897461450322,1.1296180862716745,0.974713372908754,1.2483353108630122,-64.90076446533203,-11.981757164001465,-143.69261169433594,-4.656405925750732,-3.4855761528015137,27.476543426513672,0.8279229089230224,0.4100512668625994,0.3826246403785537,0.08118191193604196,-0.7626681327477669,0.6416750084469887,0.5549352701485544,-0.5001952397168645,-0.6647191648431232,0.5572287440299988,-0.9985734820365906,0.02477271854877472
9.72,1.2106681638871717,1.0275615301153833,1.004675520924416,1.0880885114257386,-64.94725799560547,-12.016633033752441,-143.41812133789062,-4.641883850097656,-3.4900357723236084,27.421409606933594,0.831740460297906,0.4119693434241545,0.3721411919985454,0.08733586111522149,-0.7590752643632271,0.6451179662628838,0.5482519986891885,-0.504069442746302,-0.6673333071432465,0.5587119460105896,-0.9721507430076599,0.023632289841771126
9.73,1.2106681638871717,1.0275615301153833,1.004675520924416,1.0880885114257386,-64.99360656738281,-12.051559448242188,-143.14418029785156,-4.627166271209717,-3.4949066638946533,27.36686134338379,0.835359287935163,0.4138175695214369,0.361842340275193,0.09337104725232029,-0.7554997890620871,0.6484611910223673,0.5417164457494924,-0.5079124805343073,-0.6697523456636971,0.5583285689353943,-0.9487171769142151,0.02256421186029911
9.74,1.146414671513019,1.2615707870637238,1.0491385948963228,1.0546281129938166,-65.03980255126953,-12.086530685424805,-142.87078857421875,-4.611725330352783,-3.4992332458496094,27.311983108520508,0.8387970318827402,0.415647618137755,0.3516483994576354,0.09930156400803108,-0.7518479942835519,0.6518157660546109,0.5353118144504795,-0.5118218938539181,-0.6719223245893267,0.5723360180854797,-0.9271237254142761,0.02172471582889557
9.75,1.1036786240396315,1.1202681607056313,1.2294097741212742,1.2180808788268922,-65.08584594726562,-12.121545791625977,-142.59793090820312,-4.596195697784424,-3.50413179397583,27.257993698120117,0.8420505197678214,0.41745787119933764,0.3415843203843802,0.1051044162687583,-0.748115204085688,0.6551921115952426,0.5290595276899805,-0.5158028375159898,-0.6738274623157683,0.5711883902549744,-0.8946595788002014,0.021650975570082664
9.76,1.1036786240396315,1.1202681607056313,1.2294097741212742,1.2180808788268922,-65.1317367553711,-12.1566162109375,-142.32562255859375,-4.580857276916504,-3.510139226913452,27.20549201965332,0.8451247546872097,0.4191795866765811,0.3317418019010183,0.11076038032149543,-0.7444196707238028,0.6584614582422446,0.52296872484492,-0.5197382302208642,-0.6755559820480924,0.5633589029312134,-0.8888767957687378,0.022093122825026512
9.77,0.9554785817819864,1.1778768013383112,1.1406334074441629,1.0068879147042107,-65.17747497558594,-12.191750526428223,-142.0538330078125,-4.56545352935791,-3.516784429550171,27.15400505065918,0.8481642655065195,0.42082860466613925,0.3217462730359698,0.1165459227317206,-0.74073293202351,0.6616130072107608,0.5167537388470435,-0.5236582940340052,-0.6773090612689286,0.5617048740386963,-0.916018009185791,0.02248428948223591
9.78,0.9554785817819864,1.1778768013383112,1.1406334074441629,1.0068879147042107,-65.2230453491211,-12.226948738098145,-141.78256225585938,-4.549159049987793,-3.5223939418792725,27.10181427001953,0.851195370012799,0.4224047323252993,0.3115135377121939,0.12252305693696866,-0.7370523314404156,0.6646367137294389,0.5103474724024746,-0.5275681025492729,-0.6791298510483585,0.5544353723526001,-0.9330522418022156,0.02351619303226471
9.79,1.2197353996868407,1.017021945050072,1.198390631460702,1.1782491903646168,-65.26844787597656,-12.26219654083252,-141.5117950439453,-4.532014846801758,-3.526986837387085,27.048967361450195,0.8541639726769614,0.42387648059465094,0.30121858670972484,0.12857474706330102,-0.7334325879123802,0.6674917028740934,0.5038575614182242,-0.5314182610588776,-0.6809715042605229,0.5412641763687134,-0.937074601650238,0.025141064077615738
9.8,1.1846917394881353,1.2000816230669116,1.0453198652502067,0.9621149217971758,-65.31368255615234,-12.297493934631348,-141.2415771484375,-4.514955520629883,-3.532561779022217,26.997516632080078,0.8570590734922625,0.42526313625056555,0.29086252679043756,0.13468243634835517,-0.7298379813654381,0.6702217262187898,0.4973031126826539,-0.5352455379568858,-0.6827897393878939,0.5515379309654236,-0.9480939507484436,0.02579268254339695
9.81,1.1846917394881353,1.2000816230669116,1.0453198652502067,0.9621149217971758,-65.35874938964844,-12.33284854888916,-140.9718780517578,-4.497684955596924,-3.538482189178467,26.94682502746582,0.8598688477492616,0.4266498512561553,0.28034883465685695,0.14084239563684073,-0.726090465754582,0.6730201000947668,0.4907025415275866,-0.5392240164935115,-0.6844329592991357,0.5721621513366699,-0.9307992458343506,0.02603808231651783
9.82,1.0100231236098451,0.9834241587346392,1.1938685836043856,1.2674611440036532,-65.40363311767578,-12.368261337280273,-140.7026824951172,-4.4798903465271,-3.5439958572387695,26.89619255065918,0.8624768622332356,0.42801532656387,0.270067662519481,0.14676690936215023,-0.7222255134915189,0.6759066370277735,0.48434815621471594,-0.5433168393196881,-0.6857212813403631,0.5846790671348572,-0.8809289336204529,0.026656925678253174
9.83,1.1347009717362346,0.9541329650601419,1.134861910641671,1.2090939219858434,-65.4483413696289,-12.403729438781738,-140.43394470214844,-4.461874485015869,-3.5497632026672363,26.846363067626953,0.8649077487482119,0.42934021659573274,0.26000300876880117,0.15249188401685276,-0.7182866140870373,0.6788302919967334,0.4782058254186065,-0.5474772309757813,-0.6867225568588821,0.5871217250823975,-0.8857680559158325,0.02693290077149868
9.84,1.1347009717362346,0.9541329650601419,1.134861910641671,1.2090939219858434,-65.49287414550781,-12.439257621765137,-140.1657257080078,-4.443636417388916,-3.5557656288146973,26.797340393066406,0.8673391063037433,0.43060736759389695,0.24960001933108455,0.15848335576885966,-0.7143259842624016,0.6816314357127257,0.47181129768209695,-0.5516481516160506,-0.6878069614347692,0.5930521488189697,-0.9301100969314575,0.026562780141830444
9.85,1.1144092211878667,1.125384753353509,0.9753122091697733,1.1123660715257675,-65.53721618652344,-12.474845886230469,-139.89801025390625,-4.425101280212402,-3.5618510246276855,26.748966217041016,0.8697701262661193,0.4318466091069185,0.23876438942580136,0.1647802643962546,-0.7102652050397942,0.6843762145014101,0.46513158559758105,-0.5559063272824263,-0.6889272554971566,0.6089036464691162,-0.9681500792503357,0.02588108368217945
9.86,1.2180701914964929,1.2275949351277111,1.2708708177769195,1.245449906058115,-65.58137512207031,-12.510494232177734,-139.63075256347656,-4.406154155731201,-3.567716121673584,26.700950622558594,0.8721593987593899,0.43304824585964397,0.22761195028720393,0.17129959128357056,-0.7061192706409274,0.6870604235841317,0.45825149555865163,-0.5602363718890536,-0.6900295460564343,0.6063317060470581,-0.9767494797706604,0.02542060799896717
9.87,1.2180701914964929,1.2275949351277111,1.2708708177769195,1.245449906058115,-65.62533569335938,-12.546207427978516,-139.36398315429688,-4.387472152709961,-3.5754330158233643,26.655385971069336,0.8744315470914605,0.434160498988988,0.21650434307160663,0.1778227672469682,-0.7020286991796307,0.6895902906630762,0.451385127025543,-0.5645001033177837,-0.6910796628857965,0.5983083844184875,-0.9743324518203735,0.02549716643989086
9.88,1.1068190947040037,1.1241582646019683,1.1099555060565105,1.1171027769920536,-65.66912078857422,-12.582013130187988,-139.09765625,-4.369043827056885,-3.5851147174835205,26.612354278564453,0.8766064666576124,0.4351986103535774,0.20533697221974234,0.18440075912101989,-0.6979390070141204,0.6920097560899956,0.4444743666958171,-0.5687559336257151,-0.6920688009987833,0.5996197462081909,-0.9827236533164978,0.02589808776974678
9.89,1.1068190947040037,1.1241582646019683,1.1099555060565105,1.1171027769920536,-65.71272277832031,-12.61790943145752,-138.8317413330078,-4.349862575531006,-3.5935184955596924,26.56863021850586,0.8786889927014432,0.43616755373491034,0.19407091274641622,0.19105300141636083,-0.6938298823821569,0.6943333817146936,0.43749789114362947,-0.5730252694100554,-0.6929918007180247,0.5990952253341675,-0.9873962998390198,0.026298541575670242
9.9,1.2427462021426112,1.0261336041798337,1.2152629818833867,0.9652777509469743,-65.75611877441406,-12.653879165649414,-138.5662841796875,-4.329944610595703,-3.600543975830078,26.524154663085938,0.8806652527668706,0.43706073054755784,0.18277480784369418,0.19773763262420468,-0.689725638514024,0.696547465877665,0.4304980153418124,-0.5772836922949208,-0.6938407579532235,0.5958290100097656,-0.9874178171157837,0.026659538969397545
9.91,1.0981250276200305,1.2506656831494523,1.1349230750326091,0.9816121790932762,-65.79931640625,-12.689919471740723,-138.30125427246094,-4.30967378616333,-3.607445478439331,26.480215072631836,0.8825275777832342,0.4378985456645921,0.17143493855364644,0.20442554351545494,-0.6855459099361914,0.698739581337833,0.42350356741173767,-0.5816112697279812,-0.6945308195573017,0.6304289102554321,-0.9808703660964966,0.02706378884613514
9.92,1.0981250276200305,1.2506656831494523,1.1349230750326091,0.9816121790932762,-65.8423080444336,-12.726028442382812,-138.0366668701172,-4.289128303527832,-3.6144723892211914,26.43712615966797,0.8842581439508526,0.438736686400903,0.1599926712776218,0.21103813331570853,-0.6810365252977906,0.7011791194102498,0.4165938563435792,-0.5862587920161776,-0.6948022651377281,0.664229154586792,-0.9586315751075745,0.02806205302476883
9.93,1.0342959828101175,1.1577632175458896,1.0947148543526772,1.0919985004172952,-65.88510131835938,-12.762207984924316,-137.7725067138672,-4.268336772918701,-3.6216931343078613,26.395021438598633,0.8858397883338133,0.43951200365923987,0.1487180824383677,0.21746447983280776,-0.6764094957210415,0.7036898422667851,0.40987445567606573,-0.5910155604870712,-0.6947686937725405,0.6692548394203186,-0.9262360334396362,0.029560117051005363
9.94,1.1168937207234035,1.2747002447829083,1.1248750157698115,1.0511458035806276,-65.92767333984375,-12.7984619140625,-137.50875854492188,-4.247253894805908,-3.6287970542907715,26.353633880615234,0.88728246878417,0.44019897232252836,0.13767601590131243,0.2237088674405624,-0.6717761109225211,0.7061665521831754,0.40334124908906777,-0.5957698562028818,-0.6945315797163352,0.6608147621154785,-0.908332109451294,0.030765799805521965
9.95,1.1168937207234035,1.2747002447829083,1.1248750157698115,1.0511458035806276,-65.97003936767578,-12.834786415100098,-137.24542236328125,-4.226020812988281,-3.6364259719848633,26.313608169555664,0.8886121563926981,0.4407849671759321,0.12679530047612747,0.22987507856969444,-0.6672270560596538,0.7084952391615237,0.3968953057970021,-0.6004304026060642,-0.6942315520506281,0.6458992958068848,-0.8902760744094849,0.03184936195611954
9.96,1.177299877836737,1.089935359674395,1.0449435514467003,1.2082684151352425,-66.01219177246094,-12.871191024780273,-136.98248291015625,-4.204670429229736,-3.6447553634643555,26.275110244750977,0.8898191817362652,0.44127294340220613,0.11618955734211464,0.23587333365892627,-0.6627672565609061,0.7107062220772762,0.39062206067096106,-0.6049940107570349,-0.6938275381283799,0.632348895072937,-0.8605496287345886,0.03306523710489273
9.97,1.0715510609774441,0.9715848588957188,1.066209441386637,1.2466043512059728,-66.05413055419922,-12.90768051147461,-136.71990966796875,-4.183099269866943,-3.653154134750366,26.237529754638672,0.8909098358824094,0.4416707324021669,0.10586136437488292,0.24170027858137155,-0.6583918697032635,0.7128121219804896,0.3845265136003832,-0.6094646093482167,-0.6933197316464893,0.6196212768554688,-0.8433263897895813,0.03334266319870949
9.98,1.0715510609774441,0.9715848588957188,1.066209441386637,1.2466043512059728,-66.09585571289062,-12.944252014160156,-136.45773315429688,-4.161235809326172,-3.6610143184661865,26.200273513793945,0.8919094774625584,0.44199419926065386,0.09559608690945126,0.2475328425537864,-0.6540936975017133,0.7147649451013806,0.378450757522968,-0.6138424575642113,-0.6928004484855803,0.6071555018424988,-0.8589046597480774,0.03268098831176758
9.99,1.0585957865455384,1.2638277306969974,1.1903530788014738,1.0619229583239973,-66.13735961914062,-12.980899810791016,-136.1959228515625,-4.139115810394287,-3.6684858798980713,26.163484573364258,0.8928439161244427,0.44224922429192604,0.08511971013084416,0.2535935170919126,-0.6498746765501117,0.7164867290242307,0.3721828442157471,-0.6181250103272617,-0.6923881874204668,0.5944523215293884,-0.8947585225105286,0.03184724599123001
