time,FL,FR,BL,BR,x,y,z,vx,vy,vz,r1x,r1y,r1z,r2x,r2y,r2z,r3x,r3y,r3z,wx,wy,wz
0.0,2.675914026249672,1.0288733996751092,1.8724574872492907,3.297786516223115,-6.746548175811768,-94.92214965820312,-350.0,0.0,0.0,0.0,-0.7581897395638583,0.5912047308782364,-0.2750005181945676,0.23986128836892362,0.6450759815453811,0.7254953758469196,0.6063125276308323,0.4841011714718888,-0.6308971188850493,0.0,0.0,0.0
0.01,2.675914026249672,1.0288733996751092,1.8724574872492907,3.297786516223115,-6.746510982513428,-94.92224884033203,-349.9994812011719,0.011219892650842667,-0.029602764174342155,0.11890805512666702,-0.7582942380347506,0.5911741498836636,-0.2747780432869865,0.2400934454480838,0.6451218552738875,0.7253777838484203,0.6060899157849149,0.4840773867444186,-0.6311292241898878,0.016912072896957397,-0.10064065456390381,-0.005891798995435238
0.02,2.675914026249672,1.0288733996751092,1.8724574872492907,3.297786516223115,-6.746293067932129,-94.92282104492188,-349.9975280761719,0.03282095864415169,-0.08667948842048645,0.26666608452796936,-0.7588972013578511,0.5909974393398839,-0.27349051988125883,0.2414357225036038,0.6453874051458418,0.72469572178831,0.6048006528356131,0.4839391738357384,-0.6324705893215897,0.04952558875083923,-0.2947814166545868,-0.017253387719392776
0.03,2.675914026249672,1.0288733996751092,1.8724574872492907,3.297786516223115,-6.745850563049316,-94.92399597167969,-349.9941711425781,0.05572092533111572,-0.14748552441596985,0.41786688566207886,-0.7601181424348323,0.5906386220741467,-0.27086237770456945,0.24416705618039689,0.64592788260863,0.723297738932544,0.6021651419815154,0.4836560643505722,-0.6351959958936267,0.0842524915933609,-0.5019017457962036,-0.02936364896595478
0.04,2.675914026249672,1.0288733996751092,1.8724574872492907,3.297786516223115,-6.745179176330566,-94.92578125,-349.9892883300781,0.07855229079723358,-0.20865558087825775,0.5697470307350159,-0.7619576066529172,0.5900952642186448,-0.26684861777885616,0.24831666885187567,0.6467497508980826,0.7211474132821777,0.5981299504573118,0.4832207972138573,-0.6393263826137148,0.1191466748714447,-0.7107847332954407,-0.04155841842293739
0.05,2.675914026249672,1.0288733996751092,1.8724574872492907,3.297786516223115,-6.744280815124512,-94.92817687988281,-349.9828796386719,0.10102636367082596,-0.26967334747314453,0.7220218181610107,-0.7643922465833926,0.5893709871324146,-0.2614313158169036,0.25387612410105015,0.6478520107176575,0.7182163224408903,0.5926646665481439,0.48262781906522123,-0.6448402757968255,0.15391916036605835,-0.919938862323761,-0.053741130977869034
0.06,0.7448838638201586,0.03917612115880272,3.8440848336471944,4.034901105650434,-6.743160247802734,-94.93118286132812,-349.9749450683594,0.1229989230632782,-0.33040544390678406,0.874739408493042,-0.7673880208056053,0.5884711145112218,-0.25459256255824925,0.2608273841936878,0.6492322335606276,0.7144694413063142,0.5857343264473527,0.48187057836290315,-0.6517024202267986,0.188479945063591,-1.12916100025177,-0.06589209288358688
0.07,0.7448838638201586,0.03917612115880272,3.8440848336471944,4.034901105650434,-6.741823673248291,-94.93478393554688,-349.9654846191406,0.1440918743610382,-0.39006996154785156,1.0273574590682983,-0.7712115401281695,0.5873953426905989,-0.24535580644959432,0.2700764217528362,0.650936881040605,0.7094645187141593,0.5764472974924256,0.48088240588164943,-0.6606516668617098,0.24507802724838257,-1.725051760673523,-0.07381158322095871
0.08,0.7448838638201586,0.03917612115880272,3.8440848336471944,4.034901105650434,-6.740281581878662,-94.93898010253906,-349.9544982910156,0.164037823677063,-0.4485691785812378,1.180139422416687,-0.776871119576628,0.5861348321084945,-0.2300374364248214,0.2850560568209508,0.6531437468607528,0.7015313894662076,0.5614394963283644,0.4794259114043003,-0.6744897978744442,0.32178303599357605,-2.68013334274292,-0.07768449932336807
0.09,0.7448838638201586,0.03917612115880272,3.8440848336471944,4.034901105650434,-6.738547325134277,-94.9437484741211,-349.9419860839844,0.18248802423477173,-0.5061852931976318,1.333999514579773,-0.7842931715741626,0.5847256760024726,-0.20731643650611192,0.30666942585104134,0.6558907589337488,0.6897544313692401,0.5392940610375141,0.47739207803310113,-0.6937281308703747,0.40053150057792664,-3.685089588165283,-0.08074388653039932
0.1,0.7448838638201586,0.03917612115880272,3.8440848336471944,4.034901105650434,-6.73663854598999,-94.94908905029297,-349.9278564453125,0.19884447753429413,-0.5626521706581116,1.4894217252731323,-0.7928239140388467,0.5832328081703296,-0.17683249928074565,0.33469716846727304,0.6591515303950035,0.673421907423507,0.5093211626745087,0.474719655640754,-0.717797465724288,0.4787818193435669,-4.696869850158691,-0.08336649090051651
0.11,0.7448838638201586,0.03917612115880272,3.8440848336471944,4.034901105650434,-6.734578609466553,-94.95499420166016,-349.9121398925781,0.21246057748794556,-0.6175749897956848,1.6467689275741577,-0.8015187422121473,0.5817425268657854,-0.1383594533035897,0.36862029645939465,0.6628786883074553,0.6516984898140977,0.4708362591398897,0.4713464511626225,-0.7457517952077328,0.5561503767967224,-5.709639549255371,-0.08553218096494675
0.12,0.3794761444158777,3.9587903119020584,1.265369051775838,4.115617017632635,-6.732400417327881,-94.96143341064453,-349.8948974609375,0.22267034649848938,-0.6704775094985962,1.806308627128601,-0.8091753075337413,0.5803617103821531,-0.09173661646243933,0.407695180926587,0.667005807882467,0.6236087649322248,0.4231075054013015,0.46720823769852254,-0.7763353022372024,0.6325681805610657,-6.722604274749756,-0.08716864883899689
0.13,0.3794761444158777,3.9587903119020584,1.265369051775838,4.115617017632635,-6.730138301849365,-94.9684066772461,-349.8760070800781,0.22912432253360748,-0.7237660884857178,1.9720239639282227,-0.8142629390487114,0.5793144408308859,-0.03702221949792145,0.45012801775591654,0.6703815263076166,0.589892682457241,0.36655236150226017,0.46366301106543756,-0.806632492803785,0.1783437579870224,-7.3198723793029785,-0.08571292459964752
0.14,0.3794761444158777,3.9587903119020584,1.265369051775838,4.115617017632635,-6.727834701538086,-94.97590637207031,-349.8554382324219,0.230685293674469,-0.7766450643539429,2.1436471939086914,-0.8152263051355488,0.5785932430060143,0.025217663706693982,0.4921673304329697,0.669188789170541,0.556738433470287,0.3052497178860691,0.4662791262712156,-0.8303049958504567,-0.7682256698608398,-7.530406475067139,-0.08420875668525696
0.15,0.3794761444158777,3.9587903119020584,1.265369051775838,4.115617017632635,-6.7255449295043945,-94.98391723632812,-349.8330993652344,0.2262793481349945,-0.8268004059791565,2.3174750804901123,-0.8111958277325018,0.5770888429203243,0.09449760021430692,0.5327858207223539,0.6627543577235084,0.5262090179346113,0.24104065695767907,0.47720554135024623,-0.8450883226018622,-1.7831990718841553,-7.686572551727295,-0.08630937337875366
0.16,0.3794761444158777,3.9587903119020584,1.265369051775838,4.115617017632635,-6.723330974578857,-94.99242401123047,-349.8090515136719,0.21524767577648163,-0.874165415763855,2.4922237396240234,-0.8014633058377642,0.5732785951125335,0.17031800192992683,0.5719394742705993,0.6515165580274868,0.4984088807265449,0.1747621445470192,0.49686801768861777,-0.850047272704001,-2.807837724685669,-7.83455228805542,-0.09265413880348206
0.17,0.3794761444158777,3.9587903119020584,1.265369051775838,4.115617017632635,-6.721263885498047,-95.00138854980469,-349.7832336425781,0.19701066613197327,-0.9189552664756775,2.6669118404388428,-0.7853473073729434,0.5654359706393428,0.2520154160149969,0.6097026834298844,0.635990138525483,0.47305304302660933,0.10720188720571051,0.525165408995567,-0.8442209714133221,-3.834506034851074,-7.980384826660156,-0.10346744954586029
0.18,2.9217934157898746,1.7423052298574382,1.3455205994260533,2.440118535524432,-6.719416618347168,-95.01079559326172,-349.75567626953125,0.17105801403522491,-0.9613949060440063,2.84053373336792,-0.7622023981617164,0.5516777857354577,0.33867259257659243,0.6461477112898023,0.6166496690400386,0.44970692775157545,0.039250980006596964,0.5616002193721376,-0.8264771951903384,-4.86251163482666,-8.124556541442871,-0.11891812831163406
0.19,2.9217934157898746,1.7423052298574382,1.3455205994260533,2.440118535524432,-6.717862129211426,-95.02059936523438,-349.7264404296875,0.1392022669315338,-0.9991063475608826,3.007260322570801,-0.731661524983057,0.5306939733671836,0.4278262725584047,0.6811037371444115,0.5946772220613413,0.427149506390119,-0.027732870521886943,0.6039229323292477,-0.7965600917064947,-5.395129203796387,-8.13484001159668,-0.14418849349021912
0.2,2.9217934157898746,1.7423052298574382,1.3455205994260533,2.440118535524432,-6.716650009155273,-95.03076171875,-349.6955871582031,0.1020732969045639,-1.0325071811676025,3.166782855987549,-0.6944216663007139,0.5039027502374808,0.5136736003292778,0.7137155895236008,0.5732008185440316,0.40255543579913394,-0.0915893369509706,0.6461600729877658,-0.757686315986587,-5.468258380889893,-8.020685195922852,-0.17573818564414978
0.21,2.9217934157898746,1.7423052298574382,1.3455205994260533,2.440118535524432,-6.715841293334961,-95.04124450683594,-349.6630859375,0.05850111320614815,-1.0635508298873901,3.322375535964966,-0.6512707790837398,0.472260352377993,0.5939836124704725,0.7435980578258584,0.5532904609623757,0.37540856970193576,-0.15135488333473027,0.6861776922779228,-0.711513790386999,-5.479645252227783,-7.887761116027832,-0.20781837403774261
0.22,2.9217934157898746,1.7423052298574382,1.3455205994260533,2.440118535524432,-6.715499401092529,-95.05203247070312,-349.6290588378906,0.008687539026141167,-1.0923354625701904,3.474048376083374,-0.602912924778943,0.4362359935622351,0.6679776665841981,0.7706038247346492,0.5352016164891761,0.3460187495089001,-0.20655689395135354,0.7233653210018728,-0.6588450970698855,-5.4845733642578125,-7.750802516937256,-0.2396361231803894
0.23,0.8306409157501701,2.030273680041562,2.878194334099443,1.1945127524622474,-6.7156853675842285,-95.06307983398438,-349.59356689453125,-0.04688914865255356,-1.1187409162521362,3.6214137077331543,-0.5500480676730602,0.39623443264378033,0.735149915076234,0.7946527559593928,0.5190635326500648,0.3148015986601352,-0.2568542791064114,0.7573449171020405,-0.6003786770401068,-5.490418910980225,-7.611818790435791,-0.27108725905418396
0.24,0.8306409157501701,2.030273680041562,2.878194334099443,1.1945127524622474,-6.716436386108398,-95.07437896728516,-349.556640625,-0.10235702246427536,-1.140556812286377,3.760096549987793,-0.49298635375333005,0.35276253952976816,0.7953131746158273,0.8158567890518211,0.5049771158383884,0.28173713322456284,-0.3022286465096396,0.7877542149579726,-0.5367505398645628,-5.467515468597412,-7.614823818206787,-0.2923547923564911
0.25,0.8306409157501701,2.030273680041562,2.878194334099443,1.1945127524622474,-6.71773099899292,-95.08587646484375,-349.5184020996094,-0.15689446032047272,-1.1581556797027588,3.890778064727783,-0.4307947654687885,0.30660808796654737,0.8487681370304788,0.8346291011989138,0.49307595936413817,0.2455002275539237,-0.3432348080783548,0.8141668002876516,-0.4683185751524087,-5.417717933654785,-7.750439167022705,-0.3045148253440857
0.26,0.8306409157501701,2.030273680041562,2.878194334099443,1.1945127524622474,-6.719583034515381,-95.0975341796875,-349.4788513183594,-0.21410372853279114,-1.1731151342391968,4.016595840454102,-0.3633711714176984,0.2583342676483,0.8951116120021828,0.8507951452980989,0.4835061879723907,0.20583825429106717,-0.3796169286527097,0.8363523015757318,-0.39548175069054686,-5.365303039550781,-7.904091835021973,-0.31561020016670227
0.27,0.8306409157501701,2.030273680041562,2.878194334099443,1.1945127524622474,-6.72202205657959,-95.10932922363281,-349.4380798339844,-0.27411985397338867,-1.1854394674301147,4.137714385986328,-0.2910738720380206,0.2084243399087154,0.9337212086861957,0.8639888490184346,0.4763990576021924,0.1629944989487176,-0.41085188302914544,0.8541681523267881,-0.3187436238766921,-5.3136773109436035,-8.059821128845215,-0.326756089925766
0.28,0.8306409157501701,2.030273680041562,2.878194334099443,1.1945127524622474,-6.725072860717773,-95.12123107910156,-349.3961181640625,-0.3365136981010437,-1.1949493885040283,4.253941535949707,-0.21440455102030365,0.157367775447962,0.9639844769249875,0.8738310911368045,0.4718628898707591,0.11732279115959388,-0.43640567441824557,0.8675141476733251,-0.2386824059753474,-5.263362407684326,-8.21546459197998,-0.3380998969078064
0.29,1.9459206153119886,2.8309009268492242,3.3695689117697185,2.1625054676333137,-6.728757381439209,-95.13320922851562,-349.35302734375,-0.40073931217193604,-1.2014617919921875,4.365060806274414,-0.13396023537855078,0.10566901621546904,0.9853368532382102,0.8799571527395798,0.4699812158303166,0.06923197317070423,-0.4557741377917083,0.8763285432865418,-0.15594300093788332,-5.214473724365234,-8.370729446411133,-0.34965866804122925
0.3,1.9459206153119886,2.8309009268492242,3.3695689117697185,2.1625054676333137,-6.733142852783203,-95.145263671875,-349.308837890625,-0.4815928041934967,-1.2055293321609497,4.472683429718018,-0.05053139391256184,0.053803107031300035,0.9972721814545074,0.8820223395253897,0.4708125313739233,0.01929126432965267,-0.4684903102598938,0.8805911571070066,-0.07124635581930822,-5.179447174072266,-8.494183540344238,-0.3629409968852997
0.31,1.9459206153119886,2.8309009268492242,3.3695689117697185,2.1625054676333137,-6.738434314727783,-95.15731811523438,-349.26361083984375,-0.5775453448295593,-1.2056994438171387,4.5743408203125,0.03471283455441165,0.0021373695733101217,0.9993950423974021,0.8797484387633802,0.47439004842002935,-0.03157160834416328,-0.4741705427486962,0.8803121682740442,0.014587075719883935,-5.157454967498779,-8.58788776397705,-0.377800315618515
0.32,1.9459206153119886,2.8309009268492242,3.3695689117697185,2.1625054676333137,-6.744699001312256,-95.16936492919922,-349.2173767089844,-0.6754037141799927,-1.200916051864624,4.667760372161865,0.12080742731675481,-0.048849168400832366,0.9914733099038291,0.8729730634251203,0.48070918319622347,-0.08268441041079361,-0.4725712602764454,0.87551838355192,0.10071724789411857,-5.138642311096191,-8.676859855651855,-0.39301156997680664
0.33,1.9459206153119886,2.8309009268492242,3.3695689117697185,2.1625054676333137,-6.75193977355957,-95.18132781982422,-349.1702575683594,-0.7724416851997375,-1.1911025047302246,4.752712249755859,0.20685270277818602,-0.09863440386548233,0.9733874941293732,0.8615961404482417,0.4897321401481629,-0.1334710518074766,-0.46353430306510596,0.8662757559114771,0.18628543851290563,-5.121703147888184,-8.764593124389648,-0.408407598733902
0.34,1.9459206153119886,2.8309009268492242,3.3695689117697185,2.1625054676333137,-6.760140895843506,-95.19317626953125,-349.1223449707031,-0.867407500743866,-1.1762897968292236,4.829182147979736,0.2919294392301557,-0.14669398899775438,0.9451233126437489,0.8455687829435479,0.5013915856536254,-0.183357331860797,-0.4469794579420111,0.8526941722726091,0.2704108221765467,-5.106443405151367,-8.851533889770508,-0.4239695072174072
0.35,2.150909369023955,2.8527795121362733,2.948281878834975,0.6749743484573262,-6.7692766189575195,-95.20484924316406,-349.0736999511719,-0.9592475295066833,-1.1565628051757812,4.897239685058594,0.3750950858812827,-0.1925139585679751,0.9067756350411061,0.8248953609708578,0.5155911559478282,-0.23176152259842564,-0.42290816969700573,0.8349276230098454,0.3521995802647391,-5.0929179191589355,-8.937747955322266,-0.4396986663341522
0.36,2.150909369023955,2.8527795121362733,2.948281878834975,0.6749743484573262,-6.7792887687683105,-95.21630096435547,-349.0244140625,-1.0400973558425903,-1.134024739265442,4.960039138793945,0.45496857045443695,-0.23532242644940998,0.8588521150399573,0.7997753878426066,0.5321129060542479,-0.27787620303241367,-0.3916157924546124,0.813313722262489,0.43029973306949737,-4.985586166381836,-8.87668228149414,-0.453660249710083
0.37,2.150909369023955,2.8527795121362733,2.948281878834975,0.6749743484573262,-6.790045261383057,-95.22752380371094,-348.9745178222656,-1.1101679801940918,-1.1093462705612183,5.018648147583008,0.5291745986586329,-0.273732610900319,0.803146749893299,0.7709977057799439,0.5503601275040744,-0.32041577323184667,-0.35431170149536106,0.7887801897762099,0.5022838145909826,-4.790154457092285,-8.679458618164062,-0.4649207592010498
0.38,2.150909369023955,2.8527795121362733,2.948281878834975,0.6749743484573262,-6.801473140716553,-95.23847961425781,-348.9240417480469,-1.1744941473007202,-1.0814365148544312,5.071404457092285,0.5967845734253977,-0.30730590166859284,0.7412228111176281,0.7392271977929885,0.5698371480495683,-0.35892725550710125,-0.3120758288695099,0.7621343106712801,0.5672388998764285,-4.582372665405273,-8.463759422302246,-0.4744970202445984
0.39,2.150909369023955,2.8527795121362733,2.948281878834975,0.6749743484573262,-6.8135175704956055,-95.2491455078125,-348.8730773925781,-1.2333183288574219,-1.0503901243209839,5.118459701538086,0.6575044168921089,-0.3360209516030721,0.674372198308274,0.7050039565032191,0.5901449282135359,-0.3933171557644646,-0.2658145275980516,0.7340428351176835,0.6249189972550189,-4.372662544250488,-8.246073722839355,-0.4825752377510071
0.4,0.15732439217869598,0.3206106913493717,4.078657286486555,0.7081012355429371,-6.826120376586914,-95.25947570800781,-348.8216857910156,-1.2863383293151855,-1.016510009765625,5.160309314727783,0.7112360906415109,-0.35998810310735163,0.603781242661737,0.668825061344518,0.6109244805787154,-0.42360868304028965,-0.2163706557888158,0.7051098103492801,0.6752806043880724,-4.162301063537598,-8.028716087341309,-0.4892227053642273
0.41,0.15732439217869598,0.3206106913493717,4.078657286486555,0.7081012355429371,-6.839194297790527,-95.26949310302734,-348.7698669433594,-1.324454426765442,-0.9868669509887695,5.208266735076904,0.7587069462381338,-0.37916501906830763,0.5297146949490217,0.6305529010472974,0.631671990490432,-0.4509917243261705,-0.16360564999669913,0.6761836915696691,0.7183375296783344,-3.8270516395568848,-8.203033447265625,-0.4935045838356018
0.42,0.15732439217869598,0.3206106913493717,4.078657286486555,0.7081012355429371,-6.852572441101074,-95.27924346923828,-348.717529296875,-1.3498682975769043,-0.9618052244186401,5.263120174407959,0.802074412327493,-0.3930069967071536,0.4496911580504226,0.5880063797529902,0.6514447108526835,-0.47944581140296344,-0.1045233680058629,0.6489724872760687,0.7535977549723885,-3.3779947757720947,-8.742159843444824,-0.49581363797187805
0.43,0.15732439217869598,0.3206106913493717,4.078657286486555,0.7081012355429371,-6.866174697875977,-95.28874206542969,-348.66461181640625,-1.3698890209197998,-0.9360743165016174,5.316981792449951,0.8407723046037231,-0.40176370957082885,0.3628882107250536,0.5400321990763552,0.6697954014359458,-0.509646293203449,-0.03830346945251942,0.624467806926143,0.780110762866885,-2.915769338607788,-9.333796501159668,-0.49689462780952454
0.44,0.15732439217869598,0.3206106913493717,4.078657286486555,0.7081012355429371,-6.8799543380737305,-95.29796600341797,-348.6111755371094,-1.3851200342178345,-0.9088413119316101,5.3690996170043945,0.873243493138979,-0.40604052955225556,0.2694009837609326,0.4860472656436079,0.6864369090445398,-0.5408904006004827,0.03469664610313883,0.6032706343444063,0.7967814534029337,-2.4543094635009766,-9.934487342834473,-0.49660471081733704
0.45,0.15732439217869598,0.3206106913493717,4.078657286486555,0.7081012355429371,-6.893861293792725,-95.30691528320312,-348.5572204589844,-1.3953602313995361,-0.87997967004776,5.419876575469971,0.8977305608154043,-0.4065787989711625,0.16962759328961394,0.4256194087735032,0.7010695471148775,-0.5721447447835505,0.11370118316602199,0.5858286185697209,0.8024193857399876,-1.9953880310058594,-10.538372039794922,-0.4946841597557068
0.46,3.1252986130617204,3.8215612154470042,1.4976269810581933,2.2419883104689022,-6.907844066619873,-95.31556701660156,-348.50274658203125,-1.4003512859344482,-0.8495200276374817,5.469976902008057,0.9124006321348995,-0.4042265112861964,0.06423405680187483,0.3584436162511995,0.7133718770549591,-0.6021783282349567,0.19759367512296228,0.5724521749460605,0.7957733640622351,-1.5390806198120117,-11.144658088684082,-0.4908583462238312
0.47,3.1252986130617204,3.8215612154470042,1.4976269810581933,2.2419883104689022,-6.921852111816406,-95.3238525390625,-348.4478759765625,-1.4002271890640259,-0.8022588491439819,5.500576496124268,0.9154745730691318,-0.39988673803680186,-0.0446867184538889,0.28547965536811304,0.7237619352853842,-0.6282276875487572,0.2835624665480154,0.5623693250651584,0.7767451768701008,-1.4393506050109863,-11.236448287963867,-0.4922402501106262
0.48,3.1252986130617204,3.8215612154470042,1.4976269810581933,2.2419883104689022,-6.935815334320068,-95.3315658569336,-348.3927917480469,-1.3905210494995117,-0.7387431263923645,5.514854907989502,0.9065928127320448,-0.39381984341685033,-0.15164235171523655,0.21142116489364232,0.7348465543604189,-0.6444390060972688,0.36522672812598933,0.5521833685251195,0.7494684546974858,-1.6687088012695312,-10.84814167022705,-0.50042325258255
0.49,3.1252986130617204,3.8215612154470042,1.4976269810581933,2.2419883104689022,-6.949626922607422,-95.338623046875,-348.3375549316406,-1.3699395656585693,-0.6720044612884521,5.529715061187744,0.8870106766915773,-0.3855920807729579,-0.25402914533637805,0.1388538005554115,0.7474244309654299,-0.6496740275456001,0.44037674950713285,0.5409948865203662,0.7165143761658574,-1.9426279067993164,-10.391918182373047,-0.5105893015861511
0.5,3.1252986130617204,3.8215612154470042,1.4976269810581933,2.2419883104689022,-6.963180065155029,-95.34500885009766,-348.28216552734375,-1.339112401008606,-0.6049031615257263,5.54800271987915,0.8582437703452421,-0.37475639870549815,-0.3506783031396002,0.06913580917810835,0.7614481029648374,-0.6445285303076496,0.5085645195576189,0.5289181676975525,0.6794171776799525,-2.2215304374694824,-9.925087928771973,-0.5219330191612244
0.51,3.1252986130617204,3.8215612154470042,1.4976269810581933,2.2419883104689022,-6.976377487182617,-95.35072326660156,-348.22662353515625,-1.2987391948699951,-0.5387203097343445,5.570495128631592,0.8218172086760854,-0.36094101412955176,-0.44083790654046295,0.0032497447761560827,0.7766944718230655,-0.6298691424402205,0.5697419720213152,0.5162046897875103,0.6394738490029462,-2.5000181198120117,-9.455357551574707,-0.5342166423797607
0.52,0.6562138223071984,0.7927826273055221,0.7211558439509338,1.3838535441648327,-6.989126205444336,-95.35578155517578,-348.1707763671875,-1.2495379447937012,-0.4744291603565216,5.597568035125732,0.7792235346223663,-0.34384599370898417,-0.5240044042762496,-0.058064851384415445,0.7928699366528094,-0.606618279139259,0.6240506038169756,0.5031174774965103,0.5978575480105749,-2.777320146560669,-8.9837064743042,-0.5472798943519592
0.53,0.6562138223071984,0.7927826273055221,0.7211558439509338,1.3838535441648327,-7.001402378082275,-95.36029052734375,-348.11456298828125,-1.2106040716171265,-0.43231451511383057,5.648365020751953,0.7313655865458936,-0.32332920475649973,-0.6004686537762908,-0.11480139037322282,0.8095386454505058,-0.5757324224763927,0.6722536869253722,0.4900055171869906,0.5549500640071626,-3.0048017501831055,-8.775602340698242,-0.5619460344314575
0.54,0.6562138223071984,0.7927826273055221,0.7211558439509338,1.3838535441648327,-7.013378620147705,-95.36449432373047,-348.0577392578125,-1.1852107048034668,-0.4098956882953644,5.719310283660889,0.6771919124224447,-0.299582137568796,-0.6720577777240163,-0.16844499154308445,0.8259880699620427,-0.5379312159602102,0.716266290267581,0.47748743557301176,0.5088893301064845,-3.18782377243042,-8.812443733215332,-0.5783078670501709
0.55,0.6562138223071984,0.7927826273055221,0.7211558439509338,1.3838535441648327,-7.025106430053711,-95.36849975585938,-348.0001220703125,-1.1601048707962036,-0.39132484793663025,5.794666767120361,0.6164282094099116,-0.272643458842577,-0.7387027866429406,-0.21900573776295462,0.8417593518776115,-0.49343457555534864,0.7563416883066766,0.4659471406468111,0.45917372818190155,-3.3663177490234375,-8.881922721862793,-0.5957260131835938
0.56,0.6562138223071984,0.7927826273055221,0.7211558439509338,1.3838535441648327,-7.0365753173828125,-95.37232971191406,-347.9417724609375,-1.1333180665969849,-0.3746963441371918,5.87255859375,0.549342018360581,-0.24250692525152553,-0.7996335023425258,-0.2659178265815911,0.8564724615399992,-0.4424281095610197,0.7921559545756416,0.45568115369045686,0.4060093961987682,-3.545930862426758,-8.95439624786377,-0.6141306161880493
0.57,3.7138773610601548,0.4295205650456672,1.0325239719054167,0.11531304626488455,-7.04776668548584,-95.3759994506836,-347.88262939453125,-1.1047290563583374,-0.35995587706565857,5.952891826629639,0.47636374353848987,-0.2092094970085091,-0.8539958841841349,-0.308546267973141,0.8697356016400366,-0.38517422520164823,0.8233327300440827,0.4469802787610321,0.34975969755943515,-3.727517604827881,-9.025750160217285,-0.6335300803184509
0.58,3.7138773610601548,0.4295205650456672,1.0325239719054167,0.11531304626488455,-7.058640480041504,-95.37952423095703,-347.82269287109375,-1.0675196647644043,-0.3444218933582306,6.033188819885254,0.39879168579396196,-0.17398982901919552,-0.9003847681627456,-0.346015079556741,0.8807145270623494,-0.3234431735880115,0.8492577677365997,0.44053315564122236,0.2910185264202856,-3.529263734817505,-8.845172882080078,-0.6568010449409485
0.59,3.7138773610601548,0.4295205650456672,1.0325239719054167,0.11531304626488455,-7.069090843200684,-95.38288879394531,-347.761962890625,-1.0219227075576782,-0.3291836678981781,6.114492416381836,0.3203774708130642,-0.14161254592307904,-0.9366451638868414,-0.37729105423563114,0.8878790673690106,-0.2632911356686772,0.868912962608563,0.43774038946060206,0.23102730324723564,-2.9765498638153076,-8.43342399597168,-0.6808487176895142
0.6,3.7138773610601548,0.4295205650456672,1.0325239719054167,0.11531304626488455,-7.079070568084717,-95.38612365722656,-347.7004089355469,-0.9738430976867676,-0.3166329264640808,6.199111461639404,0.2431833827479648,-0.11423404844975749,-0.9632302032899693,-0.4027649056534762,0.8914937196517627,-0.2074111342127301,0.8824070903665744,0.438394263188107,0.1707869926972001,-2.373702049255371,-7.992568492889404,-0.7020549178123474
0.61,3.7138773610601548,0.4295205650456672,1.0325239719054167,0.11531304626488455,-7.088563442230225,-95.38923645019531,-347.6379699707031,-0.9245254993438721,-0.3068249821662903,6.287248134613037,0.16830845123477334,-0.09265659847832106,-0.9813699710106172,-0.4232473427677287,0.8923358510154068,-0.15683882119126913,0.8902437599236566,0.44175953159047665,0.11097100596982079,-1.7627187967300415,-7.551049709320068,-0.7201752066612244
0.62,3.7138773610601548,0.4295205650456672,1.0325239719054167,0.11531304626488455,-7.097558975219727,-95.39226531982422,-347.57464599609375,-0.8744668364524841,-0.29950618743896484,6.378811359405518,0.09653466883851919,-0.07732422514826859,-0.9923215315196264,-0.4395821170496261,0.89116639793998,-0.11220522961453167,0.892999787280157,0.44703849430211356,0.052038106515254146,-1.1489818096160889,-7.11295747756958,-0.7354235053062439
0.63,0.2901764359183869,1.6172476558671727,2.160048176209387,2.0379749702114003,-7.106051445007324,-95.3952407836914,-347.5104064941406,-0.8240059018135071,-0.29436567425727844,6.4736504554748535,0.028445059657966565,-0.06849452427862587,-0.9972458968202874,-0.4525801262840007,0.8886525436962003,-0.07394515450677194,0.8912699410805979,0.4534370482504899,-0.0057214858271409375,-0.5329647660255432,-6.679049491882324,-0.7480717301368713
0.64,0.2901764359183869,1.6172476558671727,2.160048176209387,2.0379749702114003,-7.114026069641113,-95.39815521240234,-347.4451599121094,-0.769677460193634,-0.2908601760864258,6.571711540222168,-0.03675318967813901,-0.06490941810280201,-0.9972141046385365,-0.46300821641235534,0.8854250928148781,-0.04056841811574363,0.8855916635691259,0.4602273052039828,-0.0625957902861512,-0.3277839720249176,-6.611837387084961,-0.7514978647232056
0.65,0.2901764359183869,1.6172476558671727,2.160048176209387,2.0379749702114003,-7.121435165405273,-95.40105438232422,-347.37896728515625,-0.7119804620742798,-0.2890622615814209,6.673197269439697,-0.10334818928280126,-0.061379495737928,-0.9927495702718403,-0.47119856212992706,0.8820101414347319,-0.005479548610356294,0.8759515208153104,0.4672158686402268,-0.12007608118231866,-0.5068143010139465,-6.881757736206055,-0.7482376098632812
0.66,0.2901764359183869,1.6172476558671727,2.160048176209387,2.0379749702114003,-7.128265380859375,-95.4039535522461,-347.3116760253906,-0.6541525721549988,-0.2893545925617218,6.7780280113220215,-0.1724799171578666,-0.056256895442046845,-0.9834052266957087,-0.47680047916747226,0.878377617357814,0.033377603126630934,0.8619234195929963,0.47464504952652,-0.17832581337844222,-0.7409482002258301,-7.1969218254089355,-0.7448887825012207
0.67,0.2901764359183869,1.6172476558671727,2.160048176209387,2.0379749702114003,-7.134521484375,-95.40685272216797,-347.2433776855469,-0.5968922972679138,-0.29197391867637634,6.886063098907471,-0.2439182724472409,-0.04938660496426889,-0.9685374745545248,-0.47930129311058917,0.8743427913097634,0.07612459331364924,0.8430742237720654,0.4827894432718622,-0.23693924680469208,-0.9843966960906982,-7.516683578491211,-0.7424485683441162
0.68,0.2901764359183869,1.6172476558671727,2.160048176209387,2.0379749702114003,-7.1402082443237305,-95.40979766845703,-347.1739501953125,-0.5405791401863098,-0.2971371114253998,6.997138977050781,-0.31715777826400193,-0.04085470429372934,-0.9474923940716957,-0.4781540318364637,0.8696833189406133,0.12255466778125199,0.8190113952352407,0.49191647450914966,-0.2953616708060015,-1.2309983968734741,-7.8355393409729,-0.7411314249038696
0.69,0.17080077850375722,2.752901756101553,2.6760514697988365,3.82141148186616,-7.1453375816345215,-95.41280364990234,-347.1034240722656,-0.48558509349823,-0.3050450086593628,7.111049175262451,-0.3915628848607257,-0.030825083189336994,-0.9196348848569832,-0.4727987453784911,0.8641522705661324,0.17234326109228248,0.7893920784806946,0.5022854442662741,-0.3529440166799273,-1.4799891710281372,-8.1527099609375,-0.7410457134246826
0.7,0.17080077850375722,2.752901756101553,2.6760514697988365,3.82141148186616,-7.149878978729248,-95.41590881347656,-347.0317077636719,-0.4185331463813782,-0.318879097700119,7.233315467834473,-0.46664271635586724,-0.01894572061158692,-0.8842429727979326,-0.46259780304243026,0.8573427559099505,0.2257579932340119,0.7538221593269427,0.5143971797737998,-0.40883700119782035,-1.924034833908081,-8.555827140808105,-0.7425822019577026
0.71,0.17080077850375722,2.752901756101553,2.6760514697988365,3.82141148186616,-7.15368127822876,-95.41919708251953,-346.9587097167969,-0.34184202551841736,-0.3400479257106781,7.364549160003662,-0.5424320099965365,-0.0034615627958601014,-0.8400925735382547,-0.4465171324694077,0.8482359483678366,0.2848126161317553,0.7116108240762047,0.5296072067858664,-0.46165597751795406,-2.550422191619873,-9.03674602508545,-0.747111976146698
0.72,0.17080077850375722,2.752901756101553,2.6760514697988365,3.82141148186616,-7.15672492980957,-95.4227294921875,-346.8843688964844,-0.2676454186439514,-0.36706486344337463,7.500053882598877,-0.6179912881803717,0.015568668422457882,-0.786030778212098,-0.4234233503805356,0.835818146407008,0.349457712018601,0.6624193793101821,0.5487856072277267,-0.5099361952381967,-3.2057149410247803,-9.524151802062988,-0.7553728818893433
0.73,0.17080077850375722,2.752901756101553,2.6760514697988365,3.82141148186616,-7.159050464630127,-95.42655944824219,-346.8086853027344,-0.19839482009410858,-0.40002456307411194,7.6385674476623535,-0.6918526218861673,0.03723059038416332,-0.721078243139316,-0.3922211228104187,0.8190991333057634,0.41861581508476436,0.6062198779408098,0.5724425673876758,-0.5520932589989084,-3.8689029216766357,-10.007894515991211,-0.7677773833274841
0.74,1.9638568093704096,3.2150555399242235,0.9010053847335332,2.415498530586031,-7.160713195800781,-95.43075561523438,-346.7315979003906,-0.13530565798282623,-0.43921545147895813,7.779324531555176,-0.7622691826034853,0.06028057341911164,-0.6444470076905299,-0.3518876260313704,0.7970644732995784,0.4907782840037573,0.5432502111357355,0.600878089026326,-0.5863656966680861,-4.537597179412842,-10.486278533935547,-0.7846892476081848
0.75,1.9638568093704096,3.2150555399242235,0.9010053847335332,2.415498530586031,-7.161789417266846,-95.43536376953125,-346.6531066894531,-0.08204911649227142,-0.48259633779525757,7.919033050537109,-0.8265608517295815,0.08306605020729149,-0.5566841022438384,-0.302240486267248,0.7688501601584423,0.5634892365301001,0.47481348638071147,0.6340106170461952,-0.6103955198260358,-5.137792587280273,-10.585346221923828,-0.8093172907829285
0.76,1.9638568093704096,3.2150555399242235,0.9010053847335332,2.415498530586031,-7.162385940551758,-95.44042205810547,-346.5732116699219,-0.038704752922058105,-0.5297613143920898,8.056923866271973,-0.8807237040482814,0.10354404468317915,-0.4621735474236092,-0.24579676737033443,0.7341973436185503,0.6328808811883626,0.40485763705007355,0.670993957822358,-0.6211742125105635,-5.671811103820801,-10.331655502319336,-0.8397997617721558
0.77,1.9638568093704096,3.2150555399242235,0.9010053847335332,2.415498530586031,-7.1625895500183105,-95.44597625732422,-346.4919738769531,-0.0034984154626727104,-0.5820260047912598,8.194199562072754,-0.9237659390439954,0.1202868303880497,-0.36357608323067947,-0.18418081157905908,0.6928315556587976,0.6971813710430662,0.3357587206734094,0.7109961419857403,-0.6178596665693177,-6.197235584259033,-10.023747444152832,-0.8727468848228455
0.78,1.9638568093704096,3.2150555399242235,0.9010053847335332,2.415498530586031,-7.162482261657715,-95.45207977294922,-346.4093322753906,0.023559043183922768,-0.639228105545044,8.330397605895996,-0.9558167627528678,0.13210326721400806,-0.2626081545421101,-0.11845715453023331,0.6445086904620012,0.755365110697838,0.2690394368512335,0.753098449547163,-0.6003836329451615,-6.722026348114014,-9.702787399291992,-0.907516360282898
0.79,1.9638568093704096,3.2150555399242235,0.9010053847335332,2.415498530586031,-7.162146091461182,-95.45877838134766,-346.3253479003906,0.04235642030835152,-0.7009134292602539,8.46484088897705,-0.9772966026162551,0.13789336684378958,-0.16086258078002322,-0.04962999974308243,0.5891196714006723,0.806520226587198,0.2059811002015162,0.7961930872277452,-0.5689010056332517,-7.247128009796143,-9.373946189880371,-0.9438470602035522
0.8,1.4684553661102717,2.001929372022167,1.126269287921867,3.622077372997589,-7.161663055419922,-95.46611022949219,-346.24005126953125,0.05288725718855858,-0.7665296196937561,8.596840858459473,-0.9888034054558713,0.13665962374821222,-0.0599330676327253,0.021290417707595086,0.5267207716108667,0.8497717027928673,0.1476974728040662,0.8389811535372234,-0.5237328331665315,-7.772541522979736,-9.037506103515625,-0.9815228581428528
0.81,1.4684553661102717,2.001929372022167,1.126269287921867,3.622077372997589,-7.1611151695251465,-95.47411346435547,-346.1534423828125,0.05524900183081627,-0.8343524932861328,8.72507095336914,-0.9910584976913118,0.1275117734430335,0.03929124313702017,0.09391849348186493,0.45749401309789045,0.8842389634944188,0.0947753698802428,0.88002271312336,-0.46537904298653526,-8.3189058303833,-8.908700942993164,-1.0238840579986572
0.82,1.4684553661102717,2.001929372022167,1.126269287921867,3.622077372997589,-7.160583019256592,-95.48280334472656,-346.0655517578125,0.04976976662874222,-0.9036993384361267,8.848990440368652,-0.984380649636551,0.10948495688431867,0.13786870869476128,0.16970341678441334,0.38167076098727243,0.9085858135251135,0.04685602365563852,0.9177910843015613,-0.394289282917691,-8.887808799743652,-8.971002578735352,-1.0718729496002197
0.83,1.4684553661102717,2.001929372022167,1.126269287921867,3.622077372997589,-7.160144805908203,-95.49219512939453,-345.9764404296875,0.03660137578845024,-0.9746336340904236,8.968390464782715,-0.9686218859110848,0.08159980496912707,0.2347618239046848,0.2484937087678511,0.2999231227633462,0.9210303996799897,0.004745401653412459,0.9504670390186519,-0.3107891389708859,-9.464431762695312,-9.05076789855957,-1.1233593225479126
0.84,1.4684553661102717,2.001929372022167,1.126269287921867,3.622077372997589,-7.159876346588135,-95.50230407714844,-345.8861999511719,0.01592213660478592,-1.04633367061615,9.08248233795166,-0.9437388241256954,0.04306351366568342,0.3278758387387141,0.32929703575503144,0.2133424941231903,0.9198089162669852,-0.03033964536376943,0.9760279268504882,-0.21552028193916858,-10.046971321105957,-9.123013496398926,-1.1780699491500854
0.85,1.4684553661102717,2.001929372022167,1.126269287921867,3.622077372997589,-7.159850120544434,-95.51311492919922,-345.7947998046875,-0.011919082142412663,-1.1177165508270264,9.190305709838867,-0.9099146652859407,-0.006631491411588142,0.4147424806060167,0.41083569557280425,0.12342054867189123,0.9033168875919121,-0.057178082695944044,0.9923322989236957,-0.1095777138474261,-10.635331153869629,-9.183492660522461,-1.2359765768051147
0.86,0.9793273910225491,1.215638503082527,3.695512921583167,1.6248569703990032,-7.1601362228393555,-95.52464294433594,-345.702392578125,-0.046374134719371796,-1.187536597251892,9.290772438049316,-0.8675927619971996,-0.06762289226295723,0.49265600957672573,0.4916418217789199,0.03205887657419854,0.8702071865427823,-0.07463992502659111,0.9971957545410994,0.00543219267258372,-11.229716300964355,-9.230704307556152,-1.297070860862732
0.87,0.9793273910225491,1.215638503082527,3.695512921583167,1.6248569703990032,-7.160790920257568,-95.53684997558594,-345.6090087890625,-0.08498196303844452,-1.2516658306121826,9.382917404174805,-0.8172611837161066,-0.13890924911244798,0.5592748681122403,0.5704455424443158,-0.05740476635936835,0.8193269041747844,-0.08170704190189626,0.9886399310720975,0.1261548492662869,-11.459287643432617,-9.392085075378418,-1.3528379201889038
0.88,0.9793273910225491,1.215638503082527,3.695512921583167,1.6248569703990032,-7.161845684051514,-95.5496597290039,-345.5147399902344,-0.12663176655769348,-1.309099793434143,9.466351509094238,-0.7588145162447777,-0.21684914961830237,0.6141473571106721,0.646687965316049,-0.13875219623159274,0.7500283351689445,-0.07742871206208268,0.966294093095228,0.24552091600855197,-11.351827621459961,-9.665214538574219,-1.4025119543075562
0.89,0.9793273910225491,1.215638503082527,3.695512921583167,1.6248569703990032,-7.163334369659424,-95.5630111694336,-345.419677734375,-0.17169524729251862,-1.360694169998169,9.540480613708496,-0.6927111864506216,-0.29898128946373703,0.6563241582608197,0.7186113916038711,-0.20887091715295134,0.663302802515437,-0.06122809831539966,0.9311192880175376,0.35953858132110617,-11.205072402954102,-9.951005935668945,-1.4521456956863403
0.9,0.9793273910225491,1.215638503082527,3.695512921583167,1.6248569703990032,-7.165289402008057,-95.57685089111328,-345.3239440917969,-0.2194078117609024,-1.405409336090088,9.604902267456055,-0.6198654220404919,-0.38345166018625054,0.6846398198023328,0.7840178448718749,-0.2660462331762027,0.5608345751959433,-0.03290710380789019,0.8844117966836272,0.46554580484181673,-11.060770034790039,-10.235607147216797,-1.5025629997253418
0.91,0.9793273910225491,1.215638503082527,3.695512921583167,1.6248569703990032,-7.167728900909424,-95.59109497070312,-345.2276306152344,-0.26874613761901855,-1.442082166671753,9.659526824951172,-0.5414757488315101,-0.4684623111725703,0.6981024827618146,0.8406838705011543,-0.3090094878485852,0.4447063821205559,0.007392111102666243,0.8276812184835471,0.5611498527693266,-10.92484188079834,-10.517062187194824,-1.5538617372512817
0.92,1.2041528245462199,1.5471819647946745,4.134173248209624,1.2730415663503638,-7.170665740966797,-95.60565948486328,-345.1307678222656,-0.3185904920101166,-1.469699740409851,9.70462417602539,-0.45898679918055996,-0.5522142627630566,0.6959816996006709,0.8864697225502045,-0.3368340588920461,0.3173550815286772,0.05918233841061049,0.7626284972195596,0.6441236108456888,-10.798369407653809,-10.79501724243164,-1.6060477495193481
0.93,1.2041528245462199,1.5471819647946745,4.134173248209624,1.2730415663503638,-7.174105167388916,-95.6204605102539,-345.0335388183594,-0.3698113262653351,-1.4882229566574097,9.738859176635742,-0.3741403917653046,-0.6328074965537823,0.6779186083557813,0.9193721146912665,-0.34890978735219386,0.1817054622678026,0.12154785879567492,0.6912428173913866,0.712326810829836,-10.629366874694824,-11.037363052368164,-1.6572574377059937
0.94,1.2041528245462199,1.5471819647946745,4.134173248209624,1.2730415663503638,-7.178061008453369,-95.63539123535156,-344.9360046386719,-0.42097076773643494,-1.4964205026626587,9.763215065002441,-0.2890473550479437,-0.7081037483147997,0.6442365312230584,0.9376655005141025,-0.34506077831274123,0.04143028380114011,0.19296381962799591,0.6160536834503434,0.7637033608815915,-10.420929908752441,-11.247639656066895,-1.7069945335388184
0.95,1.2041528245462199,1.5471819647946745,4.134173248209624,1.2730415663503638,-7.18251371383667,-95.65034484863281,-344.8383483886719,-0.46919476985931396,-1.4932701587677002,9.780863761901855,-0.20568653888867805,-0.776473215554449,0.5956361248669613,0.9401408289441576,-0.3257749435174494,-0.10002953528030925,0.27171357984500566,0.5394071112830611,0.7970016931130541,-10.21468734741211,-11.452178001403809,-1.7564126253128052
0.96,1.2041528245462199,1.5471819647946745,4.134173248209624,1.2730415663503638,-7.187429428100586,-95.66521453857422,-344.7403869628906,-0.5131253004074097,-1.4788047075271606,9.794066429138184,-0.1259830222561728,-0.8366244980279233,0.5330926067792783,0.9259958922663137,-0.2919582651272407,-0.2393574292346186,0.35589308171010337,0.46348659174070755,0.8114926331566223,-10.0165433883667,-11.654695510864258,-1.8056741952896118
0.97,2.4365426479754366,3.6415272113840174,2.472385120569076,1.487751486959187,-7.192758083343506,-95.67988586425781,-344.6424255371094,-0.5517091155052185,-1.4534180164337158,9.80514907836914,-0.05183751737529557,-0.8875073408106169,0.45786853113053483,0.8948256282822917,-0.24484248100529282,-0.3732817360444717,0.44339594806624893,0.3903624975614851,0.8068563402093287,-9.827451705932617,-11.855733871459961,-1.8548061847686768
0.98,2.4365426479754366,3.6415272113840174,2.472385120569076,1.487751486959187,-7.198455333709717,-95.69422912597656,-344.5444641113281,-0.5876599550247192,-1.4140506982803345,9.809672355651855,0.014464911369843736,-0.9285731151284717,0.3708675453577311,0.8471862166579844,-0.18562709362333707,-0.49781331482563196,0.5310991250640443,0.32139469811053045,0.7839892648389057,-9.85501766204834,-11.726190567016602,-1.9056557416915894
0.99,2.4365426479754366,3.6415272113840174,2.472385120569076,1.487751486959187,-7.204493522644043,-95.7081069946289,-344.4465026855469,-0.6185482144355774,-1.3603435754776,9.810853004455566,0.06986363069819135,-0.9598210802580981,0.27177668589826476,0.7863708610032863,-0.11464242208135855,-0.6070238743445511,0.6137914483524648,0.25612615827263124,0.7467659934530269,-10.076797485351562,-11.284236907958984,-1.9575536251068115
1.0,2.4365426479754366,3.6415272113840174,2.472385120569076,1.487751486959187,-7.210794925689697,-95.72139739990234,-344.3482971191406,-0.640055239200592,-1.2964426279067993,9.816373825073242,0.11321848308206056,-0.9801844621492934,0.1625422875737197,0.7156922656472418,-0.03301986478028979,-0.6976347679284698,0.6891778841353774,0.1953154082272876,0.6977719794658516,-10.322176933288574,-10.790386199951172,-2.008599281311035
1.01,2.4365426479754366,3.6415272113840174,2.472385120569076,1.487751486959187,-7.217259407043457,-95.73401641845703,-344.2500305175781,-0.6509808897972107,-1.2247350215911865,9.828669548034668,0.14434252529114544,-0.9884599768173985,0.04595769383599152,0.6380934438972896,0.057480552705432286,-0.7678103560879954,0.7563081331361388,0.14015298887582,0.6390267188946819,-10.566692352294922,-10.280864715576172,-2.058342695236206
1.02,2.4365426479754366,3.6415272113840174,2.472385120569076,1.487751486959187,-7.223777770996094,-95.74588012695312,-344.15167236328125,-0.6507219076156616,-1.1473350524902344,9.849143981933594,0.16351986997914197,-0.9836806169911763,-0.07505795013097083,0.5563450523684459,0.15477735044631974,-0.8164093057369987,0.8147032802359123,0.09174102432759246,0.5725750165944794,-10.806297302246094,-9.760578155517578,-2.106534957885742
1.03,2.59672004270704,2.14961374752954,3.0792662882957433,1.319264642727438,-7.230236053466797,-95.7569580078125,-344.05303955078125,-0.6389707922935486,-1.0663450956344604,9.87873363494873,0.17140634702549745,-0.9651789531219661,-0.19760934352848852,0.4730173215161603,0.2565707776535263,-0.8428677533278528,0.8642189987179478,0.05100024024110289,0.5005242229406063,-11.039694786071777,-9.230276107788086,-2.152951955795288
1.04,2.59672004270704,2.14961374752954,3.0792662882957433,1.319264642727438,-7.236522197723389,-95.76721954345703,-343.95404052734375,-0.6167259216308594,-0.9873399138450623,9.919894218444824,0.16886300906738438,-0.9328010437494114,-0.3183826266439757,0.39006460915823604,0.35989432316030767,-0.8475409587974003,0.9051711909086264,0.018928521785730068,0.424625512907628,-11.081448554992676,-8.812906265258789,-2.199009656906128
1.05,2.59672004270704,2.14961374752954,3.0792662882957433,1.319264642727438,-7.242538928985596,-95.77671813964844,-343.8546142578125,-0.5850085020065308,-0.9120235443115234,9.972228050231934,0.15656232974603845,-0.8877150827936628,-0.43295515782253136,0.3080861759512606,0.4603831834082994,-0.8325444328217978,0.938387523943185,-0.003042402912243336,0.3455714089624573,-10.947478294372559,-8.50489330291748,-2.2442729473114014
1.06,2.59672004270704,2.14961374752954,3.0792662882957433,1.319264642727438,-7.248190879821777,-95.78545379638672,-343.7546081542969,-0.5438359975814819,-0.8392312526702881,10.034071922302246,0.135411255618198,-0.8315164597713411,-0.5387431382219532,0.2282266811936015,0.5553065086231639,-0.7997169896107661,0.9641454111508581,-0.01466487674982292,0.26496899355708636,-10.786757469177246,-8.211082458496094,-2.287336587905884
1.07,2.59672004270704,2.14961374752954,3.0792662882957433,1.319264642727438,-7.253386974334717,-95.79350280761719,-343.6539001464844,-0.49385419487953186,-0.7700206637382507,10.104978561401367,0.10651217407858188,-0.7658571825958498,-0.6341276942693804,0.151743872524086,0.6428053370371977,-0.7508495826914259,0.9826642121927752,-0.016250370544745818,0.18468072864462776,-10.61963176727295,-7.91862154006958,-2.3280351161956787
1.08,2.59672004270704,2.14961374752954,3.0792662882957433,1.319264642727438,-7.258042812347412,-95.8008804321289,-343.5524597167969,-0.4359434247016907,-0.7056278586387634,10.184418678283691,0.07103728832688988,-0.6924522721240185,-0.7179579057977192,0.07969840323175409,0.7214153245656227,-0.6879012240170721,0.9942846012030313,-0.008353461088771164,0.10643472881708932,-10.448486328125,-7.626168251037598,-2.3663763999938965
1.09,3.890800062235134,3.6371741433257143,3.0721821269371525,0.5286293042513367,-7.262084007263184,-95.80763244628906,-343.4501953125,-0.37109604477882385,-0.6471659541130066,10.271683692932129,0.030171441278935562,-0.6130446392677239,-0.7894719465543143,0.012916437582677354,0.7900047039859558,-0.6129647080544157,0.9994612797759224,0.008296863574180136,0.03175393335489163,-10.273298263549805,-7.333939552307129,-2.4023942947387695
1.1,3.890800062235134,3.6371741433257143,3.0721821269371525,0.5286293042513367,-7.265420913696289,-95.8138198852539,-343.34698486328125,-0.29290643334388733,-0.5903351306915283,10.365925788879395,-0.014240906172189483,-0.5294886303920872,-0.8481974928499297,-0.04755002481180215,0.8476824094402904,-0.5283687423248092,0.9987673361357948,0.03280736214655722,-0.0372489631693656,-10.046965599060059,-6.796771049499512,-2.4338204860687256
1.11,3.890800062235134,3.6371741433257143,3.0721821269371525,0.5286293042513367,-7.2679033279418945,-95.81945037841797,-343.24285888671875,-0.20221465826034546,-0.5375471711158752,10.467033386230469,-0.058306612797477286,-0.44397080462160216,-0.8941421942553277,-0.09996614575301171,0.8937606869401004,-0.43726262609974753,0.99328098170023,0.0638886462840397,-0.09649420847190865,-9.76465892791748,-6.034431457519531,-2.4589948654174805
1.12,3.890800062235134,3.6371741433257143,3.0721821269371525,0.5286293042513367,-7.269448280334473,-95.8246078491211,-343.1376647949219,-0.10604359209537506,-0.49395743012428284,10.573840141296387,-0.09982837075102569,-0.35824977486219944,-0.9282733407808172,-0.14455374655730133,0.9282576254049493,-0.3426981109282814,0.9844483281256784,0.09997439516570507,-0.1444527935410327,-9.459141731262207,-5.245296001434326,-2.4789388179779053
1.13,3.890800062235134,3.6371741433257143,3.0721821269371525,0.5286293042513367,-7.270012378692627,-95.82937622070312,-343.0313720703125,-0.006468481384217739,-0.4603898823261261,10.684859275817871,-0.13760420731814194,-0.27372750665765194,-0.9519129866890832,-0.18232303014173756,0.9516330021905718,-0.2472912085410518,0.9735622192794258,0.1395273494363884,-0.1808555333711831,-9.134602546691895,-4.457828044891357,-2.494002342224121
1.14,0.8347742427607054,3.998080251272003,1.51598980254307,3.6659579820894277,-7.2695698738098145,-95.83384704589844,-342.9239501953125,0.09530729800462723,-0.43691933155059814,10.798752784729004,-0.17082212260118101,-0.19154553166288898,-0.9665040671047422,-0.21449071811951967,0.9646263186367179,-0.15326381580120585,0.9616722592809879,0.1811253010856142,-0.2058642539054456,-8.791363716125488,-3.676774501800537,-2.5044569969177246
1.15,0.8347742427607054,3.998080251272003,1.51598980254307,3.6659579820894277,-7.268118858337402,-95.83815002441406,-342.8153991699219,0.19336719810962677,-0.42393192648887634,10.913243293762207,-0.19989890015929107,-0.11059028272256469,-0.9735554524948485,-0.242415607849887,0.9683018082844301,-0.0602186112748596,0.9493550983619753,0.2239674026291461,-0.22037127710679166,-9.05069351196289,-3.1929287910461426,-2.513727903366089
1.16,0.8347742427607054,3.998080251272003,1.51598980254307,3.6659579820894277,-7.2657151222229,-95.84235382080078,-342.7056884765625,0.2872462570667267,-0.4207233190536499,11.027356147766113,-0.22813872181012895,-0.023930158643977822,-0.9733345114184098,-0.26712606433661923,0.9628745864645181,0.0389383678755473,0.9362672638530458,0.268886366794706,-0.2260613465169885,-9.877516746520996,-2.966365098953247,-2.5247249603271484
1.17,0.8347742427607054,3.998080251272003,1.51598980254307,3.6659579820894277,-7.2623772621154785,-95.8465805053711,-342.5948181152344,0.3801574409008026,-0.42725539207458496,11.141202926635742,-0.2564551398236456,0.07005218680690335,-0.9640142386819838,-0.28870258997280984,0.9462880208878095,0.14556715311918328,0.9224324234332971,0.3156448520850654,-0.22245617894581188,-10.779169082641602,-2.7549469470977783,-2.5363004207611084
1.18,0.8347742427607054,3.998080251272003,1.51598980254307,3.6659579820894277,-7.258115768432617,-95.8509292602539,-342.48284912109375,0.4717232584953308,-0.44416502118110657,11.254175186157227,-0.2847268477543948,0.17040104277745782,-0.9433419882461505,-0.30710415477866776,0.9159933500420248,0.2581534830221521,0.9080846107525034,0.36320747142527704,-0.20847703090587882,-11.686506271362305,-2.5248610973358154,-2.5479984283447266
1.19,0.8347742427607054,3.998080251272003,1.51598980254307,3.6659579820894277,-7.2529497146606445,-95.85549926757812,-342.3697509765625,0.5608762502670288,-0.4719610810279846,11.365496635437012,-0.31267937875348917,0.275322946589261,-0.9090813391461402,-0.32237826772904427,0.8695015804791655,0.3742181904187108,0.8934785160250655,0.4100783786371098,-0.18311707942190036,-12.589601516723633,-2.271496295928955,-2.5594332218170166
1.2,2.9361880460056726,3.4250066389009692,1.5119161802022054,0.41840073666653776,-7.246910095214844,-95.86040496826172,-342.25555419921875,0.6462802290916443,-0.5108948945999146,11.474303245544434,-0.340029760867867,0.38237157576846864,-0.859169214863102,-0.3346812764090677,0.8045886434842728,0.4905359905219337,0.8788448127771695,0.45434468503601494,-0.1456114770002212,-13.486533164978027,-1.9942340850830078,-2.570199966430664
1.21,2.9361880460056726,3.4250066389009692,1.5119161802022054,0.41840073666653776,-7.240063667297363,-95.86573791503906,-342.1402587890625,0.7198355197906494,-0.5565680265426636,11.578653335571289,-0.3656374250650726,0.48725872969131956,-0.7930247182348009,-0.34491311391127855,0.7204272246261424,0.6016806111796352,0.864490727101112,0.49352157435828026,-0.09535322962079229,-13.922188758850098,-1.3679331541061401,-2.5779495239257812
1.22,2.9361880460056726,3.4250066389009692,1.5119161802022054,0.41840073666653776,-7.23254919052124,-95.87155151367188,-342.02392578125,0.7815150022506714,-0.6071452498435974,11.678238868713379,-0.38637003706543527,0.5827172014377966,-0.7149537450818455,-0.35639840634946823,0.6206207140047799,0.6984340379017595,0.8507046317080995,0.5246623604726182,-0.032109766328751066,-13.917672157287598,-0.4313688278198242,-2.578857421875
1.23,2.9361880460056726,3.4250066389009692,1.5119161802022054,0.41840073666653776,-7.2244553565979,-95.8779067993164,-341.90667724609375,0.8359962701797485,-0.6643619537353516,11.772981643676758,-0.40217115701670486,0.6658536229152562,-0.6284085560481117,-0.3714494853365585,0.5086754392742787,0.7767075236679025,0.8368295168712984,0.545791398182261,0.042756395582437545,-13.83066177368164,0.5459400415420532,-2.572516679763794
1.24,2.9361880460056726,3.4250066389009692,1.5119161802022054,0.41840073666653776,-7.215851783752441,-95.88485717773438,-341.7884826660156,0.883368730545044,-0.7272055149078369,11.861798286437988,-0.4142233295611611,0.7356215871353845,-0.5359849939948726,-0.39137855708036906,0.38769980406608984,0.8345727571547036,0.8217310133522733,0.5554725397961032,0.12731221161975226,-13.711143493652344,1.525067925453186,-2.558997631072998
1.25,2.9361880460056726,3.4250066389009692,1.5119161802022054,0.41840073666653776,-7.206811904907227,-95.89246368408203,-341.6694641113281,0.9232733845710754,-0.794072151184082,11.943414688110352,-0.42396813248445636,0.7915462861092837,-0.440119869563103,-0.41688477209567987,0.2608535276940073,0.8707252861174557,0.8040261870314771,0.5526390449798062,0.21939001009943976,-13.566312789916992,2.499444007873535,-2.5384669303894043
1.26,2.960627116552072,1.2896150111307436,3.532637394303627,2.9315312309776167,-7.19741153717041,-95.90074920654297,-341.5496826171875,0.9554429650306702,-0.8631706833839417,12.016490936279297,-0.43290731711496283,0.8335507809235706,-0.34319724708982,-0.44809326929423887,0.13136623157970612,0.8842823843172203,0.7821788010432947,0.5365966910280504,0.3166390916741351,-13.397754669189453,3.4669134616851807,-2.5111427307128906
1.27,2.960627116552072,1.2896150111307436,3.532637394303627,2.9315312309776167,-7.187717437744141,-95.90977478027344,-341.42919921875,0.9830955266952515,-0.9424533247947693,12.075669288635254,-0.4429411415015697,0.8617850179851971,-0.24724426776275332,-0.48320846310949084,0.0028193149962889574,0.87550078962975,0.7551905232089784,0.5072658417823985,0.4151730234687032,-13.082314491271973,3.9686052799224854,-2.4833850860595703
1.28,2.960627116552072,1.2896150111307436,3.532637394303627,2.9315312309776167,-7.177772521972656,-95.91963195800781,-341.3081970214844,1.004278302192688,-1.0291106700897217,12.11863899230957,-0.45642251419431434,0.876453888851371,-0.15332015279750222,-0.5163766508482469,-0.12059603282103915,0.847827666054001,0.7245920528099163,0.46613858195298025,0.5076230682500313,-12.643657684326172,4.033267974853516,-2.4594693183898926
1.29,2.960627116552072,1.2896150111307436,3.532637394303627,2.9315312309776167,-7.16766357421875,-95.93034362792969,-341.1868591308594,1.0159775018692017,-1.113291621208191,12.1481294631958,-0.4735824814695808,0.8784947959356404,-0.06298036804522072,-0.5453463744591811,-0.23633313475442974,0.8042039425925311,0.6916046306303485,0.4152030141161572,0.5910071843552474,-12.188956260681152,4.025369167327881,-2.437011480331421
1.3,2.960627116552072,1.2896150111307436,3.532637394303627,2.9315312309776167,-7.15748405456543,-95.94189453125,-341.0653076171875,1.0182496309280396,-1.1922589540481567,12.165169715881348,-0.49400591594031074,0.8691737942221694,0.02225017872764634,-0.5694649074224737,-0.34278857468995194,0.7471316565882778,0.6570143637929751,0.35641676237162134,0.6643035580743514,-11.733341217041016,3.9959723949432373,-2.415736436843872
1.31,2.2642218978649895,1.1718389234675763,2.6301605165183393,2.861301183766159,-7.147326946258545,-95.95419311523438,-340.94354248046875,1.0116254091262817,-1.2645039558410645,12.170716285705566,-0.5171742145078869,0.8498815196324865,0.10115450773606377,-0.5884253416880938,-0.43889496236913306,0.6790631997584959,0.6215194680035372,0.29167210115842823,0.7270769809988674,-11.27908706665039,3.9523024559020996,-2.395662784576416
1.32,2.2642218978649895,1.1718389234675763,2.6301605165183393,2.861301183766159,-7.137275218963623,-95.96714782714844,-340.82177734375,0.9979128837585449,-1.3236275911331177,12.172102928161621,-0.5425457668586152,0.8219931952740488,0.17312214701463613,-0.6021128600635043,-0.5242445826905001,0.6021857863365849,0.5857509663755962,0.22247427816002355,0.7793593528964878,-10.934367179870605,3.9072885513305664,-2.377241611480713
1.33,2.2642218978649895,1.1718389234675763,2.6301605165183393,2.861301183766159,-7.127387523651123,-95.98062133789062,-340.70001220703125,0.9786993861198425,-1.370229959487915,12.170777320861816,-0.5696273335166524,0.7865285446899845,0.23853207184477992,-0.6105742927234946,-0.5992314146229023,0.5178037705484959,0.5502033569289744,0.14931363004391202,0.8215727027519824,-10.69140338897705,3.8638241291046143,-2.3601131439208984
1.34,2.2642218978649895,1.1718389234675763,2.6301605165183393,2.861301183766159,-7.1177191734313965,-95.9945068359375,-340.5782470703125,0.9540172815322876,-1.4082978963851929,12.163243293762207,-0.5979474908772274,0.7444202637234946,0.2971485640407362,-0.6138702994226265,-0.6636916795403286,0.4274068436463241,0.5153853448056159,0.07315617176138467,0.8538302646854443,-10.464009284973145,3.814575672149658,-2.3437883853912354
1.35,2.2642218978649895,1.1718389234675763,2.6301605165183393,2.861301183766159,-7.108323097229004,-96.00874328613281,-340.45672607421875,0.9243773818016052,-1.4379855394363403,12.150177955627441,-0.6270379647563247,0.6966369242586976,0.34859774312755887,-0.6121264826085961,-0.7174076108708718,0.33260710929529985,0.4817930676581741,-0.00482862546995827,0.8762717183229165,-10.2402925491333,3.758678674697876,-2.328218936920166
1.36,2.2642218978649895,1.1718389234675763,2.6301605165183393,2.861301183766159,-7.099245548248291,-96.02323913574219,-340.33526611328125,0.8904477953910828,-1.4591095447540283,12.132967948913574,-0.6564423106969326,0.6441485450212261,0.392627233739471,-0.6055501341227565,-0.7603278588736719,0.23496932158153971,0.4498805705859981,-0.083511669649307,0.8891756143988665,-10.018732070922852,3.6961820125579834,-2.313416004180908
1.37,0.08755112801659633,0.7165611498546205,4.054287859201371,2.870475416086906,-7.0905256271362305,-96.03790283203125,-340.2140808105469,0.8529390096664429,-1.4715787172317505,12.113140106201172,-0.6857251601626435,0.5879022886612957,0.4291292389324306,-0.5944227586713065,-0.7925751611755096,0.1359639579491865,0.42005069776577,-0.1618502791916808,0.8929512295932316,-9.799211502075195,3.627251148223877,-2.299393892288208
1.38,0.08755112801659633,0.7165611498546205,4.054287859201371,2.870475416086906,-7.082188129425049,-96.05262756347656,-340.0929870605469,0.8150052428245544,-1.474938154220581,12.097135543823242,-0.7140510108315887,0.5287679258023998,0.4588416225376835,-0.5790521904913304,-0.81443104059626,0.03742513594477573,0.3934840716186338,-0.23896979046716513,0.887729533487819,-9.607074737548828,3.2726075649261475,-2.280548095703125
1.39,0.08755112801659633,0.7165611498546205,4.054287859201371,2.870475416086906,-7.074225902557373,-96.06735229492188,-339.9721374511719,0.7772844433784485,-1.4703490734100342,12.086106300354004,-0.7393642800400001,0.46730496147638323,0.48473346736169143,-0.5601509229722629,-0.8263762241738265,-0.057734561689955666,0.3735925653626607,-0.3142107717755158,0.8727543675089688,-9.448793411254883,2.652482509613037,-2.259026288986206
1.4,0.08755112801659633,0.7165611498546205,4.054287859201371,2.870475416086906,-7.066647052764893,-96.0820083618164,-339.8512878417969,0.738209068775177,-1.4589036703109741,12.077692985534668,-0.7606909649091074,0.4038590921541139,0.5081801743379074,-0.5391638618512645,-0.8290584638055327,-0.14820389220948463,0.3614575853115848,-0.3867297470803933,0.8484035105678509,-9.308320045471191,1.9911280870437622,-2.2401769161224365
1.41,0.08755112801659633,0.7165611498546205,4.054287859201371,2.870475416086906,-7.0594658851623535,-96.09651184082031,-339.7304382324219,0.697716236114502,-1.4411178827285767,12.072844505310059,-0.7775680037265594,0.33869486462551324,0.5297865497131831,-0.517588071518977,-0.8231806819010553,-0.23340127070386824,0.3570582414704359,-0.45569655871118814,0.8153833813469715,-9.183237075805664,1.3203673362731934,-2.2246623039245605
1.42,0.08755112801659633,0.7165611498546205,4.054287859201371,2.870475416086906,-7.052696228027344,-96.11080932617188,-339.6095886230469,0.6559283137321472,-1.4174901247024536,12.072836875915527,-0.7896421352062294,0.27202085184738334,0.5499726852009751,-0.49681977775432995,-0.8094601702844028,-0.31296060639525214,0.3600491726682414,-0.5203641887018838,0.7743291963871343,-9.073073387145996,0.6450833678245544,-2.2125017642974854
1.43,2.4336455932406573,3.2888411646162874,2.5059449806728504,2.3091843476112914,-7.046351909637451,-96.12484741210938,-339.4887390136719,0.6129590272903442,-1.388523817062378,12.078845977783203,-0.7966016667604252,0.20400369571454513,0.5690415421121026,-0.4781353054766483,-0.7886132783105824,-0.3866209085512424,0.36988162183496587,-0.5800617117230228,0.7257520213004522,-8.977668762207031,-0.033504895865917206,-2.203638792037964
1.44,2.4336455932406573,3.2888411646162874,2.5059449806728504,2.3091843476112914,-7.040466785430908,-96.13854217529297,-339.3678894042969,0.5614448189735413,-1.3493033647537231,12.082866668701172,-0.7991057104686157,0.1346228413240868,0.5859238466646319,-0.4619694947071927,-0.761192780081434,-0.455159024421003,0.38472620063680407,-0.6343991189667021,0.6704651433130899,-8.986584663391113,-0.23093444108963013,-2.1988184452056885
1.45,2.4336455932406573,3.2888411646162874,2.5059449806728504,2.3091843476112914,-7.035147666931152,-96.15179443359375,-339.2470397949219,0.5018996596336365,-1.2991352081298828,12.087587356567383,-0.8005996751147056,0.06362187312878306,0.595812401235332,-0.44616353069697623,-0.7270339939187939,-0.521880901703152,0.39997282917997756,-0.6836474449203125,0.6104489388734262,-9.080049514770508,0.021395469084382057,-2.1950201988220215
1.46,2.4336455932406573,3.2888411646162874,2.5059449806728504,2.3091843476112914,-7.030433177947998,-96.16450500488281,-339.12615966796875,0.4409365653991699,-1.2420541048049927,12.101147651672363,-0.8022680157929054,-0.008466196617827132,0.5969039741453753,-0.429656063721364,-0.6859897477125139,-0.5872084237651781,0.4144414286038232,-0.7275619489419097,0.5467100810380874,-9.179197311401367,0.3377021849155426,-2.1900081634521484
1.47,2.4336455932406573,3.2888411646162874,2.5059449806728504,2.3091843476112914,-7.026327610015869,-96.17662048339844,-339.0050048828125,0.38026100397109985,-1.1788307428359985,12.124815940856934,-0.8042608876938978,-0.08080167647091352,0.5887576017388764,-0.41205019976033963,-0.6380740013623395,-0.650443081032397,0.4282278101703435,-0.7657236171523919,0.4798836158192623,-9.273091316223145,0.6639981865882874,-2.183436632156372
1.48,2.197439268571134,0.1637065462117932,2.7677033126812702,4.154620825592312,-7.022823333740234,-96.18807220458984,-338.88360595703125,0.3208822011947632,-1.1097567081451416,12.158833503723145,-0.8065226793906313,-0.15246471868128567,0.5712054596955405,-0.39307127136315556,-0.5834079856649517,-0.7107250508398563,0.44160632157783913,-0.7977403285655053,0.41060227096630897,-9.360217094421387,0.9927297234535217,-2.1752259731292725
1.49,2.197439268571134,0.1637065462117932,2.7677033126812702,4.154620825592312,-7.019891262054443,-96.19881439208984,-338.76177978515625,0.26694127917289734,-1.039374589920044,12.205347061157227,-0.8082090316398657,-0.22236047987778396,0.5453017313050385,-0.37342309485636815,-0.5224932717358489,-0.7665219978700287,0.45536068495604953,-0.8231382617636541,0.33924924261826633,-9.343042373657227,0.9462448954582214,-2.1744840145111084
1.5,2.197439268571134,0.1637065462117932,2.7677033126812702,4.154620825592312,-7.017467021942139,-96.20884704589844,-338.6394348144531,0.21860972046852112,-0.9683651328086853,12.263385772705078,-0.8066558794993126,-0.28926290097999785,0.5153962225180022,-0.3567748809465072,-0.45690600542402926,-0.8148304035399404,0.4711878355760001,-0.8411681617394303,0.26536417859445804,-9.238676071166992,0.549430787563324,-2.183016777038574
1.51,2.197439268571134,0.1637065462117932,2.7677033126812702,4.154620825592312,-7.015508651733398,-96.21817779541016,-338.5164794921875,0.17348869144916534,-0.8941211700439453,12.330817222595215,-0.8012704422749949,-0.3527421842940394,0.48325834680417457,-0.3448046890838509,-0.38784319650446125,-0.8548025393685904,0.4889533768389608,-0.8515577527946484,0.18914013041421268,-9.13054370880127,0.10277675092220306,-2.1947813034057617
1.52,2.197439268571134,0.1637065462117932,2.7677033126812702,4.154620825592312,-7.0139875411987305,-96.22676086425781,-338.392822265625,0.13137711584568024,-0.8168339133262634,12.407127380371094,-0.792271120966873,-0.4126489504417656,0.44947448713047583,-0.3381443526330152,-0.31624402846208155,-0.8863679322067524,0.5079024194314239,-0.854230974714324,0.11101609871690901,-9.030343055725098,-0.35153865814208984,-2.208890676498413
1.53,2.197439268571134,0.1637065462117932,2.7677033126812702,4.154620825592312,-7.012870788574219,-96.2345199584961,-338.2683410644531,0.09234422445297241,-0.7371166348457336,12.491861343383789,-0.7800019836983227,-0.46889981663861074,0.41440302530623346,-0.33716040960222077,-0.2429830141445073,-0.9095505005408512,0.5271809590866728,-0.8491714884483154,0.031432778797433114,-8.939803123474121,-0.8074923753738403,-2.225187063217163
1.54,1.2745313064882708,2.89383515328835,3.9933143858751747,3.7540118744368565,-7.012129306793213,-96.24149322509766,-338.1429748535156,0.0564761683344841,-0.6556463837623596,12.584463119506836,-0.7648387276248293,-0.5214422422145899,0.37831165559555924,-0.3420692922254693,-0.16890137756345933,-0.924370555553092,0.5459032149031534,-0.836403199833302,-0.04918706402108933,-8.85930061340332,-1.2639328241348267,-2.243617296218872
1.55,1.2745313064882708,2.89383515328835,3.9933143858751747,3.7540118744368565,-7.011744976043701,-96.24759674072266,-338.01666259765625,0.019477002322673798,-0.5618706345558167,12.685319900512695,-0.747272369106367,-0.570390166222334,0.34093850566783396,-0.35274867525093523,-0.0943182370158889,-0.9309524382453299,0.5631628347812625,-0.8159406402692985,-0.13072296308628992,-8.943424224853516,-1.6521241664886475,-2.253955364227295
1.56,1.2745313064882708,2.89383515328835,3.9933143858751747,3.7540118744368565,-7.01173734664917,-96.25270080566406,-337.8892517089844,-0.01741943135857582,-0.45721644163131714,12.795239448547363,-0.7280703772726661,-0.6160991688722577,0.3005583801076772,-0.3683709708776055,-0.018129633564087647,-0.9295020947805993,0.5781144813553176,-0.7874599231083098,-0.21375339984553898,-9.179134368896484,-1.9732563495635986,-2.2566893100738525
1.57,1.2745313064882708,2.89383515328835,3.9933143858751747,3.7540118744368565,-7.012078762054443,-96.25674438476562,-337.7607116699219,-0.050102923065423965,-0.35155197978019714,12.913101196289062,-0.7077538411971784,-0.6582607080536442,0.2564709350069788,-0.38851644490337645,0.059465187528353065,-0.9195209967759623,0.5900334501621757,-0.750437693419602,-0.2978318250032836,-9.441758155822754,-2.279883623123169,-2.2599027156829834
1.58,1.2745313064882708,2.89383515328835,3.9933143858751747,3.7540118744368565,-7.012722015380859,-96.25973510742188,-337.6309509277344,-0.07766294479370117,-0.24713508784770966,13.037834167480469,-0.6867781988287893,-0.6963209359080047,0.20850146241617587,-0.41287218548339816,0.13762517453920942,-0.9003309779115757,0.598224259009651,-0.7044121418241257,-0.38200951608971917,-9.713891983032227,-2.5790493488311768,-2.264777421951294
1.59,1.2745313064882708,2.89383515328835,3.9933143858751747,3.7540118744368565,-7.013613700866699,-96.2616958618164,-337.49993896484375,-0.09958534687757492,-0.14523543417453766,13.168360710144043,-0.6656253219695866,-0.7296646061028821,0.156628520243314,-0.44103802984828644,0.21530255672516252,-0.8712808188495547,0.6020202546263924,-0.6490257095588234,-0.46512067396670254,-9.993108749389648,-2.871396780014038,-2.2715275287628174
1.6,3.0315326269065372,0.9141155167875251,0.9348975781674592,3.971616890852292,-7.0146942138671875,-96.26264953613281,-337.3675842285156,-0.11540763080120087,-0.047067053616046906,13.303544044494629,-0.6448121107650222,-0.7576457568487782,0.10094676289905732,-0.47249589426731703,0.2913018082549599,-0.8317997874536388,0.6008036049419849,-0.5840515076912588,-0.5458194432706502,-10.279017448425293,-3.1566789150238037,-2.2802343368530273
1.61,3.0315326269065372,0.9141155167875251,0.9348975781674592,3.971616890852292,-7.015896797180176,-96.2626953125,-337.23388671875,-0.12365077435970306,0.03469318151473999,13.434039115905762,-0.624888651027927,-0.7796159409342662,0.04139031840511004,-0.5061396293386096,0.36418241977168325,-0.7817888722297194,0.5944214409234181,-0.5094802741720431,-0.6221679843901542,-10.535297393798828,-3.254350423812866,-2.304115056991577
1.62,3.0315326269065372,0.9141155167875251,0.9348975781674592,3.971616890852292,-7.017146587371826,-96.26200866699219,-337.09893798828125,-0.12534008920192719,0.10090745985507965,13.557696342468262,-0.6062753280025819,-0.7949311825844296,-0.022685713792655382,-0.5396477879093113,0.43219499367815206,-0.7224871988098676,0.5841322552812409,-0.42578386817076863,-0.6910120157751156,-10.759745597839355,-3.1761586666107178,-2.3408749103546143
1.63,3.0315326269065372,0.9141155167875251,0.9348975781674592,3.971616890852292,-7.018385410308838,-96.26069641113281,-336.9627685546875,-0.12136618047952652,0.16026487946510315,13.679768562316895,-0.5891633030541077,-0.8028808827741172,-0.0909334394501149,-0.5721197841276711,0.4939812996907473,-0.6547224054250373,0.5705835214445651,-0.3337135952155594,-0.7503796915057237,-10.978631973266602,-3.0657167434692383,-2.379192590713501
1.64,3.0315326269065372,0.9141155167875251,0.9348975781674592,3.971616890852292,-7.019555568695068,-96.25881958007812,-336.82537841796875,-0.11149945855140686,0.21328264474868774,13.800674438476562,-0.5736863355941352,-0.8027832497828808,-0.1625516601595028,-0.6032035895106571,0.5483408934426398,-0.5791957304573183,0.5541023533193414,-0.23422493130869879,-0.7988174156835862,-11.195345878601074,-2.942929983139038,-2.41742205619812
1.65,0.7073959037726942,1.0084399248475517,2.608609171060166,3.2964694895997444,-7.020596027374268,-96.2564468383789,-336.686767578125,-0.09550775587558746,0.25947105884552,13.920279502868652,-0.5599460303629578,-0.794037116805913,-0.236570285994075,-0.6326455959250479,0.5941341214166587,-0.4967536569821063,0.5349953205752426,-0.12849008873453216,-0.8350271277387251,-11.410066604614258,-2.8104190826416016,-2.455266237258911
1.66,0.7073959037726942,1.0084399248475517,2.608609171060166,3.2964694895997444,-7.021450042724609,-96.253662109375,-336.5469970703125,-0.07479117065668106,0.2957167625427246,14.033788681030273,-0.548248259416083,-0.7761395130138515,-0.3114984789462978,-0.6605369320759908,0.6303074344470602,-0.4079258504243179,0.5129471779928938,-0.01788838783643254,-0.8582337666217404,-11.629342079162598,-2.8907485008239746,-2.4838509559631348
1.67,0.7073959037726942,1.0084399248475517,2.608609171060166,3.2964694895997444,-7.022078037261963,-96.25057220458984,-336.4061279296875,-0.049953144043684006,0.32254165410995483,14.141605377197266,-0.5397624189795734,-0.7487847548226727,-0.38467898565228287,-0.6874875193550922,0.6558075440078309,-0.3118932124195692,0.48581626340449013,0.09611376679522445,-0.8687604399626702,-11.859107971191406,-3.1690852642059326,-2.5055136680603027
1.68,0.7073959037726942,1.0084399248475517,2.608609171060166,3.2964694895997444,-7.022432804107666,-96.24724578857422,-336.26416015625,-0.020176177844405174,0.3418051302433014,14.247980117797852,-0.535312800950104,-0.7119969894102974,-0.4544232522765836,-0.7128268743599618,0.6694268713186948,-0.20915427594641986,0.4531203508221207,0.21196214526923648,-0.8658833620319204,-12.09739875793457,-3.467733860015869,-2.5282251834869385
1.69,0.7073959037726942,1.0084399248475517,2.608609171060166,3.2964694895997444,-7.022465705871582,-96.24376678466797,-336.1211853027344,0.0144248828291893,0.35337740182876587,14.35401439666748,-0.5354254790508235,-0.6660205059812536,-0.5193613789989309,-0.7354633652112623,0.6699972409507333,-0.10098185753159061,0.4152266788337686,0.3279030081150216,-0.8485672763274568,-12.343939781188965,-3.761446237564087,-2.5531258583068848
1.7,0.7073959037726942,1.0084399248475517,2.608609171060166,3.2964694895997444,-7.022130012512207,-96.24019622802734,-335.9770812988281,0.05349031090736389,0.35699644684791565,14.460371017456055,-0.5404793554828984,-0.6113027641297677,-0.5780925504312406,-0.7542567749675775,0.6564877436060372,0.010979977712333333,0.3727985833024318,0.4419646739982277,-0.8158973239478975,-12.598691940307617,-4.046284198760986,-2.5804004669189453
1.71,3.5819975254290024,4.066078325091717,1.1739058421788364,1.3990010551154664,-7.021383285522461,-96.23663330078125,-335.83197021484375,0.09654630720615387,0.35250023007392883,14.567571640014648,-0.5507158039941568,-0.5485112033209332,-0.6291641781462861,-0.768092791672782,0.6280655099798483,0.12476849984698021,0.32671940042088443,0.5519684547192668,-0.7671931037121246,-12.861660957336426,-4.321146488189697,-2.610097885131836
1.72,3.5819975254290024,4.066078325091717,1.1739058421788364,1.3990010551154664,-7.0201616287231445,-96.23316955566406,-335.6856994628906,0.15080536901950836,0.33775392174720764,14.68476390838623,-0.5648223338809925,-0.47855905913015556,-0.6722774412946557,-0.7763931328664166,0.584227061208373,0.2364158289744977,0.27962373716674976,0.6554845290899616,-0.7015344594078127,-13.106673240661621,-3.948434591293335,-2.639711380004883
1.73,3.5819975254290024,4.066078325091717,1.1739058421788364,1.3990010551154664,-7.018332004547119,-96.22991180419922,-335.5382385253906,0.2160228043794632,0.3112044632434845,14.809832572937012,-0.5771551419179679,-0.4022957934861272,-0.7106687250055523,-0.7812112656265214,0.5255153674112287,0.33696076488643206,0.2379094378452828,0.7496610521815896,-0.617581902443824,-13.313981056213379,-2.9745240211486816,-2.6635587215423584
1.74,3.5819975254290024,4.066078325091717,1.1739058421788364,1.3990010551154664,-7.015826225280762,-96.22697448730469,-335.3895263671875,0.28586313128471375,0.2751292884349823,14.934414863586426,-0.5852646594521905,-0.32021902095270904,-0.7449329211522335,-0.7850828349900117,0.45352153916571136,0.4218567952715826,0.2027565550120568,0.8317319232378018,-0.5168285859613321,-13.492382049560547,-1.910746693611145,-2.6803061962127686
1.75,3.5819975254290024,4.066078325091717,1.1739058421788364,1.3990010551154664,-7.012604236602783,-96.22443389892578,-335.23956298828125,0.3590812087059021,0.2314114272594452,15.05613899230957,-0.5882223980041208,-0.2328366702537782,-0.774455612331278,-0.7899642077914782,0.37037512771848047,0.4886499925057823,0.17306345915491106,0.8992270846413892,-0.4017955815494788,-13.642497062683105,-0.8297263383865356,-2.689526319503784
1.76,3.5819975254290024,4.066078325091717,1.1739058421788364,1.3990010551154664,-7.008635997772217,-96.22236633300781,-335.0884094238281,0.43511125445365906,0.18189381062984467,15.172950744628906,-0.5854198304554379,-0.14078264382995875,-0.7984133448945937,-0.7972816166977043,0.2786034399441668,0.5354644217192885,0.14705660741844084,0.9500317733884083,-0.27534339245214245,-13.764081954956055,0.2571980953216553,-2.6909661293029785
1.77,0.1988181089438865,3.911499205466699,0.5041166511572474,0.622671661203286,-7.003895282745361,-96.22080993652344,-334.9361267089844,0.5133849382400513,0.12853187322616577,15.282426834106445,-0.5764235915349262,-0.04483901013709879,-0.8159199141410274,-0.8079033556984446,0.18106548801847971,0.5608096440859607,0.12258878812178803,0.982448345827176,-0.14059600566259495,-13.856990814208984,1.3469185829162598,-2.684450149536133
1.78,0.1988181089438865,3.911499205466699,0.5041166511572474,0.622671661203286,-6.998425483703613,-96.21975708007812,-334.78277587890625,0.5743720531463623,0.08635886758565903,15.380083084106445,-0.5613844748971353,0.05471857857272133,-0.8257441180556169,-0.8218172431144841,0.08043508030387503,0.5640448712436076,0.09728252805193982,0.9952567884799831,-0.0001863339299227329,-14.161067962646484,2.2951157093048096,-2.663691759109497
1.79,0.1988181089438865,3.911499205466699,0.5041166511572474,0.622671661203286,-6.992457389831543,-96.21904754638672,-334.6285400390625,0.6183078289031982,0.056345973163843155,15.468321800231934,-0.5418152341316422,0.15919246316646612,-0.8252842005841785,-0.8376655436660556,-0.02173755658626078,0.5457507815737053,0.06893974918379664,0.9870082260572361,0.14512778051711114,-14.664612770080566,3.116997003555298,-2.6299190521240234
1.8,0.1988181089438865,3.911499205466699,0.5041166511572474,0.622671661203286,-6.986066818237305,-96.2186279296875,-334.47344970703125,0.6594796776771545,0.029261725023388863,15.54693603515625,-0.5185050982500268,0.26768592168270683,-0.8120940280667075,-0.8543274932139955,-0.12248801914843066,0.5050952578512143,0.03573510077530567,0.9556887215500526,0.2922021048428729,-15.179052352905273,3.9282126426696777,-2.588155746459961
1.81,0.1988181089438865,3.911499205466699,0.5041166511572474,0.622671661203286,-6.97927188873291,-96.21846008300781,-334.317626953125,0.6991791725158691,0.004790457896888256,15.612725257873535,-0.49213975062111526,0.37806475719582455,-0.7841336016426337,-0.8705069334096976,-0.2178914613459434,0.4412946747448616,-0.004018052293144836,0.8997723881287929,0.4363410418660822,-15.678770065307617,4.743122100830078,-2.5386962890625
1.82,0.1988181089438865,3.911499205466699,0.5041166511572474,0.622671661203286,-6.972091197967529,-96.21852111816406,-334.1612243652344,0.7367639541625977,-0.016081709414720535,15.66286849975586,-0.46370583515778885,0.4875833792324592,-0.7397562752264244,-0.8844758075300919,-0.3035351090431092,0.3543571411333195,-0.05176334933723964,0.8186140029796971,0.5720067043234259,-16.161190032958984,5.561814785003662,-2.4812095165252686
1.83,1.1191781170966695,1.4276297102134894,0.8579578829757482,2.005311589571948,-6.964548110961914,-96.21876525878906,-334.0044250488281,0.7712879180908203,-0.03221247345209122,15.695624351501465,-0.43456693065265245,0.5930153206614175,-0.677852795409128,-0.8940783967285206,-0.3747329367856284,0.24535494001828537,-0.1085145303012039,0.7126766837415509,0.6930487292857945,-16.627079010009766,6.382336139678955,-2.415309429168701
1.84,1.1191781170966695,1.4276297102134894,0.8579578829757482,2.005311589571948,-6.956677436828613,-96.2191390991211,-333.84735107421875,0.8022958040237427,-0.042670831084251404,15.710298538208008,-0.40695804572037836,0.6903663785590888,-0.5981466478871712,-0.8967044076245729,-0.42673208815530633,0.11756245270185561,-0.17408720334968505,0.5842037215679313,0.792716631171609,-16.897735595703125,6.9745988845825195,-2.34993314743042
1.85,1.1191781170966695,1.4276297102134894,0.8579578829757482,2.005311589571948,-6.948517799377441,-96.21959686279297,-333.690185546875,0.8287711143493652,-0.04644440487027168,15.708847045898438,-0.38447528763138145,0.7746533473203936,-0.5020865908248057,-0.8898704340982686,-0.4556988410138045,-0.021660489755178813,-0.24557964842088456,0.43846408950333066,0.8645460534277452,-16.99333953857422,7.349441051483154,-2.2877113819122314
1.86,1.1191781170966695,1.4276297102134894,0.8579578829757482,2.005311589571948,-6.940120697021484,-96.22005462646484,-333.5331115722656,0.8495862483978271,-0.04289615526795387,15.695842742919922,-0.36906830191578754,0.8424935838954704,-0.3924196091124431,-0.872409357260594,-0.4596231245827288,-0.1662783711520123,-0.32045358772395427,0.28098246287584383,0.9046316121333979,-17.062170028686523,7.686305999755859,-2.2230913639068604
1.87,1.1191781170966695,1.4276297102134894,0.8579578829757482,2.005311589571948,-6.931546211242676,-96.22042846679688,-333.3762512207031,0.8642503023147583,-0.03186346963047981,15.677021026611328,-0.36196463046329824,0.8914549510161947,-0.2725613263144318,-0.8437594570987546,-0.437610585054612,-0.31075223958094883,-0.3962973439855269,0.117494877151621,0.9105730992035415,-17.12559700012207,8.009598731994629,-2.155362844467163
1.88,2.145792963913445,0.3429638269711,2.0773519063852603,2.8332137777403537,-6.92285680770874,-96.22065734863281,-333.2196044921875,0.8725694417953491,-0.013486849144101143,15.65891170501709,-0.36409537638360345,0.9197729255926042,-0.1464661129507559,-0.8038049657784512,-0.3897569589577574,-0.44942973859537116,-0.47045949229023404,-0.04590510092378111,0.8812267516497626,-17.18727684020996,8.32205581665039,-2.084496021270752
1.89,2.145792963913445,0.3429638269711,2.0773519063852603,2.8332137777403537,-6.914112567901611,-96.22065734863281,-333.06304931640625,0.8753806948661804,0.016476605087518692,15.64029312133789,-0.37610724079802865,0.9263829528391584,-0.01892004514516976,-0.753188676338267,-0.31755670192682467,-0.576076868913487,-0.5396759780230196,-0.20241631789546854,0.8171765249898812,-17.057973861694336,8.477761268615723,-2.014493465423584
1.9,2.145792963913445,0.3429638269711,2.0773519063852603,2.8332137777403537,-6.905372619628906,-96.22029876708984,-332.90679931640625,0.8710080981254578,0.0587204210460186,15.62863826751709,-0.39800749721465906,0.9114681702690768,0.10399907089616073,-0.694179506324158,-0.2251148940931647,-0.6836944474375756,-0.5997539871984776,-0.3443095395770567,0.7223199400513347,-16.75527000427246,8.482897758483887,-1.947989821434021
1.91,2.145792963913445,0.3429638269711,2.0773519063852603,2.8332137777403537,-6.896716117858887,-96.2194595336914,-332.75054931640625,0.8588054180145264,0.10868826508522034,15.634917259216309,-0.42886434316847494,0.8767492247416508,0.21768365136956652,-0.6292147424984296,-0.11700649533975899,-0.7683737943676515,-0.6482007273841242,-0.46649788527197134,0.6018434514518465,-16.43363380432129,8.452534675598145,-1.88345205783844
1.92,2.145792963913445,0.3429638269711,2.0773519063852603,2.8332137777403537,-6.888218879699707,-96.21810150146484,-332.5940856933594,0.8394970893859863,0.16419526934623718,15.66218376159668,-0.4673460474085285,0.8246578837926628,0.31863309098433656,-0.5606702909847203,0.002198121270452491,-0.8280362269067636,-0.6835469967593556,-0.5656275655954963,0.46133389238140543,-16.114660263061523,8.40340805053711,-1.8207541704177856
1.93,2.145792963913445,0.3429638269711,2.0773519063852603,2.8332137777403537,-6.879946708679199,-96.2161636352539,-332.4372253417969,0.8139757513999939,0.22341372072696686,15.710587501525879,-0.5119026892596804,0.7580363557378806,0.4041491310250966,-0.49090528713292764,0.12794453411045145,-0.8617669030870225,-0.7049593149917555,-0.6395397404156313,0.3066289037834853,-15.801331520080566,8.33847427368164,-1.7599583864212036
1.94,3.023118704281464,3.663292440467044,3.590699973395277,2.920068175199966,-6.8719563484191895,-96.21363067626953,-332.27978515625,0.7832131385803223,0.28452441096305847,15.77827262878418,-0.5608551777817982,0.6799736410352339,0.4723106150115992,-0.4221906365343128,0.2558343060535282,-0.8696573315213655,-0.7121773206007758,-0.6871569364733191,0.14359250913088525,-15.494071960449219,8.258806228637695,-1.7011399269104004
1.95,3.023118704281464,3.663292440467044,3.590699973395277,2.920068175199966,-6.864339351654053,-96.21039581298828,-332.1216125488281,0.7349767088890076,0.36877259612083435,15.860114097595215,-0.6127616361959888,0.5935517093281417,0.5217466296585499,-0.35610080392315385,0.3820048074311433,-0.8527980678594311,-0.7054894716802643,-0.7083563336719285,-0.0227136499745276,-15.26995849609375,8.343939781188965,-1.6364126205444336
1.96,3.023118704281464,3.663292440467044,3.590699973395277,2.920068175199966,-6.857309818267822,-96.2061996459961,-331.9625549316406,0.6695528626441956,0.471560537815094,15.959207534790039,-0.6670598961917396,0.5015712125450592,0.5508696884370613,-0.2925837414596568,0.5036373562396546,-0.8128617149511965,-0.6851465895165315,-0.7034029656932153,-0.18920470059661593,-15.120805740356445,8.581809997558594,-1.5641306638717651
1.97,3.023118704281464,3.663292440467044,3.590699973395277,2.920068175199966,-6.850964069366455,-96.20098876953125,-331.8023986816406,0.59929358959198,0.5711984634399414,16.074308395385742,-0.7224662252747615,0.40718657863770014,0.5587858655286133,-0.23292411923506862,0.6176084681623243,-0.7512031248156218,-0.6509907126955077,-0.6728735915694056,-0.3513576834974347,-14.984033584594727,8.829588890075684,-1.4895626306533813
1.98,3.023118704281464,3.663292440467044,3.590699973395277,2.920068175199966,-6.845326900482178,-96.19481658935547,-331.6410217285156,0.5283153653144836,0.6622226238250732,16.200197219848633,-0.777266049760637,0.31368026270554195,0.5454009357147064,-0.17894466415155696,0.7208414896433846,-0.6696016382748722,-0.603188440755608,-0.6180552075645738,-0.5041542078978711,-14.851567268371582,9.067455291748047,-1.4135551452636719
1.99,3.023118704281464,3.663292440467044,3.590699973395277,2.920068175199966,-6.840390205383301,-96.18777465820312,-331.4783630371094,0.45948898792266846,0.7416300177574158,16.33188247680664,-0.8296212088393342,0.22425247365733475,0.5113115272537164,-0.13245434561979597,0.8105982680638675,-0.5704264143062536,-0.5423877728806147,-0.5409632851408905,-0.6427863003823138,-14.722850799560547,9.29275131225586,-1.3363267183303833
2.0,0.7117695191797258,3.485139938389352,3.9341976370890896,1.7043813546534592,-6.836119651794434,-96.18001556396484,-331.31439208984375,0.3954679071903229,0.807077944278717,16.46525764465332,-0.8776756551071561,0.14190877206287433,0.457763415798851,-0.09511089533025041,0.8845827923192453,-0.4565820858533164,-0.46972264371829336,-0.44426926963756364,-0.7628797113791945,-14.598336219787598,9.50518798828125,-1.2580043077468872
2.01,0.7117695191797258,3.485139938389352,3.9341976370890896,1.7043813546534592,-6.832432746887207,-96.17170715332031,-331.14910888671875,0.3453337252140045,0.8505770564079285,16.584972381591797,-0.9194867253848624,0.06931999903073352,0.386961108608349,-0.06846132640250538,0.941053978379522,-0.331255877779224,-0.3871139478606176,-0.33107725308521824,-0.8605409019107191,-14.523045539855957,9.593414306640625,-1.1717854738235474
2.02,0.7117695191797258,3.485139938389352,3.9341976370890896,1.7043813546534592,-6.829170227050781,-96.16307067871094,-330.98272705078125,0.3087819516658783,0.8746060132980347,16.68850326538086,-0.9530572721473619,0.00860591617998064,0.3026677620985296,-0.05388871206888343,0.9788167540891691,-0.1975190335787903,-0.2979561087116455,-0.20455732722404607,-0.9324046638452469,-14.496726989746094,9.564860343933105,-1.0790599584579468
2.03,0.7117695191797258,3.485139938389352,3.9341976370890896,1.7043813546534592,-6.826228618621826,-96.15425872802734,-330.8153381347656,0.28122708201408386,0.8846229314804077,16.78597640991211,-0.9773304804242193,-0.03848222412829651,0.20819282038510442,-0.05183800701160789,0.9969065008960964,-0.05907833359333937,-0.2052753104073388,-0.06853135703633012,-0.9763019512629942,-14.485231399536133,9.508512496948242,-0.9858487248420715
2.04,0.7117695191797258,3.485139938389352,3.9341976370890896,1.7043813546534592,-6.823516368865967,-96.1454086303711,-330.6470031738281,0.2629035413265228,0.8812103867530823,16.880704879760742,-0.9917752412209954,-0.07061006612681726,0.10675246818038178,-0.0622067168771787,0.9948438380340582,0.0801003264726659,-0.11185792451319423,0.07280080004527165,-0.9910539078356785,-14.483789443969727,9.43692398071289,-0.8930366039276123
2.05,2.4420546310551496,3.3694707763376073,2.4262356031682324,2.117407640316127,-6.8209381103515625,-96.13666534423828,-330.47772216796875,0.2543363571166992,0.8648063540458679,16.97527313232422,-0.9962146120746056,-0.086911611430479,0.0016788351915146705,-0.08449752570441697,0.972716963267581,0.21605989336599885,-0.020411144967253325,0.21510016543474075,-0.9763786683408608,-14.491697311401367,9.351930618286133,-0.800790548324585
2.06,2.4420546310551496,3.3694707763376073,2.4262356031682324,2.117407640316127,-6.818396091461182,-96.1281509399414,-330.3074951171875,0.25590476393699646,0.8354920744895935,17.07434844970703,-0.9907368645998407,-0.08700763048819354,-0.10425995089058358,-0.11807519492462651,0.9311722237709763,0.3449297580971037,0.06707244938414271,0.3540451410685437,-0.9328200923111416,-14.513922691345215,9.44064998626709,-0.7159947156906128
2.07,2.4420546310551496,3.3694707763376073,2.4262356031682324,2.117407640316127,-6.8157854080200195,-96.1199951171875,-330.13623046875,0.26808348298072815,0.7938715815544128,17.17937660217285,-0.9751350588629906,-0.07081053630854672,-0.20999401163835135,-0.16292794456129067,0.8713923173216338,0.4627417359541566,0.15022017792994735,0.48544958261443516,-0.8612622137782231,-14.547709465026855,9.691152572631836,-0.6363384127616882
2.08,2.4420546310551496,3.3694707763376073,2.4262356031682324,2.117407640316127,-6.812999725341797,-96.11231231689453,-329.9638977050781,0.29083433747291565,0.7416945099830627,17.289289474487305,-0.949064057815704,-0.03841713438584311,-0.31273237432023215,-0.21857698974387224,0.7951526621358783,0.5656468363322936,0.22693944945050193,0.6051911827545123,-0.7630479136982798,-14.588212966918945,9.954477310180664,-0.5554172396659851
2.09,2.4420546310551496,3.3694707763376073,2.4262356031682324,2.117407640316127,-6.809935569763184,-96.10519409179688,-329.7904357910156,0.32376083731651306,0.6806793808937073,17.4034423828125,-0.912506517709595,0.009619396838996624,-0.4089490461438467,-0.28392252927417216,0.7048034590209866,0.6501077460872225,0.294482346683235,0.7093374030435063,-0.6404065865802981,-14.635357856750488,10.209571838378906,-0.472378671169281
2.1,2.4420546310551496,3.3694707763376073,2.4262356031682324,2.117407640316127,-6.806493282318115,-96.09871673583984,-329.6158142089844,0.36613327264785767,0.6126980185508728,17.519960403442383,-0.8658501630415303,0.0722114625625202,-0.4950646420777166,-0.35737754650171294,0.6032188782731249,0.7130275409486855,0.35012109964606797,0.7942999997290037,-0.4964904087826203,-14.68974494934082,10.453272819519043,-0.38714224100112915
2.11,0.33802813439083934,3.879475495155808,0.7734502988361702,1.2493725783899499,-6.802584648132324,-96.09295654296875,-329.4400329589844,0.4168635606765747,0.5398102402687073,17.635469436645508,-0.8099063467779397,0.1477327406314493,-0.5676501975638981,-0.4369218399220242,0.49373271152090425,0.7518825143420803,0.39134513571522095,0.856973189148725,-0.33532959581924604,-14.752033233642578,10.684821128845215,-0.29972970485687256
2.12,0.33802813439083934,3.879475495155808,0.7734502988361702,1.2493725783899499,-6.79817008972168,-96.087890625,-329.2631530761719,0.46321338415145874,0.4786674678325653,17.7403564453125,-0.7457806597219931,0.2345817634810139,-0.6235243410058393,-0.520319359153076,0.3793848950698017,0.7650718043970824,0.41602760975103653,0.8950075405464543,-0.1608804844902763,-15.082816123962402,10.967574119567871,-0.20607873797416687
2.13,0.33802813439083934,3.879475495155808,0.7734502988361702,1.2493725783899499,-6.793339729309082,-96.0833511352539,-329.0852966308594,0.5026728510856628,0.4306717813014984,17.834508895874023,-0.6746056130465459,0.332324626509067,-0.6591415701210954,-0.6054953418150308,0.26163721701286485,0.7516125050277316,0.4222353110368588,0.9061491650326519,0.02471907814290414,-15.664838790893555,11.296039581298828,-0.10386799275875092
2.14,0.33802813439083934,3.879475495155808,0.7734502988361702,1.2493725783899499,-6.788115501403809,-96.07926940917969,-328.9065246582031,0.5422824025154114,0.3858768939971924,17.916654586791992,-0.5983598531722683,0.43857049025504957,-0.670538150435236,-0.6895919004058526,0.14422213376084284,0.7096921776574084,0.4079564891092021,0.887048984673854,0.2161379230555769,-16.291635513305664,11.617194175720215,0.005142956972122192
2.15,0.33802813439083934,3.879475495155808,0.7734502988361702,1.2493725783899499,-6.782495021820068,-96.07562255859375,-328.7270202636719,0.5816115736961365,0.34423795342445374,17.979860305786133,-0.5197892007720091,0.5493459685400017,-0.6542462790185691,-0.7691532370153227,0.03235099030334332,0.6382450245910606,0.37178284622834157,0.8349685145412612,0.40571553454990217,-16.935691833496094,11.9215669631958,0.12083541601896286
2.16,0.33802813439083934,3.879475495155808,0.7734502988361702,1.2493725783899499,-6.7764892578125,-96.07238006591797,-328.5470275878906,0.618887722492218,0.30720704793930054,18.017553329467773,-0.44224519363034925,0.6595681831385776,-0.6077738070220949,-0.8403998168886708,-0.06803750844304196,0.5376793144787622,0.3132847530352274,0.7485590886737925,0.5843902414307736,-17.594554901123047,12.205649375915527,0.24329836666584015
2.17,3.4799877459905066,0.6926278192452479,2.4989245664137516,2.176565302580285,-6.770130157470703,-96.06946563720703,-328.36669921875,0.6520755290985107,0.2764286994934082,18.02544403076172,-0.3695492016223858,0.763234971537534,-0.5300054394082734,-0.899457856845989,-0.15063936249297183,0.410223532023373,0.23325726427761612,0.6283153353928349,0.7421663479112426,-18.269134521484375,12.466547012329102,0.37262269854545593
2.18,3.4799877459905066,0.6926278192452479,2.4989245664137516,2.176565302580285,-6.763447284698486,-96.06683349609375,-328.1865539550781,0.6849862933158875,0.2493380755186081,17.99345588684082,-0.3060717734343639,0.8528938311330667,-0.4229564780469779,-0.9424682554119179,-0.208719534553582,0.2611316592000142,0.13443830201084692,0.4785480840113106,0.8677085191707781,-18.415205001831055,12.51697063446045,0.4966545104980469
2.19,3.4799877459905066,0.6926278192452479,2.4989245664137516,2.176565302580285,-6.756446838378906,-96.06444549560547,-328.0069274902344,0.7133499383926392,0.23045653104782104,17.92511558532715,-0.25622959094346387,0.9203011730705977,-0.295621629062941,-0.9663426758304787,-0.23661178526700322,0.10097869053197321,0.02298324593558551,0.3115455246310617,0.9499532391063368,-18.069194793701172,12.374488830566406,0.6092157959938049
2.2,3.4799877459905066,0.6926278192452479,2.4989245664137516,2.176565302580285,-6.749217510223389,-96.06217956542969,-327.8280944824219,0.7306340336799622,0.22472858428955078,17.837942123413086,-0.22210545517288816,0.9624184483285729,-0.1562686696022771,-0.9703921104168942,-0.23379452928298983,-0.060656987379780675,-0.0949121637256778,0.13816963629599174,0.9858503095210464,-17.665321350097656,12.190842628479004,0.7163118720054626
2.21,3.4799877459905066,0.6926278192452479,2.4989245664137516,2.176565302580285,-6.741875648498535,-96.05990600585938,-327.6501770019531,0.7358003258705139,0.2324962019920349,17.745641708374023,-0.20442000460428722,0.9788094472586403,-0.012021966345742943,-0.9552948416382768,-0.20215884760460567,-0.21573957883169576,-0.21359828477046072,-0.032616963261665036,0.9763769284711229,-17.263145446777344,11.988546371459961,0.8187955021858215
2.22,4.093703084639027,2.933528741373509,3.8332617289124267,3.8952957254558718,-6.734540939331055,-96.05748748779297,-327.4731750488281,0.7289702296257019,0.25308337807655334,17.660781860351562,-0.2030065129029125,0.9704286976270269,0.13060053040057712,-0.9226264256875962,-0.1449021774918403,-0.3574406770095612,-0.32794638943267834,-0.19305828596575597,0.9247592464409503,-16.86981201171875,11.771941184997559,0.9168012142181396
2.23,4.093703084639027,2.933528741373509,3.8332617289124267,3.8952957254558718,-6.727349281311035,-96.05477142333984,-327.2969970703125,0.7054964900016785,0.2965850830078125,17.56987190246582,-0.21696124647522763,0.9391523398838614,0.2663094065529492,-0.8746615699924821,-0.06588537070656553,-0.4802356254018906,-0.43346851731838854,-0.33712312352837337,0.8357350322179102,-16.639253616333008,11.528623580932617,1.0130034685134888
2.24,4.093703084639027,2.933528741373509,3.8332617289124267,3.8952957254558718,-6.7205023765563965,-96.05148315429688,-327.1217346191406,0.6608136892318726,0.3655531108379364,17.487201690673828,-0.24485076916235193,0.8868176488099715,0.39192162303164546,-0.8142446371413026,0.03136863493330444,-0.5796737700026195,-0.526358976105883,-0.4610536481816141,0.7144058802747856,-16.559864044189453,11.258283615112305,1.1082803010940552
2.25,4.093703084639027,2.933528741373509,3.8332617289124267,3.8952957254558718,-6.714189529418945,-96.04741668701172,-326.9471130371094,0.5989202260971069,0.4492748975753784,17.439376831054688,-0.28490177661044813,0.8156303330411787,0.5035654252501318,-0.7445295847145541,0.14258860975792537,-0.6521841655944088,-0.6037438820965257,-0.5607277843931383,0.5666371648952955,-16.507675170898438,10.971552848815918,1.2010366916656494
2.26,4.093703084639027,2.933528741373509,3.8332617289124267,3.8952957254558718,-6.70857048034668,-96.04247283935547,-326.7728576660156,0.5225726962089539,0.5425395965576172,17.431163787841797,-0.3350058222077468,0.7284609804356694,0.5975915821609393,-0.6688221143209372,0.26288391082882734,-0.6953912774996621,-0.6636626239906708,-0.6326425921561433,0.399143172442888,-16.46456527709961,10.670296669006348,1.2909866571426392
2.27,4.093703084639027,2.933528741373509,3.8332617289124267,3.8952957254558718,-6.703776836395264,-96.03656005859375,-326.59844970703125,0.4343060851097107,0.6409620642662048,17.461410522460938,-0.3928109556128498,0.628696031501172,0.6711489053296568,-0.5904267062670463,0.38711466530538474,-0.7081938579457934,-0.7050502518807907,-0.6744505436873609,0.21913604551204358,-16.42725372314453,10.355216979980469,1.3780252933502197
2.28,3.8187021341507514,2.9091334513384335,3.34616444290308,0.05695112658388408,-6.699914932250977,-96.02965545654297,-326.4235534667969,0.33686748147010803,0.7401289939880371,17.525691986083984,-0.4558456472484675,0.5200718667342467,0.7223087977563211,-0.5124940230601206,0.5101326589689046,-0.6907347874408587,-0.7277050379187152,-0.6850473879118666,0.03399197115275898,-16.39433479309082,10.026753425598145,1.462070107460022
2.29,3.8187021341507514,2.9091334513384335,3.34616444290308,0.05695112658388408,-6.69700813293457,-96.02183532714844,-326.24786376953125,0.24899737536907196,0.8212778568267822,17.61637306213379,-0.522303125809002,0.4071503976780605,0.7492849914690288,-0.4372426306457202,0.6265046398105634,-0.6452215264867144,-0.7321327247952761,-0.6646205608965411,-0.149201820757694,-16.12907600402832,9.963263511657715,1.5502997636795044
2.3,3.8187021341507514,2.9091334513384335,3.34616444290308,0.05695112658388408,-6.6948981285095215,-96.0133056640625,-326.07122802734375,0.17358799278736115,0.8833222985267639,17.719797134399414,-0.5922274700506506,0.29658858428739515,0.7492007977757399,-0.36478464367096647,0.7303693682063602,-0.5774883113342543,-0.718469754032313,-0.6153013876599348,-0.3243538420991908,-15.653837203979492,10.1487455368042,1.6436105966567993
2.31,3.8187021341507514,2.9091334513384335,3.34616444290308,0.05695112658388408,-6.693528175354004,-96.00420379638672,-325.8934631347656,0.101005420088768,0.9358449578285217,17.827964782714844,-0.6637867345698871,0.19349874920041957,0.7224578915528009,-0.2967072198499987,0.8185643593117353,-0.4918508059904467,-0.6865507968809955,-0.5408425128652894,-0.48593968718312014,-15.160578727722168,10.363391876220703,1.7368823289871216
2.32,3.8187021341507514,2.9091334513384335,3.34616444290308,0.05695112658388408,-6.692866802215576,-95.99462127685547,-325.71466064453125,0.032071277499198914,0.9785047173500061,17.935428619384766,-0.7343335233343029,0.101720291207225,0.6711238774355643,-0.2350827358826881,0.8894094945516107,-0.3920291548996825,-0.6367812684096001,-0.4456497877910033,-0.6292105234692875,-14.676260948181152,10.577377319335938,1.829316258430481
2.33,3.8187021341507514,2.9091334513384335,3.34616444290308,0.05695112658388408,-6.692867279052734,-95.98467254638672,-325.5347595214844,-0.03104122169315815,1.0100690126419067,18.038288116455078,-0.801137636747102,0.024231696641342504,0.5979893910974923,-0.18183106397454668,0.9420927033412169,-0.2817779311534558,-0.5701893993763405,-0.33447595308051564,-0.7503398467692678,-14.204676628112793,10.787310600280762,1.9207382202148438
2.34,0.49164916165630934,2.2742762156504273,0.7728410102159543,3.7523164185022555,-6.693462371826172,-95.9744644165039,-325.3538818359375,-0.08624253422021866,1.029658317565918,18.134584426879883,-0.8615635746595156,-0.03679712965206724,0.5063143075889577,-0.1385936429108774,0.9765301795891574,-0.16486543147749225,-0.4883646270611836,-0.21221399482818384,-0.8464426805368774,-13.746516227722168,10.993386268615723,2.0110719203948975
2.35,0.49164916165630934,2.2742762156504273,0.7728410102159543,3.7523164185022555,-6.694540977478027,-95.96411895751953,-325.172119140625,-0.12580837309360504,1.0354557037353516,18.212806701660156,-0.9126844280606361,-0.08101024370330825,0.4005552086676197,-0.10685533576597947,0.9933627322875167,-0.042572518373003146,-0.39444780642560245,-0.08165673589735577,-0.9152830739659836,-13.985078811645508,10.842477798461914,2.093815326690674
2.36,0.49164916165630934,2.2742762156504273,0.7728410102159543,3.7523164185022555,-6.695935249328613,-95.95378112792969,-324.9896545410156,-0.15139956772327423,1.029897928237915,18.274484634399414,-0.9513289803236575,-0.11065555984229239,0.28762565649179994,-0.08803776050049025,0.9920014997316591,0.09045649372044938,-0.2953345965551757,0.060731965274707075,-0.9534616428947016,-14.861363410949707,10.342765808105469,2.1710658073425293
2.37,0.49164916165630934,2.2742762156504273,0.7728410102159543,3.7523164185022555,-6.697540760040283,-95.94355010986328,-324.806640625,-0.16820469498634338,1.0146105289459229,18.332496643066406,-0.9771471826571907,-0.12451219632323804,0.17227912349404995,-0.08245648456773727,0.9690507254328595,0.23268351830496944,-0.19591914551121642,0.21316051347473333,-0.9571720242032478,-15.822293281555176,9.766977310180664,2.2482731342315674
2.38,0.49164916165630934,2.2742762156504273,0.7728410102159543,3.7523164185022555,-6.699272632598877,-95.93351745605469,-324.6230163574219,-0.1768673062324524,0.9896079897880554,18.392982482910156,-0.9909456943433659,-0.12068237682467159,0.058842117452487325,-0.08965742105534732,0.92101708006082,0.3790634314807289,-0.0999408710790961,0.37035564280862393,-0.9234979805758983,-16.789525985717773,9.151844024658203,2.3254010677337646
2.39,1.9542728764986552,0.016932918795201504,1.3003339039432984,1.923031592596515,-6.701052188873291,-95.92378997802734,-324.4387512207031,-0.17779552936553955,0.9551424384117126,18.46072006225586,-0.9940355421699291,-0.09792586075312,-0.04799861142466176,-0.10853305071571474,0.8452209470561595,0.5232801616341184,-0.01067322843731959,0.5253685149047757,-0.8508078547718488,-17.750930786132812,8.50127124786377,2.401604175567627
2.4,1.9542728764986552,0.016932918795201504,1.3003339039432984,1.923031592596515,-6.702807903289795,-95.91444396972656,-324.2537841796875,-0.1725584715604782,0.9174880981445312,18.531230926513672,-0.988088503207678,-0.05621904115943951,-0.1432498839089363,-0.13742621266605093,0.7412475906943636,0.6570129719891888,0.06924699200020046,0.6688732530912822,-0.74014419230175,-18.238616943359375,7.853251934051514,2.472785711288452
2.41,1.9542728764986552,0.016932918795201504,1.3003339039432984,1.923031592596515,-6.704490661621094,-95.90544128417969,-324.0680847167969,-0.1634485423564911,0.8792883157730103,18.607746124267578,-0.9749432306188486,0.002067779989260235,-0.22244419829790713,-0.17426471741792388,0.6144234426125257,0.7694905076941647,0.1382660671811191,0.7889737368595284,-0.5986676350130997,-18.284387588500977,7.2201738357543945,2.536344289779663
2.42,1.9542728764986552,0.016932918795201504,1.3003339039432984,1.923031592596515,-6.706065654754639,-95.89685821533203,-323.881591796875,-0.1510523557662964,0.8377130627632141,18.695064544677734,-0.9564908350097371,0.07328920800010028,-0.2824074618934382,-0.21650844291832436,0.47053413977672476,0.8554073400723542,0.1955744786199324,0.8793328808223285,-0.434193859948809,-18.258827209472656,6.580607891082764,2.5934207439422607
2.43,1.9542728764986552,0.016932918795201504,1.3003339039432984,1.923031592596515,-6.707502841949463,-95.88870239257812,-323.69415283203125,-0.13617222011089325,0.79319167137146,18.789276123046875,-0.9345593367607594,0.1534177925205238,-0.3210324391886571,-0.26163637612403234,0.3151584237988871,0.9122617906046953,0.24113326763840193,0.936556537987286,-0.2543945722520358,-18.21235466003418,5.932851314544678,2.6440916061401367
2.44,1.9542728764986552,0.016932918795201504,1.3003339039432984,1.923031592596515,-6.708783149719238,-95.8810043334961,-323.50579833984375,-0.11979395151138306,0.7467529773712158,18.88374137878418,-0.9107924437074156,0.23821063335440443,-0.337213313263827,-0.3073985853221667,0.1539828420981399,0.939039612626278,0.2756142852382747,0.9589290789710535,-0.06702079734173666,-18.150733947753906,5.278017997741699,2.688293695449829
2.45,2.1688196928517915,2.705979862787749,0.7089157200830343,1.5221008925821522,-6.709896564483643,-95.87377166748047,-323.3164978027344,-0.10297349840402603,0.6995415687561035,18.970733642578125,-0.8865595932537071,0.3233817872541912,-0.33081158879656347,-0.3519374708630705,-0.007346277791280269,0.9359946841756737,0.3002534000012772,0.9462400603836738,0.12032308137998571,-18.073814392089844,4.6176438331604,2.725968360900879
2.46,2.1688196928517915,2.705979862787749,0.7089157200830343,1.5221008925821522,-6.710834503173828,-95.8670425415039,-323.12640380859375,-0.08396278321743011,0.6446003913879395,19.04088020324707,-0.8626049875877512,0.40503042326778854,-0.30308908198127454,-0.39467683574692175,-0.16403677889721402,0.9040586985886613,0.31645352062116966,0.8994677823004794,0.3013550694611331,-18.186798095703125,4.219754219055176,2.7623491287231445
2.47,2.1688196928517915,2.705979862787749,0.7089157200830343,1.5221008925821522,-6.711574554443359,-95.86089324951172,-322.9357604980469,-0.06447422504425049,0.5843988060951233,19.08525848388672,-0.8386288895336986,0.4802770723926746,-0.2569737717616277,-0.43755779482796275,-0.3130114301883152,0.8429513750844444,0.32441449077494355,0.819364252518614,0.47264940481275014,-18.483854293823242,4.0582594871521,2.8008573055267334
2.48,2.1688196928517915,2.705979862787749,0.7089157200830343,1.5221008925821522,-6.712133884429932,-95.8553466796875,-322.7447509765625,-0.048102378845214844,0.527484655380249,19.09993553161621,-0.8150772726811748,0.5458721353656145,-0.194094439358788,-0.4802755598902681,-0.4492755545209764,0.7533172390712686,0.3240130030272049,0.7072305762205517,0.6283633391024965,-18.804664611816406,3.915782928466797,2.839158296585083
2.49,2.1688196928517915,2.705979862787749,0.7089157200830343,1.5221008925821522,-6.712551116943359,-95.85033416748047,-322.55377197265625,-0.03627556189894676,0.4766770005226135,19.08350944519043,-0.7926758182560171,0.5984665911416077,-0.11620149069395548,-0.5216504218896544,-0.5671857890400159,0.6373234014638095,0.3155089293419432,0.565807405393742,0.7617848091863624,-19.12640953063965,3.762019395828247,2.876741647720337
2.5,2.1688196928517915,2.705979862787749,0.7089157200830343,1.5221008925821522,-6.71287727355957,-95.84578704833984,-322.3631591796875,-0.030012600123882294,0.43390774726867676,19.038034439086914,-0.7721202828619727,0.6349545453898034,-0.025748671460389394,-0.5604752743442089,-0.6613365287740585,0.49849921018780197,0.2994958023778143,0.39933284487743637,0.8665076706874338,-19.44549560546875,3.592876672744751,2.913347005844116
2.51,4.019790920944238,2.9935581112540017,3.3394744056968633,1.3804888011576784,-6.71317195892334,-95.84162139892578,-322.173095703125,-0.030101843178272247,0.40078115463256836,18.96933937072754,-0.7540087757473022,0.6526740687837024,0.07407648772303843,-0.5956768041485404,-0.7269389763566345,0.34165606924647196,0.27683914299722157,0.21348602902975966,0.9369011710493634,-19.760894775390625,3.4078714847564697,2.9487428665161133
2.52,4.019790920944238,2.9935581112540017,3.3394744056968633,1.3804888011576784,-6.713510036468506,-95.83776092529297,-321.98388671875,-0.03968724235892296,0.3729144334793091,18.866270065307617,-0.7387882629970699,0.6497958053110342,0.1787660869906748,-0.6263713341625547,-0.7599333999019646,0.1736668634278363,0.24869831965092604,0.01632908796063226,0.9684433420129338,-19.74005699157715,3.185634136199951,2.9847829341888428
2.53,4.019790920944238,2.9935581112540017,3.3394744056968633,1.3804888011576784,-6.714009761810303,-95.8341293334961,-321.79583740234375,-0.06236269697546959,0.3573184013366699,18.741357803344727,-0.7266180613137274,0.6266686430819551,0.2816249363080297,-0.6520091053255456,-0.7581954002665052,0.004884832371307421,0.21658790258290567,-0.18007261533208024,0.9595121331500727,-19.405315399169922,2.940089464187622,3.0201570987701416
2.54,4.019790920944238,2.9935581112540017,3.3394744056968633,1.3804888011576784,-6.714796543121338,-95.8305435180664,-321.6090087890625,-0.09674946218729019,0.3601880669593811,18.623628616333008,-0.7174687095004213,0.585111503772527,0.37799891407364156,-0.6724536638762135,-0.7233738107779335,-0.15664099022946326,0.1817820695977918,-0.3665717638248514,0.9124584489932026,-19.02156639099121,2.695695638656616,3.052729845046997
2.55,4.019790920944238,2.9935581112540017,3.3394744056968633,1.3804888011576784,-6.715980529785156,-95.82685852050781,-321.4233093261719,-0.14162090420722961,0.3810041844844818,18.526330947875977,-0.7112232984492157,0.5275670881113298,0.4645797964663878,-0.6877780646423538,-0.6588681146963358,-0.3047197749298761,0.1453366902741218,-0.53625159671392,0.8314514246075566,-18.625608444213867,2.456731081008911,3.0823357105255127
2.56,4.019790920944238,2.9935581112540017,3.3394744056968633,1.3804888011576784,-6.717659950256348,-95.8228759765625,-321.2384338378906,-0.1957557201385498,0.4181286096572876,18.45763397216797,-0.7077077704665886,0.45690430828715134,0.5388767620614663,-0.6981798021189713,-0.5690375125892635,-0.43444363636648886,0.10814192311182788,-0.6836920083889116,0.7217136288936298,-18.222427368164062,2.2246153354644775,3.109088897705078
2.57,4.009075097085426,1.8832192025165562,3.996536317693862,1.7890827232903268,-6.719921588897705,-95.81845092773438,-321.0540466308594,-0.25778138637542725,0.4694056212902069,18.42196273803711,-0.7067155270266856,0.3762466631394415,0.5991590876685671,-0.7039328274812233,-0.4588453375932951,-0.5421619043820634,0.070934746448298,-0.8049219866827659,0.5891255019951054,-17.81272315979004,2.000312328338623,3.1331465244293213
2.58,4.009075097085426,1.8832192025165562,3.996536317693862,1.7890827232903268,-6.722835540771484,-95.8134536743164,-320.86981201171875,-0.3260139226913452,0.5321497321128845,18.420406341552734,-0.7077091538931259,0.28900836167453886,0.6446874594546373,-0.7056581656060616,-0.333790102349383,-0.6250045766929041,0.034558744325622226,-0.8972504301786582,0.4401674212556501,-17.29220199584961,1.635110855102539,3.1526072025299072
2.59,4.009075097085426,1.8832192025165562,3.996536317693862,1.7890827232903268,-6.726456642150879,-95.80776977539062,-320.6854553222656,-0.3988640010356903,0.6034287810325623,18.450721740722656,-0.709195309090518,0.1990596903971858,0.6763262919796788,-0.7050120646603739,-0.20030533115150884,-0.6803203385138515,4.740592598562188e-05,-0.9592981882455848,0.28239508455604756,-16.66245460510254,1.1452438831329346,3.1659839153289795
2.6,4.009075097085426,1.8832192025165562,3.996536317693862,1.7890827232903268,-6.7308244705200195,-95.80132293701172,-320.50067138671875,-0.4749195873737335,0.6801801323890686,18.508190155029297,-0.710473541122899,0.10939376015296598,0.6951692978000998,-0.7029570512853306,-0.06421820964470115,-0.7083271882387844,-0.032844046835331875,-0.9919218854272874,0.12252445387698718,-16.004222869873047,0.6541860699653625,3.174377679824829
2.61,4.009075097085426,1.8832192025165562,3.996536317693862,1.7890827232903268,-6.7359619140625,-95.79411315917969,-320.315185546875,-0.5527186989784241,0.7592611908912659,18.58684730529785,-0.7112956684774461,0.022345115211057753,0.7025376629273536,-0.6999039942004386,0.06956003399168405,-0.7108416142667426,-0.0647523814812696,-0.9973274775605456,-0.03383831549034054,-15.329209327697754,0.18024900555610657,3.1783838272094727
2.62,2.9338418777084767,2.1710813085680623,2.2946058111338563,3.07316480265584,-6.741880416870117,-95.78614044189453,-320.1288757324219,-0.6308766007423401,0.8376869559288025,18.680334091186523,-0.711573886225527,-0.06024415779280806,0.700023746664166,-0.6959772020358972,0.19702616439208875,-0.6905044712318855,-0.09632413346708657,-0.9785455186125871,-0.18212723386423568,-14.639469146728516,-0.2731170654296875,3.178521156311035
2.63,2.9338418777084767,2.1710813085680623,2.2946058111338563,3.07316480265584,-6.74856424331665,-95.77740478515625,-319.9415588378906,-0.7042855620384216,0.9090099930763245,18.781293869018555,-0.7112565081330653,-0.13777526656529726,0.6892983066577338,-0.6911550141559205,0.3158235836783462,-0.6500463140420808,-0.12813635723512456,-0.9387616523460188,-0.31985564562640545,-14.268424987792969,-0.7329453229904175,3.1720831394195557
2.64,2.9338418777084767,2.1710813085680623,2.2946058111338563,3.07316480265584,-6.755949974060059,-95.76799774169922,-319.7532043457031,-0.7722654938697815,0.9714914560317993,18.883554458618164,-0.7101997589607171,-0.21211816074042747,0.6712839848054157,-0.685400636835304,0.4260665166432077,-0.5905025744408596,-0.16075530908153296,-0.8794732567165537,-0.44797825987706086,-14.191987991333008,-1.209045648574829,3.1592392921447754
2.65,2.9338418777084767,2.1710813085680623,2.2946058111338563,3.07316480265584,-6.7639994621276855,-95.75801086425781,-319.5638427734375,-0.8370296955108643,1.026146411895752,18.983957290649414,-0.7084799753848466,-0.2831903059271983,0.6464204321550695,-0.6783470046606068,0.5259386835089702,-0.5130631953832139,-0.19468298782037868,-0.8019923639397766,-0.5647183213210097,-14.143850326538086,-1.6846123933792114,3.1424386501312256
2.66,2.9338418777084767,2.1710813085680623,2.2946058111338563,3.07316480265584,-6.772678375244141,-95.74751281738281,-319.3735046386719,-0.8981846570968628,1.07150399684906,19.07993507385254,-0.7062952202239121,-0.35015515521300056,0.6152547676910886,-0.6694174492084627,0.6130623442248979,-0.41956506144900596,-0.2302766609626149,-0.7081990746754986,-0.6674029742551921,-14.087213516235352,-2.156489610671997,3.1220693588256836
2.67,2.9338418777084767,2.1710813085680623,2.2946058111338563,3.07316480265584,-6.781948089599609,-95.73661041259766,-319.1822509765625,-0.9550960063934326,1.1060370206832886,19.170053482055664,-0.7038996800711065,-0.41216777559194134,0.5784833317904547,-0.6579161369194544,0.6852912411271145,-0.31228556101017746,-0.2677155153829826,-0.6004112254097608,-0.7535481160650418,-14.017460823059082,-2.6234841346740723,3.0982511043548584
2.68,1.050503447366355,2.1422411391427114,3.396034316515762,0.2575876850455345,-6.7917633056640625,-95.72541809082031,-318.9901123046875,-1.0072462558746338,1.1285349130630493,19.25417709350586,-0.7015827756072701,-0.4684939838441895,0.5369310906187118,-0.6430768726928702,0.7408612370985093,-0.1938472676424011,-0.3069751533573313,-0.4812878706830943,-0.8210531290693532,-13.934355735778809,-3.0846927165985107,3.0710806846618652
2.69,1.050503447366355,2.1422411391427114,3.396034316515762,0.2575876850455345,-6.802046298980713,-95.71407318115234,-318.7972106933594,-1.0456821918487549,1.1359105110168457,19.31928825378418,-0.6996464115819397,-0.5182570158714573,0.4918379451206741,-0.6240872654427422,0.7784311147346038,-0.06752839939790198,-0.34786489313053054,-0.35419580052995314,-0.8680641399195282,-13.68027114868164,-3.552006721496582,3.05182147026062
2.7,1.050503447366355,2.1422411391427114,3.396034316515762,0.2575876850455345,-6.812641143798828,-95.70272064208984,-318.6037902832031,-1.0722594261169434,1.1314963102340698,19.36760139465332,-0.6983593713829024,-0.560157618506537,0.4455531739655354,-0.6000975086918824,0.7975158801087898,0.062059657073646385,-0.3900989213820948,-0.22403540658428847,-0.8931018800412072,-13.266013145446777,-4.019638538360596,3.04012131690979
2.71,1.050503447366355,2.1422411391427114,3.396034316515762,0.2575876850455345,-6.823477745056152,-95.69146728515625,-318.4098815917969,-1.09451425075531,1.11837637424469,19.413330078125,-0.697952349205347,-0.5941180174219944,0.3998578492580783,-0.570402398489593,0.7987944216117708,0.19122911859660915,-0.4330168842390062,-0.09461106371072672,-0.8964067852194493,-12.818109512329102,-4.474566459655762,3.027510404586792
2.72,1.050503447366355,2.1422411391427114,3.396034316515762,0.2575876850455345,-6.834521293640137,-95.68038940429688,-318.21551513671875,-1.113722324371338,1.0971194505691528,19.461273193359375,-0.6985908501805317,-0.6206001060531462,0.3561268487644055,-0.5344699685434359,0.7835113005678119,0.3169414687410197,-0.4757233195558326,0.031073304448670652,-0.8790459447499998,-12.354740142822266,-4.914510726928711,3.0131144523620605
2.73,1.050503447366355,2.1422411391427114,3.396034316515762,0.2575876850455345,-6.845743656158447,-95.6695556640625,-318.0206604003906,-1.1304056644439697,1.068259358406067,19.51437759399414,-0.7003606940096596,-0.6402573450393529,0.3155399030383749,-0.49195000434390684,0.7532720486066387,0.4365391322825344,-0.5171847750198552,0.15050499297736586,-0.8425367384135514,-11.878936767578125,-5.338775634765625,2.9971187114715576
2.74,4.0174557869828345,1.3728342407548526,0.8374415204299143,2.9713685095896123,-6.857122421264648,-95.65904235839844,-317.8251953125,-1.1450154781341553,1.0324289798736572,19.57467269897461,-0.7032612683230691,-0.6538538196035621,0.2791035131747013,-0.4426884513788905,0.7099429952554376,0.5477297495147562,-0.5562827729602885,0.26164121632030807,-0.788728946108891,-11.39168930053711,-5.746942520141602,2.979849338531494
2.75,4.0174557869828345,1.3728342407548526,0.8374415204299143,2.9713685095896123,-6.868649482727051,-95.6489486694336,-317.6290588378906,-1.160851001739502,0.9838665723800659,19.651472091674805,-0.707293948708645,-0.6623443943607956,0.24705297686723723,-0.38706962796914146,0.6552900857041449,0.6486694124757888,-0.5915339155314454,0.36317324631184705,-0.7198561105799904,-11.012763023376465,-5.9984869956970215,2.944446563720703
2.76,4.0174557869828345,1.3728342407548526,0.8374415204299143,2.9713685095896123,-6.880341529846191,-95.63941192626953,-317.4320983886719,-1.1774859428405762,0.9220662117004395,19.742942810058594,-0.7126425448601369,-0.6668795477743044,0.21774359236406207,-0.32680074908587725,0.5902323580930123,0.7381239962613811,-0.6207591108088362,0.45485979402481946,-0.6385614254928976,-10.740842819213867,-6.105327129364014,2.8929615020751953
2.77,4.0174557869828345,1.3728342407548526,0.8374415204299143,2.9713685095896123,-6.892193794250488,-95.63053131103516,-317.23419189453125,-1.1927012205123901,0.8526294231414795,19.84116554260254,-0.719241722214011,-0.6680267790632465,0.19087055163384492,-0.26313104454134273,0.5161843312204638,0.8150556972385781,-0.6430034202282331,0.5359980957586203,-0.5470398915233946,-10.484664916992188,-6.1810150146484375,2.839578866958618
2.78,4.0174557869828345,1.3728342407548526,0.8374415204299143,2.9713685095896123,-6.904191017150879,-95.62240600585938,-317.0352783203125,-1.2063833475112915,0.7773361802101135,19.943634033203125,-0.7269233719157511,-0.6661875597637131,0.16666297302851532,-0.19705161072180025,0.43484058895687233,0.8786832904451889,-0.6578397024158534,0.605894213053491,-0.447369118864626,-10.231851577758789,-6.241644382476807,2.7863452434539795
2.79,0.02608723135961765,3.491566718331703,1.1385232317208143,1.944830852548975,-6.916316986083984,-95.61504364013672,-316.8353271484375,-1.2186566591262817,0.6973458528518677,20.04802131652832,-0.7354938547940515,-0.6617551662229827,0.14535779833699625,-0.12953401765079942,0.3479242683363086,0.9285309051258802,-0.6650336290981297,0.6640999950909777,-0.3416159666771073,-9.981051445007324,-6.289706707000732,2.7336061000823975
2.8,0.02608723135961765,3.491566718331703,1.1385232317208143,1.944830852548975,-6.928554534912109,-95.60844421386719,-316.6343688964844,-1.228014349937439,0.6250788569450378,20.148174285888672,-0.7447526492332819,-0.655236667509131,0.1265243099626962,-0.061275500138332994,0.2559370678323951,0.9647494650903689,-0.6645214853883996,0.7107468795998223,-0.23075976381577112,-10.097577095031738,-6.408105373382568,2.6952977180480957
2.81,0.02608723135961765,3.491566718331703,1.1385232317208143,1.944830852548975,-6.94087028503418,-95.60250854492188,-316.4324035644531,-1.23494553565979,0.5613625049591064,20.243513107299805,-0.7545933180345565,-0.6472291431650736,0.10808959531519613,0.007841560536019254,0.15581628572930403,0.9877549266037015,-0.6561458940707914,0.746200858575845,-0.11250264154549125,-10.551794052124023,-6.60526704788208,2.6683106422424316
2.82,0.02608723135961765,3.491566718331703,1.1385232317208143,1.944830852548975,-6.953249454498291,-95.59720611572266,-316.2295227050781,-1.2406986951828003,0.49808427691459656,20.333890914916992,-0.7650178465962065,-0.6377322804437482,0.0896952221097641,0.077227471639223,0.04742698166174153,0.9958848322143831,-0.6393618787615636,0.7687966050201273,0.012967964219963268,-11.049504280090332,-6.822408676147461,2.640320301055908
2.83,0.02608723135961765,3.491566718331703,1.1385232317208143,1.944830852548975,-6.965680122375488,-95.59254455566406,-316.0257568359375,-1.245219349861145,0.4348333477973938,20.415342330932617,-0.7760278166293582,-0.6266110562903966,0.07168969209101284,0.1458427955892712,-0.06769933332558671,0.9869886925603437,-0.6136046828310364,0.7763861052349559,0.14392327402445587,-11.549808502197266,-7.050723552703857,2.6094701290130615
2.84,0.02608723135961765,3.491566718331703,1.1385232317208143,1.944830852548975,-6.9781494140625,-95.58850860595703,-315.8212585449219,-1.248288869857788,0.37246376276016235,20.483121871948242,-0.7875969394731628,-0.6137715941148193,0.054548063121072354,0.21241435657443822,-0.18733736160740744,0.9590541455345692,-0.5784213015212825,0.7669349015423205,0.2779202308985379,-12.047258377075195,-7.28835391998291,2.5753657817840576
2.85,1.722117704174077,0.39977533629329465,0.7396333226108132,0.6581676401616545,-6.990641117095947,-95.58509063720703,-315.6161804199219,-1.2496864795684814,0.31214064359664917,20.5323486328125,-0.7996632389517226,-0.5991948321134111,0.038784757802793,0.2754686851165789,-0.30870211354575405,0.9103955231724987,-0.533531355957064,0.7386938190217687,0.4119171445201707,-12.54129695892334,-7.534350395202637,2.5378103256225586
2.86,1.722117704174077,0.39977533629329465,0.7396333226108132,0.6581676401616545,-7.003135681152344,-95.58221435546875,-315.4106750488281,-1.2487820386886597,0.267684668302536,20.56528091430664,-0.8120970859407292,-0.5829550243031015,0.025724747741161125,0.3333155353217372,-0.42724411474205387,0.8404541750336317,-0.4789562369567389,0.6911048444758935,0.5412716665614331,-12.597870826721191,-7.764484882354736,2.489685535430908
2.87,1.722117704174077,0.39977533629329465,0.7396333226108132,0.6581676401616545,-7.015610694885254,-95.57969665527344,-315.2049865722656,-1.245896339416504,0.23767894506454468,20.58133888244629,-0.82453558750758,-0.5655013954875868,0.0186878740129012,0.38418374645197295,-0.5353047271124424,0.7522311467183475,-0.4153840558996653,0.627420927952412,0.6586342424074824,-12.24960994720459,-7.965061187744141,2.433924913406372
2.88,1.722117704174077,0.39977533629329465,0.7396333226108132,0.6581676401616545,-7.028048515319824,-95.57744598388672,-314.9992980957031,-1.2416340112686157,0.21221844851970673,20.57515525817871,-0.8364722430275887,-0.5476954277303173,0.018544678150334032,0.4266799644189827,-0.6296688152750066,0.6492005784297988,-0.34388718296530096,0.5509509066273278,0.7603911518940204,-11.845172882080078,-8.147157669067383,2.3775620460510254
2.89,1.722117704174077,0.39977533629329465,0.7396333226108132,0.6581676401616545,-7.040438652038574,-95.575439453125,-314.7936706542969,-1.2363102436065674,0.19045168161392212,20.54703140258789,-0.8473831703962482,-0.5303874531203601,0.02511796372521309,0.4597001817405314,-0.7091303393698536,0.5346119197071076,-0.26573954436049924,0.46456787594246585,0.8447243237917209,-11.43355655670166,-8.312806129455566,2.3217334747314453
2.9,1.722117704174077,0.39977533629329465,0.7396333226108132,0.6581676401616545,-7.052772045135498,-95.57362365722656,-314.5884094238281,-1.2302939891815186,0.17261184751987457,20.499719619750977,-0.8567582140395609,-0.5143183205096123,0.0379740419749271,0.48239521239105015,-0.7731843778923135,0.41168043048640246,-0.18237385157400013,0.3710290864224094,0.9105367621851501,-11.02181339263916,-8.462772369384766,2.2667384147644043
2.91,3.68920901119657,0.5650420155544154,3.2876214368461794,2.6691835079295085,-7.065043926239014,-95.57196807861328,-314.38372802734375,-1.2240118980407715,0.15896347165107727,20.43745231628418,-0.864118539741087,-0.5001011004497246,0.056551203388665684,0.49417669032749856,-0.8218170010051272,0.28355989772162504,-0.09533387652189179,0.2729756512729906,0.9572856134923348,-10.611258506774902,-8.597650527954102,2.212747097015381
2.92,3.68920901119657,0.5650420155544154,3.2876214368461794,2.6691835079295085,-7.0772600173950195,-95.57044982910156,-314.1798095703125,-1.2199959754943848,0.1427983045578003,20.335498809814453,-0.8689665415412925,-0.48820009811054554,0.08098033024518592,0.4948382480783078,-0.8553185353435157,0.15350997145662826,-0.005679605669126349,0.17346719373609937,0.9848232708342985,-10.02236270904541,-8.88408088684082,2.1574435234069824
2.93,3.68920901119657,0.5650420155544154,3.2876214368461794,2.6691835079295085,-7.0894575119018555,-95.569091796875,-313.97711181640625,-1.2200028896331787,0.13123516738414764,20.201196670532227,-0.8704705684442585,-0.47896709951037764,0.11345266439773698,0.48446036874288445,-0.874445351703716,0.025366868180225596,0.08705825974505803,0.07704443179348192,0.9932195200154806,-9.264171600341797,-9.305720329284668,2.101165294647217
2.94,3.68920901119657,0.5650420155544154,3.2876214368461794,2.6691835079295085,-7.101673603057861,-95.56779479980469,-313.7757873535156,-1.2238296270370483,0.13152092695236206,20.06515884399414,-0.8676504138279844,-0.472720643026182,0.154006340911796,0.462701686532464,-0.8811080553658805,-0.09775348612386944,0.181906318373334,-0.013556859011921815,0.9832224076523022,-8.479207992553711,-9.727839469909668,2.0462887287139893
2.95,3.68920901119657,0.5650420155544154,3.2876214368461794,2.6691835079295085,-7.113950252532959,-95.56643676757812,-313.5758056640625,-1.2322399616241455,0.14363984763622284,19.937091827392578,-0.8595331494440634,-0.4695725150197575,0.20175335968649805,0.42936960976797256,-0.8775823864948775,-0.21328594215666175,0.2772084111538985,-0.09669957627609072,0.9559313200923778,-7.687912940979004,-10.132511138916016,1.993554949760437
2.96,1.4285336930393926,2.108381730587181,2.367988364357394,2.192844598034015,-7.126337051391602,-95.56489562988281,-313.37701416015625,-1.2460737228393555,0.1667664796113968,19.822885513305664,-0.8451830218979357,-0.46938900303199593,0.255616164058736,0.3845855206078824,-0.8662121954084483,-0.31901474866287965,0.3711598534785756,-0.17131957377458418,0.9126280550188324,-6.893545150756836,-10.518128395080566,1.9434441328048706
2.97,1.4285336930393926,2.108381730587181,2.367988364357394,2.192844598034015,-7.138883113861084,-95.56307983398438,-313.17926025390625,-1.2633028030395508,0.1963282823562622,19.735570907592773,-0.8237998691259665,-0.47210934540412364,0.313793788354917,0.3288171928809144,-0.8488645808549824,-0.4138939200275967,0.4617716202777691,-0.2377849645204358,0.8545322003026328,-6.422209739685059,-10.840389251708984,1.902348518371582
2.98,1.4285336930393926,2.108381730587181,2.367988364357394,2.192844598034015,-7.151613712310791,-95.56095123291016,-312.9822082519531,-1.2836377620697021,0.23014797270298004,19.676733016967773,-0.7950577388945956,-0.47855752365574555,0.3726471365464837,0.2627901881982313,-0.8255164066996192,-0.49946369162981913,0.5466484325510788,-0.2991744621825691,0.7820934294361636,-6.251424789428711,-11.111387252807617,1.8679240942001343
2.99,1.4285336930393926,2.108381730587181,2.367988364357394,2.192844598034015,-7.164572238922119,-95.55846405029297,-312.7856140136719,-1.3090846538543701,0.26990264654159546,19.64128303527832,-0.7588489731443875,-0.48899586691484975,0.4301526218656624,0.18725503061165683,-0.7964196161480224,-0.5750229113046407,0.6237658130006296,-0.35580730340288363,0.6959291439340877,-6.121374130249023,-11.37160587310791,1.834310531616211
3.0,1.4285336930393926,2.108381730587181,2.367988364357394,2.192844598034015,-7.177812099456787,-95.5555419921875,-312.58935546875,-1.339872121810913,0.3152593970298767,19.62939453125,-0.7152013952832246,-0.5033202755774459,0.48492851470868675,0.10314576628242314,-0.7622399109519133,-0.6390236842637611,0.691265444733744,-0.40701230736264393,0.5970704033632853,-5.996084213256836,-11.626687049865723,1.8007373809814453
3.01,1.4285336930393926,2.108381730587181,2.367988364357394,2.192844598034015,-7.1913862228393555,-95.55213165283203,-312.3930969238281,-1.3757847547531128,0.36539971828460693,19.640932083129883,-0.6643059011945492,-0.5213002944141765,0.5356712356303919,0.011646303072053332,-0.7237864468276353,-0.6899257518120198,0.7473700778482182,-0.4520831587576778,0.486886829052531,-5.870914459228516,-11.87746524810791,1.7671444416046143
3.02,3.901028598858104,2.0288058650098546,2.449408593964512,1.544182300462221,-7.205343246459961,-95.54821014404297,-312.196533203125,-1.4163888692855835,0.4193132817745209,19.674646377563477,-0.606530252383815,-0.5426233811325152,0.5811031915172576,-0.08580466472208342,-0.6819482881980383,-0.7263498411479802,0.790416733410393,-0.4904145169874993,0.3670626500650281,-5.745450496673584,-12.12413215637207,1.733566164970398
3.03,3.901028598858104,2.0288058650098546,2.449408593964512,1.544182300462221,-7.219743728637695,-95.54371643066406,-311.9995422363281,-1.4661195278167725,0.48205628991127014,19.72554588317871,-0.5428367820098643,-0.5663986455778417,0.6200974136252803,-0.1869971852497203,-0.6383035713020069,-0.7467265922489877,0.8187553241389379,-0.5213071313061913,0.24057970413867497,-5.369565486907959,-12.161436080932617,1.6971890926361084
3.04,3.901028598858104,2.0288058650098546,2.449408593964512,1.544182300462221,-7.234691143035889,-95.5385513305664,-311.802001953125,-1.524339199066162,0.5520217418670654,19.791898727416992,-0.4755889502945867,-0.5901327030518568,0.6523484829034263,-0.28794295376845835,-0.5962948189977646,-0.7493472787776829,0.8312063556859923,-0.5442204347735684,0.11366667340113125,-4.765925407409668,-11.998712539672852,1.6610827445983887
3.05,3.901028598858104,2.0288058650098546,2.449408593964512,1.544182300462221,-7.250241756439209,-95.53267669677734,-311.60369873046875,-1.5862162113189697,0.6225610971450806,19.871755599975586,-0.40626075754499436,-0.6125005454143095,0.6780820590062389,-0.38590585828769614,-0.5576453557989065,-0.7349206254386573,0.8282685949727924,-0.5602452489964409,-0.009818123991479405,-4.136948585510254,-11.797961235046387,1.6289409399032593
3.06,3.901028598858104,2.0288058650098546,2.449408593964512,1.544182300462221,-7.266422271728516,-95.52610778808594,-311.404541015625,-1.650226354598999,0.6912662982940674,19.960691452026367,-0.3358411661890161,-0.6328148776033611,0.6976790392269536,-0.47894508712907435,-0.5230700333611473,-0.7049888961639694,0.8110624603615466,-0.5709142412686967,-0.127415126687781,-3.5103979110717773,-11.58234977722168,1.6011360883712769
3.07,3.901028598858104,2.0288058650098546,2.449408593964512,1.544182300462221,-7.283249855041504,-95.51885986328125,-311.2044677734375,-1.7153934240341187,0.7564689517021179,20.05442237854004,-0.2651693324646384,-0.6505913081221839,0.7116292397844002,-0.5654975221058236,-0.4928504414941495,-0.6612949378387796,0.7809595236709976,-0.5777797089850831,-0.23721895007077543,-2.8896405696868896,-11.355508804321289,1.5775771141052246
3.08,1.0973726414213356,1.2689938305915478,1.6483066474886838,3.1050320750406404,-7.300731182098389,-95.510986328125,-311.0034484863281,-1.7808992862701416,0.8167524933815002,20.14928436279297,-0.194974340642752,-0.6654776751410855,0.7205029287794324,-0.6443175522633496,-0.46695229745196365,-0.6056487792026816,0.7394862394502617,-0.5823186548558689,-0.33773523042549386,-2.2747931480407715,-11.118393898010254,1.5581039190292358
3.09,1.0973726414213356,1.2689938305915478,1.6483066474886838,3.1050320750406404,-7.318835258483887,-95.50257110595703,-310.801513671875,-1.8366985321044922,0.8634565472602844,20.237504959106445,-0.12517047481668786,-0.6780498849435698,0.724279439002777,-0.7150072447078929,-0.4444537956403225,-0.5396530955680127,0.6878204651283596,-0.5854136802884974,-0.429178087373627,-2.0017035007476807,-11.17100715637207,1.5412707328796387
3.1,1.0973726414213356,1.2689938305915478,1.6483066474886838,3.1050320750406404,-7.337436199188232,-95.49376678466797,-310.5987243652344,-1.882737636566162,0.8975510597229004,20.315486907958984,-0.053746455891966693,-0.691235136753301,0.7206284092350912,-0.7785559749221151,-0.4228840475099168,-0.46370214176204233,0.625269471821652,-0.5859719004178234,-0.5154367269884799,-2.0406346321105957,-11.498818397521973,1.5241432189941406
3.11,1.0973726414213356,1.2689938305915478,1.6483066474886838,3.1050320750406404,-7.356481075286865,-95.48464965820312,-310.39520263671875,-1.925793170928955,0.9246863126754761,20.385141372680664,0.01920494289459777,-0.7058409101232045,0.708110005412197,-0.8340304083203808,-0.40189465444728556,-0.37798672559183344,0.5513841203420301,-0.5833260634697746,-0.5964111463675895,-2.1197621822357178,-11.865636825561523,1.5061661005020142
3.12,1.0973726414213356,1.2689938305915478,1.6483066474886838,3.1050320750406404,-7.375943183898926,-95.47528839111328,-310.1910095214844,-1.9662026166915894,0.9449709057807922,20.446218490600586,0.09261987258901837,-0.7217539556750181,0.6859247674993652,-0.8797881654244026,-0.3819052057709956,-0.2830568808281779,0.466255662894037,-0.5772518005796756,-0.6703626000507223,-2.2014472484588623,-12.238473892211914,1.48725163936615
3.13,1.616366377002023,0.44829596238196634,2.1261553128972297,1.6215806944685032,-7.395794868469238,-95.46577453613281,-309.9862976074219,-2.0034399032592773,0.9579090476036072,20.49873924255371,0.1651467824819319,-0.7386870393041393,0.6535043979958742,-0.9140974777526286,-0.3634441354414357,-0.17981702249650766,0.37034084490121766,-0.5676705192074993,-0.7352535890565512,-2.2807981967926025,-12.612777709960938,1.467376470565796
3.14,1.616366377002023,0.44829596238196634,2.1261553128972297,1.6215806944685032,-7.415987968444824,-95.45616149902344,-309.7810974121094,-2.0331132411956787,0.9622763395309448,20.538949966430664,0.23517038308107982,-0.7557599172361769,0.6111643301278843,-0.9352441950136723,-0.34713563452701307,-0.06939125978649252,0.26460005029237366,-0.5552691228050551,-0.7884560955719592,-2.1046884059906006,-12.938294410705566,1.4482406377792358
3.15,1.616366377002023,0.44829596238196634,2.1261553128972297,1.6215806944685032,-7.436434268951416,-95.44654846191406,-309.5755615234375,-2.055609703063965,0.958943784236908,20.568645477294922,0.30091567523940493,-0.7708181830504499,0.5615060864087014,-0.9416320137598619,-0.33334340353051956,0.047024738013476286,0.15092682683260733,-0.5428825876757258,-0.8261353333085008,-1.6917672157287598,-13.213874816894531,1.4320664405822754
3.16,1.616366377002023,0.44829596238196634,2.1261553128972297,1.6215806944685032,-7.457085132598877,-95.43700408935547,-309.3697509765625,-2.0741403102874756,0.9487932324409485,20.59435272216797,0.36111202581929214,-0.7834098977519277,0.5058330128738153,-0.9319914454914922,-0.3214994012114829,0.16742186401822573,0.03146506537997659,-0.5318900893276473,-0.846228623089329,-1.2444103956222534,-13.476861000061035,1.4188389778137207
3.17,1.616366377002023,0.44829596238196634,2.1261553128972297,1.6215806944685032,-7.477904796600342,-95.42759704589844,-309.1636962890625,-2.0892672538757324,0.9319518208503723,20.620100021362305,0.4146826402837538,-0.7937662498457787,0.44494207314330736,-0.9053616826593018,-0.31077185644298233,0.2893805052440481,-0.09142500434570991,-0.5228345759881913,-0.8475172415541972,-0.7905939817428589,-13.73257064819336,1.4086802005767822
3.18,1.616366377002023,0.44829596238196634,2.1261553128972297,1.6215806944685032,-7.4988603591918945,-95.41838836669922,-308.9573669433594,-2.1012606620788574,0.908622682094574,20.649600982666016,0.4606396021021963,-0.8022696729909774,0.3797032114350375,-0.8611237958468932,-0.3002653841938863,0.41025176085074405,-0.21512081536050512,-0.515949678606207,-0.829167633198971,-0.33385708928108215,-13.981800079345703,1.4017294645309448
3.19,3.3059408865951667,2.179904188195425,2.3246719963363223,1.6818007493451301,-7.51992130279541,-95.4094467163086,-308.75067138671875,-2.110381841659546,0.8791323900222778,20.68623924255371,0.4980963202653287,-0.8093761185455028,0.31114362353478403,-0.7990536250763427,-0.28907134095732834,0.5272106448939433,-0.336769000934609,-0.5112221225312421,-0.7907202927990131,0.12561029195785522,-14.224699020385742,1.3981274366378784
3.2,3.3059408865951667,2.179904188195425,2.3246719963363223,1.6818007493451301,-7.541076183319092,-95.4008560180664,-308.5435485839844,-2.1216063499450684,0.8340917825698853,20.74570655822754,0.5261269285234372,-0.8155833208303038,0.24086158237856747,-0.7198351097872824,-0.2763025451351764,0.6367843577455046,-0.4528000329063867,-0.5084100218674268,-0.7324557187057368,0.5946204662322998,-14.243180274963379,1.398361325263977
3.21,3.3059408865951667,2.179904188195425,2.3246719963363223,1.6818007493451301,-7.562351703643799,-95.392822265625,-308.3357238769531,-2.1328649520874023,0.7719047665596008,20.8266658782959,0.5438554326805447,-0.8213977388796632,0.17183428909048987,-0.6264182451579525,-0.2611120120394296,0.7344526528660319,-0.558409751416546,-0.5070761991378586,-0.6565457164515003,1.069325566291809,-14.052600860595703,1.4024481773376465
3.22,3.3059408865951667,2.179904188195425,2.3246719963363223,1.6818007493451301,-7.5837202072143555,-95.38545989990234,-308.12701416015625,-2.140075922012329,0.7006434798240662,20.91779899597168,0.5516066857510404,-0.8273244211424287,0.10613371950562228,-0.5215977366329776,-0.24284288951643448,0.817901664108017,-0.6508962016897224,-0.5065191340834558,-0.5654843069734456,1.5428646802902222,-13.827327728271484,1.4100011587142944
3.23,3.3059408865951667,2.179904188195425,2.3246719963363223,1.6818007493451301,-7.60513973236084,-95.37886047363281,-307.9173278808594,-2.1430912017822266,0.6227173209190369,21.01612091064453,0.5501827061344103,-0.8338156480779232,0.04528194884289127,-0.4079214001417807,-0.22105384487460208,0.8858528822397795,-0.7286282462113217,-0.5058524119607897,-0.46175124919859745,2.014583110809326,-13.591572761535645,1.420845866203308
3.24,3.3059408865951667,2.179904188195425,2.3246719963363223,1.6818007493451301,-7.626569747924805,-95.37303924560547,-307.7066650390625,-2.142179489135742,0.5395945310592651,21.11876106262207,0.540578266239181,-0.8412408899915338,-0.009428842775914825,-0.2879155096227388,-0.19552099518591878,0.9374839730684393,-0.7904933885798915,-0.5040687507153759,-0.34790070014836205,2.484621047973633,-13.348475456237793,1.4348387718200684
3.25,1.4877502422001385,2.1677919371350796,1.5111373720696668,1.5096276783725702,-7.647972106933594,-95.36807250976562,-307.49493408203125,-2.13763689994812,0.4526303708553314,21.22205924987793,0.523917444780462,-0.8498666379106636,-0.056896474593216784,-0.16407310313034534,-0.1662418914379204,0.9723392671081024,-0.8358172813982077,-0.5000903231392981,-0.22653728350658237,2.953227996826172,-13.098340034484863,1.4518381357192993
3.26,1.4877502422001385,2.1677919371350796,1.5111373720696668,1.5096276783725702,-7.669314861297607,-95.36395263671875,-307.2821960449219,-2.1307458877563477,0.37596702575683594,21.31948471069336,0.501369571472749,-0.8597962086682283,-0.09684540443910061,-0.03861920301207333,-0.13405600217062685,0.9902209578880572,-0.8643709330836761,-0.4927265649848502,-0.10041624469320642,3.233395576477051,-12.899996757507324,1.4735994338989258
3.27,1.4877502422001385,2.1677919371350796,1.5111373720696668,1.5096276783725702,-7.690582275390625,-95.36052703857422,-307.06854248046875,-2.122420072555542,0.3103407919406891,21.409149169921875,0.4738505045515288,-0.8708132676800329,-0.13095782591615124,0.08685899164469352,-0.10176944670853649,0.9910088270480264,-0.876311140467088,-0.4809648974187843,0.027414458670738218,3.3399498462677,-12.752476692199707,1.4983696937561035
3.28,1.4877502422001385,2.1677919371350796,1.5111373720696668,1.5096276783725702,-7.711756229400635,-95.35774230957031,-306.8540344238281,-2.112025737762451,0.24666467308998108,21.48880958557129,0.4421330356783495,-0.8826667815847413,-0.1594293933021203,0.2103957356955331,-0.07072819936492897,0.9750544375652728,-0.8719243161897614,-0.4646470429276717,0.15443805339225045,3.423370599746704,-12.610275268554688,1.5238004922866821
3.29,1.4877502422001385,2.1677919371350796,1.5111373720696668,1.5096276783725702,-7.732815265655518,-95.3555908203125,-306.6387939453125,-2.0993402004241943,0.18452395498752594,21.55402183532715,0.40701272800283783,-0.8951252123500877,-0.18191067439515046,0.32995752975471393,-0.04162431759034291,0.9430776451296603,-0.851744485043405,-0.4438674018221531,0.27841167683449675,3.5045509338378906,-12.466995239257812,1.5495604276657104
3.3,2.9451132932249418,0.6923305440912204,1.14009777394026,0.25927013068424426,-7.753735065460205,-95.35404968261719,-306.4230041503906,-2.0843241214752197,0.12473520636558533,21.60072898864746,0.36931203493759823,-0.9079485862411494,-0.19808580361284928,0.44365138217127953,-0.015037855896953556,0.8960732748986189,-0.8165672488826401,-0.41881168516735606,0.3972589840639429,3.5862672328948975,-12.32172966003418,1.5755963325500488
3.31,2.9451132932249418,0.6923305440912204,1.14009777394026,0.25927013068424426,-7.77449893951416,-95.35307312011719,-306.20684814453125,-2.0686004161834717,0.07482433319091797,21.629121780395508,0.3299820261753592,-0.9210730588073319,-0.20672755680003074,0.5494656289481921,0.0093372832496329,0.8354641450990484,-0.7675932418968866,-0.3892778384147003,0.5091791232104929,3.9602885246276855,-12.062429428100586,1.5984200239181519
3.32,2.9451132932249418,0.6923305440912204,1.14009777394026,0.25927013068424426,-7.795105457305908,-95.35253143310547,-305.990478515625,-2.052443265914917,0.03437340632081032,21.638134002685547,0.2905335408388293,-0.9348841740145007,-0.203916264248041,0.6449191888999818,0.03388737431777894,0.7634991065158073,-0.7068730447797834,-0.3533316105856811,0.6127701620711364,4.603126525878906,-11.691171646118164,1.6203054189682007
3.33,2.9451132932249418,0.6923305440912204,1.14009777394026,0.25927013068424426,-7.815544605255127,-95.35237884521484,-305.77410888671875,-2.0351250171661377,-0.0015476965345442295,21.62449073791504,0.25247717136433057,-0.9490513719561451,-0.18856503209244638,0.7288637165187986,0.058362114101489504,0.6821668024611058,-0.6364062858601187,-0.30966975478041703,0.706464211614407,5.280135154724121,-11.294071197509766,1.6448707580566406
3.34,2.9451132932249418,0.6923305440912204,1.14009777394026,0.25927013068424426,-7.835805892944336,-95.35255432128906,-305.55804443359375,-2.017092704772949,-0.03318331018090248,21.58821678161621,0.21712776906958936,-0.9627987428350698,-0.160854321340995,0.8008402396253199,0.08147941423120758,0.5933093760032782,-0.5581312054487932,-0.2576425544271526,0.7887394193601133,5.9586052894592285,-10.882740020751953,1.6723157167434692
3.35,2.9451132932249418,0.6923305440912204,1.14009777394026,0.25927013068424426,-7.855885982513428,-95.35302734375,-305.3424377441406,-1.9990490674972534,-0.06025339663028717,21.531089782714844,0.18560646657634483,-0.9751100459532112,-0.12128741833418005,0.8607388575216406,0.10179864835190244,0.49876412696390504,-0.47400301551507545,-0.19697064114951726,0.858209594334486,6.634005069732666,-10.45837116241455,1.7023576498031616
3.36,3.8136414559449916,3.124040237702816,1.917079729259444,1.2662311273096538,-7.875788688659668,-95.35374450683594,-305.1275329589844,-1.9817962646484375,-0.08250967413187027,21.456249237060547,0.15883039115259212,-0.9847811729697951,-0.07056166247013562,0.9087338043731292,0.11787667550488179,0.4003847676441452,-0.38597380692976296,-0.1277150372358383,0.913626340266082,7.305525779724121,-10.0206937789917,1.7346370220184326
3.37,3.8136414559449916,3.124040237702816,1.917079729259444,1.2662311273096538,-7.895522594451904,-95.35469055175781,-304.9134521484375,-1.9651780128479004,-0.10810249298810959,21.34612274169922,0.1374901431782775,-0.9904530348410501,-0.009962243872246535,0.9451490634537336,0.12817936224845577,0.30043851109022135,-0.2962932810263281,-0.05072313937181455,0.9537491571429674,7.8349223136901855,-9.465287208557129,1.771010398864746
3.38,3.8136414559449916,3.124040237702816,1.917079729259444,1.2662311273096538,-7.915107250213623,-95.35589599609375,-304.70068359375,-1.9525682926177979,-0.13256902992725372,21.206541061401367,0.12185076851111815,-0.9908597318667707,0.05787384537216876,0.9704826287117361,0.13116564883831033,0.20238339836454966,-0.20812462031679202,0.03150498896582672,0.9775947923798769,8.229469299316406,-8.802014350891113,1.8094773292541504
3.39,3.8136414559449916,3.124040237702816,1.917079729259444,1.2662311273096538,-7.934596538543701,-95.35730743408203,-304.4893493652344,-1.946543574333191,-0.14838308095932007,21.060997009277344,0.11169997925108216,-0.9850422820619759,0.1312052483151605,0.9860220548619575,0.12628739794517269,0.1086830274055738,-0.12362694674346253,0.11723137664624055,0.9853797148148101,8.597655296325684,-8.115438461303711,1.8471131324768066
3.4,3.8136414559449916,3.124040237702816,1.917079729259444,1.2662311273096538,-7.9540629386901855,-95.35883331298828,-304.2794494628906,-1.9480241537094116,-0.15528538823127747,20.918052673339844,0.10656820447378362,-0.9721570628610289,0.208695622677265,0.9933190034482268,0.11343786834898834,0.02119451374906517,-0.044278382805332625,0.20504266666685522,0.9777509548255576,8.95389461517334,-7.417346954345703,1.8832108974456787
3.41,3.8136414559449916,3.124040237702816,1.917079729259444,1.2662311273096538,-7.973583698272705,-95.36035919189453,-304.0709533691406,-1.9576897621154785,-0.1539408564567566,20.783550262451172,0.10579847497842454,-0.9514458061733739,0.28906324672524275,0.9939691944260733,0.09275520963185613,-0.05849539826459542,0.028843079312425718,0.2935086864153245,0.9555211812275687,9.29943561553955,-6.7094197273254395,1.9173730611801147
3.42,2.0902695847924426,3.4418920839957585,1.4201273922039594,0.45258121156884057,-7.993244647979736,-95.36186218261719,-303.8637390136719,-1.976058840751648,-0.14521878957748413,20.662275314331055,0.10858069305123041,-0.9222505001671307,0.3710313302646986,0.9895368138985677,0.06460032263009519,-0.12901043467704112,0.09501119426670715,0.38115720281475074,0.9196151693542518,9.633772850036621,-5.992030143737793,1.9492472410202026
3.43,2.0902695847924426,3.4418920839957585,1.4201273922039594,0.45258121156884057,-8.013116836547852,-95.36325073242188,-303.6575927734375,-1.9983446598052979,-0.13207809627056122,20.569293975830078,0.11397419615690563,-0.8842345068391948,0.452922973059695,0.9814974260176035,0.029613498825554085,-0.18917146562874568,0.1538593036875119,0.466103397973191,0.8712490671826507,9.82409381866455,-5.2725958824157715,1.9829329252243042
3.44,2.0902695847924426,3.4418920839957585,1.4201273922039594,0.45258121156884057,-8.033220291137695,-95.36449432373047,-303.4522399902344,-2.0233421325683594,-0.1165640652179718,20.50526237487793,0.12090351880629474,-0.8380074858741343,0.5320956612857959,0.9711752859202664,-0.011071913880820461,-0.23810916979550464,0.2054285840820228,0.545546392474488,0.8125135263490246,9.879499435424805,-4.553725242614746,2.017420768737793
3.45,2.0902695847924426,3.4418920839957585,1.4201273922039594,0.45258121156884057,-8.05360221862793,-95.36557006835938,-303.2474060058594,-2.054490089416504,-0.09828583151102066,20.46206283569336,0.12825585721191518,-0.7841427631889066,0.6071824783615736,0.9597137058164698,-0.05620087226843229,-0.27530177047066995,0.25000007591769824,0.618030410978888,0.7453444661003471,9.905158996582031,-3.8316967487335205,2.048816442489624
3.46,2.0902695847924426,3.4418920839957585,1.4201273922039594,0.45258121156884057,-8.074329376220703,-95.36644744873047,-303.0429382324219,-2.092102527618408,-0.07781587541103363,20.438772201538086,0.13495346509495038,-0.7231576262793379,0.6773703638430746,0.948051925656444,-0.10451153339979857,-0.3004577934511451,0.28807136011407697,0.682730098165048,0.67148678657258,9.915129661560059,-3.1065104007720947,2.0765280723571777
3.47,2.0902695847924426,3.4418920839957585,1.4201273922039594,0.45258121156884057,-8.095464706420898,-95.36711120605469,-302.8384704589844,-2.135861396789551,-0.05594316124916077,20.434751510620117,0.13998389417666246,-0.655625053968228,0.7419975053733636,0.9369063627102823,-0.15472926554120814,-0.3134730002696672,0.32032948175921216,0.7390633551964513,0.5925996794815519,9.910833358764648,-2.378727436065674,2.1004347801208496
3.48,2.3757909246920166,0.4580487498683932,2.5487258142141367,0.14385360376636402,-8.1170654296875,-95.36756134033203,-302.6340026855469,-2.1852669715881348,-0.03349335491657257,20.44883155822754,0.14241977871349012,-0.5821852053047805,0.8004854735442928,0.9267605938492933,-0.20558311179957067,-0.31440481203523285,0.3476081246451317,0.7866358565861561,0.5102672053088056,9.892045021057129,-1.6490039825439453,2.120497226715088
3.49,2.3757909246920166,0.4580487498683932,2.5487258142141367,0.14385360376636402,-8.13916301727295,-95.36779022216797,-302.42938232421875,-2.23256778717041,-0.013982020318508148,20.483440399169922,0.14213211666774545,-0.5025081814936785,0.852809468136619,0.9176126278368071,-0.2561956911863796,-0.30389279861813595,0.37119472874217396,0.8257416638086332,0.42469421706043325,10.220603942871094,-1.158652901649475,2.133610725402832
3.5,2.3757909246920166,0.4580487498683932,2.5487258142141367,0.14385360376636402,-8.16170883178711,-95.36784362792969,-302.22430419921875,-2.2769904136657715,0.002241948153823614,20.53541374206543,0.14122039350672985,-0.4130972249146995,0.8996707637939437,0.9085983581180435,-0.30674758820981674,-0.28346947058308736,0.3930722886225885,0.8574710490128716,0.33202044518638557,10.876884460449219,-0.8817414045333862,2.1418209075927734
3.51,2.3757909246920166,0.4580487498683932,2.5487258142141367,0.14385360376636402,-8.184709548950195,-95.36774444580078,-302.0186462402344,-2.32352614402771,0.01686861366033554,20.599456787109375,0.14032600767821937,-0.31279987856338215,0.9393960014497749,0.8994530632439346,-0.35632889682175256,-0.2530096921283754,0.41387534184847835,0.880446451103374,0.2313465974447842,11.57416820526123,-0.620979905128479,2.148376703262329
3.52,2.3757909246920166,0.4580487498683932,2.5487258142141367,0.14385360376636402,-8.208187103271484,-95.36751556396484,-301.8122863769531,-2.372298002243042,0.029662689194083214,20.672924041748047,0.13941093478659297,-0.20188119280760286,0.969437246681036,0.890131631266423,-0.40338297017109703,-0.21200909979272226,0.43385512591290765,0.8924831445839878,0.12346483852729787,12.272212982177734,-0.34905004501342773,2.1534812450408936
3.53,2.329484941639127,3.7266519011409867,0.16561091020552532,2.371741499068843,-8.232160568237305,-95.3671646118164,-301.6051330566406,-2.4225010871887207,0.04009786620736122,20.752838134765625,0.13836659742034751,-0.08127298221286006,0.9870407220984065,0.8805684506077172,-0.4460332048396184,-0.1601673623895437,0.4532702157793294,0.891318732296549,0.009850327133295922,12.965267181396484,-0.06245929002761841,2.156902551651001
3.54,2.329484941639127,3.7266519011409867,0.16561091020552532,2.371741499068843,-8.256685256958008,-95.3667221069336,-301.3971862792969,-2.4870269298553467,0.04947112873196602,20.836315155029297,0.1363509505531283,0.04545484150245105,0.9896172369493395,0.8707313732236317,-0.4819286425818304,-0.09783485648439733,0.47247782378366354,0.8750306513735511,-0.10529038507590316,13.04326343536377,0.46820443868637085,2.155388116836548
3.55,2.329484941639127,3.7266519011409867,0.16561091020552532,2.371741499068843,-8.281938552856445,-95.3661880493164,-301.18841552734375,-2.5635151863098145,0.055582623928785324,20.922204971313477,0.1304613106422697,0.16868545736295693,0.976997985105267,0.8605393859658016,-0.5086632598438691,-0.027086034900108358,0.4923939597792631,0.8442789258054821,-0.21152135545527986,12.543023109436035,1.2091307640075684,2.1471073627471924
3.56,2.329484941639127,3.7266519011409867,0.16561091020552532,2.371741499068843,-8.307954788208008,-95.36565399169922,-300.978759765625,-2.639223337173462,0.05584637075662613,21.00755500793457,0.12000835609009541,0.2842274200335,0.9512164675664803,0.8492279916673844,-0.5256605151479435,0.04992835850475352,0.5142079468825169,0.8018078301659934,-0.30445753537622866,11.948785781860352,1.9670922756195068,2.133833408355713
3.57,2.329484941639127,3.7266519011409867,0.16561091020552532,2.371741499068843,-8.334711074829102,-95.36511993408203,-300.76824951171875,-2.711379051208496,0.0496247261762619,21.09010124206543,0.10535022094784496,0.3905284444865248,0.9145429814903048,0.8357937073319511,-0.533096858234366,0.13136444924317048,0.5388415441765357,0.7505299952617377,-0.382563088237565,11.328465461730957,2.714615821838379,2.1163458824157715
3.58,2.329484941639127,3.7266519011409867,0.16561091020552532,2.371741499068843,-8.362167358398438,-95.36469268798828,-300.55694580078125,-2.7789180278778076,0.03660576790571213,21.16887092590332,0.08712255233821262,0.4867957474048574,0.8691602620820985,0.8191750949076411,-0.5314925366083159,0.21556402161009058,0.5668878414264439,0.6932139524260924,-0.4450759389190375,10.691831588745117,3.4475207328796387,2.0952768325805664
3.59,3.2197155296075133,2.7189321497793175,3.4589213834670702,4.088880672801788,-8.39027214050293,-95.36442565917969,-300.3448486328125,-2.841285467147827,0.016630779951810837,21.243934631347656,0.06608575314530206,0.5726848549436495,0.8171075389135686,0.7983069376312538,-0.521623072655677,0.3010239249678664,0.5986139879430045,0.6324092243092452,-0.4916501463922807,10.040842056274414,4.164911270141602,2.071239709854126
3.6,3.2197155296075133,2.7189321497793175,3.4589213834670702,4.088880672801788,-8.419035911560059,-95.36441040039062,-300.13201904296875,-2.916088104248047,-0.018024194985628128,21.327533721923828,0.043984876591979874,0.6488770621237572,0.7596208849688308,0.7725984365668292,-0.5041466549969299,0.3859116557839338,0.6333695496672374,0.5699076315553671,-0.5234962321251916,9.644828796386719,4.514147758483887,2.044559955596924
3.61,3.2197155296075133,2.7189321497793175,3.4589213834670702,4.088880672801788,-8.448616981506348,-95.3648452758789,-299.91827392578125,-2.9995381832122803,-0.06971043348312378,21.420629501342773,0.024887666326235416,0.7178343381904686,0.6957689752924355,0.7432633779622726,-0.47872157195740206,0.4673170310642936,0.6685358292903575,0.5055091685195096,-0.5454542377668068,9.494412422180176,4.527066230773926,2.017120122909546
3.62,3.2197155296075133,2.7189321497793175,3.4589213834670702,4.088880672801788,-8.479001998901367,-95.36585235595703,-299.7035827636719,-3.076054334640503,-0.13267086446285248,21.514829635620117,0.010077900185077027,0.779896202984574,0.6258277306880098,0.7111742730215491,-0.4455564269929284,0.5437928132639916,0.7029435178733288,0.43959229171533437,-0.5591323883878752,9.379857063293457,4.48927116394043,1.9899952411651611
3.63,3.2197155296075133,2.7189321497793175,3.4589213834670702,4.088880672801788,-8.51010513305664,-95.3675308227539,-299.48797607421875,-3.1431901454925537,-0.20525838434696198,21.609405517578125,-0.00024317869172669516,0.8347084488557167,0.5506920612039066,0.6768716247598784,-0.4052276305541314,0.6145204398800799,0.7361010422890639,0.372897268486064,-0.564891921252717,9.271970748901367,4.440671920776367,1.9633409976959229
3.64,3.2197155296075133,2.7189321497793175,3.4589213834670702,4.088880672801788,-8.541831970214844,-95.36998748779297,-299.27142333984375,-3.200336456298828,-0.2865278422832489,21.70477867126465,-0.006066330169670092,0.8819246838959135,0.47135130377815365,0.6408470840784316,-0.35841490590920955,0.678862114166245,0.7676445886388075,0.30618231032700954,-0.5630045988945123,9.166851043701172,4.3867621421813965,1.9371881484985352
3.65,3.460592573111723,2.185968545341279,1.1344088667606147,0.2805703694439356,-8.574078559875488,-95.373291015625,-299.05389404296875,-3.247222423553467,-0.37560611963272095,21.801475524902344,-0.007461093564071181,0.9212919980619345,0.3887999310569342,0.6035870990040093,-0.30584353246419116,0.7363031628111817,0.7972621563819221,0.2401682492688695,-0.553798037234129,9.063993453979492,4.328421115875244,1.9115499258041382
3.66,3.460592573111723,2.185968545341279,1.1344088667606147,0.2805703694439356,-8.606705665588379,-95.37744140625,-298.83544921875,-3.2733559608459473,-0.4490565359592438,21.883798599243164,-0.004983916539992701,0.9528332401295929,0.30345341830347505,0.5645145586554488,-0.2477982638864899,0.7873495624440807,0.8254080649242327,0.17522795701309452,-0.536653230158033,9.134283065795898,4.669947624206543,1.8871264457702637
3.67,3.460592573111723,2.185968545341279,1.1344088667606147,0.2805703694439356,-8.639496803283691,-95.38221740722656,-298.61627197265625,-3.2836484909057617,-0.5055119395256042,21.95477867126465,0.00016054390713471367,0.9768140204391547,0.21408956933757556,0.5197234903305801,-0.18298561747998984,0.8345080930668475,0.854334517518901,0.11113340302969898,-0.5077025693324638,9.356073379516602,5.386714458465576,1.8608157634735107
3.68,3.460592573111723,2.185968545341279,1.1344088667606147,0.2805703694439356,-8.672358512878418,-95.38755798339844,-298.3963623046875,-3.287750244140625,-0.5620859861373901,22.028854370117188,0.008726590990896912,0.9926161629103787,0.12098346886560368,0.4675630328953952,-0.11099785982670428,0.8769631037754959,0.8839166572021016,0.04891449931225106,-0.4650792565549388,9.587996482849121,6.157037734985352,1.8303117752075195
3.69,3.460592573111723,2.185968545341279,1.1344088667606147,0.2805703694439356,-8.70523738861084,-95.39347076416016,-298.1756896972656,-3.286735773086548,-0.6210731267929077,22.108491897583008,0.022064098147224986,0.9994370345176401,0.025274287478292135,0.4076146343524766,-0.032076781640607566,0.9125904831529188,0.9128874440119366,-0.009833316539526071,-0.4080929066415967,9.810995101928711,6.935444355010986,1.7951511144638062
3.7,1.9095874284689593,1.5704715875466395,1.9121012715452126,2.5299844510833953,-8.738079071044922,-95.39998626708984,-297.95416259765625,-3.280695676803589,-0.6824001669883728,22.193824768066406,0.04155317588807203,0.996575461331126,-0.0714890442394393,0.33989395553631585,0.053183722163460206,0.9389587800786129,0.9395453328943164,-0.06331541336430979,-0.33652002298082456,10.023224830627441,7.715074062347412,1.7551432847976685
3.71,1.9095874284689593,1.5704715875466395,1.9121012715452126,2.5299844510833953,-8.770834922790527,-95.40714263916016,-297.7317810058594,-3.2691192626953125,-0.7492484450340271,22.28495979309082,0.06829608036653823,0.9836112580058374,-0.166866828731002,0.26595129171998916,0.14325559511756436,0.9532826154399239,0.9615641194631988,-0.10948391476233699,-0.2518088889798706,10.042455673217773,8.13486385345459,1.7099049091339111
3.72,1.9095874284689593,1.5704715875466395,1.9121012715452126,2.5299844510833953,-8.80344295501709,-95.41498565673828,-297.5084533691406,-3.2513625621795654,-0.8205296993255615,22.378870010375977,0.10210152526273766,0.961013125810736,-0.2569611849258592,0.1910177564486955,0.2345638683407674,0.953148471325597,0.9762620013399731,-0.1464020617631262,-0.1596212424809943,9.890214920043945,8.215715408325195,1.6629048585891724
3.73,1.9095874284689593,1.5704715875466395,1.9121012715452126,2.5299844510833953,-8.835843086242676,-95.4235610961914,-297.2842102050781,-3.227637767791748,-0.8920950889587402,22.471166610717773,0.14222660463253955,0.929717733137392,-0.3397006470770524,0.11765547034656504,0.3248775924089738,0.9384091539664758,0.9828167597432532,-0.17343438713362902,-0.06318014029229968,9.71714973449707,8.243120193481445,1.6162307262420654
3.74,1.9095874284689593,1.5704715875466395,1.9121012715452126,2.5299844510833953,-8.867975234985352,-95.43283081054688,-297.05908203125,-3.1981043815612793,-0.9623170495033264,22.558069229125977,0.1878892335082701,0.8907492802271111,-0.4138397705713627,0.047197573300898576,0.41266890903951337,0.9096574963065187,0.9810555667270743,-0.19044708264245275,0.035494840565886476,9.544285774230957,8.257071495056152,1.5701918601989746
3.75,1.9095874284689593,1.5704715875466395,1.9121012715452126,2.5299844510833953,-8.899785041809082,-95.44279479980469,-296.8330993652344,-3.1629316806793213,-1.0299426317214966,22.635765075683594,0.2382530048677545,0.8451900754445598,-0.47842370555973185,-0.019265342543620223,0.49662529922549115,0.8677512078619471,0.9710120247701173,-0.19752733618213608,0.13460534615172864,9.374524116516113,8.263250350952148,1.5248498916625977
3.76,0.9085140999405781,0.4885657456274206,1.65723869251288,2.8666184892559197,-8.9312162399292,-95.45341491699219,-296.60638427734375,-3.122361898422241,-1.0938057899475098,22.700551986694336,0.2924272933983966,0.7941620194126944,-0.532722221235457,-0.08076101756239362,0.5755923262390998,0.8137389827315318,0.9528714163610821,-0.19493629958787245,0.23245623886016148,9.20830249786377,8.262641906738281,1.4802296161651611
3.77,0.9085140999405781,0.4885657456274206,1.65723869251288,2.8666184892559197,-8.962233543395996,-95.46463012695312,-296.379150390625,-3.08186411857605,-1.1455620527267456,22.75165367126465,0.3491981561809848,0.7388785233145085,-0.5762978184102139,-0.136054043522785,0.6484754097606263,0.7489785979431507,0.9271191643801246,-0.18313429695269812,0.3269738281862025,9.007183074951172,8.105978012084961,1.4353101253509521
3.78,0.9085140999405781,0.4885657456274206,1.65723869251288,2.8666184892559197,-8.992855072021484,-95.4762954711914,-296.15142822265625,-3.0421206951141357,-1.1858222484588623,22.78769874572754,0.4064763293882154,0.6807551113888903,-0.6093845025638432,-0.1831784669316626,0.7141474700902799,0.6756027236595622,0.8951104082176952,-0.162990396286261,0.41498371994428745,8.776641845703125,7.803426742553711,1.3912909030914307
3.79,0.9085140999405781,0.4885657456274206,1.65723869251288,2.8666184892559197,-9.023066520690918,-95.48833465576172,-295.9234619140625,-2.999617099761963,-1.2201104164123535,22.805559158325195,0.4628961372784225,0.6209446244681078,-0.6325780105543318,-0.22161090653853127,0.7720449684086206,0.5956804284665582,0.8582632301315757,-0.1355519830142394,0.4949847348201974,8.548677444458008,7.4747490882873535,1.3495393991470337
3.8,0.9085140999405781,0.4885657456274206,1.65723869251288,2.8666184892559197,-9.052838325500488,-95.50068664550781,-295.69549560546875,-2.954246997833252,-1.2487918138504028,22.804443359375,0.5175336211365829,0.5604013246057735,-0.6466137226918022,-0.25148552152627285,0.8219314714452499,0.5110613355660015,0.8178716179547466,-0.10187743434117835,0.566309990125677,8.327425956726074,7.137050151824951,1.310173511505127
3.81,0.9085140999405781,0.4885657456274206,1.65723869251288,2.8666184892559197,-9.08213996887207,-95.51329803466797,-295.467529296875,-2.906487464904785,-1.2716999053955078,22.784759521484375,0.5696654571373092,0.49994180468693983,-0.6523338553769124,-0.2731769613419197,0.8637640994010067,0.4234216909629963,0.7751487694220612,-0.06300613075196351,0.6286291535962444,8.113143920898438,6.793039798736572,1.2731401920318604
3.82,2.301039562332512,1.487340463518073,3.385730196028218,3.623434414132526,-9.110958099365234,-95.52610778808594,-295.2398681640625,-2.8569369316101074,-1.2887295484542847,22.747770309448242,0.618727643955969,0.44025570574667156,-0.6506542985043561,-0.2872165721804923,0.8976510689909489,0.33425917938673666,0.7312200375192023,-0.019936697241687257,0.6818502656987894,7.905579566955566,6.44345235824585,1.238364577293396
3.83,2.301039562332512,1.487340463518073,3.385730196028218,3.623434414132526,-9.139225959777832,-95.53907775878906,-295.0126953125,-2.7916581630706787,-1.3064836263656616,22.679609298706055,0.6642924413959121,0.3816794896375154,-0.642679017468522,-0.294237989588239,0.9239108408436875,0.24456648105286644,0.687124121092638,0.026636917268266877,0.7260515937942107,7.8091654777526855,6.082631587982178,1.2067914009094238
3.84,2.301039562332512,1.487340463518073,3.385730196028218,3.623434414132526,-9.166751861572266,-95.5522232055664,-294.7864074707031,-2.712796688079834,-1.3212344646453857,22.582639694213867,0.7060507299285521,0.323791033657981,-0.6298029321065878,-0.29489348097097734,0.94300318205115,0.15421683929527874,0.6438401988445416,0.07683986702293401,0.7612919500347546,7.8161725997924805,5.713030815124512,1.177889347076416
3.85,2.301039562332512,1.487340463518073,3.385730196028218,3.623434414132526,-9.193479537963867,-95.56547546386719,-294.5611267089844,-2.6329569816589355,-1.3267675638198853,22.47230339050293,0.7438510920265092,0.2666841633500738,-0.612833672303701,-0.2898885774352324,0.9549386587685036,0.06369278343727747,0.602204421740281,0.1302755349545025,0.7876408568813398,7.842545032501221,5.3406243324279785,1.1506162881851196
3.86,2.301039562332512,1.487340463518073,3.385730196028218,3.623434414132526,-9.219415664672852,-95.57874298095703,-294.3370056152344,-2.5544886589050293,-1.3226200342178345,22.353778839111328,0.7776423485577916,0.21064818008385172,-0.592367894096973,-0.27997940775117325,0.959645827673704,-0.0262948029799277,0.5629244256246337,0.18629876450425567,0.8052383879196044,7.8763580322265625,4.966383457183838,1.1248310804367065
3.87,3.0401007950585948,3.0597260322153064,3.0786066165782877,1.2067955774569492,-9.244575500488281,-95.59191131591797,-294.1141052246094,-2.4782588481903076,-1.3090128898620605,22.230749130249023,0.807446941239901,0.1559638482640555,-0.5689505383748177,-0.2659539867235421,0.9570926080155084,-0.11507483055788816,0.5265908411928395,0.24423148387695504,0.8142807060560129,7.915785312652588,4.590566635131836,1.1005194187164307
3.88,3.0401007950585948,3.0597260322153064,3.0786066165782877,1.2067955774569492,-9.268991470336914,-95.60488891601562,-293.8924255371094,-2.4059290885925293,-1.286579966545105,22.1081485748291,0.8339813238470943,0.10270046180067646,-0.542151055168369,-0.24838249259844317,0.9472275631756581,-0.20264767684552717,0.492728412865376,0.30366520825776644,0.8154790938147557,8.05714225769043,4.5614705085754395,1.0828686952590942
3.89,3.0401007950585948,3.0597260322153064,3.0786066165782877,1.2067955774569492,-9.292707443237305,-95.61760711669922,-293.6719665527344,-2.3379993438720703,-1.2558207511901855,21.988712310791016,0.8595225548555483,0.050615796605989666,-0.5085853112591165,-0.22666524291679266,0.9296250587163749,-0.2905514031286861,0.4580871591171955,0.36501409745449276,0.8105065473587612,8.288372993469238,4.856251239776611,1.0693053007125854
3.9,3.0401007950585948,3.0597260322153064,3.0786066165782877,1.2067955774569492,-9.315765380859375,-95.62996673583984,-293.4526672363281,-2.2744860649108887,-1.2167032957077026,21.873628616333008,0.8843255391837079,0.00029233439487764967,-0.46687070510800505,-0.2000848835464426,0.9037476764128987,-0.37842591977095486,0.4218226880143489,0.428065476205321,0.7992656429232156,8.529502868652344,5.197189807891846,1.0544440746307373
3.91,3.0401007950585948,3.0597260322153064,3.0786066165782877,1.2067955774569492,-9.338215827941895,-95.64190673828125,-293.2344970703125,-2.2162516117095947,-1.1693698167800903,21.76521873474121,0.9078284540035211,-0.04734607167872716,-0.41666035040326244,-0.16811730595686203,0.8691679183874472,-0.465063115161629,0.3841667210201626,0.49224534446008184,0.7810956736008667,8.769584655761719,5.545368671417236,1.037459135055542
3.92,3.0401007950585948,3.0597260322153064,3.0786066165782877,1.2067955774569492,-9.360112190246582,-95.65332794189453,-293.0173645019531,-2.1642723083496094,-1.1141092777252197,21.666044235229492,0.9292897256031928,-0.09126600905296621,-0.3578981998835517,-0.1303533998340051,0.82559696834651,-0.5489969371579115,0.3455844282372382,0.5568304602377601,0.7553219456042208,9.007338523864746,5.895255088806152,1.0181636810302734
3.93,2.6084234640904276,0.8696657001681332,3.9004446085730984,1.1024455582017603,-9.381525039672852,-95.6641616821289,-292.8011779785156,-2.1195194721221924,-1.0513439178466797,21.578702926635742,0.9478792985417215,-0.13036916270567372,-0.29073822729643956,-0.08649990756274387,0.7729112738610637,-0.6285904300338219,0.30666366166810727,0.6209766856765959,0.7213496755793403,9.242802619934082,6.245828628540039,0.9964596629142761
3.94,2.6084234640904276,0.8696657001681332,3.9004446085730984,1.1024455582017603,-9.40253734588623,-95.67434692382812,-292.58575439453125,-2.085172414779663,-0.9874609112739563,21.511852264404297,0.9625317419366869,-0.16368915885145519,-0.21619089952824133,-0.03693080976706738,0.7106963081441295,-0.7025289124870614,0.2686424409029142,0.6841904828809061,0.678022582279467,9.682875633239746,6.366578102111816,0.9707888960838318
3.95,2.6084234640904276,0.8696657001681332,3.9004446085730984,1.1024455582017603,-9.423258781433105,-95.68389892578125,-292.3708801269531,-2.060697078704834,-0.9236541390419006,21.466951370239258,0.9720354068569086,-0.19059200349807098,-0.13719276955843968,0.016153741205592875,0.6370941417466671,-0.7706167083558076,0.23427809215030448,0.7468505491426437,0.6223568371792381,10.316049575805664,6.27579402923584,0.9417983889579773
3.96,2.6084234640904276,0.8696657001681332,3.9004446085730984,1.1024455582017603,-9.443778038024902,-95.69280242919922,-292.1563415527344,-2.044368267059326,-0.8560997247695923,21.441417694091797,0.9761762643059069,-0.20984021504026104,-0.0551995032370923,0.0715074844195824,0.5513116422612194,-0.8312293021659071,0.20485746429590487,0.8074791373522258,0.5531824853185049,10.978614807128906,6.158300399780273,0.9110212922096252
3.97,2.6084234640904276,0.8696657001681332,3.9004446085730984,1.1024455582017603,-9.464174270629883,-95.70100402832031,-291.9420471191406,-2.036221504211426,-0.7847493290901184,21.436534881591797,0.9750675750807106,-0.2200390936606896,0.02874058606230609,0.12831012358761187,0.45337784272085646,-0.8820346047149817,0.18105175009138774,0.8637310513063453,0.47030727699885855,11.647733688354492,6.039368152618408,0.8787269592285156
3.98,2.6084234640904276,0.8696657001681332,3.9004446085730984,1.1024455582017603,-9.484529495239258,-95.70848846435547,-291.7275695800781,-2.0363247394561768,-0.7102737426757812,21.45318603515625,0.9689224324302097,-0.21985899901437597,0.11336375296329418,0.1857212577448857,0.34386374915982154,-0.9204701713990571,0.1633919653936016,0.9129182562344498,0.37400979008398716,12.320322036743164,5.921926021575928,0.8450058698654175
3.99,0.7783390898656064,3.1965425331136204,0.5346372656278142,0.011800136391831228,-9.504926681518555,-95.71524047851562,-291.51287841796875,-2.0445480346679688,-0.6335944533348083,21.491058349609375,0.9580398352393932,-0.20812196492825058,0.19709115101617275,0.24281940356488174,0.22391214006318438,-0.9438760992761281,0.15231024701861284,0.9521284583745664,0.26505280116686225,12.995945930480957,5.805864334106445,0.8099254369735718
4.0,0.7783390898656064,3.1965425331136204,0.5346372656278142,0.011800136391831228,-9.525431632995605,-95.72125244140625,-291.2976989746094,-2.0562033653259277,-0.5731930732727051,21.552188873291016,0.9425022669666353,-0.18430011010197464,0.2787883537365812,0.2996880000441273,0.09689313869554861,-0.9491042209911807,0.1479073338016213,0.9780824040387012,0.14655453427844045,13.180181503295898,6.031783580780029,0.7769227623939514
4.01,0.7783390898656064,3.1965425331136204,0.5346372656278142,0.011800136391831228,-9.546053886413574,-95.72676086425781,-291.081787109375,-2.0686182975769043,-0.5291176438331604,21.62896156311035,0.9210990774233796,-0.14974542043154632,0.35937835025162296,0.359275760538634,-0.028689282096544533,-0.9327903585383861,0.14999139128358302,0.9883082687869025,0.02737422854165511,12.904715538024902,6.570691108703613,0.7447084784507751
4.02,0.7783390898656064,3.1965425331136204,0.5346372656278142,0.011800136391831228,-9.566814422607422,-95.73184204101562,-290.8651123046875,-2.0839505195617676,-0.4883350431919098,21.71222686767578,0.8927669438968364,-0.10556695522662929,0.43797580052930035,0.4214033644172066,-0.1481386244605638,-0.8946922109869913,0.15933106521630253,0.9833161068075265,-0.08776699692895651,12.56367015838623,7.147172451019287,0.710202693939209
4.03,0.7783390898656064,3.1965425331136204,0.5346372656278142,0.011800136391831228,-9.58774185180664,-95.73653411865234,-290.6475524902344,-2.1021807193756104,-0.4497304856777191,21.796749114990234,0.8567966114470302,-0.052697899470183024,0.5129546744151154,0.4844225879900932,-0.25868163597053573,-0.8357144054379987,0.17673234807999094,0.9645241016185327,-0.1961094963001413,12.212471961975098,7.72280740737915,0.6732189655303955
4.04,2.4010194378863976,3.4154095023303737,2.4866267250677265,2.9199863568491224,-9.608864784240723,-95.7408447265625,-290.4291687011719,-2.122835636138916,-0.413867324590683,21.87820816040039,0.8127020571638518,0.00781227596739964,0.5826270974009471,0.5462723791798467,-0.3581215047663885,-0.7571891940387472,0.20273592189553674,0.9336423063293924,-0.29531371421777897,11.859188079833984,8.29236125946045,0.6339632868766785
4.05,2.4010194378863976,3.4154095023303737,2.4866267250677265,2.9199863568491224,-9.630266189575195,-95.74474334716797,-290.2099609375,-2.1643459796905518,-0.35938605666160583,21.963666915893555,0.7606719245045724,0.07483572281316081,0.6448083729772293,0.6042069463153141,-0.4447524351877984,-0.6611574981945272,0.23730189484037642,0.8925216445473771,-0.38352695435863693,11.54028606414795,8.646543502807617,0.5884627103805542
4.06,2.4010194378863976,3.4154095023303737,2.4866267250677265,2.9199863568491224,-9.652216911315918,-95.74800872802734,-289.9898681640625,-2.2276594638824463,-0.29380273818969727,22.05413818359375,0.7026765737802874,0.1472205389916682,0.6961118771859871,0.6544788366193747,-0.5175303003863811,-0.5511985491629413,0.27911124140339794,0.8429047995360949,-0.46000914538872967,11.255960464477539,8.799860000610352,0.538651704788208
4.07,2.4010194378863976,3.4154095023303737,2.4866267250677265,2.9199863568491224,-9.674838066101074,-95.75065612792969,-289.7688903808594,-2.297198534011841,-0.23777757585048676,22.140708923339844,0.6401188964544314,0.22343130098321562,0.7350688757816565,0.6952147994640666,-0.575679457939353,-0.4304294882007855,0.3269926314278325,0.7865568100573539,-0.5238360464346657,10.979622840881348,8.919307708740234,0.4887591600418091
4.08,2.4010194378863976,3.4154095023303737,2.4866267250677265,2.9199863568491224,-9.69817066192627,-95.7528076171875,-289.54705810546875,-2.3694024085998535,-0.19477437436580658,22.221384048461914,0.574095669493366,0.30184081278920005,0.7611217287686107,0.7253300467901136,-0.6187604649700146,-0.30171478288864584,0.37988219949402113,0.7252776094192114,-0.5741619142565434,10.707662582397461,9.028437614440918,0.43941810727119446
4.09,2.4010194378863976,3.4154095023303737,2.4866267250677265,2.9199863568491224,-9.722229957580566,-95.75460052490234,-289.324462890625,-2.4426679611206055,-0.16584396362304688,22.296316146850586,0.505709950673397,0.3808702423556187,0.7740770661102695,0.7440370394670015,-0.6467014691349903,-0.16788714578497327,0.4366535579736984,0.6608442088016035,-0.6104249356000232,10.439657211303711,9.1307373046875,0.3907570242881775
4.1,3.3582719482464563,2.5002302943565033,1.567671654553067,2.8056613460880526,-9.747023582458496,-95.75617218017578,-289.10113525390625,-2.515774965286255,-0.1514686495065689,22.366674423217773,0.4360958175836655,0.45903472891627217,0.7740203844439746,0.7507960762208619,-0.6597714358394567,-0.031731756675276446,0.4961105620901369,0.5949695539261699,-0.6323650370502011,10.175600051879883,9.226984024047852,0.3428315222263336
4.11,3.3582719482464563,2.5002302943565033,1.567671654553067,2.8056613460880526,-9.772529602050781,-95.75769805908203,-288.87713623046875,-2.5841360092163086,-0.15164564549922943,22.43132972717285,0.36620380379575374,0.5351873444117037,0.7612287963989997,0.7452978077126979,-0.6585032214207613,0.10442550070325696,0.5571588210772287,0.5291011375531413,-0.6400203390016637,9.997562408447266,9.39178466796875,0.29028668999671936
4.12,3.3582719482464563,2.5002302943565033,1.567671654553067,2.8056613460880526,-9.798689842224121,-95.75926971435547,-288.6524963378906,-2.64719295501709,-0.16529425978660583,22.49260711669922,0.29645992183213654,0.6088748813639627,0.7357872610961025,0.7272110826241988,-0.6433282284719388,0.23935921072667732,0.6190925262477529,0.464112237820958,-0.6335015979845656,9.900172233581543,9.619754791259766,0.23251353204250336
4.13,3.3582719482464563,2.5002302943565033,1.567671654553067,2.8056613460880526,-9.825462341308594,-95.76104736328125,-288.42724609375,-2.7070019245147705,-0.19200213253498077,22.555103302001953,0.22788593478783295,0.6791085797293309,0.6977675384136803,0.6961617669668195,-0.6146668262879745,0.3708685574090974,0.6807545776118671,0.4012433545855685,-0.6128433531184038,9.818316459655762,9.851407051086426,0.17331239581108093
4.14,3.3582719482464563,2.5002302943565033,1.567671654553067,2.8056613460880526,-9.852818489074707,-95.76314544677734,-288.2013854980469,-2.7631711959838867,-0.23138102889060974,22.6212100982666,0.16178349797297176,0.7447121139040156,0.6474797040743766,0.6520119013135053,-0.5731769087833392,0.49633528162233637,0.7407473120634173,0.3418656148871783,-0.5782917265780603,9.743237495422363,10.078474998474121,0.11323342472314835
4.15,3.3582719482464563,2.5002302943565033,1.567671654553067,2.8056613460880526,-9.880712509155273,-95.76571655273438,-287.9748229980469,-2.814969778060913,-0.28277868032455444,22.69257926940918,0.09952001521647562,0.8045456492620114,0.5854930100563811,0.5949248800106887,-0.5197697686771443,0.6131099205799693,0.7975964855210815,0.2873076501293987,-0.530371719138137,9.674046516418457,10.299859046936035,0.05236724019050598
4.16,2.6701767606940034,3.947321444724312,4.166272672506543,1.4270122985255649,-9.909097671508789,-95.76884460449219,-287.7475280761719,-2.8616089820861816,-0.345296710729599,22.77014923095703,0.04247254524555468,0.8575553358945776,0.5126352785159278,0.5253848267614094,-0.4555972376274994,0.7186111193650402,0.8498040166469256,0.23880955371368723,-0.46989693587617853,9.610934257507324,10.515433311462402,-0.009261636063456535
4.17,2.6701767606940034,3.947321444724312,4.166272672506543,1.4270122985255649,-9.937936782836914,-95.77269744873047,-287.5193786621094,-2.9066102504730225,-0.42478227615356445,22.857990264892578,-0.007915869831338206,0.9030012992461044,0.42956488749042404,0.44427131286385635,-0.3816770961201298,0.8105218040642278,0.8958573209898095,0.1972593416220193,-0.39815626652334485,9.6952543258667,10.693609237670898,-0.060033414512872696
4.18,2.6701767606940034,3.947321444724312,4.166272672506543,1.4270122985255649,-9.967214584350586,-95.77741241455078,-287.29034423828125,-2.947394609451294,-0.5206717252731323,22.9537296295166,-0.049954957430110414,0.9405588454845828,0.3359368399102204,0.3530064286507733,-0.29801869457481384,0.8868885606518728,0.9342863391698407,0.1628923444015496,-0.31713580777954503,9.91571044921875,10.83782958984375,-0.10160341113805771
4.19,2.6701767606940034,3.947321444724312,4.166272672506543,1.4270122985255649,-9.99685287475586,-95.78314208984375,-287.060302734375,-2.9788084030151367,-0.625960648059845,23.051843643188477,-0.08220405959741002,0.9690646872532521,0.23271468476325735,0.25321947098681086,-0.20553316280337391,0.9453232349314183,0.9639099502022299,0.13663729690973325,-0.2284903870939352,10.158937454223633,10.973664283752441,-0.14373137056827545
4.2,2.6701767606940034,3.947321444724312,4.166272672506543,1.4270122985255649,-10.026752471923828,-95.78995513916016,-286.8293151855469,-2.9991073608398438,-0.7376816272735596,23.14909553527832,-0.10343745086733233,0.98716569725314,0.12167407252488327,0.14680916108542258,-0.10583758035050247,0.9834863887247985,0.9837417160919135,0.11959219352563644,-0.1339773983486173,10.409440040588379,11.104327201843262,-0.18780894577503204
4.21,0.2268193680806659,0.29302489429300016,0.6186253339086846,0.35103846197332045,-10.056794166564941,-95.79789733886719,-286.59735107421875,-3.00703763961792,-0.8532459139823914,23.24188232421875,-0.11263011679874438,0.9936242721692539,0.00502618603131938,0.03598384481577921,-0.0009762884392541249,0.9993518948664464,0.9929852061849536,0.11273798214002068,-0.0356444621339875,10.665410041809082,11.2298583984375,-0.23405687510967255
4.22,0.2268193680806659,0.29302489429300016,0.6186253339086846,0.35103846197332045,-10.086853981018066,-95.80683898925781,-286.364501953125,-3.0040528774261475,-0.9203854203224182,23.326642990112305,-0.10906582534414033,0.9874411053281446,-0.1143009590962975,-0.07642648714940836,0.10631662349881502,0.9913908248666681,0.9910921439523181,0.1168624793342295,0.06387114465745863,10.830262184143066,11.247851371765137,-0.28930410742759705
4.23,0.2268193680806659,0.29302489429300016,0.6186253339086846,0.35103846197332045,-10.116869926452637,-95.816162109375,-286.13079833984375,-2.998918294906616,-0.9411334991455078,23.407066345214844,-0.09276017828510896,0.9682432975295817,-0.23216473916931696,-0.18649580364192697,0.2121480520091794,0.9592770815841805,0.9780669018776103,0.13228046272126764,0.16089442076647864,10.911643028259277,11.164596557617188,-0.351592481136322
4.24,0.2268193680806659,0.29302489429300016,0.6186253339086846,0.35103846197332045,-10.14682674407959,-95.82564544677734,-285.8963623046875,-2.9921257495880127,-0.9547398686408997,23.480905532836914,-0.064271162803125,0.9362600136780705,-0.34537863920554396,-0.2912567282015616,0.3134266731312944,0.9038435920263916,0.9544834916902731,0.15868493109740384,0.25254773159416094,10.987104415893555,11.06122875213623,-0.41470515727996826
4.25,0.2268193680806659,0.29302489429300016,0.6186253339086846,0.35103846197332045,-10.176700592041016,-95.83525085449219,-285.6612243652344,-2.9827616214752197,-0.9662333726882935,23.544200897216797,-0.024445324796504853,0.8920520624567221,-0.45127103160107895,-0.3882937347692624,0.40749218698608614,0.8265458808101547,0.9212113772823972,0.19543089676917824,0.33641694807703093,11.06728458404541,10.948965072631836,-0.47776833176612854
4.26,0.2268193680806659,0.29302489429300016,0.6186253339086846,0.35103846197332045,-10.20646858215332,-95.844970703125,-285.4255065917969,-2.970451593399048,-0.9759161472320557,23.594234466552734,0.025618327914864125,0.8364695947104039,-0.5474142109955306,-0.4754892537815498,0.4918798866595164,0.7293587228779035,0.8793484353844677,0.24160462376542807,0.41033344363097507,11.153458595275879,10.829233169555664,-0.5406508445739746
4.27,0.7001490176851555,3.5926961831043194,2.8560701906843056,1.3380381637769412,-10.236099243164062,-95.85477447509766,-285.18939208984375,-2.9551584720611572,-0.983543336391449,23.629735946655273,0.08459813220417334,0.7706357608674512,-0.6316357178784379,-0.5510304899176863,0.5643379903648142,0.6147259810778111,0.8301858558230438,0.29604586925550436,0.4723857407756007,11.245617866516113,10.702128410339355,-0.6033183336257935
4.28,0.7001490176851555,3.5926961831043194,2.8560701906843056,1.3380381637769412,-10.265491485595703,-95.86470031738281,-284.9530029296875,-2.9155662059783936,-1.0068775415420532,23.63499641418457,0.15108793747502203,0.6962087315222169,-0.7017591020441201,-0.6134995111046259,0.6226860042141814,0.48567529279361277,0.7751069507003074,0.3571491877465245,0.5212040604869353,11.222403526306152,10.605940818786621,-0.6577473878860474
4.29,0.7001490176851555,3.5926961831043194,2.8560701906843056,1.3380381637769412,-10.294331550598145,-95.87492370605469,-284.716796875,-2.850407600402832,-1.0373713970184326,23.610910415649414,0.2237912511653799,0.6160314881165921,-0.7552633193467633,-0.6619498770497266,0.6648400220146431,0.34613596375040373,0.7153599347011865,0.42248426098072084,0.556567348169014,11.091458320617676,10.540078163146973,-0.7039102911949158
4.3,0.7001490176851555,3.5926961831043194,2.8560701906843056,1.3380381637769412,-10.322474479675293,-95.88540649414062,-284.4808349609375,-2.7775628566741943,-1.0578491687774658,23.573318481445312,0.3010203424826322,0.5325721603433776,-0.7910459199305859,-0.6956170765915771,0.6900498618098796,0.1998701352637615,0.6523063974589143,0.4901000737026613,0.5781853349842239,10.949126243591309,10.475147247314453,-0.7479033470153809
4.31,0.7001490176851555,3.5926961831043194,2.8560701906843056,1.3380381637769412,-10.349873542785645,-95.89604187011719,-284.2453308105469,-2.7014427185058594,-1.0661853551864624,23.528549194335938,0.3809313433104224,0.4480148358094571,-0.8088102488089169,-0.7140588425127199,0.698263698934633,0.05047550078521956,0.5873766092662455,0.5583104097585403,0.5858994839067013,10.808649063110352,10.407249450683594,-0.7905851602554321
4.32,0.7001490176851555,3.5926961831043194,2.8560701906843056,1.3380381637769412,-10.37650203704834,-95.90670776367188,-284.01025390625,-2.6243433952331543,-1.0622403621673584,23.48172378540039,0.4616768303140404,0.36441756090791044,-0.808736264583894,-0.717198579289425,0.6898626323302997,-0.09856848573220744,0.5219968411939016,0.6255312860411055,0.5798533503976239,10.671645164489746,10.336037635803223,-0.8320819735527039
4.33,2.3008829585813717,1.6848417455841929,3.288609105016138,3.5289934791826973,-10.402365684509277,-95.9172592163086,-283.77569580078125,-2.5481858253479004,-1.0463283061981201,23.4377384185791,0.5414661311306851,0.28370145942864666,-0.7914088139238932,-0.7053107672956819,0.665598311106139,-0.24395821320347413,0.45754906881682544,0.6902842676540667,0.5604966364342827,10.538161277770996,10.261637687683105,-0.8724209070205688
4.34,2.3008829585813717,1.6848417455841929,3.288609105016138,3.5289934791826973,-10.427450180053711,-95.92758178710938,-283.54150390625,-2.46639347076416,-1.0157133340835571,23.395296096801758,0.6180882610000035,0.20727941257461274,-0.7582889599201054,-0.6792584302184421,0.6263701515661355,-0.382450543474832,0.39569544676577906,0.751462359902171,0.5279483261258535,10.54218864440918,9.981034278869629,-0.9216643571853638
4.35,2.3008829585813717,1.6848417455841929,3.288609105016138,3.5289934791826973,-10.451688766479492,-95.93751525878906,-283.3077087402344,-2.3817737102508545,-0.9691083431243896,23.35986328125,0.6882788634665045,0.1354073157102207,-0.7126970358836981,-0.6413855742913932,0.5726212577236336,-0.5106167254349425,0.3389642329157405,0.8085602971053898,0.48097140741283884,10.672760963439941,9.505934715270996,-0.9785512089729309
4.36,2.3008829585813717,1.6848417455841929,3.288609105016138,3.5289934791826973,-10.475105285644531,-95.9469223022461,-283.0742492675781,-2.3025779724121094,-0.9096841216087341,23.340322494506836,0.7507212280178979,0.06898764932539775,-0.6570071095839493,-0.594179642395146,0.5051907056322781,-0.6258856952399037,0.28873550243514556,0.8602459271529956,0.4202484437213386,10.821221351623535,8.997434616088867,-1.0346639156341553
4.37,2.3008829585813717,1.6848417455841929,3.288609105016138,3.5289934791826973,-10.497766494750977,-95.9556655883789,-282.8407897949219,-2.230752468109131,-0.8393074870109558,23.340045928955078,0.8050187651476592,0.009086640680637248,-0.5931797541397371,-0.5399761843187795,0.4253410974565953,-0.7262992986248511,0.24570410686162628,0.9049875047621156,0.3473141346040648,10.971731185913086,8.47800350189209,-1.0887211561203003
4.38,2.3008829585813717,1.6848417455841929,3.288609105016138,3.5289934791826973,-10.519749641418457,-95.96366119384766,-282.6073303222656,-2.1671087741851807,-0.7596029043197632,23.36034393310547,0.8511392835195185,-0.04337095287627479,-0.5231451810888492,-0.4810200222415335,0.33460876192424627,-0.8103435781483542,0.21019433449223957,0.9413585591527424,0.26393636516637387,11.121400833129883,7.950782299041748,-1.1404368877410889
4.39,2.7469853683414276,0.2191938668043938,0.030196236910282465,0.14960350547474793,-10.541136741638184,-95.97083282470703,-282.3735046386719,-2.112043857574463,-0.6722121238708496,23.40094757080078,0.8893108974584956,-0.08765232691788669,-0.44882423870313126,-0.4194304155787588,0.23473984908728474,-0.8769123842995425,0.1822203450468554,0.9680982764349697,0.17199265395547048,11.269145965576172,7.4163055419921875,-1.1896568536758423
4.4,2.7469853683414276,0.2191938668043938,0.030196236910282465,0.14960350547474793,-10.562067985534668,-95.9771957397461,-282.1391906738281,-2.080300807952881,-0.6107600927352905,23.464632034301758,0.9204647750980778,-0.12338571865719171,-0.37083764943043845,-0.35594882504468833,0.12715108139945663,-0.9258147959760926,0.16138473209368437,0.9841791335577058,0.07311908996050642,11.571706771850586,7.262506484985352,-1.240553379058838
4.41,2.7469853683414276,0.2191938668043938,0.030196236910282465,0.14960350547474793,-10.582794189453125,-95.98312377929688,-281.9041442871094,-2.0662827491760254,-0.5770373344421387,23.54232406616211,0.946387726673493,-0.15031172167670104,-0.2859312104831582,-0.28747681197276204,0.011815456034783733,-0.9577147161742205,0.14733415550969636,0.9885680458750812,-0.03202913197338553,12.023826599121094,7.458652019500732,-1.2965359687805176
4.42,2.7469853683414276,0.2191938668043938,0.030196236910282465,0.14960350547474793,-10.603407859802246,-95.98873901367188,-281.6683044433594,-2.0567007064819336,-0.5467941761016846,23.624547958374023,0.9667010897148519,-0.1670663005660704,-0.19385008217508007,-0.21365474449755362,-0.109954442667762,-0.9707016383479049,0.14085685392554728,0.9797953213568583,-0.14198758730750993,12.503071784973145,7.692106246948242,-1.3562207221984863
4.43,2.7469853683414276,0.2191938668043938,0.030196236910282465,0.14960350547474793,-10.62393856048584,-95.99405670166016,-281.431640625,-2.0497946739196777,-0.5168721675872803,23.70602035522461,0.9803963173520516,-0.17203673963518967,-0.09605426142670456,-0.13565955441363492,-0.2358146022412438,-0.9622826812668398,0.14289697764064072,0.9564490752703451,-0.25453019505683866,12.992741584777832,7.918392658233643,-1.4194726943969727
4.44,2.6047748650002673,0.9276038613913672,2.536981575291895,1.6850580522202012,-10.644410133361816,-95.99907684326172,-281.1942138671875,-2.0450849533081055,-0.4873221218585968,23.78129005432129,0.9864904539898178,-0.16373268751318604,0.005309541098110174,-0.05520083681045048,-0.36275161317358545,-0.9302495013464869,0.1542382955118124,0.9173891617954024,-0.3668891849291011,13.490860939025879,8.130480766296387,-1.486318588256836
4.45,2.6047748650002673,0.9276038613913672,2.536981575291895,1.6850580522202012,-10.664847373962402,-96.00374603271484,-280.9560241699219,-2.0432984828948975,-0.4394020736217499,23.85377311706543,0.9842406366773111,-0.14096305496459344,0.10676978153059158,0.024922482683990825,-0.48718069830814587,-0.8729454948923522,0.17506924050188666,0.8618493977088088,-0.47598989138326914,14.005589485168457,8.086125373840332,-1.5527738332748413
4.46,2.6047748650002673,0.9276038613913672,2.536981575291895,1.6850580522202012,-10.685296058654785,-96.0078353881836,-280.7171325683594,-2.047351360321045,-0.37763386964797974,23.921493530273438,0.9738755378137192,-0.10325011754487594,0.20225194702402433,0.09989038298674015,-0.6050725109289512,-0.7898792109588001,0.2039322148038456,0.7894470658284213,-0.5789516232122462,14.531267166137695,7.801693916320801,-1.6168105602264404
4.47,2.6047748650002673,0.9276038613913672,2.536981575291895,1.6850580522202012,-10.705814361572266,-96.01131439208984,-280.4776306152344,-2.056588649749756,-0.32004258036613464,23.97450065612793,0.9564058717353427,-0.05091422206862197,0.2875683405754292,0.16716081984055248,-0.7119852712547965,-0.6820075027640591,0.23946830441708428,0.7003461397818802,-0.6724360309146333,15.058103561401367,7.46889066696167,-1.6801813840866089
4.48,2.6047748650002673,0.9276038613913672,2.536981575291895,1.6850580522202012,-10.726444244384766,-96.01426696777344,-280.2376708984375,-2.0698163509368896,-0.2706208825111389,24.00960922241211,0.9330658672046831,0.01504614695110662,0.35939073571740554,0.2253010146994934,-0.8033068723140938,-0.551305288989981,0.28040602745474463,0.595375244996694,-0.7529281356226337,15.584084510803223,7.1139235496521,-1.7428420782089233
4.49,2.6047748650002673,0.9276038613913672,2.536981575291895,1.6850580522202012,-10.747220993041992,-96.01676940917969,-279.99749755859375,-2.0859644412994385,-0.23134158551692963,24.026870727539062,0.9052184695916818,0.09294407639941395,0.4146575948567125,0.27334918313820716,-0.8744709041106262,-0.40072541963496544,0.32536094785294767,0.47609036592458387,-0.8169934008827904,16.108251571655273,6.739911079406738,-1.8044792413711548
4.5,3.8705073384957838,1.790602257898048,2.028885645765917,2.35953831254641,-10.768169403076172,-96.01892852783203,-279.75732421875,-2.10402250289917,-0.20368504524230957,24.028966903686523,0.8743025514468264,0.18038575424603404,0.45061738559298764,0.31077145438404236,-0.9211755897157478,-0.23421493558667802,0.3728486980982996,0.34481373606185417,-0.8614449116162154,16.629722595214844,6.346935272216797,-1.8647252321243286
4.51,3.8705073384957838,1.790602257898048,2.028885645765917,2.35953831254641,-10.78931999206543,-96.02088165283203,-279.51715087890625,-2.127894163131714,-0.18713824450969696,24.030094146728516,0.8415491184901004,0.27421184463079706,0.4654062155071741,0.3375359437128108,-0.9396015216775487,-0.056731535878528916,0.4217399291867404,0.20483370017018737,-0.883277186054385,17.088470458984375,6.070613861083984,-1.9265481233596802
4.52,3.8705073384957838,1.790602257898048,2.028885645765917,2.35953831254641,-10.810744285583496,-96.02271270751953,-279.2768249511719,-2.1564266681671143,-0.18563300371170044,24.036338806152344,0.8074627769601646,0.37058604313263604,0.45898785219118277,0.35383274151470595,-0.9268058801163201,0.12583024920105762,0.4720235744705621,0.060801687617277334,-0.879486725270441,17.491413116455078,5.9017229080200195,-1.9906977415084839
4.53,3.8705073384957838,1.790602257898048,2.028885645765917,2.35953831254641,-10.832451820373535,-96.02462768554688,-279.0363464355469,-2.184577226638794,-0.20168693363666534,24.04738426208496,0.772998436540734,0.46559152014276767,0.430926853974926,0.3595836052928943,-0.8811581664668618,0.3070177787577161,0.52265959085254,-0.08237003120009502,-0.8485529624307199,17.88711929321289,5.7315144538879395,-2.054945707321167
4.54,3.8705073384957838,1.790602257898048,2.028885645765917,2.35953831254641,-10.854430198669434,-96.02680969238281,-278.7958068847656,-2.210569381713867,-0.23504026234149933,24.068862915039062,0.7393229080091871,0.5551039214052833,0.3811315706331815,0.3549839444448313,-0.8022931012652609,0.47990851091490205,0.5721783261180273,-0.21951176757214355,-0.790206648300383,18.281822204589844,5.54448127746582,-2.1187686920166016
4.55,3.8705073384957838,1.790602257898048,2.028885645765917,2.35953831254641,-10.8766508102417,-96.02938842773438,-278.554931640625,-2.233016014099121,-0.2846809923648834,24.105804443359375,0.7075803257866716,0.6348331777586015,0.3103496721063903,0.3406269705390287,-0.6912265690849994,0.6373218159865428,0.6191149727643741,-0.3452429095693304,-0.705339623083144,18.67578887939453,5.338193416595459,-2.181864023208618
4.56,0.44027300891011906,1.714065977518614,0.10130016130479398,0.8630013441139714,-10.899073600769043,-96.03253936767578,-278.3136291503906,-2.2504703998565674,-0.3489680290222168,24.16086769104004,0.6788083619751525,0.7004926853616735,0.22029345307430598,0.31748750888153693,-0.5504794593934049,0.7721230772941192,0.6621335887997271,-0.4541831817017621,-0.5960677377970206,19.068422317504883,5.112060546875,-2.2439463138580322
4.57,0.44027300891011906,1.714065977518614,0.10130016130479398,0.8630013441139714,-10.92161750793457,-96.03631591796875,-278.0717468261719,-2.255849838256836,-0.39919278025627136,24.216358184814453,0.653886736644883,0.7478941125022688,0.11439638160514093,0.28688585351666485,-0.3849994785399714,0.8771954791128171,0.7000918816069217,-0.5407677856607156,-0.4663062934377854,19.168092727661133,4.8623151779174805,-2.298837661743164
4.58,0.44027300891011906,1.714065977518614,0.10130016130479398,0.8630013441139714,-10.944167137145996,-96.04046630859375,-277.82928466796875,-2.2538416385650635,-0.429555743932724,24.27676773071289,0.633432280976762,0.7737977681642483,-0.0007479308820626529,0.2504696355598301,-0.20412017990236575,0.9463614076129432,0.732139677301471,-0.5996431990281001,-0.32310915613805186,18.99428939819336,4.599207401275635,-2.345715284347534
4.59,0.44027300891011906,1.714065977518614,0.10130016130479398,0.8630013441139714,-10.966686248779297,-96.04490661621094,-277.58612060546875,-2.2497785091400146,-0.4583376944065094,24.35142707824707,0.6176842590414051,0.7772690488362612,-0.11966194822768123,0.20998604530208326,-0.016374603961182288,0.9775672524811303,0.7578733514980336,-0.6289552432934225,-0.17332998881569756,18.778961181640625,4.3315300941467285,-2.3887040615081787
4.6,0.44027300891011906,1.714065977518614,0.10130016130479398,0.8630013441139714,-10.989153861999512,-96.04963684082031,-277.34222412109375,-2.2432541847229004,-0.487376868724823,24.433237075805664,0.6066252906804481,0.7586264699722918,-0.2376796915267298,0.16709461960601096,0.1706223461135502,0.9710650869562918,0.7772291456228235,-0.628787638288228,-0.023258571115358506,18.554033279418945,4.06126594543457,-2.4284050464630127
4.61,1.3878553129756557,1.1949285354519676,1.7115158088917897,1.7523137779409368,-11.011541366577148,-96.05464935302734,-277.09747314453125,-2.233454704284668,-0.5158421397209167,24.5128116607666,0.6000500931893702,0.7190592799410704,-0.3505618883935577,0.12328984103825075,0.3498604884803131,0.9286534626528237,0.7904046436858723,-0.600459316299569,0.12128111439487682,18.323490142822266,3.789433002471924,-2.4649298191070557
4.62,1.3878553129756557,1.1949285354519676,1.7115158088917897,1.7523137779409368,-11.033793449401855,-96.05998992919922,-276.85198974609375,-2.214320421218872,-0.5547105073928833,24.57887077331543,0.5974068226293594,0.6602131228017267,-0.45521832207885216,0.0802748197028092,0.5155639262983318,0.8530825231016811,0.7979104220384485,-0.5461798882971075,0.2550029176738663,18.254682540893555,3.372412919998169,-2.499462366104126
4.63,1.3878553129756557,1.1949285354519676,1.7115158088917897,1.7523137779409368,-11.055792808532715,-96.06576538085938,-276.60595703125,-2.183642625808716,-0.5999957323074341,24.622098922729492,0.5972997599359413,0.5830828364993292,-0.5506790376983339,0.040488513360447176,0.6638189388122886,0.7467965564730382,0.8009954288673111,-0.4683575794775007,0.37289073557766084,18.330886840820312,2.8158681392669678,-2.530522584915161
4.64,1.3878553129756557,1.1949285354519676,1.7115158088917897,1.7523137779409368,-11.077442169189453,-96.07197570800781,-276.35968017578125,-2.1452956199645996,-0.6395895481109619,24.640445709228516,0.5985827268911824,0.4892162166422314,-0.6343234288923728,0.004650056136984215,0.7897187196675015,0.6134514820135695,0.8010474992442326,-0.37015110047247346,0.47043710182507703,18.415407180786133,2.233628749847412,-2.5563390254974365
4.65,1.3878553129756557,1.1949285354519676,1.7115158088917897,1.7523137779409368,-11.098676681518555,-96.07853698730469,-276.1134033203125,-2.1006932258605957,-0.6706228256225586,24.634862899780273,0.6003461486821234,0.38094412308421255,-0.7031828189383911,-0.027446875902714524,0.888560285334294,0.4579380835110998,0.7992691478880707,-0.2556211932024384,0.5438994712444929,18.488704681396484,1.6426756381988525,-2.576544761657715
4.66,1.3878553129756557,1.1949285354519676,1.7115158088917897,1.7523137779409368,-11.119439125061035,-96.08535766601562,-275.8671569824219,-2.0511648654937744,-0.6918023824691772,24.609689712524414,0.6018283584653135,0.2611948658995153,-0.754705153669087,-0.056461268110395826,0.9565560866547053,0.2860289815511742,0.7966271098514737,-0.12952874241484083,0.5904299727640169,18.547718048095703,1.0464853048324585,-2.590991258621216
4.67,2.916557568073781,0.11345405751833418,1.315264446154097,3.039245269492155,-11.139688491821289,-96.09233856201172,-275.6212463378906,-1.9983114004135132,-0.7024344801902771,24.57221031188965,0.6024483388440007,0.13336586934831227,-0.7869368106252707,-0.08336520273682277,0.9910627313670112,0.10413887587259654,0.79379231666523,0.0028648539803170225,0.6081821689386486,18.591747283935547,0.4467720091342926,-2.5995843410491943
4.68,2.916557568073781,0.11345405751833418,1.315264446154097,3.039245269492155,-11.159384727478027,-96.09935760498047,-275.375732421875,-1.9390161037445068,-0.7024114727973938,24.527860641479492,0.6017638818710567,0.0010151387836747558,-0.7986734000633343,-0.10935859106758372,0.9906853202720424,-0.08113750524383867,0.7911516473061216,0.13616741787494843,0.596269658186696,18.69153594970703,-0.18661601841449738,-2.610464096069336
4.69,2.916557568073781,0.11345405751833418,1.315264446154097,3.039245269492155,-11.178458213806152,-96.10633850097656,-275.1306457519531,-1.875468134880066,-0.6900382041931152,24.486955642700195,0.5993618175667246,-0.1326059882670868,-0.7894181803827565,-0.13589151373868463,0.9550130226816698,-0.26359746395257644,0.7888592448193288,0.2652654866056461,0.5543783125979482,18.840791702270508,-0.8542042970657349,-2.6225574016571045
4.7,2.916557568073781,0.11345405751833418,1.315264446154097,3.039245269492155,-11.196901321411133,-96.11312103271484,-274.8858947753906,-1.813584804534912,-0.6652308702468872,24.461820602416992,0.5953420540930947,-0.2636649751528154,-0.7589786686764521,-0.16440502995813427,0.8846614384573291,-0.43628560076064177,0.7864723928738246,0.38451907648941736,0.4833283098092289,18.981876373291016,-1.531303882598877,-2.6289331912994385
4.71,2.916557568073781,0.11345405751833418,1.315264446154097,3.039245269492155,-11.21474552154541,-96.1196060180664,-274.6413879394531,-1.755715012550354,-0.6290223598480225,24.459871292114258,0.5901978696417538,-0.3880779362347549,-0.707857323249614,-0.19612401033913202,0.7816613612982126,-0.5920649363219553,0.7830720575009883,0.48826328109043643,0.38522346904098426,19.10668182373047,-2.213041305541992,-2.6285061836242676
4.72,2.916557568073781,0.11345405751833418,1.315264446154097,3.039245269492155,-11.232036590576172,-96.12567138671875,-274.3966369628906,-1.7034093141555786,-0.5828065872192383,24.48473358154297,0.5847215260093941,-0.5018310309510465,-0.637390267729164,-0.23191680135769968,0.6495069431595129,-0.7241238347379533,0.7773772149151651,0.5712323057760258,0.26339764343772365,19.21415138244629,-2.8971939086914062,-2.6210415363311768
4.73,0.30385936382014644,3.717303428098267,0.8901814467181605,4.041347737397734,-11.2488374710083,-96.13123321533203,-274.15155029296875,-1.6577677726745605,-0.5283071994781494,24.535839080810547,0.5799512968848586,-0.6011840620392964,-0.5497583258046226,-0.27216082434532207,0.4930832943170465,-0.8263155272395184,0.7678443715579641,0.6288454408003448,0.12234554610354542,19.30438804626465,-3.5819201469421387,-2.6064505577087402
4.74,0.30385936382014644,3.717303428098267,0.8901814467181605,4.041347737397734,-11.265203475952148,-96.13619995117188,-273.9058532714844,-1.6158015727996826,-0.46132388710975647,24.607961654663086,0.5771140235996821,-0.6819979183625128,-0.4492418536977432,-0.3165309307938531,0.32029526912166384,-0.8928712731570311,0.7528263900896157,0.6574874751107279,-0.031026544396009992,18.79060173034668,-4.231919765472412,-2.5759050846099854
4.75,0.30385936382014644,3.717303428098267,0.8901814467181605,4.041347737397734,-11.281170845031738,-96.14043426513672,-273.65936279296875,-1.5790663957595825,-0.38413459062576294,24.69428825378418,0.5773696632291425,-0.7399137670332264,-0.34521281745811133,-0.3637288504765398,0.1454457838303295,-0.9200798048522728,0.7309894632029124,0.6567900283352982,-0.18515200070654564,17.716907501220703,-4.826977729797363,-2.5324673652648926
4.76,0.30385936382014644,3.717303428098267,0.8901814467181605,4.041347737397734,-11.296810150146484,-96.14389038085938,-273.4119567871094,-1.5503000020980835,-0.30467110872268677,24.785202026367188,0.5814350138006985,-0.7759431030435938,-0.24463365583185773,-0.41216642883022214,-0.021681084202134382,-0.9108505725601543,0.701464296790594,0.6304301955227862,-0.3324238392492013,16.55531883239746,-5.382451057434082,-2.485262155532837
4.77,0.30385936382014644,3.717303428098267,0.8901814467181605,4.041347737397734,-11.312199592590332,-96.14652252197266,-273.1636657714844,-1.5289019346237183,-0.22661836445331573,24.870849609375,0.5896628350831716,-0.7931782209668073,-0.15220397729890844,-0.4601101820630856,-0.17502435357577611,-0.870439599292941,0.663774330087832,0.583296481593462,-0.4681547321956036,15.372844696044922,-5.900961399078369,-2.436474084854126
4.78,3.0910924438361507,2.0006532469623552,3.432537534953614,0.9128702694395353,-11.327407836914062,-96.14839172363281,-272.9145812988281,-1.513732671737671,-0.15266698598861694,24.94344139099121,0.6020750798679531,-0.7952511764373076,-0.07128228796185204,-0.5057794299794054,-0.31078713412712755,-0.8047350653915578,0.6178128894833013,0.520564043741138,-0.5893388753104355,14.179776191711426,-6.383540153503418,-2.3872487545013428
4.79,3.0910924438361507,2.0006532469623552,3.432537534953614,0.9128702694395353,-11.342491149902344,-96.14957427978516,-272.66485595703125,-1.5034668445587158,-0.08325477689504623,24.99935531616211,0.6184234020443319,-0.785842952392043,-0.0018302949685499725,-0.5471735506835985,-0.4289271493680464,-0.7187646387847032,0.5640510626142088,0.4455023621831412,-0.6952510654814007,13.761549949645996,-6.721670627593994,-2.335700750350952
4.8,3.0910924438361507,2.0006532469623552,3.432537534953614,0.9128702694395353,-11.357491493225098,-96.15008544921875,-272.4146728515625,-1.4974795579910278,-0.020700449123978615,25.036073684692383,0.638490467092141,-0.7670291841522411,0.06321514131287698,-0.5816527000016666,-0.5347005404032159,-0.6130052762197729,0.5039941071215326,0.35462876751788797,-0.7875457937386963,14.067171096801758,-6.9463300704956055,-2.280007839202881
4.81,3.0910924438361507,2.0006532469623552,3.432537534953614,0.9128702694395353,-11.372452735900879,-96.15001678466797,-272.1641540527344,-1.4956039190292358,0.03162584826350212,25.051843643188477,0.6621243794565201,-0.7389114485676214,0.12490467287102344,-0.6074618546482511,-0.6268166496845238,-0.4879456761009115,0.4388409749289883,0.24720590376034318,-0.8638911041730934,14.472617149353027,-7.156514644622803,-2.221066474914551
4.82,3.0910924438361507,2.0006532469623552,3.432537534953614,0.9128702694395353,-11.387415885925293,-96.14949035644531,-271.9136047363281,-1.4976859092712402,0.07178470492362976,25.04847526550293,0.6890941757077715,-0.7015220877559664,0.18170299225972386,-0.6232102634151816,-0.7016374004740122,-0.34541847928281255,0.3698083078834319,0.12478669258611241,-0.9206900112273468,14.891380310058594,-7.365152835845947,-2.15891170501709
4.83,3.0910924438361507,2.0006532469623552,3.432537534953614,0.9128702694395353,-11.402419090270996,-96.14862823486328,-271.6631774902344,-1.5035842657089233,0.09827258437871933,25.030675888061523,0.719032566008066,-0.6552278252546515,0.23166498663353444,-0.6276662187745847,-0.7553649992639214,-0.18830516640875994,0.29837440712814317,-0.010010739187268747,-0.9543964052069,15.312176704406738,-7.573140621185303,-2.093467950820923
4.84,1.0429695166688413,2.455804348542322,2.5259144274519816,3.5842326525640664,-11.417501449584961,-96.1475830078125,-271.4129638671875,-1.5131341218948364,0.10997167229652405,25.0054931640625,0.7514142737111249,-0.6007973511226476,0.27279870261273675,-0.6198064811327522,-0.7844874453246011,-0.02047862480529751,0.2263106608381887,-0.15369447293930527,-0.9618531560372878,15.733941078186035,-7.779709815979004,-2.024648666381836
4.85,1.0429695166688413,2.455804348542322,2.5259144274519816,3.5842326525640664,-11.432695388793945,-96.14651489257812,-271.16302490234375,-1.5263203382492065,0.10615714639425278,24.98215103149414,0.7857555071069939,-0.539946265680021,0.3017388162454924,-0.5988237226863465,-0.7862343406628065,0.1524654410369365,0.15491427370999916,-0.3004889211613667,-0.9411205959175377,15.688146591186523,-8.213653564453125,-1.954461693763733
4.86,1.0429695166688413,2.455804348542322,2.5259144274519816,3.5842326525640664,-11.448037147521973,-96.14553833007812,-270.913330078125,-1.5424903631210327,0.08654803037643433,24.96884536743164,0.8218217119762613,-0.4768495086732372,0.3118070233373511,-0.5635711599628426,-0.7607199315252865,0.3220135609540375,0.08364580911524086,-0.44036318176961126,-0.893914787191263,15.203080177307129,-8.846736907958984,-1.882941722869873
4.87,1.0429695166688413,2.455804348542322,2.5259144274519816,3.5842326525640664,-11.463549613952637,-96.14482879638672,-270.6636962890625,-1.5602079629898071,0.0517503060400486,24.971403121948242,0.858315536167524,-0.41531406941515026,0.30134475956831186,-0.5129278317528219,-0.7106103802476104,0.48159934270895305,0.01412373133434594,-0.5679323121906118,-0.8229540746499896,14.652185440063477,-9.489211082458496,-1.8089579343795776
4.88,1.0429695166688413,2.455804348542322,2.5259144274519816,3.5842326525640664,-11.479241371154785,-96.14454650878906,-270.41387939453125,-1.577970027923584,0.0029008612036705017,24.993680953979492,0.8933585767485875,-0.35843141579803084,0.2709933089925979,-0.44642944764510095,-0.6394044691610955,0.6259893554143778,-0.051099918053051405,-0.6802123528618378,-0.7312318055098087,14.088781356811523,-10.115023612976074,-1.732858419418335
4.89,1.0429695166688413,2.455804348542322,2.5259144274519816,3.5842326525640664,-11.495104789733887,-96.14481353759766,-270.16375732421875,-1.594205617904663,-0.05848916620016098,25.036846160888672,0.9248232624205724,-0.30875885170037554,0.22219339500181906,-0.3643435292143905,-0.551079105225945,0.7507100722002963,-0.10934224254775204,-0.7752288638073513,-0.622145065651566,13.521368026733398,-10.721105575561523,-1.6551662683486938
4.9,2.6216965709586093,4.111458994927246,2.811649218150589,2.6945637544032364,-11.511115074157715,-96.14576721191406,-269.9131164550781,-1.6073029041290283,-0.1305798888206482,25.09930419921875,0.9504650717682954,-0.2683093611811456,0.15692748022909936,-0.2676782833523576,-0.44990594690274216,0.8520170042687422,-0.1580015315432854,-0.8518184816286346,-0.4994404773202345,12.9522705078125,-11.307611465454102,-1.576403260231018
4.91,2.6216965709586093,4.111458994927246,2.811649218150589,2.6945637544032364,-11.527238845825195,-96.14750671386719,-269.6617126464844,-1.617140531539917,-0.22206756472587585,25.18227195739746,0.9679647048741782,-0.23848216719365598,0.07855307790572003,-0.15898963814746672,-0.3400118121747691,0.9268841688924064,-0.19433637096432205,-0.9096802864260863,-0.36703562689222796,12.46861743927002,-11.609857559204102,-1.4950052499771118
4.92,2.6216965709586093,4.111458994927246,2.811649218150589,2.6945637544032364,-11.54343318939209,-96.1502685546875,-269.409423828125,-1.6206244230270386,-0.3310156464576721,25.27648162841797,0.9755094982150456,-0.2198574827556083,-0.006626172997863264,-0.04402295481940764,-0.22466824534960567,0.9734403725860653,-0.21550684059026665,-0.9493086256891891,-0.22884478331590735,12.070536613464355,-11.648862838745117,-1.4130381345748901
4.93,2.6216965709586093,4.111458994927246,2.811649218150589,2.6945637544032364,-11.559618949890137,-96.15415954589844,-269.15618896484375,-1.6150050163269043,-0.4459313154220581,25.369285583496094,0.9725837845943905,-0.2124457376683005,-0.09459170413214994,0.07295657726026872,-0.10748070692049011,0.991526719495919,-0.22081240857007783,-0.9712438963444989,-0.08903467883379873,11.692432403564453,-11.638616561889648,-1.333078384399414
4.94,2.6216965709586093,4.111458994927246,2.811649218150589,2.6945637544032364,-11.575698852539062,-96.15919494628906,-268.9020690917969,-1.599429965019226,-0.5622045993804932,25.452198028564453,0.9592285246660383,-0.21586168882775159,-0.18244004155734714,0.18858180524762475,0.008025609037107473,0.9820246902848881,-0.2105173156691927,-0.9763909672339326,0.048405980079149424,11.325041770935059,-11.609762191772461,-1.2555010318756104
4.95,2.7914313881986437,0.21479486648920962,3.209323542850113,3.034414687921326,-11.591573715209961,-96.16537475585938,-268.647216796875,-1.5735048055648804,-0.6763266324996948,25.517635345458984,0.9358141899242987,-0.2294031639102333,-0.2676303239999221,0.2998113952879782,0.11871385478094892,0.9465834078085901,-0.18537780123791614,-0.9660648058339681,0.17987179250002833,10.966937065124512,-11.567258834838867,-1.1803669929504395
4.96,2.7914313881986437,0.21479486648920962,3.209323542850113,3.034414687921326,-11.607150077819824,-96.17264556884766,-268.3918151855469,-1.5414226055145264,-0.77231365442276,25.5625,0.9026300890309855,-0.25246721458758875,-0.34859608135247255,0.4048269907279097,0.22287477101365577,0.886815620083338,-0.14619859764751564,-0.941587564703355,0.30337901714176757,10.933754920959473,-11.822844505310059,-1.1143535375595093
4.97,2.7914313881986437,0.21479486648920962,3.209323542850113,3.034414687921326,-11.622386932373047,-96.18077087402344,-268.1360778808594,-1.504818320274353,-0.84952712059021,25.58390235900879,0.8586807183983506,-0.28577308273239255,-0.42544232163304796,0.504121517903764,0.3213751264851502,0.8016105808078252,-0.09235214690139903,-0.9028021783659358,0.4200229847287211,11.197869300842285,-12.36028003692627,-1.0521515607833862
4.98,2.7914313881986437,0.21479486648920962,3.209323542850113,3.034414687921326,-11.637223243713379,-96.18961334228516,-267.8803405761719,-1.4610508680343628,-0.9160454273223877,25.575607299804688,0.8034356048135834,-0.32966479503945056,-0.49579466700381936,0.5949337237933499,0.4118616747484832,0.6902346160304859,-0.023347231339264418,-0.8495240336711912,0.5270330378674748,11.504801750183105,-12.933516502380371,-0.9857253432273865
4.99,2.7914313881986437,0.21479486648920962,3.209323542850113,3.034414687921326,-11.651585578918457,-96.19905853271484,-267.624755859375,-1.4101790189743042,-0.9707493185997009,25.535072326660156,0.7371148773232201,-0.3838059511806873,-0.5561965924626486,0.6730567521887396,0.4906158336208991,0.5534353730415281,0.06046706510092359,-0.782297319207191,0.6199634169846819,11.820425033569336,-13.507405281066895,-0.9137965440750122
5.0,2.7914313881986437,0.21479486648920962,3.209323542850113,3.034414687921326,-11.665406227111816,-96.20897674560547,-267.3697204589844,-1.3531975746154785,-1.011528491973877,25.463451385498047,0.660605194601811,-0.44727899619989225,-0.6029446711129638,0.7339457828410674,0.5536757910454981,0.3934039987849062,0.15787452205760139,-0.7024134238242877,0.6940396367042198,12.141493797302246,-14.076254844665527,-0.836027979850769
5.01,1.6074380197797429,2.5229575674600033,2.4592204578840158,1.5269674079350593,-11.678633689880371,-96.21923828125,-267.1155700683594,-1.2916938066482544,-1.0365362167358398,25.36583709716797,0.5755084707799878,-0.5185612322509185,-0.6323640157906589,0.7730792140962581,0.5971648397718932,0.2138753909932628,0.2667180698655263,-0.611954575558201,0.744562333630026,12.469139099121094,-14.638300895690918,-0.752204954624176
5.02,1.6074380197797429,2.5229575674600033,2.4592204578840158,1.5269674079350593,-11.691243171691895,-96.22966003417969,-266.8624572753906,-1.2310888767242432,-1.0438330173492432,25.2551326751709,0.4846781433877055,-0.5950569885244638,-0.6410883540748835,0.7862730430040831,0.6175130983571967,0.02126676285650239,0.3832255199844426,-0.5143780261300938,0.7671723711573314,12.595486640930176,-14.957428932189941,-0.6548473834991455
5.03,1.6074380197797429,2.5229575674600033,2.4592204578840158,1.5269674079350593,-11.703264236450195,-96.24007415771484,-266.6104736328125,-1.1735347509384155,-1.03472900390625,25.143051147460938,0.3930217548776862,-0.672372653099113,-0.6272550641942428,0.7710836877629688,0.612625764480576,-0.17355004799898527,0.5009629194448669,-0.41545720364322664,0.7592308379420755,12.540255546569824,-15.046525001525879,-0.5485127568244934
5.04,1.6074380197797429,2.5229575674600033,2.4592204578840158,1.5269674079350593,-11.714722633361816,-96.25031280517578,-266.35955810546875,-1.1186184883117676,-1.0108191967010498,25.039133071899414,0.3044541866925985,-0.7470484755800273,-0.5909536558300542,0.7276315177851211,0.5827737675175346,-0.36183851400747796,0.6147031987317698,-0.31983325503608334,0.7210039295606886,12.473336219787598,-15.091937065124512,-0.44120487570762634
5.05,1.6074380197797429,2.5229575674600033,2.4592204578840158,1.5269674079350593,-11.725651741027832,-96.2602310180664,-266.109619140625,-1.06806218624115,-0.9732633233070374,24.95445442199707,0.22230139695335271,-0.8161932387679833,-0.5333016837607186,0.657406064119304,0.5294201580928112,-0.5362196966394916,0.7199995526191342,-0.2313933732724698,0.654261225378544,12.418438911437988,-15.119850158691406,-0.3340063691139221
5.06,1.6074380197797429,2.5229575674600033,2.4592204578840158,1.5269674079350593,-11.736104011535645,-96.26972198486328,-265.8603820800781,-1.0236483812332153,-0.9235835671424866,24.89783477783203,0.14959573432203377,-0.8771962310651045,-0.45623227469988065,0.5629602491560997,0.4548948704435004,-0.6900336330312408,0.8128326236949115,-0.15361454699788968,0.5618769409825247,12.378832817077637,-15.133984565734863,-0.2270316481590271
5.07,2.115355011593626,2.548088497747755,4.052595269703805,0.9298487638641578,-11.746150016784668,-96.2786636352539,-265.611572265625,-0.9868659973144531,-0.8636150360107422,24.87447738647461,0.08901527441404772,-0.927759016907584,-0.36240790204914813,0.44779074181507106,0.36228432946359285,-0.817455513266516,0.8896964271400105,-0.08951687646353651,0.4476907374097791,12.354984283447266,-15.134980201721191,-0.12026149779558182
5.08,2.115355011593626,2.548088497747755,4.052595269703805,0.9298487638641578,-11.755861282348633,-96.28694152832031,-265.36285400390625,-0.9566187262535095,-0.7893029451370239,24.882741928100586,0.04276477833642217,-0.9661386950648144,-0.2544547025155842,0.31609321972150795,0.2546886720764316,-0.9139030346606989,0.947763815610159,-0.04134854549318118,0.3162815954267195,12.552742958068848,-15.154969215393066,-0.009814919903874397
5.09,2.115355011593626,2.548088497747755,4.052595269703805,0.9298487638641578,-11.765310287475586,-96.2944107055664,-265.1138610839844,-0.9352303147315979,-0.7023894190788269,24.921485900878906,0.012713689864253863,-0.9909639053652122,-0.13352490536735984,0.17233848087756903,0.13370899383002105,-0.975920771875348,0.9849557401725456,-0.010603925324625563,0.17248114873476011,12.958358764648438,-15.190776824951172,0.10647978633642197
5.1,2.115355011593626,2.548088497747755,4.052595269703805,0.9298487638641578,-11.774605751037598,-96.30097198486328,-264.8643493652344,-0.925666868686676,-0.6104055047035217,24.987030029296875,0.0005915339100230343,-0.9999956315216718,-0.0028960361196877504,0.02174078746601965,0.0029082124835700385,-0.99975941128879,0.9997634661498644,0.0005284294878699636,0.02174241279816236,13.40809154510498,-15.215269088745117,0.22687862813472748
5.11,2.115355011593626,2.548088497747755,4.052595269703805,0.9298487638641578,-11.783864974975586,-96.30661010742188,-264.61407470703125,-0.9285435676574707,-0.5173841118812561,25.070510864257812,0.007567283248870044,-0.9911198368235665,0.13275618734755157,-0.12985839616244133,-0.13260979002822587,-0.9826247709755683,0.9915036727972064,-0.009803705600265444,-0.1297087282574057,13.879658699035645,-15.223270416259766,0.35117244720458984
5.12,2.115355011593626,2.548088497747755,4.052595269703805,0.9298487638641578,-11.79321575164795,-96.31133270263672,-264.3629150390625,-0.9438018202781677,-0.42705318331718445,25.161434173583984,0.034049793081763674,-0.9628057399488986,0.2680405169233617,-0.27627580379389005,-0.2668128069716452,-0.923299846352176,0.9604750344642641,-0.04261494054161574,-0.2750848505707021,14.370512962341309,-15.212559700012207,0.4793519079685211
5.13,2.1736992957204246,0.4907908692761868,0.5908386415048863,1.321281192143358,-11.802780151367188,-96.315185546875,-264.11083984375,-0.9708748459815979,-0.3432384133338928,25.249675750732422,0.07959238815666346,-0.9143082774414549,0.3971214241885702,-0.41127376426861095,-0.3930172173602612,-0.8224301536803742,0.9080302542161499,-0.09786644297427244,-0.4073121858816865,14.880708694458008,-15.18123722076416,0.6114141345024109
5.14,2.1736992957204246,0.4907908692761868,0.5908386415048863,1.321281192143358,-11.81263542175293,-96.31829833984375,-263.85797119140625,-0.9980841875076294,-0.28762656450271606,25.31657600402832,0.14274571565052724,-0.8460561005271938,0.5136270392260689,-0.5286910760518546,-0.5038825639457956,-0.6830725494810512,0.8367254070282262,-0.17404435214085562,-0.5192293873822234,15.276232719421387,-15.053899765014648,0.7353048920631409
5.15,2.1736992957204246,0.4907908692761868,0.5908386415048863,1.321281192143358,-11.822728157043457,-96.32100677490234,-263.6045837402344,-1.020527720451355,-0.2564728856086731,25.355308532714844,0.22067407472959052,-0.7604907503510349,0.6107018678313986,-0.6227548551013865,-0.5917526474633039,-0.5118644299693248,0.7506526115253914,-0.26736234374101864,-0.6041837749885535,15.563733100891113,-14.837630271911621,0.8496621251106262
5.16,2.1736992957204246,0.4907908692761868,0.5908386415048863,1.321281192143358,-11.833051681518555,-96.32345581054688,-263.3509826660156,-1.0444804430007935,-0.2351745218038559,25.375267028808594,0.3097753440401982,-0.6609026566727982,0.6835546171503887,-0.6896790492773581,-0.6510686196484307,-0.31694236305197016,0.6545090107956165,-0.3732523689300911,-0.6574957215643452,15.848628997802734,-14.5921049118042,0.962861955165863
5.17,2.1736992957204246,0.4907908692761868,0.5908386415048863,1.321281192143358,-11.84362506866455,-96.32573699951172,-263.0970764160156,-1.0703963041305542,-0.22285543382167816,25.38384437561035,0.40606042375832846,-0.5511949280122771,0.7289026571434263,-0.7273286159916096,-0.6778345411935837,-0.10739375738195112,0.553270292548711,-0.4865434061812207,-0.6761416251678632,16.144981384277344,-14.324967384338379,1.0759588479995728
5.18,2.0164358310749115,2.4438594829731906,3.453548643792992,0.5827976563955787,-11.85446548461914,-96.32794952392578,-262.8431701660156,-1.097643256187439,-0.2198975682258606,25.389860153198242,0.5053325766572435,-0.43585954704745633,0.744758646956541,-0.735070650316164,-0.6695032567315561,0.10694170500610178,0.45200677651194915,-0.6014913502897832,-0.6587093664992557,16.453998565673828,-14.036578178405762,1.1889572143554688
5.19,2.0164358310749115,2.4438594829731906,3.453548643792992,0.5827976563955787,-11.865625381469727,-96.33018493652344,-262.5892028808594,-1.1388522386550903,-0.23013544082641602,25.41400146484375,0.6034434549053277,-0.3195520316076039,0.730576824042054,-0.713740747795002,-0.6249891183619282,0.3161688581536945,0.3555701641996314,-0.7122324768112112,-0.6052228988615801,16.890289306640625,-13.748078346252441,1.3130420446395874
5.2,2.0164358310749115,2.4438594829731906,3.453548643792992,0.5827976563955787,-11.877274513244629,-96.3326187133789,-262.3348388671875,-1.191340446472168,-0.25905218720436096,25.460878372192383,0.696588250416857,-0.2064799239611787,0.6871177849409579,-0.6654086685039693,-0.544083020094065,0.5110821569230298,0.2683209146916381,-0.8132279558932461,-0.5163953703246531,17.447063446044922,-13.452534675598145,1.448500156402588
5.21,2.0164358310749115,2.4438594829731906,3.453548643792992,0.5827976563955787,-11.889445304870605,-96.3354263305664,-262.0799255371094,-1.2421931028366089,-0.30422961711883545,25.523889541625977,0.7811970578643116,-0.10178749050094535,0.6159305671596951,-0.5932575870313048,-0.42821063890158195,0.681675204302821,0.1943620132997634,-0.897928146072401,-0.39490309226067566,18.032337188720703,-13.128399848937988,1.5866217613220215
5.22,2.0164358310749115,2.4438594829731906,3.453548643792992,0.5827976563955787,-11.902100563049316,-96.3387451171875,-261.8243408203125,-1.2878611087799072,-0.3629082143306732,25.600374221801758,0.8541346295879033,-0.010944351545586095,0.5199367804916107,-0.501641390622545,-0.2810027241571798,0.818164643718196,0.13714937022463516,-0.959644564505781,-0.24550429743997443,18.6322078704834,-12.770963668823242,1.7258269786834717
5.23,2.0164358310749115,2.4438594829731906,3.453548643792992,0.5827976563955787,-11.915178298950195,-96.34270477294922,-261.56793212890625,-1.3260810375213623,-0.4319549798965454,25.6834659576416,0.9129238375990703,0.06082444519449007,0.40357211698799117,-0.39589296939538887,-0.10834767864138795,0.9118824141940255,0.09919084396600336,-0.9922505567646737,-0.0748332083603731,19.243528366088867,-12.377897262573242,1.8654779195785522
5.24,0.7935949627129024,1.2114619896753156,0.8658340755966553,0.599319394116035,-11.928589820861816,-96.34739685058594,-261.3106689453125,-1.3548344373703003,-0.5075703859329224,25.76150894165039,0.9559107485654761,0.10894160861503473,0.27270197412076025,-0.2820162795153564,0.08169212322023889,0.9559253187838922,0.08186243867188155,-0.9906856832094316,0.10881368580539186,19.8643856048584,-11.947260856628418,2.0050017833709717
5.25,0.7935949627129024,1.2114619896753156,0.8658340755966553,0.599319394116035,-11.942216873168945,-96.35279083251953,-261.052734375,-1.3675141334533691,-0.5630160570144653,25.82411766052246,0.9823731805129066,0.12977874810620244,0.13453776699850278,-0.16633610202327181,0.27848220363533055,0.9459280963276829,0.08529499031397021,-0.951632880263391,0.29516033918692836,20.29290771484375,-11.470734596252441,2.1383371353149414
5.26,0.7935949627129024,1.2114619896753156,0.8658340755966553,0.599319394116035,-11.955902099609375,-96.35859680175781,-260.7943115234375,-1.368553876876831,-0.5963245034217834,25.86270523071289,0.9926037434942809,0.12137370784098253,-0.0024962864562200968,-0.05505740839707249,0.46839974526117917,0.8817995012585685,0.10819653498027404,-0.8751400468977489,0.4716178623992819,20.54013442993164,-10.9544095993042,2.2636001110076904
5.27,0.7935949627129024,1.2114619896753156,0.8658340755966553,0.599319394116035,-11.969565391540527,-96.36470031738281,-260.5355224609375,-1.362957239151001,-0.623297929763794,25.863737106323242,0.9878994641654071,0.08438503236578601,-0.1301299927546553,0.04644725498074326,0.6395548852825834,0.7673409940931964,0.1479773672101758,-0.7640999378509373,0.6278964753601808,20.763120651245117,-10.407132148742676,2.3837878704071045
5.28,0.7935949627129024,1.2114619896753156,0.8658340755966553,0.599319394116035,-11.983142852783203,-96.37104034423828,-260.277099609375,-1.3512146472930908,-0.6445937752723694,25.82085609436035,0.97034372961934,0.021369949865045937,-0.24078283084803795,0.1339511835740857,0.781630736324855,0.6091883718944139,0.20122158633588746,-0.6233752620011727,0.7555879537932289,20.981624603271484,-9.830536842346191,2.4989349842071533
5.29,0.7935949627129024,1.2114619896753156,0.8658340755966553,0.599319394116035,-11.996573448181152,-96.3775634765625,-260.019287109375,-1.3340811729431152,-0.6591432094573975,25.73624610900879,0.9425742891510811,-0.06352096629172624,-0.32790058900938224,0.20454595668440775,0.8858887007235855,0.41636782000334543,0.26403534050462796,-0.45952834164134343,0.8480088691711675,21.196149826049805,-9.225409507751465,2.608643054962158
5.3,2.342861694401583,3.4065625516412528,2.179931994062874,1.750700817498554,-12.009812355041504,-96.38419342041016,-259.7624816894531,-1.3129054307937622,-0.6661474704742432,25.619985580444336,0.907537264269823,-0.16476883815713633,-0.38629955207583866,0.25672395794691377,0.9456086976272061,0.1997923932181874,0.3323686558292124,-0.2804913919251837,0.9004752387923591,21.40457534790039,-8.5925931930542,2.7124454975128174
5.31,2.342861694401583,3.4065625516412528,2.179931994062874,1.750700817498554,-12.022786140441895,-96.39087677001953,-259.5070495605469,-1.2779309749603271,-0.6680527329444885,25.461851119995117,0.8683599796596773,-0.27572348032628907,-0.41222264387367535,0.2903509480907302,0.9565062337805202,-0.028145189319287132,0.40205381812421404,-0.09524907944837513,0.9106483076336211,21.566566467285156,-7.84474515914917,2.8110859394073486
5.32,2.342861694401583,3.4065625516412528,2.179931994062874,1.750700817498554,-12.0353364944458,-96.39749908447266,-259.25335693359375,-1.231543779373169,-0.6541727781295776,25.28286361694336,0.8283665562933846,-0.3887724742931812,-0.40331725929669393,0.3068777149311046,0.917260020398766,-0.25388998219055237,0.4686522340641326,0.08654489129933143,0.8791331328625286,21.679180145263672,-6.990615367889404,2.9025020599365234
5.33,2.342861694401583,3.4065625516412528,2.179931994062874,1.750700817498554,-12.047423362731934,-96.40389251708984,-259.0013732910156,-1.1866177320480347,-0.6201056241989136,25.123321533203125,0.7900990707384843,-0.49611064779206804,-0.3600245596699179,0.30921301324594674,0.829703934615832,-0.46473507864413377,0.5292738146343021,0.255862474838226,0.808952176035217,21.768301010131836,-6.103626728057861,2.984482526779175
5.34,2.342861694401583,3.4065625516412528,2.179931994062874,1.750700817498554,-12.059089660644531,-96.40984344482422,-258.75079345703125,-1.1480966806411743,-0.5679062604904175,25.001083374023438,0.755217607291864,-0.5902955317476801,-0.2849518395011251,0.3009020295602228,0.6984293962059115,-0.649349171957572,0.5823266559611455,0.40465734110994334,0.7050873010081378,21.83527183532715,-5.196213245391846,3.056393623352051
5.35,0.6082969407269079,1.1399407643400428,2.478514582233781,2.0524784894455297,-12.070417404174805,-96.41519927978516,-258.501220703125,-1.1191622018814087,-0.5005115866661072,24.925222396850586,0.7245359855915814,-0.6646588700272799,-0.18241763093762436,0.28563277684618793,0.5304230158470851,-0.798163730728739,0.627265113308537,0.5261938908365837,0.5741589212685682,21.878265380859375,-4.272495746612549,3.1178650856018066
5.36,0.6082969407269079,1.1399407643400428,2.478514582233781,2.0524784894455297,-12.08151912689209,-96.41985321044922,-258.25213623046875,-1.1041069030761719,-0.43480831384658813,24.9056453704834,0.697960440523343,-0.7137197698201042,-0.05878191586192705,0.2658919355962084,0.33448366800149104,-0.9041140162751434,0.6649456384166776,0.6154061796961466,0.423228699336932,21.938852310180664,-3.654097318649292,3.168677568435669
5.37,0.6082969407269079,1.1399407643400428,2.478514582233781,2.0524784894455297,-12.092535018920898,-96.42391204833984,-258.00299072265625,-1.1008373498916626,-0.37591788172721863,24.933712005615234,0.6750376738731263,-0.7337563651443371,0.07697879878335862,0.24055874724254125,0.1202629042679525,-0.9631553991865156,0.6974637108674957,0.6686841036447684,0.25769350313062755,22.02513885498047,-3.3192079067230225,3.2134735584259033
5.38,0.6082969407269079,1.1399407643400428,2.478514582233781,2.0524784894455297,-12.103565216064453,-96.42737579345703,-257.7533874511719,-1.1069084405899048,-0.3165840208530426,24.99291229248047,0.6560180240416136,-0.7228163880270309,0.21720225904003304,0.21008594827424715,-0.10152874845004423,-0.9723969393081604,0.7249167169201214,0.6835410612667863,0.08524887736520886,22.108150482177734,-3.0133872032165527,3.2546002864837646
5.39,0.6082969407269079,1.1399407643400428,2.478514582233781,2.0524784894455297,-12.114701271057129,-96.43024444580078,-257.5030822753906,-1.1217584609985352,-0.2580300569534302,25.070329666137695,0.641116121031402,-0.6805885909464622,0.3546396611028694,0.17582512503407438,-0.31955443103165676,-0.9311125018035074,0.7470312207400712,0.6593057981555626,-0.0852069231814861,22.183250427246094,-2.7020132541656494,3.292229652404785
5.4,0.6082969407269079,1.1399407643400428,2.478514582233781,2.0524784894455297,-12.126025199890137,-96.43254089355469,-257.251953125,-1.1445242166519165,-0.20290341973304749,25.152788162231445,0.6303413449912646,-0.6084024106801801,0.4821994353720758,0.13917536920721899,-0.5225107792361308,-0.841197183892151,0.7637407972608492,0.597351648746864,-0.24468551722316012,22.249235153198242,-2.3812620639801025,3.326244592666626
5.41,0.923179720178747,3.061163279468826,1.6416335352806681,4.0755429233359965,-12.137611389160156,-96.43431854248047,-257.0000305175781,-1.1739877462387085,-0.15398477017879486,25.228811264038086,0.6235288586373038,-0.5091767530751484,0.5932544113399502,0.1013864872726711,-0.6997591661741414,-0.7071477140978251,0.7751983892172184,0.5010749878841692,-0.38469639181036025,22.305416107177734,-2.051558256149292,3.356502056121826
5.42,0.923179720178747,3.061163279468826,1.6416335352806681,4.0755429233359965,-12.149554252624512,-96.43561553955078,-256.7474060058594,-1.2188090085983276,-0.1038241758942604,25.297807693481445,0.6202325479583352,-0.3880588650942126,0.6817051442338564,0.06363670943019986,-0.841301694760903,-0.5368070673951009,0.7818324345190646,0.3763266873531876,-0.4971079045034069,22.006671905517578,-1.644645094871521,3.38010835647583
5.43,0.923179720178747,3.061163279468826,1.6416335352806681,4.0755429233359965,-12.16203498840332,-96.4364242553711,-256.4941101074219,-1.2786802053451538,-0.05988407880067825,25.359596252441406,0.6194107218935517,-0.25401440832910954,0.7428371544050028,0.02703077897000665,-0.9387469262390497,-0.3435455507862258,0.7846016152109196,0.23287526454724422,-0.5746037039303412,21.374170303344727,-1.1823301315307617,3.3958656787872314
5.44,0.923179720178747,3.061163279468826,1.6416335352806681,4.0755429233359965,-12.175146102905273,-96.43687438964844,-256.2402648925781,-1.3437936305999756,-0.033355604857206345,25.411483764648438,0.6203919006526151,-0.11493446577136868,0.7758246955224395,-0.00828964695458776,-0.9901096140281707,-0.14005082635370336,0.7842481567450472,0.08045508552501182,-0.6152087514455227,20.682235717773438,-0.7301205992698669,3.405665636062622
5.45,0.923179720178747,3.061163279468826,1.6416335352806681,4.0755429233359965,-12.188921928405762,-96.43714904785156,-255.98590087890625,-1.41073477268219,-0.02586435340344906,25.457984924316406,0.6228325832686301,0.022648110419533775,0.7820272605947631,-0.042545111055404254,-0.9971212950457646,0.06276174385356438,0.7811974697502599,-0.07236149570511734,-0.6200760656525213,19.969560623168945,-0.29860416054725647,3.410268545150757
5.46,0.923179720178747,3.061163279468826,1.6416335352806681,4.0755429233359965,-12.203365325927734,-96.43744659423828,-255.73109436035156,-1.4773941040039062,-0.03710521385073662,25.505386352539062,0.6265820881088806,0.15330058176154843,0.7641294513972655,-0.07600879261578342,-0.9637690319423209,0.25567932359510903,0.7756400907032887,-0.2182846414673567,-0.5922282203621014,19.242002487182617,0.10949830710887909,3.4102704524993896
5.47,3.451273859416709,1.797240693433953,0.21859492133517022,1.7026005665597124,-12.218465805053711,-96.43794250488281,-255.4757843017578,-1.5421003103256226,-0.06588327139616013,25.55918312072754,0.6316280165622558,0.27276213583207104,0.7257043929520874,-0.10889029275916445,-0.895573275354337,0.4313831390005042,0.7675864464908524,-0.3514958402704529,-0.5359680227738536,18.501060485839844,0.4927053451538086,3.4062423706054688
5.48,3.451273859416709,1.797240693433953,0.21859492133517022,1.7026005665597124,-12.23416805267334,-96.43878173828125,-255.21990966796875,-1.5952311754226685,-0.10448367148637772,25.61686897277832,0.6372350733349157,0.37884761803709266,0.6711228975526509,-0.1419030754479177,-0.7982622628168101,0.58535534245534,0.7574925600230455,-0.46824335774275216,-0.45492106946098426,18.109451293945312,1.2038416862487793,3.3922157287597656
5.49,3.451273859416709,1.797240693433953,0.21859492133517022,1.7026005665597124,-12.250335693359375,-96.4400405883789,-254.9634246826172,-1.637467622756958,-0.14852206408977509,25.681692123413086,0.6407903940655331,0.4726498448473504,0.6049709042913669,-0.17813666592778868,-0.6749678625995317,0.7160207487984902,0.74676301403154,-0.5665867176554662,-0.34831665514433086,18.027355194091797,2.2303755283355713,3.3645167350769043
5.5,3.451273859416709,1.797240693433953,0.21859492133517022,1.7026005665597124,-12.266901016235352,-96.4417724609375,-254.70623779296875,-1.6750866174697876,-0.20017355680465698,25.757408142089844,0.6423664018707146,0.553424888143348,0.5301757245774221,-0.21971104682607215,-0.5297602754237115,0.8191954018948013,0.7342291615362764,-0.6427090661928743,-0.21870664046439145,17.958391189575195,3.2940616607666016,3.3261349201202393
5.51,3.451273859416709,1.797240693433953,0.21859492133517022,1.7026005665597124,-12.283822059631348,-96.44406127929688,-254.44825744628906,-1.7082501649856567,-0.25821247696876526,25.839359283447266,0.6431039544278109,0.6200119005360398,0.4494469345684762,-0.2674466766389187,-0.36810765244228144,0.8904880860338504,0.7175580666079295,-0.6928794984751103,-0.0709113646658257,17.862525939941406,4.353684902191162,3.2776644229888916
5.52,0.263250647981026,0.07847287844627919,4.1585352472582215,0.34960490333757266,-12.30104923248291,-96.44695281982422,-254.18946838378906,-1.7362377643585205,-0.3204589784145355,25.918678283691406,0.6443109208262363,0.6716835159765426,0.3656565214370414,-0.32114493912560593,-0.19629771155483394,0.9264627010907381,0.694067262862944,-0.7143587773687149,0.08923100256198174,17.735891342163086,5.4013495445251465,3.2194342613220215
5.53,0.263250647981026,0.07847287844627919,4.1585352472582215,0.34960490333757266,-12.318514823913574,-96.45044708251953,-253.929931640625,-1.7546753883361816,-0.3743264973163605,25.98556900024414,0.6478348561829206,0.7084634392001333,0.2799813465771851,-0.37799112344035135,-0.020145167623007443,0.9255900187565455,0.6613869591356908,-0.7054599404205458,0.25474214952984164,17.878690719604492,5.9177470207214355,3.1660237312316895
5.54,0.263250647981026,0.07847287844627919,4.1585352472582215,0.34960490333757266,-12.336114883422852,-96.45441436767578,-253.66981506347656,-1.7643120288848877,-0.4180925786495209,26.03026008605957,0.6565337342013249,0.7303783620347246,0.1884433711414037,-0.4299763692437448,0.15711834967959437,0.8890636344412741,0.6197449295860604,-0.6647264643937636,0.417198933108578,18.290691375732422,5.952638626098633,3.1216721534729004
5.55,0.263250647981026,0.07847287844627919,4.1585352472582215,0.34960490333757266,-12.353777885437012,-96.45880126953125,-253.40940856933594,-1.7673673629760742,-0.45785143971443176,26.04093360900879,0.6709568669133459,0.7357870396040537,0.09183852727765943,-0.47326761708290144,0.329601014711954,0.8169338612895921,0.5708192755702096,-0.5915915850073875,0.5693722430764853,18.743295669555664,5.926070213317871,3.0776636600494385
5.56,0.263250647981026,0.07847287844627919,4.1585352472582215,0.34960490333757266,-12.371437072753906,-96.46356201171875,-253.1491241455078,-1.7634333372116089,-0.49283677339553833,26.009443283081055,0.6907704308519466,0.7230437410697611,-0.006630260964711587,-0.5060075884270893,0.48993127473163456,0.7098758106134035,0.5165196340070892,-0.48700625718739965,0.7042956574802253,19.204519271850586,5.8960981369018555,3.03273868560791
5.57,0.263250647981026,0.07847287844627919,4.1585352472582215,0.34960490333757266,-12.389022827148438,-96.46864318847656,-252.88937377929688,-1.7522988319396973,-0.5214433670043945,25.933216094970703,0.7153465109469908,0.6911323003857743,-0.10303160990411864,-0.5268982135464622,0.630349956406675,0.570120342576591,0.4589745546732559,-0.35354642668477143,0.8150750163886241,19.669918060302734,5.870127201080322,2.986682891845703
5.58,0.97686799365077,2.9430686995970956,3.19478325526541,0.8353911360154171,-12.406462669372559,-96.47396850585938,-252.63059997558594,-1.7343552112579346,-0.5422130823135376,25.816329956054688,0.7438302912630347,0.6398777752681993,-0.19306198620486908,-0.5350746531129879,0.7431971963479423,0.40168774307485916,0.4005141862600687,-0.19548493563028874,0.8951949656617028,20.138811111450195,5.848691940307617,2.939425468444824
5.59,0.97686799365077,2.9430686995970956,3.19478325526541,0.8353911360154171,-12.423680305480957,-96.47947692871094,-252.37318420410156,-1.7073287963867188,-0.558586835861206,25.656396865844727,0.7753862781641888,0.5703823357557668,-0.2709983592062567,-0.5303951091429472,0.8211441496509936,0.2107209379515674,0.3427202180086971,-0.019653919500770695,0.9392319072605705,20.331390380859375,6.110326290130615,2.8916497230529785
5.6,0.97686799365077,2.9430686995970956,3.19478325526541,0.8353911360154171,-12.440581321716309,-96.485107421875,-252.11753845214844,-1.6715482473373413,-0.5649747252464294,25.46987533569336,0.8097710107413963,0.48646204951139516,-0.3280633849548444,-0.5130842945505527,0.8583153211581913,0.006270259218933719,0.2846320727683708,0.1632466962920962,0.944634902648265,20.25757598876953,6.624443054199219,2.840561866760254
5.61,0.97686799365077,2.9430686995970956,3.19478325526541,0.8353911360154171,-12.457100868225098,-96.49073028564453,-251.86376953125,-1.6319400072097778,-0.5560171008110046,25.286245346069336,0.8460416910948192,0.3932533891517995,-0.3599517034965133,-0.4820854384226133,0.8526101197048351,-0.2016174938783424,0.2276117022261712,0.3441042802662153,0.9109254400400588,20.136728286743164,7.16137170791626,2.7843034267425537
5.62,0.97686799365077,2.9430686995970956,3.19478325526541,0.8353911360154171,-12.47321891784668,-96.49618530273438,-251.61175537109375,-1.591896414756775,-0.5317466855049133,25.12523078918457,0.8826298133933587,0.29625191482318425,-0.36496495101968585,-0.4365679310029419,0.8044714639168331,-0.4027829506859967,0.1742786680262833,0.5148402341572619,0.8393845835872138,20.00058937072754,7.688096523284912,2.722855806350708
5.63,0.97686799365077,2.9430686995970956,3.19478325526541,0.8353911360154171,-12.488945960998535,-96.50132751464844,-251.3611602783203,-1.5542675256729126,-0.4932296872138977,25.00170135498047,0.9176015394616193,0.20105472353516257,-0.34290583681510245,-0.3764686745596472,0.7164520869447034,-0.5873395476109893,0.1275882120455052,0.668036978959083,0.7331083432141887,19.854700088500977,8.199210166931152,2.656463861465454
5.64,0.5940722923556429,1.6856949460463004,3.463101306007873,3.766593929024377,-12.50432014465332,-96.5060043334961,-251.111572265625,-1.521450400352478,-0.44209083914756775,24.92485237121582,0.9487996652854926,0.11308970431973825,-0.29494052609129817,-0.30262729612334177,0.5930404260424582,-0.7461365643904976,0.0905312918013035,0.7971911764791768,0.5969005891675208,19.701095581054688,8.693155288696289,2.585413694381714
5.65,0.5940722923556429,1.6856949460463004,3.463101306007873,3.766593929024377,-12.519392967224121,-96.51011657714844,-250.86251831054688,-1.4934000968933105,-0.37458205223083496,24.893556594848633,0.973729537323232,0.03742904300015912,-0.22461045141394698,-0.21780458145182727,0.4408274148612438,-0.8707653843632894,0.06642252963324359,0.8968111601930726,0.43739889175702745,19.40616798400879,8.832104682922363,2.504351854324341
5.66,0.5940722923556429,1.6856949460463004,3.463101306007873,3.766593929024377,-12.534214973449707,-96.51345825195312,-250.6135711669922,-1.472273588180542,-0.2924201786518097,24.90597915649414,0.9899182395712159,-0.021959048000480874,-0.1399274068048773,-0.12893589396979327,0.26922224790103444,-0.9544081498401638,0.05862946537736186,0.9628277008094579,0.2636767042109298,18.991920471191406,8.634230613708496,2.419239044189453
5.67,0.5940722923556429,1.6856949460463004,3.463101306007873,3.766593929024377,-12.548870086669922,-96.51593780517578,-250.36428833007812,-1.4602872133255005,-0.20334865152835846,24.956043243408203,0.9968833400028221,-0.06328271713421893,-0.047105245322876126,-0.04147578175684592,0.08750193796302669,-0.9953005427409216,0.06710712296378378,0.9941522562288059,0.08460452400846269,18.572599411010742,8.367493629455566,2.3375420570373535
5.68,0.5940722923556429,1.6856949460463004,3.463101306007873,3.766593929024377,-12.563450813293457,-96.51750946044922,-250.11434936523438,-1.4574179649353027,-0.11172546446323395,25.030935287475586,0.9950911675244903,-0.08607871803602367,0.04882645405946545,0.0405090213522704,-0.09585626411122516,-0.9945705584923175,0.0902916801473295,0.9916662901056552,-0.09189875714207763,18.163862228393555,8.07079792022705,2.2603464126586914
5.69,1.1541487667322823,2.1799234415337354,3.985800932617871,0.9678869663476347,-12.578046798706055,-96.51817321777344,-249.86361694335938,-1.463029146194458,-0.021299023181200027,25.116500854492188,0.985489909462133,-0.0908284742767588,0.1433869820062918,0.1137897271558106,-0.2732817232432862,-0.9551800865465034,0.12594259145389486,0.9576363025709373,-0.2589810333907509,17.767559051513672,7.750921249389648,2.187831163406372
5.7,1.1541487667322823,2.1799234415337354,3.985800932617871,0.9678869663476347,-12.592734336853027,-96.51798248291016,-249.61203002929688,-1.475136399269104,0.05919782072305679,25.197940826416016,0.9691774235261736,-0.0785670656923065,0.23350018825617455,0.17664228426502954,-0.43907085483035124,-0.8809167315065469,0.17173416997441324,0.8950106148124981,-0.4116592938780246,17.643068313598633,7.643037796020508,2.1254076957702637
5.71,1.1541487667322823,2.1799234415337354,3.985800932617871,0.9678869663476347,-12.60756778717041,-96.51704406738281,-249.3596954345703,-1.4920505285263062,0.1276976317167282,25.263959884643555,0.9465332959706799,-0.04970206243854966,0.3187544895499298,0.22962090265354,-0.5902328260835362,-0.7738859425509783,0.2266030906308546,0.8057015055234769,-0.547262389822056,17.765090942382812,7.739919185638428,2.0686042308807373
5.72,1.1541487667322823,2.1799234415337354,3.985800932617871,0.9678869663476347,-12.62259292602539,-96.51546478271484,-249.10679626464844,-1.5135939121246338,0.18589860200881958,25.309490203857422,0.9179856299462943,-0.004765950627009047,0.3965850084492942,0.27139353239103314,-0.7216213684134818,-0.6368737325603653,0.28921952525447353,0.6922715409170561,-0.6611445982898916,17.922807693481445,7.859512805938721,2.0109715461730957
5.73,1.1541487667322823,2.1799234415337354,3.985800932617871,0.9678869663476347,-12.637853622436523,-96.51336669921875,-248.8535614013672,-1.5391829013824463,0.23197653889656067,25.33321189880371,0.8843109492411714,0.055005575817709304,0.46364699037213775,0.3001302830848529,-0.8276546692685054,-0.47424630901404735,0.3576534051670486,0.5585357061701637,-0.748412925266134,18.08721923828125,7.97605037689209,1.951646327972412
5.74,1.1541487667322823,2.1799234415337354,3.985800932617871,0.9678869663476347,-12.653386116027832,-96.51087188720703,-248.6001739501953,-1.5681540966033936,0.26409029960632324,25.338346481323242,0.8465652272615191,0.12768451559395183,0.5167436312807256,0.31430662133192616,-0.9033967338710337,-0.2916945131778411,0.4295796361311391,0.4093543766819727,-0.8049163500095843,18.25478172302246,8.085638046264648,1.89054536819458
5.75,3.0920167738912885,2.619855577131785,0.404299365523517,2.28676599800476,-12.66922378540039,-96.50813293457031,-248.34683227539062,-1.5998518466949463,0.28094029426574707,25.332046508789062,0.8060408539669587,0.21069844481082312,0.5530861660632246,0.31289280059445923,-0.9449217086399765,-0.09602634991013541,0.5023905224746704,0.25045784055446996,-0.8275715274418397,18.42536163330078,8.187348365783691,1.8276948928833008
5.76,3.0920167738912885,2.619855577131785,0.404299365523517,2.28676599800476,-12.68539047241211,-96.50531005859375,-248.09353637695312,-1.6339229345321655,0.2818838953971863,25.324384689331055,0.7635763676765741,0.3004850622483275,0.5715416503558319,0.2954401938678295,-0.9496229634156703,0.1045529492696386,0.5741656751959217,0.08902221475148248,-0.8138850181122346,18.335811614990234,8.600502967834473,1.75017511844635
5.77,3.0920167738912885,2.619855577131785,0.404299365523517,2.28676599800476,-12.701908111572266,-96.50255584716797,-247.84024047851562,-1.6698458194732666,0.2668531835079193,25.32575798034668,0.7181118565791045,0.3922467690461967,0.5748546195459612,0.26121503292318904,-0.9175528515482259,0.2997723656220789,0.6450442372546625,-0.0651094216572356,-0.7613663344251644,18.000028610229492,9.293075561523438,1.6565616130828857
5.78,3.0920167738912885,2.619855577131785,0.404299365523517,2.28676599800476,-12.718791007995605,-96.5000228881836,-247.58689880371094,-1.707011342048645,0.23666074872016907,25.344697952270508,0.6700886192491392,0.48273305600662575,0.5638705870953779,0.20904395981339685,-0.8516258938548807,0.4806599211307414,0.712237225380924,-0.20421100253017607,-0.6715772488904784,17.627748489379883,10.004176139831543,1.5563470125198364
5.79,3.0920167738912885,2.619855577131785,0.404299365523517,2.28676599800476,-12.736052513122559,-96.49786376953125,-247.333251953125,-1.7448368072509766,0.19276298582553864,25.386144638061523,0.620813234236067,0.569382888078906,0.5388822273561061,0.13861840716803708,-0.7562813722094008,0.6393930115689896,0.7716060299087549,-0.32224464745281606,-0.5484364336880436,17.25013542175293,10.69739818572998,1.4513099193572998
5.8,3.0920167738912885,2.619855577131785,0.404299365523517,2.28676599800476,-12.75368881225586,-96.49620819091797,-247.07908630371094,-1.7824506759643555,0.13709667325019836,25.449905395507812,0.5718849997128876,0.6499162200582299,0.500556144711672,0.05077116555076211,-0.6370577064589762,0.7691422283231142,0.8187611592228878,-0.4144470841331265,-0.39732075027808644,16.873319625854492,11.3678617477417,1.3421177864074707
5.81,2.946130233820166,0.7281345824115499,2.8573433251807785,4.167758495478227,-12.771696090698242,-96.49514770507812,-246.82418823242188,-1.8186336755752563,0.07203023135662079,25.53024673461914,0.5250471503686915,0.7223475788720657,0.4500438480719199,-0.052481821658245276,-0.5003091863606808,0.8642548099018863,0.8494534409166571,-0.47739364610432156,-0.2247757957923251,16.500019073486328,12.015097618103027,1.2292613983154297
5.82,2.946130233820166,0.7281345824115499,2.8573433251807785,4.167758495478227,-12.790064811706543,-96.49481201171875,-246.56845092773438,-1.8563429117202759,-0.009204076603055,25.617874145507812,0.48272177824547646,0.7852419788882922,0.3877817935374534,-0.16662682616397362,-0.35234975924037176,0.9209153858882874,0.8597762415943151,-0.5091607621909323,-0.03924452363200365,16.312541961669922,12.197827339172363,1.1116700172424316
5.83,2.946130233820166,0.7281345824115499,2.8573433251807785,4.167758495478227,-12.808812141418457,-96.49536895751953,-246.31187438964844,-1.89212167263031,-0.10357831418514252,25.695175170898438,0.44884986948362493,0.8375403406261477,0.3115444951983097,-0.2823028027457611,-0.19788139051529602,0.9386948827226135,0.8478436897367467,-0.5092829597694878,0.14762094926537203,16.305824279785156,11.950037956237793,0.9931150078773499
5.84,2.946130233820166,0.7281345824115499,2.8573433251807785,4.167758495478227,-12.827878952026367,-96.49688720703125,-246.0546417236328,-1.9195338487625122,-0.1997484713792801,25.7452449798584,0.42523248594025953,0.8772164165334446,0.2228647380481918,-0.3933012545695722,-0.042678908836115026,0.9184185504956655,0.8151634535815915,-0.47819438443459444,0.32686185865002926,16.338748931884766,11.626608848571777,0.8766907453536987
5.85,2.946130233820166,0.7281345824115499,2.8573433251807785,4.167758495478227,-12.84716510772705,-96.49935913085938,-245.79708862304688,-1.9359021186828613,-0.29256126284599304,25.755611419677734,0.41251540008192866,0.9023432379348741,0.12493088348544235,-0.49535837604335103,0.10710441937996884,0.8620607418465207,0.7644940313559945,-0.41749889137875157,0.491165503388189,16.390846252441406,11.27734088897705,0.7628833651542664
5.86,1.5934644140816696,2.5191353921432422,2.095847116697677,0.9925021868254406,-12.866552352905273,-96.50272369384766,-245.5396728515625,-1.9395920038223267,-0.37796393036842346,25.71839714050293,0.4107572433749524,0.9114952590973886,0.02132790796105316,-0.5851243447116667,0.24559709735870033,0.7728593448970673,0.699219556534822,-0.32993705219627284,0.6342188528790997,16.45850944519043,10.90933895111084,0.6518287658691406
5.87,1.5934644140816696,2.5191353921432422,2.095847116697677,0.9925021868254406,-12.885912895202637,-96.50684356689453,-245.28286743164062,-1.9302656650543213,-0.4407234489917755,25.6428279876709,0.4196026814130663,0.9038448772468196,-0.08365421463169714,-0.660764513258269,0.3673369133874421,0.6545638624928429,0.6223534749397059,-0.2193810154449744,0.7513641742143449,16.48332977294922,10.82784652709961,0.5537155270576477
5.88,1.5934644140816696,2.5191353921432422,2.095847116697677,0.9925021868254406,-12.905126571655273,-96.51145935058594,-245.02694702148438,-1.9108084440231323,-0.4821307957172394,25.534584045410156,0.43883949876556194,0.8795196857212227,-0.18402450041239635,-0.7223830398178116,0.46711666708201494,0.5098673975827128,0.5343993245755166,-0.09081377518323813,0.8403393481982144,16.465307235717773,11.013354301452637,0.46491315960884094
5.89,1.5934644140816696,2.5191353921432422,2.095847116697677,0.9925021868254406,-12.92409896850586,-96.51642608642578,-244.7722625732422,-1.8826756477355957,-0.5108529329299927,25.393823623657227,0.4681170433759043,0.8396719449993443,-0.2753497021643939,-0.7678476699679414,0.5407307260813253,0.34354073644382666,0.4373515627339243,0.05060935341003153,0.8978654152608916,16.448671340942383,11.22354507446289,0.37583503127098083
5.9,1.5934644140816696,2.5191353921432422,2.095847116697677,0.9925021868254406,-12.942754745483398,-96.5216293334961,-244.5191192626953,-1.847319483757019,-0.5269728899002075,25.232118606567383,0.5066011529829223,0.7861214688769187,-0.35407387360149783,-0.7946835414187656,0.585037004339359,0.1618943252611343,0.3344149231037737,0.19936082795881577,0.9210982138084259,16.440141677856445,11.424490928649902,0.28521692752838135
5.91,1.5934644140816696,2.5191353921432422,2.095847116697677,0.9925021868254406,-12.961029052734375,-96.52692413330078,-244.26763916015625,-1.8066962957382202,-0.5300544500350952,25.065181732177734,0.5530031459419527,0.7212326158261856,-0.4171462986133537,-0.8009931478446343,0.5980230950850335,-0.02789901164667155,0.22934144345112928,0.34955956804732846,0.9084110362068031,16.44114112854004,11.61139965057373,0.19295084476470947
5.92,0.7661725770059804,0.7933582152692313,0.6410955884510583,0.034232933692959405,-12.978879928588867,-96.53217315673828,-244.0177764892578,-1.762999176979065,-0.5201006531715393,24.909639358520508,0.6056327199297582,0.6478288669512057,-0.46208956674566926,-0.7856748875938749,0.5789050297141547,-0.21813742818692478,0.12619025142551712,0.49516333236253557,0.8595866999487568,16.45234489440918,11.783406257629395,0.09908123314380646
5.93,0.7661725770059804,0.7933582152692313,0.6410955884510583,0.034232933692959405,-12.996321678161621,-96.53729248046875,-243.769287109375,-1.7293647527694702,-0.5046044588088989,24.799488067626953,0.6624425873794697,0.5690460381283998,-0.48719239004356885,-0.7485449026987355,0.5281442447635066,-0.4009291525530732,0.02916071106358531,0.6302779253738438,0.7758217512526374,16.5053653717041,11.930327415466309,0.0009350590407848358
5.94,0.7661725770059804,0.7933582152692313,0.6410955884510583,0.034232933692959405,-13.013503074645996,-96.54227447509766,-243.5216064453125,-1.70754075050354,-0.4906071424484253,24.74093246459961,0.7210923072676408,0.4881036448543858,-0.4917120257623296,-0.6904437370058144,0.4472889050559954,-0.5685244774354526,-0.057561536019081705,0.7494581157701025,0.6595446931614655,16.59888458251953,12.051958084106445,-0.10137547552585602
5.95,0.7661725770059804,0.7933582152692313,0.6410955884510583,0.034232933692959405,-13.030486106872559,-96.54710388183594,-243.2743377685547,-1.689743995666504,-0.47508999705314636,24.72296905517578,0.779158841913982,0.40844335099189477,-0.4754845193040193,-0.6131719375401101,0.3391764578370871,-0.7134279959900607,-0.13012176635970513,0.8474274951166021,0.5147183369959067,16.70868492126465,12.15541934967041,-0.20568056404590607
5.96,0.7661725770059804,0.7933582152692313,0.6410955884510583,0.034232933692959405,-13.047307014465332,-96.55176544189453,-243.0270538330078,-1.6750547885894775,-0.45758044719696045,24.74323272705078,0.8341948464405435,0.33357832324868353,-0.43914059301166286,-0.5194567896841745,0.20793953310039232,-0.8288098661484442,-0.18515831556548926,0.9195034816859518,0.3467416117865911,16.83171844482422,12.241257667541504,-0.31162652373313904
5.97,0.7661725770059804,0.7933582152692313,0.6410955884510583,0.034232933692959405,-13.063996315002441,-96.5562515258789,-242.7793731689453,-1.6632397174835205,-0.4384044110774994,24.795408248901367,0.8838234423864626,0.2669140371986123,-0.3842043979895089,-0.41287830155025695,0.05887813945932474,-0.9088811103784605,-0.21997188637896026,0.9619200909847688,0.16224089423673582,16.96784019470215,12.309070587158203,-0.41911041736602783
5.98,3.3121269762956294,2.3080450591100883,3.5336439246768765,0.1270319064944056,-13.080577850341797,-96.56053161621094,-242.5310516357422,-1.6538605690002441,-0.41808152198791504,24.868314743041992,0.9258552826105768,0.2115912422319828,-0.31308328264667074,-0.29773708666909415,-0.1017129180307983,-0.9492139429693711,-0.23268997160146176,0.9720512478858234,-0.03117288244170613,17.117246627807617,12.358295440673828,-0.5280585289001465
5.99,3.3121269762956294,2.3080450591100883,3.5336439246768765,0.1270319064944056,-13.097044944763184,-96.56449127197266,-242.28195190429688,-1.6372349262237549,-0.36604204773902893,24.951217651367188,0.9584696388383502,0.17007770514114742,-0.2289312683732905,-0.17864103499227366,-0.2676981750615661,-0.9467972685245751,-0.22231358942262594,0.9483729547401845,-0.22619771589341942,17.575517654418945,12.46257495880127,-0.6357299089431763
6.0,3.3121269762956294,2.3080450591100883,3.5336439246768765,0.1270319064944056,-13.11331558227539,-96.56773376464844,-242.03201293945312,-1.6179310083389282,-0.2863691747188568,25.037809371948242,0.9802929669514883,0.1440583084325027,-0.13517730104205436,-0.06002296828191853,-0.43472106089324425,-0.8985626536277145,-0.1882098356199167,0.8889683925693974,-0.4175071913015461,18.322187423706055,12.613607406616211,-0.7456459999084473
6.01,3.3121269762956294,2.3080450591100883,3.5336439246768765,0.1270319064944056,-13.12942123413086,-96.5702133178711,-241.78123474121094,-1.6043140888214111,-0.20811299979686737,25.11194610595703,0.99005770086609,0.13597698115523416,-0.03600013266171725,0.05249437127380135,-0.5946225742449047,-0.8022894335481,-0.13049938674308184,0.7924230276779393,-0.5958486848734399,19.121883392333984,12.74838638305664,-0.8617258667945862
6.02,3.3121269762956294,2.3080450591100883,3.5336439246768765,0.1270319064944056,-13.14542293548584,-96.57193756103516,-241.52984619140625,-1.596940279006958,-0.1391635239124298,25.160263061523438,0.9869750855924374,0.14788712340610127,0.06332123775218863,0.1526703043992675,-0.7369574701405591,-0.6584720687763923,-0.05071448091458333,0.6595627990833741,-0.749936634317106,19.942630767822266,12.8553466796875,-0.9844635128974915
6.03,3.3121269762956294,2.3080450591100883,3.5336439246768765,0.1270319064944056,-13.161380767822266,-96.57303619384766,-241.2781219482422,-1.5955384969711304,-0.0843089148402214,25.176956176757812,0.9709815450148782,0.18077178392390958,0.15657714193804875,0.234285407696866,-0.8504409687191796,-0.47102070704407184,0.04801236279161656,0.4940361533946189,-0.8681146768476014,20.78079605102539,12.929953575134277,-1.1138207912445068
6.04,3.182922655460387,0.9408173861080379,0.5880834833408934,2.9156685330687084,-13.177351951599121,-96.57368469238281,-241.02638244628906,-1.5998038053512573,-0.04744397848844528,25.16558265686035,0.9428790858897365,0.23415763470489584,0.23695829063601875,0.29168560167980184,-0.9238932943434124,-0.24767052800034411,0.16093023073502183,0.3026406826199773,-0.9394200753969906,21.63645362854004,12.9684476852417,-1.2496232986450195
6.05,3.182922655460387,0.9408173861080379,0.5880834833408934,2.9156685330687084,-13.193387031555176,-96.57405853271484,-240.77488708496094,-1.6073602437973022,-0.032512117177248,25.131315231323242,0.9044850188149669,0.30552244879748175,0.2975951680052607,0.3204135306158528,-0.9472768383938004,-0.0013269668156450781,0.28149959171830635,0.09655374007999903,-0.954691235499201,22.16341209411621,12.8745698928833,-1.4041107892990112
6.06,3.182922655460387,0.9408173861080379,0.5880834833408934,2.9156685330687084,-13.209508895874023,-96.57438659667969,-240.5237579345703,-1.617238998413086,-0.03772376850247383,25.09290313720703,0.8587697525676787,0.38940280119937976,0.33298644190555954,0.31854067005298337,-0.9148131756163702,0.24829155289878246,0.40130581056975073,-0.10715555112437636,-0.9096545136842817,22.38654899597168,12.654415130615234,-1.5715728998184204
6.07,3.182922655460387,0.9408173861080379,0.5880834833408934,2.9156685330687084,-13.225744247436523,-96.57485961914062,-240.27296447753906,-1.6303529739379883,-0.061017002910375595,25.07447624206543,0.8091380331883378,0.4793969872799046,0.3398149082001255,0.28702904718891237,-0.8270516297811035,0.4833217641967369,0.5127474712935539,-0.2935372723579954,-0.8067997895504773,22.582080841064453,12.382290840148926,-1.7392326593399048
6.08,3.182922655460387,0.9408173861080379,0.5880834833408934,2.9156685330687084,-13.2421236038208,-96.5756607055664,-240.02218627929688,-1.645878553390503,-0.10089214891195297,25.088817596435547,0.7591150408438786,0.5687025895559354,0.316736040571593,0.22894669167178736,-0.688733960916175,0.6879163782417601,0.6093666934918088,-0.44969200094407946,-0.6530308852954584,22.78687286376953,12.06818962097168,-1.9049468040466309
6.09,0.0035947309886327212,2.615599652602242,2.823500202170971,3.465885185475327,-13.25866413116455,-96.57693481445312,-239.77108764648438,-1.6620867252349854,-0.1548861414194107,25.138256072998047,0.7121188421860841,0.6503590288728917,0.26442369063126714,0.14906207765993384,-0.5081165931635608,0.8482912381697456,0.6860519306927535,-0.5646686296540346,-0.45878326808786263,23.004140853881836,11.713154792785645,-2.068021535873413
6.1,0.0035947309886327212,2.615599652602242,2.823500202170971,3.465885185475327,-13.275364875793457,-96.57881164550781,-239.51931762695312,-1.6779266595840454,-0.22497285902500153,25.216529846191406,0.6714478459319515,0.717463996194512,0.18548100807884332,0.05433560610589955,-0.2972855513954075,0.9532412825935694,0.7390571237072592,-0.6299735828557655,-0.2385955842035285,22.985671997070312,11.021706581115723,-2.2137680053710938
6.11,0.0035947309886327212,2.615599652602242,2.823500202170971,3.465885185475327,-13.292207717895508,-96.58146667480469,-239.2667236328125,-1.689558506011963,-0.3073142170906067,25.304033279418945,0.6400651920954479,0.7636363145094694,0.08471203592295595,-0.04464889445863196,-0.07310087576533963,0.996324614865036,0.7670221809644356,-0.6414950047543122,-0.012693808877775659,22.735841751098633,10.026805877685547,-2.3362479209899902
6.12,0.0035947309886327212,2.615599652602242,2.823500202170971,3.465885185475327,-13.309126853942871,-96.58496856689453,-239.01327514648438,-1.692580223083496,-0.3924939036369324,25.377605438232422,0.6187542591693584,0.7849748026201434,-0.030947148677143266,-0.13992029459022803,0.14888453437240806,0.9789053614045103,0.7730235946732558,-0.6013717275331275,0.20195684539589082,22.44246482849121,8.974037170410156,-2.443232774734497
6.13,0.0035947309886327212,2.615599652602242,2.823500202170971,3.465885185475327,-13.32602310180664,-96.58930969238281,-238.75926208496094,-1.6844820976257324,-0.47451937198638916,25.418991088867188,0.6068859475065059,0.7796977874441149,-0.15414540853973607,-0.22625114377043798,0.35540163885989384,0.9069179097571455,0.7619054184488381,-0.5155201599845084,0.39209577654936256,22.128347396850586,7.901161193847656,-2.5358779430389404
6.14,0.0035947309886327212,2.615599652602242,2.823500202170971,3.465885185475327,-13.342775344848633,-96.59445190429688,-238.5050506591797,-1.663939118385315,-0.548474133014679,25.417306900024414,0.6029596527839741,0.7478069902698843,-0.2778927174614816,-0.300576038640543,0.5356148836836487,0.7891582486242605,0.7389815302900258,-0.3923026914004655,0.5477270270948503,21.793651580810547,6.816833972930908,-2.6144559383392334
6.15,2.167166503941573,3.896231069945566,2.4084222112195515,1.5367195157541047,-13.359258651733398,-96.60025787353516,-238.25108337402344,-1.6308361291885376,-0.6104339361190796,25.371103286743164,0.6049319485823698,0.690835462680609,-0.3959844707652138,-0.36176999312674624,0.6814509657501536,0.6361973383717172,0.7093516826352155,-0.24160079631709044,0.6621550011602545,21.43595314025879,5.725744247436523,-2.6791837215423584
6.16,2.167166503941573,3.896231069945566,2.4084222112195515,1.5367195157541047,-13.375346183776855,-96.60661315917969,-237.99777221679688,-1.5838842391967773,-0.6604757308959961,25.284461975097656,0.6111538691565754,0.6112719451254325,-0.5028295509588888,-0.41101939467783755,0.7880030886323068,0.45838214352721984,0.6764273836958491,-0.07346932290769381,0.7328357613939657,21.24091148376465,5.032416820526123,-2.7305710315704346
6.17,2.167166503941573,3.896231069945566,2.4084222112195515,1.5367195157541047,-13.390894889831543,-96.6134033203125,-237.74546813964844,-1.5242947340011597,-0.6950894594192505,25.170825958251953,0.6223255129652687,0.5116908820438328,-0.5923541146524767,-0.4513362783391084,0.8528566903577208,0.2625471949327922,0.6395361754955837,0.10396108380196403,0.7616991356744492,21.207365036010742,4.705019474029541,-2.7752058506011963
6.18,2.167166503941573,3.896231069945566,2.4084222112195515,1.5367195157541047,-13.405803680419922,-96.62045288085938,-237.49436950683594,-1.4563159942626953,-0.7104349136352539,25.049636840820312,0.6382506314295071,0.39613475761226175,-0.6600858923589491,-0.4829430404702694,0.873768193528353,0.05740351591610371,0.5995015856035472,0.28214605754763494,0.7489936255197099,21.191476821899414,4.421048164367676,-2.816251277923584
6.19,2.167166503941573,3.896231069945566,2.4084222112195515,1.5367195157541047,-13.420003890991211,-96.62754821777344,-237.24444580078125,-1.3832592964172363,-0.7060995101928711,24.938722610473633,0.6580429349141967,0.269677254956029,-0.7030317730863174,-0.5055949025384354,0.850132076070647,-0.14713683346790454,0.5579904034449521,0.4522716345242014,0.6957708518385539,21.1727237701416,4.136319160461426,-2.8540499210357666
6.2,2.167166503941573,3.896231069945566,2.4084222112195515,1.5367195157541047,-13.433462142944336,-96.6344985961914,-236.99551391601562,-1.308233618736267,-0.682836651802063,24.853492736816406,0.6806643900809851,0.13790907438004868,-0.7194977937973951,-0.5193976575653372,0.7834615926216253,-0.34119496802037896,0.516645005193432,0.6059447335280874,0.6049040572836768,21.14785385131836,3.8455922603607178,-2.888568878173828
6.21,3.824465177572411,3.7644584229458413,3.8517527905867066,4.158505197553142,-13.446172714233398,-96.64112854003906,-236.74725341796875,-1.234108805656433,-0.642189621925354,24.804853439331055,0.7050747268151311,0.006611023063397614,-0.7091021957240178,-0.5248276005750945,0.6773351123458934,-0.5155318954807402,0.47689162215450703,0.7356449143149368,0.4810415166712865,21.115989685058594,3.5489423274993896,-2.919736385345459
6.22,3.824465177572411,3.7644584229458413,3.8517527905867066,4.158505197553142,-13.45809555053711,-96.6472396850586,-236.4993133544922,-1.145358681678772,-0.5711047649383545,24.787029266357422,0.7299026045922253,-0.11865795915225821,-0.6731734371908225,-0.5230388558170388,0.5370920342893672,-0.6617873540711636,0.4400824276372417,0.8351361777774506,0.3299621515449639,21.12230110168457,3.0701310634613037,-2.9526889324188232
6.23,3.824465177572411,3.7644584229458413,3.8517527905867066,4.158505197553142,-13.46905517578125,-96.65245056152344,-236.2513885498047,-1.0472400188446045,-0.4678400754928589,24.806299209594727,0.752954787311082,-0.233189224291064,-0.6153713301250353,-0.5168022916788984,0.3693755398268371,-0.7723193004794531,0.4073996558427145,0.8995468282708603,0.1576103555197857,21.156593322753906,2.419846534729004,-2.984522819519043
6.24,3.824465177572411,3.7644584229458413,3.8517527905867066,4.158505197553142,-13.479066848754883,-96.65653991699219,-236.00306701660156,-0.9572060704231262,-0.3479571044445038,24.86652183532715,0.7735676288126595,-0.3328056264414915,-0.5392898466150147,-0.5082766041072742,0.18241459076187838,-0.8416530228035505,0.37848119817282455,0.9251839450001621,-0.02804729119897742,21.17816734313965,1.7399640083312988,-3.009645462036133
6.25,3.824465177572411,3.7644584229458413,3.8517527905867066,4.158505197553142,-13.488238334655762,-96.65937805175781,-235.75396728515625,-0.879181981086731,-0.21940001845359802,24.956472396850586,0.7918579228766407,-0.414041016166791,-0.44892211675196353,-0.49885576157107137,-0.014499196586654495,-0.8665637324777031,0.3522839183454716,0.9101427416784209,-0.21802805013403315,21.180776596069336,1.052099347114563,-3.0271928310394287
6.26,1.5625644095663347,2.705251027535461,2.0574411925500535,1.1053602640556728,-13.496697425842285,-96.66091918945312,-235.50387573242188,-0.8148121237754822,-0.08911565691232681,25.06081199645996,0.8082656682401438,-0.4743617194210242,-0.3488374531099595,-0.4893235809612681,-0.21159278868176423,-0.8460442806928697,0.32751953019561286,0.854522937624148,-0.40313956195670164,21.16321563720703,0.36108189821243286,-3.0370004177093506
6.27,1.5625644095663347,2.705251027535461,2.0574411925500535,1.1053602640556728,-13.504623413085938,-96.66129302978516,-235.2528076171875,-0.7763718962669373,0.004795186687260866,25.145702362060547,0.8235073895327983,-0.5122935091325067,-0.24370256438039026,-0.47956704441219306,-0.39914718030484886,-0.781471034887693,0.3030693473425341,0.7604188904514344,-0.5743797365384503,21.13038444519043,-0.2242783159017563,-3.0346105098724365
6.28,1.5625644095663347,2.705251027535461,2.0574411925500535,1.1053602640556728,-13.512282371520996,-96.66093444824219,-235.00108337402344,-0.7567930221557617,0.06301043182611465,25.190364837646484,0.8384577419121977,-0.5273413775560292,-0.13747613081843807,-0.4682575468897283,-0.5680851362618651,-0.6767674251462996,0.27878931975295007,0.6318151228608317,-0.7232469603918426,21.085981369018555,-0.7084453105926514,-3.0218963623046875
6.29,1.5625644095663347,2.705251027535461,2.0574411925500535,1.1053602640556728,-13.519784927368164,-96.66006469726562,-234.74908447265625,-0.7448320388793945,0.10874965786933899,25.20140266418457,0.8535224401763452,-0.5198925756579897,-0.03480163632818693,-0.4546136657473543,-0.7103861362380169,-0.5372875881281599,0.2546092280950768,0.47440831276077333,-0.8426807780840299,21.028213500976562,-1.1742539405822754,-3.003281593322754
6.3,1.5625644095663347,2.705251027535461,2.0574411925500535,1.1053602640556728,-13.527200698852539,-96.6587905883789,-234.4971466064453,-0.7391425967216492,0.1429804563522339,25.18302345275879,0.8689222445108249,-0.4913464524133765,0.05960534116218241,-0.43797349145542697,-0.8193976794360376,-0.3698197719392243,0.23055011120494734,0.2952390669197192,-0.9271895920402473,20.957168579101562,-1.6320029497146606,-2.979466199874878
6.31,1.5625644095663347,2.705251027535461,2.0574411925500535,1.1053602640556728,-13.534587860107422,-96.65724182128906,-234.24549865722656,-0.7392252087593079,0.16431131958961487,25.1435604095459,0.8847561137192976,-0.44407256400591655,0.1414431940163131,-0.4176116202271518,-0.8901309805894377,-0.18239345395638334,0.2068988977437491,0.10230540206703348,-0.9729986900403949,20.87328338623047,-2.0818841457366943,-2.9506514072418213
6.32,2.014339719869356,2.0786686771819696,3.9039302738744888,0.40588282034465606,-13.542001724243164,-96.65555572509766,-233.9943084716797,-0.7444804906845093,0.1717023402452469,25.095111846923828,0.9009714633123226,-0.38128198762870485,0.20706150826929814,-0.39281501226735543,-0.919476428874728,0.01610785153815103,0.18424654252997485,-0.09584958348204703,-0.9781953122521435,20.777132034301758,-2.522782802581787,-2.916991710662842
6.33,2.014339719869356,2.0786686771819696,3.9039302738744888,0.40588282034465606,-13.549494743347168,-96.65386962890625,-233.7435760498047,-0.755162239074707,0.1642840951681137,25.055509567260742,0.917411993780928,-0.3066317575188221,0.25363792884310693,-0.36294373462337537,-0.9061083209757281,0.21734662674213245,0.1631780596910613,-0.29145269931751405,-0.9425647165558422,20.948305130004883,-3.047386884689331,-2.8753855228424072
6.34,2.014339719869356,2.0786686771819696,3.9039302738744888,0.40588282034465606,-13.557121276855469,-96.65233612060547,-233.49313354492188,-0.7704885601997375,0.14075744152069092,25.036436080932617,0.9339802129504813,-0.2235324151336109,0.2787727052663309,-0.3271066350796354,-0.8488564639378382,0.41526371490635644,0.14381311172438968,-0.47903649445056323,-0.8659340770986343,21.36443328857422,-3.6567819118499756,-2.824213981628418
6.35,2.014339719869356,2.0786686771819696,3.9039302738744888,0.40588282034465606,-13.56491470336914,-96.65111541748047,-233.24273681640625,-0.7883281111717224,0.10168728232383728,25.043493270874023,0.950189195476575,-0.13643194591435168,0.28022636730615147,-0.28438732756166696,-0.7474188271675074,0.6004073156765168,0.1275317243744153,-0.6501933719514301,-0.7489888105629597,21.801490783691406,-4.278459072113037,-2.7648556232452393
6.36,2.014339719869356,2.0786686771819696,3.9039302738744888,0.40588282034465606,-13.57288932800293,-96.65035247802734,-232.9921417236328,-0.8068732023239136,0.048487674444913864,25.08047866821289,0.9651464431156697,-0.050703800616591674,0.25675176327379756,-0.23437623484121767,-0.6039768468676808,0.7617609526547212,0.11644794494891555,-0.7953873855240646,-0.5948098713592161,22.229206085205078,-4.900032997131348,-2.697279453277588
6.37,2.014339719869356,2.0786686771819696,3.9039302738744888,0.40588282034465606,-13.581047058105469,-96.65018463134766,-232.74102783203125,-0.8241560459136963,-0.016717558726668358,25.145055770874023,0.9776315278231985,0.02777158799299584,0.20848341590262287,-0.1774072856512431,-0.4235553447377812,0.8883285005795535,0.11297455821527676,-0.9054444261490634,-0.4091541767496164,22.644601821899414,-5.517456531524658,-2.6212985515594482
6.38,0.5078352816059769,2.565950467184219,2.197765593714093,2.3186627904118264,-13.589362144470215,-96.65070343017578,-232.4891815185547,-0.8380193114280701,-0.0910077765583992,25.227779388427734,0.9861762178318918,0.09298384129189083,0.13715127648472697,-0.1147252118517722,-0.21407276607188613,0.9700572027421362,0.11955999811120586,-0.9723820525312757,-0.20044587989458001,23.048601150512695,-6.127745151519775,-2.536745071411133
6.39,0.5078352816059769,2.565950467184219,2.197765593714093,2.3186627904118264,-13.597786903381348,-96.65196228027344,-232.23646545410156,-0.84586501121521,-0.16690370440483093,25.312501907348633,0.9892013131789501,0.1391194783232222,0.04611434436393469,-0.04829988035941794,0.012372931468515092,0.9987562425958306,0.13837587781946303,-0.9901983040371006,0.018958774215204588,23.0090389251709,-6.810317039489746,-2.446786880493164
6.4,0.5078352816059769,2.565950467184219,2.197765593714093,2.3186627904118264,-13.606254577636719,-96.65398406982422,-231.98297119140625,-0.8462265133857727,-0.2401832491159439,25.38149642944336,0.9850671955302561,0.16155342338102924,-0.059524042907268836,0.01971681440953192,0.23760036905238152,0.9711628657726327,0.1710376201883566,-0.9578343050966812,0.23086701033335505,22.555978775024414,-7.544488906860352,-2.3520429134368896
6.41,0.5078352816059769,2.565950467184219,2.197765593714093,2.3186627904118264,-13.614684104919434,-96.65673828125,-231.7289276123047,-0.8380508422851562,-0.30950674414634705,25.418363571166992,0.972106219107286,0.15829689063753002,-0.17306528591091602,0.0856511437872412,0.44732935181315636,0.8902585762430816,0.2183423466505629,-0.8802491382676335,0.4212933351457321,22.037532806396484,-8.256654739379883,-2.250964641571045
6.42,0.5078352816059769,2.565950467184219,2.197765593714093,2.3186627904118264,-13.62298583984375,-96.66015625,-231.47471618652344,-0.8205592036247253,-0.3712691068649292,25.412532806396484,0.9490108551987368,0.1292971540637675,-0.28750763931758877,0.1450593767901591,0.6306193447631336,0.7624152537926868,0.27988600165105254,-0.7652460310001789,0.5797088390892972,21.504457473754883,-8.936190605163574,-2.144066095352173
6.43,0.26409282869402895,1.5768678934429614,2.5499086128672075,4.0412105461415715,-13.631064414978027,-96.66413116455078,-231.22080993652344,-0.793763279914856,-0.4220848083496094,25.362442016601562,0.9150347529039671,0.07608542687061581,-0.39613433175615104,0.19337642463704108,0.7791037762818201,0.5963244621663634,0.35400135504341074,-0.6222606476399773,0.6981939036013601,20.96589469909668,-9.58154296875,-2.0321149826049805
6.44,0.26409282869402895,1.5768678934429614,2.5499086128672075,4.0412105461415715,-13.638825416564941,-96.6685562133789,-230.9676055908203,-0.7567290663719177,-0.4613550305366516,25.272918701171875,0.8697176467241109,0.0015794812251684054,-0.4935470800397203,0.22667490360165954,0.8870113800227672,0.4022801260157957,0.4384172704785398,-0.46174486131322073,0.7710914212964515,20.375640869140625,-10.422385215759277,-1.9193334579467773
6.45,0.26409282869402895,1.5768678934429614,2.5499086128672075,4.0412105461415715,-13.646167755126953,-96.67330932617188,-230.71542358398438,-0.7103497982025146,-0.48602840304374695,25.15926170349121,0.8117953811661878,-0.09031293416050169,-0.5769157937173892,0.2418675825144871,0.9512388815306227,0.19142795718747066,0.5314963138591293,-0.2949375598117188,0.7940551014674404,19.734172821044922,-11.442258834838867,-1.8034770488739014
6.46,0.26409282869402895,1.5768678934429614,2.5499086128672075,4.0412105461415715,-13.6530122756958,-96.67823028564453,-230.46441650390625,-0.6575943827629089,-0.4934113025665283,25.0438175201416,0.7411437787114799,-0.19535872311164335,-0.64229344429276,0.2348317916472966,0.9717250653567416,-0.024585096891335173,0.6289355522698564,-0.13260982867654994,0.7660644257693907,19.08160972595215,-12.457236289978027,-1.6813414096832275
6.47,0.26409282869402895,1.5768678934429614,2.5499086128672075,4.0412105461415715,-13.659306526184082,-96.68313598632812,-230.2144775390625,-0.600678563117981,-0.4835929572582245,24.947072982788086,0.6588978633339447,-0.3088987670507313,-0.6858827577716913,0.20217043286768505,0.950967607217947,-0.23406778098718634,0.7245555339434344,0.015561546732590387,0.6890407219426398,18.426801681518555,-13.441993713378906,-1.5534169673919678
6.48,0.26409282869402895,1.5768678934429614,2.5499086128672075,4.0412105461415715,-13.665019989013672,-96.68785095214844,-229.96534729003906,-0.5417255759239197,-0.4576845169067383,24.885160446166992,0.5672373342945363,-0.425998584758027,-0.704817006297795,0.14205818331094566,0.8936071131867307,-0.4257767018244077,0.8112097627228247,0.14139141786627257,0.5674039018344365,17.774133682250977,-14.393709182739258,-1.4206465482711792
6.49,0.4905789236475881,3.3870741704728426,2.6093474598485304,3.250142527630947,-13.67014217376709,-96.6922378540039,-229.7165985107422,-0.48280012607574463,-0.41750869154930115,24.8671875,0.46929106451296654,-0.5417091402022267,-0.6973643984242751,0.054587344553543915,0.8060144096501193,-0.5893733903485654,0.8813547064507453,0.2385203950561336,0.4078258238015178,17.127254486083984,-15.312877655029297,-1.283970594406128
6.5,0.4905789236475881,3.3870741704728426,2.6093474598485304,3.250142527630947,-13.67466926574707,-96.6961441040039,-229.46783447265625,-0.42172619700431824,-0.36153027415275574,24.891721725463867,0.36943988430940283,-0.6511976264178554,-0.6629146424911777,-0.057583255161412106,0.6959692953089593,-0.7157589738956585,0.9274687814727084,0.3026026955182348,0.21962073685931333,16.433813095092773,-16.00791358947754,-1.1401673555374146
6.51,0.4905789236475881,3.3870741704728426,2.6093474598485304,3.250142527630947,-13.678579330444336,-96.69942474365234,-229.21864318847656,-0.3611339032649994,-0.29192718863487244,24.952598571777344,0.27374468765109716,-0.7497907684282501,-0.6023932681916171,-0.18808335198995363,0.5724933178556751,-0.7980451451608638,0.9432330033915408,0.3317607640911976,0.01569384346163366,15.704142570495605,-16.49258041381836,-0.9930316805839539
6.52,0.4905789236475881,3.3870741704728426,2.6093474598485304,3.250142527630947,-13.681912422180176,-96.70198059082031,-228.96868896484375,-0.3065004348754883,-0.21546170115470886,25.037073135375977,0.1870732635022066,-0.8340198643594058,-0.5190515002738674,-0.32973321346659856,0.4444132237348871,-0.8329303059119388,0.9253537712786526,0.32696750973679906,-0.1918662178625819,14.986303329467773,-16.9227237701416,-0.8478139042854309
6.53,0.4905789236475881,3.3870741704728426,2.6093474598485304,3.250142527630947,-13.684736251831055,-96.7037582397461,-228.71786499023438,-0.26007843017578125,-0.1369476169347763,25.127317428588867,0.11344087759856858,-0.9016306936003877,-0.41736466027605856,-0.4749026304062487,0.319773783694264,-0.8198854913310025,0.8726962008184131,0.29121610467063314,-0.39191136939054266,14.287799835205078,-17.32232093811035,-0.7055591940879822
6.54,0.4905789236475881,3.3870741704728426,2.6093474598485304,3.250142527630947,-13.68714427947998,-96.7047119140625,-228.46617126464844,-0.2233911007642746,-0.06094709783792496,25.206247329711914,0.056186522502911423,-0.9514826402097771,-0.30252910615089834,-0.6156075199118911,0.2055403953549748,-0.7607762662604894,0.7860473625151096,0.2289845655426418,-0.5741912683298895,13.610285758972168,-17.696849822998047,-0.5666688680648804
6.55,1.1984356200396515,3.843866608658507,2.7451578321205203,3.7191122004724386,-13.689238548278809,-96.7049789428711,-228.2138214111328,-0.19749872386455536,0.008143221028149128,25.261287689208984,0.017839998011360395,-0.9834729614537716,-0.180173995238779,-0.7438946220267662,0.107349237013904,-0.6596187782592215,0.6680587742037448,0.14579806377960436,-0.7296851367593484,12.954460144042969,-18.04916763305664,-0.4314016103744507
6.56,1.1984356200396515,3.843866608658507,2.7451578321205203,3.7191122004724386,-13.691125869750977,-96.70458221435547,-227.96102905273438,-0.18195843696594238,0.07125819474458694,25.293373107910156,8.255432689806275e-06,-0.9984241069038955,-0.056118648282071304,-0.8521913342460488,0.02935595214132982,-0.5224061235378235,0.523230283687582,0.04782813844417272,-0.8508481294597632,12.314363479614258,-18.342788696289062,-0.3011736273765564
6.57,1.1984356200396515,3.843866608658507,2.7451578321205203,3.7191122004724386,-13.692916870117188,-96.70359802246094,-227.70803833007812,-0.17852306365966797,0.12270504236221313,25.305564880371094,0.0032322378577892205,-0.9979550653537272,0.06383760782852202,-0.9337268926136679,-0.0258641744508468,-0.3570506049427722,0.3579715668156538,-0.058452818707173254,-0.9319010813046263,11.690467834472656,-18.582883834838867,-0.1764281839132309
6.58,1.1984356200396515,3.843866608658507,2.7451578321205203,3.7191122004724386,-13.694737434387207,-96.70219421386719,-227.45504760742188,-0.1878920942544937,0.15516451001167297,25.301311492919922,0.026850563263455397,-0.9843243843943658,0.17431165634887436,-0.983360743360841,-0.05734951830665821,-0.17237366726622808,0.17966829344447288,-0.16678290990580288,-0.9694858252156674,11.087623596191406,-18.802745819091797,-0.05645254626870155
6.59,1.1984356200396515,3.843866608658507,2.7451578321205203,3.7191122004724386,-13.696712493896484,-96.7005615234375,-227.20205688476562,-0.20893292129039764,0.16649508476257324,25.291973114013672,0.06916552384872324,-0.9602167160248024,0.27055496405957125,-0.9975984134098886,-0.06557268232883359,0.02230759723222467,-0.0036791130459634946,-0.27144811953437076,-0.962446041359436,10.506214141845703,-19.008699417114258,0.05884750187397003
6.6,1.1153086611991816,0.6309749212665711,1.02139680639507,0.4326410359375928,-13.698948860168457,-96.69892120361328,-226.94920349121094,-0.23997126519680023,0.15613892674446106,25.29033851623535,0.12756513949128223,-0.9285480187096171,0.34860538168108474,-0.9746568849972681,-0.05223557255730625,0.2175210368838676,-0.183769126117507,-0.3675187368149486,-0.91167915758558,9.945944786071777,-19.203144073486328,0.1695016771554947
6.61,1.1153086611991816,0.6309749212665711,1.02139680639507,0.4326410359375928,-13.70149040222168,-96.69747161865234,-226.6963653564453,-0.26443612575531006,0.13638466596603394,25.273527145385742,0.19856028094300232,-0.89178001416398,0.4065737585845009,-0.9146893008028991,-0.019617757084443743,0.4036813428976868,-0.35201888845421353,-0.45204374782167683,-0.819596944983809,9.768485069274902,-19.26850128173828,0.2734072208404541
6.62,1.1153086611991816,0.6309749212665711,1.02139680639507,0.4326410359375928,-13.704206466674805,-96.6961898803711,-226.44374084472656,-0.27827131748199463,0.11910560727119446,25.25783348083496,0.27811940147254277,-0.8503968880449403,0.4466259411722919,-0.8205386403469418,0.03139054228761219,0.5707284586845844,-0.4993655356771694,-0.5252044998458891,-0.6890531874387366,9.94681167602539,-19.21322250366211,0.3747917115688324
6.63,1.1153086611991816,0.6309749212665711,1.02139680639507,0.4326410359375928,-13.70705509185791,-96.69510650634766,-226.1911163330078,-0.2915501892566681,0.09918656200170517,25.27553367614746,0.36263152158402906,-0.8055446775591782,0.4686108748308464,-0.696968735965826,0.09938120974094827,0.7101816360879971,-0.6186541526894089,-0.5841413763863206,-0.5254006963771977,10.190750122070312,-19.13185691833496,0.4776112139225006
6.64,1.1153086611991816,0.6309749212665711,1.02139680639507,0.4326410359375928,-13.710040092468262,-96.69422912597656,-225.93812561035156,-0.30544137954711914,0.07586775720119476,25.326383590698242,0.44854430178194227,-0.7589889586752235,0.4719573814954584,-0.5500812262774896,0.18175856236431567,0.8150916939242544,-0.7044278911542353,-0.6252196299032501,-0.3359788096705503,10.46004581451416,-19.036849975585938,0.5825062394142151
6.65,1.1153086611991816,0.6309749212665711,1.02139680639507,0.4326410359375928,-13.713163375854492,-96.693603515625,-225.6845245361328,-0.31954318284988403,0.049863412976264954,25.400060653686523,0.5323173329226296,-0.7127215574058086,0.45679999855426556,-0.3870585912072046,0.27498745286584236,0.88009519243037,-0.7528770842858962,-0.6452982894564302,-0.12948441443576464,10.749382972717285,-18.929119110107422,0.6896490454673767
6.66,2.5358683816192413,3.5211468395668217,0.373803029133377,3.115972218845098,-13.71642780303955,-96.69324493408203,-225.43011474609375,-0.33315786719322205,0.02231152355670929,25.480552673339844,0.6105644898585227,-0.668821389996907,0.4241331772054706,-0.21583027750503003,0.37475261259968723,0.9016527993977563,-0.7619896948357658,-0.6420579628291467,0.08445873153074435,11.05813980102539,-18.807939529418945,0.7991379499435425
6.67,2.5358683816192413,3.5211468395668217,0.373803029133377,3.115972218845098,-13.719862937927246,-96.69325256347656,-225.17495727539062,-0.3574296534061432,-0.03190441057085991,25.543729782104492,0.6799980961418992,-0.6298362343610311,0.375378351972125,-0.04514265459765465,0.4750282836109024,0.8788118515959812,-0.7318228815630659,-0.614535961238719,0.2945858488881203,11.0149507522583,-18.51521873474121,0.9060988426208496
6.68,2.5358683816192413,3.5211468395668217,0.373803029133377,3.115972218845098,-13.723591804504395,-96.69397735595703,-224.91940307617188,-0.3880937695503235,-0.1075359359383583,25.562908172607422,0.7372375611225772,-0.5992434877782825,0.312070538220693,0.11545455720186312,0.5668368911742814,0.8156998124464644,-0.6656958943026128,-0.565334574530158,0.4870788387411727,10.642702102661133,-18.066627502441406,1.005092978477478
6.69,2.5358683816192413,3.5211468395668217,0.373803029133377,3.115972218845098,-13.727603912353516,-96.69541931152344,-224.6638946533203,-0.4134228825569153,-0.17938551306724548,25.52887535095215,0.7802490257989196,-0.5784294395674066,0.23797235381777648,0.2591305530569075,0.6452262764390877,0.7187032827704152,-0.5692651528174356,-0.49910162856304735,0.6533259141909615,10.235128402709961,-17.591516494750977,1.0972040891647339
6.7,2.5358683816192413,3.5211468395668217,0.373803029133377,3.115972218845098,-13.731834411621094,-96.69754028320312,-224.4090118408203,-0.431130975484848,-0.24137096107006073,25.439945220947266,0.808117164914807,-0.5676085517859661,0.1573759184548024,0.381208800970522,0.7076722849358418,0.594877959918084,-0.4490283931252804,-0.4207380052635164,0.7882594960380787,9.831332206726074,-17.109004974365234,1.1828423738479614
6.71,2.5358683816192413,3.5211468395668217,0.373803029133377,3.115972218845098,-13.736201286315918,-96.70021057128906,-224.15524291992188,-0.4405967891216278,-0.29072248935699463,25.30141830444336,0.8207741304814831,-0.5663940948230024,0.0743475358165786,0.47868988836356235,0.7529551011675106,0.4515690494313183,-0.3117463993550622,-0.33504678027919615,0.8891331944729646,9.434971809387207,-16.622732162475586,1.2622976303100586
6.72,0.5900572892485098,1.0369970531188746,3.33045324202217,0.38073746468410974,-13.740620613098145,-96.70330047607422,-223.90309143066406,-0.4418334364891052,-0.32582151889801025,25.124496459960938,0.8188418152810183,-0.5739702030447006,-0.0075025038561797874,0.5500808934916931,0.7808914988747179,0.29600587426701047,-0.16403991027389447,-0.24650897144327596,0.9551566546045266,9.044990539550781,-16.13412857055664,1.3358298540115356
6.73,0.5900572892485098,1.0369970531188746,3.33045324202217,0.38073746468410974,-13.745015144348145,-96.70665740966797,-223.65277099609375,-0.4361467957496643,-0.34155505895614624,24.943010330200195,0.803386635797356,-0.5893512940919972,-0.08505860082492933,0.5953561025501022,0.7923730790276688,0.13302636877162277,-0.01100111715048046,-0.15751176395526734,0.9874558317399019,9.142803192138672,-15.965450286865234,1.4153060913085938
6.74,0.5900572892485098,1.0369970531188746,3.33045324202217,0.38073746468410974,-13.749330520629883,-96.71009063720703,-223.40420532226562,-0.4266193211078644,-0.3431348502635956,24.771728515625,0.7752495956271565,-0.6122985066509312,-0.15517281731337318,0.6145577568664136,0.7879213018651807,-0.03871415170710106,0.14596858550815645,-0.06534952807876994,0.9871284674370554,9.701191902160645,-16.084217071533203,1.507254958152771
6.75,0.5900572892485098,1.0369970531188746,3.33045324202217,0.38073746468410974,-13.753536224365234,-96.71349334716797,-223.15731811523438,-0.4140295386314392,-0.33550477027893066,24.61048698425293,0.735452025785483,-0.6427157283733089,-0.21453859855419055,0.606129111268078,0.7655720042304868,-0.21565483257252882,0.30284949767400837,0.02856569341154501,0.952610194632893,10.338602066040039,-16.22667694091797,1.6063439846038818
6.76,0.5900572892485098,1.0369970531188746,3.33045324202217,0.38073746468410974,-13.75760269165039,-96.7167739868164,-222.9119415283203,-0.39905500411987305,-0.31909120082855225,24.471609115600586,0.6856247559274969,-0.6799802904676131,-0.2598951685486689,0.5689685515441529,0.7232697505130745,-0.39135106406716685,0.4540853239349507,0.12044780018055784,0.8827790471111985,11.002768516540527,-16.35421371459961,1.7119567394256592
6.77,0.5900572892485098,1.0369970531188746,3.33045324202217,0.38073746468410974,-13.761512756347656,-96.71984100341797,-222.66778564453125,-0.3825930953025818,-0.2942502498626709,24.367168426513672,0.6280070403209782,-0.722870452666455,-0.28821080127066623,0.5031137654576255,0.659683651564607,-0.5582956375124521,0.5937033740129277,0.20561076946546447,0.7779720529463028,11.68742847442627,-16.45953369140625,1.8241219520568848
6.78,3.064253447175254,2.44266167861318,0.10932153655457635,0.7454398744120327,-13.765254020690918,-96.72262573242188,-222.42445373535156,-0.3656363785266876,-0.26162710785865784,24.305614471435547,0.5653947358891027,-0.7695357935339537,-0.29688963454280426,0.4099436947295603,0.5745118834851483,-0.7084364917801909,0.7157338609988833,0.2788382294528775,0.6402923410561894,12.39248275756836,-16.53938865661621,1.9429301023483276
6.79,3.064253447175254,2.44266167861318,0.10932153655457635,0.7454398744120327,-13.76882266998291,-96.72504425048828,-222.18150329589844,-0.34781429171562195,-0.21851666271686554,24.28734016418457,0.5015445443959919,-0.8172776792806882,-0.28374330817869514,0.2935610653102574,0.46929076751572407,-0.8328193540368823,0.8138027837999353,0.334400015660998,0.4752911303668527,12.9209566116333,-16.12398910522461,2.0579895973205566
6.8,3.064253447175254,2.44266167861318,0.10932153655457635,0.7454398744120327,-13.772212028503418,-96.72697448730469,-221.93853759765625,-0.3304360508918762,-0.1656665951013565,24.310091018676758,0.4417676468554571,-0.8622639361850355,-0.24767367754059244,0.1639871712081063,0.3490350202222584,-0.9226498590134888,0.8820144862024407,0.3669815513253178,0.295592603283485,13.272323608398438,-15.251103401184082,2.1635780334472656
6.81,3.064253447175254,2.44266167861318,0.10932153655457635,0.7454398744120327,-13.77544116973877,-96.72834777832031,-221.69517517089844,-0.3158411681652069,-0.10770788043737411,24.366579055786133,0.3895654712463651,-0.9010850636991848,-0.1904847804703408,0.02962708800925451,0.21897785366727668,-0.9752799266156178,0.9205221231826478,0.3742918748537151,0.11200273724245063,13.594683647155762,-14.297338485717773,2.2642569541931152
6.82,3.064253447175254,2.44266167861318,0.10932153655457635,0.7454398744120327,-13.778541564941406,-96.7291259765625,-221.45111083984375,-0.3052332401275635,-0.047217957675457,24.444143295288086,0.3470083004371072,-0.9307631587751113,-0.11517457052113134,-0.1030364859952923,0.08422721090195984,-0.9911050698575901,0.932184918340504,0.35578886886839706,-0.06667502386841889,13.906094551086426,-13.315223693847656,2.360218048095703
6.83,0.9947639598384497,3.2260023245373186,1.9169185407996192,0.7617924020094592,-13.781561851501465,-96.72929382324219,-221.2062530517578,-0.2995105981826782,0.013563653454184532,24.52945327758789,0.31516202788230996,-0.9487017303186024,-0.025257139022461295,-0.22881485648533795,-0.050130942256950584,-0.9721783015887696,0.921041072717555,0.3121728936325513,-0.2328764196915944,14.206430435180664,-12.312128067016602,2.4510209560394287
6.84,0.9947639598384497,3.2260023245373186,1.9169185407996192,0.7617924020094592,-13.784550666809082,-96.72885131835938,-220.96054077148438,-0.29942086338996887,0.07489512115716934,24.611696243286133,0.2942049353162982,-0.9527939284369497,0.07501457171255183,-0.34447728253867294,-0.17892568438218995,-0.9215861334043259,0.8915037060216318,0.24529437295227485,-0.3808566826873938,14.412986755371094,-11.505974769592285,2.5454843044281006
6.85,0.9947639598384497,3.2260023245373186,1.9169185407996192,0.7617924020094592,-13.787571907043457,-96.7278060913086,-220.71405029296875,-0.3058186173439026,0.1343614161014557,24.683029174804688,0.28378847231815296,-0.9418226389977333,0.18009502950019096,-0.44968281431901835,-0.2966010685949286,-0.8425041083665256,0.8469058209065851,0.15810731412459134,-0.5076934190383517,14.537125587463379,-10.882997512817383,2.6439952850341797
6.86,0.9947639598384497,3.2260023245373186,1.9169185407996192,0.7617924020094592,-13.790689468383789,-96.72618865966797,-220.46693420410156,-0.31895968317985535,0.1880602091550827,24.738393783569336,0.28335686576544106,-0.9154154102153503,0.28587324702365596,-0.5429808370206032,-0.39884844787559026,-0.7389801934122715,0.7904939577580536,0.05417141651733831,-0.6100694717657276,14.645244598388672,-10.270998001098633,2.7396039962768555
6.87,0.9947639598384497,3.2260023245373186,1.9169185407996192,0.7617924020094592,-13.79397201538086,-96.72406768798828,-220.21934509277344,-0.3387741446495056,0.23412026464939117,24.777050018310547,0.2919926277112867,-0.8737640566245102,0.3889430275931645,-0.6229828437487868,-0.48231955228909423,-0.6158410719287257,0.7256946201791303,-0.06248378054124831,-0.6851737702308375,14.744867324829102,-9.646486282348633,2.8311455249786377
6.88,0.9947639598384497,3.2260023245373186,1.9169185407996192,0.7617924020094592,-13.797484397888184,-96.7215347290039,-219.97145080566406,-0.3650180697441101,0.27130115032196045,24.801904678344727,0.30847297235424087,-0.8175591705659059,0.4862524323337907,-0.6889979411857515,-0.544475504890606,-0.4783599707499734,0.6558401195175052,-0.18746580274201377,-0.7312525626851212,14.835307121276855,-9.006868362426758,2.918262004852295
6.89,0.7599845921207603,0.533903113101913,3.383051256557968,2.781244660281868,-13.801291465759277,-96.71867370605469,-219.72335815429688,-0.3972966969013214,0.29882562160491943,24.81846046447754,0.3313682672319684,-0.7479445039591861,0.5751296292740705,-0.7410515156576971,-0.5836166566966977,-0.3320154351345712,0.5839843513426645,-0.3161813040383886,-0.7476574485440987,14.914800643920898,-8.352489471435547,3.0007054805755615
6.9,0.7599845921207603,0.533903113101913,3.383051256557968,2.781244660281868,-13.805453300476074,-96.71559143066406,-219.47508239746094,-0.436678022146225,0.31701862812042236,24.835386276245117,0.36009998585290137,-0.666146941377278,0.6531280522856432,-0.7800851270537876,-0.5989758424275841,-0.18081796021867466,0.5116592564766286,-0.44438293473294355,-0.7353425137851887,15.132357597351074,-8.12910270690918,3.073615550994873
6.91,0.7599845921207603,0.533903113101913,3.383051256557968,2.781244660281868,-13.810047149658203,-96.71237182617188,-219.2266082763672,-0.48267748951911926,0.32499685883522034,24.85885238647461,0.39715999530630935,-0.5727987870455706,0.7170533367103284,-0.807048107032903,-0.5899859579646839,-0.02428831692609773,0.4369637182454633,-0.5690501901973302,-0.6965949970919129,15.492682456970215,-8.300528526306152,3.142534017562866
6.92,0.7599845921207603,0.533903113101913,3.383051256557968,2.781244660281868,-13.815122604370117,-96.70912170410156,-218.97787475585938,-0.5331780910491943,0.32183390855789185,24.892539978027344,0.4429400091882815,-0.46973055482264015,0.7636474017020549,-0.8206591591044817,-0.5553925839581125,0.13437865255410125,0.3610023446436463,-0.6862159161301533,-0.6314942783679393,15.883687973022461,-8.507186889648438,3.213972806930542
6.93,0.7599845921207603,0.533903113101913,3.383051256557968,2.781244660281868,-13.820719718933105,-96.70596313476562,-218.72872924804688,-0.5868411660194397,0.3075452446937561,24.939964294433594,0.4964494082618197,-0.35972960337794935,0.7900206310534125,-0.8194734598795965,-0.4944368381345474,0.28981970541782437,0.286358575198041,-0.791281761162896,-0.5402517384159845,16.289642333984375,-8.697724342346191,3.288795232772827
6.94,0.7599845921207603,0.533903113101913,3.383051256557968,2.781244660281868,-13.826865196228027,-96.7030029296875,-218.47903442382812,-0.6422752737998962,0.2825503349304199,25.002426147460938,0.55609638427018,-0.24625774816330886,0.7937971610374837,-0.8025612242881868,-0.40731925670776614,0.435874413546012,0.215991418048679,-0.8794590067675523,-0.42414568575520306,16.70823097229004,-8.863856315612793,3.3670542240142822
6.95,0.10955411976128145,0.45670145054961553,1.9158083506797732,3.0290677002128734,-13.833565711975098,-96.7003402709961,-218.2286376953125,-0.6978963613510132,0.24765241146087646,25.078075408935547,0.6198437165020735,-0.13334899253415167,0.7733122353247903,-0.7696728120474176,-0.29540003244815555,0.5659881476008568,0.1529625101386538,-0.9460215996581449,-0.2857369480349485,17.138877868652344,-9.003069877624512,3.448668956756592
6.96,0.10955411976128145,0.45670145054961553,1.9158083506797732,3.0290677002128734,-13.84079360961914,-96.69805145263672,-217.97744750976562,-0.7450738549232483,0.20967473089694977,25.159488677978516,0.6852089243631395,-0.025927458084132826,0.7278849475641083,-0.7214118381055057,-0.16173772067441095,0.6733541932388049,0.10026808971125778,-0.9864931204161241,-0.12952850480613676,17.403884887695312,-9.081296920776367,3.530958890914917
6.97,0.10955411976128145,0.45670145054961553,1.9158083506797732,3.0290677002128734,-13.848440170288086,-96.6961441040039,-217.72544860839844,-0.783170759677887,0.17131584882736206,25.24020767211914,0.749275137065687,0.06982066460552167,0.6585680251646286,-0.659490685726972,-0.01216250883601866,0.751614335160115,0.06048805183310063,-0.9974854125113093,0.036933012503437945,17.51360321044922,-9.107915878295898,3.6124706268310547
6.98,0.10955411976128145,0.45670145054961553,1.9158083506797732,3.0290677002128734,-13.856441497802734,-96.69463348388672,-217.47268676757812,-0.8163211941719055,0.13012275099754333,25.311277389526367,0.8093685777925135,0.14930769164973612,0.5680050338653271,-0.5862325862752635,0.14707725740217936,0.7966803845608782,0.035409886629864495,-0.9777911298274701,0.20656874487583965,17.60839080810547,-9.112586975097656,3.694326400756836
6.99,0.10955411976128145,0.45670145054961553,1.9158083506797732,3.0290677002128734,-13.86474895477295,-96.69354248046875,-217.2193145751953,-0.8438101410865784,0.08719397336244583,25.360923767089844,0.8630547058822746,0.20900859766937832,0.4598390813694939,-0.504432836294954,0.3095025439426133,0.8060742453152058,0.026155082142640923,-0.9276441027642716,0.37254842676460337,17.707271575927734,-9.099016189575195,3.7765748500823975
7.0,0.015849298134386992,3.575254819595198,0.9589016185972307,2.8683247017966322,-13.873298645019531,-96.69288635253906,-216.96559143066406,-0.8644732236862183,0.04436444863677025,25.378475189208984,0.9081710955600713,0.24620439010067102,0.3385390073305825,-0.417282339223265,0.46837337329670375,0.7787822754525339,0.033176958293061415,-0.8485339011977205,0.528099903386279,17.8122615814209,-9.067298889160156,3.859104633331299
7.01,0.015849298134386992,3.575254819595198,0.9589016185972307,2.8683247017966322,-13.882024765014648,-96.69266510009766,-216.71189880371094,-0.8798848986625671,-0.00304109463468194,25.351289749145508,0.9427168714272272,0.2588567634462308,0.21042356413815233,-0.32892867355814287,0.6161615149523395,0.7156472002341088,0.05559521596092336,-0.7438670334876927,0.6660112675116527,17.61012840270996,-8.732157707214355,3.94525408744812
7.02,0.015849298134386992,3.575254819595198,0.9589016185972307,2.8683247017966322,-13.89087200164795,-96.69293975830078,-216.45872497558594,-0.8876884579658508,-0.05145394057035446,25.27602767944336,0.9653715925920084,0.24642619618896502,0.08562603604165624,-0.24507303185542226,0.7441331467813701,0.621453995818232,0.08942537264982724,-0.6209186659242044,0.7787574160374627,17.108366012573242,-8.129103660583496,4.029391765594482
7.03,0.015849298134386992,3.575254819595198,0.9589016185972307,2.8683247017966322,-13.899746894836426,-96.69366455078125,-216.20651245117188,-0.8858208060264587,-0.09306681901216507,25.160802841186523,0.9769405755255918,0.21151142888877164,-0.029155228367408755,-0.1684679371392607,0.8475097582199556,0.5033346440272066,0.13117037031192588,-0.4868163156380267,0.8635995650652272,16.54860496520996,-7.496405601501465,4.106167316436768
7.04,0.015849298134386992,3.575254819595198,0.9589016185972307,2.8683247017966322,-13.908559799194336,-96.69476318359375,-215.95558166503906,-0.8751489520072937,-0.1255653202533722,25.014995574951172,0.978896667275353,0.1579022681590769,-0.12972350792137127,-0.10022406552118089,0.9241624897032227,0.36861745660772394,0.1780911325350399,-0.34783698241526906,0.9204851884612957,15.963479995727539,-6.869783878326416,4.175189971923828
7.05,0.015849298134386992,3.575254819595198,0.9589016185972307,2.8683247017966322,-13.917226791381836,-96.6961441040039,-215.70623779296875,-0.8571207523345947,-0.14787280559539795,24.84976577758789,0.9728338023417118,0.08976739018367555,-0.21339214765538958,-0.04064967548780787,0.9736771362222308,0.22427759201670536,0.2279078693334299,-0.20951050106781657,0.9508750459646153,15.356674194335938,-6.256535530090332,4.23677396774292
7.06,4.068408307765333,2.3351972575905533,3.180292204145505,1.3274030606579557,-13.925683975219727,-96.69769287109375,-215.45860290527344,-0.8333801031112671,-0.15953637659549713,24.676664352416992,0.960297045435987,0.011308129549777357,-0.27875026588866086,0.010499593576521532,0.9970053170225528,0.07661694566795724,0.2787818915597668,-0.07650179105644714,0.9573025294563438,14.728226661682129,-5.659992218017578,4.29135274887085
7.07,4.068408307765333,2.3351972575905533,3.180292204145505,1.3274030606579557,-13.933866500854492,-96.69929504394531,-215.21273803710938,-0.8006993532180786,-0.16069047152996063,24.490816116333008,0.9428485198194199,-0.07420017131233896,-0.32485535743088556,0.05382777725099748,0.9960036460374323,-0.07126926038874089,0.32884531176610354,0.04970987484756628,0.943074593694525,14.775944709777832,-4.925995349884033,4.336642742156982
7.08,4.068408307765333,2.3351972575905533,3.180292204145505,1.3274030606579557,-13.94167423248291,-96.70085144042969,-214.96878051757812,-0.7601984739303589,-0.14738591015338898,24.30299949645996,0.9224622535484661,-0.1659723356206662,-0.34859227556976435,0.09027223196256562,0.9705768331126639,-0.2232297810810405,0.3753855550161491,0.174452844154555,0.9103031858955589,15.440814018249512,-4.030212879180908,4.37375020980835
7.09,4.068408307765333,2.3351972575905533,3.180292204145505,1.3274030606579557,-13.949066162109375,-96.70219421386719,-214.72662353515625,-0.7180773019790649,-0.11805397272109985,24.13393211364746,0.9006283909255021,-0.261303305077457,-0.34725939039072484,0.12127695323189044,0.9184226161626005,-0.37655251789867766,0.41732529527184214,0.29701932744628173,0.8588475516933303,16.157712936401367,-3.0799925327301025,4.404434680938721
7.1,4.068408307765333,2.3351972575905533,3.180292204145505,1.3274030606579557,-13.956042289733887,-96.70316314697266,-214.4860382080078,-0.6777307391166687,-0.07291000336408615,23.99240493774414,0.8782738475122295,-0.35595097061137654,-0.319270974717221,0.14859630954118047,0.8378311012031138,-0.5253172209698819,0.45448232701262115,0.4139298882390556,0.7887381454295185,16.845956802368164,-2.092318296432495,4.42795991897583
7.11,4.068408307765333,2.3351972575905533,3.180292204145505,1.3274030606579557,-13.962636947631836,-96.70359802246094,-214.24668884277344,-0.6421062350273132,-0.012724937871098518,23.884138107299805,0.8557733396931113,-0.44486354271585027,-0.26409926056844835,0.174124378060049,0.728372234471376,-0.6626873991682471,0.48716803264961817,0.5211240892661531,0.7007831273302909,17.492815017700195,-1.0718920230865479,4.443295478820801
7.12,1.8854105611543575,0.5557535067960666,0.9023472141754417,2.7695880061948848,-13.968910217285156,-96.70337677001953,-214.00823974609375,-0.6140215992927551,0.061105772852897644,23.812532424926758,0.8329013715269857,-0.5224905204814013,-0.18242522116072768,0.19968935707046506,0.591161597195134,-0.7814423373957176,0.5161389987021426,0.6144360194591236,0.5967151012082542,18.095054626464844,-0.022152848541736603,4.449424743652344
7.13,1.8854105611543575,0.5557535067960666,0.9023472141754417,2.7695880061948848,-13.974963188171387,-96.70240020751953,-213.77029418945312,-0.5991280674934387,0.12800315022468567,23.790525436401367,0.8087560057398373,-0.5830125023129364,-0.07752512706569378,0.22618031353907186,0.42998264474852604,-0.8740465611066893,0.5429145318990005,0.6893557480444118,0.47961699687460835,18.33507537841797,0.8313657641410828,4.4396162033081055
7.14,1.8854105611543575,0.5557535067960666,0.9023472141754417,2.7695880061948848,-13.980927467346191,-96.70083618164062,-213.53233337402344,-0.5951621532440186,0.18354110419750214,23.81059455871582,0.7821456437742157,-0.6216583799091688,0.04229717028035579,0.25193297734323944,0.25342514957500517,-0.9339729484786256,0.5698929433253133,0.741158925097441,0.3548316233038109,18.2471923828125,1.4818569421768188,4.416693687438965
7.15,1.8854105611543575,0.5557535067960666,0.9023472141754417,2.7695880061948848,-13.986891746520996,-96.69872283935547,-213.29400634765625,-0.5991257429122925,0.23951995372772217,23.856796264648438,0.7524055206575402,-0.6362018319416487,0.17068439154810292,0.27605816191941607,0.06929058146836353,-0.9586400297074233,0.5980617223345174,0.7684048700742769,0.22776332436194457,18.091388702392578,2.0942060947418213,4.3869452476501465
7.16,1.8854105611543575,0.5557535067960666,0.9023472141754417,2.7695880061948848,-13.992937088012695,-96.696044921875,-213.0551300048828,-0.6110178828239441,0.2960038185119629,23.92164421081543,0.7190180582936175,-0.625828818004196,0.3022438128451046,0.29792208251919033,-0.11535618498005645,-0.947594524748996,0.6278976545545496,0.7713826813860404,0.10350504462381382,17.90470314025879,2.6896605491638184,4.351467132568359
7.17,0.9276485247539781,0.6237737482721947,3.6255290183679905,4.167231863299288,-13.999138832092285,-96.69280242919922,-212.81556701660156,-0.6307769417762756,0.3511728346347809,23.998367309570312,0.6815666516231909,-0.5908026037325445,0.43176287799902113,0.3166608027162766,-0.2937997738407445,-0.9018911402792527,0.6596914698692374,0.7514213041390116,-0.013160101359473098,17.69316291809082,3.269470691680908,4.3106584548950195
7.18,0.9276485247539781,0.6237737482721947,3.6255290183679905,4.167231863299288,-14.005599975585938,-96.6889877319336,-212.57516479492188,-0.6654137969017029,0.4160708487033844,24.081748962402344,0.6404141550153095,-0.5323764568220284,0.5535747630425816,0.33016928740426754,-0.45993557890454073,-0.8242860576964186,0.693439219911151,0.7106578441693079,-0.11877489974589067,17.486061096191406,3.4841859340667725,4.27034854888916
7.19,0.9276485247539781,0.6237737482721947,3.6255290183679905,4.167231863299288,-14.012499809265137,-96.6844711303711,-212.33389282226562,-0.7165477871894836,0.48568108677864075,24.1691951751709,0.5985207877772882,-0.4528806513381872,0.6608116087372812,0.3339566558366437,-0.6087323091403789,-0.7196651497960894,0.7281797982784607,0.6514169873837506,-0.21309643339816528,17.30113983154297,3.360238552093506,4.234501838684082
7.2,0.9276485247539781,0.6237737482721947,3.6255290183679905,4.167231863299288,-14.019964218139648,-96.6792984008789,-212.09176635742188,-0.7776622772216797,0.5465614199638367,24.25676155090332,0.5583030569113581,-0.35561118806281067,0.7495587899344445,0.32706167939064623,-0.7359691221860085,-0.5927732357849211,0.7624489192841724,0.576099066231939,-0.2945870183308917,17.126873016357422,3.1779534816741943,4.2010087966918945
7.21,0.9276485247539781,0.6237737482721947,3.6255290183679905,4.167231863299288,-14.028078079223633,-96.67357635498047,-211.84877014160156,-0.8460228443145752,0.5953541398048401,24.341703414916992,0.5215369003482508,-0.24435447904305863,0.8174901529356386,0.3101201647738506,-0.8382975914030673,-0.4484223808514196,0.7948740434658677,0.4873889994854329,-0.3614238760856985,16.9619140625,2.9770758152008057,4.169625759124756
7.22,0.9276485247539781,0.6237737482721947,3.6255290183679905,4.167231863299288,-14.03690242767334,-96.66744232177734,-211.6049346923828,-0.9195034503936768,0.6304370164871216,24.422863006591797,0.48969678427550123,-0.12315538597237705,0.8631510935961494,0.2843123178336634,-0.9133065167634106,-0.2916122637433766,0.8242351396284217,0.38820607587141326,-0.41222867107739525,16.806346893310547,2.7637012004852295,4.1403703689575195
7.23,2.436457972823149,3.4541047128472124,1.5533499743969272,2.7315056034177214,-14.046477317810059,-96.66102600097656,-211.36033630371094,-0.9960463047027588,0.6508480310440063,24.500402450561523,0.46397714695492276,0.003833996138541934,0.8858388722432422,0.2511685124673363,-0.9595223334988491,-0.12740200101202803,0.8494937230189021,0.28160644877298696,-0.4461594138432491,16.66041374206543,2.5393753051757812,4.113287448883057
7.24,2.436457972823149,3.4541047128472124,1.5533499743969272,2.7315056034177214,-14.05683708190918,-96.65447235107422,-211.11497497558594,-1.0770747661590576,0.656341552734375,24.5772647857666,0.4436313955890765,0.1320677773032745,0.8864250036217737,0.21247754582828218,-0.9763821172590994,0.03913123580247296,0.870657497163195,0.17098556458020425,-0.46121519851226744,16.366605758666992,2.8494575023651123,4.088428974151611
7.25,2.436457972823149,3.4541047128472124,1.5533499743969272,2.7315056034177214,-14.068026542663574,-96.64794158935547,-210.86880493164062,-1.1605525016784668,0.6459375619888306,24.65553092956543,0.4231138138599163,0.2563324972044022,0.8690617650074541,0.16880332060825867,-0.9646565070456229,0.2023444152087322,0.8902135358848133,0.061085794514711286,-0.451429270468769,15.908659934997559,3.6472268104553223,4.0601606369018555
7.26,2.436457972823149,3.4541047128472124,1.5533499743969272,2.7315056034177214,-14.080041885375977,-96.6416015625,-210.62184143066406,-1.242284893989563,0.6198186874389648,24.736249923706055,0.4011406166714789,0.3733808361502114,0.8364645580370962,0.11896025083503486,-0.9266559608535027,0.35659106682015634,0.9082591394407717,-0.04353712680506849,-0.4161368215045001,15.39928913116455,4.491241931915283,4.025981426239014
7.27,2.436457972823149,3.4541047128472124,1.5533499743969272,2.7315056034177214,-14.09286117553711,-96.63558959960938,-210.3740692138672,-1.3206993341445923,0.5791535377502441,24.82093048095703,0.37834425438674585,0.4810433302936329,0.7908558272862054,0.06188171548962196,-0.8655977951224916,0.4969015097251594,0.9235942174248379,-0.1390603159031792,-0.35726173889784113,14.85580825805664,5.318459987640381,3.9862074851989746
7.28,2.436457972823149,3.4541047128472124,1.5533499743969272,2.7315056034177214,-14.106443405151367,-96.63005065917969,-210.1254119873047,-1.3947229385375977,0.5255104303359985,24.909753799438477,0.35572107740544645,0.5777773838447314,0.7345990810006819,-0.0030008671632947292,-0.7853001515750995,0.6191079604821716,0.9345873473816007,-0.22243418499336806,-0.27761398282608063,14.282283782958984,6.119037628173828,3.9415555000305176
7.29,0.15007968341507127,1.0558272197329657,0.1362416769394777,3.587815621517314,-14.120738983154297,-96.62510681152344,-209.8758544921875,-1.4634568691253662,0.460758239030838,25.001054763793945,0.3343494040980375,0.6626016912576499,0.6702010703675347,-0.075697506184635,-0.6899487173030294,0.719889335279619,0.9394042599098189,-0.29142711993636833,-0.18052664686654774,13.681049346923828,6.890561103820801,3.8928136825561523
7.3,0.15007968341507127,1.0558272197329657,0.1362416769394777,3.587815621517314,-14.135640144348145,-96.62080383300781,-209.62539672851562,-1.510520577430725,0.4055372178554535,25.08802604675293,0.31586799529794196,0.7347209867858249,0.6003436358644304,-0.15487822655255729,-0.5843240517380668,0.7966041284730732,0.9360769970928645,-0.34460190675165103,-0.07077698338254065,12.890318870544434,7.342854022979736,3.836918592453003
7.31,0.15007968341507127,1.0558272197329657,0.1362416769394777,3.587815621517314,-14.150894165039062,-96.61695861816406,-209.3740997314453,-1.5392223596572876,0.3634909391403198,25.170230865478516,0.30309297013917613,0.7931000565711293,0.5283246650678772,-0.23626654608747794,-0.4745540922517517,0.8479248390789187,0.9232078696870532,-0.38182550175962326,0.04354900175555998,11.938065528869629,7.4876885414123535,3.7782504558563232
7.32,0.15007968341507127,1.0558272197329657,0.1362416769394777,3.587815621517314,-14.166406631469727,-96.61353302001953,-209.1220245361328,-1.562535285949707,0.32187390327453613,25.2459659576416,0.2966524609910634,0.838347207397397,0.45735246499492166,-0.31698902689914665,-0.3653164089476598,0.8752496090711025,0.9008414256757276,-0.40462066334107505,0.157374853721777,10.964651107788086,7.552905082702637,3.7221522331237793
7.33,0.15007968341507127,1.0558272197329657,0.1362416769394777,3.587815621517314,-14.182132720947266,-96.61052703857422,-208.8692169189453,-1.5818740129470825,0.2795855402946472,25.310001373291016,0.2962580257202368,0.8718169767559381,0.39008504359496154,-0.3950988436101818,-0.2599710130743024,0.8810856803620277,0.8695562580846877,-0.41515085378842276,0.26743538027811325,9.99074935913086,7.571581840515137,3.6696178913116455
7.34,1.8113004256675544,0.046428604651750555,1.0647324277342833,3.4540144553935668,-14.19803237915039,-96.60794830322266,-208.61585998535156,-1.597332239151001,0.23726974427700043,25.35761070251465,0.3013461651744822,0.8950956837593471,0.3286247185621018,-0.4690236670187291,-0.16092103674615782,0.8684015313832918,0.8301850929226193,-0.4158222418869975,0.3713281226100891,9.02019214630127,7.549499988555908,3.6209750175476074
7.35,1.8113004256675544,0.046428604651750555,1.0647324277342833,3.4540144553935668,-14.21407413482666,-96.60580444335938,-208.36215209960938,-1.6110179424285889,0.189952090382576,25.382427215576172,0.3112189208027042,0.9100845812717215,0.27365825086387474,-0.537480205279957,-0.06892051538185023,0.8404552287253114,0.7837460126001379,-0.4086514621177507,0.46770307914574294,8.343334197998047,7.481614589691162,3.5729477405548096
7.36,1.8113004256675544,0.046428604651750555,1.0647324277342833,3.4540144553935668,-14.230244636535645,-96.6041488647461,-208.10826110839844,-1.6222912073135376,0.13913530111312866,25.381250381469727,0.3252510712845188,0.9189913893463032,0.2228599715866984,-0.5994271812249913,0.01809185116155454,0.8002248054954366,0.7313677563558119,-0.39386229983193277,0.5567528120577089,7.941181182861328,7.382406234741211,3.5244317054748535
7.37,1.8113004256675544,0.046428604651750555,1.0647324277342833,3.4540144553935668,-14.246506690979004,-96.6030044555664,-207.8545684814453,-1.6294493675231934,0.09031513333320618,25.354690551757812,0.3429204847422047,0.9227650646918018,0.17581290205359365,-0.6541722431638612,0.10027201355649362,0.7496693935137598,0.6741396127050638,-0.3720889123336807,0.6380326197775511,7.583407878875732,7.265122413635254,3.477443218231201
7.38,1.8113004256675544,0.046428604651750555,1.0647324277342833,3.4540144553935668,-14.26282024383545,-96.60233306884766,-207.60125732421875,-1.632467269897461,0.04479707404971123,25.302871704101562,0.3637067565111025,0.9219904824379994,0.132856861177429,-0.7012675217724866,0.17713029727812002,0.6905423380888676,0.6131404881226231,-0.3443231158082621,0.7109854666199876,7.238197326660156,7.132205486297607,3.4322571754455566
7.39,1.8113004256675544,0.046428604651750555,1.0647324277342833,3.4540144553935668,-14.279144287109375,-96.60209655761719,-207.34857177734375,-1.6316030025482178,0.0032190452329814434,25.226726531982422,0.38708279437090426,0.9172090334653717,0.09431065279983344,-0.7404635956605798,0.2482728800925464,0.6245592369919426,0.549436596709227,-0.31158973978626225,0.7752620590848696,6.901464939117432,6.984588146209717,3.3888936042785645
7.4,1.8569810591762876,0.9437860952188761,4.1157939435499715,1.1358977599904272,-14.295441627502441,-96.60224914550781,-207.09677124023438,-1.6272177696228027,-0.03397085890173912,25.128080368041992,0.4125261535691185,0.9089429033870691,0.060373595252833284,-0.771692000259971,0.31347838804183725,0.5533739756850298,0.4840595307978479,-0.27487105815814106,0.8307420008828197,6.572849273681641,6.822976112365723,3.34732985496521
7.41,1.8569810591762876,0.9437860952188761,4.1157939435499715,1.1358977599904272,-14.31167984008789,-96.602783203125,-206.84608459472656,-1.6200910806655884,-0.07049555331468582,25.00284194946289,0.4395803530096038,0.8976989794361732,0.030094111836124093,-0.795049240099506,0.37328870774885986,0.4780713822060302,0.41793039978583757,-0.23407708770069602,0.8778052733655742,6.601574897766113,6.666182518005371,3.3192496299743652
7.42,1.8569810591762876,0.9437860952188761,4.1157939435499715,1.1358977599904272,-14.327831268310547,-96.6036605834961,-206.59683227539062,-1.6101248264312744,-0.10477083921432495,24.85383415222168,0.4680834452550692,0.8836842133121807,-0.00031531092130490657,-0.810678411259635,0.42955456709378664,0.39784844778687256,0.3517078358463157,-0.18597065637272456,0.9174510957934484,6.961130619049072,6.528925895690918,3.302126169204712
7.43,1.8569810591762876,0.9437860952188761,4.1157939435499715,1.1358977599904272,-14.34386920928955,-96.60485076904297,-206.34910583496094,-1.5970385074615479,-0.13286282122135162,24.689252853393555,0.4979495747361854,0.8666224468035559,-0.03180810771281234,-0.818655501190308,0.4818560196688072,0.31243870867704504,0.28609332636553664,-0.12953883975530983,0.9494052336088897,7.371028423309326,6.405037879943848,3.285693645477295
7.44,1.8569810591762876,0.9437860952188761,4.1157939435499715,1.1358977599904272,-14.359761238098145,-96.60629272460938,-206.1031036376953,-1.5809255838394165,-0.1539783775806427,24.513343811035156,0.529064936147863,0.8461526509545189,-0.06415593987697216,-0.8190758091646676,0.5289706569004063,0.2220469837210074,0.22182225357277024,-0.0649286948967296,0.9729229940745079,7.791892051696777,6.293602466583252,3.2685182094573975
7.45,1.8569810591762876,0.9437860952188761,4.1157939435499715,1.1358977599904272,-14.37547779083252,-96.60791015625,-205.85887145996094,-1.5619664192199707,-0.16774892807006836,24.330245971679688,0.5612862194340459,0.8219286096974661,-0.09690789665567268,-0.8120812397805321,0.569542732710976,0.12706351015389009,0.1596303225266114,0.007378087618365892,0.9871492916236864,8.218073844909668,6.19443941116333,3.2503926753997803
7.46,0.884850285217644,0.6088446045044265,2.230656900560202,1.953252854274075,-14.3909912109375,-96.60962677001953,-205.6165008544922,-1.5404062271118164,-0.17390261590480804,24.144453048706055,0.5944402332948338,0.7936412260775589,-0.1295160735603601,-0.7978665691900297,0.6021814645180661,0.028043208800144267,0.1002484254705027,0.08666653368507454,0.9911806924722146,8.648494720458984,6.107440948486328,3.231269359588623
7.47,0.884850285217644,0.6088446045044265,2.230656900560202,1.953252854274075,-14.406283378601074,-96.61138153076172,-205.37591552734375,-1.5181472301483154,-0.17244799435138702,23.97170639038086,0.628295553096649,0.7611910307801649,-0.16072620389596048,-0.776703853176477,0.6255407409742355,-0.07368789481466917,0.04445022406905678,0.17113443850153087,0.9842444724452235,8.824529647827148,6.013360023498535,3.207366704940796
7.48,0.884850285217644,0.6088446045044265,2.230656900560202,1.953252854274075,-14.421355247497559,-96.61307525634766,-205.1370391845703,-1.4960412979125977,-0.16516420245170593,23.815696716308594,0.6624442780494236,0.7252132423870926,-0.1877054382429498,-0.7490794459732449,0.638977149701169,-0.17489478488561644,-0.0068965281116021016,0.25646433519335543,0.9665290904436534,8.765320777893066,5.902642726898193,3.1801021099090576
7.49,0.884850285217644,0.6088446045044265,2.230656900560202,1.953252854274075,-14.436203002929688,-96.61466217041016,-204.89962768554688,-1.4734658002853394,-0.15258704125881195,23.6717529296875,0.6964332203783217,0.6863364735810282,-0.20957818251392207,-0.7156495401928527,0.6426052554738186,-0.27368635563211274,-0.053164886675689985,0.34058879997702096,0.9387080292375123,8.67795467376709,5.7850213050842285,3.153092622756958
7.5,0.884850285217644,0.6088446045044265,2.230656900560202,1.953252854274075,-14.450823783874512,-96.61610412597656,-204.66357421875,-1.4506968259811401,-0.1348530352115631,23.542194366455078,0.729838927750136,0.64509174687269,-0.22625600026799964,-0.6771402819206958,0.6367214312680496,-0.36887241366674095,-0.09389450538179851,0.4224244986748611,0.9015216940142927,8.591309547424316,5.662107944488525,3.126835584640503
7.51,2.6403622646405673,1.7585530858594784,0.4845039251785864,2.8877618381112757,-14.465217590332031,-96.61734771728516,-204.42872619628906,-1.428124189376831,-0.11218522489070892,23.4296817779541,0.762274357656964,0.6019830176525998,-0.23781137507809252,-0.6343210326117776,0.6217113932739127,-0.45946900990136325,-0.1287424997620889,0.5010902013922052,0.8557651423280387,8.509325981140137,5.534361362457275,3.1013946533203125
7.52,2.6403622646405673,1.7585530858594784,0.4845039251785864,2.8877618381112757,-14.47938060760498,-96.61832427978516,-204.19496154785156,-1.4037624597549438,-0.07998878508806229,23.328182220458984,0.7935785463735319,0.5576638848688107,-0.24340107281747472,-0.5875425283437641,0.5983021067209362,-0.5448195724097166,-0.15819882465773574,0.5753656060335158,0.8024509650256492,8.269857406616211,5.659397125244141,3.0701849460601807
7.53,2.6403622646405673,1.7585530858594784,0.4845039251785864,2.8877618381112757,-14.493289947509766,-96.6189193725586,-203.96212768554688,-1.3781898021697998,-0.037601251155138016,23.240556716918945,0.8240485203184651,0.5134074178585722,-0.23949292150028503,-0.5355783001685507,0.5682092220350202,-0.6247352754430655,-0.18466163800181704,0.6430793911191297,0.7432018407998835,7.8752546310424805,6.01213264465332,3.032884359359741
7.54,2.6403622646405673,1.7585530858594784,0.4845039251785864,2.8877618381112757,-14.506948471069336,-96.61906433105469,-203.73007202148438,-1.3539879322052002,0.011091560125350952,23.174087524414062,0.8533180840749479,0.4702500298893681,-0.22519581874384073,-0.4779131953819932,0.5327743756774778,-0.6983913246176865,-0.20843997953951418,0.7035740003798623,0.6793647039102375,7.451302528381348,6.3830437660217285,2.994535207748413
7.55,2.6403622646405673,1.7585530858594784,0.4845039251785864,2.8877618381112757,-14.520377159118652,-96.61869049072266,-203.49856567382812,-1.3321343660354614,0.06506240367889404,23.129396438598633,0.8807190183118241,0.4289720273695212,-0.200790962242676,-0.41455452636083867,0.4931160122146686,-0.7648405998449896,-0.22908198414017145,0.7568484645105555,0.612128945819765,7.016176223754883,6.743020057678223,2.9560706615448
7.56,2.6403622646405673,1.7585530858594784,0.4845039251785864,2.8877618381112757,-14.533604621887207,-96.61775207519531,-203.2674102783203,-1.3133177757263184,0.1237124502658844,23.105722427368164,0.9054995741178894,0.390180976108437,-0.16682124311785837,-0.3457048642516955,0.45031273098670327,-0.8232293672750098,-0.2460867085094948,0.8031047566752195,0.5426454475074849,6.57295036315918,7.088215351104736,2.9178366661071777
7.57,4.089572458582449,1.6085043786727136,3.2873754126421972,2.2710989463345093,-14.54665756225586,-96.61620330810547,-203.03639221191406,-1.2981324195861816,0.18645945191383362,23.101715087890625,0.9268713510386736,0.35432233408799985,-0.12395637212413094,-0.27170735732929396,0.4054104302400841,-0.8728215711276168,-0.2590069701704485,0.8426731671407259,0.4720352982395942,6.122624397277832,7.418238162994385,2.8800911903381348
7.58,4.089572458582449,1.6085043786727136,3.2873754126421972,2.2710989463345093,-14.55957317352295,-96.61395263671875,-202.8053741455078,-1.2854588031768799,0.2671777904033661,23.108539581298828,0.9440289226682574,0.3215514918984637,-0.07358010073166435,-0.19321132237965605,0.35822305240012114,-0.913425218413333,-0.26735515343848204,0.8765163334399494,0.40030031119507453,6.05470609664917,7.6746110916137695,2.84621000289917
7.59,4.089572458582449,1.6085043786727136,3.2873754126421972,2.2710989463345093,-14.572381019592285,-96.61079406738281,-202.57420349121094,-1.2771966457366943,0.36518964171409607,23.127227783203125,0.9563021088449282,0.29178694454956955,-0.01861868978121725,-0.11145983084936015,0.3049459659424554,-0.945824859031763,-0.27030165135598927,0.9065695433036833,0.32414299379807043,6.343817710876465,7.875710964202881,2.8143012523651123
7.6,4.089572458582449,1.6085043786727136,3.2873754126421972,2.2710989463345093,-14.585138320922852,-96.60662078857422,-202.34275817871094,-1.275418758392334,0.46836158633232117,23.162885665893555,0.963256218659709,0.2656119026127542,0.03984688700302373,-0.027321278958631165,0.24449073871768856,-0.9692666436008948,-0.2671909521848815,0.9325634540725429,0.2427640813605354,6.679996013641357,8.075618743896484,2.780850887298584
7.61,4.089572458582449,1.6085043786727136,3.2873754126421972,2.2710989463345093,-14.59791088104248,-96.60140991210938,-202.11090087890625,-1.2805081605911255,0.5740589499473572,23.21461296081543,0.9645206731023533,0.2437997984514152,0.10129920746596438,0.05840366576102436,0.17715256301706794,-0.9824489713171662,-0.25746627543011863,0.9535085881582468,0.1566285073816679,7.020158290863037,8.281457901000977,2.7452948093414307
7.62,4.089572458582449,1.6085043786727136,3.2873754126421972,2.2710989463345093,-14.610770225524902,-96.59513092041016,-201.87843322753906,-1.2926231622695923,0.6808767318725586,23.280241012573242,0.959758431516879,0.22713578700577086,0.16514565508522944,0.14479751544035546,0.10362115690175494,-0.9840204953986692,-0.24061885348941486,0.9683346477864,0.06656258139396737,7.358588695526123,8.493791580200195,2.70747971534729
7.63,1.464988850225565,3.586398731548674,1.4104570112017452,2.8437318924819097,-14.623787879943848,-96.58778381347656,-201.64527893066406,-1.3118191957473755,0.7874122262001038,23.356952667236328,0.9486781377741436,0.21638080729019288,0.23062770246834488,0.23079500864999536,0.02485390746320193,-0.9726849167464555,-0.21620234710019118,0.9759926380461355,-0.026361251641631667,7.694688320159912,8.712279319763184,2.6673080921173096
7.64,1.464988850225565,3.586398731548674,1.4104570112017452,2.8437318924819097,-14.637024879455566,-96.57941436767578,-201.41128540039062,-1.3356680870056152,0.8833435773849487,23.440818786621094,0.9310009380356601,0.2117257508962374,0.29733728286937927,0.31532692578974325,-0.056188964365673055,-0.9473181778871884,-0.18386457855908678,0.9757125635610815,-0.11907480867232945,7.482254505157471,8.978249549865723,2.6295711994171143
7.65,1.464988850225565,3.586398731548674,1.4104570112017452,2.8437318924819097,-14.650516510009766,-96.57015228271484,-201.17645263671875,-1.3633047342300415,0.9680798053741455,23.526954650878906,0.9062467095149627,0.21131787668336904,0.3661443110132063,0.397601133339286,-0.13178888725296228,-0.908044617826647,-0.14363230925045534,0.9684918400227533,-0.2034534726877944,6.758501052856445,9.270875930786133,2.597069501876831
7.66,1.464988850225565,3.586398731548674,1.4104570112017452,2.8437318924819097,-14.66430950164795,-96.56005859375,-200.9407501220703,-1.3963580131530762,1.0473964214324951,23.612337112426758,0.8739547291919919,0.21379319083550485,0.43645801960248787,0.4764125049495872,-0.19929505429026817,-0.8563367366072173,-0.09609503863681948,0.956333599162872,-0.27602860478866276,5.959928035736084,9.547739028930664,2.567849636077881
7.67,1.464988850225565,3.586398731548674,1.4104570112017452,2.8437318924819097,-14.678462982177734,-96.5491943359375,-200.70420837402344,-1.4351390600204468,1.121098279953003,23.695011138916016,0.8337928332039839,0.21812203150778606,0.5071610105958357,0.5504665388934235,-0.2583385268103386,-0.7938814742290935,-0.04214381160227526,0.9411078497900122,-0.3354696919354289,5.1476874351501465,9.80342960357666,2.541929244995117
7.68,1.464988850225565,3.586398731548674,1.4104570112017452,2.8437318924819097,-14.693032264709473,-96.53765106201172,-200.46685791015625,-1.4796807765960693,1.1883580684661865,23.774032592773438,0.7855595003181687,0.22326729049350513,0.5771031003690397,0.6185489575725203,-0.3091523504075132,-0.7223724879336549,0.01713063179855223,0.9244330918098934,-0.38095931570311226,4.33034610748291,10.037643432617188,2.519573450088501
7.69,1.145955874612722,1.146735941034769,1.2657883004560844,2.6117717768727298,-14.708075523376465,-96.52545928955078,-200.22874450683594,-1.5299321413040161,1.2484545707702637,23.849409103393555,0.7291883293854011,0.22815866213948152,0.6451573491628609,0.6795646355831052,-0.3523048965338966,-0.6434851715020649,0.08047537730839882,0.9076479960694908,-0.4119451770297944,3.509305238723755,10.250716209411621,2.501054286956787
7.7,1.145955874612722,1.146735941034769,1.2657883004560844,2.6117717768727298,-14.723617553710938,-96.51273345947266,-199.98989868164062,-1.5759122371673584,1.2920299768447876,23.91579818725586,0.6651501429426039,0.2321217571897639,0.7097145744470588,0.7322436411107495,-0.3889419099548742,-0.5590558475980071,0.1462687163965875,0.8915400610851935,-0.4286744476685119,2.8571126461029053,10.278193473815918,2.482466220855713
7.71,1.145955874612722,1.146735941034769,1.2657883004560844,2.6117717768727298,-14.739580154418945,-96.4996566772461,-199.7504425048828,-1.6166096925735474,1.3215001821517944,23.974666595458984,0.5954233108836623,0.23578446365876055,0.768034353107651,0.7748721886184033,-0.4210725499151867,-0.47145625355238197,0.21223612360308258,0.8758445035536119,-0.43341923519020675,2.3673479557037354,10.137373924255371,2.4633352756500244
7.72,1.145955874612722,1.146735941034769,1.2657883004560844,2.6117717768727298,-14.755955696105957,-96.48632049560547,-199.51040649414062,-1.6592026948928833,1.3445607423782349,24.032419204711914,0.5214273332348283,0.2390069622739323,0.8191393093608696,0.8071189186908578,-0.44966224310436087,-0.38257406892999823,0.27689815320242867,0.8606274101554875,-0.4273732252284208,1.9052484035491943,9.963271141052246,2.4464473724365234
7.73,1.145955874612722,1.146735941034769,1.2657883004560844,2.6117717768727298,-14.772771835327148,-96.47278594970703,-199.26979064941406,-1.7045345306396484,1.36223304271698,24.09122657775879,0.4442275056360525,0.24133000824490686,0.8627987890330422,0.829227752913829,-0.47534588707859504,-0.2939857503943776,0.3391802721766886,0.8460532576368799,-0.4112792581788808,1.4520009756088257,9.774971961975098,2.432096481323242
7.74,3.414176447336902,4.157811691093372,2.9559990961709284,3.307121857620473,-14.790057182312012,-96.45909118652344,-199.02857971191406,-1.7524572610855103,1.374788522720337,24.152433395385742,0.3648068573305123,0.24232403181705847,0.8989966743256399,0.8416469554604984,-0.49873836460224374,-0.2071000870061464,0.39817880306303244,0.832189345808876,-0.38589445903444397,1.0050339698791504,9.575329780578613,2.420226573944092
7.75,3.414176447336902,4.157811691093372,2.9559990961709284,3.307121857620473,-14.807940483093262,-96.44527435302734,-198.7866973876953,-1.8352960348129272,1.3884488344192505,24.23018455505371,0.283467204139786,0.24169880642563796,0.9280237233765065,0.8450404286496422,-0.520465085942891,-0.12256740293441737,0.4533795519482564,0.8189614040276141,-0.3517800457506329,0.5820221900939941,9.566756248474121,2.41405987739563
7.76,3.414176447336902,4.157811691093372,2.9559990961709284,3.307121857620473,-14.826866149902344,-96.43133544921875,-198.5439453125,-1.9518548250198364,1.3980474472045898,24.3216495513916,0.19861084969891593,0.23942277329847295,0.9503843780323531,0.8400118849411288,-0.5411487640037542,-0.03921795985082688,0.5049096587900914,0.8061232851389899,-0.30859599092858647,0.17510119080543518,9.735699653625488,2.4131064414978027
7.77,3.414176447336902,4.157811691093372,2.9559990961709284,3.307121857620473,-14.847002983093262,-96.41737365722656,-198.30026245117188,-2.0757205486297607,1.3974710702896118,24.41518211364746,0.11012315016258567,0.23540757611386592,0.9656376985735711,0.8265118595900951,-0.5613065234293091,0.04258089609937066,0.5520426050181195,0.7934218675231335,-0.25637999606231293,-0.2335909903049469,9.92097282409668,2.414673089981079
7.78,3.414176447336902,4.157811691093372,2.9559990961709284,3.307121857620473,-14.868391990661621,-96.4034423828125,-198.05564880371094,-2.2023210525512695,1.3864611387252808,24.5085506439209,0.01862938680519346,0.22957931526218256,0.9731116503007297,0.8044408670927445,-0.5814181579244724,0.12176952404763036,0.5937405471233504,0.780542288181403,-0.19551444719560682,-0.6465305685997009,10.100029945373535,2.4184789657592773
7.79,3.414176447336902,4.157811691093372,2.9559990961709284,3.307121857620473,-14.891054153442383,-96.38967895507812,-197.8101043701172,-2.3301217555999756,1.3653810024261475,24.60024642944336,-0.07504471355409145,0.22193844129547535,0.9721685138096786,0.7738253634173374,-0.601935028039479,0.19715103081429058,0.6289376740978473,0.7670837961360197,-0.12656955323435196,-1.0640525817871094,10.269682884216309,2.4245734214782715
7.8,1.4481149759256935,3.3399239902419726,1.3045193354441527,3.859067852806818,-14.914994239807129,-96.37617492675781,-197.56365966796875,-2.4578793048858643,1.3347411155700684,24.688291549682617,-0.16995356206540388,0.21257694682502676,0.9622509175988512,0.7348459888564169,-0.623263055733228,0.2674781038135906,0.6565951259360032,0.7525650835885419,-0.05028554027208434,-1.4862093925476074,10.429344177246094,2.4330453872680664
7.81,1.4481149759256935,3.3399239902419726,1.3045193354441527,3.859067852806818,-14.940149307250977,-96.36299896240234,-197.3163604736328,-2.566967248916626,1.3005809783935547,24.769865036010742,-0.2646856459548963,0.20085961959804544,0.9431844581206622,0.6879976945503411,-0.6460122936616692,0.3306467733570135,0.6757223402543787,0.7364261875116318,0.032799226030929315,-2.1716911792755127,10.459552764892578,2.442314863204956
7.82,1.4481149759256935,3.3399239902419726,1.3045193354441527,3.859067852806818,-14.966279983520508,-96.35016632080078,-197.06826782226562,-2.6578891277313232,1.2652658224105835,24.844209671020508,-0.35684213874508935,0.1840422238088658,0.9158559645879466,0.6346457345716602,-0.6716504781724826,0.38224393619869707,0.685484120608077,0.7176448251232381,0.12287158079885113,-3.0982489585876465,10.360593795776367,2.4542202949523926
7.83,1.4481149759256935,3.3399239902419726,1.3045193354441527,3.859067852806818,-14.993291854858398,-96.33769226074219,-196.8195037841797,-2.7435333728790283,1.2260922193527222,24.908349990844727,-0.44511779480768143,0.16179923996690876,0.8807333050882528,0.5763402084995743,-0.7009876823332979,0.4200574166511747,0.6853481690441828,0.6945770476794652,0.21877068364994423,-4.0568389892578125,10.223296165466309,2.470869779586792
7.84,1.4481149759256935,3.3399239902419726,1.3045193354441527,3.859067852806818,-15.021137237548828,-96.32564544677734,-196.57015991210938,-2.8246166706085205,1.1835904121398926,24.957735061645508,-0.528671684615815,0.13490243537594462,0.8380379363818296,0.5146494215772076,-0.7341809539843593,0.44284794193589955,0.6750127574762732,0.6654169067105639,0.31871322142017094,-5.018240928649902,10.059907913208008,2.4923787117004395
7.85,1.4481149759256935,3.3399239902419726,1.3045193354441527,3.859067852806818,-15.049765586853027,-96.31402587890625,-196.32041931152344,-2.900125503540039,1.1389505863189697,24.98754119873047,-0.606776205651729,0.10444164645040843,0.7879813314677059,0.45118885384251906,-0.7708952765497854,0.4496099317869925,0.6544090879741545,0.6283410022272603,0.42063800410433366,-5.978330135345459,9.871567726135254,2.518554210662842
7.86,2.7360422056576463,3.3782800473349566,0.3025480024588957,2.5949573927698055,-15.079117774963379,-96.30286407470703,-196.0704803466797,-2.9688024520874023,1.093562126159668,24.99307632446289,-0.6787796445576765,0.071710427138069,0.7308322713002146,0.3876017714722815,-0.8103091852958991,0.4395041421609652,0.6237171321085416,0.5815983484027206,0.5222262921852212,-6.936324596405029,9.657837867736816,2.5491278171539307
7.87,2.7360422056576463,3.3782800473349566,0.3025480024588957,2.5949573927698055,-15.109106063842773,-96.29214477539062,-195.82061767578125,-3.0263195037841797,1.0508108139038086,24.972707748413086,-0.7446701921499514,0.0384517059738852,0.6663240737291818,0.3251647069786814,-0.8509459749550843,0.4125031648887185,0.5828672389651202,0.5238438832471358,0.6211709649732016,-7.776497840881348,9.669283866882324,2.5819852352142334
7.88,2.7360422056576463,3.3782800473349566,0.3025480024588957,2.5949573927698055,-15.139605522155762,-96.28184509277344,-195.57110595703125,-3.072103261947632,1.011800765991211,24.923629760742188,-0.8056742345573352,0.007316850702885291,0.5923136765821333,0.26414708856153074,-0.8905647802855475,0.370298106556625,0.5302031152067284,0.45479757674238597,0.7155723728696731,-8.514707565307617,9.891091346740723,2.6176419258117676
7.89,2.7360422056576463,3.3782800473349566,0.3025480024588957,2.5949573927698055,-15.170513153076172,-96.27191162109375,-195.32225036621094,-3.1075222492218018,0.9762395024299622,24.84201431274414,-0.8609881634745972,-0.019579711880318873,0.5082479879343588,0.20585786994584446,-0.9271711615234567,0.3130114608454519,0.46510420309646755,0.3741260110202547,0.8023140333685259,-9.247418403625488,10.123191833496094,2.657938003540039
7.9,2.7360422056576463,3.3782800473349566,0.3025480024588957,2.5949573927698055,-15.201719284057617,-96.26231384277344,-195.07437133789062,-3.1318893432617188,0.9452589154243469,24.727632522583008,-0.9090826438042566,-0.040232968503403674,0.41466860862533084,0.15213730204748693,-0.958647115606064,0.2405201635328854,0.3878440254272011,0.28173926951275063,0.8776103896119546,-9.988163948059082,10.336629867553711,2.703246831893921
7.91,0.20330788920116621,1.3427549647053703,2.125356466702044,0.0014419253654130836,-15.233112335205078,-96.25299072265625,-194.82777404785156,-3.1446189880371094,0.9202410578727722,24.58325958251953,-0.9483689553628328,-0.052566583752863785,0.3127827980828911,0.10498697859348231,-0.9826044489798075,0.15318691579538035,0.29928925612160084,0.17811583623485705,0.9373903616170463,-10.7388277053833,10.526250839233398,2.75370454788208
7.92,0.20330788920116621,1.3427549647053703,2.125356466702044,0.0014419253654130836,-15.264549255371094,-96.2438735961914,-194.5826416015625,-3.1390552520751953,0.9052770137786865,24.438560485839844,-0.9771760173131077,-0.05425771888457828,0.2053853235495051,0.06646592388044563,-0.9963795175060535,0.05301073530071657,0.20176548800726954,0.0654519444771957,0.9772444580622303,-11.194332122802734,10.427386283874512,2.8180031776428223
7.93,0.20330788920116621,1.3427549647053703,2.125356466702044,0.0014419253654130836,-15.295854568481445,-96.23486328125,-194.3389434814453,-3.1207211017608643,0.8971286416053772,24.301698684692383,-0.9941897411109476,-0.04320655717858133,0.09858981735717404,0.037969446226404725,-0.9977974561694428,-0.0543926246383542,0.10072278700972839,-0.05033318863893603,0.9936405236796808,-11.367977142333984,10.067020416259766,2.891275644302368
7.94,0.20330788920116621,1.3427549647053703,2.125356466702044,0.0014419253654130836,-15.326948165893555,-96.2259292602539,-194.09661865234375,-3.097480058670044,0.8928903937339783,24.16370964050293,-0.9998064158945131,-0.019352706398268457,-0.003550139607075245,0.01967328870250703,-0.9860676743503564,-0.16517718762863964,-0.00030405229009901054,-0.16521505487194998,0.986257518701816,-11.498814582824707,9.660161972045898,2.964245557785034
7.95,0.20330788920116621,1.3427549647053703,2.125356466702044,0.0014419253654130836,-15.357794761657715,-96.21700286865234,-193.8556671142578,-3.0713388919830322,0.8927528262138367,24.031713485717773,-0.9950336900601695,0.016566621182946113,-0.09815040859733323,0.011269680773854164,-0.9609624211678489,-0.27644930710436144,-0.09889868523139286,-0.2761824979353451,0.9560032834115662,-11.619174003601074,9.236894607543945,3.0354959964752197
7.96,0.20330788920116621,1.3427549647053703,2.125356466702044,0.0014419253654130836,-15.388370513916016,-96.20806884765625,-193.61593627929688,-3.0436906814575195,0.8969891667366028,23.914209365844727,-0.9811067956438334,0.06344015586891537,-0.1827698064911622,0.012166523820955122,-0.9226065777246103,-0.38555035784887653,-0.19308400047544927,-0.38048974935287067,0.9044037369437314,-11.732455253601074,8.801494598388672,3.1047017574310303
7.97,0.01317645045043486,2.0159702634699634,2.534277727871637,1.3138334477041513,-15.41866683959961,-96.19905090332031,-193.37728881835938,-3.015744686126709,0.9057260155677795,23.818326950073242,-0.9593915256432691,0.11985894958098323,-0.25534629961921085,0.021545040255725602,-0.8714522063105242,-0.4900070033753584,-0.2812538208882852,-0.47561001284861815,0.8334814958437154,-11.83814811706543,8.354808807373047,3.1716837882995605
7.98,0.01317645045043486,2.0159702634699634,2.534277727871637,1.3138334477041513,-15.448678016662598,-96.18991088867188,-193.1394805908203,-2.985584259033203,0.9244496822357178,23.740989685058594,-0.9314106998992868,0.18429189377241378,-0.31386399284227856,0.038255521637557674,-0.807989434722082,-0.5879537298476204,-0.36195389648042037,-0.5596334257951964,0.7455198223758867,-12.071290016174316,7.809699535369873,3.2362136840820312
7.99,0.01317645045043486,2.0159702634699634,2.534277727871637,1.3138334477041513,-15.478373527526855,-96.18052673339844,-192.90235900878906,-2.9533698558807373,0.9542029500007629,23.687381744384766,-0.8990730155130688,0.25537615904763966,-0.35559911440597186,0.06051747321827092,-0.7319509965665643,-0.6786644045922027,-0.4335958350947489,-0.6316888126405974,0.6426226698251466,-12.417405128479004,7.167252540588379,3.2980780601501465
8.0,0.01317645045043486,2.0159702634699634,2.534277727871637,1.3138334477041513,-15.507749557495117,-96.1707992553711,-192.66563415527344,-2.9220943450927734,0.9906852841377258,23.665428161621094,-0.8641296040512871,0.3311685157865678,-0.378955725057542,0.08677667193385885,-0.6436640009729733,-0.7603725817384183,-0.4957316175212642,-0.6899449746198504,0.5274714166536089,-12.76419448852539,6.495009422302246,3.356938123703003
8.01,0.01317645045043486,2.0159702634699634,2.534277727871637,1.3138334477041513,-15.536822319030762,-96.16069030761719,-192.42897033691406,-2.8928563594818115,1.0326656103134155,23.674503326416016,-0.8280637584676624,0.4092908302213688,-0.3831336949540086,0.11561107610126062,-0.5440426385327981,-0.8310545629144813,-0.548584078328124,-0.732460663622951,0.40318343870986195,-13.094651222229004,5.802886486053467,3.412365198135376
8.02,0.01317645045043486,2.0159702634699634,2.534277727871637,1.3138334477041513,-15.565614700317383,-96.15013122558594,-192.1920623779297,-2.866245746612549,1.0792698860168457,23.71101951599121,-0.792085174288024,0.4871115228041908,-0.3678633455843254,0.14565804806259855,-0.43440884620993003,-0.8888603306308315,-0.5927772007320324,-0.7576353467770228,0.2731370930619935,-13.40512752532959,5.092901706695557,3.4639289379119873
8.03,1.4390731814251512,3.8447714346061868,0.9196543840145692,2.4571899176636425,-15.594156265258789,-96.13909149169922,-191.95468139648438,-2.842632532119751,1.1295238733291626,23.769493103027344,-0.7570930317768685,0.5618425917924627,-0.3333812281500528,0.1756568397835795,-0.3164435060905188,-0.9322060834871146,-0.6292494067316673,-0.7643274229681072,0.1408856792820932,-13.693814277648926,4.3661346435546875,3.5112125873565674
8.04,1.4390731814251512,3.8447714346061868,0.9196543840145692,2.4571899176636425,-15.62246322631836,-96.12750244140625,-191.71664428710938,-2.8182175159454346,1.194602608680725,23.8421573638916,-0.7233976115457537,0.6308640164967424,-0.28054676668872314,0.20534076679645627,-0.19136538491469002,-0.9597991763634182,-0.6591897034248505,-0.7519241199390072,0.008891161488087228,-14.206686973571777,3.881229877471924,3.5499374866485596
8.05,1.4390731814251512,3.8447714346061868,0.9196543840145692,2.4571899176636425,-15.650525093078613,-96.11518096923828,-191.47781372070312,-2.7947072982788086,1.2727937698364258,23.92458724975586,-0.6905209733738399,0.6920016898943753,-0.2105099677311593,0.23702776996349822,-0.05847897255238521,-0.969741226325533,-0.6833729740024665,-0.7195233637294527,-0.12364266031786098,-14.936173439025879,3.6103405952453613,3.583089828491211
8.06,1.4390731814251512,3.8447714346061868,0.9196543840145692,2.4571899176636425,-15.678374290466309,-96.10205078125,-191.23814392089844,-2.77620530128479,1.3524713516235352,24.010805130004883,-0.6587922634656275,0.7420376672578244,-0.12398731373975835,0.2710222220009087,0.08034219894608399,-0.9592143067376538,-0.7018117331446697,-0.665526281553985,-0.2540375164840829,-15.689102172851562,3.3419926166534424,3.6149914264678955
8.07,1.4390731814251512,3.8447714346061868,0.9196543840145692,2.4571899176636425,-15.70606803894043,-96.08812713623047,-190.9976043701172,-2.7636539936065674,1.4299908876419067,24.09319496154785,-0.6287606988502749,0.7772792057228821,-0.02229394384399558,0.3067064189657076,0.2215527440053859,-0.9256595239011564,-0.714556615074373,-0.5888560248265183,-0.3777001798767973,-16.43744659423828,3.046689033508301,3.6458261013031006
8.08,3.688647912774824,0.26772122205832233,0.500779946219275,1.6703169497233357,-15.733668327331543,-96.07344055175781,-190.7563018798828,-2.7576565742492676,1.5027328729629517,24.165103912353516,-0.6008909640153531,0.793983947632702,0.09230135571209225,0.34333093819386934,0.36064871053314956,-0.8672118394427593,-0.7218406446326067,-0.4894098471550885,-0.48930980499476595,-17.176250457763672,2.720519781112671,3.675166130065918
8.09,3.688647912774824,0.26772122205832233,0.500779946219275,1.6703169497233357,-15.761239051818848,-96.05812072753906,-190.51437377929688,-2.7570905685424805,1.5584380626678467,24.215845108032227,-0.5755183174299576,0.788959410890546,0.2152247993838844,0.38013666144031255,0.49110794256929013,-0.7837787362351522,-0.7240682184239299,-0.3692641828184825,-0.5825540132518139,-17.423547744750977,2.360280752182007,3.6916470527648926
8.1,3.688647912774824,0.26772122205832233,0.500779946219275,1.6703169497233357,-15.788822174072266,-96.04232788085938,-190.27206420898438,-2.7602698802948,1.597612738609314,24.24352264404297,-0.5527938214312887,0.7618500085609826,0.337644125438342,0.4164036401423056,0.6035054936565539,-0.6799920055431508,-0.7218219998473512,-0.23529913638173355,-0.6508512249004227,-17.211950302124023,1.9915236234664917,3.694849967956543
8.11,3.688647912774824,0.26772122205832233,0.500779946219275,1.6703169497233357,-15.816459655761719,-96.02619934082031,-190.02955627441406,-2.7682619094848633,1.62779700756073,24.256031036376953,-0.5326121576631662,0.714225795604037,0.45409889055487374,0.4517233504332356,0.6936110616995375,-0.5611147028562102,-0.7157306086669475,-0.09372944031530978,-0.692058153506929,-16.925296783447266,1.630802035331726,3.6930718421936035
8.12,3.688647912774824,0.26772122205832233,0.500779946219275,1.6703169497233357,-15.84420394897461,-96.00980377197266,-189.7869415283203,-2.7816994190216064,1.6497325897216797,24.25986099243164,-0.5147840910202852,0.6482901573778946,0.5609966234117311,0.48588965546726587,0.7597401970834534,-0.432094984517869,-0.7063346107492686,0.05014683222837016,-0.7060996479783428,-16.61734390258789,1.2813067436218262,3.6876490116119385
8.13,3.688647912774824,0.26772122205832233,0.500779946219275,1.6703169497233357,-15.872111320495605,-95.99322509765625,-189.54432678222656,-2.800935983657837,1.663622498512268,24.26189613342285,-0.49911087839869317,0.5666900353208041,0.6555537620456398,0.5188136920652652,0.8013657260422004,-0.29773364950986914,-0.6940610088383394,0.19150816429845316,-0.6939769009249109,-16.295734405517578,0.9442989230155945,3.6789472103118896
8.14,1.6656586909828437,0.23688491524637692,0.04098925940610715,3.2209897566851997,-15.90024185180664,-95.97654724121094,-189.3017120361328,-2.8261091709136963,1.6698431968688965,24.268707275390625,-0.48541478691631,0.4723817237803566,0.7356819908637783,0.5504777811204454,0.8188662090743198,-0.16258026980222212,-0.6792250710447197,0.32605772291812257,-0.6575254095392394,-15.96193790435791,0.6207255125045776,3.667208671569824
8.15,1.6656586909828437,0.23688491524637692,0.04098925940610715,3.2209897566851997,-15.928642272949219,-95.9598388671875,-189.05894470214844,-2.853675603866577,1.6684839725494385,24.28286361694336,-0.47298340600282185,0.36763967366505645,0.8007045447563168,0.5808515208444973,0.8134426388068435,-0.030374069592227243,-0.6624939308239768,0.4507240216789091,-0.5982889334619067,-15.924520492553711,0.08884738385677338,3.652106761932373
8.16,1.6656586909828437,0.23688491524637692,0.04098925940610715,3.2209897566851997,-15.957324981689453,-95.94318389892578,-188.8159942626953,-2.8832383155822754,1.6611583232879639,24.309110641479492,-0.45936549266522997,0.25195184080268895,0.8517649993188064,0.6102208775819442,0.7863319488699831,0.09650153754969618,-0.6454562918676615,0.5640942617173748,-0.5149600364940736,-16.151838302612305,-0.6485300064086914,3.6314308643341064
8.17,1.6656586909828437,0.23688491524637692,0.04098925940610715,3.2209897566851997,-15.986323356628418,-95.92662811279297,-188.5727081298828,-2.9171485900878906,1.6491079330444336,24.35223388671875,-0.4434722540941346,0.12655720298443968,0.8873080830362264,0.6395559345056678,0.738256525913428,0.21434903448538878,-0.6279335685303419,0.6625409997268031,-0.4083366958696696,-16.39235496520996,-1.4189714193344116,3.6041882038116455
8.18,1.6656586909828437,0.23688491524637692,0.04098925940610715,3.2209897566851997,-16.01568031311035,-95.91021728515625,-188.3289031982422,-2.9551186561584473,1.6329114437103271,24.412086486816406,-0.4250503935278157,-0.0060296400389101,0.905149604431693,0.6697957499166514,0.6705330411050826,0.3189970128072681,-0.6088561540753611,0.741855163915013,-0.28097170572352914,-16.611352920532227,-2.196558952331543,3.5700440406799316
8.19,1.6656586909828437,0.23688491524637692,0.04098925940610715,3.2209897566851997,-16.045433044433594,-95.89398193359375,-188.08444213867188,-2.9960105419158936,1.6130815744400024,24.485000610351562,-0.4042488230692791,-0.1426956363454886,0.903449414419567,0.7016152667856379,0.5853095523255764,0.4063849718798068,-0.5867869344663534,0.798154548520767,-0.13649326069513462,-16.804651260375977,-2.9758636951446533,3.528803586959839
8.2,1.3467612138776213,1.8726453819948161,0.048022743420344245,0.09671483968872108,-16.075603485107422,-95.87796020507812,-187.83920288085938,-3.0381240844726562,1.5901033878326416,24.56402587890625,-0.38158450933553323,-0.2799114012142348,0.8809329541488637,0.7353239330925763,0.48555503433323377,0.47279490485295717,-0.5600821151013706,0.8281822964202603,0.02054527292686026,-16.972396850585938,-3.7542028427124023,3.480337142944336
8.21,1.3467612138776213,1.8726453819948161,0.048022743420344245,0.09671483968872108,-16.10616683959961,-95.86216735839844,-187.59315490722656,-3.072054147720337,1.5686227083206177,24.640295028686523,-0.3588418130584603,-0.41357647391789903,0.8367718048683013,0.7702808156875616,0.37509875603198756,0.5157212310996708,-0.5271622313715407,0.8296116099988553,0.18396890598817334,-17.027254104614258,-4.219581604003906,3.435345411300659
8.22,1.3467612138776213,1.8726453819948161,0.048022743420344245,0.09671483968872108,-16.137014389038086,-95.84658813476562,-187.34642028808594,-3.0965957641601562,1.5492693185806274,24.704816818237305,-0.3403992470668235,-0.5386737637974808,0.7706873093496448,0.8038767740954686,0.25845658278728145,0.5357073145699839,-0.48776068380528803,0.8018919946041215,0.34504890135112853,-16.989261627197266,-4.390763759613037,3.3969337940216064
8.23,1.3467612138776213,1.8726453819948161,0.048022743420344245,0.09671483968872108,-16.168075561523438,-95.83119201660156,-187.09912109375,-3.1156561374664307,1.5289802551269531,24.746858596801758,-0.3280623425830348,-0.65109186567095,0.6844373469033185,0.8344911857131502,0.13981423208619653,0.5329882188878178,-0.4427183758847071,0.7460102968212096,0.49746263848729233,-16.936378479003906,-4.5141520500183105,3.3586127758026123
8.24,1.3467612138776213,1.8726453819948161,0.048022743420344245,0.09671483968872108,-16.199302673339844,-95.81600952148438,-186.8515625,-3.1282413005828857,1.5074893236160278,24.757558822631836,-0.32249693721544814,-0.74744198898395,0.5807978982317106,0.8610713862681009,0.023181133020221067,0.507955414207025,-0.3931307584468389,0.6639225166957482,0.6361250652091911,-16.879779815673828,-4.623903274536133,3.319549083709717
8.25,0.6935010456646769,3.4457052797031484,2.5534227564534344,0.8520045762012679,-16.230615615844727,-95.8010482788086,-186.60411071777344,-3.1331655979156494,1.4851412773132324,24.73157501220703,-0.32405172299768736,-0.82492635379618,0.4631274032431784,0.8827315502514812,-0.08758523423601533,0.4616425423793162,-0.3402579771479965,0.5584132318958441,0.7565706651931408,-16.821317672729492,-4.724508285522461,3.2797040939331055
8.26,0.6935010456646769,3.4457052797031484,2.5534227564534344,0.8520045762012679,-16.261966705322266,-95.78633880615234,-186.35711669921875,-3.13769268989563,1.4541223049163818,24.652225494384766,-0.3326692859315152,-0.8814291364735117,0.33528170778224015,0.8989380047347212,-0.1889346872955659,0.39523935479666644,-0.28502913858301276,0.43288146335005656,0.8552029167668567,-16.796871185302734,-4.98048734664917,3.2464442253112793
8.27,0.6935010456646769,3.4457052797031484,2.5534227564534344,0.8520045762012679,-16.293352127075195,-95.77198028564453,-186.11123657226562,-3.137105703353882,1.4183486700057983,24.52153205871582,-0.34789741279593495,-0.9155932208424049,0.20163443187443494,0.9096495115076795,-0.27758995627593214,0.3090009423748836,-0.22694747494461123,0.29091729086143603,0.9294417536855699,-16.7972412109375,-5.382933139801025,3.2173333168029785
8.28,0.6935010456646769,3.4457052797031484,2.5534227564534344,0.8520045762012679,-16.324670791625977,-95.7579574584961,-185.86680603027344,-3.1243526935577393,1.3870797157287598,24.359683990478516,-0.3700002725498169,-0.9266374005898016,0.06665527841991373,0.9139660700722124,-0.35019358432872166,0.20501335627650588,-0.16663079268195388,0.1367756605656776,0.976486865045816,-16.79094123840332,-5.80138635635376,3.1855452060699463
8.29,0.6935010456646769,3.4457052797031484,2.5534227564534344,0.8520045762012679,-16.355802536010742,-95.74420928955078,-185.6240997314453,-3.099975109100342,1.3629887104034424,24.180438995361328,-0.39925236505577744,-0.9145281905936457,-0.0650825445636612,0.9107546416153419,-0.4037672259365631,0.08659105055144381,-0.10546815525777703,-0.024702547824163455,0.994115814358426,-16.774139404296875,-6.216841697692871,3.150204658508301
8.3,0.6935010456646769,3.4457052797031484,2.5534227564534344,0.8520045762012679,-16.386638641357422,-95.73065948486328,-185.38320922851562,-3.065828800201416,1.3477510213851929,23.998003005981445,-0.4356586877562695,-0.880045496069962,-0.18900114451891675,0.8989756032312732,-0.4359562406927794,-0.042249508825409746,-0.04521473849812968,-0.18831378347851913,0.9810675544398315,-16.74693489074707,-6.6259307861328125,3.111279249191284
8.31,1.7571736833898137,0.7824658735323906,0.2338261620972258,2.9752831342944868,-16.41709327697754,-95.71722412109375,-185.14410400390625,-3.024197816848755,1.342641830444336,23.826723098754883,-0.47888874220765854,-0.8247758245388844,-0.30068324170623484,0.8777919378002744,-0.4451508568141441,-0.176980305713581,0.012119674896877819,-0.3486912014000878,0.9371593031851935,-16.709989547729492,-7.027438163757324,3.068861246109009
8.32,1.7571736833898137,0.7824658735323906,0.2338261620972258,2.9752831342944868,-16.447113037109375,-95.70379638671875,-184.9065704345703,-2.980394124984741,1.3465123176574707,23.687210083007812,-0.5283260699339943,-0.7510275122313333,-0.3960167164397413,0.846575375410174,-0.43045340400463183,-0.3130814602143473,0.06466604655631075,-0.5006670978329207,0.8632211533380872,-16.71910858154297,-7.518144130706787,3.006835460662842
8.33,1.7571736833898137,0.7824658735323906,0.2338261620972258,2.9752831342944868,-16.476701736450195,-95.69026947021484,-184.6702423095703,-2.9377119541168213,1.3581072092056274,23.588098526000977,-0.583328548223411,-0.6616475527151415,-0.4711160375253981,0.8045881719062511,-0.3912955554156021,-0.44668295461160473,0.11120107218963862,-0.6396173108180078,0.7606076631521769,-16.769250869750977,-8.088862419128418,2.9250845909118652
8.34,1.7571736833898137,0.7824658735323906,0.2338261620972258,2.9752831342944868,-16.505868911743164,-95.67658996582031,-184.4346923828125,-2.8959922790527344,1.3785228729248047,23.529483795166016,-0.642769299589085,-0.5602114145774315,-0.5225043525970956,0.7513490713664088,-0.3279990051517785,-0.5726178704653553,0.1494061593863917,-0.7606443476399443,0.6317420169189409,-16.816862106323242,-8.659581184387207,2.8359715938568115
8.35,1.7571736833898137,0.7824658735323906,0.2338261620972258,2.9752831342944868,-16.534631729125977,-95.66266632080078,-184.19952392578125,-2.8562660217285156,1.4075887203216553,23.512733459472656,-0.7049354705830124,-0.450961189019215,-0.547448617052124,0.6869443790825157,-0.24195858729888878,-0.6852470080775713,0.17655991153385892,-0.8591216724252172,0.48035044458026066,-16.857467651367188,-9.218123435974121,2.741330146789551
8.36,1.7571736833898137,0.7824658735323906,0.2338261620972258,2.9752831342944868,-16.563011169433594,-95.64839935302734,-183.96432495117188,-2.819431781768799,1.4443601369857788,23.5351619720459,-0.767603420147023,-0.3386353189732849,-0.544160923002061,0.6121086390313473,-0.1356136035901991,-0.7790583832707743,0.19002106041643194,-0.9310934814856897,0.3113790701589829,-16.892101287841797,-9.761874198913574,2.641528606414795
8.37,3.1760611942381183,4.090492131889198,2.7659160263033438,3.861436507908912,-16.591033935546875,-95.63374328613281,-183.7287139892578,-2.786005973815918,1.4872832298278809,23.58951187133789,-0.8281198162712659,-0.22828379254075126,-0.5119610141036679,0.5282767308409211,-0.012400795001366302,-0.8489816935219292,0.18746003721026455,-0.9735156549057367,0.13086635970554422,-16.922571182250977,-10.289579391479492,2.5367424488067627
8.38,3.1760611942381183,4.090492131889198,2.7659160263033438,3.861436507908912,-16.61867904663086,-95.61851501464844,-183.49246215820312,-2.7376368045806885,1.5674288272857666,23.662954330444336,-0.8833794656095846,-0.12499935878854854,-0.4516811707850754,0.4378783775224059,0.12337726342628126,-0.8905282574785527,0.1670426479605439,-0.9844557944224279,-0.05425442461621059,-16.970134735107422,-10.709393501281738,2.434220552444458
8.39,3.1760611942381183,4.090492131889198,2.7659160263033438,3.861436507908912,-16.645761489868164,-95.60226440429688,-183.25538635253906,-2.6799659729003906,1.6816613674163818,23.75345802307129,-0.9299053245998921,-0.033499029137951886,-0.36627025858999795,0.3448659852521345,0.2667269198536293,-0.8999578892600866,0.1278418534629558,-0.9631897867358283,-0.23647810729736887,-17.037063598632812,-11.029044151306152,2.334503412246704
8.4,3.1760611942381183,4.090492131889198,2.7659160263033438,3.861436507908912,-16.672306060791016,-95.5848617553711,-183.01734924316406,-2.630659580230713,1.7988274097442627,23.85143280029297,-0.9648966558286031,0.04183055873375355,-0.25927716429874925,0.2530768883623449,0.4119381343518891,-0.8753622461835547,0.07018925948898336,-0.9102511619452661,-0.40806407588720817,-17.110275268554688,-11.321707725524902,2.2325010299682617
8.41,3.1760611942381183,4.090492131889198,2.7659160263033438,3.861436507908912,-16.69841766357422,-95.5663070678711,-182.7783660888672,-2.593285322189331,1.9095240831375122,23.943843841552734,-0.986058148902139,0.09714152183773264,-0.1351031151333535,0.16633719587233606,0.5529195074033498,-0.8164630766924889,-0.004611317926033934,-0.8275527433752402,-0.5613690343072893,-17.18902587890625,-11.597087860107422,2.1275794506073
8.42,2.835551169269367,0.6670911647912736,0.30493272810595795,3.388856219913193,-16.72422218322754,-95.54670715332031,-182.53851318359375,-2.569572687149048,2.007920742034912,24.021589279174805,-0.9915977001410469,0.12935688558724953,0.0008928752175146881,0.08851306770747476,0.6835066700320364,-0.7245578436996795,-0.09433683225548126,-0.7183908603071759,-0.6892134168072449,-17.274282455444336,-11.856033325195312,2.019728183746338
8.43,2.835551169269367,0.6670911647912736,0.30493272810595795,3.388856219913193,-16.749858856201172,-95.52627563476562,-182.2980499267578,-2.558871269226074,2.068464994430542,24.058137893676758,-0.980329020567039,0.13634906930768947,0.14270228706295163,0.023189272765187785,0.7975802972472807,-0.6027668928131015,-0.19600323737808995,-0.5876007154027861,-0.78505294738345,-17.282367706298828,-12.155204772949219,1.899137258529663
8.44,2.835551169269367,0.6670911647912736,0.30493272810595795,3.388856219913193,-16.77542495727539,-95.50543975830078,-182.05743408203125,-2.5553348064422607,2.0962777137756348,24.053848266601562,-0.951589220609229,0.11722065288713379,0.2841430515726789,-0.026756948891512082,0.8893252976652025,-0.45649159972415265,-0.30620584727652894,-0.441995286704975,-0.84313589985497,-17.220779418945312,-12.485974311828613,1.7666431665420532
8.45,2.835551169269367,0.6670911647912736,0.30493272810595795,3.388856219913193,-16.800992965698242,-95.48440551757812,-181.81698608398438,-2.559474229812622,2.1096248626708984,24.03537368774414,-0.9053724757007544,0.07249674799987617,0.4183836777085467,-0.05850033701231262,0.9546247805198578,-0.292008970730111,-0.42056912727033646,-0.2888524709031506,-0.8600499167142637,-17.159040451049805,-12.80038070678711,1.6303277015686035
8.46,2.835551169269367,0.6670911647912736,0.30493272810595795,3.388856219913193,-16.826644897460938,-95.46327209472656,-181.5767364501953,-2.57258939743042,2.1109633445739746,24.017547607421875,-0.8425681339879628,0.0039493119185870715,0.5385752895588624,-0.06975824144168852,0.9907499153824796,-0.11639756406631985,-0.5340531128445988,-0.13564294343967787,-0.8344988103982024,-17.108154296875,-13.091708183288574,1.491456151008606
8.47,2.835551169269367,0.6670911647912736,0.30493272810595795,3.388856219913193,-16.852474212646484,-95.44219207763672,-181.33656311035156,-2.595214366912842,2.1012911796569824,24.01260757446289,-0.7649969632360314,-0.08549050812541284,0.6383345668692159,-0.059116067799450854,0.9962873777692027,0.06258395501801806,-0.6413150058805589,0.01014070600231053,-0.7672106811783801,-17.070871353149414,-13.359009742736816,1.3503239154815674
8.48,0.3122261163883069,0.016267026411222525,3.730964833299081,3.7573299109605505,-16.878578186035156,-95.42127227783203,-181.0963592529297,-2.6270902156829834,2.0816614627838135,24.029571533203125,-0.6753711128719948,-0.19184273692576626,0.7120886350636939,-0.02618216627862964,0.9712012404680723,0.23681774570803632,-0.7370131301862957,0.14129584141831353,-0.6609441210351217,-17.048725128173828,-13.602102279663086,1.207080602645874
8.49,0.3122261163883069,0.016267026411222525,3.730964833299081,3.7573299109605505,-16.905048370361328,-95.40059661865234,-180.85586547851562,-2.669217348098755,2.0522701740264893,24.074281692504883,-0.575949895472198,-0.3100329250695144,0.756413447314632,0.028931480104919388,0.9169832902609987,0.3978751246824213,-0.8169728804339245,0.251040297073905,-0.5191667187720557,-16.949214935302734,-14.30752182006836,1.0703779458999634
8.5,0.3122261163883069,0.016267026411222525,3.730964833299081,3.7573299109605505,-16.931989669799805,-95.38026428222656,-180.61477661132812,-2.7197132110595703,2.013604164123535,24.144248962402344,-0.46573430009896666,-0.43401389494267106,0.7711831823296058,0.10765194439315418,0.8372076124253454,0.5361851103540886,-0.8783522189757929,0.332739166155331,-0.34319386172622046,-16.7730770111084,-15.440946578979492,0.9350448846817017
8.51,0.3122261163883069,0.016267026411222525,3.730964833299081,3.7573299109605505,-16.959455490112305,-95.3603515625,-180.37290954589844,-2.774078845977783,1.9675030708312988,24.22947883605957,-0.347385737024984,-0.5581456137690599,0.7535228089062521,0.2095258295282893,0.7370501401405147,0.6425387285443032,-0.9140142649171789,0.38109128138702797,-0.139094783434542,-16.59531021118164,-16.612590789794922,0.792076826095581
8.52,0.3122261163883069,0.016267026411222525,3.730964833299081,3.7573299109605505,-16.987468719482422,-95.34092712402344,-180.13018798828125,-2.8281047344207764,1.9155268669128418,24.31454086303711,-0.22633305509714063,-0.6766333284002298,0.7006715971611965,0.33126140002068316,0.622991691044284,0.7086234809446559,-0.9159908476762921,0.3924903715861204,0.08313889093232796,-16.43063735961914,-17.767444610595703,0.6405187249183655
8.53,0.3122261163883069,0.016267026411222525,3.730964833299081,3.7573299109605505,-17.016000747680664,-95.3220443725586,-179.88668823242188,-2.8768718242645264,1.8593635559082031,24.379186630249023,-0.10965213783329764,-0.7835019082973468,0.611638102445395,0.4668779801754491,0.5026435829829181,0.727581184551516,-0.8774972138393833,0.3653411942014072,0.31068384496720974,-16.285451889038086,-18.89739418029785,0.4804691672325134
8.54,2.221209413734077,3.433377063338989,1.0896361071063114,0.8394466077958546,-17.044971466064453,-95.30374145507812,-179.6427459716797,-2.9151463508605957,1.8011494874954224,24.40233039855957,-0.005576918286284371,-0.872909896450044,0.48784957790491273,0.6078204568155324,0.3844323468439428,0.6948136893992634,-0.7940549038063964,0.3003998724694002,0.5284285442341117,-16.165136337280273,-20.000686645507812,0.31209495663642883
8.55,2.221209413734077,3.433377063338989,1.0896361071063114,0.8394466077958546,-17.074251174926758,-95.28601837158203,-179.39883422851562,-2.937795877456665,1.7444281578063965,24.36858558654785,0.07611950392952538,-0.9396740448141139,0.333494393692316,0.7417769080082939,0.2768733241570229,0.6108258189663359,-0.666312869354313,0.20088268186412328,0.7181039675840117,-16.17068862915039,-20.31658935546875,0.14054961502552032
8.56,2.221209413734077,3.433377063338989,1.0896361071063114,0.8394466077958546,-17.103668212890625,-95.26884460449219,-179.15557861328125,-2.942145824432373,1.692315936088562,24.274362564086914,0.12524988713303065,-0.9797022032035834,0.15651216825284758,0.853034105639703,0.18689501169396416,0.48724025820880673,-0.5066016979725145,0.07248343011997688,0.8591279718234109,-16.29868507385254,-19.899595260620117,-0.02753756195306778
8.57,2.221209413734077,3.433377063338989,1.0896361071063114,0.8394466077958546,-17.13303565979004,-95.25215911865234,-178.91351318359375,-2.9281370639801025,1.6474825143814087,24.130599975585938,0.13875984181461182,-0.9898175503700846,-0.03173205443946342,0.9341263044611763,0.12017767574122756,0.3361032186206231,-0.3288673799775373,-0.07627937619567635,0.9412904456935216,-16.471393585205078,-19.35797882080078,-0.19253778457641602
8.58,2.221209413734077,3.433377063338989,1.0896361071063114,0.8394466077958546,-17.16217613220215,-95.2358627319336,-178.67303466796875,-2.897538185119629,1.6128982305526733,23.95989990234375,0.117488673701022,-0.9685347126392149,-0.2194012806818777,0.9822741985915852,0.08084478871040823,0.1691198359732783,-0.14606098155645092,-0.2353818823767937,0.9608650056670414,-16.675819396972656,-18.776304244995117,-0.3544948995113373
8.59,2.221209413734077,3.433377063338989,1.0896361071063114,0.8394466077958546,-17.190940856933594,-95.2198486328125,-178.4342803955078,-2.8535563945770264,1.5909557342529297,23.78996467590332,0.06463037428184121,-0.9162581450803698,-0.39534026647189535,0.9974620403320661,0.07117509599758659,-0.0018930943785578636,0.029872944561608106,-0.39421455742224243,0.91853279195661,-16.908029556274414,-18.165813446044922,-0.5133463740348816
8.6,2.7488654412824003,3.3370705210761384,4.141680339436271,3.6379292305229836,-17.21921157836914,-95.20398712158203,-178.19708251953125,-2.7999775409698486,1.5830466747283936,23.646963119506836,-0.014835004813649078,-0.8352141005609139,-0.5497247755526424,0.9819469865369888,0.09151705167401514,-0.1655437853977696,0.1885736945151846,-0.5422564296318853,0.8187783132568758,-17.16524314880371,-17.527742385864258,-0.668961226940155
8.61,2.7488654412824003,3.3370705210761384,4.141680339436271,3.6379292305229836,-17.246854782104492,-95.18811798095703,-177.96121215820312,-2.7224981784820557,1.5962659120559692,23.528274536132812,-0.11548302844474911,-0.7294368870758641,-0.6742295587663761,0.9394310211939114,0.14030730198144797,-0.3127030818991898,0.3226964929462264,-0.6695040618127419,0.6690525275764574,-17.37757682800293,-17.240449905395508,-0.8226976990699768
8.62,2.7488654412824003,3.3370705210761384,4.141680339436271,3.6379292305229836,-17.27358055114746,-95.17198181152344,-177.72634887695312,-2.620244026184082,1.635870099067688,23.45363998413086,-0.23388220638426083,-0.6050725557843162,-0.76104291322728,0.8726711501190285,0.21445841581752165,-0.43869425758148534,0.4286539131826066,-0.7667429752672497,0.47787135569268413,-17.55214500427246,-17.276885986328125,-0.9779870510101318
8.63,2.7488654412824003,3.3370705210761384,4.141680339436271,3.6379292305229836,-17.299238204956055,-95.15534210205078,-177.49192810058594,-2.510340929031372,1.69523286819458,23.444368362426758,-0.36432955842083,-0.4694508972695097,-0.8042883984701849,0.7850611702962651,0.3097431379437303,-0.5364122923552643,0.5009420443064659,-0.8268464449640109,0.2556990901361116,-17.74490737915039,-17.333433151245117,-1.1355273723602295
8.64,2.7488654412824003,3.3370705210761384,4.141680339436271,3.6379292305229836,-17.32378578186035,-95.13804626464844,-177.2572784423828,-2.3992185592651367,1.7684751749038696,23.492956161499023,-0.4994298688856964,-0.33074483371871954,-0.8007356998618161,0.6815698033518864,0.4205673125423859,-0.5988202892185149,0.5348199783326039,-0.844826012022151,0.015381813516666482,-17.963918685913086,-17.3666934967041,-1.2954038381576538
8.65,0.707452618408394,3.1501109556358218,0.9311501521526898,1.0092953522551649,-17.347232818603516,-95.11996459960938,-177.02194213867188,-2.291243076324463,1.848996877670288,23.580955505371094,-0.6311849219940486,-0.19763617757252044,-0.7500303564269182,0.5684168965709258,0.540075884718463,-0.620661155896071,0.5277384067320137,-0.8180818908031716,-0.2285480124609775,-18.210376739501953,-17.369556427001953,-1.4576021432876587
8.66,0.707452618408394,3.1501109556358218,0.9311501521526898,1.0092953522551649,-17.369728088378906,-95.10113525390625,-176.78565979003906,-2.217236042022705,1.9061765670776367,23.67247200012207,-0.751088719744768,-0.07836179048618236,-0.655534259107764,0.45321267254338987,0.660812593175865,-0.5982683262101267,0.48006667090961797,-0.7464490247109901,-0.46081432810815287,-18.672182083129883,-17.08681297302246,-1.619374394416809
8.67,0.707452618408394,3.1501109556358218,0.9311501521526898,1.0092953522551649,-17.39166831970215,-95.0819091796875,-176.54859924316406,-2.17236590385437,1.9365296363830566,23.733186721801758,-0.8504648109326254,0.020581076640121987,-0.525629170280405,0.34552138236281643,0.7753046221262585,-0.5286943514354466,0.3966416262766958,-0.6312520591601999,-0.666480500923009,-19.329509735107422,-16.53121566772461,-1.7796915769577026
8.68,0.707452618408394,3.1501109556358218,0.9311501521526898,1.0092953522551649,-17.4132022857666,-95.06243896484375,-176.31109619140625,-2.1344590187072754,1.9554470777511597,23.756744384765625,-0.9245505328413958,0.09236361577630017,-0.36969619243835794,0.25302545905906726,0.8742330961667698,-0.4143604839202358,0.2849288144267611,-0.4766397550009774,-0.8316430211707236,-20.026832580566406,-15.900960922241211,-1.9395673274993896
8.69,0.707452618408394,3.1501109556358218,0.9311501521526898,1.0092953522551649,-17.43437957763672,-95.04283905029297,-176.07354736328125,-2.1022188663482666,1.9631935358047485,23.744199752807617,-0.9713063402631625,0.13113083979777918,-0.19841546365772694,0.18142913611016948,0.947954680115469,-0.2616589249719876,0.15377731280946222,-0.2901493189740548,-0.9445453460602053,-20.739986419677734,-15.221628189086914,-2.098430633544922
8.7,0.707452618408394,3.1501109556358218,0.9311501521526898,1.0092953522551649,-17.45526885986328,-95.02323150634766,-175.83627319335938,-2.0772600173950195,1.9592283964157104,23.70652198791504,-0.9908304843738426,0.13300688990688805,-0.02375117834537048,0.13450065701724404,0.9876841166541582,-0.07993534244015515,0.012826710311935502,-0.08239692316095398,-0.9965170457930871,-21.462858200073242,-14.494831085205078,-2.255396604537964
8.71,2.344990801093094,3.414889986635291,2.319383281292515,2.851858610266266,-17.4759578704834,-95.00370788574219,-175.5994415283203,-2.061431407928467,1.9440354108810425,23.6622257232666,-0.9851813482673797,0.09666253429523958,0.14168297529939766,0.11389898007533808,0.986331559103441,0.11906753484629296,-0.12823702025493977,0.1334406608953848,-0.9827252193039198,-22.191476821899414,-13.7191801071167,-2.409440517425537
8.72,2.344990801093094,3.414889986635291,2.319383281292515,2.851858610266266,-17.496551513671875,-94.9843978881836,-175.3629150390625,-2.061094045639038,1.9138239622116089,23.654539108276367,-0.9580190365113918,0.023738605803588227,0.2857201502804573,0.11919303083116783,0.9393400762659724,0.32161038932521774,-0.26075380550063987,0.3421647259948631,-0.9027351511942997,-22.85138511657715,-12.986248970031738,-2.563167095184326
8.73,2.344990801093094,3.414889986635291,2.319383281292515,2.851858610266266,-17.51724624633789,-94.96549987792969,-175.12620544433594,-2.081282377243042,1.8628911972045898,23.693553924560547,-0.9137784060160763,-0.08090564739553166,0.3980744916698743,0.14834462048644534,0.8458183320583228,0.5124307004140264,-0.3781572401415203,0.5273003180101327,-0.7608886096893301,-23.44711685180664,-12.289480209350586,-2.7159805297851562
8.74,2.344990801093094,3.414889986635291,2.319383281292515,2.851858610266266,-17.538230895996094,-94.94718933105469,-174.88893127441406,-2.116943597793579,1.7953619956970215,23.764272689819336,-0.8576121950054021,-0.20955586314645083,0.46966760927166606,0.1977426892623175,0.7086640391904948,0.677268859760671,-0.47476220555276194,0.6737073695449375,-0.5663207822422891,-24.032991409301758,-11.554286003112793,-2.86426043510437
8.75,2.344990801093094,3.414889986635291,2.319383281292515,2.851858610266266,-17.55962562561035,-94.92961883544922,-174.6508331298828,-2.162721872329712,1.714872121810913,23.85747718811035,-0.7951311435366062,-0.3520149759930502,0.4938136503325736,0.2624401380707716,0.534350756908992,0.8034889187289279,-0.5467098302642485,0.768475585342436,-0.3324960694881025,-24.612977981567383,-10.770029067993164,-3.0065436363220215
8.76,2.344990801093094,3.414889986635291,2.319383281292515,2.851858610266266,-17.581501007080078,-94.91291046142578,-174.41175842285156,-2.2121803760528564,1.6248036623001099,23.955610275268555,-0.7318388549416239,-0.49616593924803465,0.4671522783074579,0.33670656796877474,0.3327193917545095,0.8808668988202465,-0.5924867741008417,0.8019458629362864,-0.07643464813128453,-25.183820724487305,-9.935458183288574,-3.1416096687316895
8.77,3.012149822833679,2.2530062931619823,3.6635817759999414,2.4844925877119546,-17.603858947753906,-94.89714050292969,-174.17178344726562,-2.2579026222229004,1.52891206741333,24.034500122070312,-0.6725914130995082,-0.6288049416085326,0.3901603983408577,0.41464005756994377,0.11646994430207838,0.9025011771364427,-0.6129391598545493,0.7687906720837349,0.18239103276707117,-25.741172790527344,-9.051095962524414,-3.2682247161865234
8.78,3.012149822833679,2.2530062931619823,3.6635817759999414,2.4844925877119546,-17.62662696838379,-94.8823471069336,-173.9312286376953,-2.293102502822876,1.4296317100524902,24.06894302368164,-0.621021333266577,-0.7364570875050851,0.2682600639143483,0.4910778351089129,-0.09884276013572965,0.8654898431717692,-0.6108805640160327,0.6692242277684497,0.4230412148658518,-26.00669288635254,-8.223671913146973,-3.385416030883789
8.79,3.012149822833679,2.2530062931619823,3.6635817759999414,2.4844925877119546,-17.64966583251953,-94.86853790283203,-173.69064331054688,-2.3109302520751953,1.3325401544570923,24.041379928588867,-0.579105301688308,-0.8072984304942296,0.11360586991017327,0.5625645223566028,-0.29485555107424644,0.7723867957095005,-0.5900493265331137,0.5112039202923389,0.6249098688095451,-26.000106811523438,-7.459553241729736,-3.492466926574707
8.8,3.012149822833679,2.2530062931619823,3.6635817759999414,2.4844925877119546,-17.672775268554688,-94.85565948486328,-173.45065307617188,-2.306731700897217,1.2451112270355225,23.949724197387695,-0.5478394365306022,-0.8343737444899907,-0.06076517331156214,0.626008753385961,-0.4570448357974225,0.6318410074971887,-0.5549639560061423,0.3081078911301349,0.7727124529586369,-25.939414978027344,-6.683825969696045,-3.5888142585754395
8.81,3.012149822833679,2.2530062931619823,3.6635817759999414,2.4844925877119546,-17.695724487304688,-94.84356689453125,-173.21182250976562,-2.2794132232666016,1.173013687133789,23.807350158691406,-0.5271354560072514,-0.8147233554857714,-0.24156586067992433,0.6793741621277913,-0.5748044315512884,0.4561256551676982,-0.5104693515316945,0.07632640103532862,0.8565017931398657,-25.852428436279297,-5.889193058013916,-3.6741085052490234
8.82,2.2511243265755683,3.222381172962722,3.6601114343466907,3.710302970549704,-17.718292236328125,-94.83211517333984,-172.97457885742188,-2.2305703163146973,1.1206599473953247,23.639616012573242,-0.5159451315867414,-0.749011935292633,-0.41567023225283384,0.7219377152243038,-0.6413931577959258,0.25965506440137603,-0.46109278516221885,-0.16612025138963482,0.871663642438752,-25.740612030029297,-5.077978610992432,-3.7480854988098145
8.83,2.2511243265755683,3.222381172962722,3.6601114343466907,3.710302970549704,-17.740266799926758,-94.82107543945312,-172.73902893066406,-2.1604015827178955,1.089745044708252,23.471338272094727,-0.512695583252303,-0.6408315846128332,-0.5713826380598086,0.7541479970488394,-0.654221715984376,0.057050371442108255,-0.4103706098891644,-0.4016575985800144,0.818698440234334,-25.832653045654297,-4.322360038757324,-3.810016632080078
8.84,2.2511243265755683,3.222381172962722,3.6601114343466907,3.710302970549704,-17.761442184448242,-94.81023406982422,-172.50503540039062,-2.07194447517395,1.083627700805664,23.332185745239258,-0.5160388012223198,-0.49482523433462167,-0.6991794784593706,0.7770827851900163,-0.6138320527159244,-0.13911346455279358,-0.3603419217831278,-0.6151082819506181,0.7012813279144118,-26.113462448120117,-3.6102893352508545,-3.861556053161621
8.85,2.2511243265755683,3.222381172962722,3.6601114343466907,3.710302970549704,-17.78167152404785,-94.79932403564453,-172.2721710205078,-1.972255825996399,1.1030545234680176,23.24811363220215,-0.5244116998814714,-0.31862229948228105,-0.7896025578099712,0.7919657730727775,-0.5230942354786396,-0.3149009925202765,-0.3127020679635222,-0.7904759648981371,0.5266546929532628,-26.398462295532227,-2.8843584060668945,-3.903592348098755
8.86,2.2511243265755683,3.222381172962722,3.6601114343466907,3.710302970549704,-17.800867080688477,-94.78810119628906,-172.0398712158203,-1.866659164428711,1.145111322402954,23.228652954101562,-0.5362093050627599,-0.12280601516076245,-0.835103744336263,0.8002680891775173,-0.38858371008446113,-0.45669868151896437,-0.2684223660730922,-0.9131929603853337,0.3066399362353065,-26.660486221313477,-2.139378070831299,-3.9357523918151855
8.87,2.2511243265755683,3.222381172962722,3.6601114343466907,3.710302970549704,-17.818998336791992,-94.7763671875,-171.80743408203125,-1.7598934173583984,1.204674482345581,23.26877784729004,-0.5501062993028524,0.08000875795935353,-0.8312530650272048,0.8034810469333753,-0.22057952916262727,-0.55295829728221,-0.22759891626756024,-0.9720819255413584,0.05705666788059813,-26.894657135009766,-1.3777329921722412,-3.9575541019439697
8.88,0.9977278096839163,0.7181838972115931,2.8884177936130073,3.912726793099497,-17.83607292175293,-94.76396942138672,-171.57435607910156,-1.6564079523086548,1.2747632265090942,23.351112365722656,-0.565260675792278,0.2761578504383202,-0.7773140999905661,0.8028243346760764,-0.03242972136548607,-0.595333016742791,-0.18961396587480733,-0.960565018524745,-0.20337499632890987,-27.099397659301758,-0.6030597686767578,-3.9685680866241455
8.89,0.9977278096839163,0.7181838972115931,2.8884177936130073,3.912726793099497,-17.852203369140625,-94.75089263916016,-171.34036254882812,-1.5754051208496094,1.3350944519042969,23.444610595703125,-0.5819468850063467,0.4519376847978495,-0.6760844267478503,0.7985664150962548,0.16043083937984695,-0.5801324214834005,-0.15371891136657795,-0.8775045725438915,-0.45426448403197534,-27.25495147705078,-0.041981350630521774,-3.973721504211426
8.9,0.9977278096839163,0.7181838972115931,2.8884177936130073,3.912726793099497,-17.86764907836914,-94.73731231689453,-171.10552978515625,-1.5162285566329956,1.3793449401855469,23.517772674560547,-0.602048061873617,0.5944065491473529,-0.5331219236956566,0.7892804237359619,0.3420842328103742,-0.5099164543037601,-0.12072507569433236,-0.7277769108684843,-0.6751046023434625,-27.3734188079834,0.31860655546188354,-3.9765472412109375
8.91,0.9977278096839163,0.7181838972115931,2.8884177936130073,3.912726793099497,-17.882564544677734,-94.72334289550781,-170.87013244628906,-1.4686144590377808,1.4120280742645264,23.558650970458984,-0.6256657287520073,0.6928431414396511,-0.3584839985623556,0.7746547841703652,0.49765780098840157,-0.39018800401518405,-0.0919367240398761,-0.5218286064173024,-0.8480816849203805,-27.475666046142578,0.6550288200378418,-3.97489857673645
8.92,0.9977278096839163,0.7181838972115931,2.8884177936130073,3.912726793099497,-17.897066116333008,-94.70912170410156,-170.63449096679688,-1.433603286743164,1.4306970834732056,23.566810607910156,-0.6521881888636639,0.7398010860218556,-0.1653629929204736,0.7549560184995758,0.6141668706652376,-0.2298705398882972,-0.06849800316798743,-0.2747606378252755,-0.9590696614239479,-27.564504623413086,0.990269124507904,-3.9684031009674072
8.93,0.9977278096839163,0.7181838972115931,2.8884177936130073,3.912726793099497,-17.911287307739258,-94.69477844238281,-170.39889526367188,-1.41323983669281,1.4334893226623535,23.553918838500977,-0.6808134943865863,0.7317881541522521,0.03129030686275392,0.73064488030435,0.6815123284997974,-0.04121898819508278,-0.05148829717681171,-0.005200340875750536,-0.9986600581321997,-27.640338897705078,1.3258436918258667,-3.956968069076538
8.94,1.8841052067230217,3.589273862154429,1.1593765880016451,0.0026515759062602506,-17.925384521484375,-94.68048858642578,-170.16343688964844,-1.4088586568832397,1.4200862646102905,23.539392471313477,-0.710580896732029,0.6696389657109858,0.21600565918750037,0.7023646870816087,0.6933628919104046,0.16103337064842954,-0.041936088757290324,0.26614198414222756,-0.9630211881036567,-27.703353881835938,1.6603422164916992,-3.9405689239501953
8.95,1.8841052067230217,3.589273862154429,1.1593765880016451,0.0026515759062602506,-17.939510345458984,-94.66641235351562,-169.92808532714844,-1.4179515838623047,1.3936816453933716,23.534988403320312,-0.7410659793139154,0.5586829919588002,0.3724171435359424,0.6703101491277014,0.6476461223574126,0.36226896661431846,-0.038801008748566845,0.5181001975403701,-0.8544393875686696,-27.73131561279297,2.647646427154541,-3.908297300338745
8.96,1.8841052067230217,3.589273862154429,1.1593765880016451,0.0026515759062602506,-17.95377540588379,-94.65264892578125,-169.69265747070312,-1.436962604522705,1.358464002609253,23.556434631347656,-0.7748871415329751,0.4097010325424667,0.481347049248764,0.6310198663876311,0.5458828875573029,0.5512039561688918,-0.03693028717721508,0.7308604087004152,-0.6815271211648667,-27.69480323791504,4.232661247253418,-3.8486597537994385
8.97,1.8841052067230217,3.589273862154429,1.1593765880016451,0.0026515759062602506,-17.96827507019043,-94.63927459716797,-169.4568328857422,-1.4643275737762451,1.3149101734161377,23.613162994384766,-0.8132081896733424,0.23806205359831484,0.5310545159253971,0.5806474244720656,0.39344477914230525,0.7127761038500233,-0.03925568369244947,0.8879908019806373,-0.4581826348691346,-27.597919464111328,5.880602836608887,-3.7642083168029785
8.98,1.8841052067230217,3.589273862154429,1.1593765880016451,0.0026515759062602506,-17.983076095581055,-94.62638092041016,-169.22030639648438,-1.496029019355774,1.2641688585281372,23.695148468017578,-0.8541893066225086,0.06147437927550217,0.5163153388622594,0.5173366109260118,0.200142194583447,0.8320492370905161,-0.052186774640194084,0.9778363884822519,-0.20276226945031023,-27.44565200805664,7.509696960449219,-3.655946731567383
8.99,1.6619493740412787,2.5089797064018646,4.161443588362979,0.005944422523857968,-17.998193740844727,-94.61402130126953,-168.98292541503906,-1.526776671409607,1.2079352140426636,23.780885696411133,-0.8933741338944725,-0.10179113948983404,0.4376313754858787,0.441695068492212,-0.020359340540855322,0.8969342025602555,-0.08239006832113407,0.9945974367421738,0.06314915255121177,-27.244178771972656,9.102118492126465,-3.5248546600341797
9.0,1.6619493740412787,2.5089797064018646,4.161443588362979,0.005944422523857968,-18.013601303100586,-94.60225677490234,-168.74478149414062,-1.5539703369140625,1.1413002014160156,23.843021392822266,-0.9239255077469142,-0.2343325817281744,0.30240684065545737,0.3579856290002875,-0.2507498622738349,0.899428038254824,-0.13493682063793871,0.9392618099924329,0.3155618904840435,-26.704362869262695,10.34520149230957,-3.369619369506836
9.01,1.6619493740412787,2.5089797064018646,4.161443588362979,0.005944422523857968,-18.029239654541016,-94.59123229980469,-168.50621032714844,-1.570582628250122,1.068166732788086,23.857515335083008,-0.9380323829769225,-0.3222717693128433,0.1274211724581365,0.2754426667158859,-0.4702090174636096,0.8384717152345381,-0.21030117888180755,0.8216108486381352,0.5298386806954033,-25.86804962158203,11.242237091064453,-3.1995608806610107
9.02,1.6619493740412787,2.5089797064018646,4.161443588362979,0.005944422523857968,-18.044958114624023,-94.58089447021484,-168.26779174804688,-1.5701565742492676,0.9989530444145203,23.817245483398438,-0.9306798421023105,-0.3592093966150757,-0.06930830316673506,0.20189308099288555,-0.6623025780316977,0.7215223343596284,-0.3050806702359541,0.6575134253503883,0.6889135505507065,-24.985702514648438,12.029195785522461,-3.0225167274475098
9.03,1.6619493740412787,2.5089797064018646,4.161443588362979,0.005944422523857968,-18.06058120727539,-94.57121276855469,-168.03001403808594,-1.5513505935668945,0.9390625953674316,23.73090362548828,-0.8990360049820939,-0.3444892429364871,-0.27029876663958724,0.14391791745448276,-0.8154727240922369,0.5606174001020221,-0.41354793528852346,0.46511439212588557,0.7827175144686408,-24.09680938720703,12.740506172180176,-2.841043472290039
9.04,1.6619493740412787,2.5089797064018646,4.161443588362979,0.005944422523857968,-18.075929641723633,-94.56207275390625,-167.7932586669922,-1.5153214931488037,0.8925139307975769,23.619396209716797,-0.8423293969460967,-0.2819545627177,-0.4593286531483705,0.10694458056525724,-0.9227372226320533,0.37029565843661455,-0.5282461961322076,0.26278820851011425,0.8074022007276783,-23.21095085144043,13.382935523986816,-2.656827688217163
9.05,3.5745891776106493,2.9779482964195987,3.959076338495098,0.045005841781632056,-18.090837478637695,-94.55331420898438,-167.5576171875,-1.4648497104644775,0.8620839715003967,23.50916290283203,-0.7619073284089702,-0.17892370983929254,-0.6224817499124375,0.09479885480146863,-0.9815419107615476,0.16609832794733506,-0.6407108552576863,0.06754097627303776,0.7648057377393617,-22.33313751220703,13.959961891174316,-2.4712941646575928
9.06,3.5745891776106493,2.9779482964195987,3.959076338495098,0.045005841781632056,-18.10516357421875,-94.5447769165039,-167.32301330566406,-1.3964600563049316,0.8483855128288269,23.41722297668457,-0.6606612976221362,-0.04528837724392864,-0.749316763932882,0.10935128315760365,-0.9933373277779531,-0.036376504982485174,-0.7426768790638499,-0.1059712986122506,0.6612118701100371,-21.37261390686035,14.652381896972656,-2.288592576980591
9.07,3.5745891776106493,2.9779482964195987,3.959076338495098,0.045005841781632056,-18.118717193603516,-94.53628540039062,-167.08917236328125,-1.3126120567321777,0.8546342849731445,23.363304138183594,-0.5415356954084257,0.10723484695446421,-0.8338103970311032,0.1507831018842165,-0.9633577457468135,-0.2218249532757583,-0.827045069379346,-0.24585064837878912,0.5055234039162205,-20.33414649963379,15.44921588897705,-2.1081063747406006
9.08,3.5745891776106493,2.9779482964195987,3.959076338495098,0.045005841781632056,-18.13139533996582,-94.52762603759766,-166.85556030273438,-1.2227423191070557,0.8803820013999939,23.36113929748535,-0.40957129732528974,0.2673608544583976,-0.8722210304220798,0.21768340058487232,-0.8998320418185178,-0.3780426346677357,-0.8859262325482212,-0.34470345228905475,0.3103453567606936,-19.294567108154297,16.211252212524414,-1.9280664920806885
9.09,3.5745891776106493,2.9779482964195987,3.959076338495098,0.045005841781632056,-18.14316749572754,-94.51861572265625,-166.62176513671875,-1.1318203210830688,0.9220456480979919,23.40699005126953,-0.2714580094609644,0.42480722781594343,-0.8636257107652734,0.3065293959070499,-0.812433267670815,-0.49597572019866093,-0.9123323290031706,-0.39936324915677274,0.09032561474241667,-18.267736434936523,16.922626495361328,-1.749362826347351
9.1,3.5745891776106493,2.9779482964195987,3.959076338495098,0.045005841781632056,-18.154041290283203,-94.50914001464844,-166.38731384277344,-1.0437934398651123,0.9748818278312683,23.486846923828125,-0.13471733011690723,0.5707360906240077,-0.810007133194145,0.41186593074265765,-0.7112443468860618,-0.5696472014467412,-0.9012312112103404,-0.41035569190867127,-0.13924981170004908,-17.258176803588867,17.584871292114258,-1.5730963945388794
9.11,4.173609029208483,2.8760621352623503,3.4961173885461374,1.2138899526219349,-18.164066314697266,-94.49909973144531,-166.1519775390625,-0.9622327089309692,1.03341805934906,23.581209182739258,-0.007096416609936453,0.6981653501822116,-0.7159013791551513,0.5267146234428963,-0.6059460835101914,-0.5961552225134557,-0.8500125565676696,-0.3813062911671005,-0.36343385367035375,-16.268661499023438,18.201923370361328,-1.4002525806427002
9.12,4.173609029208483,2.8760621352623503,3.4961173885461374,1.2138899526219349,-18.173301696777344,-94.48845672607422,-165.9156951904297,-0.8867114186286926,1.09523606300354,23.67288589477539,0.10393465081431136,0.8023436518668637,-0.5877433561249777,0.6430588408864298,-0.5050201287742997,-0.5756995715567201,-0.7587311220174829,-0.31811842738473184,-0.568443269500446,-15.373406410217285,18.76389503479004,-1.2360507249832153
9.13,4.173609029208483,2.8760621352623503,3.4961173885461374,1.2138899526219349,-18.18183135986328,-94.47720336914062,-165.67857360839844,-0.821759045124054,1.1542636156082153,23.74830436706543,0.19155493054662057,0.8808345023276153,-0.432940282362986,0.7524252462052262,-0.4150267653968959,-0.511477304361782,-0.6302086618385092,-0.227779199035936,-0.7422625405005048,-14.568065643310547,19.277759552001953,-1.0800690650939941
9.14,4.173609029208483,2.8760621352623503,3.4961173885461374,1.2138899526219349,-18.18979263305664,-94.46540832519531,-165.44081115722656,-0.7735089659690857,1.2026114463806152,23.798583984375,0.2502539582808675,0.9324932970693379,-0.2604404102391055,0.8465490543206747,-0.3412836218290105,-0.4085097160411786,-0.4698166184731328,-0.11824440955930524,-0.8748088960535565,-13.795689582824707,19.759248733520508,-0.9288656711578369
9.15,4.173609029208483,2.8760621352623503,3.4961173885461374,1.2138899526219349,-18.19736671447754,-94.45320892333984,-165.2026824951172,-0.7443307042121887,1.2359516620635986,23.82521629333496,0.2761729674483294,0.9577609700505321,-0.0801399794025916,0.9178227760398892,-0.28755831818903277,-0.27369977241993926,-0.28518387723224387,0.002034179972080913,-0.9584706663631525,-13.049083709716797,20.213224411010742,-0.7822627425193787
9.16,3.8856692597806237,1.8662593051042937,2.2884170767799383,3.824840374305089,-18.204748153686523,-94.44075775146484,-164.96435546875,-0.735230565071106,1.251691460609436,23.837677001953125,0.2673561255456917,0.958624204479334,0.09777697438333743,0.9597710492256055,-0.2558856769203161,-0.1155943485444306,-0.08579181313841097,0.12474836645581819,-0.9884723617102444,-12.327768325805664,20.64291000366211,-0.6404703259468079
9.17,3.8856692597806237,1.8662593051042937,2.2884170767799383,3.824840374305089,-18.212139129638672,-94.4282455444336,-164.72592163085938,-0.7461621165275574,1.248679518699646,23.85019874572754,0.22400740155488533,0.9381538559066555,0.26398489861373275,0.9675477831526597,-0.2465733627060656,0.055252729527120265,0.1169272054100433,0.24304098306931163,-0.9629429418110401,-11.872316360473633,20.862926483154297,-0.5121277570724487
9.18,3.8856692597806237,1.8662593051042937,2.2884170767799383,3.824840374305089,-18.219736099243164,-94.41585540771484,-164.4873046875,-0.7761447429656982,1.2269762754440308,23.876352310180664,0.14890047480681337,0.8990956228461785,0.41164998430845107,0.939253812875659,-0.2587805065391486,0.22546601613963546,0.3092424996678856,0.35307182047592545,-0.8830115321925155,-11.664639472961426,20.891616821289062,-0.3947702944278717
9.19,3.8856692597806237,1.8662593051042937,2.2884170767799383,3.824840374305089,-18.227718353271484,-94.40376281738281,-164.24832153320312,-0.8231937289237976,1.1878960132598877,23.925207138061523,0.04671649007455004,0.8444194708118963,0.5336415715336194,0.8762316085611771,-0.29114665615173535,0.3839945217968024,0.47962041002589356,0.4496547363538159,-0.753508381082237,-11.511601448059082,20.881996154785156,-0.2804836928844452
9.2,3.8856692597806237,1.8662593051042937,2.2884170767799383,3.824840374305089,-18.236244201660156,-94.39214324951172,-164.00872802734375,-0.8844257593154907,1.1335076093673706,23.999279022216797,-0.07648418530028203,0.7778381245676994,0.6237932521019738,0.782007670257869,-0.34132564436516344,0.5214986175979438,0.6185581404013794,0.527697504701046,-0.5821693657995733,-11.386009216308594,20.85586166381836,-0.16801120340824127
9.21,3.8856692597806237,1.8662593051042937,2.2884170767799383,3.824840374305089,-18.245437622070312,-94.38113403320312,-163.76828002929688,-0.9561116695404053,1.0663518905639648,24.093168258666992,-0.21358092506287105,0.7035849210767798,0.6777547102622524,0.6618816559676696,-0.4060523679674963,0.6301064576414723,0.7185373072727567,0.5831721300794221,-0.378964912301714,-11.283872604370117,20.816572189331055,-0.057026512920856476
9.22,3.5559945580942607,1.4918810238380102,1.8629735120235331,3.4207670909127383,-18.255382537841797,-94.3708724975586,-163.52684020996094,-1.0337949991226196,0.9893784523010254,24.19408416748047,-0.3568044854837053,0.626162381932989,0.6932613003700073,0.5225760352561007,-0.4813486000299509,0.7037171396415043,0.7743415567530406,0.6133711736796992,-0.15547011540506922,-11.204347610473633,20.764917373657227,0.05267036333680153
9.23,3.5559945580942607,1.4918810238380102,1.8629735120235331,3.4207670909127383,-18.266098022460938,-94.36137390136719,-163.284423828125,-1.1075602769851685,0.9111480116844177,24.283599853515625,-0.49821022841302903,0.5501071371325927,0.6702004968518157,0.37179952631408686,-0.5627478030019728,0.7382953490636885,0.7832953980059237,0.6170065217582679,0.07583713846464674,-11.145204544067383,20.710052490234375,0.1611410528421402
9.24,3.5559945580942607,1.4918810238380102,1.8629735120235331,3.4207670909127383,-18.27750587463379,-94.3526382446289,-163.04124450683594,-1.1729849576950073,0.8352755308151245,24.344409942626953,-0.6301531791096967,0.47977481851503756,0.6105105194644928,0.2177412705519235,-0.6455276026916378,0.7320401992115055,0.7453158457703527,0.5942307949627395,0.30231449247691405,-11.106200218200684,20.65158462524414,0.2686111330986023
9.25,3.5559945580942607,1.4918810238380102,1.8629735120235331,3.4207670909127383,-18.28952980041504,-94.34466552734375,-162.7976837158203,-1.2295665740966797,0.7612519860267639,24.359651565551758,-0.7455882633240619,0.4191117117085341,0.5181153488386079,0.06872538650228766,-0.724972666448075,0.6853403929094503,0.662853651150479,0.546589430936888,0.5117274969596302,-11.088468551635742,20.582637786865234,0.3753698468208313
9.26,3.5559945580942607,1.4918810238380102,1.8629735120235331,3.4207670909127383,-18.302061080932617,-94.33740234375,-162.55426025390625,-1.2739243507385254,0.692202091217041,24.317541122436523,-0.8384884473060205,0.37147500398127176,0.3986771189213814,-0.06727013605970783,-0.7965937649925002,0.6007604367546034,0.5407511928131528,0.4769116217835204,0.6929238432028191,-11.09190559387207,20.502267837524414,0.4816005229949951
9.27,3.5559945580942607,1.4918810238380102,1.8629735120235331,3.4207670909127383,-18.31496238708496,-94.33079528808594,-162.3115692138672,-1.3032135963439941,0.6317507028579712,24.21563148498535,-0.904180602544335,0.33948270855708224,0.2592468487239733,-0.18306863093904985,-0.8563376821074106,0.4828785049771933,0.3859317483035899,0.38914941191482555,0.8364325560723231,-11.116247177124023,20.410310745239258,0.5874664783477783
9.28,1.5781009983769005,2.632288615470164,0.6006311148548291,0.3633745724471391,-18.328073501586914,-94.32473754882812,-162.0701141357422,-1.3158289194107056,0.583297610282898,24.061904907226562,-0.9395790231245547,0.3248969247619576,0.10785753374025905,-0.27267931495258674,-0.9007776178336779,0.3380024769241687,0.20697161762255298,0.2881695186693208,0.9349444250909228,-11.161175727844238,20.30661964416504,0.6931225657463074
9.29,1.5781009983769005,2.632288615470164,0.6006311148548291,0.3633745724471391,-18.341218948364258,-94.3190689086914,-161.830322265625,-1.3106616735458374,0.5560150742530823,23.896564483642578,-0.9432699897147874,0.32859995557731264,-0.04757936210220766,-0.33178007077591826,-0.9273191947723216,0.17320824357616307,0.012794965392351604,0.17916802226234727,0.9837352838336173,-11.330317497253418,20.433988571166992,0.8090543746948242
9.3,1.5781009983769005,2.632288615470164,0.6006311148548291,0.3633745724471391,-18.354249954223633,-94.31356811523438,-161.5921630859375,-1.2947359085083008,0.5448087453842163,23.74142074584961,-0.9145952372419469,0.35106493228525637,-0.20067128676991902,-0.35732895951517296,-0.9339633617289108,-0.005334195331592809,-0.18929227851698183,0.06682703246127304,0.9796441093714948,-11.621627807617188,20.772022247314453,0.9380238056182861
9.31,1.5781009983769005,2.632288615470164,0.6006311148548291,0.3633745724471391,-18.367088317871094,-94.30815124511719,-161.35546875,-1.27204430103302,0.5435188412666321,23.600936889648438,-0.8536299075824658,0.39219334577080156,-0.3427832557372891,-0.3462462342978089,-0.9188900961288642,-0.1890887000084187,-0.3891394687195557,-0.04272435803369587,0.9201875369267237,-11.956254959106445,21.123502731323242,1.0738266706466675
9.32,1.5781009983769005,2.632288615470164,0.6006311148548291,0.3633745724471391,-18.37967300415039,-94.30268859863281,-161.1200408935547,-1.24424409866333,0.5520551800727844,23.493425369262695,-0.7624042357506788,0.4507311524096205,-0.46430723616687153,-0.2970444887192949,-0.8812253675190602,-0.3677042607346158,-0.5748950800197513,-0.14241938031178583,0.8057371575648543,-12.324950218200684,21.459314346313477,1.215907096862793
9.33,1.5781009983769005,2.632288615470164,0.6006311148548291,0.3633745724471391,-18.391963958740234,-94.29708099365234,-160.88546752929688,-1.2130929231643677,0.5702428817749023,23.433629989624023,-0.6452036045178652,0.5240907842429201,-0.5559147044185782,-0.21056372300624596,-0.8214268198476736,-0.5300197149056687,-0.7344216958062331,-0.22491516068637613,0.6403420517368186,-12.728208541870117,21.77361488342285,1.3645142316818237
9.34,2.6100157831513733,0.3442477810003572,3.270901827267771,3.4085814301445025,-18.4039306640625,-94.29124450683594,-160.65122985839844,-1.180314064025879,0.5972071886062622,23.42732048034668,-0.5085441804109168,0.6083011051368135,-0.609387054391148,-0.09024477745414261,-0.7414944761578162,-0.6648622578923379,-0.8562935809127853,-0.2831178329190459,0.4319786985150795,-13.167863845825195,22.063478469848633,1.5200164318084717
9.35,2.6100157831513733,0.3442477810003572,3.270901827267771,3.4085814301445025,-18.415525436401367,-94.28506469726562,-160.41680908203125,-1.134555459022522,0.6462002396583557,23.462512969970703,-0.36198233080360426,0.6975689843862131,-0.6183577477547909,0.05659175982368492,-0.6456742096667584,-0.7615130909519978,-0.9304655635250821,-0.31064823674631503,0.1942459989301118,-13.414284706115723,21.839807510375977,1.6737943887710571
9.36,2.6100157831513733,0.3442477810003572,3.270901827267771,3.4085814301445025,-18.426593780517578,-94.27825927734375,-160.18186950683594,-1.0784462690353394,0.7163836359977722,23.532007217407227,-0.2192365274475742,0.7837576602857554,-0.5810845678351193,0.21625317513470388,-0.5417257285017639,-0.8122609182543454,-0.9514041776641977,-0.3037386459155825,-0.05072401502720717,-13.471705436706543,21.14142608642578,1.8188010454177856
9.37,2.6100157831513733,0.3442477810003572,3.270901827267771,3.4085814301445025,-18.437108993530273,-94.27074432373047,-159.94610595703125,-1.02532958984375,0.7919389605522156,23.621639251708984,-0.09057588689289015,0.8601404062527293,-0.5019506850727036,0.37684483532514623,-0.43694230733320055,-0.8167431604556614,-0.9218372843416185,-0.26313475937954095,-0.2845630327430837,-13.515923500061035,20.36054801940918,1.9580819606781006
9.38,2.6100157831513733,0.3442477810003572,3.270901827267771,3.4085814301445025,-18.447126388549805,-94.26246643066406,-159.70944213867188,-0.9795374274253845,0.8661370277404785,23.710166931152344,0.016910861516741343,0.9214397217252136,-0.38815314244473476,0.5289157517990216,-0.33768852189158705,-0.7785978356517254,-0.8485058339585164,-0.19213355097336876,-0.49307458698327433,-13.56830883026123,19.552085876464844,2.0920517444610596
9.39,1.969930009601761,0.8788187740641046,1.191445857169334,0.787067091393035,-18.45673179626465,-94.25345611572266,-159.47195434570312,-0.9438032507896423,0.9342555999755859,23.781526565551758,0.09862839048167274,0.963645507182177,-0.24831386807546468,0.6650659109555694,-0.24944887400366705,-0.7038910379761494,-0.7402430510824354,-0.09572144872444838,-0.6654905180228036,-13.628703117370605,18.723787307739258,2.220700740814209
9.4,1.969930009601761,0.8788187740641046,1.191445857169334,0.787067091393035,-18.46605682373047,-94.24385833740234,-159.23394775390625,-0.9242343902587891,0.9779209494590759,23.811925888061523,0.15244983425371952,0.984082510065361,-0.09132722167827051,0.7806773175933908,-0.17657270669431543,-0.5994706039880782,-0.6060544314095901,0.02009210377491044,-0.795169374117676,-13.745549201965332,18.198070526123047,2.3480939865112305
9.41,1.969930009601761,0.8788187740641046,1.191445857169334,0.787067091393035,-18.475252151489258,-94.23396301269531,-158.99586486816406,-0.9161949157714844,0.9999827146530151,23.799942016601562,0.17778548987650647,0.981197380289108,0.07512669634133015,0.8741008210319628,-0.12238862564583305,-0.4700731634371109,-0.45203990339417965,0.14924049459284147,-0.879424357470877,-13.922887802124023,17.950149536132812,2.4774580001831055
9.42,1.969930009601761,0.8788187740641046,1.191445857169334,0.787067091393035,-18.484407424926758,-94.22389221191406,-158.75802612304688,-0.9154860973358154,1.0129085779190063,23.76737403869629,0.17406191995157266,0.9543048127773034,0.2429089795228826,0.9423644585577052,-0.08984585420624641,-0.32229947212056215,-0.28574757264063577,0.2850088538835694,-0.9149416800747241,-14.123734474182129,17.721349716186523,2.607335329055786
9.43,1.969930009601761,0.8788187740641046,1.191445857169334,0.787067091393035,-18.493587493896484,-94.2137451171875,-158.52053833007812,-0.9223333597183228,1.018244981765747,23.730422973632812,0.14191040542738048,0.9038578082658602,0.40361181755279685,0.9830781336378338,-0.08097274482268575,-0.16431919473705314,-0.11583963050092091,0.4201005558586133,-0.9000537222703401,-14.34200382232666,17.47480583190918,2.73746919631958
9.44,1.969930009601761,0.8788187740641046,1.191445857169334,0.787067091393035,-18.502878189086914,-94.20359802246094,-158.2833709716797,-0.9369187951087952,1.0165929794311523,23.704221725463867,0.08340997124316685,0.831515220691331,0.5492041646381254,0.9953114440696593,-0.09659718557833585,-0.004910503264830002,0.04896841840598326,0.5470387751311525,-0.83567378354345,-14.5758056640625,17.20465850830078,2.8677475452423096
9.45,1.6658723094219867,0.16936769683577416,3.1506498784770707,2.900891222747723,-18.512353897094727,-94.19346618652344,-158.04640197753906,-0.9589744210243225,1.0086870193481445,23.700788497924805,0.0019498395253445822,0.7400960927191406,0.6724983060704963,0.9796923470133295,-0.1362482686020569,0.1471030744289724,0.2004971404517767,0.6585546164478716,-0.7253321403507894,-14.823700904846191,16.909236907958984,2.9980456829071045
9.46,1.6658723094219867,0.16936769683577416,3.1506498784770707,2.900891222747723,-18.522113800048828,-94.18345642089844,-157.80926513671875,-0.9980298280715942,0.9923463463783264,23.735971450805664,-0.09711702622766205,0.6335144278851185,0.7676117201281432,0.9386745661938664,-0.19807663096727723,0.28223342652033645,0.33084489114606663,0.7479472694823107,-0.5754272674078829,-15.061485290527344,16.2318115234375,3.1262366771698
9.47,1.6658723094219867,0.16936769683577416,3.1506498784770707,2.900891222747723,-18.532367706298828,-94.17365264892578,-157.5715789794922,-1.053969383239746,0.9658625721931458,23.804431915283203,-0.20486274842518049,0.516636064960313,0.8313353298699656,0.8779834320768944,-0.2784278906711649,0.3893879847849484,0.4326388185382336,0.8096697388927965,-0.39655840252743646,-15.273982048034668,15.1983642578125,3.248265027999878
9.48,1.6658723094219867,0.16936769683577416,3.1506498784770707,2.900891222747723,-18.543216705322266,-94.1641616821289,-157.3331298828125,-1.1166588068008423,0.9326581954956055,23.889179229736328,-0.3142942044165203,0.39456322674469246,0.8634460105710158,0.8044563845506069,-0.37223185123707697,0.46291832355220575,0.5040526544181199,0.8400972021292744,-0.20041859332061096,-15.467662811279297,14.09476089477539,3.3631186485290527
9.49,1.6658723094219867,0.16936769683577416,3.1506498784770707,2.900891222747723,-18.554710388183594,-94.1550064086914,-157.09381103515625,-1.1820638179779053,0.8952699899673462,23.97640037536621,-0.4202125134693202,0.2722834427375446,0.8656114430475068,0.724443839528865,-0.473780179355421,0.5007129567113491,0.5464453924158137,0.8374927274077881,0.0018342973019620547,-15.639686584472656,12.961971282958984,3.470168352127075
9.5,1.6658723094219867,0.16936769683577416,3.1506498784770707,2.900891222747723,-18.566856384277344,-94.14624786376953,-156.8536376953125,-1.247131109237671,0.8559454083442688,24.05133056640625,-0.5186991609715806,0.15442770777705597,0.8408943236091575,0.6434220571824167,-0.5771618377539619,0.502883952191374,0.5629913291859165,0.8018954396373591,0.20001116756391712,-15.78605842590332,11.807013511657715,3.5688462257385254
9.51,0.10188857060581497,1.4989528108613186,3.322450720961498,3.21306970139469,-18.579641342163086,-94.13789367675781,-156.61285400390625,-1.3091262578964233,0.8168904781341553,24.10027503967285,-0.6070653417684916,0.04505324360768764,0.7933737303843195,0.5657443705979326,-0.6766074152469398,0.4713127547283268,0.5580367173943427,0.7349643602742116,0.38525629283175267,-15.902804374694824,10.632600784301758,3.6586198806762695
9.52,0.10188857060581497,1.4989528108613186,3.322450720961498,3.21306970139469,-18.593021392822266,-94.12992095947266,-156.37176513671875,-1.3666136264801025,0.7797671556472778,24.112442016601562,-0.6836722679095186,-0.05310368718194569,0.7278545380082048,0.49457917540379204,-0.7671020896070504,0.40859004316968073,0.5366410991979279,0.6393233786810697,0.5507104031371307,-16.2216739654541,9.388134956359863,3.7446064949035645
9.53,0.10188857060581497,1.4989528108613186,3.322450720961498,3.21306970139469,-18.606950759887695,-94.1222915649414,-156.13076782226562,-1.4176299571990967,0.7469593286514282,24.082260131835938,-0.7476525039700672,-0.1394799149407413,0.6492773572483581,0.43206756660997436,-0.8446347807413419,0.31608496491570215,0.5043147342592955,0.5168534032877687,0.6917580562008853,-16.720417022705078,8.06752872467041,3.826677083969116
9.54,0.10188857060581497,1.4989528108613186,3.322450720961498,3.21306970139469,-18.621347427368164,-94.11495208740234,-155.89028930664062,-1.4602842330932617,0.7212082147598267,24.01049041748047,-0.7994031142269933,-0.21236317271859076,0.5620111598865974,0.3789563723176361,-0.9041170262793743,0.1973942012106697,0.4662045997671428,0.37077524953081104,0.8032303439806809,-17.205665588378906,6.7089433670043945,3.899726390838623
9.55,0.10188857060581497,1.4989528108613186,3.322450720961498,3.21306970139469,-18.636127471923828,-94.10783386230469,-155.65069580078125,-1.4940460920333862,0.7046615481376648,23.90362548828125,-0.8401180062158838,-0.2700720325698096,0.4703858340293213,0.3346812266567716,-0.9405617898333835,0.05772344436138098,0.4268374540212787,0.20592381292369866,0.8805709347438165,-17.6472110748291,5.320117473602295,3.962036609649658
9.56,1.2931654638381629,1.7329696227239575,1.975872494639205,1.127921349193962,-18.651201248168945,-94.10081481933594,-155.4123077392578,-1.5191642045974731,0.6990725994110107,23.77326774597168,-0.8714653791956017,-0.3116235229642262,0.37873324754876014,0.297565002838969,-0.949782638311043,-0.09678847580346853,0.38987582888518546,0.02834995411422475,0.9204309415446716,-18.038028717041016,3.9050168991088867,4.012460231781006
9.57,1.2931654638381629,1.7329696227239575,1.975872494639205,1.127921349193962,-18.666475296020508,-94.09379577636719,-155.1752166748047,-1.5333267450332642,0.7041188478469849,23.643047332763672,-0.8957117867176144,-0.3366919642977593,0.2904116325363969,0.2653024246236894,-0.9288401900159656,-0.25859335818983564,0.35681230167124345,-0.15457820864669572,0.9212983006538372,-18.24677276611328,2.8089542388916016,4.050505638122559
9.58,1.2931654638381629,1.7329696227239575,1.975872494639205,1.127921349193962,-18.681842803955078,-94.0866928100586,-154.93939208984375,-1.5392403602600098,0.7180768847465515,23.52754020690918,-0.9156458450104594,-0.3451529296955109,0.20606344080813543,0.23653796418360037,-0.877088627416462,-0.41804943625914026,0.3250268881415198,-0.3340434025382224,0.8847443287219916,-18.29783058166504,2.017892360687256,4.079520225524902
9.59,1.2931654638381629,1.7329696227239575,1.975872494639205,1.127921349193962,-18.697248458862305,-94.07940673828125,-154.70458984375,-1.5409034490585327,0.7414720058441162,23.432811737060547,-0.9324464177567493,-0.33780764186051965,0.12817829423596203,0.21023654073654313,-0.7957972944723817,-0.5678972293025998,0.29384396361289744,-0.5025859759395129,0.8130578465504099,-18.301774978637695,1.2649365663528442,4.101061820983887
9.6,1.2931654638381629,1.7329696227239575,1.975872494639205,1.127921349193962,-18.71265411376953,-94.07183837890625,-154.47061157226562,-1.539636254310608,0.7741016149520874,23.3677978515625,-0.9467987061197832,-0.31622004978830653,0.05980878030678938,0.18526021238206303,-0.6874944277716729,-0.7021609968454908,0.26315558857462584,-0.6537249359591398,0.7095018282620288,-18.273509979248047,0.5150670409202576,4.115297794342041
9.61,1.2931654638381629,1.7329696227239575,1.975872494639205,1.127921349193962,-18.728036880493164,-94.06389617919922,-154.2371063232422,-1.536374568939209,0.8151596188545227,23.338090896606445,-0.9592462144947901,-0.28254755489497,0.003684996647149927,0.1605770759428848,-0.5557955303023133,-0.815663123585714,0.2325117258528021,-0.7818300376161335,0.5785154186554644,-18.21478271484375,-0.23426932096481323,4.122250556945801
9.62,3.0783920041692245,1.017571716796649,2.026800704652569,2.5484572845382156,-18.743379592895508,-94.05550384521484,-154.0037384033203,-1.5318692922592163,0.8633930683135986,23.34465980529785,-0.970171246610526,-0.2394246270207522,-0.03799473945366842,0.1354137833298886,-0.40523143409515333,-0.9041297429603075,0.2010742637297584,-0.8823056912415104,0.4255652801490935,-18.125791549682617,-0.981229841709137,4.121976852416992
9.63,3.0783920041692245,1.017571716796649,2.026800704652569,2.5484572845382156,-18.758670806884766,-94.04656982421875,-153.7701416015625,-1.5260794162750244,0.9282920956611633,23.379690170288086,-0.9797506849580851,-0.1898815910216883,-0.06351044571750153,0.10927521138412491,-0.2413130523477031,-0.9642753439467329,0.16777223697953791,-0.9516895461008845,0.2571759793238373,-17.91852569580078,-1.7501003742218018,4.106968879699707
9.64,3.0783920041692245,1.017571716796649,2.026800704652569,2.5484572845382156,-18.773897171020508,-94.03690338134766,-153.53607177734375,-1.5191171169281006,1.0080084800720215,23.43909454345703,-0.9879356669489802,-0.13735327980899964,-0.07153456853706673,0.08183234112871808,-0.07084495974507028,-0.9941249718340811,0.13147846179305095,-0.98798535829456,0.08123020300419796,-17.598636627197266,-2.530259132385254,4.07778263092041
9.65,3.0783920041692245,1.017571716796649,2.026800704652569,2.5484572845382156,-18.789052963256836,-94.02641296386719,-153.3013153076172,-1.5120782852172852,1.0910439491271973,23.516735076904297,-0.9944302624882742,-0.0852210754529849,-0.062014686535842314,0.053392215590715573,0.09997800870700342,-0.9935560724434717,0.09087202188691897,-0.9913333274300925,-0.09487101540810199,-17.237293243408203,-3.2947356700897217,4.0408406257629395
9.66,3.0783920041692245,1.017571716796649,2.026800704652569,2.5484572845382156,-18.80414390563965,-94.01508331298828,-153.06573486328125,-1.5057740211486816,1.1730579137802124,23.60139274597168,-0.9986900660608895,-0.03658448444173308,-0.035773278427190774,0.0247916969075302,0.2656205693395178,-0.9637588312997167,0.044760738552238846,-0.9633832511736351,-0.26436563249101624,-16.845792770385742,-4.038061618804932,3.997499942779541
9.67,3.0783920041692245,1.017571716796649,2.026800704652569,2.5484572845382156,-18.81917381286621,-94.00299072265625,-152.8292999267578,-1.5009554624557495,1.2508885860443115,23.68220329284668,-0.9999664281651441,0.005845518843118822,0.005742164408881853,-0.0027459413767495053,0.42119442319019407,-0.9069662163936623,-0.007720255734063588,-0.906951535520468,-0.42116423146851667,-16.42716407775879,-4.757996082305908,3.948439836502075
9.68,0.03728208485477306,1.4819098998039975,3.5242622880645444,1.3317346860301238,-18.834169387817383,-93.9901351928711,-152.59213256835938,-1.498411774635315,1.3218083381652832,23.75059700012207,-0.9973679386337276,0.03983456687151327,0.060583844939621774,-0.0277213811101172,0.5625867645130519,-0.8262733551459128,-0.06699791052605174,-0.8257780208245403,-0.5600017324153993,-15.983449935913086,-5.452968120574951,3.8942673206329346
9.69,0.03728208485477306,1.4819098998039975,3.5242622880645444,1.3317346860301238,-18.849145889282227,-93.97662353515625,-152.35438537597656,-1.4980292320251465,1.375173807144165,23.794822692871094,-0.9898441531090001,0.06367429303736873,0.12709892588892177,-0.04895285061981315,0.6867154892661742,-0.7252761234303203,-0.13346224549332517,-0.7241321849000432,-0.6766242737441284,-15.575773239135742,-6.322956085205078,3.847215414047241
9.7,0.03728208485477306,1.4819098998039975,3.5242622880645444,1.3317346860301238,-18.864131927490234,-93.9626693725586,-152.1163330078125,-1.4996577501296997,1.4118578433990479,23.8123722076416,-0.975768702503244,0.0759024410449565,0.2052175885701624,-0.06615126810504032,0.7916767923864572,-0.6073482247646611,-0.20856521508446854,-0.6062067929676367,-0.7674723937814716,-15.19129467010498,-7.357463359832764,3.804715871810913
9.71,0.03728208485477306,1.4819098998039975,3.5242622880645444,1.3317346860301238,-18.879150390625,-93.94841766357422,-151.87814331054688,-1.5046863555908203,1.4384143352508545,23.81110191345215,-0.9532302949702448,0.07521372559302716,0.2927369130010038,-0.07721025925379513,0.8758093314586911,-0.4764415922186503,-0.29221666724692863,-0.47676085243264016,-0.8290407161115795,-14.779146194458008,-8.396297454833984,3.75692081451416
9.72,0.03728208485477306,1.4819098998039975,3.5242622880645444,1.3317346860301238,-18.89423942565918,-93.9339370727539,-151.64010620117188,-1.5142598152160645,1.4555203914642334,23.79822540283203,-0.9203559352195576,0.060848377918716626,0.3863190746142297,-0.07947224637048851,0.9381112617723348,-0.3370926023999138,-0.3829218125975094,-0.3409468220127283,-0.8585605103872755,-14.334254264831543,-9.415546417236328,3.7031354904174805
9.73,1.1725022369575293,2.777750853966397,3.9204919275700876,2.2660258285719244,-18.909452438354492,-93.9193344116211,-151.40220642089844,-1.5293397903442383,1.463528037071228,23.782371520996094,-0.8754603235871384,0.03269482762658768,0.48218281810032365,-0.07043246083185788,0.9784259094687703,-0.1942215439681645,-0.4781302022314328,-0.20399457817960892,-0.8542702861433563,-13.858057975769043,-10.410656929016113,3.6439785957336426
9.74,1.1725022369575293,2.777750853966397,3.9204919275700876,2.2660258285719244,-18.924877166748047,-93.9046859741211,-151.16439819335938,-1.5599359273910522,1.4653244018554688,23.787389755249023,-0.8173509139912626,-0.008805269119057484,0.5760728692043988,-0.047976475521183816,0.99745066238139,-0.05282455784473242,-0.5741391305199575,-0.07081414654337934,-0.8156896563369672,-13.408113479614258,-11.303460121154785,3.5795998573303223
9.75,1.1725022369575293,2.777750853966397,3.9204919275700876,2.2660258285719244,-18.94070816040039,-93.89006042480469,-150.92637634277344,-1.6083717346191406,1.4575717449188232,23.81848907470703,-0.7459095717717034,-0.06288874136179307,0.6630715775459568,-0.010660852098207982,0.9965321417242329,0.08252294676666445,-0.6659619035439599,0.05448574786531886,-0.7439933106605615,-12.986512184143066,-12.100822448730469,3.511117696762085
9.76,1.1725022369575293,2.777750853966397,3.9204919275700876,2.2660258285719244,-18.95708465576172,-93.87556457519531,-150.68795776367188,-1.667773962020874,1.4384557008743286,23.867938995361328,-0.6614887365478015,-0.1280287329361913,0.7389460704023986,0.04198146517612767,0.9774539465321332,0.20693317518083734,-0.7487791450101017,0.16790600332183167,-0.6411999423318988,-12.553276062011719,-12.864665985107422,3.4398763179779053
9.77,1.1725022369575293,2.777750853966397,3.9204919275700876,2.2660258285719244,-18.974096298217773,-93.86132049560547,-150.448974609375,-1.736201524734497,1.4093209505081177,23.935380935668945,-0.5650151663290939,-0.2021424602465729,0.799935177113477,0.10954159760884602,0.942562895067943,0.315556377267898,-0.8177765588541951,0.26592031627275303,-0.5104193228924536,-12.104681015014648,-13.603386878967285,3.3665976524353027
9.78,1.1725022369575293,2.777750853966397,3.9204919275700876,2.2660258285719244,-18.99183464050293,-93.84739685058594,-150.20921325683594,-1.812038540840149,1.3718416690826416,24.01801300048828,-0.45813406991757283,-0.28278453784675445,0.8427016548788534,0.19070088572538246,0.8947016739360552,0.4039085129575455,-0.8681856634178632,0.34574820290323793,-0.35596605740557113,-11.642013549804688,-14.31807804107666,3.2919094562530518
9.79,3.726139628967112,2.4143587874000128,0.9814135032717183,1.2612686935444974,-19.01035499572754,-93.83389282226562,-149.96856689453125,-1.8931851387023926,1.3278179168701172,24.109201431274414,-0.34323213617909254,-0.36727914202774276,0.8644638410745139,0.2831982126418388,0.8370751262318802,0.46808546805081436,-0.8955392079917021,0.4054765897992722,-0.18329828715606677,-11.167137145996094,-15.00900936126709,3.2164127826690674
9.8,3.726139628967112,2.4143587874000128,0.9814135032717183,1.2612686935444974,-19.029678344726562,-93.82083892822266,-149.72702026367188,-1.9698323011398315,1.2831920385360718,24.19794273376465,-0.22465173203983252,-0.452627490976236,0.8629368190684998,0.38311519395048643,0.7732288090231152,0.5053117424530882,-0.8959655950179028,0.4441233649665961,-0.0002987222174570259,-10.609703063964844,-15.246016502380371,3.132089853286743
9.81,3.726139628967112,2.4143587874000128,0.9814135032717183,1.2612686935444974,-19.049726486206055,-93.80821990966797,-149.48463439941406,-2.0394296646118164,1.2400270700454712,24.274438858032227,-0.11069295562791248,-0.5352611844200134,0.8374022534168638,0.4837240379166878,0.7070290123310751,0.5158691993749183,-0.8681924468203647,0.4621746857795534,0.1806555703781072,-9.994669914245605,-15.056575775146484,3.043815851211548
9.82,3.726139628967112,2.4143587874000128,0.9814135032717183,1.2612686935444974,-19.070453643798828,-93.79603576660156,-149.24160766601562,-2.104743003845215,1.1967759132385254,24.328201293945312,-0.006204992402765008,-0.6125820217260735,0.7903826698044932,0.580196151395005,0.6415489870358633,0.5017841399841995,-0.8144531441253736,0.46169054992630587,0.35143692482868,-9.389533042907715,-14.784976959228516,2.960460662841797
9.83,3.726139628967112,2.4143587874000128,0.9814135032717183,1.2612686935444974,-19.0918025970459,-93.7842788696289,-148.9981689453125,-2.163945198059082,1.154447078704834,24.34977149963379,0.08599508465847511,-0.6828577398464247,0.725472365115594,0.6690801402499303,0.579115051332361,0.46578699342451585,-0.7381982195438531,0.4453437598666326,0.5066876002135201,-8.803101539611816,-14.481030464172363,2.883064031600952
9.84,3.726139628967112,2.4143587874000128,0.9814135032717183,1.2612686935444974,-19.113704681396484,-93.77294158935547,-148.75469970703125,-2.2150449752807617,1.114410161972046,24.33325958251953,0.1640511554093625,-0.7450047473490369,0.646571840429392,0.7477338806088429,0.5214336513388228,0.41109730118440757,-0.643413756612721,0.41602268409169807,0.6426070837787625,-8.236004829406738,-14.153199195861816,2.81156587600708
9.85,1.6928202076706704,1.0892767563406134,1.9291451420131878,0.2498043957235344,-19.136072158813477,-93.7619857788086,-148.51161193847656,-2.2566030025482178,1.0780150890350342,24.27692222595215,0.2268892891887052,-0.7984905852924449,0.5576145941873947,0.8142532300604537,0.46964672925056383,0.3412090664685882,-0.534334097534082,0.37662280189013564,0.7567313508166962,-7.687753200531006,-13.804174423217773,2.7457449436187744
9.86,1.6928202076706704,1.0892767563406134,1.9291451420131878,0.2498043957235344,-19.15877342224121,-93.75135040283203,-148.26922607421875,-2.2796123027801514,1.051368236541748,24.195796966552734,0.27449804374895515,-0.8430902078080368,0.462438888369261,0.8676380596502472,0.4244850265475242,0.25887576109651783,-0.41455400302536033,0.330168689816507,0.8480174614007077,-7.058420658111572,-13.665816307067871,2.6905150413513184
9.87,1.6928202076706704,1.0892767563406134,1.9291451420131878,0.2498043957235344,-19.181617736816406,-93.74092864990234,-148.02774047851562,-2.2871017456054688,1.0329781770706177,24.096235275268555,0.3081376981654586,-0.8786780221399149,0.3646588712448667,0.907534445722058,0.38647405572223364,0.1643746759131859,-0.2853636080463831,0.28029045232025906,0.91651779772182,-6.345923900604248,-13.720316886901855,2.645151138305664
9.88,1.6928202076706704,1.0892767563406134,1.9291451420131878,0.2498043957235344,-19.204486846923828,-93.73066711425781,-147.787353515625,-2.2869293689727783,1.0190763473510742,23.975637435913086,0.3281302317083575,-0.9060199808721894,0.2673169379208456,0.9327687756222578,0.35547357234310156,0.05984104435742853,-0.14924128873463133,0.22970923713684516,0.9617487739065931,-5.624989986419678,-13.78318977355957,2.605475902557373
9.89,1.6928202076706704,1.0892767563406134,1.9291451420131878,0.2498043957235344,-19.22732925415039,-93.72052764892578,-147.5482635498047,-2.28076171875,1.0099148750305176,23.841293334960938,0.33476398006605895,-0.9262577230075929,0.1731464935224526,0.9422554674561855,0.3308740618636175,-0.051739629248732516,-0.009365452432028396,0.18046879440684593,0.9835361216275094,-4.905958652496338,-13.829564094543457,2.5709903240203857
9.9,0.31451580270926643,2.62851400932764,3.2227885384993598,2.142076876015743,-19.250085830688477,-93.71045684814453,-147.310546875,-2.2697198390960693,1.0060677528381348,23.702600479125977,0.3286592142215268,-0.9406503278884885,0.08461726508560644,0.9353204985818456,0.31174737411386644,-0.16729955070387037,0.13099116703005767,0.1341288014424501,0.9822681806837252,-4.19009256362915,-13.856788635253906,2.5416829586029053
9.91,0.31451580270926643,2.62851400932764,3.2227885384993598,2.142076876015743,-19.272716522216797,-93.70038604736328,-147.0742645263672,-2.2556729316711426,1.011466145515442,23.553794860839844,0.3107367994530378,-0.9504918149956506,0.0028197680678627157,0.9115431006484499,0.2971604042963343,-0.2842267928585358,0.2693173167954345,0.09089006405935202,0.9587529291373218,-3.74928617477417,-14.078990936279297,2.521415948867798
9.92,0.31451580270926643,2.62851400932764,3.2227885384993598,2.142076876015743,-19.295188903808594,-93.69019317626953,-146.83950805664062,-2.2375831604003906,1.0291651487350464,23.405731201171875,0.28156707886550497,-0.9566542354915114,-0.07438181105148031,0.8698984924790817,0.2872099256280119,-0.4009826322964286,0.4049649279650863,0.04819888314995968,0.9130609370580525,-3.5566532611846924,-14.490161895751953,2.506861925125122
9.93,0.31451580270926643,2.62851400932764,3.2227885384993598,2.142076876015743,-19.31745719909668,-93.67977142333984,-146.60609436035156,-2.2152583599090576,1.0574811697006226,23.279216766357422,0.24128341699723305,-0.9593734425551009,-0.14623580410458192,0.8095656650757194,0.28207910502297223,-0.5148153187696991,0.535150209392323,0.005828913227464205,0.844736809401567,-3.3907954692840576,-14.923839569091797,2.493431329727173
9.94,0.31451580270926643,2.62851400932764,3.2227885384993598,2.142076876015743,-19.339487075805664,-93.66901397705078,-146.37379455566406,-2.1896557807922363,1.0958620309829712,23.182846069335938,0.19027053069813338,-0.9588459324569255,-0.21074060586099547,0.7303424241253719,0.2816976746738543,-0.6222912208974336,0.65604654459156,-0.03550912409722495,0.7538846287299681,-3.2210311889648438,-15.35669231414795,2.480617046356201
9.95,0.31451580270926643,2.62851400932764,3.2227885384993598,2.142076876015743,-19.36124610900879,-93.65782165527344,-146.14230346679688,-2.1617226600646973,1.1438006162643433,23.121667861938477,0.12932894679588802,-0.9553370120859581,-0.26571642188494937,0.6326793701203905,0.28583481239120867,-0.7197327800297473,0.7635383671726866,-0.07503101601308998,0.6413887343033952,-3.04331636428833,-15.785439491271973,2.4684853553771973
9.96,4.033045088264175,0.05255664333396892,3.5327332889381915,2.1886026736709234,-19.38271713256836,-93.64611053466797,-145.91123962402344,-2.1323013305664062,1.2004860639572144,23.097881317138672,0.059714747797471435,-0.9491768630010144,-0.30902658726885973,0.5177409501053745,0.2941333411353544,-0.8033865110994444,0.853450910995746,-0.11202169600620704,0.5089918291529094,-2.857189893722534,-16.209505081176758,2.4571831226348877
9.97,4.033045088264175,0.05255664333396892,3.5327332889381915,2.1886026736709234,-19.40388298034668,-93.63377380371094,-145.6802215576172,-2.0998449325561523,1.270572304725647,23.107465744018555,-0.016685554017393522,-0.9413247379571636,-0.3370894984970751,0.3875878570166255,0.3046864071222482,-0.8700240493274858,0.9216817484253403,-0.14516862961677557,0.35976217643714975,-2.153214931488037,-16.570016860961914,2.4363913536071777
9.98,4.033045088264175,0.05255664333396892,3.5327332889381915,2.1886026736709234,-19.424707412719727,-93.62066650390625,-145.44895935058594,-2.0651605129241943,1.3527140617370605,23.148069381713867,-0.09655612561576227,-0.9345795624425306,-0.34240028631822256,0.2453202183442056,0.3110491178255491,-0.9181864934595251,0.9646216383005433,-0.17265424340187907,0.199237564624998,-0.9714177250862122,-16.855228424072266,2.412968873977661
9.99,4.033045088264175,0.05255664333396892,3.5327332889381915,2.1886026736709234,-19.445188522338867,-93.60670471191406,-145.2171630859375,-2.031430721282959,1.4402549266815186,23.215192794799805,-0.17578415278779652,-0.9301152662556469,-0.32246786368080693,0.09420583666675658,0.31017145460207174,-0.9460015481424707,0.9799108081690868,-0.1966704355723602,0.03309906048795258,0.27925950288772583,-17.104143142700195,2.398808002471924
