time,FL,FR,BL,BR,x,y,z,vx,vy,vz,r1x,r1y,r1z,r2x,r2y,r2z,r3x,r3y,r3z,wx,wy,wz
0.0,1.608436779092056,1.7911096608995067,2.7191891035280102,3.2946576558192397,-70.24866485595703,-23.62152099609375,-350.0,0.0,0.0,0.0,0.9027484856252512,0.37720840279818285,-0.20678247643298808,-0.1124531888355847,-0.2570460685177092,-0.9598341518097265,-0.415210129960751,0.8897421758678369,-0.18962966134005327,0.0,0.0,0.0
0.01,1.608436779092056,1.7911096608995067,2.7191891035280102,3.2946576558192397,-70.2486343383789,-23.621381759643555,-349.9995422363281,0.00895256083458662,0.041541244834661484,0.1013675406575203,0.9026228358375763,0.3772508416663015,-0.2072530305848358,-0.11303075687305417,-0.2568600153227956,-0.9598161180815196,-0.41532645500285226,0.8897779132965934,-0.1892067672794065,-0.05784740671515465,-0.1795429289340973,-0.0007541969534941018
0.02,1.322707319125915,0.05978875243484663,0.9300828506719331,0.7293374049006142,-70.24846649169922,-23.620573043823242,-349.9979553222656,0.026310116052627563,0.12166465818881989,0.2151758074760437,0.9018904659438602,0.3774982928417948,-0.2099729181134961,-0.11637109367214157,-0.25578378299152,-0.9597043424493277,-0.41599441822831723,0.8899829747023689,-0.18675906602573927,-0.1694299876689911,-0.5258607268333435,-0.002227682387456298
0.03,1.322707319125915,0.05978875243484663,0.9300828506719331,0.7293374049006142,-70.24812316894531,-23.6190242767334,-349.9952697753906,0.038921698927879333,0.17900875210762024,0.32433363795280457,0.9004825981189124,0.37789437301840023,-0.2152369237051197,-0.12265835726869834,-0.2541387910465338,-0.9593583284037048,-0.41723616559109267,0.890286087573223,-0.1824956558288604,-0.11895247548818588,-0.7347794771194458,-0.005120535381138325
0.04,3.4462467830605568,0.35454821925387064,2.3633711004474995,1.0421729195329819,-70.24769592285156,-23.617067337036133,-349.9914855957031,0.04614916071295738,0.21094226837158203,0.4284195899963379,0.8987724827888788,0.37799985063438307,-0.22209038048033264,-0.13002406892998591,-0.25396078763112806,-0.9584350055401083,-0.4186905368890072,0.8902921044613175,-0.17910388899583873,0.08794509619474411,-0.7977208495140076,-0.009171286597847939
0.05,3.959965050854891,0.4465821795333316,0.15867540936847643,0.5793362015192867,-70.2471923828125,-23.61475372314453,-349.9866638183594,0.05711926147341728,0.2576524615287781,0.5351549386978149,0.896910437655333,0.37747497400384084,-0.2303569205075427,-0.13769466447616058,-0.2566300101055172,-0.9566510425897415,-0.4202283262700364,0.8897492241716435,-0.17819784478562561,0.541522204875946,-0.7942783832550049,-0.014627077616751194
0.06,3.959965050854891,0.4465821795333316,0.15867540936847643,0.5793362015192867,-70.24655151367188,-23.611894607543945,-349.98077392578125,0.07030022144317627,0.31171733140945435,0.6433015465736389,0.895205053792878,0.3756801500535172,-0.23973388688180436,-0.14428863025374325,-0.26463179228767914,-0.9534939987698452,-0.42164997669060716,0.8881635206235268,-0.18269334358545458,1.1062896251678467,-0.5205369591712952,-0.02532883547246456
0.07,0.39069296606526477,0.9366263777796385,4.175882122937564,1.19980679962342,-70.24578857421875,-23.608537673950195,-349.97381591796875,0.0824439525604248,0.359472393989563,0.7505999207496643,0.8943994406466285,0.37265808673150974,-0.24733699877820275,-0.14688243583422705,-0.27760166324546054,-0.9494013200995446,-0.42246324173163546,0.8854734704986731,-0.19354984481686666,1.6069271564483643,-0.03192637860774994,-0.040153708308935165
0.08,0.39069296606526477,0.9366263777796385,4.175882122937564,1.19980679962342,-70.2448959350586,-23.604686737060547,-349.96575927734375,0.09650251269340515,0.4129312336444855,0.8597703576087952,0.8943608155039247,0.3684449497205853,-0.25370662332022537,-0.1462989541367885,-0.295049742659692,-0.9442151584119649,-0.42274738048820265,0.8815860527378172,-0.20997781765824203,2.0481209754943848,-0.04382208734750748,-0.04148954153060913
0.09,0.7664761844584106,0.9257964617054921,0.996664882344739,0.810229177608519,-70.24385070800781,-23.600261688232422,-349.95660400390625,0.11264777183532715,0.4722067415714264,0.9712673425674438,0.8934978482154579,0.36295370972062,-0.2644356251233683,-0.1488341953423148,-0.3162279562202553,-0.936935569824076,-0.42368617812143977,0.8765069790394142,-0.22852907509559356,2.4410316944122314,-0.5440015196800232,-0.029261276125907898
0.1,4.179365475280397,0.4851032460306258,2.0960661858179543,2.5636019554319187,-70.24266052246094,-23.595285415649414,-349.94635009765625,0.12581481039524078,0.5180648565292358,1.0806176662445068,0.8914062242559535,0.3561655654435122,-0.28025173210891696,-0.1556108413332626,-0.34024837846186795,-0.9273706416604011,-0.4256526863738782,0.8702741699868917,-0.24787629906130215,2.643827438354492,-0.841576099395752,-0.0206230990588665
0.11,4.179365475280397,0.4851032460306258,2.0960661858179543,2.5636019554319187,-70.24131774902344,-23.589855194091797,-349.9349670410156,0.1436621993780136,0.5755623579025269,1.1943562030792236,0.8888077123827594,0.348421734301207,-0.29769639815668875,-0.16358174940990428,-0.36559774895140157,-0.9162855980651795,-0.42809095023011395,0.863099403909079,-0.2679506620683572,2.9195284843444824,-0.8891249895095825,-0.02575789950788021
0.12,3.0021992484996503,1.8517130042043783,3.0008564963261257,3.3392438567364775,-70.23975372314453,-23.58371353149414,-349.9223937988281,0.16952595114707947,0.6533075571060181,1.3155792951583862,0.8859535248983557,0.3390212476497064,-0.3164663415945128,-0.1715872756362071,-0.3943376160972138,-0.9028043261806573,-0.4308644317647057,0.854144272457998,-0.2911930687143402,3.398160696029663,-0.895891547203064,-0.039452653378248215
0.13,3.0021992484996503,1.8517130042043783,3.0008564963261257,3.3392438567364775,-70.23790740966797,-23.57675552368164,-349.9085998535156,0.20083372294902802,0.7403503060340881,1.4423388242721558,0.882761632076262,0.3276985578985913,-0.3366683176142918,-0.1797338084705869,-0.4265287268433834,-0.8864361247546383,-0.43408254863183854,0.8430224791359634,-0.31762468519424225,3.720660448074341,-1.0000498294830322,-0.04896260052919388
0.14,0.5752983814189472,3.4670989268605927,2.065978084269555,3.689478718199268,-70.23572540283203,-23.568889617919922,-349.8935546875,0.2369948923587799,0.8330948352813721,1.5742865800857544,0.8787811674219733,0.3149357549208929,-0.3585514329310097,-0.18912614908505374,-0.4599761050170458,-0.867555924736616,-0.43814947166090606,0.8302032601030631,-0.3446557520157091,3.8757169246673584,-1.19890296459198,-0.053442489355802536
0.15,1.8795404111931255,1.7725081351233987,1.4521788477728035,3.8219658823437164,-70.23316955566406,-23.560117721557617,-349.87713623046875,0.27354198694229126,0.9191946387290955,1.707046389579773,0.8737642901065161,0.3013238457440327,-0.381758962331839,-0.2000963621741382,-0.49271005134213586,-0.8468755818602317,-0.4432802851236813,0.8163582211826229,-0.3702186428696044,3.600945472717285,-1.426529049873352,-0.051559120416641235
0.16,1.8795404111931255,1.7725081351233987,1.4521788477728035,3.8219658823437164,-70.23026275634766,-23.5505428314209,-349.8594055175781,0.3085835576057434,0.9948915839195251,1.8383840322494507,0.8675293168332473,0.2886315015963608,-0.40507374726223533,-0.21277020179560055,-0.5207748133353637,-0.8267541563387368,-0.4495794987126289,0.803421091384678,-0.390375235197565,3.1172401905059814,-1.663819432258606,-0.051754072308540344
0.17,4.060692727092655,0.11600383120923323,0.05364022791696247,2.5250754082967055,-70.22699737548828,-23.540241241455078,-349.84039306640625,0.34386178851127625,1.0649725198745728,1.969484806060791,0.8599470982582026,0.27691378899377816,-0.42873038341410613,-0.2270226445474002,-0.5448049479148885,-0.8072473521729013,-0.45711235715084525,0.7915215235181952,-0.4056377333871114,2.7402150630950928,-1.8974487781524658,-0.05790109559893608
0.18,4.060692727092655,0.11600383120923323,0.05364022791696247,2.5250754082967055,-70.223388671875,-23.52927589416504,-349.8200378417969,0.376491516828537,1.1248356103897095,2.0972795486450195,0.8512252792928634,0.2657642850925321,-0.45253162172608663,-0.24214014785898513,-0.5661287737542151,-0.7879507347051448,-0.46560033578984394,0.7802996580140248,-0.4175509202667149,2.662993907928467,-1.9095038175582886,-0.07245969772338867
0.19,3.6340912384594612,0.759330670057703,1.6242715265227394,3.0290087262185725,-70.21946716308594,-23.51776885986328,-349.7984313964844,0.4065965414047241,1.1758078336715698,2.2219059467315674,0.8425774549264229,0.25370242095228007,-0.47507716641895553,-0.25580714081799266,-0.5877309730043043,-0.7675513077820513,-0.4739471902609356,0.768249559045995,-0.4303099764929914,2.852299213409424,-1.716638207435608,-0.09422598034143448
0.2,3.1679721213838725,2.8007404093323833,1.847821488884655,2.618469778977366,-70.2152328491211,-23.505741119384766,-349.77557373046875,0.4426132142543793,1.232313871383667,2.351294994354248,0.8343084140918627,0.2401738917967047,-0.4962317723350104,-0.26766753083692446,-0.6104308319585244,-0.7454718588451799,-0.48195805119448404,0.7547785775269782,-0.44500082673537433,3.078169584274292,-1.6236419677734375,-0.1129482164978981
0.21,3.1679721213838725,2.8007404093323833,1.847821488884655,2.618469778977366,-70.21058654785156,-23.493093490600586,-349.75140380859375,0.48819196224212646,1.2988303899765015,2.488813877105713,0.8259731948055402,0.2252219334678114,-0.5167623846099384,-0.27860540749098006,-0.6338276000610026,-0.7215549877297605,-0.49004827147895763,0.739957873183285,-0.46077655922860844,3.165703058242798,-1.5249193906784058,-0.12190684676170349
0.22,0.9157135721546009,3.5435505662400137,1.3847004329920616,1.8092366639056425,-70.20545196533203,-23.47975730895996,-349.72576904296875,0.5393093824386597,1.3682441711425781,2.630918264389038,0.8181827292767394,0.2096782116258276,-0.5353616245890811,-0.28795501287937736,-0.6565017643385971,-0.697199644275545,-0.4976534256597689,0.7245967713078105,-0.4767605131923083,3.1211929321289062,-1.3298708200454712,-0.12501223385334015
0.23,0.9157135721546009,3.5435505662400137,1.3847004329920616,1.8092366639056425,-70.19982147216797,-23.46576499938965,-349.6987609863281,0.5857153534889221,1.4270656108856201,2.7686376571655273,0.8112398539886254,0.19426165244758026,-0.5515000541150008,-0.29556775999587315,-0.6775793557673859,-0.673443327896918,-0.5045092650799738,0.7093297026250834,-0.49226189617141314,2.856476068496704,-1.13755464553833,-0.12126991897821426
0.24,1.8347018287077013,3.8743834714346623,1.4579781369403422,3.5769993502853006,-70.19375610351562,-23.451244354248047,-349.67041015625,0.6268925666809082,1.4758998155593872,2.90160870552063,0.8051739638064839,0.1805011597435242,-0.5649019555103324,-0.3017095425471567,-0.6953883234781679,-0.652231884766613,-0.510554835393947,0.6955964425595244,-0.5054496504642121,2.4018263816833496,-0.9579004645347595,-0.1119692325592041
0.25,1.2426275546735273,3.7303392649247353,3.6160145825916277,0.5679839019523172,-70.187255859375,-23.436222076416016,-349.6407165527344,0.6761307120323181,1.5311970710754395,3.041691780090332,0.7999521595488739,0.16920446434533026,-0.575713810567979,-0.30662204527376713,-0.7094483052570386,-0.6345597083963396,-0.5158095227748561,0.6841439551830634,-0.5156428849516395,1.8366576433181763,-0.8199566602706909,-0.10667459666728973
0.26,1.2426275546735273,3.7303392649247353,3.6160145825916277,0.5679839019523172,-70.18022155761719,-23.42061424255371,-349.6095886230469,0.729431688785553,1.5885639190673828,3.185211181640625,0.7953390473078743,0.16053049624398663,-0.5845218213232614,-0.31069708816233815,-0.7200315652136882,-0.6205013009683147,-0.5204835436734264,0.6751181414179197,-0.5227928613643904,1.5497452020645142,-0.7114482522010803,-0.09490988403558731
0.27,3.310808562526969,2.779394479461971,1.7248742718203809,2.5825437585866755,-70.17266845703125,-23.404462814331055,-349.5770263671875,0.7805220484733582,1.6414463520050049,3.326493263244629,0.7913469754645949,0.1520241465287316,-0.5921643549684906,-0.3141123238885889,-0.7298688869879396,-0.6071448392173784,-0.5245030146761295,0.66646835384675,-0.529826878250297,1.5861631631851196,-0.6005113124847412,-0.0738217756152153
0.28,3.310808562526969,2.779394479461971,1.7248742718203809,2.5825437585866755,-70.16459655761719,-23.387779235839844,-349.54302978515625,0.835155189037323,1.6960211992263794,3.470792531967163,0.7881409452799779,0.14300751294495848,-0.5986507342470072,-0.31675443884956256,-0.7397052784411131,-0.5937194004876837,-0.5277314429160745,0.657559846924714,-0.5376937528650161,1.5999811887741089,-0.4207708239555359,-0.06479692459106445
0.29,2.1710281175747546,3.6370497119045067,0.7876130060459395,3.0458820939697535,-70.15595245361328,-23.37053680419922,-349.50762939453125,0.8933584690093994,1.752294659614563,3.6183249950408936,0.7862423468393904,0.1340304566205311,-0.6032071026891009,-0.318031036143653,-0.7491950075261642,-0.5810018078691883,-0.529791687445058,0.6486468048144249,-0.5464229959638915,1.5571815967559814,-0.17754651606082916,-0.06811835616827011
0.3,1.8830802538714544,1.9871870117285408,2.691309121427865,3.101378087959497,-70.14673614501953,-23.35274314880371,-349.470703125,0.9501680731773376,1.805612564086914,3.7648611068725586,0.785865490832308,0.12584709391304316,-0.6054568021523393,-0.31777608332778984,-0.7577339458146852,-0.569962830564377,-0.5305033375802125,0.6403138108097849,-0.5554857626460878,1.2473812103271484,0.08767227828502655,-0.07219475507736206
0.31,1.8830802538714544,1.9871870117285408,2.691309121427865,3.101378087959497,-70.13695526123047,-23.33443260192871,-349.43231201171875,1.005170464515686,1.856094241142273,3.910167694091797,0.7866043892277967,0.12000656067404825,-0.6056830526296328,-0.3164411130355722,-0.7639681757900458,-0.5623323291087197,-0.5302061455965714,0.633996097602513,-0.5629657106755366,0.9407427906990051,0.09889258444309235,-0.07463075965642929
0.32,2.836092743399719,2.4805044103555174,0.7611538501623533,1.9881649260765866,-70.12662506103516,-23.315624237060547,-349.3924865722656,1.059881329536438,1.9055535793304443,4.055538654327393,0.7864395431946344,0.1152696742294436,-0.6068160735369922,-0.31593221112123954,-0.7691219432619006,-0.5555522246999663,-0.5307538816399356,0.6286209816702552,-0.5684505066653257,0.8279722929000854,-0.13653363287448883,-0.07600799202919006
0.33,2.836092743399719,2.4805044103555174,0.7611538501623533,1.9881649260765866,-70.11576843261719,-23.296340942382812,-349.3512268066406,1.1101301908493042,1.95015287399292,4.196772575378418,0.7853366951186052,0.11116527224015452,-0.6090062048517733,-0.31625748025878786,-0.7736481818753607,-0.5490443487199479,-0.532191207631759,0.6237874421056597,-0.5724174574475596,0.7148363590240479,-0.09775635600090027,-0.07962731271982193
0.34,3.9358853585035916,1.3008834398506413,0.26671554910180045,4.171386464454514,-70.10443878173828,-23.27663803100586,-349.3085632324219,1.1562585830688477,1.9903491735458374,4.334064483642578,0.7855836208079394,0.10786440837602379,-0.6092812520699927,-0.31531618319086263,-0.7774508589156657,-0.5441928578998811,-0.5323852734028564,0.619625234619269,-0.5767412671959427,0.5801986455917358,0.22288428246974945,-0.08558396250009537
0.35,1.1377195064484733,0.981258481901582,0.30657060221274346,3.253118286961045,-70.09263610839844,-23.256521224975586,-349.2645263671875,1.2061517238616943,2.033566951751709,4.475062370300293,0.7876814840975759,0.10553740698379743,-0.6069758935385959,-0.31264125222358724,-0.7804605813820544,-0.5414210268514265,-0.530860930016429,0.6162330213774024,-0.5817590019468286,0.41243818402290344,0.46122580766677856,-0.10144118964672089
0.36,1.1377195064484733,0.981258481901582,0.30657060221274346,3.253118286961045,-70.08036041259766,-23.235986709594727,-349.2190856933594,1.2486459016799927,2.070154905319214,4.609256744384766,0.7904567697178577,0.1047438597512969,-0.6034955004402355,-0.3091862769682231,-0.7823006965444907,-0.5407489864258036,-0.5287550863507026,0.6140312239865374,-0.5859895175068028,0.10023383796215057,0.438364714384079,-0.11956246942281723
0.37,3.422464461108125,1.3572525820526402,2.2693643686221496,2.4255778812954936,-70.06771087646484,-23.21514320373535,-349.17236328125,1.2810612916946411,2.0978856086730957,4.733875751495361,0.7924444591693302,0.10639784208172726,-0.6005924394563922,-0.3062913471158087,-0.7820988415457696,-0.5426850032336887,-0.5274631644141716,0.6140039912354947,-0.5871811551242695,-0.3237840235233307,0.25812265276908875,-0.13270428776741028
0.38,3.422464461108125,1.3572525820526402,2.2693643686221496,2.4255778812954936,-70.0547103881836,-23.194000244140625,-349.1243896484375,1.3223531246185303,2.133937358856201,4.867075443267822,0.7934519719299278,0.11003061097079973,-0.5986044043355361,-0.3041596807468533,-0.7802176125149607,-0.5465778679469444,-0.5271819959449313,0.6157546116521155,-0.5855983276791961,-0.40490400791168213,0.1612710952758789,-0.14344289898872375
0.39,0.2079261425935028,0.35813994447026676,3.391064918691238,3.2314175433852155,-70.04122924804688,-23.17243766784668,-349.0749816894531,1.3729095458984375,2.178807020187378,5.009074687957764,0.794228563541104,0.11293071288947862,-0.5970323633955772,-0.30214217579754055,-0.7790856919872037,-0.5493046423844861,-0.527172736832779,0.6166620943653778,-0.5846509787156294,-0.1550895869731903,0.15865783393383026,-0.1525367647409439
0.4,4.151778013228991,0.1306578560081783,2.527531814271443,0.938916105758222,-70.02725982666016,-23.150434494018555,-349.0242004394531,1.4182554483413696,2.2191314697265625,5.145737648010254,0.7941824864414382,0.11450530225357658,-0.5967936946596467,-0.30081162702413566,-0.779240156887322,-0.5498155535643877,-0.5280024084005553,0.6161763657022549,-0.5844143590580011,-0.004480408970266581,-0.25299590826034546,-0.15656684339046478
0.41,4.151778013228991,0.1306578560081783,2.527531814271443,0.938916105758222,-70.01287841796875,-23.128061294555664,-348.9720764160156,1.4594513177871704,2.255509853363037,5.277914047241211,0.7910933856316924,0.11484220958710097,-0.6008182105320532,-0.30224265007488305,-0.7805554469125671,-0.5471586376644657,-0.5318088337791109,0.6144464673120635,-0.582782037405261,0.4442528486251831,-0.5829643607139587,-0.1612807959318161
0.42,1.8094586856946984,3.2864657463221407,3.7741072768972477,3.3501485492258447,-69.9980697631836,-23.10532569885254,-348.91864013671875,1.501513957977295,2.292029857635498,5.410269737243652,0.7874895510441189,0.1110257077629692,-0.606245411703927,-0.30402386243572355,-0.7856623257943514,-0.5387988501259767,-0.5361247038385718,0.6086115362389563,-0.5849464077083144,1.2718983888626099,-0.5296847224235535,-0.17004811763763428
0.43,1.8094586856946984,3.2864657463221407,3.7741072768972477,3.3501485492258447,-69.98279571533203,-23.08218765258789,-348.86383056640625,1.5564563274383545,2.338665246963501,5.554611682891846,0.7839928485591421,0.10299283227670776,-0.6121663907041485,-0.3055588191871765,-0.7943780922670638,-0.5249735750902884,-0.5403600849665532,0.5986283680429472,-0.5913163751742188,1.6437877416610718,-0.619526743888855,-0.17090155184268951
0.44,3.3210375885852774,1.1975696711085422,2.879383821830289,1.4332851482409656,-69.96690368652344,-23.05852508544922,-348.8075256347656,1.6235318183898926,2.3937060832977295,5.710303783416748,0.7792254552344522,0.09439695817851769,-0.6195941447442059,-0.30808243631380516,-0.8032183013474277,-0.5098289642767497,-0.5457956598852827,0.5881577804188229,-0.5968061016638426,1.5502421855926514,-0.8837006688117981,-0.1639239639043808
0.45,0.7115892626650343,3.7370655046209293,0.05570558744023425,0.8927921997234628,-69.95035552978516,-23.034343719482422,-348.74969482421875,1.68323814868927,2.4403083324432373,5.8582258224487305,0.7729904455884878,0.08572072682559823,-0.62859981547993,-0.31167545340933706,-0.8117042105798028,-0.49395818271297326,-0.552579571438354,0.5777440882601137,-0.6007225530221875,1.744581937789917,-1.0184502601623535,-0.16064469516277313
0.46,0.7115892626650343,3.7370655046209293,0.05570558744023425,0.8927921997234628,-69.93330383300781,-23.009775161743164,-348.6904296875,1.724810242652893,2.470459222793579,5.988056182861328,0.7668869890452964,0.0755331098719122,-0.6373218145851569,-0.3149579860255135,-0.8209478674907288,-0.47628359818618293,-0.5591831659409929,0.5659852897165284,-0.6057844820996207,1.6907618045806885,-0.7879619002342224,-0.1562192738056183
0.47,0.247715834386652,1.1087360989420005,2.718655477854555,0.8228499221460036,-69.9158935546875,-22.984962463378906,-348.62994384765625,1.7562074661254883,2.4914016723632812,6.107724189758301,0.7631717711473083,0.0675083826922214,-0.6426596813167613,-0.3163524390495779,-0.8281652123891252,-0.4626699852982238,-0.56346249389934,0.5564036298001264,-0.6106758704206188,1.1550066471099854,-0.3273390233516693,-0.14775410294532776
0.48,0.247715834386652,1.1087360989420005,2.718655477854555,0.8228499221460036,-69.89818572998047,-22.95995330810547,-348.56829833984375,1.7847615480422974,2.509460687637329,6.2244038581848145,0.7617100904898148,0.06228351916926461,-0.6449174375731284,-0.3161391602927822,-0.8331125398866533,-0.4538496746864361,-0.5655561593470384,0.5495855339467198,-0.6148999686950113,0.92645263671875,-0.22466222941875458,-0.1379225105047226
0.49,2.7881985855095253,2.3070185178461284,3.705015971785896,3.88647571931501,-69.88020324707031,-22.934776306152344,-348.5054626464844,1.8117451667785645,2.525866746902466,6.339352130889893,0.7594112929372236,0.05700534835850368,-0.6481086933670464,-0.3165731989889953,-0.8379009406870652,-0.4446385310312247,-0.5683976581947612,0.5428373640919139,-0.6182650712311464,1.0358426570892334,-0.48027458786964417,-0.12694014608860016
0.5,1.4575753607976416,4.077620470029442,2.0753916553393457,0.17805282807493256,-69.86186981201172,-22.909385681152344,-348.4414367675781,1.8618594408035278,2.5572826862335205,6.475977420806885,0.7551863155743336,0.050823523505949875,-0.653536990711087,-0.31833820954783537,-0.8430959916035649,-0.4334165816900416,-0.5730221750605659,0.5353560669315723,-0.6205154860987888,1.1357214450836182,-0.8070614337921143,-0.12217414379119873
0.51,1.4575753607976416,4.077620470029442,2.0753916553393457,0.17805282807493256,-69.84294891357422,-22.883625030517578,-348.3759765625,1.9192477464675903,2.5922465324401855,6.618817329406738,0.7495455245817886,0.04424598335557048,-0.6604724063398182,-0.320961439841,-0.8483375726956832,-0.42107851629831256,-0.5789345910503219,0.527603691903018,-0.6216663764236423,1.1115875244140625,-0.763564944267273,-0.11339171975851059
0.52,1.7388558478972513,0.8038106727592708,3.2155716939580583,1.091023490686904,-69.82351684570312,-22.857566833496094,-348.3091125488281,1.966277837753296,2.619088649749756,6.751118183135986,0.7457336193692251,0.03798822921828354,-0.6651603290811434,-0.3224334748792472,-0.8530900475537183,-0.4102121707629953,-0.5830248907377538,0.5203789630698518,-0.6239292520587382,1.0090049505233765,-0.3548310399055481,-0.09640102833509445
0.53,1.7388558478972513,0.8038106727592708,3.2155716939580583,1.091023490686904,-69.80363464355469,-22.831256866455078,-348.240966796875,2.009035587310791,2.642298460006714,6.878979206085205,0.7440856804143061,0.031662085649093036,-0.6673335092251313,-0.3226518710603693,-0.8576327407149522,-0.4004520597462352,-0.5850062139017174,0.5132870487223586,-0.6279364102441181,1.1845279932022095,-0.24186211824417114,-0.08482513576745987
0.54,1.9881787081647762,3.0993487195111142,1.331930892927865,0.49240998290368654,-69.78334045410156,-22.804731369018555,-348.17156982421875,2.0489001274108887,2.662891387939453,7.003890037536621,0.7418232863867511,0.022915720006936036,-0.6702037612181267,-0.3232668189687117,-0.8634067633575451,-0.3873336091049915,-0.5875344887989219,0.5039877287841559,-0.6330873507714221,1.6266392469406128,-0.44416964054107666,-0.07891654223203659
0.55,0.2793729248926302,1.5422379747083461,0.6583384923176033,1.5900410316220999,-69.76266479492188,-22.777999877929688,-348.10089111328125,2.088608980178833,2.6822619438171387,7.128425121307373,0.7387838266628679,0.011512834202120792,-0.673844130426321,-0.3243184974235943,-0.870395453138807,-0.37044468869750785,-0.5907757355293735,0.49221866056045244,-0.6393002584903298,1.851449728012085,-0.34509706497192383,-0.07216519862413406
0.56,0.2793729248926302,1.5422379747083461,0.6583384923176033,1.5900410316220999,-69.74160766601562,-22.751100540161133,-348.0290222167969,2.1196653842926025,2.6957011222839355,7.24457311630249,0.73721978674353,-0.00015710473145519321,-0.6756529888573923,-0.3245518799265389,-0.8771576252150832,-0.35392171134755895,-0.592598568400206,0.4802025362752041,-0.646708946037464,1.698560118675232,-0.18456563353538513,-0.06746568530797958
0.57,1.947663561070072,0.9839225643329675,1.7191531925729862,2.476306437882531,-69.72029113769531,-22.72410011291504,-347.9560241699219,2.142488956451416,2.7039175033569336,7.352755069732666,0.7359034581600156,-0.010097957729949397,-0.6770111753271244,-0.3246431752876512,-0.8827225118143615,-0.3397171998520181,-0.5941825552869098,0.46978611983095964,-0.652876782101255,1.377326488494873,-0.2155720442533493,-0.06555033475160599
0.58,1.947663561070072,0.9839225643329675,1.7191531925729862,2.476306437882531,-69.69872283935547,-22.697010040283203,-347.8819274902344,2.173637866973877,2.715606212615967,7.468794822692871,0.7341299035140566,-0.018200907386938192,-0.6787650637273063,-0.3249345845351947,-0.8871659270732976,-0.32764940655083896,-0.5962137205225845,0.46109147119684246,-0.6572091407232167,1.2160433530807495,-0.3306317925453186,-0.06793399155139923
0.59,2.6023285674320715,3.966545486355746,2.700034847879758,3.4425474130908205,-69.67678833007812,-22.66977882385254,-347.8066101074219,2.213453531265259,2.730713367462158,7.592947006225586,0.7313213670936426,-0.02594176557885783,-0.6815394946963361,-0.3256383792906301,-0.8913027925474116,-0.31549798403501295,-0.5992734801117577,0.4526658334752438,-0.6602764112391913,1.2217127084732056,-0.5027355551719666,-0.07393626123666763
0.6,1.7151836663029187,2.171657925863985,3.50918407239869,0.6037587509515654,-69.65438842773438,-22.642370223999023,-347.7300109863281,2.272050380706787,2.7533810138702393,7.73486852645874,0.727560563085049,-0.033427631655911366,-0.6852285899502759,-0.3266743907596218,-0.8951884686757099,-0.3031855009261951,-0.6032739588820295,0.44443244592616615,-0.662223777542674,1.0738937854766846,-0.5666772127151489,-0.075876384973526
0.61,1.7151836663029187,2.171657925863985,3.50918407239869,0.6037587509515654,-69.63134765625,-22.614713668823242,-347.65191650390625,2.332387685775757,2.775580883026123,7.877863883972168,0.7237190141140556,-0.040044950088837156,-0.688931920135917,-0.32769411682858485,-0.8985237522249557,-0.29201306902863067,-0.6073280451335281,0.4370943475497808,-0.6634012186711132,1.1128953695297241,-0.568526566028595,-0.06849019974470139
0.62,1.3574713446063544,1.8094087687873852,2.570047133960937,0.908663134343413,-69.60777282714844,-22.586875915527344,-347.5724792480469,2.381293535232544,2.791651964187622,8.009239196777344,0.7197246986989494,-0.04840432072772333,-0.6925701262815155,-0.32879670217307705,-0.9023651947749209,-0.2786212193981784,-0.6114647060320125,0.42824534672744163,-0.6653696989520022,1.4525738954544067,-0.5972152948379517,-0.05557454377412796
0.63,1.3574713446063544,1.8094087687873852,2.570047133960937,0.908663134343413,-69.583740234375,-22.55889129638672,-347.4917297363281,2.4243507385253906,2.8041253089904785,8.134519577026367,0.7154784712401545,-0.059232598912754564,-0.6961192831820509,-0.3300131012904841,-0.9068817537032965,-0.26202449842842984,-0.615777484298093,0.4172013710740586,-0.6684019043999183,1.7394851446151733,-0.6355697512626648,-0.04416780546307564
0.64,1.4758314864097326,4.135698176615328,2.7101583574198225,3.9379110835512336,-69.55928802490234,-22.530799865722656,-347.4097595214844,2.4632394313812256,2.813690662384033,8.255414009094238,0.7109152953054585,-0.07182041238933609,-0.6996007942140846,-0.33131576863130474,-0.9116691070563647,-0.24308290909748845,-0.6203461165808971,0.40460013297486175,-0.6719147475980296,1.9442267417907715,-0.6798422336578369,-0.03476548567414284
0.65,1.5013823513512756,2.290503521005465,2.381729307018416,3.161085129874221,-69.5344009399414,-22.50260353088379,-347.3265380859375,2.519686698913574,2.827728033065796,8.392815589904785,0.7058962251988634,-0.08500346763069624,-0.7031962242082591,-0.3327100876468446,-0.9162265993616832,-0.2232326503900236,-0.6253115358187661,0.39153956264071543,-0.6750424090818983,1.7485909461975098,-0.7745984792709351,-0.026875894516706467
0.66,1.5013823513512756,2.290503521005465,2.381729307018416,3.161085129874221,-69.50887298583984,-22.474246978759766,-347.2418518066406,2.5835492610931396,2.84230899810791,8.536800384521484,0.6998486613894593,-0.09567936156211652,-0.707854018087379,-0.33432837127518966,-0.9196127270746876,-0.20624493293832674,-0.6312181804351492,0.3809959212029989,-0.6755780611556427,1.3670783042907715,-0.9645724892616272,-0.02299482561647892
0.67,1.7799782104204687,4.074693823383883,1.629615160574945,3.406414928692281,-69.48274230957031,-22.44576644897461,-347.1557922363281,2.641195058822632,2.853280782699585,8.67398452758789,0.6921626378700206,-0.10426889340106622,-0.7141700642044101,-0.3362730562635995,-0.9221349237673874,-0.19127889062740872,-0.6386167194553806,0.37255225168750655,-0.6733301607641055,1.0996263027191162,-1.2064491510391235,-0.02181730791926384
0.68,1.7799782104204687,4.074693823383883,1.629615160574945,3.406414928692281,-69.45602416992188,-22.41718101501465,-347.068359375,2.7034811973571777,2.8639490604400635,8.814332962036133,0.6830552126977769,-0.11065009629302214,-0.7219363771114045,-0.3384251179093236,-0.9238896580722662,-0.17859546263881285,-0.6472279474609046,0.36631196526656906,-0.6685144187884722,0.6570966243743896,-1.278929591178894,-0.020120440050959587
0.69,2.7494226901794723,3.511901105811345,1.7758240761245605,0.5819498545410222,-69.42864990234375,-22.388486862182617,-346.9795227050781,2.771000862121582,2.8746142387390137,8.95797348022461,0.674091190521732,-0.11307721359069943,-0.7299415117854012,-0.3404083554468131,-0.9245729561219974,-0.17113445108985792,-0.6555327744689733,0.36383841547367446,-0.6617389130333923,0.03930652141571045,-1.1882997751235962,-0.017938027158379555
0.7,0.3113923699683258,4.160010371691401,2.9182283522639416,2.651318206067253,-69.40061950683594,-22.359697341918945,-346.8892517089844,2.8321166038513184,2.8830034732818604,9.094085693359375,0.666325344947969,-0.11175151378082496,-0.7372395362754661,-0.34206246066053214,-0.9243465558119105,-0.16904649586880102,-0.6625736243519146,0.3648219345466398,-0.6541415354392467,-0.2590773105621338,-0.8630332946777344,-0.013214008882641792
0.71,0.3113923699683258,4.160010371691401,2.9182283522639416,2.651318206067253,-69.37200164794922,-22.33083152770996,-346.79766845703125,2.8914146423339844,2.890693187713623,9.227031707763672,0.6610017226339014,-0.1090234201217224,-0.7424221282666469,-0.34320570405868106,-0.923763593793908,-0.16991370598791855,-0.6672979599673597,0.3671167615976233,-0.648026786466018,-0.5476993322372437,-0.6814417243003845,-0.0018204287625849247
0.72,0.6175447398030691,1.2478383953113812,0.5432196310583065,2.9161930242235305,-69.3427734375,-22.301881790161133,-346.7047119140625,2.954482316970825,2.8992908000946045,9.361897468566895,0.6555636290218044,-0.10305230014562046,-0.7480752313360326,-0.34451354036536197,-0.9223548432655001,-0.17484840179309297,-0.6719722827681853,0.3723462992153564,-0.6401652010629305,-1.0769044160842896,-0.7913923859596252,0.013609090819954872
0.73,0.6175447398030691,1.2478383953113812,0.5432196310583065,2.9161930242235305,-69.31295776367188,-22.272855758666992,-346.6104736328125,3.002124071121216,2.904658317565918,9.482068061828613,0.6489541460194549,-0.0930757957427337,-0.7551128476002889,-0.34624963113833496,-0.9198840807865357,-0.18418596811939114,-0.6774730321575371,0.3809857925991037,-0.629190048027546,-1.5953813791275024,-0.9761047959327698,0.01807395927608013
0.74,1.5603904161882458,3.554230033404203,0.5774850845263217,3.8160409474799972,-69.28276062011719,-22.243797302246094,-346.5151062011719,3.035050868988037,2.907057285308838,9.588509559631348,0.6406926707493963,-0.07922013908476075,-0.7636995948744484,-0.3484602147221245,-0.9163270181936813,-0.19728222039526896,-0.6841698476283621,0.3925161974895657,-0.6146890712421327,-2.0773751735687256,-1.197991132736206,0.011750034987926483
0.75,2.540191368229792,2.2578887037677804,1.5667455498840612,2.381689201699368,-69.25221252441406,-22.214702606201172,-346.4186706542969,3.081066608428955,2.913644552230835,9.703937530517578,0.6310188528568146,-0.06102864130196692,-0.7733632473036879,-0.35111891915406435,-0.9114139331542912,-0.21456967880925437,-0.6917591430197009,0.4069399800868192,-0.5965476851481262,-2.724498987197876,-1.2658772468566895,0.004423273727297783
0.76,2.540191368229792,2.2578887037677804,1.5667455498840612,2.381689201699368,-69.22112274169922,-22.18551254272461,-346.3210144042969,3.1385037899017334,2.924650192260742,9.826186180114746,0.6214721148801562,-0.03767194087909195,-0.7825300219779355,-0.35389583355868703,-0.9046256342973137,-0.2375083172480173,-0.6989493182028209,0.4245389106343315,-0.5755315490407341,-3.1703526973724365,-1.1777201890945435,-0.00231223669834435
0.77,0.23471355319028903,0.9219081345713603,2.9067466383580047,1.6095575168768663,-69.18944549560547,-22.15620231628418,-346.2221374511719,3.195955514907837,2.937502861022949,9.946063041687012,0.6126650493976245,-0.012109501894002894,-0.7902498954194717,-0.3566440445894741,-0.8965275743692054,-0.26276098236711337,-0.7052989172722923,0.442822389180525,-0.5535898923706826,-3.3049144744873047,-1.0607750415802002,-0.00867791660130024
0.78,0.23471355319028903,0.9219081345713603,2.9067466383580047,1.6095575168768663,-69.15723419189453,-22.126766204833984,-346.12213134765625,3.2426564693450928,2.948629140853882,10.056328773498535,0.6039551738409772,0.014315525151912728,-0.796889712400869,-0.3595859007793364,-0.8874029701015616,-0.28846828008576597,-0.7112918725470073,0.4607722153022593,-0.5308039540678082,-3.309044599533081,-1.2289577722549438,-0.009069843217730522
0.79,1.1384960159289488,2.465341412410426,0.40453006959864707,1.1181503665412613,-69.12461853027344,-22.097232818603516,-346.02105712890625,3.279388666152954,2.9577815532684326,10.158231735229492,0.5924198348860175,0.04053544958379807,-0.8046089836440201,-0.36386203282162527,-0.8776027856437449,-0.31211820148984126,-0.7187789370206518,0.47767167380678754,-0.5051599862796772,-3.2263083457946777,-1.6653480529785156,-0.004504926037043333
0.8,4.119752577691811,1.6238961134207353,1.6151994208257396,3.521045341603994,-69.0916519165039,-22.067611694335938,-345.9189758300781,3.313209295272827,2.967015266418457,10.256913185119629,0.5780512564727959,0.06682262340957154,-0.8132597874547128,-0.3695732218752731,-0.8671235160531133,-0.3339347864185706,-0.7275110848385421,0.4935904627404674,-0.4765459857439773,-3.3338029384613037,-1.7652451992034912,-0.0023895567283034325
0.81,4.119752577691811,1.6238961134207353,1.6151994208257396,3.521045341603994,-69.05829620361328,-22.03786277770996,-345.8158874511719,3.3671271800994873,2.9858505725860596,10.365669250488281,0.5642677928998941,0.09469900196201997,-0.8201426442535954,-0.37534822954696423,-0.8553696176360438,-0.35701053738108035,-0.7353336416021244,0.5092886374665802,-0.44711242353080805,-3.4268441200256348,-1.6241241693496704,-0.012249589897692204
0.82,0.16893271132967763,2.8503341924382277,4.0684516769352035,3.8871541538563363,-69.02423095703125,-22.00786018371582,-345.7116394042969,3.441478729248047,3.015317678451538,10.483359336853027,0.5512816718090061,0.12277173200592661,-0.8252367055261978,-0.3809698115896828,-0.8429327561333054,-0.37990310777201003,-0.7422604131871706,0.5238238925991967,-0.4179210554129048,-3.3594553470611572,-1.5290725231170654,-0.031164750456809998
0.83,0.16893271132967763,2.8503341924382277,4.0684516769352035,3.8871541538563363,-68.9894027709961,-21.977542877197266,-345.6062316894531,3.5194880962371826,3.048638343811035,10.600123405456543,0.5378926367383206,0.15105223305851495,-0.8293700827921953,-0.38697466911000516,-0.8297966927237892,-0.40210453144905367,-0.7489473391433463,0.5372342800238059,-0.3878881430997909,-3.5058138370513916,-1.8210070133209229,-0.03745214641094208
0.84,0.33779732629622666,2.2782228212944227,4.023144035429736,3.4225140399270257,-68.95381164550781,-21.94687843322754,-345.4996337890625,3.598775863647461,3.084773540496826,10.714523315429688,0.5200703095108926,0.18186406638029107,-0.8345371978077847,-0.39551869871489065,-0.8147188269355878,-0.42402616900797463,-0.7570282901795178,0.5505984874628017,-0.3517804336110111,-3.8683977127075195,-2.467583179473877,-0.03218933194875717
0.85,2.554535640210312,1.5561727513553514,2.748103515236429,0.27596220300374147,-68.9174575805664,-21.91584587097168,-345.3919372558594,3.675457715988159,3.121683359146118,10.824493408203125,0.49645613767890023,0.21580770670661337,-0.8408081452311111,-0.40751610344300054,-0.7972933079138829,-0.4452572364267334,-0.7664606505200269,0.5636935469577159,-0.3078760405141115,-4.172487258911133,-3.1561222076416016,-0.02760516107082367
0.86,2.554535640210312,1.5561727513553514,2.748103515236429,0.27596220300374147,-68.88037109375,-21.884464263916016,-345.28314208984375,3.7385475635528564,3.153200149536133,10.926193237304688,0.4679961512827995,0.251087936617201,-0.8473101265002108,-0.42261404660857343,-0.7784604813517442,-0.4641084426971105,-0.7761294801730014,0.5752861262527778,-0.25820322024997955,-4.031244277954102,-3.438077926635742,-0.02687683515250683
0.87,3.824217649332764,3.228933720184209,0.45848657939032905,3.578035919127544,-68.84272003173828,-21.852794647216797,-345.17340087890625,3.7915964126586914,3.180572509765625,11.022090911865234,0.4390215602741102,0.28345823261243747,-0.8525910508436733,-0.438443026360737,-0.7606864331645284,-0.4786688448552561,-0.7842370701835789,0.5839585437029418,-0.20967745941377625,-3.5380988121032715,-3.3424906730651855,-0.02759009413421154
0.88,3.824217649332764,3.228933720184209,0.45848657939032905,3.578035919127544,-68.80450439453125,-21.82082176208496,-345.06268310546875,3.8594748973846436,3.217255115509033,11.119227409362793,0.4113662896224984,0.31283280442496064,-0.856103622371634,-0.45383005921698416,-0.7442505993552502,-0.49002992021963265,-0.7904530682547367,0.5901073477215525,-0.16418667744889476,-3.453843832015991,-3.061920404434204,-0.0375213623046875
0.89,0.5811437471046099,2.7701252267953484,0.03176686387652575,0.19714675205395513,-68.76549530029297,-21.788421630859375,-344.9510192871094,3.942209005355835,3.263516902923584,11.216425895690918,0.3867268044849742,0.3439325338620209,-0.8556592726337339,-0.4676784229549105,-0.726539093636521,-0.5034062356787316,-0.7948076945999255,0.594854064093936,-0.12012231697598486,-3.7883832454681396,-2.6504905223846436,-0.05633017420768738
0.9,3.5303077228912527,4.1627253760785035,1.8834885398951489,2.4413518953957474,-68.72575378417969,-21.755599975585938,-344.83837890625,3.9976208209991455,3.2951388359069824,11.30717945098877,0.365730957038385,0.378124876479876,-0.8504483787102338,-0.47967366496142194,-0.7064736674221016,-0.5203922870120608,-0.797592654308115,0.5982612598407522,-0.07700274519451586,-4.168210029602051,-2.2129440307617188,-0.06508166342973709
0.91,3.5303077228912527,4.1627253760785035,1.8834885398951489,2.4413518953957474,-68.6855239868164,-21.72249412536621,-344.724853515625,4.058890342712402,3.332329034805298,11.396170616149902,0.3486859216897761,0.4149486363019665,-0.8403783417285868,-0.4897313623249932,-0.6838423077867535,-0.5408538534911194,-0.7991128335664854,0.6001477545671776,-0.03523282443002754,-4.454790115356445,-1.7489478588104248,-0.06695368885993958
0.92,0.09619262172913247,3.329174492613177,1.7989942826749965,2.5591565153108733,-68.64449310302734,-21.68889617919922,-344.6104431152344,4.146107196807861,3.3887176513671875,11.483981132507324,0.3358076889032789,0.4531727120441225,-0.8257528014678566,-0.4975940091811086,-0.6590034226703538,-0.5640165697351714,-0.7997708409916613,0.6002907478608458,0.004197610291228726,-4.657947063446045,-1.2677055597305298,-0.07001354545354843
0.93,0.09619262172913247,3.329174492613177,1.7989942826749965,2.5591565153108733,-68.60264587402344,-21.654743194580078,-344.49517822265625,4.219563007354736,3.4392688274383545,11.568883895874023,0.3262883625095614,0.49280297155043323,-0.8066480866659833,-0.5036268548260674,-0.6315189563057989,-0.5895284547199036,-0.7999349320968749,0.5986059129824037,0.04213152446411825,-5.0633063316345215,-1.079412817955017,-0.06796272099018097
0.94,3.3521352382273015,3.0863662372350373,3.682588175996918,0.6469314500363603,-68.5601577758789,-21.620134353637695,-344.3790588378906,4.277373313903809,3.4821815490722656,11.651989936828613,0.3170886096114478,0.5356131604556029,-0.7826706561520237,-0.5099544353878958,-0.599512649848037,-0.6168719936100172,-0.7996257171220115,0.5947294553147214,0.0830396742416746,-5.6657843589782715,-1.1651976108551025,-0.06192869320511818
0.95,1.5910951556407045,0.08807959744727525,3.437464963707023,4.024391498343628,-68.5170669555664,-21.585065841674805,-344.26214599609375,4.342270851135254,3.534682035446167,11.731757164001465,0.3078740654775284,0.5803204342917895,-0.7539507632131737,-0.5169038131877411,-0.5632657883430443,-0.6446255499080543,-0.798764050091334,0.5881835132215775,0.1265549171546139,-5.738722801208496,-1.0800657272338867,-0.05515281856060028
0.96,1.5910951556407045,0.08807959744727525,3.437464963707023,4.024391498343628,-68.47330474853516,-21.549427032470703,-344.1444091796875,4.408689022064209,3.592996835708618,11.80820369720459,0.29920534518999065,0.6218134068132122,-0.7237570369378697,-0.5240408046520193,-0.5267913339653831,-0.6692324898857169,-0.7974066694412597,0.5795161581580954,0.16823681512760105,-5.480105876922607,-1.3485573530197144,-0.0568576380610466
0.97,1.845198865977251,1.8793992844614038,2.6082343631047316,3.1318173986042597,-68.42891693115234,-21.513216018676758,-344.02593994140625,4.468871116638184,3.650207281112671,11.882573127746582,0.2867073479351571,0.6602610448522019,-0.6941572223139852,-0.5353411688870833,-0.4904751180045875,-0.6876365257263446,-0.7944864564828028,0.5687613834193255,0.21284209921050617,-5.319826126098633,-2.0942773818969727,-0.06860668957233429
0.98,1.845198865977251,1.8793992844614038,2.6082343631047316,3.1318173986042597,-68.38394165039062,-21.476421356201172,-343.9067687988281,4.527311325073242,3.7096598148345947,11.953649520874023,0.26982261434600346,0.6963840946892644,-0.6650149994182848,-0.5517295376014494,-0.4542085329226883,-0.6994920485311537,-0.7891706242160681,0.5556471913759958,0.26165994074444926,-5.2866058349609375,-2.6468663215637207,-0.08036690950393677
0.99,1.291892738806524,2.3448781440814983,3.6592357070711925,4.036649255812074,-68.33837127685547,-21.439016342163086,-343.7868957519531,4.584282875061035,3.7711875438690186,12.020827293395996,0.25093888608580855,0.731181762870395,-0.6343523509026788,-0.5711499500607454,-0.4172559060089735,-0.7068841796547997,-0.7815480855300089,0.5396950421732375,0.3129086950821372,-5.360360145568848,-2.967376470565796,-0.09064479917287827
1.0,4.169905672893644,2.2263643065161136,2.949234672078618,0.5860613277049096,-68.29224395751953,-21.400972366333008,-343.6663818359375,4.644108772277832,3.8396871089935303,12.081059455871582,0.23071101368827823,0.76494855400965,-0.6013535880673467,-0.5931669319732947,-0.3793405494874973,-0.7101082581747038,-0.7713140858147965,0.5205328589369442,0.36622414419398336,-5.516072750091553,-3.3955793380737305,-0.09944939613342285
1.01,4.169905672893644,2.2263643065161136,2.949234672078618,0.5860613277049096,-68.2455062866211,-21.362220764160156,-343.5452880859375,4.701744556427002,3.9095847606658936,12.135899543762207,0.20941104340991445,0.7971645039383939,-0.5662824106032481,-0.6177021701479677,-0.34109401686683516,-0.7085893737928466,-0.7580178387692881,0.4981803140613867,0.42098139007471114,-5.2982892990112305,-3.473841428756714,-0.10779105871915817
1.02,0.9600246055015986,4.145894417273551,3.0126156306428467,1.3858246172213342,-68.19822692871094,-21.322792053222656,-343.4236755371094,4.753171443939209,3.975797653198242,12.187591552734375,0.19031059497263117,0.8248639471471672,-0.5323357456887137,-0.6407388884387243,-0.3064665230451989,-0.7039403008031965,-0.743798060150382,0.475055511439855,0.4701985822683291,-4.682577133178711,-3.1279356479644775,-0.11498910933732986
1.03,0.9600246055015986,4.145894417273551,3.0126156306428467,1.3858246172213342,-68.15045928955078,-21.282712936401367,-343.3015441894531,4.799962043762207,4.039581298828125,12.235892295837402,0.17397381834269882,0.8483029906130648,-0.5001151333924939,-0.6612694591304902,-0.2756841568596182,-0.6976538884560668,-0.7296956988721602,0.45208437461776074,0.5129950343560234,-4.459222793579102,-2.8715250492095947,-0.11204597353935242
1.04,2.9814768493310697,0.023125659138222707,0.3999494280493127,2.1766924395447766,-68.10224914550781,-21.242006301879883,-343.1789855957031,4.842589855194092,4.101268291473389,12.280879020690918,0.1595003169031061,0.8704185773931202,-0.4657586811179643,-0.6804638597702942,-0.24487586430164188,-0.6906553023245656,-0.7152122653131181,0.42709168946663034,0.5532306068306574,-4.643955707550049,-2.744922399520874,-0.10087312012910843
1.05,1.8178063616842473,1.6898524714939887,1.4590527083284157,0.9417892199939581,-68.05364990234375,-21.20073127746582,-343.0559387207031,4.873510837554932,4.149476528167725,12.332045555114746,0.14654621134167117,0.8915626900683001,-0.42853258641505776,-0.6987554823405998,-0.21333955412012867,-0.6828081799061732,-0.7001892485895214,0.39950244595747025,0.5917202141499314,-4.675836563110352,-2.6556527614593506,-0.10689956694841385
1.06,1.8178063616842473,1.6898524714939887,1.4590527083284157,0.9417892199939581,-68.00480651855469,-21.1590518951416,-342.9323425292969,4.894846439361572,4.186333179473877,12.388643264770508,0.13484171573403186,0.910637996709305,-0.3905843707154276,-0.7161973844278036,-0.18283265099827367,-0.6735232202884447,-0.6847474119970632,0.370554531315173,0.6275430830509702,-4.5622148513793945,-2.539472818374634,-0.11964550614356995
1.07,2.888548373969886,3.8141389027603143,2.162854412896721,2.874113771314709,-67.95576477050781,-21.11701011657715,-342.8081970214844,4.913176536560059,4.221611499786377,12.44266128540039,0.12456391041074932,0.9275576888225547,-0.35230748804041084,-0.7324505976714248,-0.1535644963096896,-0.6632752576750655,-0.6693279870093256,0.3406679899540207,0.6602615893922135,-4.460769176483154,-2.3825082778930664,-0.12511305510997772
1.08,2.888548373969886,3.8141389027603143,2.162854412896721,2.874113771314709,-67.9065170288086,-21.07456398010254,-342.6835632324219,4.937740325927734,4.273416996002197,12.475553512573242,0.11574763643817298,0.9425879183399213,-0.31325788235667795,-0.7473310924378482,-0.12510280230110393,-0.6525684080095077,-0.6542925362058082,0.30964060627770496,0.6899449050535458,-4.535225868225098,-2.1813406944274902,-0.12949280440807343
1.09,1.0547192700088823,3.7221171300433786,2.257583608527206,2.2840732939669737,-67.85699462890625,-21.031496047973633,-342.5587463378906,4.966069221496582,4.340038299560547,12.48740005493164,0.10845207530870621,0.9563314331879268,-0.27141911734061896,-0.7605438810894619,-0.0960014917817546,-0.6421500747590521,-0.6401649414788451,0.27606865717137047,0.7169204587881303,-4.77159309387207,-1.9433305263519287,-0.13371369242668152
1.1,3.4338547638068873,4.054388715719738,2.8596671350618754,1.9287806696844605,-67.80722045898438,-20.987781524658203,-342.4338684082031,4.987276554107666,4.40009069442749,12.50057601928711,0.1025367946768535,0.9687304138335214,-0.22593713960155123,-0.7722519953077794,-0.06564167211124866,-0.631916154743327,-0.6269872897280693,0.23927506388333358,0.7413733083427514,-5.1109209060668945,-1.7980968952178955,-0.13305015861988068
1.11,3.4338547638068873,4.054388715719738,2.8596671350618754,1.9287806696844605,-67.75726318359375,-20.94348907470703,-342.3087463378906,5.003729343414307,4.460772514343262,12.506834030151367,0.09779931453148427,0.9794133044412907,-0.17659239270297938,-0.7829123284628003,-0.03382939001086538,-0.621211605101232,-0.6143969238351767,0.1990104305178104,0.7634862595534956,-5.298651695251465,-1.5738282203674316,-0.1300816833972931
1.12,1.831486952846376,0.8956049365644372,0.9793950986303112,3.2057367926150273,-67.70716094970703,-20.89855194091797,-342.1836242675781,5.0161943435668945,4.526667594909668,12.50060749053955,0.09440838839701343,0.9875494712003207,-0.12582963932335645,-0.7914749429543358,-0.002212447271174589,-0.611197611049408,-0.6038662690328959,0.15729318805669737,0.7814117878015733,-5.283684730529785,-1.2048330307006836,-0.12764547765254974
1.13,1.831486952846376,0.8956049365644372,0.9793950986303112,3.2057367926150273,-67.6569595336914,-20.853010177612305,-342.0585021972656,5.019775867462158,4.576750755310059,12.509066581726074,0.09201674726102682,0.9929794680707485,-0.07432828676508818,-0.7982053825566303,0.028928744146953567,-0.6016903647389604,-0.5953159543310791,0.11469482879368614,0.7952634851210405,-5.3624796867370605,-1.101475715637207,-0.13360662758350372
1.14,2.1070505816176035,2.6644341801056264,0.12080296699664778,0.3493394706002799,-67.60675811767578,-20.807064056396484,-341.9333190917969,5.01635217666626,4.611584663391113,12.532636642456055,0.09006236380857824,0.9957114909844123,-0.021151769354120775,-0.8052650354589772,0.06030653594317925,-0.5898401006966092,-0.5860349761682004,0.07015517403679261,0.8072429982746236,-5.551209449768066,-1.260070562362671,-0.14823748171329498
1.15,0.2950935395021695,3.735573099262275,3.5186428464782376,0.807819626779237,-67.55663299560547,-20.760805130004883,-341.807861328125,5.008415222167969,4.6384429931640625,12.56224250793457,0.08859454185479021,0.995489966095609,0.03392247863147635,-0.8125148704205322,0.09192633678689943,-0.5756467093195683,-0.5761688923389093,0.02343663815278746,0.8169945724991383,-5.716901779174805,-1.0582517385482788,-0.15764573216438293
1.16,0.2950935395021695,3.735573099262275,3.5186428464782376,0.807819626779237,-67.5066146850586,-20.71428871154785,-341.68212890625,4.995911598205566,4.66754150390625,12.583806991577148,0.0875933927400876,0.992026480408131,0.09061379429941763,-0.8177541982125401,0.1235535631178547,-0.5621499696225627,-0.56886331297953,-0.02485918763633882,0.8220562948703787,-5.844100475311279,-0.8092904090881348,-0.14890460669994354
1.17,0.45335593843748545,1.1867090689435744,3.2087370379025613,3.0020355864593817,-67.45673370361328,-20.667442321777344,-341.55621337890625,4.977777481079102,4.701894760131836,12.593250274658203,0.08717341483303187,0.9850942201784266,0.1482908396274222,-0.8223892285358155,0.15517120616429525,-0.5473553266076654,-0.5622070370731893,-0.07423795625268445,0.823657679692729,-5.962346076965332,-0.8042265176773071,-0.12867647409439087
1.18,0.45335593843748545,1.1867090689435744,3.2087370379025613,3.0020355864593817,-67.40706634521484,-20.620258331298828,-341.43017578125,4.954652309417725,4.734015464782715,12.60145378112793,0.08762679471085488,0.9745254723055289,0.20645011183428166,-0.8275313029307877,0.1865839702690264,-0.529507662558645,-0.5545389864728849,-0.12444487079157901,0.822800089095336,-6.063879013061523,-1.127806544303894,-0.11726837605237961
1.19,3.2386285854502366,0.6269425079525911,1.1248575166667438,3.9826161667238855,-67.35765838623047,-20.57277488708496,-341.30413818359375,4.926814556121826,4.762880802154541,12.609554290771484,0.08987445416584461,0.9602450300445415,0.2642954119222448,-0.8351175945925475,0.21725449214872805,-0.5053504614058997,-0.5426796344901372,-0.1752996517850386,0.8214431486071908,-6.151368141174316,-1.729123830795288,-0.11657226085662842
1.2,1.3542232965688095,3.4809533367163836,0.5573916034302953,1.0031304671446346,-67.30855560302734,-20.525005340576172,-341.1781005859375,4.892509460449219,4.791365623474121,12.611780166625977,0.09450869325369277,0.9422312840715458,0.3213538769275476,-0.8450560252716658,0.24656909797803356,-0.474430178292183,-0.5262588916603054,-0.22672425375152278,0.819541147050764,-6.216146469116211,-2.139744281768799,-0.13132856786251068
1.21,1.3542232965688095,3.4809533367163836,0.5573916034302953,1.0031304671446346,-67.25980377197266,-20.476972579956055,-341.05206298828125,4.855494976043701,4.813211441040039,12.617964744567871,0.10068696659431231,0.9203370717925119,0.37794418773467187,-0.8552187586135973,0.2741732066087009,-0.439806693552202,-0.5083925743689159,-0.2789421571980249,0.8146951965393309,-6.43900728225708,-2.0313398838043213,-0.14471936225891113
1.22,0.763593100070729,0.18146284454504166,3.253908586441103,1.3527926691126562,-67.21143341064453,-20.42876434326172,-340.9257507324219,4.817671298980713,4.827233791351318,12.631097793579102,0.10677364292252695,0.8935039910458923,0.43617657796139736,-0.8633644516195241,0.3009001008315407,-0.4050443839868505,-0.4931543499319166,-0.33333128761733555,0.8035477831707322,-6.823808193206787,-1.604921579360962,-0.14628027379512787
1.23,0.763593100070729,0.18146284454504166,3.253908586441103,1.3527926691126562,-67.16344451904297,-20.380443572998047,-340.7994079589844,4.77812385559082,4.836376190185547,12.647734642028809,0.11262218425391579,0.8615369182287848,0.49504583842582217,-0.8697574153772661,0.32637858153362775,-0.3701338405392766,-0.4804563268499381,-0.388884507334691,0.7860855919967749,-6.844590663909912,-1.610972285270691,-0.14612016081809998
1.24,2.207513976206098,3.267104253609602,1.1720428341423221,3.9315185503478842,-67.11587524414062,-20.33205223083496,-340.67279052734375,4.736817836761475,4.841583728790283,12.667108535766602,0.12092558497585504,0.8267726762434531,0.549385060513558,-0.8766357550609809,0.3485964658118229,-0.3316477905431763,-0.4657110218224508,-0.44150588426514203,0.7669327208512776,-6.51017427444458,-2.0542287826538086,-0.14718441665172577
1.25,3.749053326090959,2.1031737270593025,1.2785639207915573,4.174419943345363,-67.06876373291016,-20.283597946166992,-340.546142578125,4.679453372955322,4.851263523101807,12.66923713684082,0.13242337801267057,0.789732418268023,0.5989881104765382,-0.8840362468615135,0.3674014349935112,-0.2889569168573708,-0.44826773605817555,-0.4912625500699691,0.7468046221790734,-6.608367443084717,-2.2810118198394775,-0.15527132153511047
1.26,3.749053326090959,2.1031737270593025,1.2785639207915573,4.174419943345363,-67.0223388671875,-20.23501968383789,-340.41949462890625,4.60317325592041,4.864199638366699,12.653886795043945,0.14534835020212294,0.7475373036147377,0.6481217762102494,-0.8907116629010325,0.3840412178181308,-0.24319760810675017,-0.43070476043990785,-0.5419412539391836,0.7216599522027164,-6.951169967651367,-2.2552309036254883,-0.17483553290367126
1.27,0.5234632840185977,2.9250559919504036,2.6861559471149703,4.003672701566059,-66.97672271728516,-20.186325073242188,-340.2930908203125,4.518109321594238,4.873729705810547,12.63662338256836,0.1589397251783053,0.7003225524903067,0.695906952281486,-0.8963311555564897,0.39786955119093786,-0.19567902241653154,-0.4139186192224416,-0.5926619126522162,0.6909581998590103,-7.173247337341309,-2.191014289855957,-0.2003594934940338
1.28,0.5234632840185977,2.9250559919504036,2.6861559471149703,4.003672701566059,-66.93197631835938,-20.137563705444336,-340.166748046875,4.43157958984375,4.877383708953857,12.626079559326172,0.17363300933914072,0.6478880414643656,0.7416823199964406,-0.901003767493655,0.40852842269755696,-0.14593402211439982,-0.39754721610152655,-0.6429196011755396,0.654683585707028,-7.567406177520752,-2.3699886798858643,-0.2162245362997055
1.29,2.675113314138779,3.5012823880302215,0.016605155680724817,0.5391316055175435,-66.88809967041016,-20.088796615600586,-340.0404052734375,4.34451150894165,4.875311374664307,12.623175621032715,0.1919054305629596,0.5883352089082139,0.7855151097715264,-0.9049424096089171,0.41582853612907256,-0.09036516935168731,-0.37980460899211266,-0.6935043694885279,0.6122092358733797,-8.13534164428711,-2.778926372528076,-0.22407834231853485
1.3,2.3013840080204746,4.177348731491017,1.3214744004537604,0.4421675155398432,-66.84503173828125,-20.040077209472656,-339.9140625,4.266970634460449,4.866974830627441,12.63521957397461,0.21315054200249173,0.5213020192324517,0.82632381739135,-0.9075907382492269,0.4187770781725806,-0.03008007050291328,-0.36172627536338575,-0.7435522601279653,0.5623914456766987,-8.54700756072998,-2.6089673042297363,-0.23387055099010468
1.31,2.3013840080204746,4.177348731491017,1.3214744004537604,0.4421675155398432,-66.80272674560547,-19.99146842956543,-339.7876281738281,4.193244934082031,4.854113578796387,12.65738582611084,0.2312312013511521,0.4485874492434496,0.8633084222356218,-0.9086406194009686,0.41671542138300754,0.026841802402344572,-0.34771303728265207,-0.7906437617301726,0.503962385244013,-8.765969276428223,-1.9383083581924438,-0.23836858570575714
1.32,1.5480357545655294,2.997275974554114,0.22944059712134351,1.067713171460297,-66.76118469238281,-19.943002700805664,-339.66094970703125,4.114058017730713,4.837996006011963,12.684197425842285,0.2442579979761934,0.3712532862073029,0.8958286822294431,-0.9088090423617629,0.40986803414418704,0.07793791829575175,-0.3382368326279054,-0.8331741667064925,0.4375118889662135,-8.935503959655762,-1.2470782995224,-0.23568834364414215
1.33,1.5480357545655294,2.997275974554114,0.22944059712134351,1.067713171460297,-66.72040557861328,-19.894712448120117,-339.5339050292969,4.04314661026001,4.820326805114746,12.723649024963379,0.251970428560764,0.2894728977418206,0.9234264153704171,-0.9088356131486901,0.39859682710339217,0.1230381960846012,-0.33245861607657157,-0.8702447994076504,0.36351789185731814,-9.19550609588623,-0.6539938449859619,-0.2335233837366104
1.34,0.040940864678560236,0.5242402528387266,2.24480811564359,0.08551726518869383,-66.68028259277344,-19.846599578857422,-339.40643310546875,3.9812185764312744,4.802448272705078,12.77541732788086,0.25514006385117716,0.20247224367457445,0.9454673650419674,-0.9091879932218498,0.38301641390284424,0.16332672672355386,-0.3290603908088036,-0.9012787677641079,0.28180816520883234,-9.544968605041504,-0.15361563861370087,-0.2325945347547531
1.35,1.4162861549232038,2.195392858426268,2.8177889650835506,3.997636010976254,-66.64073181152344,-19.79865837097168,-339.2783508300781,3.933779239654541,4.786574840545654,12.83961009979248,0.2550152903197134,0.11127929131439207,0.9605124262744956,-0.9100059763889354,0.3634404348811147,0.19949980759350622,-0.3268888567075544,-0.924947549657813,0.19394768815955254,-9.603382110595703,-0.010483933612704277,-0.22634699940681458
1.36,1.4162861549232038,2.195392858426268,2.8177889650835506,3.997636010976254,-66.6016845703125,-19.750885009765625,-339.14959716796875,3.865988254547119,4.7658610343933105,12.908512115478516,0.25607676624376574,0.019344371626095425,0.966462873097838,-0.9105140242823004,0.34059411773866455,0.23443519050490585,-0.3246365681425715,-0.9400114053819841,0.10483156192865406,-9.660111427307129,-0.28884631395339966,-0.2227885127067566
1.37,2.9256784454278737,2.0687675779381944,0.7122168010957818,2.179313548250248,-66.5634994506836,-19.703365325927734,-339.0201416015625,3.769922971725464,4.737023830413818,12.984175682067871,0.2608933005623424,-0.07460845962612395,0.9624802665373997,-0.9099913116178744,0.31381441891528883,0.27099137119258976,-0.3222584343375168,-0.9465485134070395,0.013979029481897554,-9.936748504638672,-0.7032957673072815,-0.22604906558990479
1.38,2.9256784454278737,2.0687675779381944,0.7122168010957818,2.179313548250248,-66.5262680053711,-19.65614128112793,-338.8898620605469,3.682767629623413,4.70815896987915,13.071507453918457,0.2687907832668782,-0.17013663454800865,0.9480532898605728,-0.9083681145992246,0.28257608588564886,0.3082500998621025,-0.3203418224494389,-0.9440361652342688,-0.07859284649093978,-10.141633987426758,-0.7705491185188293,-0.2354539930820465
1.39,3.5259099285870783,2.5727091252377097,3.1840932896092493,1.2815685671439447,-66.48983764648438,-19.60919761657715,-338.7586975097656,3.607687473297119,4.680386066436768,13.16873550415039,0.2753563526271058,-0.26503934647674854,0.9240849657293829,-0.9069217474551802,0.24721027962333622,0.34114516212514884,-0.31886019359703577,-0.932009239475516,-0.172299026322063,-10.25473690032959,-0.49996495246887207,-0.24771523475646973
1.4,1.5737649730449172,2.4639802490427525,4.105160526186295,3.0826471256054147,-66.45417022705078,-19.56255340576172,-338.62646484375,3.525372266769409,4.647094249725342,13.27757740020752,0.2793523905123242,-0.35714623131637097,0.8912961412300422,-0.9062487111742739,0.20867106647181996,0.3676542662780906,-0.3172940519612963,-0.9104410774311684,-0.26537055058155123,-10.089733123779297,-0.21396368741989136,-0.25262004137039185
1.41,1.5737649730449172,2.4639802490427525,4.105160526186295,3.0826471256054147,-66.41937255859375,-19.51628303527832,-338.49310302734375,3.433870553970337,4.606745719909668,13.39962387084961,0.2820358694271047,-0.4432681954759041,0.8508637230697007,-0.9059926504264397,0.16872912284608366,0.3882110257023437,-0.31564709048203143,-0.8803657137707752,-0.3540100624093917,-9.884684562683105,-0.2811025083065033,-0.2489190250635147
1.42,1.126991695715564,1.2361374323084677,0.8643268321707902,2.1610944573454844,-66.385498046875,-19.470434188842773,-338.35845947265625,3.3431172370910645,4.562685966491699,13.532172203063965,0.28702951924556225,-0.5241015229844393,0.8018301869392628,-0.9045168428466913,0.12729844303673293,0.4069943333844811,-0.31537808435006376,-0.8420882970364897,-0.4375202439954855,-9.839137077331543,-0.6577479839324951,-0.24400648474693298
1.43,1.298759939638703,0.13977069122421093,1.1225993338670301,3.2969414220565176,-66.35243225097656,-19.425003051757812,-338.22247314453125,3.278031349182129,4.527238845825195,13.659905433654785,0.29465154979747454,-0.5997192465422748,0.7439874256522838,-0.9014052247033429,0.08404263940405343,0.4247416339841386,-0.31725239964334717,-0.7957849333134968,-0.5158267682388842,-9.934062957763672,-0.9064052700996399,-0.246550515294075
1.44,1.298759939638703,0.13977069122421093,1.1225993338670301,3.2969414220565176,-66.31987762451172,-19.37986946105957,-338.08526611328125,3.234051465988159,4.499469757080078,13.779892921447754,0.30343404500371635,-0.6702700155839009,0.6772487626728009,-0.897182538522653,0.03840938131148913,0.4399866043384921,-0.32092253411490257,-0.7411226792079877,-0.5896998401397472,-10.111867904663086,-1.160287618637085,-0.2598416805267334
1.45,0.7267824807734407,0.0906117444580787,1.6866539166793584,1.244122018185888,-66.2877426147461,-19.335018157958984,-337.9468688964844,3.1943984031677246,4.470574855804443,13.900223731994629,0.3139241965265876,-0.7346869075780964,0.6014039795914803,-0.891199481421409,-0.009563108791675379,0.45351078406632184,-0.32743714381442407,-0.6783389232408618,-0.6577546822844214,-10.278532028198242,-1.538910984992981,-0.27958860993385315
1.46,0.7267824807734407,0.0906117444580787,1.6866539166793584,1.244122018185888,-66.2559585571289,-19.290447235107422,-337.8072814941406,3.1639368534088135,4.444349765777588,14.013711929321289,0.3257119375959935,-0.7914763051402454,0.5171817785933768,-0.8832123000132464,-0.05949375041253116,0.46518440082096757,-0.337413347117115,-0.6082974207272265,-0.7184194325906201,-10.284801483154297,-1.8732713460922241,-0.29605233669281006
1.47,2.926103463219293,0.8158296305300767,1.9529009485549191,1.8824443693530768,-66.22443389892578,-19.246122360229492,-337.6666564941406,3.141110897064209,4.420550346374512,14.119043350219727,0.33767945558779494,-0.8387690784320225,0.4271288076683962,-0.8734850540341348,-0.11016584059533036,0.47422288846586547,-0.35070849099061574,-0.5332259564501898,-0.7698529948729598,-10.1433687210083,-2.153449058532715,-0.3085656464099884
1.48,0.1308258131294883,0.8576984356730228,3.345824169537877,4.083457794739,-66.19314575195312,-19.202070236206055,-337.52490234375,3.11449933052063,4.387287616729736,14.234551429748535,0.3489164392803109,-0.8758768851235075,0.33331216675406716,-0.8623446617287456,-0.16082475469446936,0.4801011171257563,-0.36690462355751874,-0.45494513997162966,-0.8114221569739821,-9.898106575012207,-2.28655743598938,-0.3249238431453705
1.49,0.1308258131294883,0.8576984356730228,3.345824169537877,4.083457794739,-66.16214752197266,-19.15841293334961,-337.3819274902344,3.0857274532318115,4.3428053855896,14.363749504089355,0.35881016479735406,-0.9027753287773531,0.23717498052922276,-0.8499864226379762,-0.21101642499421033,0.4826957113065728,-0.38571796298486155,-0.3747916409601532,-0.8430616103804065,-9.85128116607666,-2.7250914573669434,-0.3412712812423706
1.5,2.3483146445710377,3.7234141861537746,0.6428826404974618,0.1239856790080699,-66.13141632080078,-19.115224838256836,-337.2376403808594,3.06198787689209,4.294091701507568,14.495305061340332,0.3677657983442347,-0.9200571755867853,0.13506706193404353,-0.8340204751000028,-0.2621020282833519,0.48550218731095196,-0.41128842031133495,-0.2911997946788769,-0.8637386843813275,-10.054567337036133,-3.5491411685943604,-0.3581104576587677
1.51,2.3483146445710377,3.7234141861537746,0.6428826404974618,0.1239856790080699,-66.10088348388672,-19.072525024414062,-337.0920715332031,3.046290159225464,4.24727725982666,14.618423461914062,0.3741803473498749,-0.926951969387722,0.027369948946793482,-0.8148828486524053,-0.3145668362883018,0.4868404753917952,-0.4426680591925144,-0.20446944015131419,-0.8730619894457324,-10.248483657836914,-3.616856098175049,-0.3745381236076355
1.52,4.158041139614063,3.1410677708361634,1.1868372491000876,1.6103656490394076,-66.07047271728516,-19.0302734375,-336.9453125,3.0379109382629395,4.202940464019775,14.732619285583496,0.37688209779943505,-0.9227456395280003,-0.08062486645172931,-0.7976358613355672,-0.36756530293448664,0.4781974286737092,-0.4708894956035494,-0.11591476528355307,-0.8745437954267893,-10.40298080444336,-2.939582586288452,-0.38577330112457275
1.53,1.2026970096769622,0.1751710940832109,3.8258194868843334,3.036318619804417,-66.04010772705078,-18.988489151000977,-336.7973937988281,3.037914752960205,4.152081489562988,14.85567855834961,0.3770997287692829,-0.9073163781178007,-0.1859375824338081,-0.7840334791924392,-0.4195993208138902,0.4574143783025638,-0.49303884032349043,-0.026709548324857474,-0.8695972067346753,-10.43896770477295,-2.2128777503967285,-0.39913132786750793
1.54,1.2026970096769622,0.1751710940832109,3.8258194868843334,3.036318619804417,-66.00969696044922,-18.947235107421875,-336.6482238769531,3.0464749336242676,4.10009765625,14.97954273223877,0.3757717286219719,-0.8812439799277662,-0.28671354312192115,-0.7729398028218325,-0.4687191288704882,0.4276288571233673,-0.5112334781508364,0.06092147463712069,-0.8572799453771427,-10.276244163513184,-2.208925247192383,-0.4132007658481598
1.55,1.3224082376662618,4.003070316894127,1.8377304187221077,1.4774566786643273,-65.97916412353516,-18.906475067138672,-336.49786376953125,3.0613415241241455,4.052895545959473,15.094602584838867,0.3709227057517838,-0.8456437569521599,-0.3838007069894637,-0.7605357171461046,-0.5137778811923315,0.3970109718163709,-0.5329181637951894,0.14463376205214032,-0.8337141629910152,-10.014178276062012,-2.8475992679595947,-0.42773568630218506
1.56,1.3224082376662618,4.003070316894127,1.8377304187221077,1.4774566786643273,-65.94844818115234,-18.866172790527344,-336.3463439941406,3.0841522216796875,4.007746696472168,15.207395553588867,0.3614052121135448,-0.8010384809970699,-0.47720396542680893,-0.7466196655319359,-0.5551896826476227,0.3665016934785059,-0.5585206779503731,0.2238342427859047,-0.7987195277807578,-10.05685806274414,-3.059443473815918,-0.43843773007392883
1.57,0.16507238541333225,2.016808636239007,3.39137641193341,2.84560343505874,-65.9174575805664,-18.826313018798828,-336.1936950683594,3.115248680114746,3.9649434089660645,15.318685531616211,0.34946568660250177,-0.7460786694415188,-0.5667806920598252,-0.7338124166537082,-0.5940695905241387,0.32954614059237014,-0.5825745197417117,0.3007456410637644,-0.7550887287788494,-10.391183853149414,-2.802943706512451,-0.4432445168495178
1.58,3.1138701525178254,1.916203201730591,1.7376623421433812,2.7945419190554484,-65.88612365722656,-18.786865234375,-336.0399475097656,3.1533124446868896,3.9261538982391357,15.42673110961914,0.3356713787592606,-0.6802091819275857,-0.6516442237166393,-0.7225236342164834,-0.6297774904604906,0.28520152613177224,-0.6043875606599314,0.37509436323502815,-0.7028654886881603,-10.687832832336426,-2.8968892097473145,-0.44802168011665344
1.59,3.1138701525178254,1.916203201730591,1.7376623421433812,2.7945419190554484,-65.85435485839844,-18.74778175354004,-335.8851318359375,3.2015738487243652,3.8907041549682617,15.535335540771484,0.31770693228141383,-0.6042200037040707,-0.7307396884692835,-0.7117005937641795,-0.6611940164951959,0.23728619299627257,-0.6265337740425866,0.44468040172105944,-0.6400896580238973,-10.808697700500488,-3.0545263290405273,-0.46440815925598145
1.6,3.553661776608119,2.2390302838643326,0.6324615107003856,1.52003400664536,-65.82205200195312,-18.70903778076172,-335.729248046875,3.2605082988739014,3.859363555908203,15.64452075958252,0.29724529812907685,-0.5198305329935576,-0.8008879133235751,-0.7020852710303908,-0.6874695574529078,0.18563911165938626,-0.6470869377002901,0.5071112546011349,-0.5693124542064084,-10.818340301513672,-2.9713213443756104,-0.4894062578678131
1.61,3.553661776608119,2.2390302838643326,0.6324615107003856,1.52003400664536,-65.78913879394531,-18.670574188232422,-335.5722351074219,3.320598602294922,3.835012435913086,15.747452735900879,0.2760241360491717,-0.42851206942723874,-0.8603418405921529,-0.6940694268796194,-0.7080744425587188,0.12999313238073903,-0.6648896953550302,0.5612557261626333,-0.4928627627041325,-10.790548324584961,-2.6361210346221924,-0.5145061016082764
1.62,3.712155908231682,0.12821738637601077,2.3604941442665788,0.06569454060196096,-65.7556381225586,-18.6323184967041,-335.414306640625,3.3802950382232666,3.8174540996551514,15.844975471496582,0.2570685155560559,-0.33183703853938085,-0.9076342645378807,-0.6879047616134834,-0.7224840050286387,0.06931018270986444,-0.6787509243156157,0.6065484665970161,-0.4140001695766632,-10.738652229309082,-2.0933430194854736,-0.536985456943512
1.63,0.421596644984459,3.6899650270291016,0.6160842834936774,0.6457521246056285,-65.72154998779297,-18.594205856323242,-335.25537109375,3.4361860752105713,3.8061814308166504,15.937496185302734,0.24140465967708447,-0.23260991026777827,-0.9421339713286044,-0.6832186048643101,-0.7301952365116957,0.005220588366734502,-0.6891560986115245,0.6424231831284151,-0.3351959509386978,-10.2648344039917,-1.6739758253097534,-0.5546005368232727
1.64,0.421596644984459,3.6899650270291016,0.6160842834936774,0.6457521246056285,-65.68694305419922,-18.556175231933594,-335.0955505371094,3.484206438064575,3.8002114295959473,16.025299072265625,0.2281515627739187,-0.13514103042976583,-0.9642011026223731,-0.6795081543608503,-0.7313493555600846,-0.058281972160866724,-0.6972915692598971,0.6684796347056733,-0.25868793057048534,-10.103089332580566,-1.2956366539001465,-0.5594320893287659
1.65,4.142888357867011,1.1865148181077063,2.374830562166213,2.3135573359152906,-65.65187072753906,-18.51818084716797,-334.9348449707031,3.5294582843780518,3.7985754013061523,16.11151695251465,0.21822589615377946,-0.03386878432810991,-0.9753103935137858,-0.6764046135869848,-0.7256471604786362,-0.12614672888162476,-0.7034587812843917,0.6872329328091229,-0.18126400386301184,-10.536635398864746,-0.8438342213630676,-0.5538026690483093
1.66,4.142888357867011,1.1865148181077063,2.374830562166213,2.3135573359152906,-65.61626434326172,-18.480173110961914,-334.7732849121094,3.5961101055145264,3.804788827896118,16.200376510620117,0.2116476140508266,0.07107027973379093,-0.9747585869358388,-0.6734792216087748,-0.7121519548005251,-0.1981548165829683,-0.7082591513901049,0.6984186485284823,-0.10286090540053185,-10.56836223602295,-0.5323364734649658,-0.556670606136322
1.67,0.8659238163607362,0.041261614377699186,1.7021098011489306,0.013966345992318153,-65.57987976074219,-18.442049026489258,-334.61083984375,3.68233585357666,3.821129322052002,16.288650512695312,0.20666022129039652,0.17287673839713918,-0.9630187881123459,-0.6705513615186764,-0.6917345940230804,-0.2680748458866916,-0.7124973154346995,0.701153966510132,-0.027031291967922644,-10.161867141723633,-0.3609544634819031,-0.5689887404441833
1.68,0.6943055312153347,0.88244948737919,3.475489736513249,0.39448251839914444,-65.54273223876953,-18.403757095336914,-334.4475402832031,3.7379162311553955,3.835066795349121,16.37306785583496,0.20235575469676784,0.26881571879369354,-0.94169541671951,-0.6676162603751505,-0.6656448166778234,-0.3334748969752386,-0.7164779671586563,0.6961717369725495,0.04476868567227113,-9.732603073120117,-0.31000906229019165,-0.5747904777526855
1.69,0.6943055312153347,0.88244948737919,3.475489736513249,0.39448251839914444,-65.50518035888672,-18.365352630615234,-334.28338623046875,3.7753734588623047,3.8475027084350586,16.456201553344727,0.1971748876278463,0.3583008724139965,-0.9125472856330871,-0.6652228118394676,-0.6348460917890504,-0.39300006405668786,-0.7201393436671394,0.6845370147534299,0.11317420702228975,-9.302136421203613,-0.45874154567718506,-0.5695783495903015
1.7,1.7965455504099288,0.5390490694058212,0.2609602964171342,2.6525724419243186,-65.46720886230469,-18.326791763305664,-334.1184387207031,3.8189079761505127,3.8659355640411377,16.53728485107422,0.18967888375630776,0.44067859023630895,-0.8773963193245686,-0.664201516391164,-0.6005227308321943,-0.4452064637643103,-0.7230893905186546,0.6672142308593119,0.17879290662153652,-8.849699020385742,-0.7187134623527527,-0.5601220726966858
1.71,1.7965455504099288,0.5390490694058212,0.2609602964171342,2.6525724419243186,-65.42880249023438,-18.288028717041016,-333.9526672363281,3.8610198497772217,3.88726806640625,16.616310119628906,0.17999023503050912,0.516562702076478,-0.8371179666672492,-0.6647751474377099,-0.5633842184119252,-0.4905835563831658,-0.7250362188489847,0.6447954693294857,0.24199438854927044,-8.703023910522461,-0.8781473636627197,-0.5642239451408386
1.72,0.3341058163425756,4.044588253662187,3.594548036644819,3.801825347416142,-65.39000701904297,-18.249040603637695,-333.7861022949219,3.900545358657837,3.9106626510620117,16.692977905273438,0.16944523572309747,0.5889303032030936,-0.7902211146633935,-0.6663064755142306,-0.522341094106691,-0.5321611241863021,-0.7261707738394241,0.616701612918709,0.3038998648320116,-8.842385292053223,-0.9288733005523682,-0.5810251832008362
1.73,0.6754471242841282,2.7612861800864312,3.517258862124018,0.01416576024193425,-65.35072326660156,-18.209753036499023,-333.61883544921875,3.960533857345581,3.9525938034057617,16.75664710998535,0.15814442628479186,0.6586202684229918,-0.735669547050495,-0.6689141923504132,-0.4765801566234775,-0.5704604785477573,-0.7263223414622799,0.582314946000159,0.3651919494698417,-9.234687805175781,-1.1299971342086792,-0.5863242149353027
1.74,0.6754471242841282,2.7612861800864312,3.517258862124018,0.01416576024193425,-65.31078338623047,-18.169971466064453,-333.45098876953125,4.0203328132629395,4.000399112701416,16.81302261352539,0.1454165081250231,0.7256732897448089,-0.6724970748751787,-0.6735514303827587,-0.4252714555462548,-0.604543348095825,-0.7246947700888043,0.5408719494007029,0.4269367922273957,-9.423556327819824,-1.2818998098373413,-0.5764560699462891
1.75,0.0614453743088622,2.948329961454691,0.36410186226798125,3.0851004179927237,-65.2703628540039,-18.1297664642334,-333.2825622558594,4.063148498535156,4.040506839752197,16.870067596435547,0.13294077067878285,0.7861763736484593,-0.6035341423716555,-0.6792098322639495,-0.37120612489695703,-0.6331508640086994,-0.7218038204715386,0.4940978874230724,0.484630294551164,-9.26198959350586,-1.269690752029419,-0.5613788366317749
1.76,0.0614453743088622,2.948329961454691,0.36410186226798125,3.0851004179927237,-65.22955322265625,-18.089160919189453,-333.1136169433594,4.0978522300720215,4.078980445861816,16.923484802246094,0.12125816258854896,0.839810797387277,-0.529163757826814,-0.685435921129175,-0.3147484679243157,-0.6565904354809744,-0.7179652192351997,0.4423247975538361,0.5374706665833118,-9.588322639465332,-1.2595365047454834,-0.555851399898529
1.77,3.2974900814891086,2.37195284417212,2.0159925825101115,3.1773789191931145,-65.18843078613281,-18.048187255859375,-332.9441223144531,4.125580787658691,4.116562366485596,16.972103118896484,0.11027887454448138,0.8890959599322314,-0.44423748588045364,-0.6922674230774786,-0.2520035880010641,-0.6762100314105501,-0.7131650473592139,0.38210282080452324,0.5877014969849546,-10.406782150268555,-1.2648648023605347,-0.5603137016296387
1.78,0.7833078250378576,0.8924719358874799,0.9115432210204767,1.3934547753650608,-65.14703369140625,-18.006790161132812,-332.77423095703125,4.154891490936279,4.1680145263671875,17.001935958862305,0.10018334491105291,0.9321560502652426,-0.3479200990979615,-0.6995578967184386,-0.18266388468447575,-0.690834751855211,-0.707518230536364,0.31260038897269304,0.6337972469747827,-10.88298225402832,-1.2050862312316895,-0.5708494186401367
1.79,0.7833078250378576,0.8924719358874799,0.9115432210204767,1.3934547753650608,-65.1053695678711,-17.964862823486328,-332.6040954589844,4.171784400939941,4.21040153503418,17.032747268676758,0.09122212478143754,0.965216224912776,-0.24502278080923318,-0.706860916074842,-0.11055169687870336,-0.6986601231235935,-0.7014457707308495,0.2369302882334147,0.6721888642646767,-11.013936042785645,-1.160461187362671,-0.5820370316505432
1.8,3.1639583567889917,0.5993989824635785,1.7509036242612044,3.5516701308624143,-65.06363677978516,-17.922637939453125,-332.43359375,4.174219131469727,4.233296871185303,17.074644088745117,0.08325542012839005,0.9869395396674746,-0.13790895569250827,-0.7145889827328532,-0.03733014217720099,-0.698547812423642,-0.6945726173526214,0.15670611196115775,0.7021481849993958,-11.118536949157715,-1.1767072677612305,-0.590772271156311
1.81,3.1639583567889917,0.5993989824635785,1.7509036242612044,3.5516701308624143,-65.02190399169922,-17.88015365600586,-332.2626953125,4.172524929046631,4.268578052520752,17.096616744995117,0.07632361467974197,0.996680683168364,-0.02832528272164775,-0.7229898548778179,0.03575735129763996,-0.68993266452019,-0.6866297223292697,0.07313704688610384,0.7233191527858291,-11.116451263427734,-1.2626545429229736,-0.6071068048477173
1.82,2.438449415948958,2.7117839902219845,0.6031286785463685,1.862193410491922,-64.98020935058594,-17.837228775024414,-332.091796875,4.163219451904297,4.316557884216309,17.09766960144043,0.07052210833819172,0.9942156396172115,0.08100551941735307,-0.7325209122022209,0.10673831601740669,-0.6723243600228941,-0.6770817863611178,-0.011924505621074222,0.73581115834413,-11.0186767578125,-1.4060251712799072,-0.6311894059181213
1.83,0.0648212740659992,1.8007160809948812,0.9923461962373052,3.64443017370822,-64.93866729736328,-17.793842315673828,-331.9208984375,4.144496917724609,4.35930061340332,17.096694946289062,0.0660360774553923,0.9797611085488943,0.18896403533304318,-0.7425594401571601,0.1747530550020634,-0.6465808902225081,-0.6665168522309025,-0.0976193625388323,0.7390708665275081,-11.08368968963623,-1.264854907989502,-0.6500927805900574
1.84,0.0648212740659992,1.8007160809948812,0.9923461962373052,3.64443017370822,-64.89735412597656,-17.750076293945312,-331.75,4.1188530921936035,4.3919477462768555,17.100473403930664,0.06258163131201777,0.9527722032980566,0.2971677439509435,-0.7514445702484189,0.24093546653501496,-0.6142321701195108,-0.6568215870892915,-0.1848654364345091,0.7310336333886307,-11.52712631225586,-1.2271631956100464,-0.6619704961776733
1.85,2.714814661892978,1.599292906263555,3.8954058679767107,3.151821827450978,-64.85631561279297,-17.706024169921875,-331.57904052734375,4.086962699890137,4.418080806732178,17.1065616607666,0.061137778230698436,0.9113930806453563,0.4069702994381541,-0.7613042002270072,0.30626685880166515,-0.5715037409470544,-0.645506070296578,-0.274887729357874,0.71257185564597,-12.196775436401367,-1.4957818984985352,-0.6741973161697388
1.86,2.714814661892978,1.599292906263555,3.8954058679767107,3.151821827450978,-64.815673828125,-17.66168975830078,-331.4079895019531,4.03792667388916,4.4526047706604,17.097251892089844,0.06275176765611301,0.854606688117191,0.515470294276401,-0.7725732601312245,0.36856586985635187,-0.5170007324049378,-0.6318170410698375,-0.3657958559120058,0.6833744349998457,-12.42219066619873,-1.7999383211135864,-0.6875526905059814
1.87,0.495692648318989,3.8987040403378885,3.5049600584900986,4.173265710120087,-64.77561950683594,-17.616962432861328,-331.2370910644531,3.9689927101135254,4.49248743057251,17.07623863220215,0.06813620852222613,0.7852640649756839,0.615400524330359,-0.7847970558043076,0.4230387205594557,-0.4529148066781539,-0.6159959726240963,-0.4521046219242664,0.6450971806988539,-12.210577964782715,-2.106102466583252,-0.7018815875053406
1.88,3.9572738079192096,1.164317103020942,0.06762625632075153,2.0300437077690314,-64.736328125,-17.571857452392578,-331.06646728515625,3.886267900466919,4.5280561447143555,17.056320190429688,0.07789729576127757,0.7049394969788045,0.7049768201241445,-0.7974197316098754,0.4684724777764787,-0.3803357848075848,-0.5983759545238384,-0.5325352975768246,0.5986254036394117,-12.393780708312988,-2.4498023986816406,-0.7120488286018372
1.89,3.9572738079192096,1.164317103020942,0.06762625632075153,2.0300437077690314,-64.69788360595703,-17.526453018188477,-330.8958740234375,3.808608293533325,4.549154281616211,17.054439544677734,0.09173396570969139,0.6118402467585913,0.7856439346049578,-0.8094128942714336,0.5053799962457467,-0.2990682630801705,-0.5800307286017822,-0.6084756131851425,0.5415918962065908,-12.617048263549805,-2.391047954559326,-0.7330078482627869
1.9,1.7423596332091071,0.8871326461341555,1.1504732492480048,0.10015777402575705,-64.6601333618164,-17.480915069580078,-330.72528076171875,3.740736484527588,4.557559490203857,17.071748733520508,0.10533382861257412,0.5092171227903707,0.854167844399983,-0.8189252620913846,0.5317042428235474,-0.21599077126580007,-0.5641508660441583,-0.6767484909628796,0.4730172093286791,-12.548038482666016,-1.9302457571029663,-0.7646347284317017
1.91,1.7423596332091071,0.8871326461341555,1.1504732492480048,0.10015777402575705,-64.6230239868164,-17.43532943725586,-330.5544128417969,3.685239315032959,4.557770252227783,17.10638427734375,0.11688180271081261,0.40004784315385666,0.9090106530635479,-0.8261439927889039,0.5471533552653399,-0.1345708326521316,-0.5512030001495619,-0.7352448088968924,0.3944493929723991,-12.353434562683105,-1.524763584136963,-0.7852995991706848
1.92,3.0906596856273376,2.979552462063978,0.381742199588805,1.7479096450702405,-64.58638763427734,-17.389774322509766,-330.3830871582031,3.6415841579437256,4.5531511306762695,17.155916213989258,0.12688495769342317,0.2873609094860384,0.9493808062155538,-0.8318156726523565,0.5522222516230286,-0.05597563346939527,-0.540354415398862,-0.7826073680408006,0.3091000052526768,-12.074565887451172,-1.2170854806900024,-0.7948873043060303
1.93,1.4565160797357142,3.046760624021535,0.37581441338281546,2.4681762051696454,-64.55024719238281,-17.344270706176758,-330.2112731933594,3.580519199371338,4.547250747680664,17.209516525268555,0.1347770882147568,0.17267612226050516,0.9757141452768975,-0.8364317157077987,0.5477554684848922,0.018599239312516835,-0.5312411142320027,-0.8186250078918742,0.21825667230022777,-12.023351669311523,-0.747349202632904,-0.8041004538536072
1.94,1.4565160797357142,3.046760624021535,0.37581441338281546,2.4681762051696454,-64.51480865478516,-17.298839569091797,-330.03887939453125,3.5055487155914307,4.538351058959961,17.271026611328125,0.13864771673134785,0.05415771278966769,0.9888598246417823,-0.8405740656348317,0.5344037057544294,0.08858848377787726,-0.5236526050993291,-0.8434925141465843,0.1196174224407171,-12.376569747924805,-0.2705715000629425,-0.8109649419784546
1.95,1.7509303737799458,0.3195326330946765,2.117272930046268,2.6365260224573035,-64.48013305664062,-17.253515243530273,-329.8658142089844,3.432232141494751,4.526055812835693,17.34525489807129,0.13958879074504615,-0.06987320599829794,0.9877412133660595,-0.8447432190083013,0.5120514074264799,0.15560286016668967,-0.5166467491795812,-0.8561081072131491,0.012451719804528971,-12.929898262023926,0.0872114896774292,-0.8138946294784546
1.96,1.7509303737799458,0.3195326330946765,2.117272930046268,2.6365260224573035,-64.44615936279297,-17.208328247070312,-329.6919250488281,3.362823963165283,4.510780334472656,17.431594848632812,0.13911442743004068,-0.19719045612376462,0.9704447949752286,-0.8490967631157408,0.4805361400922258,0.21936204077195376,-0.5095898968260493,-0.854517958897861,-0.10058426802363313,-13.157975196838379,0.13305890560150146,-0.8176280856132507
1.97,3.359017079144434,3.428396861037544,2.34433482126936,2.082385984919605,-64.4128646850586,-17.163305282592773,-329.5171203613281,3.2977242469787598,4.49252986907959,17.52822494506836,0.14101479157789126,-0.3213082376787646,0.9364164911811466,-0.8529310654859175,0.44077775886170467,0.2796847597240695,-0.5026165795965165,-0.8381384036617219,-0.2118975937146978,-13.064538955688477,-0.10001154989004135,-0.8247601985931396
1.98,1.5670467696050208,0.8032560919976682,0.9146656487676332,0.5152179992028694,-64.38026428222656,-17.118505477905273,-329.3412780761719,3.217167615890503,4.464532375335693,17.638113021850586,0.1452516515538908,-0.4389339616137572,0.8867011531868672,-0.8560275994791792,0.3936234559113428,0.33507808625203406,-0.496103524126549,-0.8077113050455987,-0.31856512842863816,-12.982629776000977,-0.02477392554283142,-0.8289428949356079
1.99,1.5670467696050208,0.8032560919976682,0.9146656487676332,0.5152179992028694,-64.34844970703125,-17.07400894165039,-329.1643371582031,3.1539571285247803,4.437519550323486,17.74935531616211,0.14824990868276328,-0.5484553317489986,0.8229329946305763,-0.8595515486929277,0.3400599405837748,0.38148443211977745,-0.48907371603383254,-0.7639083622308735,-0.4210117746555348,-12.869646072387695,0.26947563886642456,-0.8288106918334961
2.0,0.09689080481739236,2.3038063340375583,2.479427105792855,3.055292822387133,-64.31709289550781,-17.02972984313965,-328.9863586425781,3.118479013442993,4.417823791503906,17.851425170898438,0.15013091816975832,-0.6476867367763591,0.746968940728794,-0.8637146768241221,0.2817314181745354,0.4178808024448688,-0.4811004723008571,-0.7079048657957907,-0.5171199440502521,-12.691835403442383,0.5156413912773132,-0.8275651335716248
2.01,0.09689080481739236,2.3038063340375583,2.479427105792855,3.055292822387133,-64.28610229492188,-16.985679626464844,-328.8073425292969,3.07480525970459,4.388886451721191,17.960203170776367,0.1520312006852293,-0.7358869577538605,0.6598158071962023,-0.8681225018680332,0.21971321226027846,0.44507238299927937,-0.47249321240478676,-0.6404658380944594,-0.6054367633909981,-12.805708885192871,0.4736248850822449,-0.8215201497077942
2.02,2.2907569104974526,3.3975626709844815,1.8057520679526746,0.8284586501057537,-64.25560760498047,-16.941986083984375,-328.6271667480469,3.023995876312256,4.349082946777344,18.076753616333008,0.15633622361103788,-0.8139709342779252,0.5594732373740152,-0.8711464824028273,0.15330919585429598,0.46647625519814995,-0.46547050538591583,-0.5603102788787929,-0.6851201354496519,-13.200273513793945,0.1715390682220459,-0.8132126331329346
2.03,0.7793465304140166,2.7218524444824417,2.3414675373372353,2.282824121417027,-64.22560119628906,-16.89871597290039,-328.44580078125,2.977220296859741,4.303804397583008,18.192697525024414,0.16246894122670616,-0.8799182116217196,0.44648380037030216,-0.8728036045165769,0.08290098304740465,0.48097951614662854,-0.46023658163986064,-0.4678369030615355,-0.7545269518408521,-13.432312965393066,0.26091429591178894,-0.8048837184906006
2.04,0.7793465304140166,2.7218524444824417,2.3414675373372353,2.282824121417027,-64.19603729248047,-16.855920791625977,-328.2633056640625,2.937377691268921,4.25490665435791,18.304319381713867,0.1682125419184869,-0.930745356333257,0.3246808007957971,-0.8750862098499258,0.010632782037562336,0.48385025501350454,-0.4537936382011244,-0.36551337268316253,-0.8126938589148848,-13.613414764404297,0.45350661873817444,-0.7941093444824219
2.05,3.716104290444144,1.1682798137407784,1.0038736816420726,3.9846418623759,-64.16683197021484,-16.81362533569336,-328.0797424316406,2.9058876037597656,4.204030990600586,18.409021377563477,0.17452624479771656,-0.9651719844129129,0.1948938951872219,-0.8770424401730369,-0.062404064864572895,0.4763426191552711,-0.44759037971356463,-0.2540645059681075,-0.8573879394970803,-13.89322566986084,0.4336422085762024,-0.7828340530395508
2.06,3.716104290444144,1.1682798137407784,1.0038736816420726,3.9846418623759,-64.13790130615234,-16.771860122680664,-327.8951721191406,2.882129430770874,4.148131370544434,18.513477325439453,0.18160180856800703,-0.9815919103720905,0.05914477675077248,-0.8782999382721233,-0.13485367467219164,0.4586978361171884,-0.44227819475530705,-0.13524721039443466,-0.8866217855007343,-14.07611083984375,0.45523151755332947,-0.7860992550849915
2.07,4.112135651687674,1.042363321267795,0.3919235511620332,0.31118001339649065,-64.10916137695312,-16.730674743652344,-327.70947265625,2.8685226440429688,4.08890438079834,18.617473602294922,0.1894545352425672,-0.9787418610794385,-0.07855793051487489,-0.8791559473565713,-0.20471707399874758,0.4303205082737295,-0.437254844802882,-0.01246150007616817,-0.8992513062054783,-14.157306671142578,0.5404229164123535,-0.8023360967636108
2.08,3.076328912995054,0.7247203542343741,0.5152365719079534,3.251156821809363,-64.08049774169922,-16.690052032470703,-327.5228576660156,2.8642122745513916,4.038600444793701,18.699325561523438,0.19836248406429885,-0.9565123473029311,-0.21386082944961593,-0.8800698889012235,-0.26986499683215875,0.39070433083620526,-0.43142706865150315,0.11071139481469769,-0.8953288063571705,-13.948939323425293,0.949735164642334,-0.8141971230506897
2.09,3.076328912995054,0.7247203542343741,0.5152365719079534,3.251156821809363,-64.0518569946289,-16.649887084960938,-327.33551025390625,2.867548942565918,3.994478702545166,18.767776489257812,0.20938509844739472,-0.9164540271522194,-0.34098371906097485,-0.8819584306744149,-0.32758803834067307,0.3388737282505577,-0.4222643805846024,0.22977835679756428,-0.8768664092305699,-13.750411987304688,1.346397876739502,-0.8222771286964417
2.1,1.7389188721407065,3.507663797775897,0.8966580508300204,1.446253453027878,-64.02313232421875,-16.610157012939453,-327.1474914550781,2.880671501159668,3.952216386795044,18.836894989013672,0.22249365966218718,-0.8594826672750226,-0.4602022556050101,-0.883448605519217,-0.3773775650215568,0.2776773934344515,-0.4123289133886651,0.3447835815003564,-0.8432728793881072,-13.765251159667969,1.5018774271011353,-0.8317056894302368
2.11,1.7389188721407065,3.507663797775897,0.8966580508300204,1.446253453027878,-63.99422073364258,-16.57082748413086,-326.95880126953125,2.9026029109954834,3.9147067070007324,18.904617309570312,0.23779678001576296,-0.7861402372927349,-0.5704701733863545,-0.8840856531346153,-0.4184338304814001,0.20810018604077168,-0.4022999494601953,0.45485894167091573,-0.7945175226804876,-13.956343650817871,1.8225306272506714,-0.8279765248298645
2.12,1.6255306949921207,0.50423184210124,3.2375194493721247,0.3668056211386966,-63.965049743652344,-16.531841278076172,-326.7694091796875,2.9328653812408447,3.8833508491516113,18.972034454345703,0.25677316064495764,-0.6963755580143081,-0.6701705948284066,-0.8839867225520961,-0.44953062541053973,0.12841219244920946,-0.3906853187976259,0.5594491031526196,-0.7310141466878239,-14.28563117980957,2.322666883468628,-0.8096050024032593
2.13,0.6354987574094089,2.932361842180179,1.2723680753855748,1.984326336394306,-63.9355583190918,-16.493133544921875,-326.5793762207031,2.9648420810699463,3.8601393699645996,19.034526824951172,0.2796757573892631,-0.592118139670418,-0.7557629121635866,-0.8824081343052224,-0.46872204125218053,0.04068823609307565,-0.37833497755391143,0.655511828053188,-0.6535800548070977,-14.14905071258545,2.544882297515869,-0.7852069139480591
2.14,0.6354987574094089,2.932361842180179,1.2723680753855748,1.984326336394306,-63.90574264526367,-16.45461654663086,-326.38873291015625,3.001049757003784,3.8445913791656494,19.098018646240234,0.3041047788825019,-0.4787252816166243,-0.8236154370832955,-0.8786550919107081,-0.47500452562549766,-0.04833146071329292,-0.3680835678486738,0.7383717257427855,-0.5650855525523644,-14.102153778076172,2.60801362991333,-0.759619951248169
2.15,1.117939396896325,2.0703248947704753,0.8475107739296224,3.628514993294991,-63.87551498413086,-16.416215896606445,-326.1974182128906,3.045494794845581,3.8368098735809326,19.167617797851562,0.32998174106775124,-0.35483024743248376,-0.8747614223712071,-0.8726112138160145,-0.4681352445282394,-0.13928051677469705,-0.36008571213592566,0.8092866539968933,-0.46410493595530244,-14.49063777923584,2.744927167892456,-0.7330650091171265
2.16,1.117939396896325,2.0703248947704753,0.8475107739296224,3.628514993294991,-63.84480285644531,-16.377853393554688,-326.0054016113281,3.098433017730713,3.8379836082458496,19.243240356445312,0.3568984609575858,-0.22080874008519452,-0.9076711898413958,-0.8641472887445976,-0.44707607471996647,-0.23102477522626758,-0.3547857831445154,0.8668139844943525,-0.35037203707424625,-14.99502182006836,2.7819957733154297,-0.7115997076034546
2.17,1.9016995013374014,1.2445400520077483,0.3659567907487726,3.8886306521885143,-63.81351852416992,-16.339427947998047,-325.81256103515625,3.1583034992218018,3.8486785888671875,19.323442459106445,0.38316943160564043,-0.07830412557896793,-0.9203530032549054,-0.853524878582013,-0.41091095453083304,-0.320386437116367,-0.353095551267034,0.9083064743597686,-0.2242830361653697,-15.559738159179688,2.7193801403045654,-0.6956214308738708
2.18,0.5183269541445357,2.797194551548606,0.3805732132006875,1.6510053480428362,-63.7816276550293,-16.300851821899414,-325.6189270019531,3.2196807861328125,3.867708921432495,19.405176162719727,0.40784528181699264,0.0695832118650348,-0.9103957396243478,-0.8411161499501401,-0.35928997301371773,-0.4042701294739141,-0.355226474791324,0.9306282243293222,-0.08800715703271644,-16.067174911499023,2.656724452972412,-0.684762716293335
2.19,0.5183269541445357,2.797194551548606,0.3805732132006875,1.6510053480428362,-63.7491569519043,-16.262062072753906,-325.4244689941406,3.2718515396118164,3.8898568153381348,19.485939025878906,0.4309101374305506,0.2184114093879887,-0.8755643378465892,-0.826994732358598,-0.29268312706052574,-0.48001697864263393,-0.36110409317912,0.9309312774760684,0.05450495854562942,-16.566741943359375,2.769812822341919,-0.6676182150840759
2.2,0.27795585304877496,3.4906032004626897,3.680889365579868,0.693676949108052,-63.716224670410156,-16.22304916381836,-325.2292175292969,3.3146820068359375,3.9133665561676025,19.564743041992188,0.45354834007499434,0.3638526103830244,-0.8135755534261563,-0.810416537392884,-0.2114631376418517,-0.5463592017517336,-0.3708354610003547,0.9071353919543226,0.19896341756346084,-17.10578727722168,3.0368475914001465,-0.6392270922660828
2.21,0.27795585304877496,3.4906032004626897,3.680889365579868,0.693676949108052,-63.68284606933594,-16.18376350402832,-325.0332336425781,3.3631157875061035,3.9472665786743164,19.634794235229492,0.4750369816306361,0.5000359490564472,-0.7240883342068649,-0.791367172123737,-0.11707748183517003,-0.6000257178921707,-0.3848088680996504,0.8580541433373264,0.3400959013771149,-17.39570426940918,3.1925153732299805,-0.5967249870300293
2.22,1.147625609706856,3.505830502965976,2.962375593439849,1.8455878480982402,-63.64896011352539,-16.144075393676758,-324.83660888671875,3.4131109714508057,3.990832805633545,19.68890380859375,0.49332755095611336,0.6194329059184652,-0.6106806059906024,-0.771080011472865,-0.013498331598629176,-0.6365951703799362,-0.40257116560261735,0.7849335450275134,0.470973233332735,-17.451274871826172,3.222801685333252,-0.5437835454940796
2.23,3.4698221575995176,2.5925115984863814,1.235199791476843,0.2691959408448454,-63.614601135253906,-16.103927612304688,-324.6395263671875,3.457003593444824,4.04019832611084,19.722042083740234,0.5075100555397823,0.7174240639467218,-0.4772172000213081,-0.7503443362074225,0.09571550291003028,-0.6540809732931561,-0.4235763457128472,0.6900298942602776,0.586891663239222,-17.553409576416016,3.259150743484497,-0.49443551898002625
2.24,3.4698221575995176,2.5925115984863814,1.235199791476843,0.2691959408448454,-63.579864501953125,-16.06328582763672,-324.44219970703125,3.486382484436035,4.086328029632568,19.736968994140625,0.5175767392470172,0.7906801765360923,-0.3270155614390221,-0.728824219466698,0.20717672386480757,-0.6526048285198354,-0.44825168835062235,0.5761099404814145,0.6834967156975353,-17.48815155029297,3.63920521736145,-0.4548271894454956
2.25,2.0929643906800175,3.9811049360392383,2.556548748006951,1.6700794162047052,-63.544925689697266,-16.02222442626953,-324.2447509765625,3.4987618923187256,4.124456405639648,19.73674964904785,0.523723675378615,0.8358016616949636,-0.16476982173885063,-0.7043486055258036,0.3160485185524593,-0.6356149587719374,-0.47917278067704455,0.4489419965081606,0.7542178266452574,-17.211984634399414,4.317057132720947,-0.4171118140220642
2.26,2.0929643906800175,3.9811049360392383,2.556548748006951,1.6700794162047052,-63.509944915771484,-15.980785369873047,-324.0474853515625,3.497713565826416,4.165485858917236,19.710304260253906,0.5240280971663791,0.8516897019233631,0.004382353006871953,-0.6771704792976909,0.4197595010112371,-0.6043526315641662,-0.5165604469449044,0.31373015944994864,0.7967048962467786,-17.12337875366211,4.842681407928467,-0.3697620630264282
2.27,3.6827742464842004,2.6578275720176423,2.1268642214248783,2.0646744808713478,-63.475040435791016,-15.938915252685547,-323.8505859375,3.4799728393554688,4.207979202270508,19.661392211914062,0.5165472188117433,0.8379631541436198,0.17605886241688962,-0.6495505919191723,0.5174470341089192,-0.55707503572619,-0.5579094902179976,0.1733964220783092,0.8115852891317923,-17.233877182006836,5.19202995300293,-0.3138211965560913
2.28,1.7164987885316283,3.9721074319506244,1.139195368397603,1.8715681984275594,-63.44040298461914,-15.89664363861084,-323.6542663574219,3.443909168243408,4.245198726654053,19.602779388427734,0.500172195178936,0.7944268860636554,0.3445485421084938,-0.6229481352609885,0.6064904841949432,-0.4940697454366546,-0.6014677014975465,0.03248407733317124,0.7982364241094683,-17.213878631591797,5.52972936630249,-0.26111552119255066
2.29,1.7164987885316283,3.9721074319506244,1.139195368397603,1.8715681984275594,-63.40620803833008,-15.854045867919922,-323.4585266113281,3.3941407203674316,4.271725177764893,19.549531936645508,0.4740450672571731,0.7222870447557082,0.5035699546112811,-0.5983750127746692,0.6838211175023086,-0.4175356551778641,-0.6459323635614309,-0.10339296028240647,0.7563605472709322,-17.36278533935547,5.9112091064453125,-0.20702040195465088
2.3,1.4258956428149174,1.396797872862481,1.0334790764357253,1.3716865442247672,-63.37255096435547,-15.811241149902344,-323.26324462890625,3.3346362113952637,4.288111209869385,19.50895881652832,0.43745465268776507,0.621510821787678,0.6498905486638746,-0.5768214203538885,0.7483774715270082,-0.327426646948236,-0.6898626499983527,-0.23163647923340402,0.685881961875076,-17.783720016479492,6.319458961486816,-0.14473867416381836
2.31,1.4258956428149174,1.396797872862481,1.0334790764357253,1.3716865442247672,-63.339508056640625,-15.768322944641113,-323.0682373046875,3.276691436767578,4.293193340301514,19.49305534362793,0.3905063753326761,0.4935657635179952,0.7771084917226381,-0.5597784209200815,0.7974559173527442,-0.2251936485589975,-0.7308576402397085,-0.3470690089333699,0.587699083495332,-18.040573120117188,6.566529750823975,-0.0809163898229599
2.32,1.7117102113757783,0.2881155141151708,1.6191684545315301,0.5388132825879207,-63.307003021240234,-15.725400924682617,-322.87322998046875,3.2244794368743896,4.290411949157715,19.503393173217773,0.33538359398647527,0.343722765371963,0.8771388176621565,-0.5489129065008606,0.827989191199024,-0.11457975534257209,-0.765645130567349,-0.4430446476627798,0.466367852897121,-18.116025924682617,6.658712387084961,-0.01840166188776493
2.33,1.1485235078986136,1.0379804201818996,2.374328419433766,1.8491572091230024,-63.27500534057617,-15.682524681091309,-322.6780700683594,3.176097869873047,4.284064769744873,19.53604507446289,0.2743842554339342,0.17854852725931458,0.9448987796497018,-0.5449707019653416,0.8384550675316734,-0.00018365690861094075,-0.7922879617723398,-0.5148917586677679,0.32736258565487375,-17.954631805419922,6.680191516876221,0.04430780187249184
2.34,1.1485235078986136,1.0379804201818996,2.374328419433766,1.8491572091230024,-63.243499755859375,-15.639728546142578,-322.4824523925781,3.121904134750366,4.274919033050537,19.586830139160156,0.21057986087137254,0.0064874220219007794,0.9775551317193846,-0.5480609513360557,0.8288301604693764,0.11256002272976681,-0.8094969523203971,-0.5594626693996819,0.17809044256268008,-17.736839294433594,6.521819114685059,0.10718528181314468
2.35,2.0970378655050137,3.288374869122102,0.47709552320440407,3.9536072797699897,-63.212589263916016,-15.59704303741455,-322.2862548828125,3.059724807739258,4.261362552642822,19.65494155883789,0.14800696231444294,-0.16685416823309454,0.9748095330112924,-0.5575919577658818,0.799992729494932,0.2215916094757651,-0.8168140227378952,-0.5763430569534876,0.02536795143969567,-17.627342224121094,6.227041721343994,0.16863524913787842
2.36,2.0970378655050137,3.288374869122102,0.47709552320440407,3.9536072797699897,-63.182350158691406,-15.55453109741211,-322.08929443359375,2.9833033084869385,4.238516330718994,19.740510940551758,0.08865572636985464,-0.33697388356614866,0.9373306588265322,-0.5728495846372058,0.7525871325231545,0.32473983639454607,-0.8148518365708051,-0.5657395246532838,-0.1263141903440081,-17.94140625,6.110610008239746,0.22278954088687897
2.37,2.080652289864144,0.7116378319032204,0.01236344719128413,3.1239490192185353,-63.15294647216797,-15.512310981750488,-321.8913879394531,2.897545337677002,4.203634738922119,19.843181610107422,0.032138106389055954,-0.5022819595157009,0.8641064606070216,-0.5939901508546017,0.6857146141507047,0.42067941312581286,-0.8038301081730229,-0.5267905666251236,-0.2763129676821702,-18.6374454498291,6.172862529754639,0.2738384008407593
2.38,2.790920752100006,0.8249242608330098,0.20572426997831025,0.8972403551632555,-63.124332427978516,-15.470463752746582,-321.6924133300781,2.832217216491699,4.1672844886779785,19.95209312438965,-0.019814559153806255,-0.6560578341998735,0.7544504632051808,-0.6207579809217405,0.599606879270968,0.5051050578373724,-0.7837518180951829,-0.4583227121973145,-0.4191340825041471,-19.165414810180664,6.160890579223633,0.322635293006897
2.39,2.790920752100006,0.8249242608330098,0.20572426997831025,0.8972403551632555,-63.09623336791992,-15.428956031799316,-321.49237060546875,2.790820360183716,4.134909152984619,20.054794311523438,-0.06469340081455716,-0.787965212817843,0.6123116749499216,-0.6522404494338091,0.4977782284661693,0.5716635648591442,-0.7552464233701672,-0.36239158193039406,-0.546145750997439,-19.26467514038086,6.256110668182373,0.37197810411453247
2.4,3.0333537605299616,0.0851438157584362,3.9495878127120827,3.567745169738595,-63.068485260009766,-15.387772560119629,-321.2913513183594,2.7603790760040283,4.101400852203369,20.148813247680664,-0.10187514730414715,-0.8895264997158103,0.44538080410486547,-0.6884552911798474,0.38621938885671314,0.6138924137970905,-0.7180882720169084,-0.24408439109145275,-0.6517453825055342,-19.12552833557129,6.513465404510498,0.4258468449115753
2.41,3.0333537605299616,0.0851438157584362,3.9495878127120827,3.567745169738595,-63.04104232788086,-15.34699821472168,-321.0893859863281,2.726727247238159,4.0472493171691895,20.251970291137695,-0.1291272424264196,-0.9563871990123722,0.2620108410516979,-0.7274721462104452,0.2709200406346012,0.6303860785824151,-0.6738771636962612,-0.10920557287893101,-0.7307282060389262,-18.799570083618164,6.309237480163574,0.48089128732681274
2.42,0.1742690009024468,2.4745750487914226,4.045673965327505,2.999614045246932,-63.0139274597168,-15.306885719299316,-320.88629150390625,2.6989645957946777,3.974057912826538,20.36478614807129,-0.14420701871842295,-0.9868637243855359,0.07283079873414205,-0.7641404793842411,0.1578192924026121,0.6254457600079808,-0.6287238372439576,0.03454070696218464,-0.7768611690925129,-18.323997497558594,5.658268928527832,0.5300890207290649
2.43,0.15723884503138155,3.2886120395718046,2.6001471410024775,1.8654645029116774,-62.98700714111328,-15.267518043518066,-320.6820983886719,2.6880860328674316,3.9005167484283447,20.469257354736328,-0.14867956644214336,-0.9822209478568577,-0.11461411830028981,-0.796213351889452,0.05016803173640866,0.6029323899614771,-0.586462858837233,0.1809010176391257,-0.7895163943969681,-18.17745018005371,4.939724922180176,0.5827680826187134
2.44,0.15723884503138155,3.2886120395718046,2.6001471410024775,1.8654645029116774,-62.96010971069336,-15.22884750366211,-320.4769287109375,2.69234037399292,3.835618495941162,20.558259963989258,-0.1450432291734978,-0.9434651855719964,-0.298053527549202,-0.8234605971758944,-0.051895305558946996,0.564995152332888,-0.5485208351281143,0.327384057147782,-0.7693793424285669,-18.44032859802246,4.435151100158691,0.6407982110977173
2.45,4.067053163679524,3.769268514860259,0.01602455133274194,2.710640722386142,-62.93311309814453,-15.190779685974121,-320.27093505859375,2.7093019485473633,3.778975486755371,20.637584686279297,-0.13462582924360797,-0.8704179678547883,-0.4735487803130869,-0.8472227905664935,-0.1467362465507905,0.5105702861437488,-0.5138963214941267,0.4699372672854611,-0.7176834508131551,-18.829387664794922,4.132887363433838,0.6982921361923218
2.46,4.067053163679524,3.769268514860259,0.01602455133274194,2.710640722386142,-62.905853271484375,-15.153267860412598,-320.06414794921875,2.7461962699890137,3.722679376602173,20.724184036254883,-0.11756199716246926,-0.7637001915125343,-0.634776491614875,-0.8682718453508866,-0.231175131979198,0.4389328660801852,-0.4819576531129442,0.6027603801164425,-0.6359219643696419,-19.236862182617188,4.2700676918029785,0.7421499490737915
2.47,3.662032842395745,3.518630762751212,0.45389976074650007,1.3142323345934173,-62.87811279296875,-15.116310119628906,-319.8564453125,2.805159330368042,3.670309066772461,20.818532943725586,-0.0908244170976295,-0.6253994254329778,-0.7750009573716522,-0.8881188083620342,-0.3012154358374078,0.3471516144955705,-0.45055067139277083,0.7198227697714085,-0.5280712760850959,-19.65102195739746,4.793229579925537,0.7785128951072693
2.48,1.1349101359067233,0.13287554130067308,4.101134476015592,1.519479349433748,-62.8497200012207,-15.079814910888672,-319.6477966308594,2.8737313747406006,3.631586790084839,20.910417556762695,-0.05274734523601954,-0.4596101664570258,-0.8865529947272737,-0.9056005912530969,-0.35212091805794754,0.23642848429931124,-0.4208387894343791,0.8153338910871872,-0.39764979485979013,-19.943042755126953,5.381718635559082,0.8237742781639099
2.49,1.1349101359067233,0.13287554130067308,4.101134476015592,1.519479349433748,-62.820648193359375,-15.043625831604004,-319.4382629394531,2.93862247467041,3.6091365814208984,20.996822357177734,-0.005260696998385453,-0.2745921443340224,-0.9615463999917708,-0.9183128346475526,-0.3792837216763199,0.11333753214595899,-0.3958204931388314,0.8835966346367573,-0.25016619369916704,-19.792497634887695,5.3133416175842285,0.8819451332092285
2.5,3.5261006312228638,3.4036232007867864,3.929160216394772,3.1284932480467167,-62.79095458984375,-15.007593154907227,-319.2278747558594,3.0005948543548584,3.599250316619873,21.081361770629883,0.04201192882963092,-0.0826559794935024,-0.9956922149389258,-0.9244746900349867,-0.38117228560673294,-0.007364521033634108,-0.3789215556295651,0.920801649509442,-0.09242714395653162,-19.318885803222656,4.615304946899414,0.939600944519043
2.51,3.5261006312228638,3.4036232007867864,3.929160216394772,3.1284932480467167,-62.760528564453125,-14.971606254577637,-319.01666259765625,3.0965824127197266,3.6008172035217285,21.164573669433594,0.08518763643453103,0.10729355729161444,-0.9905711277653964,-0.9253558406987419,-0.36007658639665363,-0.11858085854663841,-0.36940443240900994,0.9267324017712149,0.06861064657859536,-19.000574111938477,4.115966796875,0.9882445335388184
2.52,4.00375782727941,0.7374400524755415,2.1464876797440087,3.7926902325974847,-62.72894287109375,-14.935524940490723,-318.8046569824219,3.2210686206817627,3.617812156677246,21.233234405517578,0.12598839567063577,0.2903117657960747,-0.9486021309256607,-0.9220354852023736,-0.3185482761258057,-0.21994899364375597,-0.3660293542654234,0.9023558468905948,0.22754436358300462,-18.863861083984375,3.8687806129455566,1.0313878059387207
2.53,0.8932346233062475,2.3309611727262816,1.9395281018311465,1.573863642086708,-62.696170806884766,-14.89921760559082,-318.5920715332031,3.3284218311309814,3.6441633701324463,21.28373146057129,0.16406743524202055,0.46038418286797567,-0.8724266621659906,-0.915177218474256,-0.2590271200235052,-0.30879703670542635,-0.36814743714825604,0.8490885438264463,0.3788352006662737,-18.69819450378418,3.5780088901519775,1.0607850551605225
2.54,0.8932346233062475,2.3309611727262816,1.9395281018311465,1.573863642086708,-62.66250228881836,-14.862646102905273,-318.3790283203125,3.3978919982910156,3.668646812438965,21.323163986206055,0.19798578966600133,0.6117523403862244,-0.7658725097053078,-0.9057256832530067,-0.18457128648402593,-0.3815683777535893,-0.3747834225071916,0.7692155187186543,0.5175373145737294,-18.69011116027832,3.2829127311706543,1.089722752571106
2.55,1.7565676699718602,0.5977608953326942,2.673470816436439,0.23008105028261877,-62.62828826904297,-14.825854301452637,-318.1656799316406,3.441469430923462,3.6895461082458496,21.348665237426758,0.2276568397863318,0.7409649684367636,-0.6317778714453415,-0.8943483172054272,-0.09749623153788772,-0.4366183371638566,-0.3851148540504781,0.6644286270062546,0.6404850886666,-18.865232467651367,3.029782295227051,1.1267781257629395
2.56,1.7565676699718602,0.5977608953326942,2.673470816436439,0.23008105028261877,-62.59372329711914,-14.788866996765137,-317.9520568847656,3.4673879146575928,3.7066619396209717,21.356266021728516,0.25286621458738723,0.8428064263578006,-0.4751168332213025,-0.8817164079901243,-0.0014157733888844337,-0.47177767164916157,-0.39828991124711943,0.5382149415203045,0.7427582536216323,-18.706539154052734,2.757902145385742,1.1618798971176147
2.57,0.4307688321055061,0.9084598284897626,3.2715840160344443,4.0541631885730745,-62.558982849121094,-14.75173568725586,-317.73846435546875,3.4779460430145264,3.719109058380127,21.345212936401367,0.27349616814361505,0.9120064289284182,-0.30568630915367107,-0.8685920022586806,0.09764219194199203,-0.48581265521291206,-0.41321638353653894,0.39838458296725976,0.818866255521002,-18.21670150756836,2.4682798385620117,1.1929353475570679
2.58,2.7742373983607043,3.48706363422749,1.445381163134448,2.7178233136307477,-62.524192810058594,-14.714471817016602,-317.5252380371094,3.4801247119903564,3.7360637187957764,21.30095672607422,0.28964469257612346,0.9481376316329532,-0.13092357902202867,-0.8561838929265401,0.1955147705141539,-0.4782500559372186,-0.4278493818572582,0.2506172499894056,0.8684099840813151,-18.049407958984375,1.8015799522399902,1.216422200202942
2.59,2.7742373983607043,3.48706363422749,1.445381163134448,2.7178233136307477,-62.48942947387695,-14.676995277404785,-317.3126220703125,3.470181703567505,3.759941816329956,21.219738006591797,0.3019997208282905,0.9521809069563012,0.046343166136020464,-0.8462846378749189,0.2901579259407565,-0.4467781213428835,-0.4388604337560547,0.09570735834633962,0.8934436866651493,-18.268978118896484,1.339760184288025,1.2297329902648926
2.6,1.214101940869015,0.7203606278097595,3.542344755141614,2.912718361245778,-62.45485305786133,-14.63927936553955,-317.10089111328125,3.44211745262146,3.782646417617798,21.118316650390625,0.31181909294576393,0.9234286224030325,0.2237150701256368,-0.8365251331344284,0.3784644573279409,-0.396220085525575,-0.45054917035647485,-0.06359429114554854,0.890483695092048,-18.58515739440918,1.3415776491165161,1.2406195402145386
2.61,1.214101940869015,0.7203606278097595,3.542344755141614,2.912718361245778,-62.42063522338867,-14.6013765335083,-316.8902282714844,3.3986587524414062,3.795964479446411,21.02083396911621,0.31925594026303583,0.8615687123344065,0.39468341557911624,-0.8268519430586376,0.4567351106139732,-0.3281903456724416,-0.46302430699361774,-0.22156803167170597,0.8582051610624382,-18.675926208496094,0.9474678635597229,1.2519811391830444
2.62,0.3413206710045676,0.9397114938207013,0.7262365162321323,2.451080395251295,-62.38691711425781,-14.563389778137207,-316.6804504394531,3.3442001342773438,3.8001585006713867,20.93605613708496,0.32701045862243217,0.7694042748367592,0.5487086857472435,-0.819057399519017,0.520381019879755,-0.2415544875220732,-0.4713906408115164,-0.370433065494735,0.8003563004958987,-18.539722442626953,0.1373734176158905,1.258195161819458
2.63,3.554683355265002,3.1717115057278633,1.3575204042040936,0.7987600692319244,-62.35375213623047,-14.525406837463379,-316.4714050292969,3.290842294692993,3.794283866882324,20.878597259521484,0.3374814413887728,0.6509467915216931,0.6799812874820673,-0.8125978852215887,0.5660984366304749,-0.13862624923849812,-0.4751746559440627,-0.5057675697908535,0.7200057025442897,-18.627187728881836,-0.5488226413726807,1.2543234825134277
2.64,3.554683355265002,3.1717115057278633,1.3575204042040936,0.7987600692319244,-62.32113265991211,-14.487515449523926,-316.2628173828125,3.228640556335449,3.783597946166992,20.836469650268555,0.34966316231904243,0.5091317420137004,0.786460769645341,-0.8058828410591267,0.5915612163833651,-0.02466117915883337,-0.4777954786344441,-0.6251721335321405,0.6171477003532899,-18.700035095214844,-0.629944384098053,1.246127724647522
2.65,2.4656350385114094,1.2034088723261356,1.4750906321307733,0.36890338339809675,-62.289241790771484,-14.449750900268555,-316.05462646484375,3.149506092071533,3.7683706283569336,20.807519912719727,0.35883269687591524,0.3503242858315829,0.8651658745057788,-0.7983619168504583,0.5954096375995008,0.09003117891315782,-0.48358799134761343,-0.723021616696363,0.49333801436151065,-18.57638168334961,-0.27320408821105957,1.2417482137680054
2.66,2.4656350385114094,1.2034088723261356,1.4750906321307733,0.36890338339809675,-62.25811767578125,-14.412166595458984,-315.84649658203125,3.0794477462768555,3.749072313308716,20.812875747680664,0.36327531491024606,0.18110310720735845,0.9139106685758196,-0.7908908294037813,0.5784388143159542,0.19975042943070725,-0.4924659800857929,-0.7953679668257914,0.3533653290937673,-18.319990158081055,-0.04260408878326416,1.2403842210769653
2.67,4.132453068696444,0.30456919817562833,0.8618462652503254,0.4351138695037806,-62.22761917114258,-14.374776840209961,-315.6382141113281,3.0223100185394287,3.7285635471343994,20.850317001342773,0.3644984954367901,0.008745980687465571,0.9311629044620122,-0.7839145083000189,0.5426024537589758,0.3017625239347621,-0.5026120676038883,-0.8399440963519851,0.20463387916567322,-17.96001434326172,0.024535560980439186,1.2397655248641968
2.68,1.731250868529086,0.871485778411068,0.24419275751345473,2.4387725100272,-62.19766616821289,-14.337603569030762,-315.429443359375,2.9678361415863037,3.7055349349975586,20.91090965270996,0.36281974822138874,-0.16007549559565537,0.9180074433305938,-0.7777941847625676,0.4905438364223283,0.3929414087336646,-0.5132231838587389,-0.856587753973794,0.05347320162501651,-17.442045211791992,0.16440343856811523,1.2335937023162842
2.69,1.731250868529086,0.871485778411068,0.24419275751345473,2.4387725100272,-62.168243408203125,-14.300674438476562,-315.2199401855469,2.9172959327697754,3.680253744125366,20.98978614807129,0.35805013672164016,-0.31985484713822987,0.8772074876309451,-0.773026471357324,0.4253693327322661,0.4706283091270129,-0.523669909556067,-0.8466131392395742,-0.09495271608782141,-17.21738052368164,0.17065727710723877,1.223430871963501
2.7,2.272425099986205,1.5927016243430678,3.020124738808005,0.4805018555400542,-62.13930130004883,-14.264005661010742,-315.00958251953125,2.871634006500244,3.6528029441833496,21.081031799316406,0.35252333562134386,-0.47029357743034544,0.8090434159364805,-0.7687113410565418,0.3475087406923979,0.5369548856965889,-0.5336760927505133,-0.8112099766214365,-0.23901506617030277,-17.370006561279297,-0.016179421916604042,1.2120825052261353
2.71,2.272425099986205,1.5927016243430678,3.020124738808005,0.4805018555400542,-62.11082077026367,-14.227645874023438,-314.7982482910156,2.822601795196533,3.616758346557617,21.181415557861328,0.3468360680216378,-0.6071039240288872,0.7149332607649594,-0.7643972784001548,0.2587420576038565,0.5905500388632272,-0.543508548869037,-0.7513170922158301,-0.3743275093425861,-17.224241256713867,-0.19881702959537506,1.2083839178085327
2.72,3.0440205945710286,0.013942770833662316,1.571073354184312,2.5557382204161185,-62.082847595214844,-14.19170093536377,-314.5859069824219,2.7726612091064453,3.571429967880249,21.286699295043945,0.3405737370093367,-0.7233748513770025,0.6006149798787859,-0.7601390540913034,0.16411769276181246,0.6286922946622754,-0.553351739949079,-0.6706669869002339,-0.4939712993459114,-16.75975227355957,-0.35279545187950134,1.2119839191436768
2.73,3.5301800258867124,2.127659909773691,2.093049586874793,3.055930962049323,-62.05534744262695,-14.156232833862305,-314.3725280761719,2.7293660640716553,3.5218253135681152,21.38928985595703,0.3336751183844029,-0.8163177513890499,0.4714724213973491,-0.7557887279719778,0.06726127426662301,0.6513519169040108,-0.5634219680147855,-0.5736734696246245,-0.5945203412896742,-16.33906364440918,-0.5966429114341736,1.2039989233016968
2.74,3.5301800258867124,2.127659909773691,2.093049586874793,3.055930962049323,-62.02825927734375,-14.121312141418457,-314.15814208984375,2.68717098236084,3.4582931995391846,21.495325088500977,0.32636262360837487,-0.8854370720333952,0.33089066076332035,-0.7508175398854878,-0.030166299617810782,0.6598204423687348,-0.5742477337454303,-0.46377924256729847,-0.6746468368353481,-16.115812301635742,-0.8167511224746704,1.1866580247879028
2.75,0.31246250183894486,4.1391081249860795,1.89444437760683,1.6372979342866296,-62.0015754699707,-14.087104797363281,-313.942626953125,2.6508429050445557,3.3821651935577393,21.60382080078125,0.3178952313798035,-0.9305175308479248,0.18187838423150365,-0.7459339631967441,-0.12704598332642708,0.6537903644672499,-0.5852564774657172,-0.3435061031558282,-0.7344919418748703,-16.015743255615234,-0.9440655708312988,1.16947603225708
2.76,0.31246250183894486,4.1391081249860795,1.89444437760683,1.6372979342866296,-61.975189208984375,-14.053647994995117,-313.7261047363281,2.62929630279541,3.3122284412384033,21.69569969177246,0.30794399150746155,-0.9510156294748965,0.027198724031079424,-0.741579655097203,-0.22202217389605938,0.6330606364672987,-0.5960118398491474,-0.2151172396460459,-0.7736242369307594,-16.238786697387695,-1.0285588502883911,1.1639790534973145
2.77,3.610630501026624,4.08697393561888,2.0963100937087433,0.03416484687688715,-61.948951721191406,-14.020835876464844,-313.5087585449219,2.620570421218872,3.2504727840423584,21.769779205322266,0.29629255701761736,-0.9458297228372634,-0.13272850505278555,-0.7381891303297659,-0.3149611545827484,0.5965536681363093,-0.6060425137883858,-0.0787756720154606,-0.7915218663938266,-16.74852180480957,-1.0897557735443115,1.169226050376892
2.78,0.20323476488447043,0.31443897441655144,0.9743552184901414,0.8272309237244572,-61.92273712158203,-13.988643646240234,-313.29071044921875,2.625001907348633,3.187100648880005,21.841854095458984,0.2832507861936772,-0.9131780184173061,-0.2930441925718815,-0.7365980878029633,-0.40282205639702356,0.5432841318546778,-0.6141597912316319,0.06197013441582441,-0.7867448463604977,-16.90369415283203,-0.8324214816093445,1.1731489896774292
2.79,0.20323476488447043,0.31443897441655144,0.9743552184901414,0.8272309237244572,-61.89643859863281,-13.957029342651367,-313.072021484375,2.6322062015533447,3.142080783843994,21.887954711914062,0.2701977382950342,-0.8541558117701824,-0.4443096121394052,-0.7381127023521454,-0.48007484609893386,0.47404407049292135,-0.6182093665148248,0.19986493279789092,-0.7601783920837486,-16.819673538208008,-0.7493349313735962,1.172817349433899
2.8,0.38804354080162723,0.41061374541085044,0.5104133330286973,1.9137457498769481,-61.8701171875,-13.925745010375977,-312.85302734375,2.6337671279907227,3.1159751415252686,21.910036087036133,0.2560182011274856,-0.7706827394949848,-0.5835261739938932,-0.7402449817404645,-0.5445167599154571,0.39438415939186927,-0.6216848459625707,0.33098279897251076,-0.7099002317824786,-16.794031143188477,-1.0624302625656128,1.1667059659957886
2.81,0.38804354080162723,0.41061374541085044,0.5104133330286973,1.9137457498769481,-61.843753814697266,-13.894699096679688,-312.6338195800781,2.639895439147949,3.093329668045044,21.93703269958496,0.23951957343171323,-0.6647270032894298,-0.7076499028763759,-0.7424986250708722,-0.5950317160879237,0.30762485045477816,-0.6255606810781462,0.4517469069593224,-0.6360806288056027,-16.884891510009766,-1.4529809951782227,1.1536718606948853
2.82,3.369970335580499,2.7418851338386663,4.064487114843986,4.023318354125108,-61.817298889160156,-13.863866806030273,-312.4142761230469,2.652944564819336,3.073796272277832,21.97508430480957,0.2199128796353585,-0.5379019173926376,-0.8138180709690639,-0.7452040860875135,-0.6309907734647338,0.2156884648766611,-0.6295309328769778,0.5590278804028481,-0.5396097047712736,-17.076515197753906,-1.8718645572662354,1.1338509321212769
2.83,1.4136689116216472,2.079757211398956,0.30437203844235494,0.5198430114275246,-61.7905387878418,-13.833239555358887,-312.1942443847656,2.714399576187134,3.0503809452056885,22.049272537231445,0.19670065837774786,-0.39332489895724676,-0.898111560360979,-0.7489288623822997,-0.6514580263315739,0.12127653944158046,-0.6327830671600776,0.6487664940396063,-0.4227145918075725,-17.117921829223633,-2.317065954208374,1.1111242771148682
2.84,1.4136689116216472,2.079757211398956,0.30437203844235494,0.5198430114275246,-61.76298904418945,-13.802825927734375,-311.9732971191406,2.7840542793273926,3.0353329181671143,22.13117790222168,0.17052374391401734,-0.2363129254270837,-0.956597017577224,-0.7543244527492614,-0.6559226706891084,0.027569368157332186,-0.6339686685839243,0.7168832899099831,-0.2901070076743498,-17.127553939819336,-2.461045742034912,1.0884652137756348
2.85,0.35127774287757085,2.0848851850703234,2.156969744612855,1.9450368379974146,-61.73493576049805,-13.772501945495605,-311.7515869140625,2.8253285884857178,3.0305867195129395,22.206815719604492,0.14556071690723776,-0.07070149596066466,-0.9868198296357725,-0.7617992034134015,-0.6444219674202398,-0.06619895456073599,-0.6312480109847144,0.7613945274134504,-0.14766286687143282,-17.22796630859375,-2.307828426361084,1.0680726766586304
2.86,2.670505399819703,0.825838544157625,1.158312228310809,2.3737563646800344,-61.706459045410156,-13.74219036102295,-311.52911376953125,2.8742730617523193,3.0325543880462646,22.287290573120117,0.12283475983942022,0.09909517642270332,-0.9874673502374369,-0.7711018440800654,-0.6168420600670671,-0.1578221118491927,-0.624750804586528,0.7808239359432892,0.0006428269717945745,-17.391342163085938,-2.4107091426849365,1.051528811454773
2.87,2.670505399819703,0.825838544157625,1.158312228310809,2.3737563646800344,-61.67742156982422,-13.711823463439941,-311.30584716796875,2.9344730377197266,3.0420899391174316,22.366249084472656,0.09985066361113476,0.2680273761012121,-0.9582229232473598,-0.7824510049522791,-0.5737560481113217,-0.2420215323165426,-0.6146545939188812,0.7739284998731977,0.15242836763029827,-17.43529510498047,-2.6715826988220215,1.0257359743118286
2.88,0.25092644978678424,3.2098242067306675,0.3962049855914002,1.1922767286944274,-61.647769927978516,-13.681328773498535,-311.0818176269531,2.99546480178833,3.0577139854431152,22.435775756835938,0.07759445876700075,0.4290856336514167,-0.8999247851696376,-0.7957129068116163,-0.5171904777866241,-0.31520624933565533,-0.6006830028409861,0.7405400250363281,0.3012978616205735,-17.331403732299805,-2.859933614730835,0.9894086122512817
2.89,0.25092644978678424,3.2098242067306675,0.3962049855914002,1.1922767286944274,-61.617557525634766,-13.650667190551758,-310.857177734375,3.0437214374542236,3.074187755584717,22.492935180664062,0.057560171655541614,0.5777859012827706,-0.8141561759993236,-0.8104888997449324,-0.4491203254229586,-0.37603015395340955,-0.5829190081213974,0.6815089035154512,0.44243761639346857,-17.54253387451172,-2.9012558460235596,0.9606671333312988
2.9,1.9521068737987284,4.07675279583822,0.7140510082716193,4.034071795835343,-61.586944580078125,-13.619851112365723,-310.6320495605469,3.0781443119049072,3.089127779006958,22.533838272094727,0.041945620732790845,0.712445226141021,-0.7004729578293588,-0.8258912042694051,-0.36982267511705813,-0.4255994686083327,-0.5622670927697736,0.5963664885941637,0.5728898041247501,-18.06378746032715,-2.818819046020508,0.9408069252967834
2.91,1.200202469950077,0.4433388518132031,3.105462889778211,1.810386250221337,-61.555973052978516,-13.588850021362305,-310.4065856933594,3.1201257705688477,3.115170478820801,22.53512954711914,0.03151265477555221,0.8282798011058204,-0.5594278538552572,-0.8413105352791946,-0.2802045688345071,-0.4622574854261448,-0.53963277867197,0.48521950773270656,0.6880105329850685,-18.758668899536133,-2.7617173194885254,0.9156466126441956
2.92,1.200202469950077,0.4433388518132031,3.105462889778211,1.810386250221337,-61.52458572387695,-13.557547569274902,-310.181396484375,3.1514759063720703,3.1427524089813232,22.50476837158203,0.02578653984823248,0.9187471454112741,-0.39400347353962634,-0.8569389180903653,-0.18264160135706126,-0.48197275453685456,-0.5147725177442657,0.3500653199795201,0.7826004898560097,-19.00569725036621,-3.054380178451538,0.8865325450897217
2.93,1.5575425730944705,1.4060027682258822,0.09018502173459737,1.3744417907475168,-61.49301528930664,-13.526021957397461,-309.9565734863281,3.1607675552368164,3.161233901977539,22.4575252532959,0.023955218618865126,0.9762380964904854,-0.2153725294961176,-0.8741991806343555,-0.08405477220745478,-0.47823695784346737,-0.4849762263030466,0.19973475969341575,0.8514129936118368,-18.733657836914062,-3.637533187866211,0.8551232218742371
2.94,1.5575425730944705,1.4060027682258822,0.09018502173459737,1.3744417907475168,-61.46142578125,-13.494351387023926,-309.7322998046875,3.153846502304077,3.170607566833496,22.39731788635254,0.027531884902564474,0.9991193068490283,-0.031663954194461746,-0.8923867791500051,0.010292836658861548,-0.45115395810276787,-0.4504307179933358,0.04067761294657085,0.8918842414198027,-18.63086700439453,-3.9243948459625244,0.8156242966651917
2.95,2.7907084569029466,0.5144651768227249,3.0959645799367195,1.6794033509653807,-61.42997360229492,-13.462635040283203,-309.5086364746094,3.1350369453430176,3.1719553470611572,22.329378128051758,0.03782320793307087,0.987472835760469,0.15318878410911754,-0.9088141701948573,0.09773081985512572,-0.40559276485593043,-0.41548310313980863,-0.1238793182319918,0.901125798942463,-18.7457332611084,-3.9037106037139893,0.771549642086029
2.96,3.2281002993510084,1.789118028377013,3.6629558523670203,1.3614404974051089,-61.398765563964844,-13.430903434753418,-309.2857360839844,3.103466510772705,3.1758840084075928,22.240543365478516,0.054696083828396025,0.9416134923725733,0.33222337274153796,-0.9225928368273079,0.17490796039511564,-0.3438454054155167,-0.3818779855513767,-0.2876999067993357,0.8782926435869061,-18.522714614868164,-4.03824520111084,0.7279454469680786
2.97,3.2281002993510084,1.789118028377013,3.6629558523670203,1.3614404974051089,-61.36796188354492,-13.399106979370117,-309.0638427734375,3.052663803100586,3.1838653087615967,22.13390350341797,0.07838267584302283,0.8654539267935907,0.4948188120163199,-0.9338564787776588,0.23747720133147043,-0.2674259820824535,-0.34895305296369034,-0.44112818935693365,0.8268238551118331,-17.956939697265625,-4.245657444000244,0.6874714493751526
2.98,1.3042961838512723,0.682158522942586,2.107914002028234,2.6946966495899876,-61.3377685546875,-13.36723804473877,-308.8430480957031,2.984819173812866,3.188972234725952,22.032642364501953,0.10831280971552149,0.7648371252602828,0.6350531529526608,-0.941790938970559,0.2834657794426544,-0.1807677492196027,-0.31827372264213394,-0.5785078423915746,0.751019649388059,-17.341201782226562,-4.374101161956787,0.650001049041748
2.99,1.3042961838512723,0.682158522942586,2.107914002028234,2.6946966495899876,-61.30827331542969,-13.335355758666992,-308.6230773925781,2.916110038757324,3.1858649253845215,21.963205337524414,0.1440258766479906,0.6450893818945265,0.7504107116924146,-0.9459270579133119,0.31247582413007635,-0.08706813677629827,-0.2906519361078546,-0.6972937320105264,0.6552121056082437,-17.002981185913086,-4.676708221435547,0.6086311936378479
3.0,3.8713931978475213,1.5969566401826545,2.5946083410607526,4.147918129208071,-61.27943420410156,-13.303539276123047,-308.40362548828125,2.8517355918884277,3.1765799522399902,21.928483963012695,0.1866041637706244,0.5088747925915149,0.8403721387149914,-0.9458450575755273,0.32433216572089996,0.013629869358822377,-0.2656238188179174,-0.7974052243017559,0.54183844006572,-16.927122116088867,-5.149349689483643,0.5603953003883362
3.01,2.342254093342058,3.7999498213302023,3.069587358611913,1.867016371262282,-61.25131607055664,-13.271842002868652,-308.1844787597656,2.764404296875,3.1617419719696045,21.90998649597168,0.23577438285455204,0.36016798091515206,0.9026014989534739,-0.9405556406306566,0.3182190085068434,0.11870867492637804,-0.24446989030841842,-0.8769353956526239,0.4137859163675895,-16.83526611328125,-5.531460762023926,0.5027294754981995
3.02,2.342254093342058,3.7999498213302023,3.069587358611913,1.867016371262282,-61.22420120239258,-13.240336418151855,-307.9653625488281,2.658987522125244,3.137993574142456,21.91542625427246,0.28887021944226254,0.20417763889357787,0.9353424442925826,-0.9294755877568905,0.2939254298830999,0.22289677752721765,-0.22941039227411236,-0.9337662092000754,0.27468443434741485,-16.776086807250977,-5.637087345123291,0.45065829157829285
3.03,1.4883519694317469,1.078469711608068,3.274448368626123,3.1092349265538,-61.1981315612793,-13.20910930633545,-307.7460632324219,2.5547935962677,3.106010913848877,21.953411102294922,0.34206637571996956,0.04521176704569152,0.9385874976380257,-0.913028782528858,0.25217311405598875,0.32060437118226703,-0.22219144194967594,-0.9666253755555518,0.12753958780085667,-16.782791137695312,-5.563013076782227,0.4096009433269501
3.04,1.4883519694317469,1.078469711608068,3.274448368626123,3.1092349265538,-61.17306137084961,-13.17823314666748,-307.5262451171875,2.462151288986206,3.069380044937134,22.02031135559082,0.394159595628653,-0.11182721821649216,0.912213180369489,-0.8915624806064928,0.19437637787696127,0.4090649910444917,-0.2230572938701042,-0.974531937388095,-0.023085637568673933,-16.736957550048828,-5.804597854614258,0.36440733075141907
3.05,1.3233114344481403,1.5987039328598731,3.593099639205471,0.886065713678172,-61.14884567260742,-13.147735595703125,-307.30560302734375,2.38199782371521,3.029265880584717,22.107892990112305,0.4473336685658525,-0.2611538962343034,0.8553895203058423,-0.8636678206208421,0.12229645193588468,0.4890004841183071,-0.2323154850444994,-0.9575187832755745,-0.17084289591025564,-16.63454818725586,-6.356266975402832,0.3106696307659149
3.06,2.8086374288822804,1.3306576295676058,3.970752623321126,3.074645494016547,-61.1253776550293,-13.117655754089355,-307.0840148925781,2.3145718574523926,2.9868438243865967,22.2062931060791,0.5001170378390347,-0.39720461244843946,0.7694877804830917,-0.8287954828717623,0.037967984546542266,0.5582620170859166,-0.25096014829943064,-0.9169443429124576,-0.3102129526089604,-16.38357925415039,-6.786978244781494,0.25828438997268677
3.07,2.8086374288822804,1.3306576295676058,3.970752623321126,3.074645494016547,-61.10255813598633,-13.088040351867676,-306.8614196777344,2.2464747428894043,2.93212628364563,22.31342315673828,0.5488936191903993,-0.5144344740469118,0.6588421409747118,-0.7879124914252313,-0.055222219676574424,0.6133061326206324,-0.2791230923233504,-0.8557497755571246,-0.43564047213933305,-16.006301879882812,-7.162756443023682,0.2026706039905548
3.08,1.338707621639247,2.867345405790413,1.0622536536381735,2.7204558435894604,-61.0804443359375,-13.059062004089355,-306.6377258300781,2.178112745285034,2.862067699432373,22.426918029785156,0.5917672238893968,-0.6094949811110473,0.5275674560951239,-0.7412512827335067,-0.15423544100808673,0.6532671464132968,-0.31679344781129426,-0.7776421392501084,-0.5430604153189106,-15.618020057678223,-7.595510005950928,0.13943208754062653
3.09,1.338707621639247,2.867345405790413,1.0622536536381735,2.7204558435894604,-61.058929443359375,-13.030787467956543,-306.4129638671875,2.128504514694214,2.7950642108917236,22.529132843017578,0.6262414439626327,-0.6809516716676863,0.379639927716488,-0.6899054675361284,-0.2572311372214176,0.6766554425315238,-0.3631144443937102,-0.6856653432227414,-0.6308810802170941,-15.658109664916992,-7.7977094650268555,0.07427691668272018
3.1,2.9621899514510783,3.827063269621757,2.4391552846765,3.474760782289951,-61.03781509399414,-13.003143310546875,-306.1872253417969,2.0963072776794434,2.733727216720581,22.614561080932617,0.6493126728993295,-0.7287077330468676,0.21766509276873885,-0.6370484367283558,-0.36481397682341776,0.6790287560746163,-0.4154062374041663,-0.5795651836609735,-0.7011004605716185,-16.098642349243164,-7.777968883514404,0.008085913956165314
3.11,3.713718105238528,2.4718949553034526,1.9981899755734387,4.129393248179647,-61.016971588134766,-12.976163864135742,-305.9606628417969,2.073105812072754,2.6576991081237793,22.703636169433594,0.6597592993872046,-0.7500730119990993,0.04591452431098669,-0.5850459855241479,-0.4743351991286337,0.6578201225940705,-0.47163424567580275,-0.4608650513308626,-0.7517742631718767,-16.500564575195312,-7.687146186828613,-0.05949331820011139
3.12,3.713718105238528,2.4718949553034526,1.9981899755734387,4.129393248179647,-60.996299743652344,-12.950018882751465,-305.733154296875,2.0653297901153564,2.571369171142578,22.796297073364258,0.6573084777089123,-0.7424890741395112,-0.129056343956597,-0.535846498637705,-0.5808765589979775,0.6127405267357307,-0.5299189513781366,-0.33360515282309444,-0.7796752573861604,-16.74607276916504,-7.608327388763428,-0.13378827273845673
3.13,1.964830953361837,1.8036643834957566,2.185673890956611,1.3089696339401065,-60.97560501098633,-12.92471981048584,-305.5047607421875,2.0771658420562744,2.4896554946899414,22.881595611572266,0.6422331533871664,-0.705079796785017,-0.30066435913818446,-0.49067585408791736,-0.6795225067038744,0.5454231101612541,-0.5888750146724421,-0.20276006275517305,-0.7823775137656046,-16.91366958618164,-7.56427526473999,-0.21412420272827148
3.14,1.964830953361837,1.8036643834957566,2.185673890956611,1.3089696339401065,-60.95471954345703,-12.900157928466797,-305.2756042480469,2.099693775177002,2.4281935691833496,22.943344116210938,0.6151058224440376,-0.6386546567933816,-0.462347333237223,-0.450917692152199,-0.7659894022614424,0.45818497413958537,-0.6467751248305538,-0.07335165287357737,-0.7591452251849677,-16.927751541137695,-7.49871301651001,-0.28741326928138733
3.15,1.5645410644915116,0.02351165202755349,2.936795155243016,1.9549286014124165,-60.93359375,-12.8760986328125,-305.04595947265625,2.126737117767334,2.3854446411132812,22.98758888244629,0.5770270380653018,-0.5462651674624202,-0.6071525048608784,-0.4179338183634056,-0.8361879554620086,0.3551352229904119,-0.7016916137519165,0.04882693885059522,-0.7108057464826179,-16.807899475097656,-7.409034729003906,-0.35252639651298523
3.16,2.098881645293889,2.059687961190494,1.316778155790421,0.9221492090791825,-60.91216278076172,-12.85241413116455,-304.8158874511719,2.1602375507354736,2.353609085083008,23.030967712402344,0.5289831962344503,-0.4321413706661523,-0.730363343727192,-0.39239120164111574,-0.887661035364986,0.24101251247477312,-0.7524665593740539,0.15909658089833528,-0.6391262433746819,-16.55965805053711,-7.55421257019043,-0.41823810338974
3.17,2.098881645293889,2.059687961190494,1.316778155790421,0.9221492090791825,-60.89036178588867,-12.828994750976562,-304.5853271484375,2.1994521617889404,2.331843852996826,23.07943344116211,0.4711330330753256,-0.30135168799278444,-0.8289878318100596,-0.37447893114176056,-0.919261384432037,0.1213426438768313,-0.7986233125048183,0.2532699493346861,-0.5459442622537916,-16.368806838989258,-7.558287143707275,-0.4848046898841858
3.18,2.3097479160623235,2.6929370682350666,3.499807326961267,3.203724098748006,-60.86814498901367,-12.805747032165527,-304.354248046875,2.244971513748169,2.3194241523742676,23.137331008911133,0.4080974037266136,-0.15749716067647734,-0.8992503285795593,-0.36524094270064555,-0.9309090725616569,-0.0027115304791849038,-0.8366932310272034,0.3295496062829444,-0.4374259870561135,-16.31557273864746,-7.249471664428711,-0.548021674156189
3.19,2.3097479160623235,2.6929370682350666,3.499807326961267,3.203724098748006,-60.845367431640625,-12.782572746276855,-304.1225280761719,2.31821346282959,2.3178794384002686,23.214296340942383,0.3426088710516993,-0.004952028664738983,-0.9394650812503805,-0.3645480756262976,-0.9223336250258402,-0.1280835067596782,-0.8658659607779046,0.38636273313920555,-0.31780493452330133,-16.323854446411133,-7.138558387756348,-0.6080070734024048
3.2,2.9183936883536945,0.6416986950921848,3.3004154585179144,2.137440891985689,-60.82170104980469,-12.759336471557617,-303.88995361328125,2.4168248176574707,2.331916332244873,23.30283546447754,0.2740719115283189,0.1518463912260359,-0.9496458607201125,-0.37238835199060216,-0.8936680080144447,-0.2503685418602307,-0.8866856842269063,0.4222560419024509,-0.18838347184384008,-16.37603759765625,-7.244166374206543,-0.6676890254020691
3.21,2.367203147347481,2.9379088622363017,1.025130834088839,3.1254196717201124,-60.79705810546875,-12.735896110534668,-303.656494140625,2.5079240798950195,2.3573224544525146,23.388809204101562,0.2035725527668766,0.3072309453866316,-0.929606025129363,-0.38887121877112724,-0.846007785253394,-0.36476019862658393,-0.8985195551413643,0.43575219275120514,-0.05275069232797999,-16.168556213378906,-7.383733749389648,-0.731732964515686
3.22,2.367203147347481,2.9379088622363017,1.025130834088839,3.1254196717201124,-60.77157211303711,-12.712163925170898,-303.42218017578125,2.58866548538208,2.3912062644958496,23.469505310058594,0.13359926124142946,0.45467576245486685,-0.8805800295440668,-0.41340090293902365,-0.7819793562045264,-0.4664847049144849,-0.9006946934699592,0.42635459128059083,0.08349150644835762,-16.184431076049805,-7.320728302001953,-0.7996490597724915
3.23,2.4463564837764156,3.1893538487696387,0.9363006777490724,3.5224083013123733,-60.74528884887695,-12.688042640686035,-303.1871337890625,2.6648402214050293,2.4344842433929443,23.541189193725586,0.06851200029085053,0.5937067655826009,-0.8017595539297258,-0.44407824698424464,-0.7014931321700584,-0.5574064011774902,-0.8933647722915576,0.39423300473157674,0.21559156200734259,-16.604076385498047,-7.052617073059082,-0.8681620359420776
3.24,2.4463564837764156,3.1893538487696387,0.9363006777490724,3.5224083013123733,-60.718284606933594,-12.663444519042969,-302.951416015625,2.7350075244903564,2.487189531326294,23.597803115844727,0.01079239200255444,0.7204453088241428,-0.6934277765334677,-0.47940065505944307,-0.604846485154779,-0.6358739979936957,-0.8775297922027719,0.3392923317571369,0.3388542126156392,-17.1320743560791,-6.741168022155762,-0.9366308450698853
3.25,3.8856418180450087,0.25543807329753104,4.179470710403322,2.938383732878048,-60.69062042236328,-12.638274192810059,-302.71527099609375,2.7951176166534424,2.547741413116455,23.634550094604492,-0.038056543943942006,0.8295626438140464,-0.557115355605365,-0.5180315503328716,-0.4931317513507999,-0.6989022740479632,-0.8545144892409748,0.262005526273669,0.44850651263866104,-17.71605682373047,-6.408044338226318,-1.0047701597213745
3.26,2.7680728115524036,0.2252577999786485,1.7334793898062189,0.3971781458378566,-60.66242218017578,-12.612462043762207,-302.4787902832031,2.8427257537841797,2.6166489124298096,23.646774291992188,-0.07746388563814471,0.9142051895522728,-0.39777910681373596,-0.5592770026071258,-0.3701362964537579,-0.7417603092659278,-0.82535360953753,0.1650090707906352,0.5399661339196948,-17.680789947509766,-6.345077037811279,-1.0730371475219727
3.27,2.7680728115524036,0.2252577999786485,1.7334793898062189,0.3971781458378566,-60.633853912353516,-12.585994720458984,-302.2422790527344,2.864757537841797,2.669933557510376,23.650100708007812,-0.10779853434232056,0.9677818596508482,-0.22754724371961332,-0.6036283420154384,-0.245577236144507,-0.7585015793017953,-0.78994449216976,0.055588606911584126,0.6106534254978752,-17.143098831176758,-6.275398254394531,-1.1389477252960205
3.28,3.1055184052841183,2.1791721184450124,2.8626699843690147,1.2448841326284381,-60.60518264770508,-12.559123039245605,-302.0057678222656,2.8664097785949707,2.7029869556427,23.650291442871094,-0.12798056338508995,0.9902679511960394,-0.05468418628482363,-0.6479347102671654,-0.1252277089195017,-0.7513312399666188,-0.7508672230338992,-0.060724012983093156,0.6576556907840072,-16.596874237060547,-5.991941452026367,-1.1992896795272827
3.29,3.1055184052841183,2.1791721184450124,2.8626699843690147,1.2448841326284381,-60.57655715942383,-12.531898498535156,-301.76934814453125,2.8568897247314453,2.7458345890045166,23.62586212158203,-0.13837775579620376,0.9836863924885257,0.11494641331383876,-0.6901787362906242,-0.012542798333962268,-0.7235302275525398,-0.7102850897161523,-0.17945405942152215,0.680655075558872,-16.151569366455078,-5.65437650680542,-1.2513248920440674
3.3,2.6840200578849447,2.418448510939469,1.2925696481811084,0.07559644575199385,-60.548095703125,-12.504179954528809,-301.5332946777344,2.8323781490325928,2.7980499267578125,23.580673217773438,-0.13999431599680612,0.9504932702691941,0.277424106129152,-0.7291388781031137,0.09059846984518044,-0.6783424015202384,-0.6698940870966983,-0.2972447820142258,0.6803583259123066,-15.799508094787598,-5.28983736038208,-1.295719027519226
3.31,3.113608496188904,0.7049894613610985,2.039985477518769,4.143477863552579,-60.51993942260742,-12.475979804992676,-301.2976989746094,2.7976672649383545,2.838247299194336,23.54059410095215,-0.13434208869056286,0.893253532575284,0.4290108736944009,-0.7637622114003135,0.18250280507627517,-0.6191607308092092,-0.6313631978846723,-0.41084163941970064,0.6577154853550073,-15.538846015930176,-4.743057727813721,-1.3347159624099731
3.32,3.113608496188904,0.7049894613610985,2.039985477518769,4.143477863552579,-60.492183685302734,-12.447419166564941,-301.0625,2.7494399547576904,2.8759520053863525,23.502138137817383,-0.12333942128151032,0.8142563445719857,0.5672512604500841,-0.7933280060966919,0.2624973077508106,-0.5492957656547361,-0.5961694909172968,-0.5177661332569399,0.6135960962649352,-15.440826416015625,-4.449252128601074,-1.3788840770721436
3.33,0.7485997092659222,2.360945912705042,2.449814221050524,1.9716845206181255,-60.46501159667969,-12.418458938598633,-300.8276672363281,2.6835103034973145,2.9155776500701904,23.46590232849121,-0.10589510732266927,0.7153373122009241,0.6907088793538697,-0.8202906467524687,0.32977908665730427,-0.46729969918018516,-0.5620582541832632,-0.6160667851593952,0.5518625146971214,-15.4385347366333,-4.51665735244751,-1.4320265054702759
3.34,0.7485997092659222,2.360945912705042,2.449814221050524,1.9716845206181255,-60.43852233886719,-12.389145851135254,-300.5931091308594,2.614894151687622,2.944213628768921,23.45016098022461,-0.08157967481428496,0.5985615223656218,0.7969120783377202,-0.8446595672395476,0.3829103920354754,-0.3740719812308033,-0.5290510108939359,-0.7036360818026515,0.4743430111823265,-15.562915802001953,-4.554326057434082,-1.4744906425476074
3.35,0.7533029232607905,0.9910470763981725,2.7821133937840163,3.5987796693492156,-60.41270446777344,-12.35960578918457,-300.358642578125,2.547598123550415,2.962406635284424,23.4573917388916,-0.051292927366526686,0.4655673391473777,0.8835248091148336,-0.8653708221253734,0.42087922211108086,-0.272018419613869,-0.4985001261947961,-0.7785292114714786,0.38130026366286485,-15.793148040771484,-4.5232439041137695,-1.5057529211044312
3.36,0.8101828483819793,2.4770431889960416,2.7627762663871476,1.7844794264425077,-60.38758087158203,-12.329915046691895,-300.12396240234375,2.4746296405792236,2.974654197692871,23.483657836914062,-0.015266982417774522,0.3190210439895807,0.9476246581530333,-0.881931396635736,0.4422625077594381,-0.16309778005378545,-0.4711304817945824,-0.8382299491918259,0.2746026609519173,-16.03353500366211,-4.704707622528076,-1.541344404220581
3.37,0.8101828483819793,2.4770431889960416,2.7627762663871476,1.7844794264425077,-60.36320495605469,-12.30013370513916,-299.8888854980469,2.397819757461548,2.9802119731903076,23.529516220092773,0.027630466058924275,0.16262912833779875,0.9863003213836313,-0.8939727340796579,0.4454984781349335,-0.04841339382443083,-0.4472687201979454,-0.880387910296107,0.15769533708054317,-16.247440338134766,-4.855706691741943,-1.5778700113296509
3.38,2.2635878092555566,3.5462868649038697,2.7014876048521366,0.4640963752372476,-60.33961868286133,-12.27033519744873,-299.6532897949219,2.3206586837768555,2.9781596660614014,23.59406089782715,0.07443251321395983,0.0009683968366041018,0.9972255828969795,-0.9005252287404861,0.4296421660586155,0.06679761632241338,-0.4283854728845843,-0.902998710603746,0.032851411985226675,-16.436908721923828,-4.811174392700195,-1.6100714206695557
3.39,2.2635878092555566,3.5462868649038697,2.7014876048521366,0.4640963752372476,-60.31681823730469,-12.240596771240234,-299.4169616699219,2.2388811111450195,2.9676401615142822,23.674184799194336,0.12213841209965837,-0.16077223968689536,0.9794051741929044,-0.9015332196156702,0.3947511954643197,0.17722682530839973,-0.4151145169940189,-0.904612503023007,-0.09672723068129513,-16.49591827392578,-4.4637603759765625,-1.6390173435211182
3.4,2.19031404503464,1.8991037144919423,0.7337724995306047,3.6260845629541745,-60.29485321044922,-12.21101188659668,-299.1797790527344,2.154663324356079,2.9477200508117676,23.766443252563477,0.16608053833863168,-0.3162913172948739,0.9340112726241712,-0.8982008683350885,0.3424087855682455,0.275665419825869,-0.40700424433566246,-0.8847123974318167,-0.22722570040205337,-16.43048858642578,-3.858515739440918,-1.6618869304656982
3.41,0.9386200588143329,0.557898501026511,2.015998771848783,3.511364420617159,-60.273712158203125,-12.18166732788086,-298.94158935546875,2.0762155055999756,2.9198195934295654,23.864694595336914,0.2051122830446202,-0.4615716939605477,0.8630646109525137,-0.8919355879092308,0.27490629695316676,0.3589950346683253,-0.40296384250356554,-0.8434323323360846,-0.35530556202355434,-16.613067626953125,-3.415337324142456,-1.6924606561660767
3.42,0.9386200588143329,0.557898501026511,2.015998771848783,3.511364420617159,-60.253292083740234,-12.152629852294922,-298.7024841308594,2.010751485824585,2.8874499797821045,23.959497451782227,0.2416508629044803,-0.5948376141373617,0.766663598499949,-0.8826850091625047,0.19344162221821298,0.4283077321195299,-0.40307819968004827,-0.7802233985218319,-0.4783089099543659,-16.929594039916992,-3.4030001163482666,-1.7307133674621582
3.43,3.428139747548471,2.461600602152655,0.6744242015303207,3.142149088786247,-60.233463287353516,-12.123931884765625,-298.46246337890625,1.9566186666488647,2.8511312007904053,24.04419708251953,0.2780052532786464,-0.7110516396857492,0.6458472302717442,-0.8691585409267536,0.10007022887999999,0.4843029837054292,-0.4089945108232536,-0.6959824099732062,-0.590196556347405,-17.178781509399414,-3.6459743976593018,-1.770065188407898
3.44,3.428139747548471,2.461600602152655,0.6744242015303207,3.142149088786247,-60.21416091918945,-12.095645904541016,-298.22161865234375,1.9030975103378296,2.803241729736328,24.123868942260742,0.3126199223155426,-0.8054740604532578,0.5034682930516734,-0.8516346950125704,-0.002925384544810755,0.5241276451172092,-0.42069838414506694,-0.5926238099015315,-0.6868841893037887,-17.451461791992188,-3.493145704269409,-1.8140572309494019
3.45,0.25569760155699506,3.9572676942032943,3.429835519195773,1.1092034067466523,-60.19538497924805,-12.067901611328125,-297.97998046875,1.854410171508789,2.7443859577178955,24.196941375732422,0.34188571838857496,-0.8742472342404413,0.3446823595498711,-0.8333238420888958,-0.11250122382524073,0.5412160833197992,-0.4343794766884465,-0.4722660776096053,-0.7669936258999217,-17.744924545288086,-2.941210985183716,-1.8577405214309692
3.46,3.8560040312966666,3.003666028062751,2.7824804517113586,3.6223987798697466,-60.17702865600586,-12.040761947631836,-297.73773193359375,1.8197429180145264,2.6839730739593506,24.252517700195312,0.3657391766838052,-0.9141629988418631,0.17475945235409773,-0.8156578575147573,-0.2243890532449032,0.533246483587367,-0.4482600964987721,-0.3375730503643735,-0.8277121006452689,-18.024051666259766,-2.489677906036377,-1.878942847251892
3.47,3.8560040312966666,3.003666028062751,2.7824804517113586,3.6223987798697466,-60.15895462036133,-12.01425552368164,-297.4949645996094,1.7976274490356445,2.614267110824585,24.307785034179688,0.3851724868909458,-0.9228442045836165,-0.00085405425863605,-0.7983719783927328,-0.3336847302211325,0.50125510963433,-0.4628653578088538,-0.19238782415652653,-0.8652991307384975,-18.181564331054688,-2.1239418983459473,-1.8948028087615967
3.48,1.896525747926599,2.4623345393100666,2.5140706561984443,1.3476760253091795,-60.14101791381836,-11.988496780395508,-297.2515869140625,1.793558120727539,2.538325548171997,24.36775016784668,0.40095309345265717,-0.8992656202764071,-0.17480835517684265,-0.781850240698007,-0.43535593052870825,0.4462907290925398,-0.4774377634532201,-0.0422676938378585,-0.8776483487629974,-18.231971740722656,-1.7229809761047363,-1.9185236692428589
3.49,1.896525747926599,2.4623345393100666,2.5140706561984443,1.3476760253091795,-60.12303161621094,-11.963436126708984,-297.0076904296875,1.804902195930481,2.47817063331604,24.402385711669922,0.4139351327745135,-0.8442669604243154,-0.3403983040363656,-0.7663249391826357,-0.5250133337575964,0.3702797414975127,-0.49132860026837033,0.1075839156780547,-0.8643042911184127,-18.21608543395996,-1.3106566667556763,-1.9333364963531494
3.5,1.7754734989114935,0.36813948939275554,1.7180983263315128,3.265189924121295,-60.10489273071289,-11.938881874084473,-296.7635498046875,1.8252476453781128,2.4343810081481934,24.417037963867188,0.4249641683559709,-0.7602658316534153,-0.4913260840153499,-0.7518056154973113,-0.5987422343506787,0.2762174022603676,-0.5041763303847443,0.25199921036602,-0.8260161171882032,-18.148696899414062,-0.8942225575447083,-1.9381929636001587
3.51,2.45816385645388,1.9423035724397364,3.99167907528659,2.765609696240967,-60.08649826049805,-11.91471004486084,-296.5194091796875,1.853723406791687,2.401679754257202,24.42960548400879,0.43445349177013803,-0.6506178456597914,-0.6228535802239125,-0.7378958725885302,-0.6536484341491738,0.16808749433299378,-0.5164879908628522,0.38657488723835165,-0.7640680675509935,-18.12542152404785,-0.7078413963317871,-1.947861671447754
3.52,2.45816385645388,1.9423035724397364,3.99167907528659,2.765609696240967,-60.067752838134766,-11.89082145690918,-296.27496337890625,1.9017921686172485,2.377490282058716,24.46162986755371,0.4411276129265892,-0.5191541789125711,-0.7320419165808083,-0.7239770346803607,-0.6878932234184431,0.05157680128134831,-0.5303429855943425,0.5072295847962713,-0.6793043985859953,-18.00853157043457,-0.7005702257156372,-1.9580695629119873
3.53,0.5937575213520635,3.9213471056348808,2.7074045441361645,1.842570755956177,-60.048397064208984,-11.867120742797852,-296.03009033203125,1.97233247756958,2.3651294708251953,24.51631736755371,0.4444719752487252,-0.37168891093453676,-0.8150411135070394,-0.710387510184439,-0.7005243435386863,-0.06793548030040286,-0.5457052763098873,0.6091904444408093,-0.5754065986844077,-17.764690399169922,-0.6944820284843445,-1.9627255201339722
3.54,0.5937575213520635,3.9213471056348808,2.7074045441361645,1.842570755956177,-60.028297424316406,-11.843474388122559,-295.7846374511719,2.0459024906158447,2.366445541381836,24.57807731628418,0.4448361936821388,-0.21305816783670123,-0.8699005563329953,-0.6974908346430311,-0.6916935421924757,-0.18726072540229538,-0.5618071701031901,0.6900480134072513,-0.45629644181535234,-17.824752807617188,-0.5305477976799011,-1.95937180519104
3.55,4.152805236964645,2.275033158756381,1.464064335760457,1.3101619800698936,-60.00748062133789,-11.819753646850586,-295.5385437011719,2.118058443069458,2.379741907119751,24.646528244018555,0.444044703049494,-0.04512439685256692,-0.8948676385378895,-0.6851415944202353,-0.6607126756906802,-0.30665902200483197,-0.5774125884400032,0.7492813550265043,-0.32430256508492367,-18.17708969116211,-0.21456128358840942,-1.9473329782485962
3.56,1.3736936251789769,3.476038168513938,1.1695030967134978,2.103112137890692,-59.98592758178711,-11.7958402633667,-295.2917175292969,2.192656993865967,2.4053149223327637,24.723102569580078,0.4436076206270526,0.1266689463532953,-0.8872244681879278,-0.672581012799009,-0.6072250831457733,-0.4229804719143285,-0.5923234421697865,0.7843676921115216,-0.1841745460908779,-18.218198776245117,0.3800678253173828,-1.9419670104980469
3.57,1.3736936251789769,3.476038168513938,1.1695030967134978,2.103112137890692,-59.96363830566406,-11.771617889404297,-295.0440673828125,2.2629823684692383,2.440234422683716,24.802391052246094,0.445948755025499,0.2936054271876194,-0.8455327084253944,-0.6578785063824473,-0.5330153053956904,-0.5320625480654876,-0.6068983265187077,0.7935304262219026,-0.044540811946772896,-18.320154190063477,1.0692720413208008,-1.9347773790359497
3.58,0.45525551536965764,3.7285835034447956,2.706302443260153,1.0376963251073006,-59.9406852722168,-11.747010231018066,-294.795654296875,2.3259923458099365,2.4824116230010986,24.879409790039062,0.44979769251331253,0.4523103299848784,-0.7701281719289785,-0.6404759194280448,-0.43761842387321415,-0.6310948516027719,-0.6224729973601268,0.7771135570016101,0.09285411720438291,-18.72770881652832,1.6616990566253662,-1.9175523519515991
3.59,0.45525551536965764,3.7285835034447956,2.706302443260153,1.0376963251073006,-59.917137145996094,-11.72194766998291,-294.5465087890625,2.3813717365264893,2.5313050746917725,24.94875144958496,0.45358666146076465,0.596783233776987,-0.6618979622476263,-0.6201793087668749,-0.3220051862344937,-0.7153253001366097,-0.6400287224197984,0.73495743544832,0.22405535601031634,-19.059446334838867,2.1650002002716064,-1.886604905128479
3.6,1.8725175028407433,3.977254553690824,0.7732089474882279,2.4985984548526687,-59.89308547973633,-11.696369171142578,-294.2967224121094,2.4267125129699707,2.585167169570923,25.00465202331543,0.45539837492254603,0.719422601267713,-0.5244458417254363,-0.5975232683492508,-0.1897052594837742,-0.7790878373491803,-0.6599835330514945,0.6681639284706942,0.3434802771506332,-19.287504196166992,2.5915133953094482,-1.8438993692398071
3.61,0.7450279807020945,2.619825193098336,3.8657589881176326,1.6351346654730854,-59.86862564086914,-11.670218467712402,-294.0465087890625,2.462458372116089,2.6466445922851562,25.04032325744629,0.45397609271872175,0.81424101423159,-0.3618249272548183,-0.5725366837470834,-0.04457641721159611,-0.81866640873586,-0.682720625881286,0.5788130214254771,0.4459462223458962,-19.665691375732422,3.1520020961761475,-1.8039475679397583
3.62,0.7450279807020945,2.619825193098336,3.8657589881176326,1.6351346654730854,-59.843875885009766,-11.64342212677002,-293.79595947265625,2.4844155311584473,2.7124509811401367,25.053455352783203,0.44799865302592257,0.8760460414124502,-0.17843917790814529,-0.5450713727617384,0.10943443711942369,-0.8312167602785624,-0.7086567614032855,0.46964607663423596,0.5265340988193228,-19.87108039855957,3.5216224193573,-1.7585481405258179
3.63,2.712071195994077,1.2567839692697327,1.7682697473685476,3.6866912133695413,-59.81898880004883,-11.615974426269531,-293.54541015625,2.48891282081604,2.7765932083129883,25.046611785888672,0.4354913710939485,0.9000810576319285,0.014189975155088352,-0.5188735726734104,0.2638683880468501,-0.8131074279396837,-0.7356068795789257,0.34673846553525917,0.5819406801680133,-19.798236846923828,3.5986433029174805,-1.7054524421691895
3.64,2.712071195994077,1.2567839692697327,1.7682697473685476,3.6866912133695413,-59.79415512084961,-11.587895393371582,-293.2950439453125,2.475477457046509,2.8388874530792236,25.0219669342041,0.41637924681361516,0.8853722491108627,0.20674695481989303,-0.49585570002867163,0.411737421559794,-0.7645910151423232,-0.7620731248193984,0.21584317499440375,0.6104557938428733,-19.75050926208496,3.670217990875244,-1.665509581565857
3.65,3.592580385222468,2.8708691564989395,2.9089313284483542,0.7629020916955833,-59.7695426940918,-11.559210777282715,-293.04498291015625,2.4439690113067627,2.896817684173584,24.985769271850586,0.390951244178968,0.832728852133941,0.39207114596537984,-0.4767012752284884,0.5475827345058114,-0.6876838249273218,-0.7873455523913564,0.08195003169509668,0.6110410570777733,-19.75563621520996,3.771601915359497,-1.637945294380188
3.66,0.4324846071274001,0.13547586674331288,1.112951195893285,3.209393359322966,-59.745338439941406,-11.529977798461914,-292.7953186035156,2.394249200820923,2.94892954826355,24.945228576660156,0.35928030258139265,0.7446337344479399,0.5625284576793762,-0.4615493500840762,0.6656754029695152,-0.5863859269443121,-0.8111041003557987,-0.04895773078369098,0.5828492763850032,-19.510713577270508,4.166656017303467,-1.6011463403701782
3.67,0.4324846071274001,0.13547586674331288,1.112951195893285,3.209393359322966,-59.7216682434082,-11.500304222106934,-292.5459899902344,2.343198776245117,2.980116844177246,24.923423767089844,0.32068570861981033,0.6261615824061031,0.7106914583739522,-0.44994392462694294,0.7609627063742446,-0.4674251000950731,-0.8334933358931637,-0.1698747545289474,0.5257674645652922,-19.382522583007812,4.372300148010254,-1.559598684310913
3.68,0.9799615819021488,3.5344568534863687,2.6244064120981436,3.8445380604559634,-59.698455810546875,-11.470429420471191,-292.2966613769531,2.2989280223846436,2.9934322834014893,24.926240921020508,0.27894181186030165,0.4802085122816434,0.8316196548472999,-0.44503890120759504,0.8320263490481896,-0.33116843282758107,-0.8509593656620907,-0.27772637473201983,0.44579840597537035,-19.55616569519043,4.189612865447998,-1.5238786935806274
3.69,0.9799615819021488,3.5344568534863687,2.6244064120981436,3.8445380604559634,-59.675777435302734,-11.4404296875,-292.0473327636719,2.2281453609466553,3.0074989795684814,24.935407638549805,0.2368148455874466,0.31078459926970836,0.9205061986571086,-0.4473404887064546,0.8759294652008834,-0.18064899434196813,-0.8624414276188637,-0.36899932906397115,0.34645963556679293,-19.927263259887695,4.074751853942871,-1.4830900430679321
3.7,2.381372867924273,0.01418551798498,2.195923182031731,2.0688850864226302,-59.65398406982422,-11.410303115844727,-291.79791259765625,2.129063367843628,3.015554666519165,24.957813262939453,0.19498198164823788,0.12215881291111327,0.9731696929419215,-0.45615085398100697,0.889671258871256,-0.02028421925617213,-0.8682790019601557,-0.4399571292371361,0.22919271190091028,-20.447343826293945,4.0661115646362305,-1.4352707862854004
3.71,2.98668098997981,1.6937938773100367,0.41325548954282143,0.24233674265920294,-59.633148193359375,-11.380165100097656,-291.5481262207031,2.0433075428009033,3.0098791122436523,25.008197784423828,0.15466609589049451,-0.07736151376702427,0.984933294680237,-0.47112480165516246,0.8705035217399278,0.1423553297343188,-0.8684007254991074,-0.4860440461790035,0.09819045333720855,-20.508567810058594,4.074615478515625,-1.3925732374191284
3.72,2.98668098997981,1.6937938773100367,0.41325548954282143,0.24233674265920294,-59.613037109375,-11.350131034851074,-291.2976989746094,1.982081651687622,2.996032238006592,25.081022262573242,0.11606977307970362,-0.2736159757207685,0.9548099840322151,-0.4920819897064031,0.8191960839474051,0.29457272693143877,-0.8627764039331478,-0.5040357863045127,-0.039557590176577506,-20.20467185974121,4.487269401550293,-1.3530254364013672
3.73,0.8568400483210408,2.535281791060025,1.2674534645554911,0.39930810480351403,-59.593475341796875,-11.320263862609863,-291.0464782714844,1.9314695596694946,2.976327657699585,25.165857315063477,0.07603108180023466,-0.4575574407018487,0.8859235085822368,-0.5202218639836642,0.7397806989559251,0.42672441890012003,-0.850640045397375,-0.49332109818115155,-0.1817850578449579,-19.90612030029297,5.266677379608154,-1.3062676191329956
3.74,0.8568400483210408,2.535281791060025,1.2674534645554911,0.39930810480351403,-59.57439041137695,-11.29062271118164,-290.79437255859375,1.8869119882583618,2.950848340988159,25.254636764526367,0.03595967718574383,-0.6226182593512969,0.7816990499796314,-0.5562141962191084,0.6373849623994192,0.533259953148014,-0.8302606033896996,-0.45396796454094884,-0.32338895718549143,-19.776872634887695,5.926403999328613,-1.2449235916137695
3.75,0.12303935146763037,2.525165883803745,0.3559724105076261,0.044024794298324885,-59.55571746826172,-11.261262893676758,-290.5413818359375,1.848331332206726,2.919926881790161,25.339073181152344,0.00014000681772913248,-0.7640708664796669,0.6451323053413945,-0.5988063579648168,0.5166184352683636,0.611993740165518,-0.8008938294549427,-0.3863950094629574,-0.457458162680609,-19.806930541992188,6.432067394256592,-1.171096920967102
3.76,1.789271181432057,3.0171284510639076,4.0646027557481235,2.77030986893585,-59.537384033203125,-11.232222557067871,-290.28765869140625,1.8210052251815796,2.889617443084717,25.406845092773438,-0.028242432377314275,-0.8764579884773993,0.4806493102539147,-0.6466048677116156,0.3827108557490071,0.6598746441131882,-0.7623021120691305,-0.29215371865854073,-0.577530687157773,-19.956825256347656,6.940197944641113,-1.0905470848083496
3.77,1.789271181432057,3.0171284510639076,4.0646027557481235,2.77030986893585,-59.519325256347656,-11.203556060791016,-290.03326416015625,1.7870033979415894,2.8343379497528076,25.475595474243164,-0.046208825835492656,-0.9546882975365402,0.2939982975489616,-0.6974891382907088,0.24152480937182808,0.6746663385884808,-0.7151039409634026,-0.17388507987945606,-0.6770452958361984,-20.03644371032715,7.169236183166504,-1.0047693252563477
3.78,2.162559332963694,2.5265324908680635,3.051382066167782,1.3234527136484193,-59.50162887573242,-11.175615310668945,-289.77813720703125,1.755475401878357,2.752352476119995,25.550081253051758,-0.050760837222784475,-0.9942031035105532,0.09478146640786922,-0.746935203243333,0.1007909471470172,0.6572130454647471,-0.6629563632399063,-0.03743492945353649,-0.7477215300474677,-19.980792999267578,7.111196041107178,-0.9186469316482544
3.79,2.162559332963694,2.5265324908680635,3.051382066167782,1.3234527136484193,-59.484153747558594,-11.14848804473877,-289.5223388671875,1.743537425994873,2.6756210327148438,25.60371208190918,-0.04155934282789024,-0.9933745903639087,-0.10714356836996841,-0.7924384799150918,-0.0325417226342674,0.6090831567510736,-0.6085343676190954,0.11021778217388792,-0.7858358377670853,-19.81235694885254,7.159931182861328,-0.8341895341873169
3.8,2.356924604790678,2.528288313707883,2.717032830729993,2.7138985828146835,-59.466705322265625,-11.12206745147705,-289.26611328125,1.7490819692611694,2.6095497608184814,25.63732147216797,-0.018910845004195705,-0.953234716046502,-0.30163878408615163,-0.833191867537286,-0.15173861183620205,0.5317581269221487,-0.5526605574952467,0.2613789773523631,-0.7913579078945733,-19.55364990234375,7.335732460021973,-0.7500203251838684
3.81,0.8585475163842069,1.0649809495120117,3.571170489802491,1.9006758657623517,-59.44911193847656,-11.096278190612793,-289.00958251953125,1.7728362083435059,2.5487473011016846,25.668333053588867,0.016693596541285646,-0.8768756495244804,-0.48042732968216656,-0.8674683653041243,-0.2516426327862096,0.4291557066625295,-0.4972121871305117,0.40959135810640007,-0.7648627068523132,-19.404115676879883,7.4545392990112305,-0.668860912322998
3.82,0.8585475163842069,1.0649809495120117,3.571170489802491,1.9006758657623517,-59.43120574951172,-11.07104206085205,-288.75274658203125,1.8078843355178833,2.5017435550689697,25.693971633911133,0.06344591999070197,-0.7681699120276826,-0.6370946566185559,-0.8930424080255126,-0.3286585038618251,0.3073415775766444,-0.4454771292721179,0.5494529771460783,-0.7068603491502291,-19.242420196533203,7.297388553619385,-0.588127613067627
3.83,1.1359695976677233,2.490479856199171,1.65776765295598,2.9369512944360907,-59.412933349609375,-11.04619312286377,-288.4956970214844,1.8485714197158813,2.4702794551849365,25.71923828125,0.11734564356473157,-0.6331915909540318,-0.7650479782872976,-0.9083387023062375,-0.3798397682326813,0.1750501424208615,-0.4014359249357236,0.6743813161810204,-0.6197249700931495,-18.98664665222168,6.923727989196777,-0.5085659027099609
3.84,1.1359695976677233,2.490479856199171,1.65776765295598,2.9369512944360907,-59.394195556640625,-11.021599769592285,-288.2383117675781,1.9010051488876343,2.450486183166504,25.759103775024414,0.17524063348112687,-0.4778511452556201,-0.8607839469663834,-0.9137601654309567,-0.4044270020159984,0.03848584300677649,-0.3665147752120288,0.7798057982717517,-0.507513385570304,-19.038253784179688,6.6853837966918945,-0.43624943494796753
3.85,2.6402453592952324,2.8943981644227343,1.0697176407474585,3.665816360395617,-59.374874114990234,-10.997142791748047,-287.98046875,1.9643268585205078,2.4432919025421143,25.8154354095459,0.23620947495430072,-0.3052064672243667,-0.9225259325928108,-0.9100983432216183,-0.4021502459655241,-0.0999809248563649,-0.34047920583653735,0.8632057645974627,-0.37275959861367863,-19.385366439819336,6.596739292144775,-0.3677942752838135
3.86,3.2004371087251213,1.1134018918762527,0.7015575321976346,1.8225158204387104,-59.3548583984375,-10.972686767578125,-287.72198486328125,2.0425803661346436,2.4507992267608643,25.887481689453125,0.29883007491220503,-0.12061505894702146,-0.9466533652204341,-0.8976757302265921,-0.3721629898729319,-0.2359512499034383,-0.32385007285798273,0.9202970805799867,-0.2194867052598693,-19.79387855529785,6.641281604766846,-0.3035733103752136
3.87,3.2004371087251213,1.1134018918762527,0.7015575321976346,1.8225158204387104,-59.33403778076172,-10.948089599609375,-287.4627380371094,2.116650104522705,2.4695546627044678,25.964616775512695,0.3623492742882908,0.0677793353657068,-0.9295746151440086,-0.8764173405258949,-0.31461483487278374,-0.3645684447445885,-0.3171681709255615,0.9467964234065069,-0.054597472252658125,-19.934053421020508,6.85972261428833,-0.24286800622940063
3.88,3.9524867778878727,1.0032659203146101,1.1838393459744652,3.3534284805311785,-59.312564849853516,-10.9232759475708,-287.2027282714844,2.176812171936035,2.4944374561309814,26.039533615112305,0.42526226219979235,0.248197381601312,-0.8703735221816941,-0.8461490858559159,-0.2322806571547833,-0.479663862321251,-0.32122224837939395,0.9404486993334591,0.1112317898268845,-19.80842399597168,7.146023750305176,-0.18164171278476715
3.89,3.9524867778878727,1.0032659203146101,1.1838393459744652,3.3534284805311785,-59.290489196777344,-10.89815902709961,-286.9420166015625,2.240788221359253,2.5324361324310303,26.102758407592773,0.48457061035260374,0.4115475097667795,-0.771893756152534,-0.8074245023470308,-0.12905392709850377,-0.5756828614003577,-0.3365367685590307,0.902204927444545,0.2697578030430794,-19.663516998291016,7.336454391479492,-0.12220381200313568
3.9,3.8242230875659686,2.719160482792502,0.44567620490307025,3.300487843956619,-59.26776123046875,-10.872587203979492,-286.6807861328125,2.3037497997283936,2.5830259323120117,26.141950607299805,0.5364231506857576,0.5508281534815701,-0.6394048394721837,-0.7620152352985422,-0.009522096657568202,-0.64748908164397,-0.36274368992619654,0.8345643624115087,0.414631571894133,-19.530824661254883,7.429018020629883,-0.06537254899740219
3.91,2.4095611768985634,1.1826090578116875,0.1626647514130637,3.1570412728868202,-59.24445343017578,-10.846473693847656,-286.41925048828125,2.355530261993408,2.64103627204895,26.14923095703125,0.5783796028061078,0.6606301166116282,-0.47858633921535554,-0.71147559165359,0.12148912408033374,-0.6921292330275951,-0.3990983807772499,0.7408159297395674,0.5402890344112838,-19.59759521484375,7.662849426269531,-0.005747547373175621
3.92,2.4095611768985634,1.1826090578116875,0.1626647514130637,3.1570412728868202,-59.22072982788086,-10.819791793823242,-286.1578063964844,2.3847153186798096,2.691617012023926,26.130098342895508,0.6087506135698526,0.7369273252077534,-0.29387209435479567,-0.6567008040039372,0.2602056846459602,-0.7078397104560534,-0.4451592349922783,0.6238838986863446,0.6423411371389944,-19.85089111328125,7.861303806304932,0.058897558599710464
3.93,0.2844010135611194,2.56428781421827,0.9649628135788009,1.5720849527341265,-59.19683074951172,-10.792678833007812,-285.8966979980469,2.3922667503356934,2.730267286300659,26.088211059570312,0.6247899895186384,0.7751995920649585,-0.09329020023358436,-0.600987035513851,0.40118885351413325,-0.691275695334567,-0.49844964855196117,0.48796833532344885,0.7165436843487556,-20.13558006286621,7.9057111740112305,0.12562254071235657
3.94,0.2844010135611194,2.56428781421827,0.9649628135788009,1.5720849527341265,-59.17293930053711,-10.765223503112793,-285.6361083984375,2.383768320083618,2.758620262145996,26.026954650878906,0.6252493984572202,0.7720353901195242,0.11412513365546745,-0.5472653013181564,0.5379909076883351,-0.6411446585738889,-0.556384650850499,0.33841858643944955,0.7588866718096273,-20.515296936035156,7.918817520141602,0.2053002268075943
3.95,1.7203234131121372,2.581411100381838,3.5839199830341,0.4641097390183462,-59.14919662475586,-10.737539291381836,-285.37615966796875,2.3625476360321045,2.777390956878662,25.953922271728516,0.6099305656378861,0.7253271928274593,0.31919456205531765,-0.4980739494137666,0.6641693679382357,-0.5574956426806376,-0.6163660000486895,0.18105113652656846,0.7663637778146987,-20.98208999633789,7.913434982299805,0.2974032759666443
3.96,3.1336218970982013,3.3169831222029607,2.613552710276364,0.18984154814186951,-59.12574005126953,-10.709671974182129,-285.1170349121094,2.3249804973602295,2.7969777584075928,25.86610984802246,0.5793805885309911,0.6353889985564621,0.5104889363609151,-0.45585831110109,0.7718155759040831,-0.44327634382167325,-0.6756562245946856,0.024115084599988318,0.7368223183788551,-21.07227325439453,7.883519649505615,0.39677220582962036
3.97,3.1336218970982013,3.3169831222029607,2.613552710276364,0.18984154814186951,-59.102760314941406,-10.681605339050293,-284.85882568359375,2.2669198513031006,2.815995216369629,25.77503776550293,0.534658874182731,0.5082114022069243,0.6751748358199721,-0.42232685970384576,0.8527211537971999,-0.3074193511141743,-0.7319698845105189,-0.12077998399421833,0.6705462576407488,-20.806331634521484,8.064066886901855,0.49759840965270996
3.98,1.0641876952046265,2.446612458732845,1.4987705444252994,0.11405509370539904,-59.080448150634766,-10.653383255004883,-284.6014709472656,2.193936586380005,2.8267695903778076,25.70332145690918,0.4756174576421613,0.3518642876653835,0.8062130965518604,-0.3982356404101139,0.9033413346590855,-0.1593198286576051,-0.7843445726803708,-0.2452874969542362,0.5697698089095036,-20.50042724609375,8.442850112915039,0.5986424088478088
3.99,1.0641876952046265,2.446612458732845,1.4987705444252994,0.11405509370539904,-59.05885696411133,-10.625112533569336,-284.3446350097656,2.12839937210083,2.8253321647644043,25.67454719543457,0.4037354547143852,0.17441383932173235,0.8980965957287789,-0.38518146686982146,0.9228209627373575,-0.0060587385246049785,-0.8298390929490979,-0.34348403658037713,0.4397565194830759,-20.370149612426758,8.711751937866211,0.7024524211883545
4.0,2.0096507836891595,0.3393082412395979,1.192142643197812,0.7411692637178875,-59.037841796875,-10.596899032592773,-284.087890625,2.0755505561828613,2.8163514137268066,25.688674926757812,0.3229540822001548,-0.01708674385120293,0.9462603785295138,-0.3844937368794684,0.9112382381150905,0.14768019399150176,-0.8647920137759817,-0.41152511051145935,0.2877183628616939,-20.408836364746094,8.851627349853516,0.8084859848022461
4.01,0.67816570420437,2.393608283899889,3.0617793252938847,0.32835024195233875,-59.01732635498047,-10.568798065185547,-283.830810546875,2.0289065837860107,2.8032631874084473,25.735654830932617,0.23758919429804032,-0.21336349934643162,0.9476430719946477,-0.39654339525840254,0.8692790391702676,0.2951394377851843,-0.8867382423408535,-0.4459035424908189,0.12192342008159057,-20.31656265258789,8.853067398071289,0.9078941345214844
4.02,0.67816570420437,2.393608283899889,3.0617793252938847,0.32835024195233875,-58.99728012084961,-10.540857315063477,-283.5731201171875,1.9784598350524902,2.7829785346984863,25.80612564086914,0.15303207644560402,-0.40313405165922533,0.9022550193662345,-0.42042853178974726,0.7997019620107496,0.428621769877914,-0.894327139941456,-0.44492663254628295,-0.047109005669411674,-20.168577194213867,8.688421249389648,1.0095279216766357
4.03,1.9972589280934374,3.3227003456465285,2.1482727778567816,3.4041031518588145,-58.9777717590332,-10.513171195983887,-283.31463623046875,1.9237689971923828,2.7527804374694824,25.891624450683594,0.07397819947441331,-0.5776271146443585,0.812941659917953,-0.4541733018029358,0.7062166790122328,0.5431248606115835,-0.8878366054246373,-0.40939579713593277,-0.21009817551680648,-20.085668563842773,8.443277359008789,1.1175780296325684
4.04,1.9972589280934374,3.3227003456465285,2.1482727778567816,3.4041031518588145,-58.958839416503906,-10.48586654663086,-283.0552673339844,1.858492136001587,2.7028465270996094,25.987638473510742,0.003815367436829642,-0.7294492499247809,0.6840242939804819,-0.49566579210125333,0.5927076242814013,0.6348331234736688,-0.8685049599812078,-0.3414695651194584,-0.3593016428923876,-20.293188095092773,8.17487621307373,1.215715765953064
4.05,3.321467431434398,2.35261929192682,3.593736825987546,1.839923928965303,-58.94060134887695,-10.459178924560547,-282.7948913574219,1.7912832498550415,2.6322600841522217,26.088008880615234,-0.054785468674922594,-0.8530531555312366,0.5189401374535111,-0.542855385121334,0.4616471233900804,0.7015625163236929,-0.8380373400194273,-0.24327401691069228,-0.4883760532922341,-20.762731552124023,7.887996673583984,1.3047754764556885
4.06,1.4195817671544149,4.136849524744682,3.907967835647273,3.6823059933008717,-58.92296600341797,-10.433255195617676,-282.5335388183594,1.738710641860962,2.5511579513549805,26.181720733642578,-0.09980301309500386,-0.9404611491600602,0.32491873675997407,-0.5935944976765167,0.3183506977020055,0.7391200211067279,-0.7985517709612334,-0.11910356918743087,-0.5900249222715025,-20.8638858795166,7.611753940582275,1.3925690650939941
4.07,1.4195817671544149,4.136849524744682,3.907967835647273,3.6823059933008717,-58.9057731628418,-10.408198356628418,-282.2712707519531,1.7032275199890137,2.4571802616119385,26.26955795288086,-0.13016724325419943,-0.9848481197877166,0.1145891344508782,-0.6453684813094416,0.17189666706626222,0.7442788853540423,-0.7526991511327399,0.02292851504371729,-0.657965250664458,-20.994287490844727,7.190718650817871,1.482194185256958
4.08,3.685412171273814,0.07928008386128861,3.255199068063605,1.2912419779983004,-58.888824462890625,-10.384134292602539,-282.0081787109375,1.6907062530517578,2.355724573135376,26.351421356201172,-0.14573420934766837,-0.9837765626313099,-0.10461938177572266,-0.6945602718807994,0.026434072495210535,0.7189487245528627,-0.7045193886265162,0.17743989018437312,-0.6871444654660892,-21.443716049194336,6.60459041595459,1.571306824684143
4.09,3.685412171273814,0.07928008386128861,3.255199068063605,1.2912419779983004,-58.871883392333984,-10.361021995544434,-281.74432373046875,1.7005531787872314,2.2727737426757812,26.411041259765625,-0.14783184272875,-0.9354933329198704,-0.3209329686054314,-0.7391638754166595,-0.11109017169712526,0.6643009401102247,-0.6571015991111628,0.3354268889262993,-0.6750602125964593,-21.31511878967285,6.063136577606201,1.6465703248977661
4.1,1.6560725795458824,2.459467347674454,3.318791239340161,2.6798369411826553,-58.85476303100586,-10.338615417480469,-281.4799499511719,1.7251595258712769,2.2101051807403564,26.455615997314453,-0.13835579502345205,-0.8448553096094324,-0.5167951042803896,-0.7785637322642274,-0.22973368768483213,0.5840042358969021,-0.6121243246156984,0.48315829555900025,-0.6259887160694646,-20.613401412963867,5.592996597290039,1.7065491676330566
4.11,0.01796091608663852,1.4542660905895022,0.7376455423752005,0.9423727261583618,-58.83730697631836,-10.316803932189941,-281.21514892578125,1.7693761587142944,2.152862071990967,26.50888442993164,-0.11987568758013817,-0.7198730373677268,-0.6836758220078818,-0.8120494898381861,-0.3250726481437096,0.4846683396740268,-0.5711439797290443,0.6132785529429507,-0.5456042255330046,-20.268224716186523,5.056190013885498,1.7641503810882568
4.12,0.01796091608663852,1.4542660905895022,0.7376455423752005,0.9423727261583618,-58.81938171386719,-10.295485496520996,-280.9497985839844,1.809568166732788,2.1169328689575195,26.55912971496582,-0.09534412224324362,-0.5646175544371441,-0.8198271254204049,-0.8391601172460796,-0.3974247711039106,0.37130021402707336,-0.5354622264709358,0.7233675196844431,-0.43591241722204405,-20.428340911865234,4.5556960105896,1.8205777406692505
4.13,0.0639003935035145,1.5506838790050106,0.6471569084821048,3.0966593868701353,-58.8011589050293,-10.274407386779785,-280.6839294433594,1.835156798362732,2.1003541946411133,26.610782623291016,-0.06619587653818589,-0.3832736458648278,-0.9212596910289865,-0.8604981787198507,-0.44548040196720834,0.24716410718984727,-0.5051346259653569,0.8091035309826654,-0.30031730852919863,-20.743589401245117,4.137675762176514,1.8731211423873901
4.14,0.0639003935035145,1.5506838790050106,0.6471569084821048,3.0966593868701353,-58.78263854980469,-10.253463745117188,-280.4175109863281,1.87124502658844,2.088798999786377,26.678606033325195,-0.03449498198925616,-0.1819376695026349,-0.9827048288440996,-0.8763405566343743,-0.4672018411808921,0.11725898001833251,-0.48045533092610815,0.8652289431203366,-0.1433232394678176,-21.250892639160156,3.5834100246429443,1.9172778129577637
4.15,3.1127191057705095,4.164711637418848,0.8966411375113384,2.294523409387635,-58.76369094848633,-10.232611656188965,-280.15032958984375,1.919025182723999,2.082857370376587,26.754953384399414,-0.003710265218380443,0.03315161921479659,-0.9994434471621924,-0.8871386099542721,-0.4613467863323486,-0.012009557411322536,-0.4614881587434404,0.8866003118002221,0.03112180032288847,-21.914447784423828,2.8880655765533447,1.9514800310134888
4.16,4.080833965951161,3.6798336935468505,2.8548218669440626,0.8071625908053383,-58.74417495727539,-10.211779594421387,-279.8824157714844,1.9917930364608765,2.085315465927124,26.82355499267578,0.02546546661555385,0.2523037300745458,-0.9673129471895447,-0.8939702550159472,-0.4273112217457955,-0.13499001043350628,-0.44740216042926595,0.8681865856833926,0.21467035026439732,-22.476619720458984,2.586681365966797,1.980507493019104
4.17,4.080833965951161,3.6798336935468505,2.8548218669440626,0.8071625908053383,-58.72380065917969,-10.190862655639648,-279.61395263671875,2.085345506668091,2.100250005722046,26.862407684326172,0.056981110314717615,0.4615674599442356,-0.885273196808719,-0.8968739682631417,-0.36588071635588587,-0.24849222613761796,-0.4386003170532681,0.8081378479687302,0.39311954996062254,-22.558988571166992,2.668856143951416,2.014129400253296
4.18,2.6762934529811506,3.2036183961370535,2.0178320036189206,0.06373281553517812,-58.70249557495117,-10.169737815856934,-279.34539794921875,2.1734678745269775,2.1263716220855713,26.858617782592773,0.09084243813035772,0.6452061948540951,-0.7585885693552411,-0.895300555770067,-0.2806623289271743,-0.34592711943266863,-0.4361015549987656,0.7105896306892424,0.5521574145880727,-22.28070831298828,2.801517963409424,2.0526270866394043
4.19,2.6762934529811506,3.2036183961370535,2.0178320036189206,0.06373281553517812,-58.680423736572266,-10.148329734802246,-279.0769958496094,2.233638286590576,2.154143810272217,26.8172550201416,0.12527470382031997,0.7935266373144756,-0.5955012379962881,-0.8890035093568478,-0.17667480242900008,-0.4224438122849983,-0.44043048138604135,0.5823242138697775,0.6833150817939009,-22.034208297729492,2.9180049896240234,2.0943691730499268
4.2,0.19602111297330627,0.30202416708449487,3.0702542437152647,0.0900737276950602,-58.65790939331055,-10.126662254333496,-278.8091735839844,2.266464948654175,2.179358959197998,26.741682052612305,0.15815577203222925,0.9007048424244687,-0.404620239985598,-0.8781427258179751,-0.05907062394970247,-0.4747378376316445,-0.45149983927557097,0.43039684968562003,0.7816050453488819,-21.857147216796875,3.0111279487609863,2.1385722160339355
4.21,0.9294681521204405,2.6654297777635434,3.818628281519114,4.081483038927258,-58.635189056396484,-10.104775428771973,-278.542236328125,2.2741971015930176,2.1948163509368896,26.647558212280273,0.18719432465392916,0.9625159885271414,-0.19626832818103657,-0.8638559759627592,0.06617849380139851,-0.49937286645512385,-0.46766562585974614,0.2630273346779722,0.8438634271026407,-21.578489303588867,2.6496078968048096,2.183379888534546
4.22,0.9294681521204405,2.6654297777635434,3.818628281519114,4.081483038927258,-58.612464904785156,-10.08273696899414,-278.2763366699219,2.268521785736084,2.218064069747925,26.51384735107422,0.2107980875165853,0.977370237860462,0.017651754698440825,-0.8498813399684116,0.19216348262233057,-0.4906881941925588,-0.48297605973054925,0.08843423596685362,0.8711564220254085,-21.5594539642334,1.7553231716156006,2.21846342086792
4.23,1.6654827081812755,2.6047565048796315,0.6943092569527554,1.1989030997987442,-58.589874267578125,-10.060378074645996,-278.0120544433594,2.2445006370544434,2.2536163330078125,26.34178352355957,0.23098757850261264,0.9454278564324796,0.22980623764159705,-0.8384058213098604,0.313257612280497,-0.4460328991700728,-0.4936804810514974,-0.08964282810023705,0.8650108357696762,-21.85292625427246,0.6881017684936523,2.239532709121704
4.24,1.6654827081812755,2.6047565048796315,0.6943092569527554,1.1989030997987442,-58.5676155090332,-10.037714004516602,-277.74945068359375,2.2055256366729736,2.2748305797576904,26.19023895263672,0.2505368430897081,0.86703367551512,0.4306784134100344,-0.8288784270090546,0.4219598787595447,-0.3673015300216234,-0.5001918067038266,-0.26495748006042746,0.8243820050597841,-22.129364013671875,0.05079612135887146,2.2473230361938477
4.25,3.0924352647692532,3.6415263215705456,3.3959193023277905,1.4641091019628383,-58.5457763671875,-10.014924049377441,-277.4881286621094,2.161388874053955,2.2818567752838135,26.074399948120117,0.2691240402098791,0.7448481198553573,0.6105518236227377,-0.8185468125241305,0.510942811898301,-0.2625234440503231,-0.5074971592902734,-0.4291138791945521,0.7472000481764614,-22.363994598388672,-0.16673332452774048,2.2486963272094727
4.26,0.6600160840312543,2.0428660342216487,3.1233493449540295,1.9503720276851872,-58.52446746826172,-9.992074966430664,-277.2278747558594,2.0934996604919434,2.28837251663208,25.972999572753906,0.2859590666655336,0.5844569170729048,0.7593665282835506,-0.8067916628263252,0.5744230742016433,-0.13829441282519844,-0.5170247817906893,-0.5731040428319878,0.6357964541454451,-22.372526168823242,-0.36388710141181946,2.251446485519409
4.27,0.6600160840312543,2.0428660342216487,3.1233493449540295,1.9503720276851872,-58.50394058227539,-9.969182968139648,-276.9685363769531,2.0135536193847656,2.287996292114258,25.909215927124023,0.30176601006742665,0.395467198779183,0.8674923457055581,-0.7937530377158625,0.6082390624853284,-0.0011653256236072163,-0.5281035791251807,-0.6882230289351807,0.4974491654013091,-22.29450225830078,-0.8779972791671753,2.254476547241211
4.28,2.8321355511545954,1.228607334199064,0.38076263406580707,3.079049435702675,-58.48418045043945,-9.946345329284668,-276.7094421386719,1.9393625259399414,2.2780985832214355,25.89666748046875,0.3198190480438653,0.18736511521678467,0.9287680496809291,-0.7789663841785098,0.6100301957043132,0.14517070175767388,-0.5393766298498425,-0.769907445040479,0.34105040278977494,-22.28709602355957,-1.667512059211731,2.250122547149658
4.29,1.081360886340034,0.09119116769232387,0.2098241764659812,3.6941128827514427,-58.465152740478516,-9.923649787902832,-276.4503479003906,1.8666613101959229,2.2598519325256348,25.924760818481445,0.3404756121441242,-0.02936074197412336,0.9397948203548545,-0.761102877907972,0.5782746569746264,0.29380406794508657,-0.5520858327971174,-0.8153136622991224,0.17454187260685067,-22.34330940246582,-2.287328004837036,2.223696708679199
4.3,1.081360886340034,0.09119116769232387,0.2098241764659812,3.6941128827514427,-58.446800231933594,-9.901165962219238,-276.1908264160156,1.807498812675476,2.2369401454925537,25.985706329345703,0.36131637887519086,-0.2443875754121832,0.8998473133485891,-0.7394979304829428,0.5127265751168735,0.43618146450802553,-0.5679729616521938,-0.8230347332604351,0.0045324032212537,-22.560182571411133,-2.946406602859497,2.177690267562866
4.31,3.1225009189215633,2.8647938463352456,2.9699281890471245,0.9567279422090518,-58.428958892822266,-9.878921508789062,-275.9305725097656,1.761777400970459,2.21111798286438,26.06523895263672,0.38266174802942066,-0.44733035617463845,0.8083721538003026,-0.712478095640058,0.4141448723114898,0.5664441613885846,-0.5881708508827899,-0.7927039656661065,-0.16023567951315937,-22.871023178100586,-3.788327217102051,2.120025634765625
4.32,3.1225009189215633,2.8647938463352456,2.9699281890471245,0.9567279422090518,-58.411598205566406,-9.85700798034668,-275.6694641113281,1.7056994438171387,2.1657586097717285,26.1550350189209,0.40182120422598083,-0.625539984106448,0.6687596340378863,-0.6794593967186344,0.2859335630769449,0.6757047622422623,-0.6139011712361624,-0.7259075187585728,-0.3101348515801478,-22.817096710205078,-4.3161187171936035,2.064548969268799
4.33,3.4099146423542153,0.644537854790298,2.353172245233069,0.9673453755475029,-58.39484786987305,-9.835676193237305,-275.4074401855469,1.646599292755127,2.098217248916626,26.249425888061523,0.41335693758688824,-0.7658848211525346,0.4925002364232317,-0.6433263146221193,0.13713859231802078,0.7532093065089898,-0.6444123641454368,-0.62818265434918,-0.4360266708715273,-22.4202938079834,-4.522939205169678,2.01670241355896
4.34,3.9690044249441945,3.5446491300748857,1.5231386059522394,2.1194025074247325,-58.378604888916016,-9.815044403076172,-275.14453125,1.606835126876831,2.0301809310913086,26.332189559936523,0.4152730458455107,-0.8614811305784746,0.2922303185013933,-0.6061886332393283,-0.022531199490744752,0.7950016892943963,-0.6782946545017348,-0.5072894703290634,-0.5315766689459112,-21.830320358276367,-4.759211540222168,1.9631003141403198
4.35,3.9690044249441945,3.5446491300748857,1.5231386059522394,2.1194025074247325,-58.362667083740234,-9.7951078414917,-274.880859375,1.582342267036438,1.9525998830795288,26.407730102539062,0.40709549783105753,-0.9098426836618272,0.0803713047842784,-0.5694683335114608,-0.18403033941579344,0.8011483328960919,-0.7141281907146384,-0.37191279241450104,-0.593044519462987,-21.430601119995117,-4.834537506103516,1.903780221939087
4.36,3.8838093997504433,0.46587693359689,2.067005334662699,2.7573790762327612,-58.346893310546875,-9.776028633117676,-274.6164245605469,1.5755265951156616,1.8628751039505005,26.481536865234375,0.3886854682324312,-0.9115589518797537,-0.13410400453685345,-0.5367200384830945,-0.3423110984852962,0.7712034181358998,-0.7489026686263317,-0.22777925520484665,-0.6223033053284259,-21.323667526245117,-4.702606678009033,1.8454556465148926
4.37,3.8838093997504433,0.46587693359689,2.067005334662699,2.7573790762327612,-58.33108901977539,-9.757819175720215,-274.35125732421875,1.5887383222579956,1.782347559928894,26.543800354003906,0.36117685810902767,-0.8677652305754586,-0.34137191122119626,-0.5092911017236095,-0.4902279305710371,0.7073182804036597,-0.7811362562777656,-0.0816093174359368,-0.6190040940381552,-21.038040161132812,-4.829816818237305,1.7822821140289307
4.38,3.232492346762738,2.3982878676710953,2.189648533530195,2.0616155512846563,-58.315067291259766,-9.740341186523438,-274.0855407714844,1.6186261177062988,1.7148157358169556,26.598840713500977,0.32466761441197894,-0.7827474832188436,-0.5309400320814026,-0.485742298628124,-0.6196551313976444,0.6165078567674823,-0.8115696886130612,0.057739896493970044,-0.5813955150131147,-20.549104690551758,-5.211748123168945,1.7114629745483398
4.39,4.091583308769202,3.898762060216959,0.20393785150688962,2.568599705791166,-58.29865646362305,-9.723494529724121,-273.81927490234375,1.666568636894226,1.6555694341659546,26.658554077148438,0.27943275622418295,-0.6627638168929914,-0.6947384095948557,-0.4668921943977703,-0.726048075625155,0.5048424216440647,-0.8390047756475469,0.18329843124926706,-0.5123208677598119,-20.165437698364258,-5.481484889984131,1.6438202857971191
4.4,4.091583308769202,3.898762060216959,0.20393785150688962,2.568599705791166,-58.28166580200195,-9.70720100402832,-273.5523376464844,1.7345846891403198,1.6049131155014038,26.72870445251465,0.22817910222658308,-0.5132354586316792,-0.8273594510913622,-0.45512551492821035,-0.80744342788336,0.3753609948160576,-0.8606945236077674,0.2909028614006726,-0.41782826886233915,-20.1464900970459,-5.354703426361084,1.5780373811721802
4.41,3.239290704940425,3.2897570743782873,0.6426197952878189,2.5042229389786184,-58.26390838623047,-9.691353797912598,-273.28466796875,1.8191044330596924,1.5672309398651123,26.807653427124023,0.17621792784960782,-0.33829756367057795,-0.9243927738353117,-0.45233870780600327,-0.861892918766168,0.22919487341808298,-0.8742636532103949,0.37775038715438414,-0.30490606697789285,-20.376209259033203,-4.954263687133789,1.5125021934509277
4.42,3.239290704940425,3.2897570743782873,0.6426197952878189,2.5042229389786184,-58.24526596069336,-9.675800323486328,-273.01617431640625,1.9090938568115234,1.5467076301574707,26.889997482299805,0.12695640390198745,-0.14443704181059547,-0.9813358306213422,-0.4580801624818259,-0.8860587073311833,0.0711514715463881,-0.8797980656087505,0.440497341780398,-0.17865457070980253,-20.628206253051758,-4.635423183441162,1.4516164064407349
4.43,1.384864979013447,1.5577354251604467,1.6763738645966244,3.5804891063641597,-58.22572326660156,-9.66036605834961,-272.7468566894531,1.9997618198394775,1.5429260730743408,26.9721736907959,0.08144969874909047,0.05989207295640481,-0.9948763170217022,-0.4710911834984714,-0.8773380487657977,-0.09138405231675725,-0.8783160270675306,0.4761206651520252,-0.043244292241879485,-20.872512817382812,-4.421204090118408,1.3942025899887085
4.44,4.057564189792531,1.8302830419486702,2.0682590319658627,0.2406621778692344,-58.20529556274414,-9.64489459991455,-272.4767761230469,2.08355712890625,1.5535860061645508,27.049217224121094,0.03993089100389241,0.26545704663703573,-0.9632954273401166,-0.49048902577251585,-0.8347113120133116,-0.25035483057801,-0.8705320439480464,0.48248272713928164,0.0968730017697294,-21.13134765625,-4.608637809753418,1.3375673294067383
4.45,4.057564189792531,1.8302830419486702,2.0682590319658627,0.2406621778692344,-58.184085845947266,-9.629256248474121,-272.2059631347656,2.157303810119629,1.5759254693984985,27.11490821838379,0.0007112389726830759,0.46125694664915534,-0.8872663203948531,-0.516339352876114,-0.7596714711723034,-0.3953390046003359,-0.8563837730892615,0.4584116982089428,0.23762480538570394,-20.92915153503418,-4.746384143829346,1.2801753282546997
4.46,0.5018004191627854,0.6541336110103211,0.17691228839197753,2.557210797564891,-58.16217803955078,-9.613341331481934,-271.9345397949219,2.222515106201172,1.6084587574005127,27.161510467529297,-0.031188511499635196,0.6333121371459104,-0.7732677503259247,-0.5465640461541293,-0.6585348752481359,-0.5173002624526193,-0.8368363162542982,0.4065065251943707,0.366684366686575,-20.29402732849121,-4.539208889007568,1.2270622253417969
4.47,0.5018004191627854,0.6541336110103211,0.17691228839197753,2.557210797564891,-58.13972091674805,-9.59709644317627,-271.6627502441406,2.262423038482666,1.6377403736114502,27.191516876220703,-0.05453997287720211,0.7754068217457956,-0.6291022588964674,-0.5794511204535596,-0.5376781615460992,-0.6124855864438945,-0.8131800479375206,0.3311290615250962,0.47863530401532295,-20.108861923217773,-4.626461505889893,1.1735395193099976
4.48,1.9625799966561126,3.0749162000204575,0.010974090631953719,1.4032065537988583,-58.11699295043945,-9.580608367919922,-271.3908386230469,2.2804882526397705,1.6594090461730957,27.20412826538086,-0.07123695772793448,0.8864484775828013,-0.4573121389650645,-0.6160993655712627,-0.3996677261843541,-0.6787394790266115,-0.7844404805951541,0.23339838310871427,0.57461145756579,-20.385353088378906,-5.02887487411499,1.1135870218276978
4.49,1.517199715269574,0.5588698273770483,0.3686281226876555,0.17025041582183312,-58.09412384033203,-9.563881874084473,-271.1189270019531,2.2926478385925293,1.6884503364562988,27.18453025817871,-0.07973413298896637,0.9615485755997115,-0.26280564072839807,-0.6554442120501365,-0.24920915749586459,-0.7129429715693797,-0.7510228711074476,0.11540854640089437,0.6501119245877274,-20.723283767700195,-5.107644081115723,1.0526500940322876
4.5,1.517199715269574,0.5588698273770483,0.3686281226876555,0.17025041582183312,-58.07118606567383,-9.546860694885254,-270.8472595214844,2.29254412651062,1.7120941877365112,27.145320892333984,-0.07772332662780046,0.9954848853215325,-0.05448786648680082,-0.6932910520353365,-0.09324292313135008,-0.7146000800823195,-0.7164541867179258,-0.01776514515269545,0.6974079136001103,-20.790170669555664,-4.99320650100708,0.9943888187408447
4.51,3.6396778043632216,1.7933853855301385,1.6852778704407487,0.33465303707427313,-58.048309326171875,-9.529677391052246,-270.5760498046875,2.2818644046783447,1.7237131595611572,27.099227905273438,-0.06561377821069131,0.9857426273144938,0.15493968117960255,-0.7283377854546906,0.05882524632104219,-0.6826885532028684,-0.68206957298202,-0.15764219958623826,0.7140938555412288,-20.59998321533203,-4.954658031463623,0.936715304851532
4.52,3.6396778043632216,1.7933853855301385,1.6852778704407487,0.33465303707427313,-58.02558135986328,-9.512343406677246,-270.30535888671875,2.2596962451934814,1.7469511032104492,27.03116226196289,-0.04436497729250655,0.9339922156585949,0.3545282638647931,-0.7591423734249279,0.1991703244013734,-0.6197047996817673,-0.649410968232446,-0.29663061704247695,0.7001968804360647,-20.220216751098633,-4.784828186035156,0.8809833526611328
4.53,4.0375017177508115,1.6346644403841404,0.6684273772517378,0.36245803355275125,-58.003170013427734,-9.494711875915527,-270.0354309082031,2.220768451690674,1.7791624069213867,26.952505111694336,-0.01607992147801446,0.8452461027457291,0.5341352468414877,-0.7837126604931072,0.321083983839033,-0.5316949699826689,-0.6209153741920685,-0.4271581687328614,0.657267066706306,-19.69449234008789,-4.481320381164551,0.8295562267303467
4.54,0.6403867408523792,1.5011853669217419,3.1929624092069906,3.8863874881615086,-57.981201171875,-9.476783752441406,-269.7662353515625,2.171701431274414,1.805299997329712,26.88884925842285,0.016499212440847844,0.7261441673638113,0.6873444727299035,-0.8013208415283107,0.4207519949572105,-0.4252677599723347,-0.5980072615957029,-0.5437668681917323,0.5888165318125533,-19.19042205810547,-4.062289714813232,0.7799529433250427
4.55,0.6403867408523792,1.5011853669217419,3.1929624092069906,3.8863874881615086,-57.95978546142578,-9.458617210388184,-269.49755859375,2.1077160835266113,1.82817542552948,26.842967987060547,0.0517968847967884,0.5825860083183283,0.8111169001056909,-0.8125879809599201,0.4967330954161398,-0.3048885126038384,-0.5805323900738261,-0.6433115690161474,0.4991316151529115,-19.050317764282227,-4.213007926940918,0.7356020212173462
4.56,2.0819619567157983,2.7119911565848995,1.4820498768774724,0.18259535298150043,-57.93909454345703,-9.440240859985352,-269.2292785644531,2.0282185077667236,1.8456900119781494,26.819856643676758,0.09476517638014176,0.4175375575277834,0.9037045697568279,-0.8196203855075588,0.5479583274805866,-0.16722468419799424,-0.5650150307789,-0.7248476111558975,0.3941496614174716,-19.217357635498047,-4.960427761077881,0.689661979675293
4.57,2.0819619567157983,2.7119911565848995,1.4820498768774724,0.18259535298150043,-57.9192008972168,-9.421745300292969,-268.9610290527344,1.953947901725769,1.8511266708374023,26.830341339111328,0.1454463987896797,0.23657179059160455,0.9606659840836437,-0.8206426325696057,0.5712058623718899,-0.016417441981410874,-0.552621945536314,-0.7859756043849375,0.2772207326723447,-19.254215240478516,-5.225278377532959,0.640831470489502
4.58,1.0808631756473823,2.601584822620015,3.7475017969660764,2.017102049404722,-57.89999008178711,-9.403250694274902,-268.69256591796875,1.8888614177703857,1.8463817834854126,26.870710372924805,0.1960952932771134,0.04864974644783787,0.9793772705781586,-0.8141005116691249,0.5648274658149955,0.13494551034057684,-0.5466141169551254,-0.8237737165214551,0.15036579103571834,-19.140663146972656,-4.9735565185546875,0.5958123803138733
4.59,0.5863088911177209,4.0374787651493325,0.6963045625306931,2.411011414167152,-57.88146209716797,-9.384852409362793,-268.4235534667969,1.8124183416366577,1.8304181098937988,26.931516647338867,0.24381592237630995,-0.13830023367056027,0.9599098089729354,-0.8006754787659354,0.5297977301118432,0.2797018821375336,-0.5472408735636707,-0.8367720182552754,0.018439516432477765,-19.04448127746582,-5.003452777862549,0.5560724139213562
4.6,0.5863088911177209,4.0374787651493325,0.6963045625306931,2.411011414167152,-57.863746643066406,-9.366679191589355,-268.1538391113281,1.7343534231185913,1.803025484085083,27.008684158325195,0.2901115996032051,-0.31863165955352246,0.9023907830346217,-0.780247835794221,0.46723176832121754,0.41582182411444285,-0.5541196391701922,-0.8247231900471796,-0.11306230708905435,-19.392797470092773,-5.102588176727295,0.5142165422439575
4.61,1.686978175747757,2.0105184691900817,1.223191129897768,1.2361842900134294,-57.84674835205078,-9.348820686340332,-267.8833312988281,1.6668447256088257,1.767303705215454,27.094717025756836,0.33154560220110224,-0.4895076064900469,0.806510890719706,-0.7539484634122694,0.37641342255064164,0.5384000834342336,-0.5671324608761044,-0.7865718266707099,-0.2442652928856583,-20.131568908691406,-5.010040283203125,0.46856558322906494
4.62,1.686978175747757,2.0105184691900817,1.223191129897768,1.2361842900134294,-57.83036804199219,-9.331350326538086,-267.6119689941406,1.613000750541687,1.7269463539123535,27.17894744873047,0.36584757742647356,-0.6425651830453611,0.6732499800438633,-0.7232263280663385,0.25900343772160495,0.6402037938344883,-0.585746727248955,-0.7211291179714437,-0.36996427764159345,-20.555557250976562,-4.904603958129883,0.41917645931243896
4.63,2.2930196856264264,2.7385380677562474,0.6130881319382092,1.8699068921321746,-57.8144416809082,-9.314291954040527,-267.3398132324219,1.572310209274292,1.6837618350982666,27.252281188964844,0.3918934830736467,-0.7663385416544373,0.5090626066598842,-0.6894759477368624,0.1217139296281711,0.7140088492636658,-0.6091325105564149,-0.6308018380675655,-0.4806730964739134,-20.644681930541992,-4.804269313812256,0.3676949441432953
4.64,1.5999393419708714,1.8014039599876293,1.51943367485848,3.2946411149949975,-57.79888916015625,-9.297704696655273,-267.06695556640625,1.5386537313461304,1.631556749343872,27.31387710571289,0.408835687093187,-0.8540189652796404,0.3217219108200964,-0.6544965708808446,-0.028704580936855073,0.7555198777917461,-0.6359934116516123,-0.5194493757585351,-0.5706879413127729,-20.79489517211914,-4.605032920837402,0.31487375497817993
4.65,1.5999393419708714,1.8014039599876293,1.51943367485848,3.2946411149949975,-57.78363800048828,-9.281692504882812,-266.7935791015625,1.5141195058822632,1.5694072246551514,27.364273071289062,0.41637380372453925,-0.901435376725205,0.11852053476190105,-0.6201147521082828,-0.18623264660138614,0.7620860158522309,-0.6648989019314457,-0.3908089852192902,-0.636535770622694,-21.06043815612793,-4.58574104309082,0.25991854071617126
4.66,2.4431125403307017,1.0830824968636446,1.6210002670343429,2.8058597054374452,-57.7685661315918,-9.266326904296875,-266.51971435546875,1.5036979913711548,1.5038334131240845,27.40243148803711,0.4148479706973894,-0.9050872464387218,-0.09337150283801993,-0.5855299893832684,-0.3440996801233576,0.7339959411821244,-0.6964594695609267,-0.24982491163407908,-0.6727047798149921,-21.36052703857422,-4.798572063446045,0.2012518346309662
4.67,2.4431125403307017,1.0830824968636446,1.6210002670343429,2.8058597054374452,-57.75352096557617,-9.251605033874512,-266.24554443359375,1.5091456174850464,1.4413912296295166,27.430376052856445,0.40352841279330026,-0.862991748487654,-0.303990233577892,-0.5516418632626344,-0.4945363322023398,0.6716584480433383,-0.729969913602368,-0.1033395286135878,-0.6756218373182388,-21.501956939697266,-4.997500896453857,0.13736771047115326
4.68,2.3903470720391753,1.284844410238914,1.6660947390608327,2.827561427259358,-57.73833465576172,-9.237478256225586,-265.97113037109375,1.5302135944366455,1.3854151964187622,27.455066680908203,0.38212558073947167,-0.7765180343199816,-0.500998785348182,-0.5203844735448264,-0.6288275734695691,0.5777334009193582,-0.7636622553445965,0.0399452778211114,-0.6443790301847189,-21.49321937561035,-5.154235363006592,0.06956951320171356
4.69,2.732122811907876,4.164254432093138,3.7875992266846543,1.3481053912674947,-57.722862243652344,-9.223871231079102,-265.6964416503906,1.566754937171936,1.337510347366333,27.485414505004883,0.35103813510532794,-0.6498999956729323,-0.6740936309787361,-0.49351294894676007,-0.740214513187134,0.4566480523214863,-0.7957494561252595,0.17237305500413025,-0.5805775856721451,-21.484363555908203,-5.286860466003418,0.00043510599061846733
4.7,2.732122811907876,4.164254432093138,3.7875992266846543,1.3481053912674947,-57.70691680908203,-9.210718154907227,-265.4213562011719,1.6307284832000732,1.293123722076416,27.53702163696289,0.31171796179226036,-0.4894226609921,-0.8144307037455616,-0.4728212815523026,-0.8233776535864996,0.31383001017370576,-0.8241795605372151,0.2872537179599282,-0.48807105375230037,-21.41073226928711,-5.221187114715576,-0.057109832763671875
4.71,3.5885382835874187,2.3899280305907453,2.0998574941055876,0.9623578966654351,-57.690162658691406,-9.197970390319824,-265.1456298828125,1.721933364868164,1.259318470954895,27.608230590820312,0.26774169732008823,-0.30398602813367975,-0.9142794311454613,-0.46007054618285453,-0.874089291802436,0.1558942028791518,-0.8465515200217696,0.37889365876961556,-0.37388516859191656,-21.26547622680664,-4.97835111618042,-0.10130973905324936
4.72,3.5885382835874187,2.3899280305907453,2.0998574941055876,0.9623578966654351,-57.6724739074707,-9.185462951660156,-264.869140625,1.8131155967712402,1.2455676794052124,27.684261322021484,0.22246485523503812,-0.10364275678068097,-0.969416095983636,-0.4553844803957882,-0.8902460477259728,-0.009324672806195228,-0.8620524132556624,0.443531457142766,-0.24524576107428098,-21.009578704833984,-4.62339448928833,-0.14789757132530212
4.73,2.0655825154951066,0.469703461184226,2.993501444573947,1.9324578580672767,-57.65392303466797,-9.173002243041992,-264.5918884277344,1.8974521160125732,1.2490525245666504,27.762632369995117,0.17938839239685786,0.10044006824872104,-0.9786376231085047,-0.4578457224813614,-0.8719542476984002,-0.17341592869813718,-0.8707451401407827,0.4791738542647225,-0.11043241512481464,-20.658946990966797,-4.181440353393555,-0.19605262577533722
4.74,3.3644100626816087,3.7992942504408735,1.3768891831772256,2.9390891484356727,-57.63454818725586,-9.160436630249023,-264.3138732910156,1.9733936786651611,1.2653580904006958,27.840566635131836,0.13962229265482995,0.2983043488544641,-0.9442034372148425,-0.46625199009532425,-0.8214161101317147,-0.32845799693146793,-0.8735643634706938,0.4860967902286505,0.02439699578728148,-20.271568298339844,-4.087484836578369,-0.24144966900348663
4.75,3.3644100626816087,3.7992942504408735,1.3768891831772256,2.9390891484356727,-57.61442565917969,-9.147636413574219,-264.0351257324219,2.0563573837280273,1.2987929582595825,27.910810470581055,0.10145735508728676,0.482398586416441,-0.8700563251434427,-0.48044118649814455,-0.742064083863907,-0.4674581925215086,-0.8711387211087266,0.4654379649992469,0.15647628996884005,-20.219335556030273,-3.962183713912964,-0.2883281409740448
4.76,1.966427158851486,3.5880470418052353,1.4412174056257214,2.7839473838185427,-57.593414306640625,-9.134395599365234,-263.7557373046875,2.1449689865112305,1.3522050380706787,27.9626522064209,0.06894271818912978,0.6488909753234648,-0.7577515448697266,-0.4981729255356914,-0.6356843257167705,-0.5896856571947684,-0.8643324810927248,0.41814583602109207,0.2794341102054603,-20.497211456298828,-3.537381649017334,-0.33345088362693787
4.77,1.966427158851486,3.5880470418052353,1.4412174056257214,2.7839473838185427,-57.571590423583984,-9.120566368103027,-263.4759521484375,2.215585708618164,1.41392183303833,27.992942810058594,0.04342379161674431,0.7910760170972737,-0.6101746549104933,-0.5175591961751609,-0.5045941223522337,-0.6910262297062975,-0.8545448219819408,0.34580848292240174,0.38751727750225545,-20.89530372619629,-3.1677465438842773,-0.37203463912010193
4.78,2.72156764933327,0.08861943538807873,3.2473833865486186,1.332242833393215,-57.54916763305664,-9.106101989746094,-263.1959533691406,2.264737844467163,1.4794542789459229,27.999975204467773,0.024256869183185426,0.9017014345196624,-0.4316782682538153,-0.5379679088370984,-0.35217966348222934,-0.7658720609155183,-0.8426162432322731,0.2508067136556094,0.4765436590978879,-21.368684768676758,-2.8813726902008057,-0.40533506870269775
4.79,0.1501776361155318,3.7137610508651804,0.8686046467646412,0.7751312530497617,-57.526371002197266,-9.090988159179688,-262.9161071777344,2.290501832962036,1.5406864881515503,27.987865447998047,0.01093013947601984,0.9729759325945282,-0.23064771111555155,-0.5590572761214567,-0.18529679291088297,-0.808158437778508,-0.8290569908436283,0.13777856556355028,0.5419239548170558,-21.27454376220703,-2.8143954277038574,-0.43822145462036133
4.8,0.1501776361155318,3.7137610508651804,0.8686046467646412,0.7751312530497617,-57.503421783447266,-9.07533073425293,-262.6363220214844,2.2946858406066895,1.5880037546157837,27.965532302856445,0.002906976650494497,0.9997726897867096,-0.021121511390070458,-0.5812410685271419,-0.015497988563215104,-0.8135838202717164,-0.813726225301962,0.014641759018022782,0.581063894204999,-21.26255989074707,-2.6666574478149414,-0.46370741724967957
4.81,2.5778251622672133,3.7268187197282883,1.6542865954768962,3.1647850722576054,-57.48052215576172,-9.059252738952637,-262.3568115234375,2.2845027446746826,1.6265257596969604,27.935346603393555,0.00027403344076520897,0.9812842546094868,0.19256462956934017,-0.6014778246710141,0.15399960254557082,-0.7839059566330842,-0.7988894487566462,-0.11560853805541388,0.5902629198873938,-21.748626708984375,-2.2846736907958984,-0.4787229597568512
4.82,2.5778251622672133,3.7268187197282883,1.6542865954768962,3.1647850722576054,-57.457794189453125,-9.042743682861328,-262.07769775390625,2.2551345825195312,1.681174635887146,27.886869430541992,0.0018177533631063558,0.9156018190802409,0.40208208697934367,-0.6184430454929455,0.3169975161574123,-0.71905547368158,-0.7858275225862995,-0.24735780490412002,0.5668238007519567,-22.240272521972656,-1.9161620140075684,-0.4965921640396118
4.83,0.6328338263651776,3.8967710576415753,2.1015285024257113,0.2543943336390043,-57.43550109863281,-9.025602340698242,-261.7991027832031,2.1997005939483643,1.7467204332351685,27.83286476135254,0.006148037787897187,0.8030649082798091,0.5958598448636229,-0.6322252817558485,0.46478754033061553,-0.6198900995032545,-0.7747602175770881,-0.3729065505498107,0.5105754692667333,-22.682092666625977,-1.5839049816131592,-0.5179386138916016
4.84,1.7941851256090453,3.2080535812116855,3.5626913587686717,2.2403633341839995,-57.413822174072266,-9.007880210876465,-261.5209655761719,2.137470245361328,1.792585015296936,27.806324005126953,0.011838494368599073,0.6471479926895085,0.7622724746499929,-0.6428519235761072,0.5888312932531323,-0.48991745472104,-0.7658989844656952,-0.4842284415890741,0.4229912078880993,-23.020063400268555,-1.2040432691574097,-0.5258775949478149
4.85,1.7941851256090453,3.2080535812116855,3.5626913587686717,2.2403633341839995,-57.39279556274414,-8.989784240722656,-261.2429504394531,2.062065839767456,1.8269226551055908,27.806537628173828,0.017719793690465335,0.4554270054340922,0.8900967653198739,-0.6506288799015859,0.6812162685657397,-0.3355986532740822,-0.7591890868219688,-0.5731759225252796,0.30838497416009053,-23.16455078125,-0.9851066470146179,-0.5246493816375732
4.86,0.36634747773598914,1.3419128068165294,2.770770177675602,0.6528834453153732,-57.37264633178711,-8.9713716506958,-260.96478271484375,1.9653524160385132,1.8528844118118286,27.832063674926758,0.02489169453534712,0.23884212908831354,0.9707393269646184,-0.6567876247460966,0.7359726548644921,-0.16423844638844926,-0.7536646598610947,-0.633481403566255,0.17518816116446945,-23.201295852661133,-0.9511837363243103,-0.5250555276870728
4.87,0.36634747773598914,1.3419128068165294,2.770770177675602,0.6528834453153732,-57.353424072265625,-8.952788352966309,-260.6861877441406,1.8872750997543335,1.860201358795166,27.888996124267578,0.03381292833480115,0.009621730084075741,0.9993818630471611,-0.6614224730590764,0.7498603306056235,0.015159047346064769,-0.7492509579639126,-0.6615261951685769,0.03171900212719453,-23.128263473510742,-1.006262183189392,-0.5251789689064026
4.88,2.421358356373629,1.125476898115831,2.8792552657257464,3.227204323029653,-57.334835052490234,-8.9342041015625,-260.4069519042969,1.8326616287231445,1.855117917060852,27.964733123779297,0.044908352379908145,-0.21869857186142092,0.974758521148852,-0.6641790625189551,0.7223212359205304,0.19266085500090416,-0.7462234335626053,-0.6560662823252026,-0.11281675583894296,-22.965492248535156,-1.124289631843567,-0.5257831811904907
4.89,2.4786631478184957,0.3727430373932702,0.2706414890684202,0.6229485757118524,-57.31682586669922,-8.915731430053711,-260.12689208984375,1.7635324001312256,1.8356488943099976,28.04970932006836,0.0579948865217329,-0.4337788715395366,0.8991509793929033,-0.6644731906755593,0.655408242938531,0.35904792710955624,-0.7450583681905552,-0.6182846639648388,-0.25022410414489105,-22.805940628051758,-1.309432029724121,-0.5370818972587585
4.9,2.4786631478184957,0.3727430373932702,0.2706414890684202,0.6229485757118524,-57.29951477050781,-8.897516250610352,-259.8459777832031,1.7067830562591553,1.8086763620376587,28.130390167236328,0.07205317291125626,-0.6246505017582245,0.777573206152719,-0.6620643786629246,0.5531237833758552,0.5056924349539503,-0.7459752668682091,-0.5512402660520893,-0.3737045227231342,-22.59745979309082,-1.2340489625930786,-0.5598763823509216
4.91,2.560053849535769,0.015302140881196906,1.250127495485715,3.7892999363175797,-57.28261947631836,-8.87955093383789,-259.5643310546875,1.6744844913482666,1.7838549613952637,28.192712783813477,0.0835692637548586,-0.7816408992198073,0.6181049124722454,-0.6588820305271351,0.421997203728825,0.6227301421109244,-0.7475898929251988,-0.4592993193026786,-0.4797431471987753,-22.33199119567871,-0.8717998266220093,-0.5822092890739441
4.92,2.560053849535769,0.015302140881196906,1.250127495485715,3.7892999363175797,-57.26604461669922,-8.861891746520996,-259.28216552734375,1.6400322914123535,1.743626594543457,28.246170043945312,0.09265873648873837,-0.8981309751330495,0.4298547546077257,-0.6557894108073996,0.2698045227614665,0.7050856459823452,-0.7492360157021246,-0.34722654133002984,-0.5639850368323531,-22.19180679321289,-0.7730991840362549,-0.6063212156295776
4.93,0.9363771349223892,1.5663862617109623,0.21348103030461626,0.26105829996691654,-57.24980926513672,-8.844731330871582,-258.99945068359375,1.6087026596069336,1.6868733167648315,28.2923526763916,0.10124378653217198,-0.9700083052632344,0.2209832197452467,-0.6506942551765684,0.10346071965838938,0.7522585099339052,-0.7525600852881045,-0.21995401157541133,-0.6207040766927868,-22.176166534423828,-0.9481614232063293,-0.6359479427337646
4.94,2.7572708853573764,1.8129937898344561,1.2691015505535097,1.4273475186323126,-57.23381423950195,-8.828113555908203,-258.71636962890625,1.5937488079071045,1.6414638757705688,28.313365936279297,0.10871341331750675,-0.9940724981575555,0.0011234641312702909,-0.6436012374750837,-0.06952388962276064,0.7621967435592095,-0.7576007133611994,-0.08358407251695443,-0.6473444693021503,-22.2311954498291,-0.8446359634399414,-0.6565197110176086
4.95,2.7572708853573764,1.8129937898344561,1.2691015505535097,1.4273475186323126,-57.21790313720703,-8.811906814575195,-258.43316650390625,1.59108567237854,1.595636010169983,28.32662010192871,0.11458428605087609,-0.969004952420332,-0.21886032892025303,-0.6376053837399699,-0.2406815607097045,0.7318003559442607,-0.7617938146349161,0.055693702689003866,-0.6454210993334292,-22.223106384277344,-0.46445122361183167,-0.6670753359794617
4.96,1.1518950478411163,3.181350261042705,0.8737266448774851,2.3833210810984276,-57.201942443847656,-8.796224594116211,-258.1497802734375,1.6035035848617554,1.5408873558044434,28.348251342773438,0.12009787559219823,-0.8963334601077251,-0.42680537551623493,-0.6336033543981932,-0.40017655518388245,0.6621219781705776,-0.7642795886150557,0.19090587464107664,-0.615980241122982,-22.114892959594727,-0.05319331958889961,-0.6745411157608032
4.97,1.1518950478411163,3.181350261042705,0.8737266448774851,2.3833210810984276,-57.18578338623047,-8.781075477600098,-257.8661804199219,1.6316195726394653,1.4898382425308228,28.376325607299805,0.1265469980620568,-0.7797622780225856,-0.6131530372219564,-0.6312177348920341,-0.5401284096204046,0.556619683696779,-0.7652124074002274,0.31659452126333537,-0.5605514076931642,-22.32345199584961,0.3075961470603943,-0.6744101047515869
4.98,1.4622490463144444,0.2131766834657794,2.921663681020484,4.099848745090034,-57.16926956176758,-8.766400337219238,-257.5822448730469,1.67417573928833,1.4470226764678955,28.41448974609375,0.13454442543953216,-0.6219409683570896,-0.7714189714170844,-0.629432273392935,-0.6549067364061393,0.4182250349049679,-0.7653187641725167,0.4292861498917776,-0.47958376819544934,-22.83729362487793,0.6193575859069824,-0.6674023270606995
4.99,0.5130082968073435,1.8673372036766527,1.212241810426122,3.7021930009144777,-57.15224838256836,-8.752102851867676,-257.2978515625,1.7329057455062866,1.4141556024551392,28.46728515625,0.14324173204178295,-0.4286999093577756,-0.8920191667886431,-0.6269145175288556,-0.7367280261558771,0.25339692813455283,-0.7658067601642286,0.5229227506937334,-0.37428839534998576,-23.114742279052734,0.48046931624412537,-0.6634076237678528
5.0,0.5130082968073435,1.8673372036766527,1.212241810426122,3.7021930009144777,-57.134586334228516,-8.738068580627441,-257.0128479003906,1.799392580986023,1.3957171440124512,28.531944274902344,0.14797226457818324,-0.2108665747537008,-0.9662502246143314,-0.6223677665271672,-0.7791498374895067,0.07472545702811423,-0.768610806652879,0.5903056991015054,-0.24652912506374047,-23.44338035583496,0.12347543239593506,-0.6661503911018372
5.01,2.114833507234789,2.3106399782437976,1.4321714348394827,1.8523747459694127,-57.11625671386719,-8.724139213562012,-256.7271728515625,1.8663369417190552,1.392376184463501,28.604572296142578,0.14865044387793425,0.023111833987168984,-0.988619688588409,-0.6171711828186677,-0.7789587129541997,-0.11100925461844746,-0.7726595476877899,0.626649157537522,-0.10152860052425638,-24.018836975097656,-0.10607574880123138,-0.6707714200019836
5.02,2.114833507234789,2.3106399782437976,1.4321714348394827,1.8523747459694127,-57.09724807739258,-8.710174560546875,-256.4407653808594,1.935609221458435,1.4031728506088257,28.679683685302734,0.14646736900939433,0.2607447590788447,-0.9542324037824234,-0.6122987289778892,-0.7337390585386453,-0.29447794563750374,-0.7769411665676674,0.62740669791431,0.05218485512803721,-24.38079833984375,-0.058979809284210205,-0.6752337217330933
5.03,2.827782393694102,0.712933440093859,0.9499231737934032,3.483058847774652,-57.07754898071289,-8.696033477783203,-256.15362548828125,2.0028576850891113,1.4276771545410156,28.746646881103516,0.1446334537079936,0.4849841542325295,-0.8624798746706244,-0.607276461544376,-0.6446703743126329,-0.46434406180950805,-0.7812147357306056,0.5909234118115207,0.20127855834736127,-24.515226364135742,0.22917772829532623,-0.6755626201629639
5.04,2.27244690963573,0.7377251209375437,4.154717103620807,3.640337396548814,-57.05720901489258,-8.681581497192383,-255.86590576171875,2.062690258026123,1.4646261930465698,28.794775009155273,0.14336283595316263,0.681054120125716,-0.7180615452224507,-0.6014605260037379,-0.5162338098929131,-0.6097113162659479,-0.7859340512579752,0.5192956181051739,0.3356184263266721,-24.601261138916016,0.4105273485183716,-0.6807287335395813
5.05,2.27244690963573,0.7377251209375437,4.154717103620807,3.640337396548814,-57.03630447387695,-8.66667652130127,-255.57785034179688,2.1184728145599365,1.5203776359558105,28.81146240234375,0.14038541694364134,0.8361616599619528,-0.5302127998447719,-0.5961327554226685,-0.3561851491220546,-0.7195539433962383,-0.7905173449214997,0.41709209768895383,0.44846015366327857,-24.47871208190918,0.19755783677101135,-0.6864187121391296
5.06,3.4823008165878444,3.6257059045157747,1.291127293124097,1.7101954913347857,-57.014892578125,-8.651119232177734,-255.28981018066406,2.1609768867492676,1.592531442642212,28.792280197143555,0.13417086699318787,0.9402079980840089,-0.31306085476973455,-0.5945926953936681,-0.1763475961099636,-0.7844495215950673,-0.7927532434716299,0.2913939698845837,0.5353800979492171,-24.179649353027344,-0.28407642245292664,-0.6915505528450012
5.07,3.4823008165878444,3.6257059045157747,1.291127293124097,1.7101954913347857,-56.99317169189453,-8.634817123413086,-255.00210571289062,2.1789000034332275,1.66726815700531,28.745277404785156,0.126742654151501,0.98869917601316,-0.0800639679851749,-0.5966951580598938,0.011514696126013635,-0.8023853812981663,-0.7923958530725103,0.14947023490991002,0.5914114142536183,-24.05907440185547,-0.1867021769285202,-0.6986547708511353
5.08,1.8040373890906483,0.5206344735772065,0.5974299765118624,1.5533396602747434,-56.97140121459961,-8.617781639099121,-254.7149658203125,2.171818494796753,1.7391732931137085,28.680126190185547,0.11963976448470848,0.9801096227738753,0.15833967948715783,-0.5964023669999821,0.19845205085383089,-0.7777666746195337,-0.7937194361932072,-0.0013823378606235837,0.6082824555674583,-24.118961334228516,0.47907689213752747,-0.6987301111221313
5.09,1.882665814555523,2.887798646755542,4.094260194051768,2.9656503232346134,-56.949798583984375,-8.600113868713379,-254.42848205566406,2.148247241973877,1.7869818210601807,28.62549591064453,0.11083911970240751,0.9145531099846134,0.38898238849730304,-0.5927590091344033,0.37499146551221735,-0.7127539251964873,-0.7977163948632343,-0.15157179754318062,0.5836733192085561,-24.131441116333008,0.95068359375,-0.6942789554595947
5.1,1.882665814555523,2.887798646755542,4.094260194051768,2.9656503232346134,-56.92850875854492,-8.582030296325684,-254.1424560546875,2.102670669555664,1.8355107307434082,28.574420928955078,0.09988510097946895,0.7957922183207796,0.5972752396194021,-0.5891678102067598,0.5310328931897197,-0.6090035777946854,-0.8018131066641982,-0.29106496115240077,0.521897432807308,-24.097599029541016,1.0072184801101685,-0.681334376335144
5.11,2.4233238359126648,0.030849815310249416,3.0842807205195384,0.441319645133947,-56.9078483581543,-8.563386917114258,-253.85696411132812,2.0247724056243896,1.8920570611953735,28.530370712280273,0.08860984033863545,0.6308793356183164,0.7708044888847971,-0.5880470406037168,0.6577320710136161,-0.4707326213439537,-0.8039583162281314,-0.41155775615329043,0.4292682600865065,-24.070554733276367,0.8671896457672119,-0.6618010997772217
5.12,2.4233238359126648,0.030849815310249416,3.0842807205195384,0.441319645133947,-56.887996673583984,-8.54427433013916,-253.57176208496094,1.9505410194396973,1.9247127771377563,28.5262451171875,0.07832843982880583,0.4306513046271098,0.8991129569397568,-0.5894841321711047,0.7473326029820846,-0.3065981709640504,-0.8039733288066616,-0.505997464759449,0.31239950740125294,-23.667139053344727,0.7798435091972351,-0.6466567516326904
5.13,4.147385647109377,4.172128051122056,2.5987178638872765,3.1247933857212544,-56.86879348754883,-8.524954795837402,-253.28634643554688,1.8903734683990479,1.9372681379318237,28.559837341308594,0.069024475623011,0.2118218354614023,0.9748677509214934,-0.5927613594437116,0.7947013176989248,-0.13070495934751372,-0.8024148506323965,-0.568842092033769,0.18041364087904727,-22.912824630737305,0.7604649662971497,-0.635591447353363
5.14,0.7860262959449976,3.01398194966347,1.5763105610759882,0.32020038659861444,-56.850311279296875,-8.505552291870117,-253.00048828125,1.7938907146453857,1.9414374828338623,28.613439559936523,0.06008372875461376,-0.012236056661258321,0.9981183419095774,-0.5974965030580408,0.8005635292770689,0.04578170404054199,-0.7996173299599967,-0.5991229544165586,0.04078984087759774,-22.539743423461914,0.999277651309967,-0.6260140538215637
5.15,0.7860262959449976,3.01398194966347,1.5763105610759882,0.32020038659861444,-56.8328857421875,-8.486178398132324,-252.71400451660156,1.7017892599105835,1.9318795204162598,28.687044143676758,0.04885511621986466,-0.23483347058344115,0.9708070965505348,-0.6040158228113001,0.7671525974733246,0.21596707615634103,-0.7954734837898315,-0.596933943819303,-0.1043638026501601,-22.59003257751465,1.42404043674469,-0.6058165431022644
5.16,0.48162621536985123,0.13265457850577114,1.7431734483039214,2.877446841088645,-56.8161735534668,-8.466938972473145,-252.42674255371094,1.6432397365570068,1.91446852684021,28.76839828491211,0.035642327592922574,-0.4467180746913867,0.8939645329809117,-0.6132247045985341,0.6965520428531953,0.3725194132754443,-0.7891039767697282,-0.5614785956214727,-0.2491118232945585,-22.722888946533203,1.8318415880203247,-0.5735840797424316
5.17,0.48162621536985123,0.13265457850577114,1.7431734483039214,2.877446841088645,-56.79998779296875,-8.447912216186523,-252.13865661621094,1.595110535621643,1.889885425567627,28.84451675415039,0.022834852167008035,-0.6370449704315835,0.7704883355212676,-0.6252175629778707,0.59228447518503,0.5082342957719458,-0.7801163813627573,-0.4933282944476388,-0.3847669754888803,-22.851865768432617,1.8218083381652832,-0.5464404821395874
5.18,1.9801877644633268,1.9703261990277237,3.1371431586917806,1.9548339139999744,-56.78424835205078,-8.42916488647461,-251.8498992919922,1.5551183223724365,1.8584866523742676,28.906095504760742,0.015349334412238708,-0.7953265899971831,0.605986809408055,-0.6372713680709872,0.4592332737486068,0.618861861580652,-0.7704866003831826,-0.3956771607328258,-0.49978993897874324,-22.970712661743164,1.4268745183944702,-0.5308913588523865
5.19,0.2680034669613245,0.4304335191084417,4.03605765647828,1.7867247492621836,-56.768898010253906,-8.410804748535156,-251.56056213378906,1.5138801336288452,1.8090068101882935,28.958160400390625,0.013328768006587943,-0.9123978908277216,0.40908731678768984,-0.6476661981323365,0.3038234493349758,0.6987272768620119,-0.7618076133383229,-0.2742652009412105,-0.5868796808652057,-22.937746047973633,1.1749470233917236,-0.5158732533454895
5.2,0.2680034669613245,0.4304335191084417,4.03605765647828,1.7867247492621836,-56.75393295288086,-8.393013954162598,-251.27076721191406,1.482979416847229,1.7505602836608887,28.994895935058594,0.014944315412544873,-0.9812590414235631,0.19211288624493644,-0.65628638919679,0.13532929892498585,0.7422763341286793,-0.7543638663084873,-0.13717388409234954,-0.6419645494348802,-22.69548797607422,0.81964111328125,-0.4966983497142792
5.21,2.8898039504787834,2.194476723745192,0.8971124709584931,1.9815756462411844,-56.73918914794922,-8.375784873962402,-250.98072814941406,1.4687058925628662,1.6953153610229492,29.01300811767578,0.01926442809465337,-0.9993049021079031,-0.031915426259107815,-0.66049276398738,-0.03668403265820827,0.7499357242245784,-0.7505852320226514,0.006632825268777398,-0.660740353768753,-22.372108459472656,0.22689193487167358,-0.4807521402835846
5.22,2.8898039504787834,2.194476723745192,0.8971124709584931,1.9815756462411844,-56.72450256347656,-8.359121322631836,-250.69052124023438,1.4693580865859985,1.636080026626587,29.02935791015625,0.024086535260101467,-0.9674772052263181,-0.2518088485074278,-0.6605365735551063,-0.20447044902415107,0.7224148880469876,-0.7504074052241511,0.14892848231058725,-0.6439790628129316,-22.23017692565918,0.10644632577896118,-0.47813522815704346
5.23,0.3908458280324133,3.313404007408162,1.7989121745432788,0.03986721556232658,-56.70973587036133,-8.34306526184082,-250.4001007080078,1.4870253801345825,1.5757797956466675,29.05218505859375,0.02957262276649548,-0.8879757931880876,-0.458938395315425,-0.661011187909291,-0.3617832327453629,0.6574017812290005,-0.7497930844182671,0.28392231898232545,-0.5976608129551746,-22.26311492919922,0.45390939712524414,-0.481130450963974
5.24,0.31416055641331614,3.725703834201745,3.5201133276321404,0.3216386452314508,-56.69472885131836,-8.32756233215332,-250.1094512939453,1.5147550106048584,1.5285232067108154,29.07769012451172,0.03719317384820643,-0.7642878356003423,-0.643801811252843,-0.6628812666618108,-0.5009713690110071,0.5564315894519923,-0.7478001699170242,0.4060687032813308,-0.525264803777569,-22.378299713134766,0.842557430267334,-0.4681430160999298
5.25,0.31416055641331614,3.725703834201745,3.5201133276321404,0.3216386452314508,-56.67940139770508,-8.312471389770508,-249.81849670410156,1.5558362007141113,1.4897311925888062,29.116613388061523,0.047502339660422256,-0.6017312846285097,-0.7972847601867912,-0.6651965695517086,-0.6145016497278757,0.42414767043844304,-0.745155723042791,0.5102030807247664,-0.4294598524140909,-22.477582931518555,1.098015546798706,-0.43578097224235535
5.26,0.24478958592150094,1.9216978773372055,2.620855991488773,2.8652954114324842,-56.6635627746582,-8.29774284362793,-249.5270538330078,1.614295244216919,1.457937240600586,29.173694610595703,0.05967449712272531,-0.40854336000792857,-0.9107860766319286,-0.6665156488294804,-0.6955302643897727,0.26831798520283545,-0.7430988119076533,0.591041431975225,-0.31380596143175654,-22.51656150817871,1.236433506011963,-0.3960942029953003
5.27,0.24478958592150094,1.9216978773372055,2.620855991488773,2.8652954114324842,-56.647090911865234,-8.283269882202148,-249.2349853515625,1.681323766708374,1.439152717590332,29.242389678955078,0.07232593889910671,-0.19413757021575517,-0.9783044323691297,-0.666035776843922,-0.7395185620211631,0.09751225764007437,-0.7424050798090458,0.6445330870148356,-0.18278894172473986,-22.679046630859375,1.1076725721359253,-0.3650375008583069
5.28,3.048673557500236,0.394196798161775,4.156615521343727,3.8115767048839877,-56.62992477416992,-8.268915176391602,-248.94216918945312,1.7523341178894043,1.434185266494751,29.3170108795166,0.08186208648809545,0.03238138192560308,-0.9961174854907447,-0.663531440197501,-0.7439959205609776,-0.07871529748437744,-0.7436562557158019,0.6673990682441893,-0.039418993411072245,-22.963891983032227,0.7456521987915039,-0.34629184007644653
5.29,2.710083108435947,1.7551346155859648,3.6911623899590698,2.722175078704593,-56.61198806762695,-8.254534721374512,-248.64862060546875,1.841023564338684,1.4453822374343872,29.38872718811035,0.08649438212363068,0.25873195894921885,-0.9620688620256616,-0.6602455901597054,-0.708277251136882,-0.24983813999596804,-0.7460526003813096,0.6568113191322774,0.1095646317202955,-22.88789176940918,0.26582854986190796,-0.3409344255924225
5.3,2.710083108435947,1.7551346155859648,3.6911623899590698,2.722175078704593,-56.59308624267578,-8.239944458007812,-248.3544464111328,1.9379942417144775,1.4752477407455444,29.443342208862305,0.08569807769458698,0.46900519644062133,-0.8790278523409518,-0.6578283144729146,-0.6359866987628785,-0.40346353946102664,-0.7482765185124924,0.6128254602318586,0.25402206033026714,-22.54644775390625,-0.11806795746088028,-0.34381264448165894
5.31,1.8092025086802597,2.0935304961956147,3.4379443370770253,3.3784017108690407,-56.573265075683594,-8.224979400634766,-248.0598602294922,2.0239036083221436,1.5198575258255005,29.47098159790039,0.08183511680846148,0.6527754185473028,-0.7531183616121302,-0.656941873101505,-0.5329274375416838,-0.5333064050629254,-0.7494867503984521,0.5383981790976345,0.3852233270734262,-22.23442268371582,-0.34778472781181335,-0.3469521999359131
5.32,1.8092025086802597,2.0935304961956147,3.4379443370770253,3.3784017108690407,-56.55266189575195,-8.209508895874023,-247.76513671875,2.093409299850464,1.5756609439849854,29.465627670288086,0.07611372997182167,0.8025125852098777,-0.5917602983383861,-0.6581061124445325,-0.4054188996099665,-0.6344539861977293,-0.7490681176454657,0.43773172882349176,0.49728049298989807,-22.092885971069336,-0.6230270266532898,-0.3517494797706604
5.33,2.1889041872576627,0.6722335192235033,2.022640673422177,2.9923004970866423,-56.53145980834961,-8.193440437316895,-247.47064208984375,2.142900228500366,1.6391208171844482,29.425268173217773,0.06917180835445585,0.9130102297624703,-0.4020293288779505,-0.6622350272353272,-0.2593705394463624,-0.7029734646271708,-0.7460965283605062,0.3148638493323485,0.5866862251255063,-22.1068115234375,-0.9564534425735474,-0.3595208525657654
5.34,4.047744391968491,3.076334911569406,2.9314554346797324,4.091445039427588,-56.509891510009766,-8.176745414733887,-247.1767120361328,2.166093587875366,1.6974143981933594,29.36033058166504,0.06242533146315571,0.9792572602413789,-0.19276487298328832,-0.6695874362699898,-0.10213210305665282,-0.7356777138901296,-0.7401052243979211,0.17499786224343822,0.6493227279474585,-22.083904266357422,-1.242979645729065,-0.37646734714508057
5.35,4.047744391968491,3.076334911569406,2.9314554346797324,4.091445039427588,-56.488197326660156,-8.15944766998291,-246.88356018066406,2.169300079345703,1.768781304359436,29.259342193603516,0.05748389224136502,0.9980206242358903,0.02550364155540691,-0.679150216833717,0.05781612955700205,-0.7317187151752802,-0.7317448907286597,0.024741236081721907,0.6811294195155941,-22.066354751586914,-1.3208200931549072,-0.4002532660961151
5.36,3.3352020777862554,0.7480120660411096,0.6632788411122087,3.1571301158391982,-56.466590881347656,-8.141326904296875,-246.5916290283203,2.146836996078491,1.8558251857757568,29.1284236907959,0.055131673566403194,0.9685175007137798,0.24276397875488204,-0.688909579865157,0.21288916879309466,-0.6928793492236566,-0.7227475972563175,-0.1290428325081192,0.6789579206685059,-22.09443473815918,-1.241516351699829,-0.4239324927330017
5.37,3.3352020777862554,0.7480120660411096,0.6632788411122087,3.1571301158391982,-56.44532775878906,-8.122414588928223,-246.30091857910156,2.1050522327423096,1.9192214012145996,29.017019271850586,0.055145069265569835,0.8920394787132754,0.4485806390746746,-0.697992942229945,0.35569383065161964,-0.6215205156980433,-0.7139782027015112,-0.2788323282069798,0.6422520212609648,-22.10700225830078,-1.1244434118270874,-0.4522038996219635
5.38,1.7827020766020862,0.7349037750580687,0.38852940591851143,1.2921698507032957,-56.42451477050781,-8.10301399230957,-246.0111541748047,2.0554232597351074,1.9586195945739746,28.93888282775879,0.056952000085622734,0.7723131166338176,0.6326839017721302,-0.7060339891527417,0.4792106389025981,-0.5214145852616994,-0.7058841801934035,-0.41700073553642925,0.5725713149597731,-22.100019454956055,-0.9874186515808105,-0.48428353667259216
5.39,1.768071899151987,2.8973690330250528,3.475364191929547,2.44138332170697,-56.404212951660156,-8.083298683166504,-245.72201538085938,2.007861614227295,1.9807326793670654,28.898611068725586,0.05988735600700701,0.6152384480194225,0.7860630742307783,-0.7128581272738482,0.5775956963211192,-0.3977643799675169,-0.698746588521269,-0.5365303939852555,0.4731684069756924,-22.08600616455078,-0.8022762537002563,-0.5092411041259766
5.4,1.768071899151987,2.8973690330250528,3.475364191929547,2.44138332170697,-56.38442611694336,-8.063400268554688,-245.43310546875,1.9418437480926514,2.000528335571289,28.884904861450195,0.06343926389092669,0.42848438114302695,0.9013193634408696,-0.7184627660015781,0.6464450466341863,-0.2567490127565944,-0.6926663797719206,-0.6312764345345085,0.3488600715689022,-22.085771560668945,-0.7208293080329895,-0.5187276601791382
5.41,1.2501368924009095,2.7595431285421275,0.9389387674356262,1.5155952567829092,-56.3654670715332,-8.04330062866211,-245.14422607421875,1.847365379333496,2.0173161029815674,28.8975887298584,0.068720894189368,0.2209443940782898,0.9728622787564495,-0.7232654814129345,0.6827005766029682,-0.10395655872763054,-0.687142257540846,-0.6964937167206553,0.20671724763627652,-22.102136611938477,-0.7677799463272095,-0.5199901461601257
5.42,1.2501368924009095,2.7595431285421275,0.9389387674356262,1.5155952567829092,-56.347442626953125,-8.023100852966309,-244.85504150390625,1.764172911643982,2.0199830532073975,28.946212768554688,0.07539657814294642,0.00211779790029204,0.9971513781449577,-0.7270462360041394,0.6844993941154085,0.05351962413780503,-0.6824361704339446,-0.7290103527301188,0.053148649049246655,-22.274261474609375,-0.6373604536056519,-0.5225427746772766
5.43,3.00931152472873,4.061249554189632,2.8253579173544887,3.8171268558484406,-56.330135345458984,-8.002934455871582,-244.56524658203125,1.6979445219039917,2.0117475986480713,29.018367767333984,0.08078629896806194,-0.2192495884273955,0.9723184621683684,-0.729960863100925,0.6512312885151377,0.2074968606988215,-0.6786978062731569,-0.7265173272767356,-0.10743305323164404,-22.588035583496094,-0.32658424973487854,-0.5244251489639282
5.44,1.951788052303098,1.8870555249076195,3.0830737162562607,1.1979289754181863,-56.313575744628906,-7.9829254150390625,-244.27462768554688,1.6048157215118408,1.9848294258117676,29.104825973510742,0.0842533701748005,-0.4324718560907718,0.897702324439227,-0.732726587029606,0.5836517132541736,0.34994631913396834,-0.6752874338192096,-0.6872545171222019,-0.2677090032497898,-22.916799545288086,-0.0673878863453865,-0.5247033834457397
5.45,1.951788052303098,1.8870555249076195,3.0830737162562607,1.1979289754181863,-56.29802322387695,-7.963287353515625,-243.98312377929688,1.514533519744873,1.9429982900619507,29.191295623779297,0.08696391368836223,-0.6251177766492267,0.7756707052822931,-0.7355881545611972,0.48479191067346084,0.4731668524049703,-0.6718238940267418,-0.6117226239585244,-0.4176698298321804,-22.93635368347168,0.06315815448760986,-0.5207581520080566
5.46,0.7173999460158428,2.035509236861468,1.3180295206321204,0.6395969587610649,-56.28321075439453,-7.944079399108887,-243.6908721923828,1.4514508247375488,1.8974038362503052,29.25755500793457,0.08995674134855822,-0.7838830366382457,0.6143575258404111,-0.7382951009617127,0.36153284740247893,0.5693982298400568,-0.6684520391036913,-0.5047983608529831,-0.546214688834215,-22.669429779052734,0.12581229209899902,-0.5127737522125244
5.47,0.7173999460158428,2.035509236861468,1.3180295206321204,0.6395969587610649,-56.2689208984375,-7.925333023071289,-243.39808654785156,1.4108644723892212,1.8539446592330933,29.291189193725586,0.09333838034968686,-0.9011016985391662,0.42344264740756454,-0.7408801622769048,0.2212542419079255,0.6341475739780897,-0.6651199379797939,-0.3729105647840767,-0.6469568600565083,-22.562063217163086,0.2621375322341919,-0.5030834674835205
5.48,0.9169794749359975,2.7361996002557065,0.2268610083390706,0.19951407915834105,-56.254940032958984,-7.906988620758057,-243.10511779785156,1.3872499465942383,1.8148396015167236,29.29030418395996,0.09688452026504399,-0.9726254091573272,0.21121837797538848,-0.7440054974366592,0.07018847380846568,0.6644767850937063,-0.6611121005677038,-0.22152514892440564,-0.7168384747465626,-22.63389778137207,0.4745953381061554,-0.4908355176448822
5.49,2.470677179922704,1.8400842788246745,0.6930639208317572,3.621240155686392,-56.241146087646484,-7.889033317565918,-242.8123321533203,1.3736354112625122,1.7768293619155884,29.264719009399414,0.10109417031337904,-0.9947980901874841,-0.012519124888885569,-0.7482339340092589,-0.08431898032977161,0.6580549289787103,-0.6556873864317336,-0.05715828299976816,-0.7528658459239872,-22.818330764770508,0.8642259836196899,-0.47558721899986267
5.5,2.470677179922704,1.8400842788246745,0.6930639208317572,3.621240155686392,-56.227439880371094,-7.871492385864258,-242.5198211669922,1.3714171648025513,1.7274081707000732,29.24077606201172,0.1070989854528557,-0.9654698902772056,-0.2374819957030202,-0.7542301744407875,-0.23452289546199234,0.6132991565844049,-0.647816834667013,0.11343236959635339,-0.7533036879305502,-23.125818252563477,1.1858251094818115,-0.46590033173561096
5.51,3.051795592000516,0.7174297984859026,3.9807287178218433,2.3146417172931577,-56.213661193847656,-7.854506492614746,-242.2274627685547,1.387903094291687,1.6702519655227661,29.230419158935547,0.11579683856521321,-0.8841838754531549,-0.4525593514302208,-0.7600524186124206,-0.3722037673803774,0.5327144418065498,-0.6394618152319276,0.28228218140097705,-0.7151261126009832,-23.480525970458984,1.3214683532714844,-0.46319580078125
5.52,3.051795592000516,0.7174297984859026,3.9807287178218433,2.3146417172931577,-56.19960403442383,-7.838074207305908,-241.9351043701172,1.4266060590744019,1.6168692111968994,29.236766815185547,0.12683756476456123,-0.7541525702341302,-0.6443338676290822,-0.7643866943279961,-0.4882944433777888,0.42104811850986157,-0.632159168009857,0.43911551712007546,-0.6383982682663343,-23.356033325195312,1.256165862083435,-0.45523449778556824
5.53,1.4853078604212355,1.6822604763193292,1.7781128626617781,2.306480821441975,-56.185054779052734,-7.8221354484558105,-241.64260864257812,1.4869059324264526,1.57315194606781,29.26521873474121,0.13812025960201363,-0.5863408458288568,-0.79820248458657,-0.7660853991297547,-0.5740429070992435,0.2891157243203038,-0.627722833046303,0.5715585300927197,-0.5284741162541197,-22.782236099243164,1.020662546157837,-0.44456228613853455
5.54,3.302028337738998,1.7753546129172961,0.4663435114702452,0.058780058801191346,-56.16985321044922,-7.806551933288574,-241.34974670410156,1.5516830682754517,1.5470088720321655,29.3083553314209,0.14821618079758994,-0.39219999883507506,-0.9078607407876733,-0.7654732926393077,-0.6267360348290449,0.14578264952559544,-0.6261649958323385,0.673335802969464,-0.39311104593200386,-22.51142120361328,0.8693773746490479,-0.43548378348350525
5.55,3.302028337738998,1.7753546129172961,0.4663435114702452,0.058780058801191346,-56.15404510498047,-7.791143894195557,-241.056396484375,1.6078351736068726,1.5368661880493164,29.363855361938477,0.1586036600998367,-0.17961550695210443,-0.9708672147442586,-0.7633580926241419,-0.6459546336673139,-0.005199391210396698,-0.626202284751635,0.7419439877147502,-0.23956171995076184,-22.36556625366211,1.1958180665969849,-0.4270908832550049
5.56,0.2841083513294513,1.7935995073034523,1.2796188611757873,0.9452541065322646,-56.1377067565918,-7.775780200958252,-240.76242065429688,1.659833312034607,1.5375503301620483,29.431705474853516,0.17394458384634284,0.03922377888352574,-0.9839739716682644,-0.7593090639890945,-0.630910616515851,-0.15937860368190443,-0.6270510562103594,0.7748634003085217,-0.07996051380392419,-22.072864532470703,1.885659098625183,-0.4137197732925415
5.57,0.2841083513294513,1.7935995073034523,1.2796188611757873,0.9452541065322646,-56.120872497558594,-7.7603678703308105,-240.46775817871094,1.7053617238998413,1.5458282232284546,29.50366973876953,0.19413377597975898,0.2532976635876078,-0.9477090115878923,-0.7517686204338612,-0.5822248628516382,-0.309609674280957,-0.630203156414509,0.7725635913621934,0.07739172401969038,-21.99750328063965,2.295179605484009,-0.3876844346523285
5.58,0.830737697279193,0.4591146811996598,0.4192030112296456,1.2768087917202355,-56.103614807128906,-7.744846820831299,-240.17237854003906,1.7430936098098755,1.5593255758285522,29.56930923461914,0.21425879006529377,0.45480099781224026,-0.8644357831954594,-0.740783563933112,-0.5011710353919153,-0.44728883810212955,-0.6366575863730155,0.7361953855283165,0.22952880438084441,-22.141921997070312,2.402146816253662,-0.3535834848880768
5.59,0.47022363586256516,1.541856693645812,2.090748928719396,0.9648946253813458,-56.086036682128906,-7.7291765213012695,-239.87643432617188,1.770385980606079,1.5743588209152222,29.619142532348633,0.23193752384541438,0.6342107977993555,-0.7375511161859649,-0.7269334361066221,-0.3908125316443439,-0.5646532959081689,-0.646353436211704,0.6671148544774306,0.37038494358286095,-22.264240264892578,2.443315029144287,-0.32364848256111145
5.6,0.47022363586256516,1.541856693645812,2.090748928719396,0.9648946253813458,-56.06822204589844,-7.71334171295166,-239.5801239013672,1.7937676906585693,1.5946929454803467,29.640777587890625,0.24578354729644453,0.7816543066887756,-0.573242525213601,-0.711013346497837,-0.25656736754468795,-0.6547008530719474,-0.6588250670552259,0.5684977842930248,0.49270660668758887,-22.300312042236328,2.4119536876678467,-0.2922516465187073
5.61,3.636444689354199,1.1279223292602345,3.4221733713815987,1.1768080509851457,-56.05017852783203,-7.69726037979126,-239.28375244140625,1.8130322694778442,1.6220760345458984,29.62668800354004,0.25485575807457217,0.889086903361769,-0.38022759085423535,-0.6942341369724507,-0.10548348557540976,-0.7119776663161416,-0.6731177502030026,0.4454185812709691,0.5903514053681972,-22.29238510131836,2.3289294242858887,-0.25614869594573975
5.62,3.636444689354199,1.1279223292602345,3.4221733713815987,1.1768080509851457,-56.03197479248047,-7.68084716796875,-238.9877166748047,1.8271443843841553,1.6653728485107422,29.568115234375,0.25901104165475936,0.9508831797316369,-0.1695124148974575,-0.6774063242942391,0.053733165339680034,-0.7336439318557378,-0.6885012360969909,0.30485066089157475,0.6580517627412645,-21.916763305664062,2.3158390522003174,-0.2249847799539566
5.63,3.8509428184597563,2.5814527449169247,1.464697580057431,1.1664712099144634,-56.0136833190918,-7.663913726806641,-238.69247436523438,1.8278605937957764,1.7216038703918457,29.47231674194336,0.25842844569578854,0.965027408794627,0.044009529995072405,-0.6605820232396199,0.20977383891282436,-0.7208511129771717,-0.7048731297388982,0.15721652833880012,0.6916912853211221,-21.204181671142578,2.372504949569702,-0.19851931929588318
5.64,2.3861809842293726,2.790138141605495,1.0140284297704016,4.157028192095608,-55.995479583740234,-7.646421909332275,-238.39830017089844,1.8094322681427002,1.7758362293243408,29.362926483154297,0.2529247824672821,0.9346996721962175,0.24973100970876974,-0.6436628670345412,0.35527735303998165,-0.6778466758919595,-0.7223068378568438,0.010701645349566524,0.6914899180552523,-20.69086265563965,2.685580015182495,-0.1733837127685547
5.65,2.3861809842293726,2.790138141605495,1.0140284297704016,4.157028192095608,-55.977561950683594,-7.628401756286621,-238.105224609375,1.7714699506759644,1.8285752534866333,29.252119064331055,0.24147334895802286,0.8632135120414667,0.44334304367164,-0.6258743682400337,0.4876790287632424,-0.6086463998781884,-0.741600901376971,-0.13050516286177127,0.6580246997972696,-20.793960571289062,2.96547532081604,-0.14925935864448547
5.66,2.784574386152978,1.853717018521147,4.164568178869229,1.8875633995961847,-55.96011734008789,-7.609863758087158,-237.81320190429688,1.7141891717910767,1.8777464628219604,29.154062271118164,0.22431699374043618,0.7511965303271212,0.6207943775065521,-0.609737532884843,0.605120087940568,-0.5119080192400821,-0.7601986762095538,-0.26369196422207036,0.5937714380920895,-21.294748306274414,3.0290334224700928,-0.1263018101453781
5.67,3.4805214308758945,2.167120611610089,3.8524904687932096,1.8394557196391261,-55.94333267211914,-7.590873718261719,-237.5220489501953,1.6398959159851074,1.9187650680541992,29.0827579498291,0.2024971268323601,0.6017849408293994,0.7725605468929899,-0.5968273173923944,0.7012996369850313,-0.3898409578005649,-0.7763968488079003,-0.3821435648491545,0.5011728534203972,-21.330249786376953,2.9597158432006836,-0.09511040896177292
5.68,3.4805214308758945,2.167120611610089,3.8524904687932096,1.8394557196391261,-55.92737579345703,-7.571521282196045,-237.23143005371094,1.5492544174194336,1.949946403503418,29.044893264770508,0.17786785848681885,0.426015156062438,0.8870592492739194,-0.5880331839026388,0.7688033904337832,-0.25131319401663993,-0.7890373879269844,-0.4769197350316052,0.38725646126403757,-20.881162643432617,2.882521152496338,-0.059425026178359985
5.69,1.7245869610524345,2.9139910797223374,4.096270967212429,1.1390475797786064,-55.91238784790039,-7.551918029785156,-236.94105529785156,1.4466694593429565,1.9684587717056274,29.043684005737305,0.15105538632059723,0.23492851724271271,0.9602035524042158,-0.5832262028926302,0.805453772388855,-0.10531579560544219,-0.7981412572489783,-0.5441073536818843,0.258684597814244,-20.358470916748047,2.872938632965088,-0.025049414485692978
5.7,1.7245869610524345,2.9139910797223374,4.096270967212429,1.1390475797786064,-55.8984375,-7.532202243804932,-236.6504669189453,1.344958782196045,1.9721523523330688,29.078659057617188,0.12305870209023129,0.03777120862720157,0.9916803374266874,-0.582359074937673,0.8118797292589635,0.04134263000983668,-0.8035636027581174,-0.5826016143276922,0.12190527185139144,-19.946876525878906,2.8281445503234863,0.015043605118989944
5.71,2.342779791280448,0.06340839321957548,3.8545340389155878,4.115494077378786,-55.885475158691406,-7.512518882751465,-236.359375,1.248163104057312,1.9621543884277344,29.141324996948242,0.09543161059155786,-0.15833258892170346,0.9827632466597702,-0.5852027836705349,0.789721674541987,0.1840580852417448,-0.8052518299787705,-0.5926807471514078,-0.017292260462139386,-19.646772384643555,2.740687131881714,0.0600932240486145
5.72,2.5563658122908697,1.9873435214108497,0.32590428170324026,0.27027175739358883,-55.873477935791016,-7.493003845214844,-236.0675506591797,1.1521828174591064,1.9384783506393433,29.221065521240234,0.07042796114992761,-0.34602579229277,0.9355779247911021,-0.5910478065869122,0.7410613066248806,0.31857594095007363,-0.8035560917677523,-0.5754079343314495,-0.15232634864444838,-19.343603134155273,2.29581356048584,0.09059465676546097
5.73,2.5563658122908697,1.9873435214108497,0.32590428170324026,0.27027175739358883,-55.86235046386719,-7.473765850067139,-235.77491760253906,1.0817677974700928,1.9100836515426636,29.303192138671875,0.05077956884795659,-0.5185631287016133,0.853530149988159,-0.598505318603896,0.6683674039282657,0.4416745373790967,-0.7995078604932312,-0.5332703769359255,-0.2764233819562868,-19.132198333740234,2.1864254474639893,0.10814138501882553
5.74,2.2036073224168766,1.2730181363507282,1.0768934774888481,0.1595975451537837,-55.851768493652344,-7.4548020362854,-235.48150634765625,1.036415457725525,1.8820970058441162,29.374486923217773,0.030922405562296362,-0.6711139236972352,0.740709056414151,-0.6097049935425582,0.5745566137637164,0.5460261151535153,-0.7920250158192663,-0.4684984514382866,-0.3914148378848425,-19.019136428833008,2.642592668533325,0.12982293963432312
5.75,2.2036073224168766,1.2730181363507282,1.0768934774888481,0.1595975451537837,-55.84159469604492,-7.436136722564697,-235.18746948242188,1.0004487037658691,1.850590705871582,29.42983055114746,0.01061432024379172,-0.7986449700335014,0.6017088565460462,-0.6258619333649633,0.46399645330097417,0.6269004160859902,-0.7798616393761351,-0.3832407900580327,-0.49491647807005024,-18.826461791992188,3.054917335510254,0.15729305148124695
5.76,4.179627121939863,3.811187462799362,0.5919410655772582,3.534317147489567,-55.83173751831055,-7.4178032875061035,-234.89297485351562,0.9720613956451416,1.8155884742736816,29.465137481689453,-0.007636660156578767,-0.8965561323590098,0.4428642940575661,-0.6462714198416956,0.3423809882861614,0.6819886441547176,-0.7630694157922014,-0.281002420611718,-0.5820332518790514,-18.549362182617188,3.3627307415008545,0.18881621956825256
5.77,1.065936875112792,2.0845097336888028,4.12039308606593,1.8925624480336851,-55.82218551635742,-7.399917125701904,-234.59817504882812,0.9380748271942139,1.7532705068588257,29.500823974609375,-0.02214994117506383,-0.9627028578208133,0.2696527167480054,-0.6704787515219089,0.2143762608206589,0.7102823822636846,-0.7415980204015942,-0.16506370388486874,-0.6502202317647805,-18.603134155273438,3.7642111778259277,0.21700726449489594
5.78,1.065936875112792,2.0845097336888028,4.12039308606593,1.8925624480336851,-55.812950134277344,-7.382781505584717,-234.30299377441406,0.9125381708145142,1.6755567789077759,29.530567169189453,-0.03131127810334988,-0.995879606864585,0.08510823987590227,-0.69762339232158,0.08275339513874413,0.7116695005961275,-0.7157801382752007,-0.03709021736590823,-0.6973400242539389,-18.682085037231445,3.7955753803253174,0.2555108368396759
5.79,1.9373407957412048,0.5100240611036285,0.030722553949343246,3.0648199254408053,-55.80387878417969,-7.366388320922852,-234.0076141357422,0.9052850604057312,1.6037133932113647,29.54184341430664,-0.033851431450718734,-0.994223972398961,-0.10184681289057113,-0.7229335470458176,-0.04600497817891109,0.6893842386786271,-0.6900877966929204,0.09696512099712778,-0.7172005285591488,-18.534677505493164,3.399254083633423,0.3026905655860901
5.8,1.9373407957412048,0.5100240611036285,0.030722553949343246,3.0648199254408053,-55.794803619384766,-7.350658893585205,-233.7122039794922,0.9112322330474854,1.5465221405029297,29.534439086914062,-0.030794808800722526,-0.9582658952557427,-0.28421497803711326,-0.7448571013901867,-0.16761148051308708,0.6458283751189786,-0.6665129993177448,0.23158770604226997,-0.7086095936060581,-18.573144912719727,3.0911269187927246,0.3324088752269745
5.81,1.0047137688733274,2.9076471968278534,2.7891418669405654,4.14665247311679,-55.78562927246094,-7.335415363311768,-233.41693115234375,0.9253125786781311,1.5033729076385498,29.518632888793945,-0.022807879480573227,-0.888612246831573,-0.4580917761917835,-0.7640841767434764,-0.2799975213404918,0.5811856492493812,-0.6447132474859218,0.3632762899283743,-0.6725884073428801,-18.809059143066406,2.913722515106201,0.3464389443397522
5.82,1.0113766208179176,2.9805162169677692,3.4089575199112945,1.7001749225944875,-55.776222229003906,-7.320618152618408,-233.1217498779297,0.9613692760467529,1.4529123306274414,29.528244018554688,-0.010853586365091903,-0.786101366120859,-0.6180022992238252,-0.7802964541605751,-0.37983374044344065,0.49685387514356616,-0.625315634929632,0.4876176491921349,-0.6092695502886116,-19.199691772460938,2.586311101913452,0.3665713667869568
5.83,1.0113766208179176,2.9805162169677692,3.4089575199112945,1.7001749225944875,-55.76632308959961,-7.3063483238220215,-232.82630920410156,1.018865942955017,1.4035855531692505,29.56208610534668,0.002868404482041992,-0.6523720216776974,-0.7578934737731163,-0.7926549536499883,-0.4635472655664908,0.39600764770388475,-0.6096637570906297,0.5996121062136615,-0.5184355556596736,-19.480348587036133,2.234323024749756,0.398208886384964
5.84,1.9962089321695995,2.6289521713981525,0.07921403098733003,1.8263913147243276,-55.75580596923828,-7.292505264282227,-232.53045654296875,1.085922360420227,1.3670905828475952,29.610660552978516,0.01763492891717452,-0.4929810524381425,-0.8698613057373386,-0.8019013449880307,-0.5266130733947485,0.28219302584600603,-0.5971961505137768,0.6925664970720996,-0.40460895311993267,-19.56252098083496,1.977211833000183,0.4338679909706116
5.85,1.9962089321695995,2.6289521713981525,0.07921403098733003,1.8263913147243276,-55.744606018066406,-7.278958320617676,-232.2340545654297,1.151414394378662,1.3451201915740967,29.67062759399414,0.033541864044341646,-0.31386521894466624,-0.9488748957018766,-0.8086544105361684,-0.5664503306255563,0.1587830823941878,-0.5873269853129791,0.7619859888941621,-0.2728082935912195,-19.780658721923828,1.9941107034683228,0.4594895839691162
5.86,1.2020945222348056,2.3416157050578237,0.7684913826906974,0.9208068337829908,-55.7327880859375,-7.265564918518066,-231.93701171875,1.2122217416763306,1.3353331089019775,29.739599227905273,0.0531536971308718,-0.11977192271995374,-0.9913775118537261,-0.813304330679649,-0.5812295100651174,0.026614325600918365,-0.5794055144534332,0.804876973926717,-0.1283055207834929,-20.148174285888672,2.255012273788452,0.47865572571754456
5.87,1.2940393580942804,1.8461353577898352,3.8607205769306914,2.2236298704057944,-55.720375061035156,-7.25222110748291,-231.6392364501953,1.2679696083068848,1.3346632719039917,29.812456130981445,0.0767633082392884,0.08223883693643325,-0.9936519351400178,-0.8151194107229343,-0.5687450560380135,-0.11004275303268696,-0.5741844135561814,0.8183922256055829,0.02337572025594764,-20.45398712158203,2.4845759868621826,0.5039368867874146
5.88,1.2940393580942804,1.8461353577898352,3.8607205769306914,2.2236298704057944,-55.7073860168457,-7.2388386726379395,-231.3407745361328,1.3356696367263794,1.344387173652649,29.8780574798584,0.10177030231077036,0.28221028041334406,-0.9539392869552002,-0.813637751226976,-0.5281321766913518,-0.2430432342641206,-0.5723953313452895,0.800895599670941,0.1758687666467235,-20.502309799194336,2.3227922916412354,0.5365168452262878
5.89,1.3896643397654072,0.42379332055480046,0.9586603004139741,3.5579161131188592,-55.69363021850586,-7.225290775299072,-231.041748046875,1.414638638496399,1.3669987916946411,29.920751571655273,0.1230544381751078,0.4691079383740393,-0.8745257842967625,-0.8100822522395397,-0.4615549993538492,-0.36157119240612,-0.5732576644510946,0.75293075692651,0.3232196241290887,-20.368661880493164,1.8379751443862915,0.5678486227989197
5.9,1.3896643397654072,0.42379332055480046,0.9586603004139741,3.5579161131188592,-55.67914962768555,-7.211484432220459,-230.742431640625,1.475577712059021,1.393727421760559,29.935121536254883,0.13924613307915373,0.6352677886076885,-0.7596350118181758,-0.8060336129676975,-0.37291521142510137,-0.4596129456988914,-0.5752567506676847,0.6762906785142535,0.4601201896961142,-20.41744613647461,1.3213019371032715,0.5827844738960266
5.91,4.118302749509814,2.1266562426658204,2.6351343525767033,1.4007069715076976,-55.664180755615234,-7.197415828704834,-230.44313049316406,1.5166254043579102,1.420197606086731,29.91598892211914,0.15078038775721758,0.7757857340024871,-0.6127167123442984,-0.8026138359887577,-0.2657736693772526,-0.534018152261852,-0.5771276331516234,0.5722943749365125,0.5825829069487295,-20.654916763305664,0.8120471239089966,0.5819560289382935
5.92,1.6542489407107799,1.7326647215351794,1.6571468411979002,1.386618483765201,-55.648826599121094,-7.183040142059326,-230.144287109375,1.5548160076141357,1.4584853649139404,29.844423294067383,0.1591871111380831,0.8839693110570671,-0.4396108742476763,-0.8000516526475344,-0.1453861043832077,-0.5820483087753321,-0.5784261549614271,0.44436599528043286,0.6840775142445261,-20.541519165039062,0.6450884938240051,0.5807375907897949
5.93,1.6542489407107799,1.7326647215351794,1.6571468411979002,1.386618483765201,-55.633140563964844,-7.168245792388916,-229.84637451171875,1.5774271488189697,1.4972987174987793,29.733610153198242,0.16687559900063786,0.953644969257346,-0.2504272490531608,-0.7965492795500423,-0.019294335384678507,-0.6042656484282157,-0.5810867230512902,0.30031483684996163,0.7564054594338239,-20.317411422729492,0.6667304635047913,0.5862829089164734
5.94,1.0888315811331972,3.8332442267651436,0.5143434742290526,0.1841463497997849,-55.617347717285156,-7.153120040893555,-229.5496826171875,1.5802812576293945,1.527144432067871,29.602680206298828,0.17359440454610703,0.9834339873912358,-0.05217830156355591,-0.7924106030728771,0.10802245861067811,-0.6003470534394116,-0.5847652681614752,0.1455635286721203,0.7980356134111806,-20.262910842895508,0.6112290620803833,0.5941968560218811
5.95,1.0888315811331972,3.8332442267651436,0.5143434742290526,0.1841463497997849,-55.60158920288086,-7.13771915435791,-229.2543487548828,1.5695725679397583,1.5518436431884766,29.459243774414062,0.17912579481423085,0.9725743081001428,0.14836834182432107,-0.7874652494863075,0.2321362915853672,-0.5709739249567014,-0.5897562466677548,-0.01455875518448857,0.8074500679075087,-20.433454513549805,0.8126071691513062,0.6079415082931519
5.96,1.401853779581739,3.5675949426742477,0.4970897953269303,3.9647976702010097,-55.585994720458984,-7.122096538543701,-228.96047973632812,1.5477696657180786,1.5720343589782715,29.31751823425293,0.182378849017373,0.9203394203025106,0.34599610816935034,-0.7800502691359712,0.3496573297425458,-0.518903969322081,-0.598547853602364,-0.175257248621993,0.7816811138523508,-20.79633331298828,1.2576366662979126,0.6305575370788574
5.97,1.9158234020935343,2.244383144992979,1.2375849063894344,0.3605089390319782,-55.5706901550293,-7.106257915496826,-228.6680145263672,1.5085960626602173,1.5979115962982178,29.17831802368164,0.1817680315905299,0.8261710900099027,0.5332932708403073,-0.7706633741105299,0.456534196727712,-0.4445835028684222,-0.6107686521885989,-0.3301785233022161,0.7196831221125658,-21.43675422668457,1.471550464630127,0.6499422788619995
5.98,1.9158234020935343,2.244383144992979,1.2375849063894344,0.3605089390319782,-55.55585861206055,-7.090157985687256,-228.37681579589844,1.4592437744140625,1.6193022727966309,29.071077346801758,0.17739861963308168,0.6904507647424731,0.7012898624811363,-0.7613476381773794,0.5478194909568329,-0.3467615595326602,-0.6236020394402213,-0.4724103584748438,0.6228554805182871,-21.83530044555664,1.58538818359375,0.6681494116783142
5.99,2.281266578934874,1.4434699185117765,4.017622551042314,0.7131350495595693,-55.541507720947266,-7.0739030838012695,-228.08642578125,1.410243272781372,1.630696177482605,29.01428985595703,0.1684741377897127,0.52061704830975,0.837003198264652,-0.7524937436662308,0.6164059812533143,-0.23194144092490135,-0.6366864460935175,-0.5907635358452501,0.49560953791914064,-21.824480056762695,1.7937064170837402,0.6918953061103821
6.0,2.281266578934874,1.4434699185117765,4.017622551042314,0.7131350495595693,-55.5276985168457,-7.057552814483643,-227.79641723632812,1.3465116024017334,1.6390435695648193,28.99738311767578,0.15531191671165678,0.32674614228726107,0.9322634643853336,-0.7448817085897645,0.6586033925264299,-0.10673711426242716,-0.648867820696746,-0.6778484564067917,0.34567617998812883,-21.48051643371582,1.763411045074463,0.7201029658317566
6.01,0.10082877251462824,0.9847428135711283,1.5632342664350045,3.111917476413788,-55.51461410522461,-7.04114294052124,-227.50637817382812,1.2681622505187988,1.6414406299591064,29.018701553344727,0.1412183963292456,0.12209435426019238,0.982420649821645,-0.7392557251268521,0.6730448323011488,0.02261916399629188,-0.6584514692863619,-0.7294543319293578,0.18530526226776756,-20.870376586914062,1.5021597146987915,0.7482776045799255
6.02,3.284672535611698,1.2625843989201004,0.09303432490395795,3.459587943093484,-55.50230407714844,-7.02475118637085,-227.2159423828125,1.1987559795379639,1.6356390714645386,29.07451629638672,0.1285495358216469,-0.08380424565377725,0.9881557899695981,-0.7352559634975704,0.6606008883289818,0.1516744358163879,-0.6654875543398979,-0.7460451157600065,0.023302366174703104,-20.729007720947266,1.0280784368515015,0.7666051983833313
6.03,3.284672535611698,1.2625843989201004,0.09303432490395795,3.459587943093484,-55.49064636230469,-7.008457660675049,-226.9248046875,1.130780577659607,1.621017575263977,29.149471282958984,0.11917746015277653,-0.28758547807042345,0.9503111731399034,-0.7320472018797037,0.6211522687607011,0.2797798299261943,-0.6707485573682808,-0.7290160847446646,-0.13649879476365528,-20.96668243408203,0.6986769437789917,0.7648670077323914
6.04,1.5612866220526016,3.909712125941942,2.698907318870361,1.3383731422602962,-55.47970199584961,-6.992368698120117,-226.63290405273438,1.0581786632537842,1.594940185546875,29.2307186126709,0.11019402698221453,-0.4809986793470379,0.8697686743518924,-0.7298209654487423,0.554886992944045,0.39932666258713667,-0.6746989216005228,-0.6787788266644156,-0.2898976882680693,-21.189733505249023,0.6415131092071533,0.7520715594291687
6.05,1.5612866220526016,3.909712125941942,2.698907318870361,1.3383731422602962,-55.469482421875,-6.976601600646973,-226.3402099609375,0.9857988357543945,1.5556142330169678,29.30804443359375,0.10070354132467205,-0.6547821551111472,0.7490788517323607,-0.7288882142194777,0.4639081632370038,0.503498944640414,-0.6771859182946817,-0.5966988733273019,-0.43054580085435473,-21.382949829101562,0.6529128551483154,0.7554388046264648
6.06,3.2159376132964175,3.7379523170069158,3.6412344066548563,3.3791743827591363,-55.45996856689453,-6.961297512054443,-226.0467987060547,0.9193001985549927,1.503426432609558,29.372243881225586,0.09058723804081378,-0.8001232143408096,0.5929559799656862,-0.7294406381850386,0.3520540787736136,0.5864932062548256,-0.6780194006577837,-0.4856549881261311,-0.5517507814583199,-21.550628662109375,0.6936919093132019,0.775434672832489
6.07,3.017189359144805,2.64651315466055,2.0503671470415585,3.892342985292962,-55.45109176635742,-6.9466047286987305,-225.7528076171875,0.8559646010398865,1.4296400547027588,29.42816162109375,0.08042927296595909,-0.9094025610179898,0.4080663108663698,-0.7313621633659914,0.22431208604587977,0.6440446211640641,-0.6772300333319428,-0.35024430054986966,-0.6470613663985421,-21.658727645874023,0.6294862031936646,0.7921822667121887
6.08,3.017189359144805,2.64651315466055,2.0503671470415585,3.892342985292962,-55.442779541015625,-6.932741165161133,-225.4582977294922,0.8097660541534424,1.3439719676971436,29.469301223754883,0.07119239925136112,-0.9766160501700373,0.20286136359373622,-0.7337233487356934,0.0864994621380315,0.673919795353951,-0.6757082875094212,-0.19682208615931931,-0.710407894516227,-21.806753158569336,0.45101162791252136,0.7967103719711304
6.09,3.4658638520870606,0.8078900181778289,0.9906949518561722,1.686452839227304,-55.4348030090332,-6.91972017288208,-225.16348266601562,0.7897436618804932,1.260244369506836,29.490278244018555,0.06294268644592756,-0.9979166484178889,-0.014162663357482563,-0.7359573810848957,-0.0559954589137807,0.6747082642206903,-0.6740956545251062,-0.03204483408355907,-0.737948627723452,-22.03284454345703,0.2439635545015335,0.7929282188415527
6.1,3.4658638520870606,0.8078900181778289,0.9906949518561722,1.686452839227304,-55.42690658569336,-6.907481670379639,-224.8685302734375,0.7917404174804688,1.1926170587539673,29.488113403320312,0.055355171278393976,-0.9711062069571459,-0.23213905277235053,-0.7381657971478712,-0.1963597449195373,0.6454100297455734,-0.6723444511065644,0.13563032619749432,-0.72770691468597,-22.003490447998047,0.16366054117679596,0.7841089367866516
6.11,1.4867420114936296,1.4875193702285887,1.8241044054862,3.2215280200200307,-55.41891860961914,-6.895815849304199,-224.57373046875,0.8080593943595886,1.1418532133102417,29.475921630859375,0.048669823280987186,-0.8980092022950671,-0.43727648106795597,-0.7413311470779328,-0.3258732917558225,0.5867152018589092,-0.6693723766887257,0.29561135010956807,-0.6815823875456911,-21.729251861572266,0.20753967761993408,0.7730206251144409
6.12,0.2116488612022096,3.156811223574337,3.686266548090669,4.149442883270275,-55.41069030761719,-6.88463020324707,-224.2789306640625,0.840104877948761,1.0956286191940308,29.479881286621094,0.04296615447284137,-0.783390387164431,-0.6200430717846781,-0.7451339253019209,-0.4385471386505678,0.5024458583226172,-0.665529370451799,0.4404269615722488,-0.6025734383345067,-21.680429458618164,0.01698075234889984,0.7652028203010559
6.13,0.2116488612022096,3.156811223574337,3.686266548090669,4.149442883270275,-55.40202713012695,-6.87390661239624,-223.98397827148438,0.8984656929969788,1.04840886592865,29.515573501586914,0.0357473749939425,-0.6308927587421572,-0.7750460967889281,-0.7477961098117109,-0.531372628815387,0.39805038311286217,-0.6629653862242839,0.5653471997918933,-0.49077432731954423,-22.0205020904541,-0.5746684074401855,0.7640239000320435
6.14,2.859314719104823,0.38210442915974,3.4204035366516727,1.434068886733535,-55.39263916015625,-6.8636393547058105,-223.6885223388672,0.9821994304656982,1.0070760250091553,29.578746795654297,0.02348808155517651,-0.444310352515888,-0.8955649728925672,-0.7489527702674739,-0.6011971020968878,0.2786248236230585,-0.6622069600461276,0.6641915048218483,-0.3468884359400796,-22.53233528137207,-1.356866478919983,0.761936366558075
6.15,2.859314719104823,0.38210442915974,3.4204035366516727,1.434068886733535,-55.38238525390625,-6.853707790374756,-223.39234924316406,1.0664513111114502,0.9825313687324524,29.652725219726562,0.004983261337994101,-0.23247418827459382,-0.9725897999118158,-0.7500998659385956,-0.6440642429759267,0.1501047702065042,-0.6613057978162131,0.7287914672290798,-0.177588397900163,-22.455198287963867,-1.9674886465072632,0.7460711598396301
6.16,0.10840397587150165,2.6667066218938973,2.850429297553251,0.2155620278938811,-55.37132263183594,-6.843942165374756,-223.0954132080078,1.1443766355514526,0.9724887013435364,29.729047775268555,-0.017560364498087275,-0.01309669859539897,-0.9997600262485971,-0.7530643022222928,-0.6575842951529829,0.021841508340900595,-0.6577125438344211,0.7532671314042951,0.001684763721944385,-21.813337326049805,-2.3895013332366943,0.7194799780845642
6.17,2.560535054073873,1.2706818756280556,3.375263687713556,1.9817350105378728,-55.35952377319336,-6.834225177764893,-222.79776000976562,1.211179494857788,0.9724248051643372,29.796913146972656,-0.04224606281312951,0.20130932354353315,-0.9786162815073304,-0.7587255341639813,-0.6437403526109545,-0.09966906354484084,-0.6500391018887793,0.738290535409177,0.17993401940950546,-21.430362701416016,-2.6848065853118896,0.6995689272880554
6.18,2.560535054073873,1.2706818756280556,3.375263687713556,1.9817350105378728,-55.34708023071289,-6.824465274810791,-222.4995574951172,1.2802765369415283,0.9813061356544495,29.838947296142578,-0.06687034577548295,0.40399555072101156,-0.9123135162067337,-0.7674899698246969,-0.6050977736087266,-0.21169749784125533,-0.6375637247164816,0.6860351881437197,0.35052563038137136,-21.148897171020508,-2.971623182296753,0.6772832870483398
6.19,0.8915251175656094,2.4940452661634787,2.1503196913216573,0.31222869547663523,-55.333900451660156,-6.814565658569336,-222.20111083984375,1.3539485931396484,1.000152349472046,29.837114334106445,-0.09066457926610458,0.5850839107467695,-0.805888795958702,-0.7795515697040728,-0.5452771818476095,-0.30817551026686896,-0.6197413042862452,0.6002912729180686,0.5055404073068624,-20.72128677368164,-3.3175976276397705,0.6441789269447327
6.2,0.8915251175656094,2.4940452661634787,2.1503196913216573,0.31222869547663523,-55.320072174072266,-6.804455757141113,-221.90293884277344,1.4054759740829468,1.0207723379135132,29.79324722290039,-0.11183806622657627,0.7375848640976491,-0.6659285361033513,-0.7947235088027843,-0.4686982973870772,-0.38566364954795246,-0.5965792415923394,0.48609718604463,0.638594342458968,-20.461700439453125,-3.493476629257202,0.6138522624969482
6.21,1.4106391741171977,2.6162353036754795,2.037032281711597,0.29347349928011873,-55.30585479736328,-6.794154644012451,-221.60540771484375,1.435004472732544,1.0395865440368652,29.708370208740234,-0.1274972075775908,0.8575690464597299,-0.4983169599903925,-0.8118767503787325,-0.3788366619140544,-0.4442284612497106,-0.5697373116221072,0.3479340657997806,0.7445409871871715,-20.37546730041504,-3.506037473678589,0.5888227820396423
6.22,2.763840868929592,3.261332178623695,1.5175042203027465,2.3809186034874954,-55.29140853881836,-6.783658027648926,-221.3089141845703,1.45235013961792,1.0602656602859497,29.579486846923828,-0.1364301852283326,0.9408342854343581,-0.3101897031008342,-0.8299740777939912,-0.2795057579668808,-0.4827209975269081,-0.5408602728511095,0.19159169766610532,0.8190010907421572,-20.290809631347656,-3.437652587890625,0.5640002489089966
6.23,2.763840868929592,3.261332178623695,1.5175042203027465,2.3809186034874954,-55.27683639526367,-6.772916793823242,-221.01394653320312,1.460952877998352,1.0907835960388184,29.403308868408203,-0.13823930821379765,0.9843208204741654,-0.10955553863514553,-0.8478316307991962,-0.1747909444733507,-0.5006292555839,-0.5119291156800387,0.02367800902061301,0.8587013056982467,-20.33590316772461,-3.2808313369750977,0.5332595109939575
6.24,3.6954536269601066,1.073276806303638,2.3258853283279146,1.5636501855505982,-55.262245178222656,-6.761818885803223,-220.72093200683594,1.4542688131332397,1.1292327642440796,29.198545455932617,-0.13338267956640537,0.9863323760682118,0.09673419618377851,-0.8644125450503156,-0.06803864512249647,-0.4981583028812542,-0.4847679988936171,-0.1500639420031711,0.8616732562631542,-20.5167293548584,-3.0828161239624023,0.49816370010375977
6.25,3.6954536269601066,1.073276806303638,2.3258853283279146,1.5636501855505982,-55.2478141784668,-6.750343322753906,-220.42994689941406,1.4294216632843018,1.1648725271224976,29.001651763916016,-0.1227633534195739,0.9462165672241949,0.2993382150137892,-0.879181826390053,0.036235117394243455,-0.4751066537240625,-0.4604003423137646,-0.3214984046272798,0.8274480652098247,-20.351442337036133,-2.9599831104278564,0.4611174166202545
6.26,4.018314314354962,1.024511921207229,1.1709397051060797,1.6297867603857032,-55.23371887207031,-6.738536357879639,-220.14080810546875,1.3895655870437622,1.195968747138977,28.832351684570312,-0.1071859282687817,0.867520754278644,0.4857148522301662,-0.8921599670073798,0.13169533725259058,-0.4320959747733337,-0.4388186072291723,-0.47964995469794325,0.759851400543363,-19.849567413330078,-2.907837390899658,0.4226931035518646
6.27,2.8011723825497823,1.69134897838002,0.7517807254938046,1.8498973184288052,-55.220069885253906,-6.726439952850342,-219.85317993164062,1.3387298583984375,1.2221735715866089,28.703216552734375,-0.08769434293969303,0.7564346670002536,0.6481637885415932,-0.9029711435321223,0.21440523567536127,-0.37238892150987035,-0.4206575996753977,-0.617929599125344,0.6642365500031783,-19.367841720581055,-2.7622697353363037,0.3823850452899933
6.28,2.8011723825497823,1.69134897838002,0.7517807254938046,1.8498973184288052,-55.206966400146484,-6.714112281799316,-219.5666046142578,1.2823781967163086,1.242186188697815,28.62297821044922,-0.06616960243472392,0.6187725088317314,0.782778491035437,-0.9110272672699885,0.2825286655228071,-0.3003445878461588,-0.4070023366077986,-0.7330062315369406,0.5450238183087098,-19.13750648498535,-2.545419692993164,0.3441479206085205
6.29,4.13603161717647,0.4178137756959129,0.28292490886813476,3.9604599091461226,-55.19444274902344,-6.70161247253418,-219.2805633544922,1.2216925621032715,1.2571666240692139,28.590778350830078,-0.04398459259710574,0.45884644931364116,0.8874262175337906,-0.9163762158693253,0.3352560961876283,-0.21876467026932672,-0.39789444153328174,-0.8228385539832803,0.4057298700806018,-19.097496032714844,-2.3320536613464355,0.31008780002593994
6.3,4.13603161717647,0.4178137756959129,0.28292490886813476,3.9604599091461226,-55.18258285522461,-6.688979625701904,-218.99461364746094,1.1491477489471436,1.2690578699111938,28.598953247070312,-0.021971257814903722,0.28214720896279294,0.9591195005339725,-0.9193099884314884,0.3713379160335831,-0.13029695808395603,-0.3929203596151866,-0.8845909249988616,0.251221986317939,-19.082786560058594,-2.223317861557007,0.26809966564178467
6.31,3.1351436209748247,3.4910652155157536,3.0665124926420733,3.1992037677965706,-55.17150115966797,-6.6762495040893555,-218.7084197998047,1.0660229921340942,1.275942325592041,28.641698837280273,0.00019864693541415956,0.09516538572324751,0.9954614557578514,-0.9202425853267606,0.3895896274774244,-0.037060846092896726,-0.39134836743049634,-0.9160586616162456,0.08765263137714718,-19.070711135864258,-2.208007335662842,0.21732336282730103
6.32,2.280811023696405,3.0387419188599263,2.476783070134989,3.090805304438488,-55.16132736206055,-6.663485050201416,-218.42169189453125,0.9612604975700378,1.2753536701202393,28.709810256958008,0.022190106630201323,-0.09534002134677727,0.9951974073003489,-0.9192475223658148,0.3894134877897266,0.05780249260846443,-0.3930541842953099,-0.9161153944002014,-0.07899995158803635,-19.100770950317383,-2.1945650577545166,0.18017154932022095
6.33,2.280811023696405,3.0387419188599263,2.476783070134989,3.090805304438488,-55.15229415893555,-6.6507768630981445,-218.13418579101562,0.8493021130561829,1.2644942998886108,28.793119430541992,0.04341952429207413,-0.2830750201507778,0.9581144388207952,-0.9163018095557113,0.37088895654482634,0.15110385738960969,-0.3981277919402005,-0.8844828516595034,-0.24327833114581693,-19.237756729125977,-2.2168099880218506,0.15639767050743103
6.34,1.481797576388995,3.080051147396477,3.349221440856083,0.35243801322604484,-55.14431381225586,-6.638227462768555,-217.84584045410156,0.7482306957244873,1.2435641288757324,28.876249313354492,0.0636275932449007,-0.46190370140935855,0.8846448439923197,-0.9113813841080087,0.33427756190110597,0.2400884926663968,-0.4066146850265392,-0.8215250953158926,-0.39970115797553285,-19.443862915039062,-2.2741198539733887,0.1337059736251831
6.35,1.481797576388995,3.080051147396477,3.349221440856083,0.35243801322604484,-55.137264251708984,-6.625927925109863,-217.55673217773438,0.6665222644805908,1.2158331871032715,28.94061851501465,0.08193420247418874,-0.6243422820730145,0.7768420053529412,-0.9045858762620977,0.28059633030554293,0.3209206940759596,-0.4183433744330745,-0.7290146872559723,-0.5417807737757269,-19.445772171020508,-2.2560927867889404,0.11934009194374084
6.36,1.212075443195708,1.0561575402622323,0.9493395069056916,3.643646033325915,-55.13092041015625,-6.613926887512207,-217.26712036132812,0.6037185192108154,1.1832526922225952,28.97492027282715,0.09686138334585617,-0.762009526636442,0.6402806835534183,-0.8964240771629495,0.21274220331913266,0.3887989568009087,-0.4324832323904375,-0.6116226256787973,-0.6624771825949121,-19.250356674194336,-2.1652772426605225,0.11380793154239655
6.37,3.8260208239203752,0.008897562487294668,3.2740320880471945,3.283808274063471,-55.12512969970703,-6.602272987365723,-216.97735595703125,0.5568163394927979,1.1474356651306152,28.97498893737793,0.10827634018538002,-0.870288284603623,0.4804940539046698,-0.8871143619301053,0.13355456896876206,0.4418045789315801,-0.44866952538968197,-0.4740901589247051,-0.7575844363484153,-19.33201789855957,-2.284421920776367,0.09541603177785873
6.38,3.8260208239203752,0.008897562487294668,3.2740320880471945,3.283808274063471,-55.11977005004883,-6.591009140014648,-216.6876983642578,0.5180149078369141,1.1021292209625244,28.956357955932617,0.11711491670987018,-0.9462454490627699,0.30150231576562886,-0.8757070923101242,0.044800054952680794,0.4807598605894464,-0.4684241504894761,-0.32033186729426966,-0.8233870961060653,-19.202571868896484,-2.630579948425293,0.05918307974934578
6.39,3.724578990498411,3.327445857252418,0.7595974429079135,1.7184155213566414,-55.114742279052734,-6.58026123046875,-216.3982696533203,0.4903726577758789,1.0464223623275757,28.930931091308594,0.12257407125722419,-0.9858238545254877,0.11457279303542772,-0.8617316043889304,-0.04844823533757237,0.505045948889757,-0.49233549440671937,-0.1606365348891255,-0.8554540692556825,-18.657033920288086,-3.0231313705444336,0.016061600297689438
6.4,3.724578990498411,3.327445857252418,0.7595974429079135,1.7184155213566414,-55.10990524291992,-6.570082664489746,-216.10911560058594,0.48103100061416626,0.9898723363876343,28.896493911743164,0.12328844879454266,-0.989743127576979,-0.07216993700963975,-0.8461482815761914,-0.142840969302445,0.513448676183313,-0.518491122372885,-0.002235822640083429,-0.8550800881307133,-18.392410278320312,-2.9073941707611084,-0.024461086839437485
6.41,4.101045353547939,4.062599492071968,2.96556231285911,3.8765568254799874,-55.10506820678711,-6.560457706451416,-215.82032775878906,0.4893124997615814,0.9354038238525391,28.862293243408203,0.11947129707201974,-0.9594620644093181,-0.25526291570719456,-0.8327111656107808,-0.2368444805769906,0.5004965601154019,-0.5406650754793245,0.15276530685867334,-0.8272508913124914,-18.434547424316406,-2.314483880996704,-0.05655079707503319
6.42,0.17450601724487466,2.4413515833725397,3.71838015266754,0.9931347720410933,-55.100040435791016,-6.551406383514404,-215.5317840576172,0.5229687094688416,0.8714796900749207,28.85984992980957,0.11310303239727604,-0.8958919447309129,-0.42963394585251724,-0.8225131562182538,-0.3269989597190263,0.46534265674936914,-0.5573865910751956,0.30074790723949785,-0.773867485026109,-18.543533325195312,-1.877314805984497,-0.08176273852586746
6.43,0.17450601724487466,2.4413515833725397,3.71838015266754,0.9931347720410933,-55.09457015991211,-6.542985916137695,-215.24310302734375,0.5694506168365479,0.8185863494873047,28.865415573120117,0.10449194812374711,-0.8008395536873922,-0.5896926674354046,-0.8141253639755639,-0.4094360984729347,0.4117790341905681,-0.5712104030118499,0.43705616403048236,-0.6947665686933996,-18.57790756225586,-1.8755748271942139,-0.09225974231958389
6.44,3.4051396749343255,0.37432064674256427,0.08388701534613664,0.1695411066937588,-55.08865737915039,-6.534976482391357,-214.95440673828125,0.614405632019043,0.7848827242851257,28.87276268005371,0.091974537034194,-0.6780538195218041,-0.7292350117549473,-0.8061655709073433,-0.48057711918761103,0.34517054450948426,-0.584497867251013,0.5561372585479499,-0.5908245025672071,-18.52079963684082,-2.121856927871704,-0.09334418177604675
6.45,3.4051396749343255,0.37432064674256427,0.08388701534613664,0.1695411066937588,-55.082305908203125,-6.527246952056885,-214.6655731201172,0.6547763347625732,0.7636781930923462,28.895660400390625,0.07579359935048924,-0.5327477069482489,-0.8428731879938289,-0.799098937231763,-0.5380494978624933,0.2682230906633244,-0.5964027320632967,0.6532094752767306,-0.46649883450672613,-18.25897789001465,-2.0104784965515137,-0.11005796492099762
6.46,2.4235949734039997,4.174845089523793,3.137936975154728,1.286597462024907,-55.07558822631836,-6.519675254821777,-214.37643432617188,0.6890433430671692,0.7516480088233948,28.937204360961914,0.060568118126817894,-0.3726459818583536,-0.9259948570437092,-0.7943481629369593,-0.5797599929452003,0.18135420209870878,-0.6044356864921642,0.7245780308462333,-0.3311256228529306,-17.816953659057617,-1.536484718322754,-0.13765472173690796
6.47,2.2162118034026035,0.5711941752483092,0.8732589342862759,1.7309022400460605,-55.06842041015625,-6.512215614318848,-214.08673095703125,0.756015419960022,0.7398524880409241,29.006685256958008,0.04854341911041586,-0.20404276004433436,-0.977757683955775,-0.7916896287614157,-0.6047130738463036,0.08688860702627915,-0.6089918457357887,0.769862747762772,-0.19089337713622256,-17.569599151611328,-1.1033239364624023,-0.14932765066623688
6.48,2.2162118034026035,0.5711941752483092,0.8732589342862759,1.7309022400460605,-55.06045913696289,-6.504853248596191,-213.79627990722656,0.8296423554420471,0.7343543767929077,29.084312438964844,0.03910213833309924,-0.030353264984969597,-0.9987740996254015,-0.7903811499850162,-0.612491321405883,-0.012329596539978227,-0.6113662245545974,0.7898943350266715,-0.04794036886205581,-17.4696044921875,-0.8884521722793579,-0.15768983960151672
6.49,2.4261899910790676,3.7468811996707627,3.1451765974753627,1.5344120636030154,-55.051883697509766,-6.4975056648254395,-213.50506591796875,0.8842245936393738,0.7360028028488159,29.157251358032227,0.03056933988387725,0.14319335999296828,-0.9892225114265182,-0.7898916336914419,-0.6029888892380911,-0.11169425446135561,-0.6124840589626223,0.784793005262749,0.09467426475729171,-17.348039627075195,-0.8113652467727661,-0.1741470992565155
6.5,2.4261899910790676,3.7468811996707627,3.1451765974753627,1.5344120636030154,-55.04270935058594,-6.490103721618652,-213.2131805419922,0.9596342444419861,0.746660053730011,29.214929580688477,0.022860800103362305,0.3113925230265324,-0.9500063580954627,-0.7900223480646029,-0.5767004603301367,-0.20804150694873302,-0.6126516737732179,0.7552822490024368,0.23282321826805782,-17.261804580688477,-0.6602913737297058,-0.18044646084308624
6.51,2.8909466104701855,1.7467872205392765,3.12928854409111,0.3931687617762554,-55.03264617919922,-6.4825310707092285,-212.92086791992188,1.0525330305099487,0.7695233821868896,29.242969512939453,0.017136441593170043,0.46975152474669324,-0.8826323398605336,-0.7904000622813936,-0.5342753152287526,-0.2996958943375531,-0.6123512749354676,0.7027683775863662,0.36213605668247595,-17.210514068603516,-0.4272875189781189,-0.17525529861450195
6.52,1.635262545776173,1.5408160702457911,3.033793344647994,1.2973299550845023,-55.02171325683594,-6.474694728851318,-212.6283721923828,1.1291382312774658,0.797620415687561,29.241558074951172,0.013549205396315517,0.613078162574327,-0.7899060612551443,-0.7905912218588659,-0.477096402921107,-0.38385484527285385,-0.6121943637055427,0.6296937262624014,0.47822993648760415,-16.886104583740234,-0.2104741632938385,-0.16919031739234924
6.53,1.635262545776173,1.5408160702457911,3.033793344647994,1.2973299550845023,-55.010128021240234,-6.466573715209961,-212.33607482910156,1.18461012840271,0.8267145156860352,29.211769104003906,0.011196871040019207,0.7355679795427281,-0.6773583819148783,-0.7905527362963543,-0.40828099274785057,-0.45643510173427354,-0.6122915981893433,0.5405981672483346,0.5769338093355957,-16.462669372558594,-0.17621341347694397,-0.16380202770233154
6.54,2.6451196138980126,1.5115234077726745,1.35536155748771,1.632113459379888,-54.99806213378906,-6.458151340484619,-212.0442352294922,1.2268227338790894,0.8582462668418884,29.150781631469727,0.00852069587186527,0.835777880891441,-0.5490015770054507,-0.791085133799636,-0.33018534458273363,-0.5149387820935551,-0.6116467189669798,0.43869462275641596,0.6583580478292452,-16.150835037231445,-0.2933337986469269,-0.15908490121364594
6.55,2.6451196138980126,1.5115234077726745,1.35536155748771,1.632113459379888,-54.98563003540039,-6.449403762817383,-211.75314331054688,1.2569752931594849,0.8916355967521667,29.060749053955078,0.00564593006479186,0.9126947575707449,-0.4086029894366692,-0.7922823093754239,-0.24522553322839252,-0.5587067031131772,-0.6101285649143537,0.32688333906109357,0.7217273840722837,-15.930015563964844,-0.270317018032074,-0.16100674867630005
6.56,4.005788227299026,2.0750853740056514,1.559260458284592,1.1229228807088107,-54.972957611083984,-6.440316200256348,-211.46310424804688,1.275258183479309,0.9260894060134888,28.94694709777832,0.0034474947752022866,0.9657648736078921,-0.25939607492193734,-0.7930338944524753,-0.15537718996049682,-0.5890290070017946,-0.6091677577066235,0.2077405539251113,0.7653486167920946,-15.781103134155273,-0.09936247766017914,-0.16747862100601196
6.57,4.1697131132242315,2.9011778197556057,3.719976671149761,0.8480942847064237,-54.96015930175781,-6.430863857269287,-211.17430114746094,1.2836840152740479,0.9660653471946716,28.810495376586914,0.0018165462762854134,0.9944198339556434,-0.10547935340746428,-0.7925544185067099,-0.06288967962028386,-0.6065495708536517,-0.6097984862765051,0.08469995296863336,0.7880175912389229,-15.525023460388184,0.24791935086250305,-0.1729595810174942
6.58,4.1697131132242315,2.9011778197556057,3.719976671149761,0.8480942847064237,-54.94731903076172,-6.420953273773193,-210.886962890625,1.2809975147247314,1.019025206565857,28.650802612304688,0.0001760620854390771,0.9988802712814658,0.04730932938446342,-0.7896512208585774,0.02916579396948138,-0.6128623873747582,-0.6135559619127667,-0.037249967876433754,0.7887721606994662,-15.02396297454834,0.6795420050621033,-0.1692943572998047
6.59,3.021047019516204,0.2927587539151146,1.7880213859664378,2.564820860700795,-54.93458557128906,-6.410459041595459,-210.60128784179688,1.2628778219223022,1.0801962614059448,28.484153747558594,-0.0025534145914995476,0.9811655602842976,0.19315181434799966,-0.7844096287869885,0.1178356389757414,-0.6089468749024313,-0.6202378691600364,-0.15306503682807163,0.7693348296812241,-14.380022048950195,1.0714099407196045,-0.15701743960380554
6.6,3.021047019516204,0.2927587539151146,1.7880213859664378,2.564820860700795,-54.922096252441406,-6.399385929107666,-210.31719970703125,1.233892798423767,1.130582571029663,28.343236923217773,-0.007135025050316657,0.9442627088434513,0.3291155239504189,-0.7775325872680264,0.20172032454425698,-0.5956105996387644,-0.6288021685346037,-0.26014774139589797,0.7327557474989825,-13.885282516479492,1.2089487314224243,-0.15179772675037384
6.61,2.573069039657272,4.14711239562229,0.865124068906057,3.7669988631187423,-54.9099235534668,-6.387881755828857,-210.03433227539062,1.1991034746170044,1.1697490215301514,28.233753204345703,-0.013126628253216976,0.8904080630013902,0.4549738157002165,-0.7710728142981726,0.2806776575946216,-0.5715476949279845,-0.6366116608113599,-0.35832043462424673,0.682885099742038,-13.545109748840332,1.116166114807129,-0.1559443324804306
6.62,1.9343528689055147,3.3635016818376884,3.8422262787059003,1.8990553816039912,-54.89816665649414,-6.375968933105469,-209.7524871826172,1.1481871604919434,1.2155911922454834,28.137178421020508,-0.02027807958235972,0.8207599964472985,0.5709131525199629,-0.7653158127668991,0.3546970385533716,-0.53710494092906,-0.6433354538787619,-0.447820320076366,0.6209480289922087,-13.723506927490234,1.2094751596450806,-0.15758977830410004
6.63,1.9343528689055147,3.3635016818376884,3.8422262787059003,1.8990553816039912,-54.88701629638672,-6.363557815551758,-209.47152709960938,1.0796825885772705,1.2661930322647095,28.05916404724121,-0.02955787454762515,0.733701121608418,0.6788291362358987,-0.7592582989124695,0.4252246512012606,-0.4926569105810954,-0.6501178105426508,-0.5299685463886661,0.5444999286078138,-13.980435371398926,1.3244599103927612,-0.14494825899600983
6.64,0.8339821505364703,3.289449249155995,3.7451141109313983,1.769377659659974,-54.87660598754883,-6.3506574630737305,-209.19119262695312,1.0006771087646484,1.3129879236221313,28.011560440063477,-0.04005356475131955,0.6320168523130192,0.7739188654781942,-0.7537307004965779,0.4893658764443536,-0.43864686263643515,-0.6559616933020173,-0.6008957791199677,0.45676965700028405,-13.943492889404297,1.3008228540420532,-0.12299937009811401
6.65,0.8339821505364703,3.289449249155995,3.7451141109313983,1.769377659659974,-54.86701583862305,-6.337324142456055,-208.9111785888672,0.9182143807411194,1.3519644737243652,27.997520446777344,-0.05092876075233238,0.5184121545175809,0.8536129681399363,-0.7491713490817843,0.5453740518693981,-0.3759114699800136,-0.6604154382229503,-0.6586470842537717,0.3606043085721438,-13.942778587341309,1.1890093088150024,-0.09818291664123535
6.66,1.7680440414907637,0.7186089725493623,3.5363210929453484,0.24074074109630655,-54.85824966430664,-6.323644161224365,-208.6311492919922,0.8342317938804626,1.3829925060272217,28.013866424560547,-0.06107689724046189,0.39445965802082783,0.9168812304860263,-0.7458904332079074,0.5923723977327678,-0.3045363755830356,-0.6632624475065645,-0.7024930751248891,0.25804341713978796,-14.008352279663086,1.009861946105957,-0.07238321006298065
6.67,4.106413200423964,3.6067583555472575,0.9104124388519588,0.5052072984832007,-54.85029983520508,-6.309701442718506,-208.35081481933594,0.7608893513679504,1.4032671451568604,28.0578556060791,-0.0699041554129724,0.2634241178292317,0.9621440345405101,-0.7438159622568264,0.6289317068103512,-0.22623598842927267,-0.6647189055141658,-0.731472926576582,0.1519741239077888,-13.71025562286377,0.8255423307418823,-0.051922861486673355
6.68,4.106413200423964,3.6067583555472575,0.9104124388519588,0.5052072984832007,-54.84305191040039,-6.295598983764648,-208.06993103027344,0.6859539747238159,1.4172072410583496,28.11990737915039,-0.07891188006799343,0.13167126849351185,0.9881475559031878,-0.7424342907049769,0.6537267224229852,-0.14639909964032793,-0.6652550181468246,-0.7451872579717197,0.04617046011311998,-13.33299732208252,1.1724355220794678,-0.04034697264432907
6.69,3.0773191698149507,3.8274513989059766,0.3764733613480227,2.801922194020828,-54.83662414550781,-6.281373977661133,-207.78839111328125,0.599402904510498,1.42670738697052,28.19356918334961,-0.09462105206332083,0.00013152394768434217,0.9955133546105154,-0.7410143420652947,0.667775939324204,-0.07051978242461915,-0.6647891405250005,-0.7443623294882193,-0.06308820078986932,-13.154876708984375,2.009377956390381,-0.029165223240852356
6.7,3.0773191698149507,3.8274513989059766,0.3764733613480227,2.801922194020828,-54.831085205078125,-6.267085075378418,-207.50604248046875,0.5068801641464233,1.4299160242080688,28.275270462036133,-0.11839150272238258,-0.13061660685981608,0.9843387395076778,-0.7403695359734146,0.6722000653759259,0.0001493690440933504,-0.661692075126827,-0.728756731784365,-0.17628733248116368,-13.32020092010498,2.7338271141052246,-0.015988033264875412
6.71,0.9099960774909381,0.3590853974799525,3.920462725631111,0.0927062458731959,-54.82648849487305,-6.252798557281494,-207.22286987304688,0.4116345942020416,1.426155686378479,28.35940933227539,-0.1476849689130248,-0.2620864457052302,0.9536770129004675,-0.7415025829806975,0.6674344547404276,0.06859422758732514,-0.654494514407961,-0.6970236320261655,-0.2929078131544802,-13.782760620117188,3.2994704246520996,-0.0007979975780472159
6.72,1.5794398921495496,3.677155543235843,3.0557626085646787,0.35232665626347953,-54.8227653503418,-6.238580226898193,-206.93890380859375,0.3401431143283844,1.4171940088272095,28.430957794189453,-0.1795201807608321,-0.39073558421665683,0.9028278949647413,-0.7449152056089785,0.6534246694094729,0.1346756765702487,-0.6425525979654361,-0.6483532252052032,-0.40836779282147073,-13.702715873718262,3.3901069164276123,0.02719852142035961
6.73,1.5794398921495496,3.677155543235843,3.0557626085646787,0.35232665626347953,-54.819664001464844,-6.224472999572754,-206.65431213378906,0.2773953676223755,1.4026576280593872,28.487239837646484,-0.20881316933041622,-0.5082294054383218,0.8355237469767075,-0.7501679048422456,0.6313578174816461,0.1965589500618281,-0.6274114876688047,-0.5857390013927898,-0.513093215106763,-13.378365516662598,3.3746206760406494,0.06597060710191727
6.74,3.903035572970835,1.541481786718979,1.6087913735614212,3.577319925235361,-54.817230224609375,-6.210552215576172,-206.3692169189453,0.20998266339302063,1.380278468132019,28.5310115814209,-0.23695876939069727,-0.6139203052360985,0.7529624163447085,-0.7574676345871759,0.6020641881768399,0.2525103876435014,-0.6083529601816325,-0.5105101097272986,-0.6076891505568177,-13.25207233428955,3.5924625396728516,0.10923953354358673
6.75,3.903035572970835,1.541481786718979,1.6087913735614212,3.577319925235361,-54.81546401977539,-6.196895122528076,-206.083740234375,0.14204002916812897,1.349279761314392,28.561304092407227,-0.26373905246806145,-0.7068291846945178,0.6563796278582482,-0.766950300684059,0.5663525012074782,0.30171523106509757,-0.5850033747628135,-0.4238364637924831,-0.6914721277651056,-13.171319007873535,3.727886438369751,0.13653694093227386
6.76,2.635361750481559,2.214226677820884,2.843961085761968,0.7513560350495428,-54.81437301635742,-6.183593273162842,-205.7980194091797,0.07802093029022217,1.3100632429122925,28.57715606689453,-0.28740277917076684,-0.7856781650382599,0.5478224744449905,-0.7783037744865272,0.524926666429217,0.3445217402306197,-0.5582498339855951,-0.3273557939820561,-0.7623616641735295,-13.110311508178711,3.7627501487731934,0.1478070169687271
6.77,4.016722846105125,2.601084751183971,2.003010743721993,1.2821044734950497,-54.81385040283203,-6.170699596405029,-205.5122528076172,0.029989836737513542,1.269035816192627,28.56710433959961,-0.3072568854734109,-0.8489944734532499,0.4298855549736681,-0.7913044823924079,0.478870401761635,0.38015832815069833,-0.5286117880589337,-0.22336410267204893,-0.8189493605606194,-12.888399124145508,3.8517613410949707,0.16857628524303436
6.78,4.016722846105125,2.601084751183971,2.003010743721993,1.2821044734950497,-54.81373596191406,-6.158222198486328,-205.22671508789062,-0.005414332263171673,1.2251800298690796,28.53890037536621,-0.3234618015906286,-0.8953041989070635,0.3062725164475684,-0.8061411079855166,0.43022359499664226,0.40625628896553534,-0.4954886244179862,-0.11549047461824016,-0.8609024180154364,-12.544866561889648,4.145346641540527,0.19579167664051056
6.79,1.8294584581630566,1.1655372437415281,1.203343822682009,3.629614869950253,-54.813926696777344,-6.146209716796875,-204.94149780273438,-0.030783137306571007,1.1768804788589478,28.502660751342773,-0.3359071971498222,-0.9247125505084294,0.17908951347062727,-0.8233722488148242,0.380617862713179,0.42093726666246933,-0.45741064131103204,-0.0060614780249657885,-0.889234931668557,-12.209131240844727,4.579493999481201,0.22196562588214874
6.8,1.8294584581630566,1.1655372437415281,1.203343822682009,3.629614869950253,-54.814308166503906,-6.134675025939941,-204.6566925048828,-0.0427902527153492,1.13125479221344,28.450584411621094,-0.34345362872541113,-0.9378428398144409,0.04990403514879635,-0.8423857164035404,0.33111817645065483,0.4251435734234814,-0.41524198934433587,0.10397865662133668,-0.903749151729937,-12.177835464477539,4.670804500579834,0.2447192668914795
6.81,0.6030660059206016,0.12192267607231691,2.1186490808775065,2.4312573857871516,-54.814754486083984,-6.123572826385498,-204.37249755859375,-0.043289367109537125,1.0893949270248413,28.388139724731445,-0.34515438276851274,-0.935034024933332,-0.08111611598603652,-0.8609759162185089,0.281037897472605,0.42395538901619895,-0.37361601109613335,0.21616908289843545,-0.9020432383491731,-12.4275541305542,4.427524566650391,0.2627233862876892
6.82,2.3692095007993177,4.1332528055051885,1.4302300124798846,4.017315808363042,-54.81515121459961,-6.112865924835205,-204.08895874023438,-0.03550234064459801,1.0537385940551758,28.318031311035156,-0.3415128372178309,-0.9157214554590016,-0.21171489798187312,-0.8781505640287837,0.23059615485600846,0.4191384022748963,-0.33499338636957654,0.3290587020239266,-0.8828928597009786,-12.566733360290527,3.996978282928467,0.2830685079097748
6.83,2.3692095007993177,4.1332528055051885,1.4302300124798846,4.017315808363042,-54.81542205810547,-6.102524280548096,-203.80604553222656,-0.013670012354850769,1.010903239250183,28.275848388671875,-0.3336279475675806,-0.8797372448083911,-0.33875473826765123,-0.8934670728118079,0.18046730860728238,0.4112762336011451,-0.3006808647103162,0.43987945010080326,-0.8462251987361709,-12.921854972839355,3.768428087234497,0.3050011098384857
6.84,1.2321891692916898,3.818474088356956,1.5634937094028971,3.442698349020038,-54.81536102294922,-6.09267520904541,-203.52330017089844,0.028339507058262825,0.9586897492408752,28.27144432067871,-0.3210864010236944,-0.8254292768569939,-0.46429519918365686,-0.9083398557736354,0.12968113940481824,0.39761980395322283,-0.2679966967908047,0.5494081460899615,-0.791409160623763,-13.58401870727539,3.832493305206299,0.3281760811805725
6.85,1.2321891692916898,3.818474088356956,1.5634937094028971,3.442698349020038,-54.814815521240234,-6.083333492279053,-203.2405548095703,0.08118584752082825,0.9113231897354126,28.28073501586914,-0.30349342719748756,-0.7509983124765534,-0.5864241419870881,-0.9229469527654206,0.07876761037095455,0.37678188111621536,-0.23677132856185878,0.655589199280936,-0.7170370560558454,-14.298752784729004,3.861891508102417,0.356274276971817
6.86,0.39549488544190003,0.9859805784220267,1.5063209218206903,0.1445066613514643,-54.81370544433594,-6.074428558349609,-202.9576416015625,0.14195558428764343,0.8704391121864319,28.305105209350586,-0.28133320490120045,-0.6553305674024787,-0.7009946328239358,-0.9367243044597808,0.028957768386089454,0.3488682058950595,-0.2083247591006867,0.7547869203146297,-0.6220108517281656,-15.028599739074707,3.8247039318084717,0.3885536193847656
6.87,2.285653267412121,2.037570783783391,2.32912102378183,0.32327477240900315,-54.8120231628418,-6.065873146057129,-202.6744384765625,0.18825939297676086,0.8449495434761047,28.33190155029297,-0.2552086488512996,-0.5392880307549688,-0.8025191371150732,-0.9492937630292131,-0.017855280733741243,0.3138830043563288,-0.1836025517941673,0.8419320690140903,-0.5073859420010797,-15.356146812438965,3.7500803470611572,0.4244743585586548
6.88,2.285653267412121,2.037570783783391,2.32912102378183,0.32327477240900315,-54.80994415283203,-6.057510852813721,-202.3909454345703,0.23152385652065277,0.826802134513855,28.375316619873047,-0.22565082025382407,-0.40888932269151634,-0.884246136043381,-0.9604628211644187,-0.058560398613600906,0.2721798098226647,-0.16307322428793192,0.9107031357709763,-0.3795087904347523,-15.193891525268555,3.783351182937622,0.4620460867881775
6.89,0.2711632478826723,3.418592973162095,1.9052188599071884,1.2079240811016034,-54.80734634399414,-6.049336910247803,-202.10687255859375,0.29026272892951965,0.8083680868148804,28.442035675048828,-0.19195974885039485,-0.2701845622004969,-0.9434785409164426,-0.9704012948546156,-0.09128790465251398,0.22357961760553913,-0.14653594018458033,0.9584710850164857,-0.24466384575891426,-14.874737739562988,3.934765338897705,0.499907910823822
6.9,0.2711632478826723,3.418592973162095,1.9052188599071884,1.2079240811016034,-54.80413055419922,-6.041330814361572,-201.8220672607422,0.35343852639198303,0.7935488820075989,28.517868041992188,-0.15452944094639515,-0.12640687219936142,-0.9798683353091726,-0.9787948894126335,-0.11539558041922776,0.16924663801511752,-0.13446641342917293,0.9852437072524157,-0.10589438596550277,-14.900006294250488,4.022294044494629,0.5424486398696899
6.91,1.4742969738435943,2.1797792691254894,1.3395517061129494,2.5757937015077426,-54.80027389526367,-6.03345251083374,-201.5364990234375,0.41812366247177124,0.7827730774879456,28.59317398071289,-0.11497796611084168,0.023347340649459536,-0.9930936355619305,-0.9851539158904061,-0.13097832214708008,0.11097946266465081,-0.1274826628009199,0.9911102768169313,0.03806034515152415,-15.26252555847168,4.033477306365967,0.5895859599113464
6.92,1.2737911148825538,1.9839297813743388,3.208940604004818,3.3108741373208357,-54.79575729370117,-6.025663375854492,-201.25022888183594,0.4865870475769043,0.7755865454673767,28.657384872436523,-0.07467513792770841,0.17681774087692914,-0.9814066997359743,-0.9892242876709818,-0.13741866328542363,0.050511579491101855,-0.12593225344333464,0.9746033026272928,0.18517416140125287,-15.633913040161133,3.967803478240967,0.6294179558753967
6.93,1.2737911148825538,1.9839297813743388,3.208940604004818,3.3108741373208357,-54.79051208496094,-6.0179290771484375,-200.9634246826172,0.5665783286094666,0.7719197273254395,28.696128845214844,-0.03602467531975162,0.3293510578769421,-0.9435200599051646,-0.9909086229864648,-0.1342337375509407,-0.009022449455292125,-0.12962377736809938,0.9346171325085177,0.3311925300522055,-15.887969017028809,3.630051612854004,0.6629629135131836
6.94,1.9983634611200942,0.8232662760447422,0.6219464193815057,0.04209998694416209,-54.78441619873047,-6.0102105140686035,-200.67640686035156,0.6515076160430908,0.7726472616195679,28.69704246520996,-0.002529081798410937,0.47542728824502256,-0.8797513838222939,-0.9905769026314413,-0.12165998616748064,-0.06289871015234272,-0.13693430438848014,0.8713023248894224,0.471254978672831,-16.05475616455078,3.0839734077453613,0.6939824819564819
6.95,1.9983634611200942,0.8232662760447422,0.6219464193815057,0.04209998694416209,-54.777584075927734,-6.00247049331665,-200.3895721435547,0.7054245471954346,0.7749413251876831,28.669227600097656,0.025812034637923142,0.6099277752946061,-0.7920365192287683,-0.9888384561675484,-0.10072176188804727,-0.10978904447323928,-0.14673870134368117,0.7860300475213018,0.6005202060893788,-16.008790969848633,2.882373809814453,0.7190957069396973
6.96,0.8976215574831776,1.9886570942729263,1.6466826791184233,3.6292314042399347,-54.77039337158203,-5.994715213775635,-200.10313415527344,0.7312565445899963,0.776088297367096,28.613557815551758,0.05248113883611549,0.7272556469866494,-0.6843573291727756,-0.9855959255600208,-0.07260540282161487,-0.15273875408879484,-0.16076816098329505,0.6825156990188148,0.7129697882848252,-15.777355194091797,3.0251991748809814,0.7418436408042908
6.97,4.019735855266564,1.6339892752136813,0.7109281008119601,2.5070724181825748,-54.7629280090332,-5.986937046051025,-199.8175048828125,0.7629058957099915,0.7809471487998962,28.502958297729492,0.07713543702527748,0.8251030464327764,-0.5596919573499968,-0.9808233267448321,-0.03797839077427345,-0.19116287178057528,-0.1789852677404471,0.5637043592181523,0.8063508351396013,-15.895124435424805,2.8967690467834473,0.7641637921333313
6.98,4.019735855266564,1.6339892752136813,0.7109281008119601,2.5070724181825748,-54.755126953125,-5.979079246520996,-199.53326416015625,0.7983381748199463,0.7913526892662048,28.33475112915039,0.09759256630157981,0.9029590600214811,-0.41849806084114055,-0.9751557824597002,0.0027346139829564353,-0.22150332237186438,-0.19886400111151742,0.42971788165200603,0.8807926267007637,-16.072063446044922,2.8119306564331055,0.7781469225883484
6.99,0.8891669355934759,2.86090851428202,0.6256420529050275,1.5756388195101778,-54.747005462646484,-5.971101760864258,-199.2509307861328,0.8235328197479248,0.8044223189353943,28.128801345825195,0.11479843708411569,0.9571897982672996,-0.2657235573599949,-0.968173910602815,0.04792204278211892,-0.2456476269855681,-0.22239738683513427,0.28546657931988284,0.9322275657908365,-16.034137725830078,2.9974770545959473,0.786828339099884
7.0,0.8891669355934759,2.86090851428202,0.6256420529050275,1.5756388195101778,-54.73870849609375,-5.962998390197754,-198.97073364257812,0.8323960900306702,0.815475344657898,27.91397476196289,0.12826283237677155,0.9861402604548174,-0.1052427315342623,-0.9597178866300159,0.0966718111847838,-0.2638108015314561,-0.24998044706157319,0.1348404525072433,0.9588158469980237,-16.23979377746582,3.1570849418640137,0.8064586520195007
7.01,1.8258424024729407,1.2358731326089774,2.597846469823647,3.861779681016348,-54.73040008544922,-5.954800605773926,-198.69264221191406,0.828260600566864,0.8240525722503662,27.703800201416016,0.13708694806878985,0.9886203599788689,0.06194313928464164,-0.9500520632269959,0.1489234481301448,-0.27426790507668997,-0.2803716209378421,-0.021250657219946983,0.959656273746182,-16.695703506469727,3.2574539184570312,0.8370584845542908
7.02,3.3868561398641175,2.0621062964130035,0.6622921922065127,3.4959248247869166,-54.72218704223633,-5.946502208709717,-198.4166717529297,0.8120926022529602,0.8372522592544556,27.48625373840332,0.1407762653967236,0.9625982451230535,0.2314879296787843,-0.9397767952061065,0.2034797402671087,-0.2746189550868083,-0.31145082805009794,-0.1788871537781529,0.9332726117914638,-17.012939453125,2.9973630905151367,0.8640017509460449
7.03,3.3868561398641175,2.0621062964130035,0.6622921922065127,3.4959248247869166,-54.714210510253906,-5.938042640686035,-198.14288330078125,0.7800291180610657,0.8547764420509338,27.275325775146484,0.140115808981844,0.907530039795438,0.3959252289792275,-0.9301667172939938,0.2576951915265187,-0.26150156080342246,-0.33934854959448196,-0.3316359677914945,0.8802614081936797,-17.235427856445312,2.737215042114258,0.8785766959190369
7.04,3.0402698562017925,3.2475267672144104,1.5280798650031369,0.7451623253490945,-54.70663070678711,-5.929407119750977,-197.87106323242188,0.7333937883377075,0.872147798538208,27.096094131469727,0.1348449497434988,0.8239364943519251,0.5504048444588161,-0.9208304202935728,0.309329398896413,-0.23745875439820277,-0.3659073333381492,-0.4748094104516507,0.8004172956376695,-17.495563507080078,2.7320621013641357,0.8876685500144958
7.05,3.0402698562017925,3.2475267672144104,1.5280798650031369,0.7451623253490945,-54.6995735168457,-5.920608043670654,-197.600830078125,0.6769126057624817,0.8870118856430054,26.963895797729492,0.12426405914803262,0.7135336338613469,0.6895130143461221,-0.9116262587368538,0.35647665764882086,-0.20460194752976352,-0.3917856658754899,-0.6031535011090847,0.6947732335908978,-17.60061264038086,2.9488978385925293,0.9070755243301392
7.06,0.022004539553610595,1.1659653228650693,3.589534847174681,3.9573992732109633,-54.693115234375,-5.911675453186035,-197.33164978027344,0.6131325364112854,0.8991215825080872,26.883413314819336,0.10663436237798185,0.580527200013097,0.807228147926715,-0.9023130511298862,0.3975439648164145,-0.16670319072747242,-0.4176844149844664,-0.7105962046640825,0.5662091163131207,-17.560100555419922,3.3423101902008057,0.9387394785881042
7.07,0.5981540336821837,3.2336083438821155,3.424152354746669,0.34967232293984757,-54.68733215332031,-5.902631759643555,-197.06300354003906,0.5410510897636414,0.9091780781745911,26.85165786743164,0.08321059738234837,0.42915129622095216,0.8993915506803194,-0.8935071868257111,0.431772913907959,-0.12335743960635032,-0.4412719156870022,-0.7933481680619847,0.41937784950878887,-17.663372039794922,3.0320301055908203,0.9730914831161499
7.08,0.5981540336821837,3.2336083438821155,3.424152354746669,0.34967232293984757,-54.68229675292969,-5.893502712249756,-196.79443359375,0.4670785367488861,0.9158990979194641,26.86562728881836,0.06139967500395388,0.2628747165116586,0.9628743237454844,-0.8864485295382359,0.4577387927782393,-0.06844123074155978,-0.4587363996773181,-0.8493362590899056,0.2611299190178265,-17.75840950012207,2.4933440685272217,1.0116009712219238
7.09,2.590873588316767,0.2479508394767206,1.2274805213665754,3.891427233008317,-54.6779899597168,-5.884327411651611,-196.52554321289062,0.3939281702041626,0.9185306429862976,26.915180206298828,0.03991183181038099,0.088114154492129,0.9953104749070396,-0.8807140263234876,0.4736022555492505,-0.006611155400766289,-0.47196382225612443,-0.876320032474894,0.09650570534735153,-17.731172561645508,2.269894599914551,1.0557401180267334
7.1,0.8864469701690205,1.0185198384576577,1.7445583575804875,2.086623559350784,-54.674442291259766,-5.875147342681885,-196.2560577392578,0.31831395626068115,0.9167587161064148,26.986833572387695,0.01871991114077165,-0.08917401139449688,0.9958401280419944,-0.8761406062798629,0.4783933221019013,0.05930824053924488,-0.4816920208540267,-0.8736062185333394,-0.06917349192749572,-17.744396209716797,1.9221644401550293,1.0779058933258057
7.11,0.8864469701690205,1.0185198384576577,1.7445583575804875,2.086623559350784,-54.671607971191406,-5.866007328033447,-195.9857940673828,0.25220394134521484,0.9106654524803162,27.066490173339844,0.00021628576233601038,-0.2639971396544691,0.9645234385305146,-0.872552961148348,0.47113868979271883,0.12914977728068094,-0.48851948089274616,-0.8416257156448219,-0.23024958534951329,-17.817602157592773,1.4512821435928345,1.0862058401107788
7.12,0.32435029355668593,2.080366086960837,2.0548697818521764,3.2797074902124335,-54.66936492919922,-5.85694694519043,-195.71475219726562,0.19770002365112305,0.900701642036438,27.1392879486084,-0.014992601443813813,-0.43106627351873866,0.9021957047872791,-0.86948756065158,0.45115934926815854,0.20111345912220036,-0.4937272564626265,-0.7814327286482183,-0.3815708149522028,-17.904237747192383,0.9805294275283813,1.096129059791565
7.13,0.32435029355668593,2.080366086960837,2.0548697818521764,3.2797074902124335,-54.667667388916016,-5.848015785217285,-195.44305419921875,0.14029088616371155,0.8839151859283447,27.19955825805664,-0.02682791223903494,-0.5854711723890276,0.8102492020522527,-0.8663718064598616,0.41796268183543395,0.273325976746463,-0.49867840949490766,-0.694644299547869,-0.5184487834003274,-18.18233299255371,0.4371662437915802,1.103725552558899
7.14,2.092766105157732,3.463260404957815,2.2339444009581086,2.8128514786075844,-54.666561126708984,-5.839294910430908,-195.1708221435547,0.08275503665208817,0.8590810298919678,27.242280960083008,-0.03514230487891609,-0.7235154313614741,0.6894131119942652,-0.8623717248889177,0.3705754972170838,0.3449475452506135,-0.5050544787643312,-0.5824081227491003,-0.6369621276308024,-18.63482666015625,-0.17636939883232117,1.1072206497192383
7.15,0.11702488264672191,3.5336668229628665,0.41710392041143624,1.8250961775703907,-54.666011810302734,-5.83087158203125,-194.89825439453125,0.02574537694454193,0.822681725025177,27.270938873291016,-0.041334203584370344,-0.8394416464987433,0.5418756367816555,-0.8570265069150618,0.30857772232196934,0.41265646212261486,-0.5136117697824041,-0.4473449579575748,-0.7321785564539037,-19.026525497436523,-0.5641614198684692,1.1059540510177612
7.16,0.11702488264672191,3.5336668229628665,0.41710392041143624,1.8250961775703907,-54.66598129272461,-5.822846412658691,-194.62548828125,-0.013619769364595413,0.7842887043952942,27.27092170715332,-0.04823423277383729,-0.9271855333797907,0.37148411201551035,-0.8512138716899675,0.23274631053666964,0.47038718049511485,-0.5225977453369799,-0.2935236645022017,-0.8004595273628169,-19.567533493041992,-0.671938955783844,1.1050338745117188
7.17,2.620537197855282,1.3793872380721783,2.306021053411708,0.8966362101806816,-54.66622543334961,-5.815173625946045,-194.35292053222656,-0.032531581819057465,0.7501519322395325,27.240001678466797,-0.056915028169877535,-0.9818411958891061,0.18096559237455043,-0.8457332956767564,0.14373991986838192,0.5138813365164796,-0.5305618457372846,-0.12380105609921532,-0.8385567520189463,-20.304967880249023,-0.6978957056999207,1.105560064315796
7.18,2.620537197855282,1.3793872380721783,2.306021053411708,0.8966362101806816,-54.666595458984375,-5.807857036590576,-194.08070373535156,-0.03974955901503563,0.7118046283721924,27.20484733581543,-0.06731885918181282,-0.9974866373590162,-0.02210383425248119,-0.840869012167999,0.044796529730104694,0.5393816601440511,-0.5370358233619729,0.05489698729749887,-0.84177125468359,-20.490402221679688,-0.7604709267616272,1.1022330522537231
7.19,1.888520937982824,2.2059798785353344,3.9283282938676,3.696583994076789,-54.666969299316406,-5.800948619842529,-193.8087921142578,-0.03375572711229324,0.6697471737861633,27.178571701049805,-0.07918484926560873,-0.9717414127231855,-0.2223699315229715,-0.8365339147421987,-0.05654637876088083,0.5449894646092924,-0.5421630466316153,0.22917489794429757,-0.8084170316237446,-20.140827178955078,-0.8583890795707703,1.0947595834732056
7.2,0.013370677472319478,1.2680857348472658,3.8948930930014054,3.454595117372073,-54.66719436645508,-5.79449987411499,-193.5370330810547,-0.0075426045805215836,0.6166232824325562,27.184064865112305,-0.0927317754567106,-0.9073370283019101,-0.41004918594347284,-0.8322497404357377,-0.15544102106623334,0.532163939509747,-0.5465905115946426,0.39061183551211726,-0.7407166844297226,-19.92717933654785,-1.2581262588500977,1.085739254951477
7.21,0.013370677472319478,1.2680857348472658,3.8948930930014054,3.454595117372073,-54.667049407958984,-5.788613319396973,-193.26504516601562,0.036500874906778336,0.5631629228591919,27.214031219482422,-0.11033339425318361,-0.807283963008039,-0.5797578332222917,-0.8258893397700505,-0.25004809192747307,0.5053540839625419,-0.5529315876008183,0.5345732454897691,-0.639138564506769,-19.950408935546875,-2.112819194793701,1.073089599609375
7.22,1.237958087835741,0.23458103065674452,0.9451068160679983,1.6437939791148761,-54.66643142700195,-5.783208847045898,-192.99269104003906,0.08964990079402924,0.5188247561454773,27.26043701171875,-0.13563024613401126,-0.675047282705213,-0.72520038778667,-0.8162090668852344,-0.33878329141537894,0.4680049578712793,-0.5616112494136518,0.6553907594481871,-0.5050304515194765,-20.0421085357666,-3.168449878692627,1.052189588546753
7.23,1.237958087835741,0.23458103065674452,0.9451068160679983,1.6437939791148761,-54.665283203125,-5.778189182281494,-192.71978759765625,0.1366340070962906,0.48893123865127563,27.31906509399414,-0.17009278699138147,-0.51595527645524,-0.8395585724126111,-0.8041708580587519,-0.41973283434579395,0.4208724020663476,-0.569541635758577,0.7467358974028525,-0.3435226698012828,-20.04874038696289,-3.9021716117858887,1.014548897743225
7.24,0.2029051138440854,1.6503111255710334,1.215705815278175,3.5954316398632375,-54.66373825073242,-5.7733941078186035,-192.44625854492188,0.17323291301727295,0.4709736704826355,27.389009475708008,-0.21064721536685221,-0.33762931831623655,-0.9174062317596849,-0.7925485300718845,-0.490398881393132,0.3624579487461413,-0.5722714199914989,0.8034397180508808,-0.16428646115622317,-19.972576141357422,-4.309860706329346,0.9651440978050232
7.25,0.6774410350811334,3.540531191440738,2.3169147937413093,2.364961490770485,-54.66178512573242,-5.768770694732666,-192.17198181152344,0.22156654298305511,0.4528762996196747,27.46729850769043,-0.2555453631314838,-0.14712670546636114,-0.9555366554563007,-0.782555833163664,-0.5488973964440956,0.29379927868940986,-0.5677173023288282,0.8228398268894794,0.025133322919379184,-20.20379638671875,-4.791991710662842,0.9119684100151062
7.26,0.6774410350811334,3.540531191440738,2.3169147937413093,2.364961490770485,-54.659244537353516,-5.764341354370117,-191.89695739746094,0.29152238368988037,0.43274199962615967,27.5331974029541,-0.30407825168973834,0.05092377555928018,-0.9512850182422196,-0.7748089904023591,-0.5942018701805463,0.21585913431128656,-0.5542629748061735,0.8027022527417804,0.22014006496383565,-20.65793800354004,-5.206461429595947,0.8610648512840271
7.27,2.947759276142543,0.760672591243201,4.134372551300465,0.03289420266826447,-54.65592956542969,-5.76010274887085,-191.62144470214844,0.3704081177711487,0.415989488363266,27.563779830932617,-0.35253311785549973,0.24789704623971165,-0.9023676940586394,-0.770674451377422,-0.6238923325915788,0.12968904089223549,-0.5308307553346825,0.7411514094967806,0.410990629323523,-21.08694076538086,-5.468919277191162,0.8123608827590942
7.28,2.947759276142543,0.760672591243201,4.134372551300465,0.03289420266826447,-54.651859283447266,-5.755997657775879,-191.34588623046875,0.44063588976860046,0.40641510486602783,27.546062469482422,-0.39784850282406525,0.4318563425237668,-0.8094545498189782,-0.7709283304433062,-0.635679159811714,0.03976826751280432,-0.4973792095781109,0.639853190351559,0.5858342911407501,-20.800308227539062,-5.702181816101074,0.7594916224479675
7.29,0.50175912564405,0.5211594602149588,0.023912898658501425,1.7914717124214061,-54.647151947021484,-5.751952648162842,-191.07073974609375,0.49814334511756897,0.40353962779045105,27.473730087280273,-0.4375330599758742,0.5871346982485046,-0.6810562880854898,-0.7757605696950665,-0.6294712054379259,-0.044289276703400576,-0.4547090937451482,0.5089585912794499,0.7308904106829587,-19.85240936279297,-5.916281700134277,0.7047181725502014
7.3,3.634641021339231,2.780209076418411,3.0342625073624707,4.149584210457241,-54.64197540283203,-5.747913360595703,-190.79653930664062,0.5293112397193909,0.40435802936553955,27.36598014831543,-0.46961278911447724,0.708660244541791,-0.5265591002974792,-0.7849070754503878,-0.6081791669313272,-0.11848621784256654,-0.4042087470701752,0.3576573202336087,0.8418411548951936,-19.44012451171875,-6.136402130126953,0.6429176330566406
7.31,3.634641021339231,2.780209076418411,3.0342625073624707,4.149584210457241,-54.63653564453125,-5.743840217590332,-190.523681640625,0.5625323057174683,0.4131353795528412,27.189830780029297,-0.4924679377674993,0.7971531064301007,-0.34931684067600666,-0.7980294660321092,-0.5737554049583934,-0.18426531585064038,-0.34731009431851045,0.1880203717416552,0.918707808933067,-19.480941772460938,-6.362976551055908,0.5720258355140686
7.32,0.9487442446648959,1.3883744887026164,0.6000334152440726,0.9602584131885418,-54.6307373046875,-5.739608287811279,-190.2529754638672,0.5939466953277588,0.43484094738960266,26.943923950195312,-0.5044300662658067,0.8492521608582595,-0.15595215780697053,-0.8147716328555539,-0.5279511011702681,-0.23961389998703203,-0.2858277357797315,0.006196938815065431,0.9582609787570158,-19.49413299560547,-6.577249526977539,0.497440367937088
7.33,0.9487442446648959,1.3883744887026164,0.6000334152440726,0.9602584131885418,-54.624755859375,-5.735157489776611,-189.9846954345703,0.5983746647834778,0.45231902599334717,26.724483489990234,-0.5041548340384572,0.8624259297743817,0.04527050881588256,-0.8345002362718543,-0.47299365457412806,-0.28264174920706525,-0.22234490994370626,-0.1802734544668283,0.9581566795867582,-19.548439025878906,-6.669758319854736,0.424751877784729
7.34,1.6864967319430495,0.3830844984327551,0.10321518535136781,3.982113613736599,-54.618812561035156,-5.730586528778076,-189.71832275390625,0.5888351202011108,0.46140381693840027,26.553857803344727,-0.4911153619263984,0.8357748931570401,0.24553213485863934,-0.8561457755228581,-0.411121769702564,-0.3130388179299751,-0.16068637880749864,-0.3639494723790243,0.9174533607877641,-19.645421981811523,-6.648874282836914,0.35519057512283325
7.35,1.0545296198466494,0.5503587469906244,1.5965062780984365,3.9621581582543226,-54.61301040649414,-5.725917339324951,-189.45350646972656,0.5691382884979248,0.47359246015548706,26.40597915649414,-0.46563606157345633,0.7697039847195072,0.4367365728551631,-0.878938680823334,-0.34467411163085343,-0.329646101332959,-0.10319812747767218,-0.5373597795503444,0.8370153008199477,-19.889968872070312,-6.795411586761475,0.2751646637916565
7.36,1.0545296198466494,0.5503587469906244,1.5965062780984365,3.9621581582543226,-54.60747146606445,-5.721096515655518,-189.1900634765625,0.5345740914344788,0.4914211630821228,26.28858184814453,-0.42710434997007235,0.6651465629188532,0.6125046318795292,-0.902815667933112,-0.2762020533946625,-0.3296002054536078,-0.050057406755947276,-0.6937524598427076,0.7184718369505249,-20.212717056274414,-7.2402544021606445,0.18605688214302063
7.37,3.1224971265136174,4.098610400440705,1.9972754307077092,1.1354993238968976,-54.60235595703125,-5.716082572937012,-188.92758178710938,0.4868922531604767,0.5114076733589172,26.219013214111328,-0.37418456935012556,0.525019530351297,0.7644216119458977,-0.9273504017624479,-0.2094676588236546,-0.3100718179034716,-0.0026721548023421193,-0.8249107786037473,0.5652566381141151,-20.507335662841797,-7.818186283111572,0.09299806505441666
7.38,3.1224971265136174,4.098610400440705,1.9972754307077092,1.1354993238968976,-54.59779739379883,-5.710855960845947,-188.66554260253906,0.41756442189216614,0.5350209474563599,26.195877075195312,-0.30847159529277074,0.35476576590081077,0.882602133604006,-0.9506023448605079,-0.14876507528369692,-0.27244106577669125,0.03464760948805046,-0.9230439879662543,0.38313096903815597,-20.66843605041504,-7.837435722351074,0.003914828412234783
7.39,1.9282077769811872,4.1482758035310825,3.3428626461437885,3.1456274003894373,-54.59406280517578,-5.705380916595459,-188.40350341796875,0.32770001888275146,0.5594911575317383,26.218204498291016,-0.23842941748734836,0.1635200506384184,0.9572944196619202,-0.9695080973034507,-0.09754331985073972,-0.22480958612910368,0.05661680086057802,-0.9817059100319734,0.1817912100972109,-20.709457397460938,-7.321530818939209,-0.07369142770767212
7.4,0.9441436493445647,0.3853426124160345,3.2719661709654253,1.1479482777624335,-54.591304779052734,-5.699672698974609,-188.14105224609375,0.2203391045331955,0.5819629430770874,26.278484344482422,-0.16898864482795972,-0.03924913664964125,0.9848362011986904,-0.9835875530057705,-0.0573888293470797,-0.1710615323159838,0.06323261414278497,-0.9975800857767909,-0.02890690177518368,-20.88591194152832,-7.032532691955566,-0.14404624700546265
7.41,0.9441436493445647,0.3853426124160345,3.2719661709654253,1.1479482777624335,-54.5895881652832,-5.69377326965332,-187.87786865234375,0.13321553170681,0.5952534675598145,26.358213424682617,-0.09945035531526769,-0.2442051777546696,0.9646105213947632,-0.9934980238072708,-0.029622677352103582,-0.10992803863228179,0.05541934246014002,-0.9692710292504894,-0.23967137571471142,-20.837459564208984,-7.197835445404053,-0.21462488174438477
7.42,1.0235983295689983,1.8230686007978063,1.972150966952957,2.922870538118617,-54.58855438232422,-5.687793731689453,-187.61390686035156,0.07583586126565933,0.5996774435043335,26.428640365600586,-0.029616377087079954,-0.4376461623235092,0.8986593942154837,-0.999027977339175,-0.016406011658631953,-0.04091385187260227,0.032649206756555305,-0.8989975969850872,-0.4367348737085308,-20.474685668945312,-7.56158971786499,-0.288825124502182
7.43,1.0235983295689983,1.8230686007978063,1.972150966952957,2.922870538118617,-54.588077545166016,-5.681796073913574,-187.34934997558594,0.01872878149151802,0.5989786982536316,26.47825813293457,0.037637066241241246,-0.6105836623198935,0.7910569148631335,-0.9992776702195378,-0.018835611534484376,0.03300541680898267,-0.0052525275215936085,-0.7917277379542467,-0.610851536716154,-20.417678833007812,-7.867392063140869,-0.3692757189273834
7.44,3.9032427560049063,0.3367573197731996,0.025393314438494893,2.3284455399697555,-54.588172912597656,-5.675834655761719,-187.0844268798828,-0.03653082624077797,0.5920674204826355,26.500076293945312,0.097999272025462,-0.758333325248949,0.6444584629744197,-0.9935462013845742,-0.03738750826976654,0.10708930824158652,-0.05711469510347483,-0.6507939320877616,-0.757103143277709,-20.68119239807129,-8.09230899810791,-0.45624369382858276
7.45,3.016533132452426,1.2059082312332075,1.3685064315278157,1.7960912929643111,-54.58876037597656,-5.669972896575928,-186.8194580078125,-0.07752970606088638,0.5794560313224792,26.484346389770508,0.14726127556893104,-0.8732783696793229,0.4644340704212335,-0.9817499924827449,-0.07192412400565545,0.17605076724101384,-0.12033731332359843,-0.48188360569357724,-0.8679326711132697,-20.762359619140625,-8.014286041259766,-0.5571855902671814
7.46,3.016533132452426,1.2059082312332075,1.3685064315278157,1.7960912929643111,-54.589683532714844,-5.664262771606445,-186.55482482910156,-0.10444947332143784,0.5617325305938721,26.43937873840332,0.18156551372718766,-0.9477856291518022,0.26217621058804175,-0.965005476438148,-0.12042823226488208,0.23294091808426187,-0.1892046370186672,-0.2952955164693132,-0.936483936479295,-20.63007926940918,-7.716914653778076,-0.6588106751441956
7.47,3.2477451467818046,3.729508329405852,3.5877965781433288,0.41246869410323544,-54.5908088684082,-5.658752918243408,-186.29071044921875,-0.1176353320479393,0.5394969582557678,26.38127326965332,0.20025256597189103,-0.9785199337148929,0.048965795656509256,-0.9446485019800872,-0.17958105691430123,0.2745721247765687,-0.2598809679996797,-0.10123923804604668,-0.9603189569884608,-20.465333938598633,-7.419062614440918,-0.7514470815658569
7.48,3.2477451467818046,3.729508329405852,3.5877965781433288,0.41246869410323544,-54.59198760986328,-5.653495788574219,-186.0271453857422,-0.11467783898115158,0.5099054574966431,26.33937644958496,0.20385965063000588,-0.96513259383633,-0.16419597790375282,-0.92216278899965,-0.24561917637023822,0.2988093217816216,-0.3287202966495967,0.09050025698285923,-0.9400812039694431,-20.197649002075195,-6.973890781402588,-0.8273947834968567
7.49,1.4789146959538044,2.3988187786827595,1.887985145564291,2.8313427005933822,-54.5930290222168,-5.648571491241455,-185.76385498046875,-0.09027029573917389,0.47461962699890137,26.32530403137207,0.19420307173551649,-0.9101425911933564,-0.3659585094301444,-0.8995053028203147,-0.3140620706937168,0.30373545388990886,-0.39137626030026906,0.27019526170423136,-0.8796699059453826,-19.835216522216797,-6.394087314605713,-0.8857569098472595
7.5,2.7504064887076476,1.6998174804611248,0.06851438625654396,3.458523537192446,-54.59373474121094,-5.643990516662598,-185.50064086914062,-0.04996749758720398,0.4428821802139282,26.3258056640625,0.17379213531900556,-0.8177231988282543,-0.5487486344396199,-0.8778802394712122,-0.3811397255284218,0.289928947795984,-0.44623153053905507,0.43134821168309767,-0.7841021243629976,-19.81195831298828,-6.054826736450195,-0.9434099793434143
7.51,2.7504064887076476,1.6998174804611248,0.06851438625654396,3.458523537192446,-54.593997955322266,-5.639693260192871,-185.23731994628906,-0.0007541165687143803,0.4174010455608368,26.34440040588379,0.1436306865687423,-0.6900967733418386,-0.7093212736827896,-0.8574001522504009,-0.44470660175264204,0.2590386405125822,-0.49420158315891843,0.5709662702654161,-0.655562593062187,-20.153564453125,-5.823614120483398,-1.014246940612793
7.52,0.8558587056079846,0.6846948980571963,4.007711891641955,3.2838729100366586,-54.59372329711914,-5.635626316070557,-184.97366333007812,0.05778039991855621,0.3966684341430664,26.38996124267578,0.10606069891463335,-0.530322912220187,-0.8411353856068826,-0.8390158250124559,-0.5017241117201894,0.2105358902829987,-0.5336699106417819,0.6833963158320995,-0.49816252567079533,-20.57618522644043,-5.493226528167725,-1.0921074151992798
7.53,0.8558587056079846,0.6846948980571963,4.007711891641955,3.2838729100366586,-54.59280014038086,-5.6317458152771,-184.7094268798828,0.12875650823116302,0.3801197409629822,26.46139144897461,0.06217881011456027,-0.3445781513590397,-0.936696158409291,-0.8232597474865216,-0.5482885920930348,0.14704763836616275,-0.5642492213031096,0.7620009956598639,-0.317769254132948,-20.760807037353516,-5.598451137542725,-1.1602332592010498
7.54,3.8763391465912265,0.8134258360583375,3.4841483501288777,3.063336792606495,-54.59111022949219,-5.628006458282471,-184.44439697265625,0.20990552008152008,0.3688702881336212,26.5463809967041,0.008502605904318825,-0.14355857488540297,-0.989605295696071,-0.8099641623083917,-0.5813527859124935,0.07737566857771044,-0.5864177363184893,0.8008869295279171,-0.12122031447923377,-20.721582412719727,-6.121173858642578,-1.2235537767410278
7.55,3.0666396344084883,3.4459540782494953,1.1726502884380714,1.6791062786585194,-54.58855056762695,-5.624349594116211,-184.1785125732422,0.3061075210571289,0.3632669746875763,26.62766456604004,-0.05395562163502732,0.06177069918079814,-0.9966309104260682,-0.7998885063320745,-0.6001175325314912,0.0061093850883392475,-0.5977183018210341,0.7975232459753322,0.08178938682463188,-20.459186553955078,-6.419799327850342,-1.2967174053192139
7.56,3.0666396344084883,3.4459540782494953,1.1726502884380714,1.6791062786585194,-54.58498764038086,-5.6207170486450195,-183.91192626953125,0.40324488282203674,0.3643375635147095,26.685218811035156,-0.11813909000528211,0.26031168111285785,-0.958269786693143,-0.793698330968954,-0.6046758251437019,-0.06640862823368565,-0.596729515634865,0.7527316754082964,0.27804479856166797,-20.349864959716797,-6.077314376831055,-1.3700693845748901
7.57,1.7832881231439324,4.092547390987369,1.0006595760768606,1.7576080188769678,-54.58051681518555,-5.617040157318115,-183.6449432373047,0.4886126220226288,0.37188684940338135,26.705036163330078,-0.17581536113528778,0.44643766633384335,-0.8773724231290042,-0.7912085514815981,-0.5943773736301885,-0.1438908120029579,-0.5857285948724543,0.6688863489374492,0.45772597190226066,-20.525039672851562,-5.328574180603027,-1.4335271120071411
7.58,1.7832881231439324,4.092547390987369,1.0006595760768606,1.7576080188769678,-54.575260162353516,-5.613258361816406,-183.3779754638672,0.5610540509223938,0.3854433000087738,26.678768157958984,-0.22415810985912196,0.6131935878265585,-0.7574607353736423,-0.7917476138476601,-0.5677704891823953,-0.22532728991429482,-0.5682331015973311,0.5492087904085083,0.612764919677278,-20.90155601501465,-4.548245906829834,-1.4853997230529785
7.59,0.78250788434625,2.549619556794411,3.2650637197847345,4.10702077363966,-54.5693473815918,-5.609312057495117,-183.11151123046875,0.6186062097549438,0.4048043191432953,26.604429244995117,-0.26302231906655454,0.7538858043381116,-0.6020593439938711,-0.7945624265505427,-0.5232313166843288,-0.3080576886800545,-0.5472566216931187,0.3973476856082874,0.7366308483594564,-21.43146324157715,-3.779384136199951,-1.5267449617385864
7.6,1.296679515604774,1.1876478572837212,3.015186306922466,3.150870623946697,-54.56291961669922,-5.605130672454834,-182.84603881835938,0.665940523147583,0.43363624811172485,26.478984832763672,-0.29378026814983044,0.8604485507965498,-0.41631892279589067,-0.7993152918609112,-0.45998874307615395,-0.38665930797088827,-0.5242024592112479,0.21917720610350216,0.8229053007980585,-21.94054412841797,-3.498020648956299,-1.5628399848937988
7.61,1.296679515604774,1.1876478572837212,3.015186306922466,3.150870623946697,-54.556095123291016,-5.600619792938232,-182.5819854736328,0.6946233510971069,0.46837031841278076,26.323034286499023,-0.31910189005588296,0.9248103082939179,-0.207122855899757,-0.807642685822408,-0.3797131285286687,-0.45114435833836797,-0.4958702207234573,0.023320242200265545,0.8680834582592797,-22.220544815063477,-3.641599416732788,-1.6029139757156372
7.62,3.1054864413648167,3.205907117205873,2.817798053102328,1.4893539872708337,-54.549095153808594,-5.595757484436035,-182.319580078125,0.7017459273338318,0.5046265721321106,26.16098976135254,-0.3379183296264631,0.9410734274146615,0.013856648818642986,-0.8199310328895584,-0.28712662376999804,-0.4952488296070012,-0.4620869007092967,-0.17871515362851648,0.8686406564606637,-22.314456939697266,-3.8145103454589844,-1.6475001573562622
7.63,3.1054864413648167,3.205907117205873,2.817798053102328,1.4893539872708337,-54.54212188720703,-5.590504169464111,-182.0587615966797,0.689124345779419,0.548052966594696,26.000259399414062,-0.34876880079081024,0.9075232367318135,0.2340126030511025,-0.8350902452894987,-0.18758240248450936,-0.517143234027541,-0.42542285530665214,-0.3757850676516461,0.8232866919322714,-22.287242889404297,-3.585462808609009,-1.6899057626724243
7.64,3.889682982111231,2.7886812720804985,3.089979310353438,1.387414536792001,-54.53539276123047,-5.584778308868408,-181.7994842529297,0.6548095941543579,0.5974579453468323,25.8613338470459,-0.35259504543859704,0.8263492517355588,0.4391168956988974,-0.8498791035081363,-0.08639088682184387,-0.5198481740800314,-0.3916404516292474,-0.5564921642127749,0.7327579599140643,-22.159931182861328,-2.981472969055176,-1.723817229270935
7.65,2.253439261648641,0.6841591637302358,1.1546198720937468,3.9605741668634846,-54.52910232543945,-5.578547477722168,-181.54139709472656,0.5995832681655884,0.6489958763122559,25.764467239379883,-0.35196970590125354,0.7031854353697823,0.6177763103353795,-0.8628643990183132,0.012024655070873302,-0.5052924267958031,-0.3627428221682003,-0.7109048115987376,0.6025213637799188,-21.887510299682617,-2.3090007305145264,-1.7511202096939087
7.66,2.253439261648641,0.6841591637302358,1.1546198720937468,3.9605741668634846,-54.5234260559082,-5.571822643280029,-181.2840118408203,0.536102831363678,0.6933261752128601,25.726268768310547,-0.348772484837145,0.5459986346925678,0.7617369918379803,-0.8740594069543737,0.10379760125462384,-0.47460110734000055,-0.33819802917091646,-0.8313311908545462,0.44103349552757326,-21.8035831451416,-1.9209920167922974,-1.7822993993759155
7.67,3.9769522424721897,1.9828762088839131,1.1093888817315631,2.216787709853884,-54.51838684082031,-5.564707279205322,-181.02670288085938,0.4712052345275879,0.7289837002754211,25.742536544799805,-0.34178692640178293,0.36066316578382035,0.8678155205961778,-0.8850908856049051,0.1868720173398079,-0.42625458748789513,-0.3159047659658639,-0.9137838529883002,0.2553492683715966,-21.99152374267578,-1.8052687644958496,-1.8201788663864136
7.68,3.9769522424721897,1.9828762088839131,1.1093888817315631,2.216787709853884,-54.5140380859375,-5.557249546051025,-180.76904296875,0.3957093358039856,0.7624729871749878,25.796100616455078,-0.331680850877349,0.15536662656998973,0.9305100883437745,-0.8957404665968731,0.25764881549503194,-0.3623066441218308,-0.2960351831490537,-0.953665716706996,0.053710996226451396,-22.050155639648438,-1.3817551136016846,-1.8547358512878418
7.69,2.591401234050749,0.40902095567200414,3.511695788181681,1.5569498068043441,-54.510498046875,-5.549470901489258,-180.51071166992188,0.3116006553173065,0.7922797203063965,25.873281478881836,-0.3229753244301805,-0.05796472712348261,0.9446306316326611,-0.9044768202980176,0.3127109700019952,-0.2900578059352987,-0.2785832395403711,-0.9480780240306763,-0.15342567906736057,-21.950332641601562,-0.645565390586853,-1.8800095319747925
7.7,1.7091377893446307,3.371343785988915,1.2742389719775105,1.0728308386850913,-54.50778579711914,-5.541431903839111,-180.25155639648438,0.23214475810527802,0.8138797283172607,25.955791473388672,-0.3164620454575813,-0.2670398490223965,0.9102425461484973,-0.9117166574746843,0.3506099875115659,-0.21411532672914535,-0.26196280321448867,-0.8976426659262777,-0.35441943236901097,-21.565746307373047,-0.19436199963092804,-1.8915481567382812
7.71,1.7091377893446307,3.371343785988915,1.2742389719775105,1.0728308386850913,-54.50581741333008,-5.5332231521606445,-179.99163818359375,0.16385726630687714,0.8265148401260376,26.02321434020996,-0.30951372151338163,-0.46019347312919273,0.8321197170384964,-0.9186008657363813,0.37082746299814606,-0.1365995686476673,-0.24571061365620123,-0.8066653333171379,-0.5375103109346309,-21.371614456176758,0.286559522151947,-1.8895093202590942
7.72,0.9999776903698432,0.04011056771432072,1.0201263591160754,1.7763003110282531,-54.50448226928711,-5.524926662445068,-179.73117065429688,0.10525649040937424,0.8315709233283997,26.06233024597168,-0.30419056622912866,-0.6322969167779195,0.7125087427185288,-0.9250441523812032,0.3746971056975881,-0.062413100605496485,-0.2275113526014546,-0.6780875223855598,-0.6988818901806437,-21.5361270904541,1.036150574684143,-1.875653862953186
7.73,0.9999776903698432,0.04011056771432072,1.0201263591160754,1.7763003110282531,-54.5036506652832,-5.516615867614746,-179.47055053710938,0.06736461073160172,0.8294028639793396,26.054561614990234,-0.29936701146669653,-0.775466237982708,0.5559060228082122,-0.931612973798938,0.36341389242023503,0.005254507157930077,-0.20609866446679756,-0.5163162369564991,-0.831228538947071,-21.61065101623535,1.5092747211456299,-1.8602994680404663
7.74,2.01916751802374,3.3578456351006523,0.005641584683293996,0.3866399180134087,-54.503089904785156,-5.508353233337402,-179.2102508544922,0.0469147190451622,0.8225144147872925,25.999189376831055,-0.29140966534401513,-0.8814962548607663,0.37154375194656697,-0.938732071737052,0.33823131898461667,0.06619420178678032,-0.18401767424992524,-0.3294904058153582,-0.9260526810280715,-21.566904067993164,1.6935375928878784,-1.8478918075561523
7.75,2.9789131316834307,1.9176341326285553,1.8879197119823834,0.5141376552721773,-54.5026969909668,-5.500178337097168,-178.95062255859375,0.03233841806650162,0.8117516040802002,25.924182891845703,-0.27965190964894165,-0.9452719596126942,0.16809441335058478,-0.9464398672902135,0.3008448488269297,0.11723461322487111,-0.1613889309506183,-0.12630637079846344,-0.9787749044914963,-21.651578903198242,2.30549693107605,-1.8277853727340698
7.76,2.9789131316834307,1.9176341326285553,1.8879197119823834,0.5141376552721773,-54.50241470336914,-5.492133617401123,-178.69174194335938,0.02595154568552971,0.7965757846832275,25.852867126464844,-0.26381751058525554,-0.9634360832691435,-0.046810624473616946,-0.9552482680025152,0.2542278586394871,0.15122480738878644,-0.13379487130227827,0.08461152017658316,-0.9873904106616663,-21.536407470703125,3.17099666595459,-1.7947534322738647
7.77,0.25082895729007343,4.014583975569766,1.501140905934375,0.21184709819176364,-54.50212860107422,-5.484255790710449,-178.4335174560547,0.03348763659596443,0.7787721753120422,25.794078826904297,-0.24131073647958953,-0.9351955165366101,-0.2591881060340167,-0.9650085015492909,0.20300323481559504,0.1659767411175317,-0.10260468019184044,0.29017069546083896,-0.9514584841696998,-21.127830505371094,3.922055244445801,-1.7535901069641113
7.78,0.25082895729007343,4.014583975569766,1.501140905934375,0.21184709819176364,-54.50170135498047,-5.4765543937683105,-178.17581176757812,0.05361872538924217,0.7619959712028503,25.749404907226562,-0.21015963690357767,-0.8633666537548617,-0.458727531548619,-0.9751528485244756,0.15148385119910132,0.16164641920095144,-0.07007031490693902,0.4813010118522725,-0.8737502428948566,-21.050310134887695,4.6474175453186035,-1.6956336498260498
7.79,2.52021664211242,0.5965441404769721,3.3533174672581194,3.694222740067314,-54.50102615356445,-5.469007968902588,-177.91845703125,0.08350104093551636,0.7478635907173157,25.72928237915039,-0.16901863063269404,-0.7498035842462595,-0.6397087521290536,-0.9848558675226117,0.1030488425451507,0.13942688498416816,-0.03862153162851861,0.6535866592132729,-0.7558656336896791,-21.312355041503906,5.362864971160889,-1.6207060813903809
7.8,1.0631933604636272,1.7975819054808992,0.9205108286465521,2.4336054519197536,-54.49995803833008,-5.461596488952637,-177.66107177734375,0.1369921863079071,0.7343422770500183,25.756933212280273,-0.11825741705559209,-0.5985457311765413,-0.7923119278426138,-0.9929070714523979,0.06141184198833928,0.10180438656277135,-0.012277246074046178,0.7987312397508557,-0.6015626948830008,-21.302623748779297,5.61331844329834,-1.551782250404358
7.81,1.0631933604636272,1.7975819054808992,0.9205108286465521,2.4336054519197536,-54.498252868652344,-5.454305648803711,-177.40321350097656,0.20029236376285553,0.725041925907135,25.814960479736328,-0.06260853326534,-0.41864328976758625,-0.9059900482317318,-0.9980321746161585,0.02940622719901609,0.05538097356368826,0.003456876235115647,0.9076745395429426,-0.4196605536290043,-21.306657791137695,5.668832302093506,-1.4926300048828125
7.82,3.109351283350935,4.027870424179986,1.440169587718943,3.9877228307362236,-54.49596405029297,-5.44707727432251,-177.1447296142578,0.25818613171577454,0.7211942672729492,25.887771606445312,-0.0033949967501195333,-0.21670090135171277,-0.9762321411172764,-0.9999618639883578,0.008590924909303826,0.001570534345896657,0.00804640081002772,0.9762002434759776,-0.2167218034057636,-21.54826545715332,5.878477096557617,-1.4304794073104858
7.83,3.109351283350935,4.027870424179986,1.440169587718943,3.9877228307362236,-54.492984771728516,-5.439865589141846,-176.88543701171875,0.3471713364124298,0.7221829891204834,25.972082138061523,0.05806001695023488,-0.0010058989298796228,-0.9983125876192694,-0.9983128308072444,0.0006681740520205204,-0.058060704345215486,0.0007254497672215532,0.9999992708551237,-0.00096540761140812,-21.91729736328125,6.255643367767334,-1.3659327030181885
7.84,1.3334001237719622,1.7137559747586077,0.8879558999131929,1.5638332604288554,-54.48893737792969,-5.432608604431152,-176.6253662109375,0.4636247158050537,0.7306545376777649,26.039060592651367,0.12090963811894292,0.21890571300197248,-0.9682257733736717,-0.9924688114058393,0.007340414221103708,-0.12227745788060657,-0.019660055865311665,0.9757184056551158,0.21814461962013215,-22.376535415649414,6.770199298858643,-1.2961431741714478
7.85,3.085351012155611,1.2987438039676658,0.4237790162079387,2.0340436260015022,-54.48382568359375,-5.425243854522705,-176.36477661132812,0.5469247102737427,0.7417393326759338,26.073646545410156,0.1819954141023565,0.4306248560829813,-0.8839908950714501,-0.9817967592066419,0.029899761403159364,-0.18756632927945682,-0.054339606706777566,0.902035607718202,0.42822770759422724,-22.660104751586914,7.216273307800293,-1.2165749073028564
7.86,3.085351012155611,1.2987438039676658,0.4237790162079387,2.0340436260015022,-54.478084564208984,-5.41777229309082,-176.10401916503906,0.5999158620834351,0.7529834508895874,26.067235946655273,0.23671609288422388,0.6192105175262105,-0.7486947484486253,-0.9660732655582259,0.06809014479673026,-0.24913084464840146,-0.10328570541606019,0.7822672607021739,0.6143207597747482,-22.67677879333496,7.66945743560791,-1.1349936723709106
7.87,0.36878476345415573,4.026829604812628,3.9380835067618563,2.749042329900045,-54.471858978271484,-5.4101738929748535,-175.84359741210938,0.6433163285255432,0.7672273516654968,26.00592041015625,0.2815040027487662,0.7720089355182325,-0.5698751616945841,-0.9450995367490225,0.12035396449764879,-0.3038120946678749,-0.1659589168234287,0.6241130720548196,0.7635054100771584,-22.58136558532715,8.180770874023438,-1.0530060529708862
7.88,0.36878476345415573,4.026829604812628,3.9380835067618563,2.749042329900045,-54.465240478515625,-5.402399063110352,-175.58412170410156,0.6824725270271301,0.7901155948638916,25.878406524658203,0.3119794339636463,0.8802875742126776,-0.3574389730716037,-0.9193742912010828,0.18482772963947797,-0.3472601662080217,-0.23962417545445963,0.4369582326070488,0.8669762150686111,-22.67832374572754,8.38801383972168,-0.9507800936698914
7.89,1.2678166250476888,1.1459217311403567,2.8288023195848306,2.6538310428555456,-54.458274841308594,-5.394343376159668,-175.3262176513672,0.7075079679489136,0.8216374516487122,25.698110580444336,0.3240026211233242,0.9381260049091028,-0.1222370664671819,-0.8911435036594754,0.2592586180313579,-0.3723549715822063,-0.3176248689739688,0.22957475446955633,0.9200053666797345,-22.97265625,8.300079345703125,-0.8323604464530945
7.9,3.677046331473044,2.551534782587483,1.5685286048963498,2.3840630402237233,-54.45117950439453,-5.385977745056152,-175.07015991210938,0.7071684002876282,0.8498223423957825,25.514293670654297,0.31673748744916314,0.9406405494951242,0.12195376455814105,-0.8626047178037577,0.33912792385724083,-0.37537361665809366,-0.39444957202041836,0.013697003533208768,0.9188155022784066,-23.08913230895996,8.095866203308105,-0.7217933535575867
7.91,3.677046331473044,2.551534782587483,1.5685286048963498,2.3840630402237233,-54.44420623779297,-5.377348899841309,-174.8158721923828,0.6843172907829285,0.876684308052063,25.343908309936523,0.29102056753415007,0.8870457109688678,0.35840889487265326,-0.8354370945643658,0.418177418700852,-0.35661254536897996,-0.4662101353445157,-0.1956465004553563,0.8627691212379011,-23.01804542541504,8.186071395874023,-0.625218391418457
7.92,3.0287347680563994,0.5966250242177303,3.6021295505346016,1.0195059544678238,-54.43757247924805,-5.368439197540283,-174.56320190429688,0.6385977268218994,0.9049285054206848,25.2010498046875,0.24683461711247345,0.7810469176685068,0.5736186749012482,-0.8095715327749323,0.4915361871901054,-0.32091449017310014,-0.5326036097468603,-0.38517254456040717,0.753641496868024,-22.92475128173828,8.593452453613281,-0.5303410887718201
7.93,3.0287347680563994,0.5966250242177303,3.6021295505346016,1.0195059544678238,-54.43147659301758,-5.359266757965088,-174.3116912841797,0.5794007778167725,0.9281701445579529,25.115692138671875,0.18510760187691377,0.6303036707931465,0.7539578624247262,-0.7861420625436567,0.555340596435452,-0.2712516902257411,-0.5896743450642762,-0.5425072391548345,0.5983059938172238,-22.46880531311035,8.796399116516113,-0.42858147621154785
7.94,3.8253044287429367,1.1288688818490331,4.010792095811,2.05297982584719,-54.42601013183594,-5.3498921394348145,-174.06069946289062,0.512802243232727,0.9459677338600159,25.092098236083984,0.11057738519767729,0.44886037802577444,0.8867338963417398,-0.7670702637436173,0.6058627627952264,-0.2110296735969438,-0.6319619073671624,-0.6568520942317945,0.4113021686548274,-21.681716918945312,8.767844200134277,-0.3253456652164459
7.95,3.4999660628926477,3.6961881653548727,3.509715096421673,2.0671687797837874,-54.421287536621094,-5.340351581573486,-173.80967712402344,0.4265044033527374,0.9620493650436401,25.115036010742188,0.028304954522410275,0.25089708638271097,0.967599856135867,-0.7532457310707086,0.641702177097895,-0.14435783501970129,-0.6571298944449551,-0.7247544190637873,0.20715051019554348,-20.88434600830078,8.678607940673828,-0.22774764895439148
7.96,3.4999660628926477,3.6961881653548727,3.509715096421673,2.0671687797837874,-54.41756820678711,-5.330661773681641,-173.55825805664062,0.31502842903137207,0.9750676155090332,25.174283981323242,-0.057651923415217576,0.047783788897335755,0.9971925417115496,-0.7448974221384339,0.6629688522179327,-0.07483402622037927,-0.6646834481300413,-0.7471204792451158,-0.002627408325110492,-20.379384994506836,8.747380256652832,-0.13087910413742065
7.97,0.508114952572568,0.011562783237039556,2.3768516820751717,2.1361727014914886,-54.4150276184082,-5.320874214172363,-173.30609130859375,0.19287055730819702,0.9808667302131653,25.259925842285156,-0.1454239664761195,-0.1530299277545238,0.9774628950429767,-0.74190519679014,0.6704829786024276,-0.005408731847635351,-0.65454453549788,-0.7259713607408086,-0.2110379928685891,-20.131145477294922,8.97131633758545,-0.02977481484413147
7.98,0.508114952572568,0.011562783237039556,2.3768516820751717,2.1361727014914886,-54.4135856628418,-5.31107234954834,-173.05303955078125,0.10808798670768738,0.9785566926002502,25.34437370300293,-0.23037576436258445,-0.3429381603342761,0.9106703165146525,-0.744307560661571,0.6649423560066158,0.06211214317983965,-0.6268438899250569,-0.6635096693906679,-0.40843806909825353,-19.96558380126953,8.807475090026855,0.06844356656074524
7.99,0.6945056428838287,3.128607131555052,2.574418200933585,1.6592476885971417,-54.412757873535156,-5.3013176918029785,-172.79928588867188,0.05999412760138512,0.9715983271598816,25.400991439819336,-0.3043950575357168,-0.5137463820945463,0.8021273613539139,-0.7517020128737384,0.6467671559409742,0.12898189732514387,-0.5850536153117918,-0.5636993000534845,-0.5830569151719358,-19.849231719970703,8.264251708984375,0.15855513513088226
8.0,3.75868270560443,3.8352097193100927,1.527222080621565,1.6503962201436975,-54.412391662597656,-5.291661739349365,-172.5450897216797,0.011600743979215622,0.9580081105232239,25.435110092163086,-0.36461422217299927,-0.6585787244330097,0.6582784613773788,-0.7634051261739498,0.616208907051276,0.19364709190175833,-0.5331689059955719,-0.43192666807556834,-0.7274409055618356,-19.920225143432617,7.903945446014404,0.24960102140903473
8.01,3.75868270560443,3.8352097193100927,1.527222080621565,1.6503962201436975,-54.41254425048828,-5.282193660736084,-172.29063415527344,-0.04199625924229622,0.933693528175354,25.458290100097656,-0.41221670200850746,-0.7720841157855707,0.48369774522613096,-0.7793975618878981,0.5737722633150131,0.2516442536072852,-0.47182288107766635,-0.2732608790185325,-0.8382789875033189,-20.05919647216797,8.0882568359375,0.33965906500816345
8.02,1.601460649191664,2.1208674649786556,2.2082546520322777,0.760359297156015,-54.41320037841797,-5.273019790649414,-172.03598022460938,-0.0850822702050209,0.9000581502914429,25.468822479248047,-0.4474175192669937,-0.8479394890390975,0.28428187839024005,-0.8002535891653145,0.521501574571417,0.2960241556825466,-0.3992640185153192,-0.0950512001378557,-0.9118955602871152,-20.134052276611328,8.599410057067871,0.4289584457874298
8.03,1.601460649191664,2.1208674649786556,2.2082546520322777,0.760359297156015,-54.41416931152344,-5.264190196990967,-171.78135681152344,-0.10379327833652496,0.8672544956207275,25.448469161987305,-0.46710291540070425,-0.8815002908204679,0.06908041479025295,-0.8252607680002852,0.46268011045058055,0.3238391270260872,-0.3174264185976684,0.0942568441911219,-0.9435868354843601,-20.12084197998047,8.883886337280273,0.5265557765960693
8.04,3.2954755530656445,3.0628666222623044,3.885326489737014,3.22060760039807,-54.415218353271484,-5.255663871765137,-171.52706909179688,-0.1032879427075386,0.8382090330123901,25.40879249572754,-0.4685813977316703,-0.8706976155275215,-0.1493892098329824,-0.8522700464008466,0.4010389769919013,0.33586233331707255,-0.23252363687963698,0.2846987903872757,-0.9299889015704913,-20.034292221069336,8.917571067810059,0.6288989186286926
8.05,3.225769346230911,2.23209342094869,2.7487563177907934,2.2546403268302235,-54.41616439819336,-5.2474589347839355,-171.27301025390625,-0.08075744658708572,0.7994689345359802,25.406373977661133,-0.4516573891397341,-0.8164678674367296,-0.3597024107214155,-0.879548489502,0.3398345412354393,0.33302693464350397,-0.149666487398579,0.46678978783454295,-0.8716118611647925,-19.9473819732666,8.794816017150879,0.7280558347702026
8.06,3.225769346230911,2.23209342094869,2.7487563177907934,2.2546403268302235,-54.416751861572266,-5.239680767059326,-171.018798828125,-0.033714067190885544,0.7575488686561584,25.436616897583008,-0.41783418925303395,-0.7221134015899263,-0.5513318651551767,-0.9055405726014502,0.28187997618659877,0.31708035321930705,-0.07355855941967493,0.631740385181499,-0.7716820744755147,-19.822420120239258,8.63614559173584,0.8204548954963684
8.07,0.6009624627930312,0.15846789636388783,2.9072850684295517,3.70280488197629,-54.41679000854492,-5.232287406921387,-170.7642059326172,0.028442934155464172,0.7219364643096924,25.483366012573242,-0.3689756306648768,-0.5931556510099862,-0.7155580742681726,-0.9294140376963538,0.22981869200901728,0.2887436844958253,-0.00682132746734071,0.7715891020991572,-0.636084685410205,-19.661588668823242,8.52502155303955,0.9087644815444946
8.08,0.6009624627930312,0.15846789636388783,2.9072850684295517,3.70280488197629,-54.416168212890625,-5.225212097167969,-170.5090789794922,0.0940813273191452,0.695095419883728,25.544506072998047,-0.30875464887921206,-0.43612840442479733,-0.845258884395399,-0.9499596362380687,0.18568980333616575,0.25118914478020743,0.04740523508970729,0.8805176385461315,-0.4716369704499777,-19.642807006835938,7.966510772705078,0.9922934770584106
8.09,3.3123257593709226,0.9742004097399375,4.137798839630078,3.7946589421228554,-54.414913177490234,-5.2183613777160645,-170.25326538085938,0.15836375951766968,0.675938606262207,25.618799209594727,-0.24550933648624626,-0.25729630016363236,-0.9346249406153192,-0.965617101112259,0.14993651768501542,0.21237385598055203,0.08549140154214518,0.9546295902529928,-0.28526052246282296,-19.754308700561523,6.984011173248291,1.0662446022033691
8.1,3.3058323557730978,2.793866806500567,2.54800671486554,2.6327712630671374,-54.41291809082031,-5.211697101593018,-169.9966583251953,0.2483454942703247,0.6562283039093018,25.706769943237305,-0.1847161298728776,-0.06520921371294874,-0.9806261825036722,-0.9767854253613424,0.12232801212664327,0.17585815377970226,0.10849047961202785,0.9903452003700947,-0.08629136652915731,-19.64312744140625,6.085103988647461,1.1284891366958618
8.11,3.3058323557730978,2.793866806500567,2.54800671486554,2.6327712630671374,-54.409889221191406,-5.205233573913574,-169.73916625976562,0.35738179087638855,0.6373121738433838,25.786081314086914,-0.1271456119561164,0.12917692165823047,-0.9834364830893798,-0.9846944869321138,0.10272208612595157,0.14080106685474164,0.1192088954978004,0.9862867209553394,0.1141391400938282,-19.486106872558594,5.63157320022583,1.1838226318359375
8.12,1.6051298367510494,1.0644073399261513,0.3103906827467874,3.1924881614522405,-54.40577697753906,-5.198939323425293,-169.48101806640625,0.4639880061149597,0.6223210096359253,25.836332321166992,-0.07070302612708224,0.318778759454273,-0.9451884386815509,-0.990353961567408,0.09076516235874912,0.10469343871385117,0.11916422661274695,0.9434732576087066,0.3092864356434035,-19.461606979370117,5.483547210693359,1.2384679317474365
8.13,1.6051298367510494,1.0644073399261513,0.3103906827467874,3.1924881614522405,-54.40070343017578,-5.192768573760986,-169.22256469726562,0.5425611138343811,0.6129179000854492,25.852737426757812,-0.016530268933810432,0.4969665858322614,-0.8676122191251119,-0.9939044268059156,0.08642739947345707,0.06844190964503755,0.108998810014513,0.863454988512129,0.4925086214767605,-19.671409606933594,5.246032238006592,1.2863904237747192
8.14,3.978453219332718,1.179928165450635,2.5205230991967023,3.3579053478261147,-54.39501190185547,-5.18666934967041,-168.96412658691406,0.5938363075256348,0.607174813747406,25.830678939819336,0.03230237765732846,0.6583503635821535,-0.7520181880572634,-0.9953865384364686,0.08920223367917479,0.03533554309913284,0.0903448697887606,0.7474073589936696,0.6581945337246123,-20.081785202026367,4.88801383972168,1.326934576034546
8.15,3.6349656386220075,1.447420525645353,2.3490841875806088,3.1405217123595772,-54.38881301879883,-5.180623531341553,-168.70620727539062,0.6492809653282166,0.6020825505256653,25.742406845092773,0.07410296688156465,0.7948171290705199,-0.6023076303978273,-0.9951214830559914,0.09837980651560946,0.0073924035600834714,0.06513051711596973,0.5988214633812379,0.7982298357830022,-20.18317985534668,4.511059761047363,1.3632835149765015
8.16,3.6349656386220075,1.447420525645353,2.3490841875806088,3.1405217123595772,-54.38204574584961,-5.174623966217041,-168.44949340820312,0.700945258140564,0.5981144309043884,25.587631225585938,0.10824661710779421,0.897435723917638,-0.4276584984788019,-0.9934981627251747,0.11291999227792077,-0.014507791205291887,0.035271384243046405,0.42644835183217566,0.9038239500440338,-20.018503189086914,4.155401706695557,1.3963062763214111
8.17,2.4453521650641465,3.4653560275793316,1.7958805524094839,3.4627337903778708,-54.37486267089844,-5.168657302856445,-168.194580078125,0.7334027290344238,0.5954269170761108,25.390111923217773,0.13475587771460357,0.9621644196421657,-0.23681318163485263,-0.990875683667616,0.13145256727432936,-0.029759067075818435,0.0024965851882063073,0.23866263245770752,0.9710993331944759,-19.84864616394043,3.816828966140747,1.4264154434204102
8.18,2.4453521650641465,3.4653560275793316,1.7958805524094839,3.4627337903778708,-54.36745071411133,-5.162712097167969,-167.9417724609375,0.7456094622612,0.5937207341194153,25.165142059326172,0.1539504435057597,0.9873796005898963,-0.03715891929694343,-0.9875681772708376,0.15255345897366301,-0.037901680663611576,-0.03175462464485068,0.04253194674721325,0.9985903450963047,-19.9924373626709,3.5504941940307617,1.4577161073684692
8.19,0.23322619076113268,1.989911247110836,2.0418072575789488,1.2668693902307218,-54.36002731323242,-5.15678071975708,-167.69129943847656,0.7364058494567871,0.5926394462585449,24.93307876586914,0.16624834992565285,0.971842289640295,0.16698517962294399,-0.9838112692588901,0.17496013172885927,-0.038785806484228,-0.06690943600277505,-0.15783382518373368,0.9851962296931821,-20.428607940673828,3.342298746109009,1.491428256034851
8.2,3.5854427958601454,3.3125978028052545,3.4076888015601496,0.48844776634263537,-54.352779388427734,-5.150861740112305,-167.4429931640625,0.7124643325805664,0.5907443761825562,24.74231719970703,0.17202582495637586,0.9139543550891973,0.36755210836229424,-0.9798467519055336,0.19720707688169004,-0.031775959591405,-0.1015256535475332,-0.3546784538723328,0.9294599163118749,-20.770809173583984,3.0090324878692627,1.5300427675247192
8.21,3.5854427958601454,3.3125978028052545,3.4076888015601496,0.48844776634263537,-54.345829010009766,-5.144965171813965,-167.1963348388672,0.6717346906661987,0.5886387825012207,24.585031509399414,0.17219548157541142,0.8153108876534035,0.5528262589628238,-0.9759115897944938,0.2175172899908956,-0.016816582881199305,-0.1339600128015661,-0.536613813676871,0.8331268390475538,-20.667795181274414,2.8390753269195557,1.5714738368988037
8.22,0.6815009712652327,0.13825258531847762,1.623210685386844,0.6417397937129776,-54.339420318603516,-5.139089584350586,-166.95115661621094,0.6065313816070557,0.5863460898399353,24.458276748657227,0.16592534970649564,0.6827650027515257,0.7115481215929714,-0.9720840358435896,0.2346278915330151,0.0015426512276754956,-0.16589576722392785,-0.6919405346794482,0.7026356743609761,-20.248207092285156,2.9151713848114014,1.6132233142852783
8.23,0.6815009712652327,0.13825258531847762,1.623210685386844,0.6417397937129776,-54.33365249633789,-5.133240222930908,-166.70689392089844,0.5534054636955261,0.5834720134735107,24.40701675415039,0.1535539732985019,0.5242129888311134,0.8376287480889095,-0.9684643677971089,0.24815804486684773,0.02223405215451746,-0.19620893351626267,-0.8146277230174618,0.5457872546146495,-19.91535758972168,2.7134766578674316,1.6502512693405151
8.24,3.6657484694389657,2.828790710532181,0.3734245090912685,1.8254726391160627,-54.32828140258789,-5.1274189949035645,-166.46278381347656,0.5213918685913086,0.5808482766151428,24.420612335205078,0.13891567899153456,0.3463962331797436,0.9277456999464917,-0.9651003807008143,0.2573659351234874,0.048415189859758345,-0.2219993002274207,-0.9020933571847749,0.37005930014206906,-19.69169044494629,2.2255568504333496,1.6789742708206177
8.25,4.10384437736954,0.856330958113022,3.4003428731604295,0.2878326330755549,-54.32330322265625,-5.121628761291504,-166.21836853027344,0.46645882725715637,0.5765237808227539,24.46284294128418,0.12310955861784945,0.1562133284395581,0.9800211388509703,-0.9620450065083965,0.2611370003995038,0.07922671566213357,-0.24354351157273174,-0.9525780089001552,0.18243271343330503,-19.64414405822754,2.097576379776001,1.6974605321884155
8.26,4.10384437736954,0.856330958113022,3.4003428731604295,0.2878326330755549,-54.319034576416016,-5.115899085998535,-165.9734344482422,0.3866068422794342,0.5688608884811401,24.528606414794922,0.10295273394540433,-0.03893500306743142,0.9939239408069943,-0.9596199244536099,0.2590919651634775,0.10954886662752389,-0.26178299250488835,-0.9650675723097664,-0.010688578545302085,-19.21219825744629,2.124335289001465,1.7153092622756958
8.27,0.3883103681538432,0.6001555615913491,1.346004902086396,0.49199980124884674,-54.315582275390625,-5.110259532928467,-165.7277374267578,0.30360284447669983,0.5585096478462219,24.6119327545166,0.08023160023675435,-0.22545248173224092,0.9709449360309901,-0.9577656845282689,0.25240734959218203,0.13775131001898483,-0.27613001260918035,-0.9409897493345099,-0.19567960492557812,-18.29816246032715,2.0142149925231934,1.7349923849105835
8.28,0.3883103681538432,0.6001555615913491,1.346004902086396,0.49199980124884674,-54.312862396240234,-5.104723930358887,-165.48121643066406,0.2487189918756485,0.5496405959129333,24.691429138183594,0.05674963159456864,-0.3965628510313318,0.9162518128199161,-0.9563148322579477,0.24201829730020313,0.16397891747222904,-0.2867776506587191,-0.8855309418387436,-0.3655044871528302,-17.759021759033203,1.7459604740142822,1.755028486251831
8.29,0.10902482814474208,3.7934610769873998,1.1642067850367717,2.1870988703966097,-54.310523986816406,-5.099260330200195,-165.2340087890625,0.21999642252922058,0.5430455207824707,24.748626708984375,0.03476539215292945,-0.5523898083550758,0.8328606528909235,-0.9548977028181493,0.2275416960212902,0.19077513916749156,-0.29489276807184334,-0.8019290967393546,-0.5195651827650969,-17.6176815032959,1.338868260383606,1.7736992835998535
8.3,0.9136938055409715,2.552075567461631,2.4922666671412057,2.1175288976172912,-54.30849838256836,-5.093879699707031,-164.98629760742188,0.18057867884635925,0.5314487218856812,24.791688919067383,0.014592993947627447,-0.6909466018874367,0.7227584920759135,-0.9533662183241364,0.20831648287347213,0.2183966499778813,-0.30146293020200565,-0.6922405913433783,-0.6556851877315746,-17.941308975219727,1.0069178342819214,1.7921212911605835
8.31,0.9136938055409715,2.552075567461631,2.4922666671412057,2.1175288976172912,-54.30693817138672,-5.088654518127441,-164.7382049560547,0.13121801614761353,0.5127912759780884,24.823469161987305,-0.004508369706288595,-0.8104339944709837,0.5858126110015021,-0.9517698687717417,0.18319666334828638,0.2461160284018012,-0.30677971168382856,-0.5564492098510523,-0.7721725748531391,-18.38559913635254,0.6330789923667908,1.8094358444213867
8.32,0.7015351646902092,3.1863888534679354,0.04140979880836394,0.8649318609484535,-54.305843353271484,-5.0836381912231445,-164.48988342285156,0.08875522762537003,0.4900558888912201,24.83539390563965,-0.022196185111411304,-0.9041695272325356,0.4265967597047509,-0.9497332410343886,0.1523497902117661,0.27348914475120734,-0.31227247755896764,-0.39908270752630204,-0.862101439688312,-18.628341674804688,0.15290522575378418,1.821846604347229
8.33,0.7015351646902092,3.1863888534679354,0.04140979880836394,0.8649318609484535,-54.30509948730469,-5.078847408294678,-164.24159240722656,0.06416647136211395,0.46900424361228943,24.8142032623291,-0.03936281717404303,-0.967374660276123,0.2502735209321563,-0.9472733330074669,0.1158372179020428,0.298755705421067,-0.31799968741658785,-0.22531756612472606,-0.9209278979369567,-18.995607376098633,-0.059067048132419586,1.829463005065918
8.34,1.2370995885411253,0.05586293912452335,2.9132678921785744,3.3680296827104197,-54.30451583862305,-5.074249267578125,-163.99366760253906,0.054155874997377396,0.4505575895309448,24.76697540283203,-0.05733942141165338,-0.9965071678008283,0.06070959787174271,-0.9453976644803147,0.07373945185240172,0.31746771369018567,-0.32083554470685327,-0.03919129701960897,-0.9463237265812252,-19.505741119384766,-0.014292222447693348,1.835853099822998
8.35,0.8232451370159809,1.6451980432429993,2.777236088951838,2.5550877435908426,-54.30398178100586,-5.069849967956543,-163.7462158203125,0.0540282279253006,0.4278126358985901,24.727441787719727,-0.07576747911476257,-0.9879539821167668,-0.13493042032179933,-0.943924087774875,0.027454787497122043,0.32901907416114673,-0.3213512184930444,0.15229301974519807,-0.9346337413714125,-19.720624923706055,-0.49850982427597046,1.8346682786941528
8.36,0.8232451370159809,1.6451980432429993,2.777236088951838,2.5550877435908426,-54.30339050292969,-5.065706729888916,-163.4990692138672,0.06770877540111542,0.40053266286849976,24.708683013916016,-0.09576118457059121,-0.9408786758353986,-0.32492631916769016,-0.940737313768083,-0.021143807972297514,0.33847635939433285,-0.3253353685261536,0.3380832097911062,-0.8830949219893036,-19.7366886138916,-1.3468265533447266,1.8248940706253052
8.37,3.377320148515262,0.11444608254266983,2.2680902904638502,2.4126875570887933,-54.302581787109375,-5.061842441558838,-163.2520294189453,0.09580496698617935,0.3722847104072571,24.710662841796875,-0.11948345422507543,-0.8569827332410308,-0.5013026023203717,-0.9356221398726837,-0.07173705097391457,0.3456371028949677,-0.3321669994844533,0.5103277284689696,-0.793240628062631,-19.794145584106445,-2.126858949661255,1.8106507062911987
8.38,3.377320148515262,0.11444608254266983,2.2680902904638502,2.4126875570887933,-54.301414489746094,-5.058262348175049,-163.0048065185547,0.1378815472126007,0.3434874713420868,24.7386531829834,-0.14832451990411782,-0.7400437251549093,-0.6559993305286657,-0.9287753020813968,-0.12359440112224013,0.3494293379996083,-0.339670833364925,0.6611049151761612,-0.6690022541749,-19.55791473388672,-2.775897741317749,1.7805687189102173
8.39,3.2593544000340313,4.0893490136122255,2.527099128781526,1.903418408824675,-54.29977035522461,-5.054972171783447,-162.75717163085938,0.1923859566450119,0.3145420253276825,24.7927303314209,-0.18212177446301464,-0.5979782646281503,-0.7805470224776654,-0.9207678129928406,-0.17480296865981543,0.3487557264104739,-0.34499028076574073,0.7822185865728466,-0.5187637121051876,-19.04535484313965,-3.3006935119628906,1.7370853424072266
8.4,0.5847906158732287,0.44216962519826,1.698231181068939,0.29997809635202,-54.297489166259766,-5.05198860168457,-162.5088653564453,0.27015671133995056,0.2803366482257843,24.874448776245117,-0.21967219364318125,-0.4382744290705412,-0.8715845639769464,-0.9122368862283028,-0.22438238767589136,0.3427483151021409,-0.3457860476428787,0.8703838629729741,-0.3505195291731399,-18.748123168945312,-3.5069644451141357,1.698463797569275
8.41,0.5847906158732287,0.44216962519826,1.698231181068939,0.29997809635202,-54.29441833496094,-5.04932975769043,-162.25970458984375,0.33264344930648804,0.2557702660560608,24.95848846435547,-0.25786417490392294,-0.2656923557994951,-0.9289314503077358,-0.9044108880383923,-0.2718791254489658,0.3288201434564376,-0.33992206886097553,0.9249266528837948,-0.170187173096136,-18.54923439025879,-3.706822633743286,1.6672929525375366
8.42,1.8068507058121677,2.840273543901795,1.5725704023780376,3.008823496000033,-54.29092025756836,-5.0468339920043945,-162.00970458984375,0.3653108477592468,0.24414949119091034,25.03853416442871,-0.2976098165068834,-0.08760520238699171,-0.9506596265927536,-0.8967912502815367,-0.3158439623352081,0.3098516497856261,-0.3274047197845777,0.9447581277613495,0.015434684695590908,-18.252702713012695,-4.112102508544922,1.6342862844467163
8.43,1.8068507058121677,2.840273543901795,1.5725704023780376,3.008823496000033,-54.28702926635742,-5.044469833374023,-161.75894165039062,0.42116954922676086,0.22607611119747162,25.110187530517578,-0.3382999802660376,0.08982266617204748,-0.9367416997196951,-0.8893747277308289,-0.35580917634707876,0.28707564107901445,-0.3075153931524604,0.9302320778542084,0.20025624660751365,-18.249755859375,-4.465011119842529,1.5947530269622803
8.44,3.3400030524562587,0.9047812492462582,0.4222806258608674,2.299904924145204,-54.28242874145508,-5.042329788208008,-161.50759887695312,0.4995999038219452,0.20193012058734894,25.152372360229492,-0.37768796629474066,0.2636700064728624,-0.8875978412562434,-0.8826562381292113,-0.3921613038228612,0.2590897085481061,-0.2797673415674743,0.881298836644276,0.3808445813211918,-18.531496047973633,-4.749532222747803,1.5487943887710571
8.45,1.0921162240031295,0.8411119708499877,2.8668771059114206,2.1430839099754144,-54.277076721191406,-5.040417194366455,-161.25599670410156,0.5664494633674622,0.1818191260099411,25.157773971557617,-0.41356944218540787,0.427604190859822,-0.8038127720119704,-0.8770946349545459,-0.42396740552213513,0.22573577560675123,-0.24426485179903146,0.7983772886386151,0.5503893050938136,-18.6164608001709,-4.917910575866699,1.4917638301849365
8.46,1.0921162240031295,0.8411119708499877,2.8668771059114206,2.1430839099754144,-54.27114486694336,-5.038679122924805,-161.00454711914062,0.6176347136497498,0.16631250083446503,25.1215877532959,-0.44408714223165424,0.5727849851215147,-0.6889876420690495,-0.8730080307792455,-0.4496408041330259,0.18889183532791895,-0.20160255032976718,0.6853761799756043,0.6997255916590315,-18.455862045288086,-5.30057954788208,1.435101866722107
8.47,0.21368681444357,3.275262963874786,2.670610323688034,3.9895767867149963,-54.26475524902344,-5.037082672119141,-160.7537078857422,0.6582239866256714,0.15340650081634521,25.03877067565918,-0.4699240942759498,0.6929872476832919,-0.5467540764980761,-0.8698894554310339,-0.46873851038872877,0.15354655388010066,-0.14987888760204804,0.547770831120909,0.8230938194545512,-18.230682373046875,-5.956205368041992,1.3813308477401733
8.48,0.21368681444357,3.275262963874786,2.670610323688034,3.9895767867149963,-54.25798416137695,-5.035611152648926,-160.50399780273438,0.6945075392723083,0.1406290978193283,24.89969825744629,-0.4891534155448576,0.7844845569642426,-0.38119931262453266,-0.8676971742565983,-0.4820334294094757,0.12143058395171535,-0.08849039409966761,0.3901637512844527,0.9164833317282587,-18.40751838684082,-6.646659851074219,1.324885606765747
8.49,3.878260892722855,3.9329158393771615,1.3981541762687621,1.460090916672213,-54.250892639160156,-5.034265995025635,-160.2559051513672,0.7203871607780457,0.12874795496463776,24.71290397644043,-0.4986965447050319,0.8448154596837025,-0.19387778464454586,-0.8665877657016869,-0.4906246601181986,0.09117613295188842,-0.018094215523767623,0.21348133867698316,0.9767795643855696,-18.964597702026367,-7.34328031539917,1.2626546621322632
8.5,0.9694351931794305,3.073293195997605,3.242648532918196,1.6568377575694853,-54.24363327026367,-5.033026218414307,-160.00982666015625,0.7275853753089905,0.1193833127617836,24.501188278198242,-0.4951331642692106,0.8687780688786644,0.008235088112324974,-0.8668994957514733,-0.49464754708041847,0.061717650904476506,0.0576924077032713,0.02341946205155249,0.9980596750147837,-19.241926193237305,-7.466921806335449,1.1901533603668213
8.51,0.9694351931794305,3.073293195997605,3.242648532918196,1.6568377575694853,-54.23640060424805,-5.031866073608398,-159.765869140625,0.7149980664253235,0.11334343254566193,24.29384422302246,-0.4770100528373433,0.8532609514187898,0.21073006020977747,-0.8691855978907811,-0.4935245232404395,0.030821119050775184,0.13029890986251574,-0.16846154975007943,0.9770582891232443,-19.256080627441406,-7.456949710845947,1.122120976448059
8.52,1.0880947503316214,2.3574084983020502,2.837179787038248,0.04839621797227123,-54.22938537597656,-5.030749320983887,-159.52386474609375,0.685567319393158,0.1104918122291565,24.11197280883789,-0.4444566608249402,0.7987764104208497,0.4054806071855065,-0.873307005656512,-0.48716417677810264,0.002436952065795167,0.19948220602249592,-0.3530259353352052,0.9141003984580154,-19.260454177856445,-7.73914098739624,1.0586369037628174
8.53,1.5563134128727656,2.4587654591515298,3.606845029706265,2.035759788230659,-54.22272872924805,-5.029647350311279,-159.283447265625,0.6467979550361633,0.11005238443613052,23.97670555114746,-0.39762565449578885,0.7077615247710994,0.5839241928028706,-0.8790341134910323,-0.4762832976021401,-0.021289615878779033,0.26304536910166343,-0.5217545826142014,0.8115289824246883,-19.106843948364258,-7.95216178894043,0.9941225051879883
8.54,1.5563134128727656,2.4587654591515298,3.606845029706265,2.035759788230659,-54.21650314331055,-5.028541088104248,-159.04417419433594,0.5931119918823242,0.11163722723722458,23.88381576538086,-0.3379081488952313,0.58551790657567,0.7368764238252186,-0.886034039282931,-0.46195669909066644,-0.039238876095382236,0.3174299358002826,-0.6661567302403394,0.6748877288952053,-18.87518882751465,-8.217466354370117,0.9262112975120544
8.55,0.13256862535507552,3.876297924948207,3.336243108908035,2.2904040624560467,-54.210933685302734,-5.027408599853516,-158.80563354492188,0.5196272730827332,0.11514943838119507,23.833030700683594,-0.2659920674623606,0.4378796303465811,0.8587838199306274,-0.8938701375230143,-0.4455656931924692,-0.049672832559677915,0.36089388647036735,-0.7808537906531898,0.5099244653189899,-18.687162399291992,-8.597968101501465,0.8530611991882324
8.56,0.13256862535507552,3.876297924948207,3.336243108908035,2.2904040624560467,-54.20615005493164,-5.026235103607178,-158.56729125976562,0.43545058369636536,0.11964017897844315,23.832307815551758,-0.18349468876326305,0.270616743439389,0.9450377121395384,-0.9019777035280024,-0.4285906937889804,-0.052404575523816554,0.3908528131330568,-0.862018906618492,0.32273438474732663,-18.769487380981445,-8.981449127197266,0.7807124853134155
8.57,0.28898477702837894,0.36804736070048144,1.4792463825981808,3.7109809449589752,-54.20224380493164,-5.025016784667969,-158.32879638671875,0.3447786569595337,0.12433288246393204,23.87531852722168,-0.09301113991173054,0.08768337149552458,0.9917966294636709,-0.9097945668733134,-0.41217040392959076,-0.04888153242604171,0.40450311981506476,-0.9068777119808908,0.11811029409913226,-19.099056243896484,-9.355222702026367,0.7076352834701538
8.58,3.351859578257679,4.158435240240957,1.8352481527740256,2.3092982822461905,-54.1992073059082,-5.023754119873047,-158.08969116210938,0.268885999917984,0.127787247300148,23.949918746948242,0.002722452677533016,-0.10414667072387002,0.9945582231466152,-0.9167648895234715,-0.39750732061010663,-0.039116075958503416,0.39941798355661956,-0.911669567901939,-0.09656020594973999,-19.436683654785156,-9.92076587677002,0.6155303120613098
8.59,3.351859578257679,4.158435240240957,1.8352481527740256,2.3092982822461905,-54.19690704345703,-5.022462368011475,-157.84976196289062,0.183406263589859,0.13058096170425415,24.0387020111084,0.1002239521361451,-0.29548447906765835,0.9500758296306282,-0.9221211853766018,-0.3862260887837302,-0.022845739700722956,0.37369463322057855,-0.8737953598943731,-0.3111816031342479,-19.677541732788086,-10.105661392211914,0.5089201927185059
8.6,1.5624207944086332,1.952304394336884,3.898797641666121,3.1994435254589044,-54.19558334350586,-5.021146297454834,-157.60890197753906,0.08162465691566467,0.13226604461669922,24.130775451660156,0.18895547487965825,-0.4756615633299278,0.8590936536161422,-0.9253134016150099,-0.37914913651801996,-0.006406330408228744,0.3287718620938574,-0.7937203597288967,-0.5117783243233038,-19.851654052734375,-9.784146308898926,0.40522411465644836
8.61,1.5624207944086332,1.952304394336884,3.898797641666121,3.1994435254589044,-54.195228576660156,-5.019822597503662,-157.36720275878906,-0.0073721082881093025,0.13203279674053192,24.206661224365234,0.2645432340632068,-0.6348034193211151,0.725976236614946,-0.9265478382872195,-0.3760743320333243,0.008786361645744645,0.26744341584092174,-0.6749760852088834,-0.6876636559535702,-19.902219772338867,-9.86192798614502,0.30510056018829346
8.62,3.7940285418588413,3.1900283467715127,0.8048538191945513,2.6577273914131916,-54.19567108154297,-5.018511772155762,-157.1248779296875,-0.07756540924310684,0.12988466024398804,24.255212783813477,0.3277518275914211,-0.7635519008979929,0.5563876653427404,-0.9256983969307949,-0.37725565867320876,0.027579809984844023,0.18884177882619127,-0.5240865030069991,-0.8304650022340826,-19.84530258178711,-10.36257553100586,0.20296446979045868
8.63,2.733890533828716,0.31508498139699587,1.5631763673909376,0.5767984499028542,-54.196720123291016,-5.017232418060303,-156.88218688964844,-0.12802830338478088,0.1255149245262146,24.276185989379883,0.3746218078823654,-0.8552312684245289,0.35810330711670324,-0.9222430319364139,-0.3835081631888618,0.04888024971536345,0.09553162357920567,-0.34856988721987603,-0.9324015994301188,-19.90325927734375,-10.406720161437988,0.09019119292497635
8.64,2.733890533828716,0.31508498139699587,1.5631763673909376,0.5767984499028542,-54.19813919067383,-5.0160040855407715,-156.6394805908203,-0.15045861899852753,0.12041012942790985,24.252580642700195,0.40016912757316475,-0.9052874888966534,0.14254554284341422,-0.9164345303187676,-0.3946976618699198,0.06604170919833949,-0.003524340612333726,-0.15706151075807828,-0.987582533696115,-19.72165298461914,-10.157675743103027,-0.02518725022673607
8.65,0.13966534777370998,3.2368025311349187,1.8672337604065934,3.0017949430284623,-54.19966506958008,-5.014823913574219,-156.39723205566406,-0.1534440815448761,0.11559651046991348,24.19748878479004,0.40426645878680817,-0.911491841927325,-0.07583701207132564,-0.9087421989288187,-0.4096778385379242,0.07969745602533307,-0.10371232417600797,0.036697284788209064,-0.993930109767877,-19.230518341064453,-9.993755340576172,-0.13556453585624695
8.66,0.13966534777370998,3.2368025311349187,1.8672337604065934,3.0017949430284623,-54.20116424560547,-5.013697624206543,-156.1554718017578,-0.14258095622062683,0.10921251773834229,24.15899658203125,0.38777349806363187,-0.8757980061850078,-0.2874187999450613,-0.899481294514023,-0.4276704412641941,0.08961804778205397,-0.20140783256584519,0.22377633036417005,-0.9536031873635249,-19.29888916015625,-9.993057250976562,-0.23616912961006165
8.67,0.9582905504830083,2.396107637436993,1.2469981000278103,1.8830275272578074,-54.20246124267578,-5.0126447677612305,-155.91392517089844,-0.1142585277557373,0.1012888252735138,24.150936126708984,0.3509525876022084,-0.7983109213331743,-0.489420018118888,-0.8889531071821755,-0.4482942107865119,0.0937799221926214,-0.2942696968538723,0.4021591394653079,-0.8669909872992068,-19.922542572021484,-10.130949974060059,-0.3335894048213959
8.68,4.059181349201635,2.526500556054705,1.8651885253181917,1.2397767168037714,-54.20339584350586,-5.011669158935547,-155.67236328125,-0.07475786656141281,0.09400522708892822,24.164459228515625,0.29455061081171324,-0.6791069157401571,-0.6723494141176429,-0.8777464941471659,-0.4704690219309651,0.09066416831185412,-0.3778902349661947,0.5634471549286696,-0.7346606522197728,-20.464324951171875,-10.149144172668457,-0.4368991255760193
8.69,4.059181349201635,2.526500556054705,1.8651885253181917,1.2397767168037714,-54.203880310058594,-5.0107645988464355,-155.43051147460938,-0.017051521688699722,0.08667786419391632,24.213626861572266,0.22231496787247312,-0.5234764394625162,-0.822525666704394,-0.8667971218531354,-0.49235295820423036,0.07906525213179494,-0.4463617418719733,0.6953854915621911,-0.5632053031691268,-20.54145050048828,-9.8080472946167,-0.546159029006958
8.7,1.1161972775231022,0.6206083090689295,4.122195079122751,3.9140406570612294,-54.20367431640625,-5.009934425354004,-155.18797302246094,0.062051527202129364,0.07968789339065552,24.29458236694336,0.14121844317679796,-0.3427315453135233,-0.9287585472843445,-0.8571525609226751,-0.5117287348943109,0.05850802669008376,-0.495324982824833,0.7878253548410792,-0.3660387570450794,-20.30057144165039,-9.218879699707031,-0.6529199481010437
8.71,1.1161972775231022,0.6206083090689295,4.122195079122751,3.9140406570612294,-54.20261001586914,-5.009164333343506,-154.944580078125,0.15158654749393463,0.07481104880571365,24.386905670166016,0.05508046749858847,-0.14771500211025707,-0.9874950228997126,-0.849374396771065,-0.5268539433377375,0.03143336601869812,-0.5249088265688875,0.8370216248945082,-0.15448470231395367,-20.134521484375,-9.263578414916992,-0.7532638907432556
8.72,1.391084416934437,0.9180304732174204,1.2086360010249069,3.382415018483223,-54.200626373291016,-5.008429527282715,-154.70025634765625,0.24588213860988617,0.07252483069896698,24.47357177734375,-0.040026278241221,0.05272689014386689,-0.9978064802885942,-0.8433646462483152,-0.5373141577345192,0.005437771280421333,-0.535848831769381,0.8417323630191491,0.06597468103438527,-20.079710006713867,-9.920626640319824,-0.856462836265564
8.73,2.4870397573897676,0.7072424513649885,2.598441965219063,2.6201518812278635,-54.19773483276367,-5.007704734802246,-154.45516967773438,0.32645460963249207,0.07253312319517136,24.538436889648438,-0.14147071224093077,0.24956388474690538,-0.9579686346682115,-0.8390718749565663,-0.5437313518036395,-0.017737128365636845,-0.5253041273728163,0.8012952542576426,0.2863240983034153,-20.24115562438965,-10.362747192382812,-0.970817506313324
8.74,2.4870397573897676,0.7072424513649885,2.598441965219063,2.6201518812278635,-54.194122314453125,-5.006971836090088,-154.2095947265625,0.396980881690979,0.07430794835090637,24.56562614440918,-0.24084588595256567,0.43393530681476344,-0.868155175483796,-0.8365208511615082,-0.5463960939569397,-0.04103869004518779,-0.4921647333888821,0.7163459066737076,0.49459318353579657,-20.323728561401367,-10.5121431350708,-1.091817021369934
8.75,0.7541003943943366,2.0854363001381837,4.122364728096287,3.5722150641093964,-54.18981170654297,-5.00621223449707,-153.96401977539062,0.4629293382167816,0.07794863730669022,24.53952407836914,-0.33166212220508473,0.5935848136356717,-0.7332511886901545,-0.835756897159161,-0.5454155762280329,-0.06350006345457226,-0.4376192929308662,0.5917591724924489,0.6769862895404463,-20.194385528564453,-10.586578369140625,-1.2127761840820312
8.76,0.7541003943943366,2.0854363001381837,4.122364728096287,3.5722150641093964,-54.184879302978516,-5.005405426025391,-153.71900939941406,0.5229341387748718,0.08398879319429398,24.449539184570312,-0.40939907821646615,0.7200033831141498,-0.5603458959068824,-0.8367498638371006,-0.5411126334704791,-0.08394512056836073,-0.36365101419369306,0.4345022971203049,0.8239937461371152,-20.244905471801758,-10.829526901245117,-1.327188491821289
8.77,4.067268508964104,1.1228185321615907,2.326361854441547,3.6772391590527564,-54.17939376831055,-5.0045247077941895,-153.47525024414062,0.5698745250701904,0.0924396887421608,24.299758911132812,-0.47070230467349405,0.8075565589809357,-0.3553754977793647,-0.8395534143465744,-0.5338039523704133,-0.10101190470798199,-0.27127367147231607,0.2508101761902726,0.9292496169949892,-20.490951538085938,-11.23110294342041,-1.439521312713623
8.78,1.3374651708041543,1.5242041255053502,3.035271854292044,3.4705068286117413,-54.173545837402344,-5.0035505294799805,-153.23316955566406,0.5955583453178406,0.10278177261352539,24.107698440551758,-0.5107433321384836,0.8501235471347114,-0.1281842552077849,-0.8438510847524286,-0.5242309938922127,-0.11444305048770799,-0.16448889153443733,0.049717397859086784,0.9851251620539865,-20.594589233398438,-11.34852409362793,-1.5677790641784668
8.79,1.3374651708041543,1.5242041255053502,3.035271854292044,3.4705068286117413,-54.16756057739258,-5.002467632293701,-152.99310302734375,0.5966430306434631,0.11364930868148804,23.90563201904297,-0.5258985667166911,0.8438634790335721,0.10641957657633702,-0.8489991403552478,-0.5132705407297036,-0.12551418921814567,-0.05129480676813983,-0.1563578612427099,0.9863676099843431,-20.717205047607422,-11.376961708068848,-1.6996575593948364
8.8,0.8765826037878008,1.9969448797949272,0.3168448812652892,2.7919962043804194,-54.16168212890625,-5.001277446746826,-152.75498962402344,0.575631320476532,0.12453670054674149,23.721107482910156,-0.514838199912526,0.7881721423420973,0.33723330491915937,-0.854924397063128,-0.5012135794827313,-0.1337506001794202,0.0636074147963683,-0.35716889811121094,0.9318714906063745,-20.9926815032959,-11.523636817932129,-1.828143835067749
8.81,0.8765826037878008,1.9969448797949272,0.3168448812652892,2.7919962043804194,-54.15609359741211,-4.9999823570251465,-152.51852416992188,0.5418460369110107,0.13385741412639618,23.58513641357422,-0.4774758480136829,0.6839100127609146,0.5516193515541126,-0.861307105777833,-0.48842061520415214,-0.13998347109644768,0.17368616554068655,-0.541952393747793,0.8222656011355516,-21.534400939941406,-11.419020652770996,-1.9610228538513184
8.82,1.1179372779217709,0.006612878780583486,0.023208714975432646,3.354747129713812,-54.15085983276367,-4.9986042976379395,-152.2830810546875,0.5021593570709229,0.14174897968769073,23.510149002075195,-0.41717689601798247,0.5329186298396237,0.7361801215726076,-0.867716003072002,-0.47442875142816,-0.14827777254553787,0.2702450285232838,-0.7006533335310515,0.660342737349533,-22.303667068481445,-11.054059028625488,-2.0969841480255127
8.83,3.1624259450818006,0.6432055625479409,3.7352594948514692,0.928487059928324,-54.146053314208984,-4.9971489906311035,-152.04808044433594,0.4602910876274109,0.14905668795108795,23.4953556060791,-0.33845858643881366,0.340817423681258,0.8770913686618459,-0.8743276394799586,-0.45846831031641666,-0.15924191432224566,0.3478461788021304,-0.8207620191936758,0.45315862977756105,-23.003677368164062,-10.754284858703613,-2.2394328117370605
8.84,3.1624259450818006,0.6432055625479409,3.7352594948514692,0.928487059928324,-54.14171600341797,-4.995614051818848,-151.81300354003906,0.40162572264671326,0.15913701057434082,23.526538848876953,-0.24568260434122355,0.12032860019822827,0.9618529440088277,-0.8814303869814719,-0.44065356488692553,-0.17001443661682736,0.403386329502881,-0.8895760022205969,0.21432220007132732,-23.030654907226562,-10.441425323486328,-2.377706527709961
8.85,4.121911183868716,1.0833360841552204,3.4693025094507957,3.393076288218494,-54.138092041015625,-4.993955612182617,-151.5774383544922,0.3236370086669922,0.17277224361896515,23.59250259399414,-0.14567740989706524,-0.1072214441142485,0.9835047809582511,-0.8887304879381583,-0.422584294064485,-0.177709409484202,0.43466793308787494,-0.8999589303585336,-0.0337299809225962,-22.504098892211914,-10.033047676086426,-2.5020129680633545
8.86,4.121911183868716,1.0833360841552204,3.4693025094507957,3.393076288218494,-54.13531494140625,-4.99214506149292,-151.34107971191406,0.22690747678279877,0.19036759436130524,23.68109703063965,-0.044762409255659844,-0.32535314652059694,0.9445325069931558,-0.8958457638280137,-0.4053478514180399,-0.18208098962324826,0.44210484519967835,-0.8543058289628638,-0.2733218916425152,-22.074237823486328,-9.656208038330078,-2.623952865600586
8.87,1.4326395204532167,3.3827638378681653,2.995993656929122,0.16433262956971004,-54.133583068847656,-4.990139007568359,-151.10379028320312,0.12091850489377975,0.21102912724018097,23.776933670043945,0.05227230423619027,-0.5230478426523681,0.8506988659370264,-0.9025544132925551,-0.3893215532091006,-0.1839137277447908,0.4273910823308914,-0.7581884215045471,-0.4924298734240971,-21.79616928100586,-9.312047004699707,-2.745739698410034
8.88,2.6194460186382114,2.3264001075703202,3.2242488528081847,0.1296785568814195,-54.132808685302734,-4.987936496734619,-150.8656005859375,0.04077326878905296,0.2283499836921692,23.85059356689453,0.14040961652897385,-0.6905883952048644,0.7094877081349306,-0.9085543152763595,-0.37464234022008785,-0.18485716947719744,0.3934643513444286,-0.6186523945826007,-0.6800404538689755,-21.711891174316406,-8.724029541015625,-2.847306728363037
8.89,2.6194460186382114,2.3264001075703202,3.2242488528081847,0.1296785568814195,-54.132686614990234,-4.985583305358887,-150.62689208984375,-0.013262493535876274,0.24240021407604218,23.887815475463867,0.2142716999237328,-0.8203786340213348,0.5301570856388536,-0.9134532497204957,-0.36053862019484306,-0.18871953773540434,0.3459635807232602,-0.4438364565797717,-0.8266307522853555,-21.58446502685547,-7.907961845397949,-2.930237293243408
8.9,0.9291576015055828,0.6152760744902099,3.2981383821857206,3.344983102384488,-54.13301086425781,-4.983090400695801,-150.387939453125,-0.05112035572528839,0.2561868131160736,23.89629364013672,0.27229594025394066,-0.9052698390272298,0.32610035183795205,-0.9173293858508826,-0.346532720990696,-0.19601497681867908,0.2904508887500006,-0.24576735306056863,-0.924790078555094,-21.28090476989746,-7.056071758270264,-3.0042874813079834
8.91,0.9291576015055828,0.6152760744902099,3.2981383821857206,3.344983102384488,-54.13364028930664,-4.980459213256836,-150.14901733398438,-0.07167818397283554,0.2701263129711151,23.88448143005371,0.31538947797146466,-0.9426286668272947,0.10945626368684545,-0.9206361670661571,-0.3319042294670743,-0.20559336164283737,0.23012719325325698,-0.03592741205910699,-0.972497144462704,-21.181886672973633,-6.661730766296387,-3.0756161212921143
8.92,2.348530065211328,1.352369946120969,1.3185802238091648,3.177827014230746,-54.13439178466797,-4.977686405181885,-149.9102783203125,-0.0744977816939354,0.2844711244106293,23.86517906188965,0.34459216148928085,-0.9319831061059987,-0.11253324918956512,-0.9245129704528123,-0.31611799872919166,-0.21294407327739523,0.1628864933156314,0.1774173069699408,-0.970562254305653,-21.30599594116211,-6.6857404708862305,-3.1512451171875
8.93,1.2760416744740861,1.7826475240680824,0.823553574260398,0.31818317077261893,-54.13507843017578,-4.974768161773682,-149.6717071533203,-0.05971233919262886,0.29929760098457336,23.85268211364746,0.35886713778357815,-0.873105497674814,-0.33000176870592424,-0.9289333642675,-0.299584305398937,-0.21755929929401174,0.09108886962569693,0.38462453625406234,-0.9185677895189124,-21.552820205688477,-6.447174072265625,-3.232743263244629
8.94,1.2760416744740861,1.7826475240680824,0.823553574260398,0.31818317077261893,-54.135555267333984,-4.971712589263916,-149.43321228027344,-0.036074165254831314,0.3105950653553009,23.842914581298828,0.3594636714761305,-0.7674993701257945,-0.5307829930823037,-0.9329033312034384,-0.2822525499064756,-0.2236624078847848,0.021845903927919408,0.5755677327020694,-0.8174622569597758,-21.808673858642578,-5.72117805480957,-3.306903123855591
8.95,2.9299587414089245,0.9043164738009505,4.15442133467752,1.1311160430616964,-54.13579559326172,-4.968564987182617,-149.19476318359375,-0.010477456264197826,0.31882715225219727,23.848522186279297,0.35035048172077626,-0.6199543445718052,-0.7020763139463995,-0.9357823770679439,-0.26336162303359006,-0.2344184256456428,-0.03957123610766511,0.7391192502970387,-0.6724112217335867,-21.989917755126953,-4.7598466873168945,-3.365344762802124
8.96,2.9299587414089245,0.9043164738009505,4.15442133467752,1.1311160430616964,-54.13569641113281,-4.965315818786621,-148.95606994628906,0.03793108090758324,0.33307361602783203,23.899295806884766,0.3349806386831973,-0.43912270551279686,-0.8336421421752375,-0.9376860809092422,-0.24210450341250633,-0.24925934906528585,-0.09237307711916698,0.8651916891247311,-0.4928595699517574,-21.74355697631836,-3.991736888885498,-3.412391424179077
8.97,3.5877124480866573,3.133879959724324,3.0954867997387225,3.9750185194098235,-54.13496398925781,-4.961883544921875,-148.71665954589844,0.11151430755853653,0.35402899980545044,23.982723236083984,0.31401921966569724,-0.23932211955835575,-0.918758321198041,-0.9392872350812238,-0.2192923958007978,-0.2639134993845827,-0.13831637536465613,0.945851874361965,-0.29365423898173365,-21.1117000579834,-3.4454314708709717,-3.4509809017181396
8.98,2.5878674849190832,2.1654519373068526,4.099852439089643,3.6289944660790985,-54.13336944580078,-4.9582085609436035,-148.4763641357422,0.21442390978336334,0.38321036100387573,24.07756233215332,0.28894074966895855,-0.031990396171106605,-0.9568123419634365,-0.9406563506562615,-0.19529844714478145,-0.27753224409585536,-0.17798559815553805,0.9802219805205619,-0.08652164904555776,-20.83785057067871,-2.862649917602539,-3.486971378326416
8.99,2.5878674849190832,2.1654519373068526,4.099852439089643,3.6289944660790985,-54.13062286376953,-4.954202175140381,-148.2351531982422,0.33376574516296387,0.4180680811405182,24.15964698791504,0.2615197644697761,0.17704629166942165,-0.9488213864567867,-0.9416558297866465,-0.16899112348898154,-0.29107782191495457,-0.21187664104496062,0.9695857934128562,0.12252215388029658,-20.831645965576172,-2.3917574882507324,-3.518031597137451
9.0,0.05043057295909377,2.1566843218846694,1.838740807036498,1.6807196053412277,-54.126712799072266,-4.949845314025879,-147.99327087402344,0.4475833475589752,0.4535735845565796,24.209836959838867,0.23099625617488723,0.378432431303585,-0.8963423590184967,-0.9428090258388921,-0.1404846987967066,-0.3022832946107312,-0.24031618844743985,0.9149059756836526,0.3243380724312805,-20.771760940551758,-2.077903985977173,-3.5429580211639404
9.01,0.05043057295909377,2.1566843218846694,1.838740807036498,1.6807196053412277,-54.121788024902344,-4.945160865783691,-147.7510528564453,0.5254407525062561,0.48007601499557495,24.228548049926758,0.19805069019139318,0.5634588925934629,-0.8020536144623136,-0.9441462951530251,-0.1101986954457625,-0.31055437667318286,-0.2633698871616302,0.8187614572507678,0.5101626982219198,-20.915843963623047,-1.6656725406646729,-3.5595691204071045
9.02,0.6186651413881452,1.5189825060196762,0.9352165095266929,3.996499093867854,-54.116294860839844,-4.94027042388916,-147.5087890625,0.570035457611084,0.4974288046360016,24.21544075012207,0.1645689455689408,0.7255039846846671,-0.6682522206180816,-0.9452001756174881,-0.0776863062735152,-0.3171142788179796,-0.28198171956174173,0.6838192787749172,0.6729617402265565,-21.247970581054688,-1.136764645576477,-3.567012310028076
9.03,2.9654136788948926,1.706554760176687,0.5469772546640985,0.2101361307340184,-54.11040496826172,-4.935210704803467,-147.2668914794922,0.6059876680374146,0.5150467753410339,24.15489387512207,0.13090870501633795,0.8566278285476387,-0.4990507732773315,-0.9458982329431256,-0.042820381640448935,-0.32162547758415966,-0.29688287903821253,0.5141548193627319,0.8046771886042617,-21.74726104736328,-0.6820372343063354,-3.5769877433776855
9.04,2.9654136788948926,1.706554760176687,0.5469772546640985,0.2101361307340184,-54.10421371459961,-4.929974555969238,-147.0258026123047,0.6290265321731567,0.5312854051589966,24.055089950561523,0.09695358451085367,0.9487434411558652,-0.3008087188135085,-0.9460958281401762,-0.0059910129064655315,-0.3238314248804596,-0.30903508931228335,0.31599049135706947,0.8970213614767861,-21.944534301757812,0.1666281521320343,-3.5864081382751465
9.05,3.039295882652556,0.7397708571237778,1.2785898172062413,1.3738324362732715,-54.09787368774414,-4.9245924949646,-146.7858428955078,0.6373260617256165,0.5449714064598083,23.93250846862793,0.06329470238810947,0.9941866410951781,-0.08710168378101459,-0.9439622347056327,0.0313112750450672,-0.3285649152064167,-0.3239275846530337,0.10301711859171447,0.9404564812780609,-21.722122192382812,1.437780737876892,-3.5819005966186523
9.06,3.039295882652556,0.7397708571237778,1.2785898172062413,1.3738324362732715,-54.09151077270508,-4.919070720672607,-146.54718017578125,0.6336618065834045,0.5599460005760193,23.797117233276367,0.027038998976827877,0.9913275966041121,0.12860205575902128,-0.9389963054551381,0.06931285515781777,-0.33687040008209784,-0.3428626997442743,-0.11164821682851321,0.9327271009266759,-21.355913162231445,2.560089588165283,-3.5659735202789307
9.07,2.848921153458974,0.8183503806896878,2.2019634654410165,0.9422521678555974,-54.085243225097656,-4.913387775421143,-146.30987548828125,0.6173050999641418,0.5769516229629517,23.66866683959961,-0.014670006787001977,0.9424909708721015,0.3339095097858583,-0.9317845812266267,0.10825415877633565,-0.3464946338631343,-0.3627151569609256,-0.3162148113738362,0.876610465359968,-20.90372085571289,3.490410566329956,-3.541783571243286
9.08,2.378457896527739,1.2325970597243345,0.439677939507987,1.4961533644840923,-54.079200744628906,-4.90752649307251,-146.07371520996094,0.5883519053459167,0.595834493637085,23.566251754760742,-0.06334315528457346,0.8528648479843866,0.5182752123642064,-0.9225122388342275,0.14808243267839732,-0.3564305855746795,-0.38073457142693967,-0.5006926644206171,0.7773982518090246,-20.329923629760742,4.331210613250732,-3.505772829055786
9.09,2.378457896527739,1.2325970597243345,0.439677939507987,1.4961533644840923,-54.0734977722168,-4.901472091674805,-145.83837890625,0.5516419410705566,0.6145339608192444,23.506275177001953,-0.1195205771886731,0.7296046655771808,0.6733437930184676,-0.9112154209948136,0.18867337664368417,-0.3661813942394061,-0.3942097007554879,-0.6573274594248144,0.6422766716271018,-19.89907455444336,5.182788848876953,-3.4619975090026855
9.1,1.2508337570192893,0.7576234147161537,0.7208858898064613,1.0470272502347233,-54.068180084228516,-4.895236492156982,-145.6033935546875,0.510779857635498,0.6327078938484192,23.492938995361328,-0.1836896629200348,0.5786876862064593,0.7945933988961514,-0.8975163620995547,0.23094151648132594,-0.37567325660590545,-0.4009020921620453,-0.7821678705996046,0.47696009759913355,-19.660951614379883,6.083800792694092,-3.4119129180908203
9.11,1.2508337570192893,0.7576234147161537,0.7208858898064613,1.0470272502347233,-54.06327819824219,-4.888824939727783,-145.36834716796875,0.47220924496650696,0.6487483382225037,23.523706436157227,-0.25500237386461244,0.4072955485316614,0.8769744155160432,-0.8813686425783918,0.275120220633722,-0.3840549180494572,-0.39769725320013916,-0.8708726659763442,0.2888212153778168,-19.421533584594727,6.875568389892578,-3.351094961166382
9.12,0.2511359738548288,0.4540723391506184,0.13119221057198016,2.3641554983288637,-54.0587272644043,-4.882266998291016,-145.13279724121094,0.4377823770046234,0.6627085208892822,23.58698081970215,-0.3305371646967468,0.22386282546686975,0.91685910484012,-0.8632967071620858,0.3208639915294221,-0.38957039715936764,-0.3813974018754403,-0.9202889406668959,0.0872025660681332,-19.16110610961914,7.554600715637207,-3.2812037467956543
9.13,0.4609049409348692,3.4242962186429566,3.086381955780115,2.912015418504316,-54.05451202392578,-4.875573635101318,-144.89651489257812,0.40599238872528076,0.6755757331848145,23.666181564331055,-0.4067051671707155,0.03654218959720623,0.9128283383945102,-0.8438678361554088,0.3677487080202345,-0.39070188488390534,-0.349968544442252,-0.9292069501079349,-0.11872852130840894,-19.08835220336914,8.05828857421875,-3.2078404426574707
9.14,0.4609049409348692,3.4242962186429566,3.086381955780115,2.912015418504316,-54.05070114135742,-4.86871862411499,-144.65943908691406,0.34903383255004883,0.699337363243103,23.75143814086914,-0.4784215681598408,-0.14841614077824267,0.8654972283467877,-0.8243029651776983,0.41567268528486856,-0.38437070687985697,-0.3027167400702068,-0.8973231680195042,-0.32120664285893497,-19.224353790283203,8.392382621765137,-3.122161388397217
9.15,2.6418510357115945,1.8319740537561424,1.385285379669402,0.834316833663124,-54.047607421875,-4.86155891418457,-144.42149353027344,0.2713265120983124,0.7327759861946106,23.836872100830078,-0.5414792992356464,-0.3233001127660346,0.7760652070443195,-0.8055978472210912,0.4635352033738659,-0.3689813325710286,-0.2404418371498947,-0.8249922134896898,-0.5114445919445872,-19.410274505615234,8.674449920654297,-3.023542881011963
9.16,2.6418510357115945,1.8319740537561424,1.385285379669402,0.834316833663124,-54.04522705078125,-4.854085922241211,-144.18280029296875,0.2105010598897934,0.7595185041427612,23.89833641052246,-0.593120121838463,-0.47886270833804956,0.6472240938295444,-0.7882121870976678,0.5092226054905566,-0.345563143532582,-0.1641038365823227,-0.7151103723346187,-0.6794755964701051,-19.278057098388672,9.241092681884766,-2.926159620285034
9.17,0.39479345221768486,1.1386976961445319,2.8031372954097864,1.4040740917206054,-54.0433349609375,-4.8463921546936035,-143.9436492919922,0.16904929280281067,0.7784048914909363,23.924175262451172,-0.6321674939527094,-0.6049216035188609,0.4841839662625362,-0.7713851893726318,0.5502204667961955,-0.319722266248576,-0.07300102195243324,-0.5756103643218619,-0.8144590593020337,-18.834712982177734,10.063963890075684,-2.8289401531219482
9.18,0.7543121165137133,3.4494993984262994,0.8849473515241206,1.4022395392000815,-54.04179382324219,-4.838533878326416,-143.70440673828125,0.14170518517494202,0.792315661907196,23.91687774658203,-0.6545478562192957,-0.6957617025719627,0.29577484198776616,-0.7554032636883139,0.5860784709893225,-0.2930493730617108,0.030545263589763783,-0.4152441198584053,-0.9091970676345422,-18.394285202026367,10.549543380737305,-2.7229418754577637
9.19,0.7543121165137133,3.4494993984262994,0.8849473515241206,1.4022395392000815,-54.040462493896484,-4.830554485321045,-143.4653778076172,0.12660054862499237,0.8033141493797302,23.888036727905273,-0.6560764355818485,-0.7490094379891066,0.09245849056446505,-0.7415700365706981,0.6170625560823226,-0.26326352337854136,0.1401341911695712,-0.24128544026607396,-0.9602831586468945,-18.301513671875,11.012777328491211,-2.610741376876831
9.2,1.4011064279124934,2.4967105192483134,2.2336253348338295,0.08083835099090138,-54.03922653198242,-4.82247257232666,-143.2266845703125,0.12379120290279388,0.8126892447471619,23.85279655456543,-0.6350291580332028,-0.7629968202690941,-0.12072208044468492,-0.7296047557521769,0.6437520272024662,-0.23078177539944844,0.25380084482020054,-0.05847375250458052,-0.9654874165086695,-18.491628646850586,11.712226867675781,-2.491525888442993
9.21,1.4011064279124934,2.4967105192483134,2.2336253348338295,0.08083835099090138,-54.037940979003906,-4.814307689666748,-142.9883270263672,0.1342046856880188,0.8199086785316467,23.821802139282227,-0.589125737151339,-0.7357779582339821,-0.33400847594473404,-0.7197303224932021,0.6657124673599477,-0.19701566862907544,0.36731339304430854,0.12432902709569837,-0.9217500552273996,-18.385892868041992,12.40436840057373,-2.3625056743621826
9.22,1.935722114058334,2.9387855735112294,4.1238992569806765,0.3443392634476085,-54.0364990234375,-4.806079387664795,-142.75021362304688,0.15719221532344818,0.8255499005317688,23.8082218170166,-0.517410072466383,-0.6694333749407118,-0.5330532557126173,-0.7121870358546696,0.6822103579131245,-0.16546496159787555,0.47442222004336193,0.294020380367646,-0.8297442817263598,-17.977325439453125,13.049124717712402,-2.2269036769866943
9.23,3.306349935221342,4.036245697137839,1.0058853594075323,0.5433103427244258,-54.03473663330078,-4.797791004180908,-142.51205444335938,0.20083849132061005,0.8326959609985352,23.833389282226562,-0.42098332899176966,-0.5695046058670787,-0.7060010910807368,-0.7068675344030673,0.6937323041624202,-0.13810785266749903,0.5684288218571749,0.4409081469622471,-0.6946140514158792,-17.39716911315918,13.574399948120117,-2.0855183601379395
9.24,3.306349935221342,4.036245697137839,1.0058853594075323,0.5433103427244258,-54.03241729736328,-4.78942346572876,-142.2734375,0.2649955451488495,0.8408066034317017,23.894004821777344,-0.3024016967141632,-0.44364993088140897,-0.8436397054746279,-0.7033040122090384,0.7012496937576436,-0.11667190499636365,0.6433635676933103,0.558053407689383,-0.5240798736177561,-16.931041717529297,14.363983154296875,-1.9472616910934448
9.25,0.15225625587884237,2.6157947634312664,0.7281133029295487,3.465410261292562,-54.02940368652344,-4.78097677230835,-142.0341033935547,0.3401997685432434,0.8485124707221985,23.975427627563477,-0.16174559174723074,-0.2976169333175852,-0.9408839059910497,-0.7002629629265367,0.7064057093533869,-0.10306675771696017,0.6953201753895009,0.6421955580627872,-0.32266812501506764,-16.667579650878906,15.464071273803711,-1.8089419603347778
9.26,0.15225625587884237,2.6157947634312664,0.7281133029295487,3.465410261292562,-54.02562713623047,-4.772456645965576,-141.7938995361328,0.4140901565551758,0.8552958965301514,24.064128875732422,-0.0041110756533424,-0.13730780208513932,-0.9905198970962272,-0.6968487843367768,0.7108124789026533,-0.09564199707566423,0.7172062958628631,0.6898493946672805,-0.09860497883909275,-16.820085525512695,16.079986572265625,-1.6668020486831665
9.27,3.373108271826519,1.6138099489385165,3.125449173361235,0.6064998607343219,-54.02114486694336,-4.763874053955078,-141.55284118652344,0.4824778437614441,0.8611021041870117,24.14629364013672,0.1572771933350514,0.03350000920611318,-0.9869861365996176,-0.6934667087763086,0.7153104563353059,-0.08622572050340233,0.7031129413370253,0.6980033670696486,0.13573316206377106,-17.350147247314453,16.214784622192383,-1.521302580833435
9.28,3.382827363232487,0.6612802725305328,2.9129395595813783,1.755524160391241,-54.01595687866211,-4.7552361488342285,-141.31106567382812,0.5560619831085205,0.866449773311615,24.20233917236328,0.31242492945723893,0.20428267363963526,-0.9277172266937173,-0.6907813422062995,0.7192406620094718,-0.07425636250073342,0.6520826640183766,0.6640492898594345,0.3658233725773657,-17.21366310119629,16.453468322753906,-1.369802713394165
9.29,3.382827363232487,0.6612802725305328,2.9129395595813783,1.755524160391241,-54.01001739501953,-4.746549129486084,-141.06893920898438,0.6299036145210266,0.8705613017082214,24.211410522460938,0.45412931752327973,0.3568644532998535,-0.8163420391826189,-0.6884595372997182,0.7221453257501954,-0.06730225849257676,0.5654998041263125,0.5925823912909837,0.5736341003330969,-16.449960708618164,16.693843841552734,-1.2230033874511719
9.3,2.9764372570827162,1.018888919583563,0.43642377201884086,2.3336930195023635,-54.00339126586914,-4.737830638885498,-140.82701110839844,0.6928662061691284,0.872894823551178,24.164180755615234,0.5736393755776988,0.48203334324399166,-0.6622550285108058,-0.685690692823101,0.7248641092612895,-0.06633473359118347,0.4480693479391375,0.4921543244815163,0.7463363721081391,-15.642130851745605,16.80231285095215,-1.085737943649292
9.31,2.9764372570827162,1.018888919583563,0.43642377201884086,2.3336930195023635,-53.99623107910156,-4.729099273681641,-140.58583068847656,0.7352449297904968,0.8731408715248108,24.068758010864258,0.6646453677491319,0.5761116108999655,-0.4757540823953784,-0.6816266806605897,0.7283143182369862,-0.07030876234596123,0.3059928158327383,0.37101706919930416,0.8767637829093485,-15.143430709838867,16.998275756835938,-0.9588704705238342
9.32,1.7106469392377772,3.7353489158885007,2.8900804977024896,2.5960457515012543,-53.98875045776367,-4.720373153686523,-140.3457794189453,0.7578507661819458,0.8718249201774597,23.93608283996582,0.7228749610410385,0.6382967201627477,-0.2646300960385948,-0.6755954021151004,0.7332569019612867,-0.07684509331812853,0.14499187336141606,0.2343322699834892,0.961283383765439,-14.937902450561523,17.29119300842285,-0.837111234664917
9.33,1.425082810768054,2.4557921935562455,1.676986266384555,0.010671600338258235,-53.981109619140625,-4.711658954620361,-140.10726928710938,0.7678998112678528,0.8715969324111938,23.75810432434082,0.7443155642823804,0.6667078142721045,-0.038665632744272094,-0.6672672422553155,0.7400706766178111,-0.08396321232207311,-0.027363628779604753,0.08829543588979243,0.9957184078950453,-14.928927421569824,17.492341995239258,-0.7029480338096619
9.34,1.425082810768054,2.4557921935562455,1.676986266384555,0.010671600338258235,-53.97346115112305,-4.702943325042725,-139.87062072753906,0.7599985003471375,0.8710591793060303,23.581417083740234,0.7266405084666911,0.659972439124573,0.19086631722551448,-0.6566863462244458,0.7488552957022572,-0.08932406608004753,-0.20188267418888692,-0.060432819681421,0.9775434824946136,-14.893397331237793,17.749298095703125,-0.5551372766494751
9.35,2.417458332649485,2.7129515962100723,2.2427596887174728,1.833835984161638,-53.9659538269043,-4.694240093231201,-139.6355438232422,0.7394035458564758,0.8695349097251892,23.44154167175293,0.6692381890677681,0.6185572614703087,0.4117124731844374,-0.643833856731724,0.7593353594165464,-0.09427500658020566,-0.3709423286971274,-0.20198199479680412,0.9064243280928947,-14.729653358459473,18.118022918701172,-0.4036020338535309
9.36,2.417458332649485,2.7129515962100723,2.2427596887174728,1.833835984161638,-53.95873260498047,-4.685543060302734,-139.4017333984375,0.7001146078109741,0.8707419037818909,23.324621200561523,0.5733531087327702,0.5452965656220283,0.6114882404652514,-0.628712011209009,0.7713892580750141,-0.09838607364867367,-0.5253450481997438,-0.32804004031108797,0.7851129296379653,-14.610734939575195,18.40304946899414,-0.25442084670066833
9.37,1.4268351424971149,2.551429530503327,1.204520588200871,0.7463739050345001,-53.9520263671875,-4.676814556121826,-139.16893005371094,0.6388199329376221,0.8751674294471741,23.245744705200195,0.44323835699002356,0.4444656443671608,0.7784536273086979,-0.6117357359005178,0.7847482419733093,-0.09974761221228551,-0.6552245022242655,-0.4319959348154622,0.6197260394625019,-14.552655220031738,18.595016479492188,-0.10785811394453049
9.38,1.9234009553592901,4.150738387486027,3.014251235440473,1.3184136372076536,-53.945960998535156,-4.668038368225098,-138.93663024902344,0.5766464471817017,0.87983238697052,23.230531692504883,0.28513381470295446,0.3216610607756134,0.9029024696464443,-0.5935198805055121,0.7989295964947973,-0.09718874054839233,-0.7526173391290316,-0.5081787695539506,0.4187140778824721,-14.586752891540527,18.824182510375977,0.041192252188920975
9.39,1.9234009553592901,4.150738387486027,3.014251235440473,1.3184136372076536,-53.9405517578125,-4.6592116355896,-138.70419311523438,0.5002148151397705,0.8861250877380371,23.263452529907227,0.10638483611929578,0.1831697606275524,0.9773080913588691,-0.5747518770278005,0.8133767507608187,-0.08988070524196642,-0.8113831071059409,-0.5521477158455138,0.19180811606835363,-14.695600509643555,19.073484420776367,0.1990717053413391
9.4,0.31660580590876525,2.3018814625882635,0.47063860391746415,3.7214747055526463,-53.93603515625,-4.650311470031738,-138.47125244140625,0.4025225043296814,0.8939499855041504,23.3315372467041,-0.08351362897409903,0.03681255814068923,0.9958264453903175,-0.5563254417674921,0.8273668414481319,-0.07724061440943306,-0.8267572053618774,-0.5604542311690405,-0.04861664475196109,-14.833263397216797,19.289194107055664,0.36446377635002136
9.41,0.31660580590876525,2.3018814625882635,0.47063860391746415,3.7214747055526463,-53.932456970214844,-4.641341209411621,-138.2375030517578,0.3189908564090729,0.899320662021637,23.419872283935547,-0.2730467909127105,-0.1098202280079413,0.9557117596286833,-0.5394302884721836,0.8400589155289073,-0.05758456667556436,-0.7965302341098466,-0.5312631513296208,-0.2886157483371847,-15.368441581726074,19.246145248413086,0.5240281224250793
9.42,2.761565343707505,4.143240016709825,1.4005205492557287,0.015379864535683902,-53.92959976196289,-4.632335662841797,-138.00289916992188,0.2544166147708893,0.9011229872703552,23.5014705657959,-0.44836139353955784,-0.25163298556102465,0.8577021052561962,-0.526166292421018,0.8499938517892842,-0.025680433024701604,-0.7225794721019867,-0.4628080514620089,-0.5135052229517756,-16.272441864013672,18.95952796936035,0.6803922653198242
9.43,2.6541958445011695,3.57141219200732,0.34414251200989787,1.6599958104933246,-53.9273567199707,-4.623330593109131,-137.76756286621094,0.19363057613372803,0.8990364074707031,23.56340789794922,-0.5997316117188904,-0.37814296722503576,0.705216201064119,-0.5187587239012097,0.8547484659084179,0.017159440655063612,-0.6092711877985457,-0.35554599753822536,-0.7087846382033809,-16.84450912475586,19.107044219970703,0.8502196073532104
9.44,2.6541958445011695,3.57141219200732,0.34414251200989787,1.6599958104933246,-53.92569351196289,-4.6143717765808105,-137.53173828125,0.1411600261926651,0.8918875455856323,23.598196029663086,-0.7214038963208951,-0.4753738039094624,0.5035833247136758,-0.5184349555465446,0.8528383858430664,0.06238497014542578,-0.4591313703511053,-0.21607043802714276,-0.8616913313770047,-17.254230499267578,19.589191436767578,1.028621792793274
9.45,0.4558681093838065,0.6236006613829712,0.6196768283423515,1.9560296960258492,-53.92448043823242,-4.605510234832764,-137.29568481445312,0.10556137561798096,0.8796218633651733,23.60386085510254,-0.8034428583840042,-0.5343039315437997,0.2626763827384939,-0.5258215382247328,0.8437256263565097,0.10788316536091867,-0.2792691949548267,-0.05144294087777283,-0.9588338440955916,-17.81300926208496,20.016664505004883,1.2115466594696045
9.46,0.4558681093838065,0.6236006613829712,0.6196768283423515,1.9560296960258492,-53.92350769042969,-4.596785545349121,-137.05975341796875,0.09303589165210724,0.865687370300293,23.570709228515625,-0.836987282207027,-0.5472203152173046,-0.001488636009262287,-0.5410352328872233,0.8271130029212366,0.15220038493145288,-0.08205587241850713,0.12819519106459565,-0.9883485350773529,-18.37022590637207,20.00114631652832,1.401075005531311
9.47,4.066269475525454,3.501804316875748,2.752191161492048,3.6745559393639606,-53.92258071899414,-4.588194847106934,-136.8242950439453,0.0953206941485405,0.8524457216262817,23.51932144165039,-0.8184292964321042,-0.5095950468938355,-0.2654927022027543,-0.5632257470786632,0.8029597023913592,0.19501916357953447,0.11379914133829189,0.3091417223812552,-0.9441827952858589,-18.91044807434082,19.571182250976562,1.5923478603363037
9.48,1.2290925666300223,2.2837956661933965,0.8632119713650258,1.9216008868637247,-53.92151641845703,-4.579771041870117,-136.58912658691406,0.1253635585308075,0.8287673592567444,23.53142547607422,-0.7509610535990754,-0.42159091520541503,-0.5082505250303506,-0.5915969042106507,0.7714764429146721,0.23417344203837173,0.29337791141417013,0.4765345719294509,-0.8287606426769276,-19.384540557861328,19.230825424194336,1.78396475315094
9.49,1.2290925666300223,2.2837956661933965,0.8632119713650258,1.9216008868637247,-53.91999053955078,-4.571627616882324,-136.3535614013672,0.17691710591316223,0.8019728660583496,23.581727981567383,-0.6403561544390447,-0.28774507705413466,-0.7121423776908299,-0.6253398797500861,0.7336673841800266,0.26586124987403714,0.4459753695734624,0.6155769164138203,-0.6497468966545868,-19.943178176879883,18.981246948242188,1.9799838066101074
9.5,2.103476540330706,3.2596536526613535,0.7272119427510924,3.633581671873786,-53.91797637939453,-4.563712120056152,-136.11746215820312,0.2262665033340454,0.781495213508606,23.64409828186035,-0.4954984006314572,-0.11516307946517079,-0.8609406484187899,-0.6629199195811202,0.690599219755778,0.2891537616827274,0.5612651024197289,0.7140099318642628,-0.41853470824408545,-20.64891815185547,18.676225662231445,2.1821775436401367
9.51,2.103476540330706,3.2596536526613535,0.7272119427510924,3.633581671873786,-53.915401458740234,-4.5560102462768555,-135.88059997558594,0.2956138253211975,0.7573224902153015,23.73222541809082,-0.32799944932778946,0.08545554416488371,-0.9408048209975068,-0.7026515304626113,0.6435925797033265,0.30342942851570553,0.6314247286725609,0.7605826328034984,-0.15105254284017178,-21.552820205688477,18.332109451293945,2.385416030883789
9.52,2.6470324536037113,4.057296823015705,0.12091541863306539,2.94332640863969,-53.912010192871094,-4.548580169677734,-135.642822265625,0.382918119430542,0.7284659147262573,23.81797218322754,-0.15117196513298486,0.30077792792762315,-0.9416367001287691,-0.7429426123155191,0.5937933359920652,0.3089429541795814,0.6520608190679948,0.7462855433431497,0.13369583401660595,-22.628129959106445,17.939285278320312,2.5911355018615723
9.53,2.673750690257015,1.3773782981882299,0.1311633807142601,0.9899115059613168,-53.907737731933594,-4.541444778442383,-135.40435791015625,0.46974074840545654,0.6983848214149475,23.866588592529297,0.021110459676772886,0.5127435077402097,-0.8582822634556191,-0.7823576685679258,0.5429666981825049,0.30512889587475667,0.6224715470808242,0.6650422993577582,0.412611091876783,-23.763887405395508,17.65973472595215,2.803173065185547
9.54,2.673750690257015,1.3773782981882299,0.1311633807142601,0.9899115059613168,-53.9027099609375,-4.5345916748046875,-135.16571044921875,0.528774082660675,0.6742632985115051,23.863752365112305,0.17617619258328376,0.6991580163084343,-0.6929213645129677,-0.8196921408679161,0.49396599833222243,0.29000411495532863,0.5450382953208246,0.5168903759244374,0.6601193800445975,-24.58193016052246,17.4237060546875,3.021350383758545
9.55,0.49538923845857824,2.8759111310389653,0.4866177632762159,0.8652411027382729,-53.897254943847656,-4.527942657470703,-134.9273223876953,0.5598042607307434,0.6558034420013428,23.805383682250977,0.3007599255949069,0.835817996701374,-0.4592948329191699,-0.8528137064164235,0.4512795838775066,0.2627841687081375,0.42691011853132327,0.31265798177153026,0.8485238577259482,-25.09310531616211,17.09410858154297,3.2404227256774902
9.56,0.49538923845857824,2.8759111310389653,0.4866177632762159,0.8652411027382729,-53.891571044921875,-4.52147102355957,-134.68978881835938,0.5743548274040222,0.6389660835266113,23.69463539123535,0.38457066105330034,0.9057876160229803,-0.17791627614255376,-0.8796803644401223,0.4180255581978874,0.22675336626351983,0.27976394169999985,0.06930676267688816,0.9575639454217814,-25.83167839050293,16.624919891357422,3.4675052165985107
9.57,3.08980177394598,2.067930139355613,1.1434787373745459,0.015384689066676007,-53.88581085205078,-4.515158176422119,-134.45352172851562,0.5737652778625488,0.623871386051178,23.557039260864258,0.42154286606383495,0.897780213725154,0.12764129392286977,-0.8990288380319262,0.395367121871514,0.1882338633986985,0.118527467102154,-0.19410184642772496,0.9737944920545072,-26.81459617614746,16.007244110107422,3.7024471759796143
9.58,2.925941289701878,0.5421723225716791,0.32464326877295985,3.7937224652825505,-53.88014221191406,-4.508990287780762,-134.21864318847656,0.5572338104248047,0.6096177101135254,23.42120933532715,0.41059570278572144,0.8056074382977446,0.42709229004191285,-0.9108652119228807,0.3837915998320093,0.1517516840337292,-0.04166214783932087,-0.45133209863440116,0.8913829716680043,-27.460500717163086,15.426233291625977,3.933506965637207
9.59,2.925941289701878,0.5421723225716791,0.32464326877295985,3.7937224652825505,-53.8747444152832,-4.502961158752441,-133.98497009277344,0.5197694301605225,0.5965064764022827,23.31891441345215,0.3555983085958312,0.6343524623258463,0.6864013377499494,-0.9157758425742824,0.38328019260007196,0.12021189673994465,-0.18682732423590342,-0.6713369105758955,0.7172184488823925,-28.016782760620117,14.566988945007324,4.144545555114746
9.6,2.2848791438129585,4.101181424539324,1.819583496718339,2.3824107936369567,-53.869815826416016,-4.497050762176514,-133.7520294189453,0.46315041184425354,0.5859088897705078,23.279232025146484,0.2676455076025592,0.3971035671987932,0.877880765923347,-0.9147305127357745,0.3909713758355795,0.10202682170577099,-0.30271103602332633,-0.8303313436184545,0.46788448197654176,-28.743831634521484,13.34080982208252,4.333536148071289
9.61,2.2848791438129585,4.101181424539324,1.819583496718339,2.3824107936369567,-53.86555862426758,-4.491239547729492,-133.51914978027344,0.38160502910614014,0.5760011672973633,23.302156448364258,0.1597291364881892,0.11440657186057956,0.980508918507041,-0.909947134743758,0.40215979195655066,0.10130998818028208,-0.3827307342353922,-0.908393437915848,0.1683405685598799,-29.56991958618164,12.189095497131348,4.521529674530029
9.62,1.1537329096517626,0.47234810551921513,1.210616621802219,0.013600106221103496,-53.862239837646484,-4.485533714294434,-133.2858123779297,0.2814200818538666,0.5648889541625977,23.374082565307617,0.04261260825507168,-0.1873722127893394,0.9813642644258687,-0.9037418987394841,0.4115451002205607,0.11781855094678895,-0.4259515771545543,-0.8919205594439873,-0.1517991092222632,-30.46800422668457,11.122780799865723,4.710885524749756
9.63,4.1118940089624525,1.8128472622571468,0.35364478450103537,2.7908832847314975,-53.85981369018555,-4.479936122894287,-133.0516357421875,0.2168494313955307,0.5558831691741943,23.455995559692383,-0.07222209995664147,-0.4753544011402021,0.8768250461719789,-0.8978369976851132,0.4138441994091931,0.15040513356646495,-0.4343647014498704,-0.776383392359731,-0.4566794654923311,-31.01593017578125,9.864676475524902,4.887068271636963
9.64,4.1118940089624525,1.8128472622571468,0.35364478450103537,2.7908832847314975,-53.85788345336914,-4.474427700042725,-132.8167724609375,0.16564875841140747,0.5438160300254822,23.51593017578125,-0.17448910977292112,-0.7137279111681114,0.6783406366938798,-0.8932911274360655,0.40455309054249167,0.19587689648481166,-0.4142276091892676,-0.571777286845257,-0.7081569190745935,-31.368122100830078,8.592174530029297,5.03240966796875
9.65,1.6662830161104143,3.514941488559033,3.214460439229951,2.581501775486773,-53.85649871826172,-4.469087600708008,-132.58140563964844,0.11407118290662766,0.5229820013046265,23.55313491821289,-0.2594282512657674,-0.8754894384245845,0.40769501548607573,-0.8909466143069694,0.37987565391459177,0.24881442485898903,-0.37270781169722494,-0.29868500258628145,-0.878564827619396,-31.775094985961914,7.399292469024658,5.149595260620117
9.66,1.6662830161104143,3.514941488559033,3.214460439229951,2.581501775486773,-53.85553741455078,-4.463995456695557,-132.34576416015625,0.08328529447317123,0.4935680031776428,23.573007583618164,-0.3245294455215718,-0.941120395163604,0.09472613576285535,-0.8906785055600932,0.33776528420334007,0.3043130173362219,-0.31839038729631886,0.014388001742378087,-0.9478504875153894,-32.224395751953125,5.931765556335449,5.259704113006592
9.67,3.1537830167213743,3.2486215465380672,2.2623728098495857,2.723657238246926,-53.85472869873047,-4.459242343902588,-132.1099395751953,0.08296751230955124,0.45607879757881165,23.595617294311523,-0.3710227283923243,-0.9010217799996568,-0.22472624898432556,-0.8910309464354703,0.2772625040080874,0.3594292091156126,-0.2615453832714792,0.33359444815136674,-0.9057089801100349,-32.676300048828125,4.188106060028076,5.3564653396606445
9.68,1.1231104749353016,2.6715981486179463,3.311883704617529,0.779438956092683,-53.853755950927734,-4.454894065856934,-131.87379455566406,0.1166878193616867,0.4125175476074219,23.63973045349121,-0.4041512215753495,-0.7574956598330235,-0.5127008049859929,-0.8908654483745505,0.1988745593767752,0.4084209379122287,-0.20741394116973882,0.6218112534900166,-0.7552021067513055,-33.00010299682617,2.5087780952453613,5.420173645019531
9.69,1.1231104749353016,2.6715981486179463,3.311883704617529,0.779438956092683,-53.85232162475586,-4.45098352432251,-131.6370849609375,0.17061471939086914,0.37133848667144775,23.70505142211914,-0.42915497894660937,-0.5264056616583692,-0.7339775769186346,-0.8896435316573257,0.10593086888048095,0.4441993219248628,-0.15607815550427528,0.843608754335943,-0.5137741517263616,-33.07135772705078,0.8093712329864502,5.459089756011963
9.7,1.087534045094056,1.1265900497558214,2.1151820914001958,0.40598319313267356,-53.85031509399414,-4.447453498840332,-131.39962768554688,0.23194843530654907,0.33483168482780457,23.789073944091797,-0.45110229460261225,-0.23626087930931666,-0.8606320449020282,-0.8861743918781682,0.004217198244589257,0.46333266927589395,-0.10583792790685742,0.9716805092966281,-0.2112707288514632,-32.93095397949219,-0.9912571310997009,5.474541664123535
9.71,1.087534045094056,1.1265900497558214,2.1151820914001958,0.40598319313267356,-53.84770584106445,-4.444263458251953,-131.1613006591797,0.2861551344394684,0.3055221438407898,23.874094009399414,-0.4721482738642727,0.07715353345624981,-0.8781362876924077,-0.8799795347169623,-0.100101685564749,0.4643443453154294,-0.0520771155720669,0.9919813429809612,0.11515636852290073,-32.624061584472656,-2.7946455478668213,5.4550275802612305
9.72,2.514724060369292,1.0465559589071185,1.2291682885184863,0.17686497404643378,-53.844635009765625,-4.441324234008789,-130.9222412109375,0.32732176780700684,0.2828386723995209,23.931915283203125,-0.49056530933999765,0.3758609127474224,-0.7861769848709811,-0.8713420556578246,-0.20078499363789085,0.44771465061111,0.010425896323508987,0.9046623461814394,0.42600157286956675,-32.170589447021484,-4.568657875061035,5.400938987731934
9.73,1.1659305861393754,0.21051000712021056,3.594463901346991,2.394251982473061,-53.8411865234375,-4.438604354858398,-130.68283081054688,0.36125609278678894,0.2611337900161743,23.93408966064453,-0.500827566403572,0.6255211266646186,-0.5982433190822125,-0.8613670441591106,-0.2923488634791776,0.4154262356412146,0.08496213254663804,0.7233639900621673,0.6852196537713058,-31.55657958984375,-6.121209144592285,5.314182758331299
9.74,1.1659305861393754,0.21051000712021056,3.594463901346991,2.394251982473061,-53.837425231933594,-4.436113357543945,-130.4438018798828,0.39005422592163086,0.23589590191841125,23.861120223999023,-0.4955242804604558,0.799679005586901,-0.33907104786120024,-0.8515241154150719,-0.3702323501969833,0.37126094291508405,0.1713545107101837,0.47269598569393745,0.8644050767829339,-30.83292579650879,-7.922013759613037,5.200666904449463
9.75,0.4389180130325786,0.5097618346312137,2.808949982145875,1.8156929873907293,-53.833431243896484,-4.433889389038086,-130.2058563232422,0.4046977460384369,0.20925450325012207,23.7274169921875,-0.4685298618648593,0.8826659847170305,-0.037155456724565813,-0.8409921150547416,-0.43273817002771203,0.3247613564093169,0.27057721810353574,0.18340783959411908,0.9450658884007874,-30.034029006958008,-10.064860343933105,5.057929515838623
9.76,0.4389180130325786,0.5097618346312137,2.808949982145875,1.8156929873907293,-53.82939910888672,-4.431910037994385,-129.96926879882812,0.3984454274177551,0.18797092139720917,23.584716796875,-0.41080198150656877,0.8696231089178637,0.27385649604547707,-0.8301974854959162,-0.4809482158214117,0.28188818487914513,0.37684727286599135,-0.11155474949203456,0.9195333984142363,-29.243799209594727,-12.113909721374512,4.8873138427734375
9.77,1.5761463489351133,1.3124379145729006,1.810560960468727,2.5718335254981572,-53.82551574707031,-4.430114269256592,-129.7340087890625,0.37573137879371643,0.17170551419258118,23.475078582763672,-0.31584641769671845,0.7660882195346292,0.5597766343090896,-0.819812331042856,-0.5173545143992095,0.24546292653033597,0.4776492251623875,-0.3813832014142996,0.7914531390933712,-28.469768524169922,-14.020586013793945,4.692366123199463
9.78,0.7280171800750459,3.8433208030420913,3.5503061353912817,1.7461099283953763,-53.82195281982422,-4.428474426269531,-129.4995880126953,0.33413100242614746,0.15617215633392334,23.416847229003906,-0.1830174802740055,0.5866561658823506,0.7888847475686002,-0.8098869766397756,-0.5448549294565619,0.2172928689952075,0.5573039448841516,-0.5991390897605537,0.5748431648175506,-27.763309478759766,-15.67393684387207,4.471643447875977
9.79,0.7280171800750459,3.8433208030420913,3.5503061353912817,1.7461099283953763,-53.818931579589844,-4.426997661590576,-129.26548767089844,0.2642182409763336,0.13857807219028473,23.416555404663086,-0.019724276030543775,0.3523000678745116,0.93567922661064,-0.8003413912768922,-0.5664595504218736,0.19641088346834817,0.5992200016221414,-0.7449887515335134,0.29313333100228905,-27.193056106567383,-17.03974723815918,4.241764545440674
9.8,2.768271672186718,1.7404038628887233,1.5829156203786292,2.9063573788000316,-53.81673049926758,-4.425703525543213,-129.03106689453125,0.1737373322248459,0.12037172168493271,23.47233009338379,0.16043957046209437,0.08871279862838422,0.9830509567613769,-0.7908053031587947,-0.5844431038263126,0.18180547540102532,0.5906658249178341,-0.8065707022632211,-0.023613248924042346,-26.68081283569336,-18.25177574157715,4.008397102355957
9.81,2.768271672186718,1.7404038628887233,1.5829156203786292,2.9063573788000316,-53.815452575683594,-4.42458438873291,-128.7958984375,0.08421629667282104,0.10381587594747543,23.559206008911133,0.339660912796111,-0.17510938020590455,0.9241034407913524,-0.7805459190502708,-0.6006604193334844,0.17307550057732224,0.5247652166183279,-0.7800921519987409,-0.3407017784184472,-26.09722137451172,-19.317604064941406,3.750993013381958
9.82,3.5717924602588362,1.7835646195129429,1.2618228159084866,3.757661990813642,-53.81501388549805,-4.423623561859131,-128.55987548828125,0.0061351521871984005,0.08840981125831604,23.639280319213867,0.4975168914672263,-0.4100163848342626,0.7644367252246782,-0.7687115822440991,-0.6167241914775177,0.16951039782319005,0.4019445807926289,-0.6719656507693264,-0.6220150465684844,-25.455474853515625,-20.241756439208984,3.4731035232543945
9.83,0.5296925825545471,3.9752500170001994,1.5977874525252087,3.3851449639146787,-53.81529235839844,-4.422819137573242,-128.3231964111328,-0.0591762475669384,0.07204685360193253,23.691587448120117,0.6145701889225609,-0.5919633056603568,0.5214239423342115,-0.754544065881215,-0.6339487657361483,0.16962374558138682,0.23014503151520083,-0.4976830388643734,-0.8362684122311389,-24.86188507080078,-21.04460906982422,3.184537887573242
9.84,0.5296925825545471,3.9752500170001994,1.5977874525252087,3.3851449639146787,-53.81610870361328,-4.422183036804199,-128.08615112304688,-0.10048386454582214,0.05525866895914078,23.709697723388672,0.6747601394518014,-0.7043354171799081,0.2204776050146373,-0.7376476640287566,-0.6533114719730208,0.17047006875508627,0.023972441675897613,-0.2776611976752422,-0.960379915109456,-24.685029983520508,-21.797609329223633,2.8987951278686523
9.85,1.8989945800077852,0.9201517241401064,3.049199038683081,4.053636027588349,-53.81719207763672,-4.4217119216918945,-127.84906005859375,-0.11100535094738007,0.039051353931427,23.70583724975586,0.6670109237965299,-0.7369110308893156,-0.10981147521887505,-0.7183941293420213,-0.6751951225108127,0.1673960019371067,-0.19750013281772458,-0.032767042760288564,-0.9797550808471097,-24.878889083862305,-22.53272819519043,2.6130216121673584
9.86,1.8989945800077852,0.9201517241401064,3.049199038683081,4.053636027588349,-53.81822967529297,-4.421400547027588,-127.61199951171875,-0.09032520651817322,0.023169880732893944,23.711767196655273,0.5861503273309757,-0.6843999804414069,-0.4336178738723671,-0.6977620865580436,-0.6984266417429245,0.15914866215543916,-0.4117716167148429,0.2092770720253479,-0.8869313630673695,-24.75713348388672,-23.473865509033203,2.309704065322876
9.87,1.932844969683555,2.893416363830837,0.18000222932890536,0.5163930421182661,-53.81890106201172,-4.42124605178833,-127.37471771240234,-0.039591748267412186,0.007970724254846573,23.75136375427246,0.43360695214463396,-0.5538667991587586,-0.710785888887415,-0.6758949466293586,-0.7215809462611593,0.14995652407863588,-0.5959454942968676,0.4153943990745198,-0.687238285491125,-24.312217712402344,-24.58109474182129,1.990157961845398
9.88,2.8892437001173814,2.687971950332343,0.6569181369350764,1.3788186420230084,-53.819000244140625,-4.421228408813477,-127.13688659667969,0.018762929365038872,-0.0032646392937749624,23.817094802856445,0.22166559064479205,-0.3631711361726575,-0.9049702159602581,-0.6532102033630853,-0.7443611755871501,0.13871867394432594,-0.7240033122482602,0.5603866220116043,-0.40222635135452184,-23.973846435546875,-25.04713249206543,1.6684216260910034
9.89,2.8892437001173814,2.687971950332343,0.6569181369350764,1.3788186420230084,-53.81851577758789,-4.4213056564331055,-126.89830780029297,0.08148868381977081,-0.012151090428233147,23.903274536132812,-0.02154849304209737,-0.1363977524442976,-0.990419767359153,-0.6321651124191539,-0.7656112581184555,0.11919174502604718,-0.7745340102846958,0.6286772260631204,-0.06972813163915241,-23.736042022705078,-24.930898666381836,1.3503789901733398
9.9,4.104672275019941,0.8800596416071496,3.3823987233154664,3.061697533681885,-53.81734085083008,-4.421469211578369,-126.65885925292969,0.15380387008190155,-0.020281342789530754,23.979990005493164,-0.26618408680132055,0.09786566505860711,-0.9589412617759149,-0.6151564252473707,-0.7831554430138497,0.09083019627115746,-0.7421109111248959,0.6140764314646976,0.2686662090940345,-23.533554077148438,-24.70056915283203,1.0353724956512451
9.91,4.104672275019941,0.8800596416071496,3.3823987233154664,3.061697533681885,-53.815399169921875,-4.421708583831787,-126.41889190673828,0.23806940019130707,-0.027562953531742096,23.997243881225586,-0.4856101955818275,0.31060894888532825,-0.8171320693861738,-0.6038696712216733,-0.795067445502142,0.0566496008929136,-0.6320792340566231,0.5209508978541546,0.5736601815529319,-23.085721969604492,-24.741222381591797,0.7216988801956177
9.92,2.3790462796232283,1.7330889700557857,1.3107955364753088,0.6037261163314377,-53.812591552734375,-4.422010898590088,-126.17921447753906,0.31865715980529785,-0.03250608593225479,23.9229679107666,-0.6592236285209536,0.47476578348940307,-0.5831137611370194,-0.5983888162176357,-0.8008323322808253,0.024462219836111992,-0.45536252835002156,0.3650548265690333,0.812022131085926,-22.41725730895996,-25.03197479248047,0.4096880853176117
9.93,1.895886482360948,1.3033808130718616,3.4849916762604276,1.1927743463577325,-53.80915451049805,-4.4223456382751465,-125.94063568115234,0.3601795732975006,-0.033771514892578125,23.788705825805664,-0.7677651376753578,0.5737456427859052,-0.2852238257132941,-0.5978524226145628,-0.8015999193338261,-0.003170188937893087,-0.23045427777378602,0.16808779464372828,0.9584556949319936,-21.95320701599121,-25.040571212768555,0.108540840446949
9.94,1.895886482360948,1.3033808130718616,3.4849916762604276,1.1927743463577325,-53.80548095703125,-4.422680377960205,-125.70355224609375,0.3702991306781769,-0.032706066966056824,23.62302017211914,-0.7986924429328587,0.6003121235774974,0.041421442367673963,-0.6015147951146752,-0.7983812954548285,-0.027699428261626642,0.016441802215491404,-0.047038934445267765,0.998757731277291,-21.595226287841797,-25.01085090637207,-0.1781047284603119
9.95,2.272699766510809,0.09393926238604064,1.5413575614976285,2.9443666173963847,-53.80182647705078,-4.422994136810303,-125.46818542480469,0.3566833436489105,-0.029879285022616386,23.454118728637695,-0.7494502950307199,0.5543573471335013,0.3619560566663771,-0.6084128461281009,-0.7922660413677055,-0.04635006323457304,0.2610709940699475,-0.25495578317553796,0.9310421497873647,-21.216951370239258,-25.129262924194336,-0.45674437284469604
9.96,2.217137710022027,0.8313490064505056,0.16925511077296512,3.0024412229338995,-53.79841995239258,-4.423274517059326,-125.23431396484375,0.32226380705833435,-0.026078900322318077,23.333255767822266,-0.6246784308922948,0.44327628075796033,0.642870902199913,-0.6170212066322084,-0.7847737250805236,-0.058438266481582374,0.4786038952454043,-0.43317010439390746,0.763742084813517,-21.060035705566406,-25.26437759399414,-0.7425178289413452
9.97,2.217137710022027,0.8313490064505056,0.16925511077296512,3.0024412229338995,-53.79542541503906,-4.423515319824219,-125.00127410888672,0.27510854601860046,-0.022041890770196915,23.287546157836914,-0.4367907959626079,0.27870398919830663,0.8552998813090654,-0.6258867749618117,-0.7770808116786313,-0.06641654198151314,0.6461265707972811,-0.5643310185749404,0.5138588872286985,-21.300384521484375,-25.244295120239258,-1.040367603302002
9.98,2.775663578734925,3.6940968280283895,1.4351006857598472,1.5508243832584905,-53.79294967651367,-4.423715114593506,-124.76832580566406,0.2196115255355835,-0.017789902165532112,23.313486099243164,-0.20657123948236777,0.07587480208243669,0.9754851805269361,-0.6343584898798228,-0.7694422016075224,-0.07448492936668105,0.744927935666336,-0.6341937502012455,0.20707645416505283,-21.795774459838867,-25.033504486083984,-1.3444148302078247
9.99,2.775663578734925,3.6940968280283895,1.4351006857598472,1.5508243832584905,-53.791099548339844,-4.4238667488098145,-124.53485870361328,0.14438877999782562,-0.011869802139699459,23.385635375976562,0.03988361904624393,-0.14414474157770957,0.9887525425541364,-0.642620600179532,-0.7614455016388371,-0.08508532340467206,0.7651457777160322,-0.631999241700079,-0.12299958265723071,-22.35400390625,-24.480558395385742,-1.642250895500183
