time,FL,FR,BL,BR,x,y,z,vx,vy,vz,r1x,r1y,r1z,r2x,r2y,r2z,r3x,r3y,r3z,wx,wy,wz
0.0,2.5850959277534837,3.624649426990413,0.8399131233834312,2.952224836701689,-95.3448257446289,83.05157470703125,-350.0,0.0,0.0,0.0,-0.7323001736743635,-0.5612502638543394,-0.38566124638072113,0.669005446139031,-0.698677235379753,-0.2535386238789291,-0.12715411386507697,-0.443675852493168,0.8871209439764386,0.0,0.0,0.0
0.01,2.5850959277534837,3.624649426990413,0.8399131233834312,2.952224836701689,-95.34477233886719,83.05160522460938,-349.99969482421875,0.01774076372385025,0.011660403572022915,0.05237153545022011,-0.7320812358492077,-0.5609437565833995,-0.38652188303846524,0.6691515371411558,-0.6984679888501801,-0.2537295585721408,-0.127645150550757,-0.44439236098484974,0.8866916854460665,-0.24048031866550446,0.16603384912014008,-0.002053702948614955
0.02,3.3918793986278026,0.7232622079722139,1.8514668252730309,0.7486321093416906,-95.34442138671875,83.05183410644531,-349.99908447265625,0.05213445797562599,0.03419056534767151,0.07184215635061264,-0.7308056797562785,-0.5591572030837375,-0.39149237626745126,0.6699984297970227,-0.6972548364882882,-0.25482895648496157,-0.13048050622789456,-0.448529726142273,0.8841922428189755,-0.7043253183364868,0.4863133728504181,-0.00594312371686101
0.03,3.3918793986278026,0.7232622079722139,1.8514668252730309,0.7486321093416906,-95.34373474121094,83.05229187011719,-349.9982604980469,0.08344994485378265,0.0544884018599987,0.09969615191221237,-0.7282406414490648,-0.5561553995725904,-0.40044567630092676,0.6716813454410387,-0.6952219895890486,-0.25595029864870356,-0.13605049918456888,-0.45536530030086486,0.8798481147070398,-0.6708831191062927,0.7660402655601501,-0.010866764932870865
0.04,1.782499960469223,2.323131351302621,3.4230648929765923,3.2052718649727368,-95.34276580810547,83.05291748046875,-349.9970703125,0.11016728729009628,0.07141534984111786,0.1395164430141449,-0.7245991530926739,-0.5545450751297462,-0.4091892312692548,0.6740195624396851,-0.6940487959608701,-0.25297015293089775,-0.14371394081993222,-0.45910350518658705,0.8766813986502704,-0.15088987350463867,0.9910802245140076,-0.016757864505052567
0.05,2.4940280618855954,0.2704815120972145,2.039410433391511,3.595110431361243,-95.34149932861328,83.05372619628906,-349.99554443359375,0.14430484175682068,0.09220097959041595,0.16493311524391174,-0.7203399400157289,-0.5548296250922677,-0.41626248682545136,0.6766605310858118,-0.694013802408944,-0.2459174002313495,-0.1524496523079097,-0.4588125207378851,0.8753571695744228,0.12425985932350159,0.9311665296554565,-0.018531298264861107
0.06,2.4940280618855954,0.2704815120972145,2.039410433391511,3.595110431361243,-95.33985900878906,83.05476379394531,-349.9937744140625,0.18152599036693573,0.11394118517637253,0.18502360582351685,-0.7170007061036622,-0.5556210903124804,-0.42094559202683207,0.678673422833811,-0.6942484751625259,-0.23962771098841334,-0.15909862534254876,-0.45749782374835185,0.874861914063947,0.19393596053123474,0.5887585878372192,-0.02493436262011528
0.07,0.6291669581904222,2.1471079408855918,0.28307761110704793,2.183306650545643,-95.33787536621094,83.05599975585938,-349.9917907714844,0.21587181091308594,0.13334763050079346,0.21180570125579834,-0.7151793084257998,-0.5568757395859979,-0.4223836732878563,0.6798203728724986,-0.6946107104299384,-0.2352875295962646,-0.16236630631720264,-0.4554177989676775,0.8753466804394384,0.29478132724761963,0.18828900158405304,-0.0388370119035244
0.08,1.2340633381956851,2.208666465059443,0.9064691838087139,0.10403650735069052,-95.3355712890625,83.05741882324219,-349.989501953125,0.2436850368976593,0.1488041877746582,0.2521688640117645,-0.7146905938175601,-0.558214913157472,-0.42144212632021,0.6802615930753114,-0.6948792454250068,-0.2332102040310694,-0.16266997293705815,-0.45336403144291193,0.8763558266471946,0.08823616802692413,-0.0017519237007945776,-0.047229357063770294
0.09,1.2340633381956851,2.208666465059443,0.9064691838087139,0.10403650735069052,-95.3330307006836,83.05897521972656,-349.9866943359375,0.26418283581733704,0.1601462960243225,0.3076059818267822,-0.7142248220079623,-0.5582611741054053,-0.4221698297061849,0.6807014404705842,-0.6943968518925647,-0.23336358118388462,-0.16287557388683738,-0.4540456734384219,0.8759646533182054,-0.15963956713676453,0.1558845341205597,-0.045557357370853424
0.1,3.7688060951873235,0.9219444186525282,2.3673984614624253,0.7603830124616646,-95.3302993774414,83.06062316894531,-349.9833068847656,0.2825247347354889,0.17025993764400482,0.3676795959472656,-0.7126641373778206,-0.5577447745158808,-0.42547690160072893,0.6817240291717459,-0.6936565403305954,-0.23257891586820564,-0.16541516056688244,-0.4558084801282428,0.8745721548836402,-0.21743734180927277,0.47695401310920715,-0.03919073939323425
0.11,2.8863871604817413,0.4706514567852241,0.7584102800530204,3.3001447390184486,-95.32736206054688,83.06239318847656,-349.9793701171875,0.30734938383102417,0.18372221291065216,0.41493022441864014,-0.7097644086678753,-0.5575204496917767,-0.4305873109647107,0.683436395678084,-0.6931321984005635,-0.22909048125784603,-0.17073130132137712,-0.4568793097918543,0.8729903315806128,0.10430674254894257,0.7608585357666016,-0.037957582622766495
0.12,2.8863871604817413,0.4706514567852241,0.7584102800530204,3.3001447390184486,-95.32414245605469,83.0643081665039,-349.97503662109375,0.3378085196018219,0.19972282648086548,0.4513951241970062,-0.7059544742033338,-0.5591418953081555,-0.43472821539842427,0.6855907709939832,-0.693528463832407,-0.2213223092734616,-0.1777458159287318,-0.4542891268404582,0.8729420451292079,0.4081737697124481,0.8366726636886597,-0.04930642619729042
0.13,2.2262335821811825,3.1940033742859093,2.027202077072952,3.26731516459241,-95.32061767578125,83.0663833618164,-349.9703369140625,0.3686494529247284,0.21520423889160156,0.4876190423965454,-0.7021241876866553,-0.5614218201177746,-0.43798078149731634,0.6877394562738107,-0.6940552434990668,-0.21284209934985737,-0.1844886591353463,-0.450658250636884,0.8734249113594973,0.4335189461708069,0.7606296539306641,-0.06806643307209015
0.14,2.9858267661835596,2.060295553809654,1.5775754314003627,4.171264092192948,-95.31675720214844,83.06861877441406,-349.96533203125,0.4063834547996521,0.2332754284143448,0.510528028011322,-0.6984877359899015,-0.563591479678642,-0.44099832959472796,0.6897881062542616,-0.6943228048348622,-0.20520285367511226,-0.19054461719466417,-0.4475270793146363,0.8737346634638288,0.26130297780036926,0.7203457355499268,-0.0788261815905571
0.15,2.9858267661835596,2.060295553809654,1.5775754314003627,4.171264092192948,-95.31246948242188,83.07106018066406,-349.96014404296875,0.4507955014705658,0.25369393825531006,0.5208057761192322,-0.694900560679983,-0.5646805123796629,-0.445251759912622,0.6917850475585084,-0.6939909132434565,-0.19952458572813964,-0.19633303018371087,-0.44666825639858826,0.8728922098316191,-0.022497428581118584,0.6732686161994934,-0.08750476688146591
0.16,4.041944922970581,2.202206341064668,1.728807220704473,3.9237800481829606,-95.30773162841797,83.07369995117188,-349.9549560546875,0.4966913163661957,0.2740716338157654,0.5291995406150818,-0.6915577525040961,-0.5646309722667849,-0.45048833515258585,0.6936787535242336,-0.6930314832089768,-0.19625786656904007,-0.20138932906325718,-0.44821783592158704,0.8709438039857796,-0.28920143842697144,0.5805103778839111,-0.10073187202215195
0.17,2.6284420782674616,2.5310258889511843,1.5418656160958728,1.1551946541307538,-95.30252075195312,83.07654571533203,-349.94976806640625,0.5455870628356934,0.29523828625679016,0.5331485867500305,-0.6884047885057442,-0.5636165565157556,-0.45654706699713166,0.6955232236146396,-0.6915234672365062,-0.1950454810394246,-0.20578214833911437,-0.45180933089360015,0.868056470480127,-0.45328935980796814,0.5705142021179199,-0.11552953720092773
0.18,2.6284420782674616,2.5310258889511843,1.5418656160958728,1.1551946541307538,-95.29683685302734,83.07959747314453,-349.9443664550781,0.588800847530365,0.31360045075416565,0.549409031867981,-0.6847465033905753,-0.5622850899189298,-0.46363531331127283,0.6976154394893337,-0.6897701247239842,-0.19377789766731165,-0.21084336527499467,-0.4561278907204869,0.8645764411701228,-0.459797739982605,0.7708643078804016,-0.12299510836601257
0.19,2.2641773446822384,4.015788218167368,0.12652854598654906,0.24851468994815817,-95.290771484375,83.08280944824219,-349.938720703125,0.6250066757202148,0.3285820484161377,0.5803484320640564,-0.6796868931365918,-0.5611209525760675,-0.4724076670402946,0.700256520701333,-0.6880853366900683,-0.1902087659582988,-0.21832666468755182,-0.46008895445581166,0.8606111906512529,-0.3935130536556244,1.101864218711853,-0.1228470504283905
0.2,1.9817980196704137,1.785552543749962,1.6197441950902178,0.30950477727275555,-95.28434753417969,83.08616638183594,-349.9327392578125,0.6582123637199402,0.34174594283103943,0.6183327436447144,-0.6725256329194093,-0.5599542900442169,-0.4839012979187236,0.7036241020595582,-0.6864557742622369,-0.18355269810850905,-0.22939571937424816,-0.4639285107030069,0.8556564385836535,-0.49664419889450073,1.6873459815979004,-0.11899583786725998
0.21,1.9817980196704137,1.785552543749962,1.6197441950902178,0.30950477727275555,-95.27761840820312,83.08963775634766,-349.92633056640625,0.6875113844871521,0.35258984565734863,0.6651173830032349,-0.6620743612671947,-0.5580735483866996,-0.5002114100495052,0.7079745432286844,-0.6846715432382406,-0.1731962009395754,-0.24582429963852645,-0.46880570865854865,0.8484053401743674,-0.5069650411605835,2.215714693069458,-0.11333390325307846
0.22,3.6194865747792466,2.59002228289419,2.098432014413808,3.1353393150751963,-95.2706069946289,83.09320831298828,-349.91943359375,0.7153849601745605,0.36191704869270325,0.7164573073387146,-0.6493799811191615,-0.5567197431088753,-0.5180432103159592,0.7126765741282415,-0.6832008743115819,-0.159149822584642,-0.26532572587389713,-0.4725459691635067,0.8404180901294377,-0.3003894090652466,2.5152711868286133,-0.10828059911727905
0.23,3.2435074672952573,0.32737747830132463,3.1363970222375133,0.6058590506604659,-95.26326751708984,83.09688568115234,-349.912109375,0.7578058242797852,0.3743039071559906,0.7466961145401001,-0.6349144006909664,-0.5562473388226837,-0.5361647152209043,0.7173736904761899,-0.6820937944946137,-0.1418557144584291,-0.28680776141485886,-0.47469669639109785,0.8321083790153632,-0.17900516092777252,2.7235703468322754,-0.1096123531460762
0.24,3.2435074672952573,0.32737747830132463,3.1363970222375133,0.6058590506604659,-95.25543975830078,83.10069274902344,-349.9045104980469,0.8045290112495422,0.38610175251960754,0.7730312347412109,-0.6191733663683007,-0.5568058094744279,-0.5537071725340688,0.7218037640648938,-0.6812443917831642,-0.1220876932607777,-0.3092307691060142,-0.4752613693532366,0.8237129125117496,0.25556010007858276,2.793579339981079,-0.11364422738552094
0.25,2.5258783502120163,0.9516038598552969,2.928075308246882,2.2228148306854725,-95.24720001220703,83.10459899902344,-349.8965759277344,0.8447607159614563,0.3943965435028076,0.8117609024047852,-0.602885451521146,-0.561159961832815,-0.5671231167744246,0.7256627060145261,-0.6811113691584542,-0.09747276492831994,-0.3315761895007233,-0.47030500745674575,0.8178449917418892,1.0624539852142334,2.7814548015594482,-0.11643986403942108
0.26,2.5258783502120163,0.9516038598552969,2.928075308246882,2.2228148306854725,-95.23853302001953,83.10857391357422,-349.88824462890625,0.8881727457046509,0.40112218260765076,0.8475306630134583,-0.586581389151786,-0.5699255415619127,-0.5754191089772056,0.7287429371137923,-0.6814047487492431,-0.0679801440771047,-0.3533496929495254,-0.45920849889493687,0.8150285571899518,1.6794124841690063,2.6539998054504395,-0.12095244973897934
0.27,3.5547982489355463,0.5253018219659331,0.12038727467858673,3.386217782190525,-95.22941589355469,83.11261749267578,-349.8796081542969,0.9351866841316223,0.4058816730976105,0.8791012167930603,-0.5711738056453468,-0.5815312844563764,-0.579294268004724,0.7309246187068067,-0.6814777243930479,-0.03656928936118958,-0.37350995369992623,-0.444307862134568,0.8142977576614643,2.078814744949341,2.4285364151000977,-0.12680824100971222
0.28,4.076073418380005,0.7763312763910808,2.3860220741916778,2.1697978345684144,-95.21983337402344,83.11666107177734,-349.8706359863281,0.9800690412521362,0.40797460079193115,0.9139841794967651,-0.5567042405385891,-0.5950337630846357,-0.5796681890147934,0.7323187938072787,-0.6809483222480708,-0.004308905219420622,-0.3921601366827143,-0.4269006947954935,0.8148412262398852,2.256051540374756,2.3433074951171875,-0.14340874552726746
0.29,4.076073418380005,0.7763312763910808,2.3860220741916778,2.1697978345684144,-95.20980834960938,83.1207046508789,-349.861328125,1.0272740125656128,0.40746086835861206,0.9455438256263733,-0.5420977596004273,-0.6095188191439784,-0.5784607403666456,0.7330802213660097,-0.6795232288428215,0.029009834625327385,-0.41075955019714366,-0.4083319612427575,0.8151942108169584,2.53766131401062,2.379899024963379,-0.1637149602174759
0.3,0.9030162335778944,1.47325407388886,0.3061683621265189,1.2940872370100143,-95.19927978515625,83.12474822998047,-349.85174560546875,1.0784481763839722,0.4039076566696167,0.9712066650390625,-0.527204884557231,-0.6265387569008501,-0.5740245602760686,0.733119465395026,-0.6769345320843387,0.06553997811007092,-0.4296403835277916,-0.38627558215980295,0.8162109503487425,3.0604054927825928,2.417330026626587,-0.18023058772087097
0.31,0.3587135384006221,1.8911233604263213,4.158496769579258,0.6837775045306401,-95.18828582763672,83.12876892089844,-349.84185791015625,1.1154428720474243,0.3990378677845001,1.0163441896438599,-0.512063535675294,-0.6458033362121378,-0.5663293974084245,0.7322927852922103,-0.672827340911989,0.10512205254026652,-0.44893007477857116,-0.3608897619198614,0.8174474709121876,3.2298946380615234,2.486705780029297,-0.19164890050888062
0.32,0.3587135384006221,1.8911233604263213,4.158496769579258,0.6837775045306401,-95.17698669433594,83.13272857666016,-349.8314208984375,1.1469420194625854,0.39238598942756653,1.0685571432113647,-0.49698926448555814,-0.6649590928242589,-0.5575222648975038,0.7305087752012526,-0.6673775129318563,0.14479013981226613,-0.4683573425708938,-0.3353157617876446,0.8174379117441898,3.3115487098693848,2.3551127910614014,-0.18791131675243378
0.33,0.9508911719468013,0.7650744961577786,3.116052370343832,0.15299578620284013,-95.16533660888672,83.1365966796875,-349.8205261230469,1.183495283126831,0.38200122117996216,1.1124922037124634,-0.48368682726039225,-0.6848552625241471,-0.5449957087241668,0.7281250472972645,-0.6603858352359082,0.1836422176900732,-0.4856757855124463,-0.30799970456601633,0.8180801998301358,3.5913360118865967,2.0128366947174072,-0.1736287921667099
0.34,4.112458003430165,2.3394035167476726,4.053657647998302,4.159476593316716,-95.15333557128906,83.14036560058594,-349.80914306640625,1.2146742343902588,0.3707469403743744,1.1631251573562622,-0.4725820092263101,-0.7059093382441214,-0.5275966743027953,0.7254765064641925,-0.6515050448897298,0.22186711124396358,-0.5003499606516761,-0.2779085868824088,0.8200102037248611,3.990062952041626,1.712656021118164,-0.16189248859882355
0.35,4.112458003430165,2.3394035167476726,4.053657647998302,4.159476593316716,-95.14098358154297,83.14398193359375,-349.79730224609375,1.263165831565857,0.3486061096191406,1.184288740158081,-0.4632239416699493,-0.7283218829387155,-0.504946348334513,0.7226955837618196,-0.6402161034043816,0.26045044471621265,-0.5129665418669312,-0.24427561436687478,0.8229184352964563,4.364450931549072,1.4601263999938965,-0.16268832981586456
0.36,2.9315442805288106,3.0870095747663635,1.0167523437962056,2.332875816816402,-95.12802124023438,83.14729309082031,-349.78546142578125,1.329466700553894,0.31218910217285156,1.1721265316009521,-0.45543519366966473,-0.7512465250760111,-0.47771062676927467,0.7200401841048268,-0.6263987343576358,0.29860803550714976,-0.5235655810319869,-0.20797423916526384,0.8262117151204451,4.645877838134766,1.2022064924240112,-0.1719656139612198
0.37,2.5355095070413665,0.26496704664953236,2.0521149295972454,3.945128253413511,-95.11443328857422,83.15023040771484,-349.77386474609375,1.383299469947815,0.27671095728874207,1.175081491470337,-0.4486566818722233,-0.7737831818220027,-0.4471764409501287,0.7174021202022771,-0.6102117842664392,0.3361186937253654,-0.5329553262147625,-0.17000342900008217,0.8288892895842784,4.674760818481445,1.247097134590149,-0.18081043660640717
0.38,2.5355095070413665,0.26496704664953236,2.0521149295972454,3.945128253413511,-95.10039520263672,83.15283966064453,-349.761962890625,1.4227958917617798,0.2453306019306183,1.1981065273284912,-0.441710828537429,-0.7946155949138866,-0.41650642284654915,0.7140290721854615,-0.5924511171283517,0.37304712555833636,-0.5431887591130244,-0.1326187397505279,0.8290707097951504,4.62081241607666,1.1713364124298096,-0.19449833035469055
0.39,2.885970530172812,1.6594464652528935,1.9237812523442843,0.3806826908001577,-95.08599090576172,83.15513610839844,-349.7498474121094,1.457200050354004,0.2127494215965271,1.22565495967865,-0.4361620408772511,-0.8140830451641337,-0.3834468277011593,0.7114238993206405,-0.5728828107511756,0.40703970398629175,-0.5510342181509298,-0.09525796933655539,0.8290278702822177,4.666480541229248,0.7597894668579102,-0.2127038836479187
0.4,3.709824672674114,1.1741590339820676,0.625342572787817,1.5331709208874589,-95.0712661743164,83.1571044921875,-349.7374267578125,1.485127568244934,0.1814521998167038,1.2612268924713135,-0.43195678963900136,-0.8324147926977133,-0.34712957923920923,0.7098794962578082,-0.5512107621858879,0.43844930886387845,-0.5563132504960921,-0.05702901497023494,0.8290134249660839,4.908079624176025,0.6741638779640198,-0.22225883603096008
0.41,3.709824672674114,1.1741590339820676,0.625342572787817,1.5331709208874589,-95.05630493164062,83.15876770019531,-349.724609375,1.5076507329940796,0.15109986066818237,1.303067684173584,-0.4274324781605934,-0.8500245345315788,-0.3078307445786834,0.7074340633741393,-0.5264932423799742,0.4715314535703593,-0.5628841111556161,-0.016222096738539388,0.8263766217566646,5.2343220710754395,0.961374819278717,-0.2316000908613205
0.42,2.020965086715597,0.03453589227163513,0.9062869103080585,1.1726583390575727,-95.04112243652344,83.16012573242188,-349.71136474609375,1.5273412466049194,0.11862305551767349,1.345426082611084,-0.42210985682248664,-0.8664645825829613,-0.2665753100019479,0.7030667416294858,-0.49852732991791165,0.5071170063598889,-0.5722940027536527,0.026638852344881142,0.8196157306677012,5.504291534423828,1.3254200220108032,-0.24761763215065002
0.43,2.6553806704128737,2.513956555472544,2.8848465573282405,3.5375664104166704,-95.02577209472656,83.1611557006836,-349.6976623535156,1.5408798456192017,0.09074326604604721,1.3992327451705933,-0.41632930574277904,-0.8813507487423502,-0.22336241149986324,0.6966805687983229,-0.4670860252035265,0.5444876767369633,-0.5842140825404509,0.07107392454950881,0.8084815415397867,5.774260520935059,1.5098191499710083,-0.2632308900356293
0.44,2.6553806704128737,2.513956555472544,2.8848465573282405,3.5375664104166704,-95.01029205322266,83.16188049316406,-349.6834411621094,1.5562639236450195,0.04842671751976013,1.4361730813980103,-0.41094424511076955,-0.8942067756827579,-0.1775361082523376,0.6895022380250564,-0.43225285503924626,0.5811575802386638,-0.5964155356534389,0.11641181913133378,0.7941893963015091,5.8797607421875,1.434484601020813,-0.27437153458595276
0.45,3.669963395672299,0.06351560205401446,2.6581244418252705,2.0310449089200397,-94.99464416503906,83.16205596923828,-349.6690673828125,1.5732516050338745,-0.014240464195609093,1.4503852128982544,-0.4063568386023335,-0.9043684610501347,-0.13035262321460225,0.682596062014501,-0.39530262194871524,0.6146531161580218,-0.607401626474125,0.16079030983949907,0.7779522738692299,5.827635288238525,1.2560240030288696,-0.2822171449661255
0.46,3.20653436707047,0.6114554857420954,2.988171799905201,2.2248234075613578,-94.9788589477539,83.16160583496094,-349.6544189453125,1.5841387510299683,-0.07375089824199677,1.4743304252624512,-0.402503104658899,-0.9117953529976036,-0.08136636277923792,0.6763298986577589,-0.35609980954623205,0.6448029108361116,-0.6169028439888511,0.20450466961199776,0.7600057376002858,6.11531925201416,1.0832314491271973,-0.29331350326538086
0.47,3.20653436707047,0.6114554857420954,2.988171799905201,2.2248234075613578,-94.9629898071289,83.16059112548828,-349.6395263671875,1.5894029140472412,-0.12949825823307037,1.5077570676803589,-0.3992100915763324,-0.9164654947485441,-0.026875634298052564,0.6707862099799055,-0.31192481207377437,0.6728660878016774,-0.6250417292344652,0.2505871276583195,0.7392759485926366,6.669210433959961,0.895228385925293,-0.3057548701763153
0.48,3.979060046072073,2.8362712212168164,0.7286057786207389,0.2834127428221255,-94.9471206665039,83.15901184082031,-349.6242980957031,1.5898566246032715,-0.18810027837753296,1.5424270629882812,-0.39636861110796207,-0.9174750301940732,0.03363767380081695,0.6662805481140585,-0.26225395187572076,0.6980638193821519,-0.631634510878859,0.29910271429051294,0.715245000661223,7.206806659698486,0.6791954636573792,-0.31622403860092163
0.49,3.8398057571983277,2.329059553165081,0.41370092923632734,0.9461120721662138,-94.9312515258789,83.1568374633789,-349.608642578125,1.5852874517440796,-0.24493248760700226,1.583051085472107,-0.3939337460708645,-0.9138143683793857,0.09879020118392173,0.6618190678958275,-0.20742144659257233,0.7203970189159187,-0.6378179403843023,0.3491699351846157,0.6864900809823092,7.606814861297607,0.9517756104469299,-0.324228435754776
0.5,3.8398057571983277,2.329059553165081,0.41370092923632734,0.9461120721662138,-94.91543579101562,83.15412139892578,-349.59259033203125,1.5761594772338867,-0.298832505941391,1.6305698156356812,-0.3926628621037624,-0.9049243020262332,0.1640971795212113,0.6530146302013506,-0.14869218305740833,0.742605229876962,-0.6476015514708678,0.39875135397883865,0.6493147066196545,7.836262226104736,1.6131943464279175,-0.33504271507263184
0.51,0.10292035710958222,3.937012758768572,0.17229238514964196,0.12254896009357141,-94.89974212646484,83.15086364746094,-349.57598876953125,1.562558889389038,-0.35288316011428833,1.682305097579956,-0.39342979504754655,-0.89072825542082,0.2276316572092461,0.6387607041255756,-0.08676453478760143,0.7644976640697404,-0.6612093157494412,0.4461783169295358,0.6030979607560305,8.007438659667969,2.273149251937866,-0.350874662399292
0.52,0.10292035710958222,3.937012758768572,0.17229238514964196,0.12254896009357141,-94.88419342041016,83.1470947265625,-349.5588684082031,1.5482597351074219,-0.396902859210968,1.7462198734283447,-0.3969726943082298,-0.8715768548355338,0.2876916162988833,0.6189680844404071,-0.022775747069738284,0.785085839758678,-0.6777102555058748,0.48972956972232584,0.5485196059593018,7.809336185455322,2.8585269451141357,-0.3583875298500061
0.53,3.030669001222971,0.27907321014702546,2.290971958765447,2.422577993911441,-94.8687744140625,83.14295196533203,-349.541015625,1.5346815586090088,-0.4312862753868103,1.8207238912582397,-0.40373065129031893,-0.8492739809799967,0.3401988630772943,0.5941477837393141,0.039371610917482175,0.8033917396459986,-0.695693878287251,0.52648227081655,0.48869872746866516,7.274510860443115,3.3772530555725098,-0.35702598094940186
0.54,0.24441940569663886,2.985221192494132,2.5458423099118437,3.1712465319267436,-94.853515625,83.13842010498047,-349.5224304199219,1.5134671926498413,-0.47866126894950867,1.8910123109817505,-0.41348241684095216,-0.8247806512410543,0.38570606464216756,0.5653789275431798,0.0994762085752427,0.8188108158894942,-0.7137078949076363,0.556633956263789,0.4251819369171666,7.182888031005859,3.5342724323272705,-0.36806556582450867
0.55,0.24441940569663886,2.985221192494132,2.5458423099118437,3.1712465319267436,-94.83853912353516,83.13331604003906,-349.503173828125,1.4818530082702637,-0.5430434942245483,1.957008719444275,-0.42441794266698657,-0.7970066650105143,0.4297089548416936,0.5366160871459622,0.1608535670123083,0.8283533696409849,-0.7293233747512003,0.5821567709030232,0.3594174580251847,7.082370281219482,3.285874605178833,-0.3812227249145508
0.56,3.7083670730321536,0.05311581723516262,0.15349776161514134,2.8106692248929166,-94.82389068603516,83.1275405883789,-349.4832763671875,1.4442589282989502,-0.6130688190460205,2.0260324478149414,-0.43539468274813964,-0.767785130349245,0.4700398534690857,0.5100804724903737,0.2198277504432644,0.8315609849668579,-0.7417879628429165,0.601815381782193,0.2959203683961438,6.61874532699585,2.9232285022735596,-0.3853888213634491
0.57,3.332687451630718,3.6393671336469153,0.8111244126578182,1.8913395536611637,-94.80962371826172,83.12108612060547,-349.4626159667969,1.4079846143722534,-0.6754392385482788,2.1028599739074707,-0.4461707972742073,-0.7378923532033711,0.506405464764836,0.48575483337306424,0.27557313419728696,0.8295189506957575,-0.7516474316555634,0.6160960337420421,0.2354820920854061,6.436733722686768,2.7714295387268066,-0.40298551321029663
0.58,3.332687451630718,3.6393671336469153,0.8111244126578182,1.8913395536611637,-94.79574584960938,83.114013671875,-349.4411926269531,1.3667765855789185,-0.7410192489624023,2.1835854053497314,-0.4582229424164424,-0.7061199491824047,0.5398391912503722,0.4607391779220905,0.33068864939288073,0.8236288163307477,-0.7600994309765623,0.6261306848648696,0.17380799895216442,6.376049041748047,3.0642735958099365,-0.4248924255371094
0.59,1.9907999139782133,3.1804447754051073,2.3552827359393533,0.4163759888676545,-94.78231811523438,83.10623931884766,-349.4189453125,1.3169329166412354,-0.8153769373893738,2.2674617767333984,-0.47370535637886285,-0.6732936002300808,0.567696189195586,0.43189792619983564,0.3841657874640685,0.8160152137591512,-0.7675072746770911,0.6317375844694759,0.10881271840376006,6.190682888031006,3.6068685054779053,-0.4402645230293274
0.6,2.855050919725689,0.8993164227028236,1.3072247453039663,2.695638991995594,-94.76939392089844,83.09774017333984,-349.3958435058594,1.2684710025787354,-0.8838286399841309,2.357808828353882,-0.4930875921582157,-0.6398652783650328,0.5894379119147771,0.3988145701313698,0.43589484434703907,0.806810153209912,-0.7731827501377305,0.6329045032345005,0.040253256699878115,6.153261661529541,4.055472373962402,-0.44852587580680847
0.61,2.855050919725689,0.8993164227028236,1.3072247453039663,2.695638991995594,-94.7569351196289,83.08859252929688,-349.3717956542969,1.2230603694915771,-0.944962739944458,2.454233169555664,-0.5151866108740006,-0.6050366366805354,0.6070530654320647,0.3633730054862527,0.4872845210007746,0.794049025235176,-0.7762363137988642,0.6296701230544064,-0.031188479805849795,6.252715110778809,4.2068681716918945,-0.4632781445980072
0.62,0.7225933464756181,0.2317660643083525,0.16092816068669832,0.8344953731605598,-94.74493408203125,83.07884979248047,-349.3467102050781,1.17745840549469,-1.0035866498947144,2.5560262203216553,-0.5381760593651516,-0.5687737763878555,0.6219830547689343,0.3279826395457926,0.5384696243105916,0.7761944678051922,-0.7763980404939029,0.6217289240402994,-0.10324353601519054,6.360996723175049,4.171627521514893,-0.48894158005714417
0.63,0.7638150535429328,3.335930556698069,3.155962118321434,2.8615723134203654,-94.73333740234375,83.06859588623047,-349.32061767578125,1.147707223892212,-1.0400999784469604,2.659447431564331,-0.5614724855661373,-0.5313301664869603,0.6343791469879217,0.2934390482586448,0.5889617657957105,0.7530056861590486,-0.773719699186498,0.6089435873804223,-0.17477280817969773,6.413873195648193,4.123040676116943,-0.5119358897209167
0.64,0.7638150535429328,3.335930556698069,3.155962118321434,2.8615723134203654,-94.7220230102539,83.05801391601562,-349.2934875488281,1.1091673374176025,-1.0846426486968994,2.7693636417388916,-0.584765731692067,-0.4936349733218244,0.6437185348832233,0.2602323257383877,0.637442170642811,0.7252217700310516,-0.7683281692606561,0.5916012104447924,-0.24429456015397735,6.254208564758301,3.9542956352233887,-0.5231881737709045
0.65,1.255408186028831,0.9566956004127392,1.2039303911484291,2.1013800833553065,-94.71121978759766,83.04684448242188,-349.2651672363281,1.04983389377594,-1.150040864944458,2.8912246227264404,-0.6069516186189547,-0.4572900442851769,0.6499965754167413,0.22968250009184238,0.6820430377046355,0.694307744354183,-0.7608256579581102,0.5707040477482999,-0.30893560506408857,5.937717437744141,3.668107509613037,-0.5254276990890503
0.66,1.0130773606760897,0.6521996014460717,3.6944883170800003,2.20032813478021,-94.70098876953125,83.0350570678711,-349.2356262207031,1.0009045600891113,-1.2011266946792603,3.0129454135894775,-0.6276902282435644,-0.42265654105166106,0.6537326867105453,0.20198913762450632,0.7225847728356347,0.6611139344680179,-0.7518014137052755,0.5470216580468454,-0.3681873707481418,5.726419925689697,3.4234533309936523,-0.5329342484474182
0.67,1.0130773606760897,0.6521996014460717,3.6944883170800003,2.20032813478021,-94.69119262695312,83.02283477783203,-349.20489501953125,0.9579999446868896,-1.243161916732788,3.1353604793548584,-0.6468113331544902,-0.38850328663456246,0.6562776055733229,0.17706006951591666,0.7605135605201918,0.6247150198673945,-0.7418118569326927,0.5202733133066153,-0.4231203710234557,5.81732177734375,3.013666868209839,-0.5420538187026978
0.68,1.2256890171781942,3.922191274715431,4.151103558954858,1.1947008500531824,-94.68184661865234,83.01018524169922,-349.17291259765625,0.9108664393424988,-1.2863961458206177,3.2636640071868896,-0.6626706470960954,-0.35289344058837835,0.6605557002001715,0.15638069217064374,0.7973759750507333,0.5828693108477426,-0.7324020020408687,0.4895485410064958,-0.4732119328640588,6.095667839050293,2.409318447113037,-0.5466983914375305
0.69,2.2280490119910907,3.8108036582136386,1.2357254061540106,1.122309194855536,-94.67301177978516,82.99708557128906,-349.1396179199219,0.8538297414779663,-1.3344944715499878,3.4022674560546875,-0.6753565192915423,-0.3153640899771118,0.6666626302736046,0.13968615299612486,0.8328972786755604,0.5355090119092201,-0.72414180276487,0.4547830405014617,-0.5184506105316975,6.275750160217285,2.053621768951416,-0.5408331751823425
0.7,2.2280490119910907,3.8108036582136386,1.2357254061540106,1.122309194855536,-94.66478729248047,82.9834976196289,-349.1048583984375,0.7942742705345154,-1.3800679445266724,3.5458180904388428,-0.687723802208248,-0.27706763914303506,0.6710212330589366,0.12449299372755845,0.8656053169178161,0.4850040513607674,-0.7152184745858995,0.417086272446496,-0.5608043999004525,6.2135138511657715,2.2180418968200684,-0.5341134667396545
0.71,2.649806237399425,3.848214357051868,3.2034934730124656,1.14787394980052,-94.65711975097656,82.96949768066406,-349.0686950683594,0.7392674684524536,-1.4175975322723389,3.6887099742889404,-0.7026811677136173,-0.2397291344462366,0.669902320221602,0.10862443512718366,0.894346446982689,0.43398751694344945,-0.7031642117129738,0.37772261630341747,-0.6023999638935695,6.0152058601379395,2.6660420894622803,-0.5342416763305664
0.72,0.8322299897967353,2.2742540793023096,3.103246640337579,0.6297206275906977,-94.6500244140625,82.95515441894531,-349.031005859375,0.6776305437088013,-1.4550520181655884,3.8410308361053467,-0.7206543169182813,-0.20374148507538337,0.662681494208434,0.0920568190413469,0.9192596130399568,0.382736601204559,-0.6871556574569071,0.3368251342950913,-0.6437126154830739,5.977683067321777,3.0485565662384033,-0.5334081649780273
0.73,0.8322299897967353,2.2742540793023096,3.103246640337579,0.6297206275906977,-94.64354705810547,82.9404525756836,-348.9917907714844,0.6220715641975403,-1.484880805015564,3.9912078380584717,-0.7402456313348558,-0.16793010850784085,0.6510267920340955,0.07595722966411635,0.9412175464944175,0.32915046625028777,-0.6680321134132801,0.29310238625363316,-0.683976671108754,6.1171393394470215,3.147817611694336,-0.5296118259429932
0.74,1.0073614815327534,3.5288486644758095,1.9545436451493055,1.489188248867183,-94.6375503540039,82.92549896240234,-348.9512023925781,0.5777137875556946,-1.504993200302124,4.133451461791992,-0.759472229750946,-0.13192386511302867,0.6370227829919161,0.061587869738288184,0.9602429581394747,0.2722873402210441,-0.6476178398857045,0.24602754958985876,-0.7211529507008783,6.291254997253418,3.0567355155944824,-0.524484395980835
0.75,1.0073614815327534,3.5288486644758095,1.9545436451493055,1.489188248867183,-94.63199615478516,82.91036224365234,-348.9090881347656,0.5324182510375977,-1.521768569946289,4.280008792877197,-0.7779919488442442,-0.0962923794506984,0.6208512746167613,0.049156759814143886,0.9758264828824155,0.21294667940568804,-0.6263482581584378,0.196189839097383,-0.7544517257829246,6.234011173248291,3.057166814804077,-0.5208603143692017
0.76,1.552926011233188,2.5192501000287555,0.5043906093371302,0.40853543270286263,-94.62690734863281,82.89507293701172,-348.8656005859375,0.4855150580406189,-1.5351523160934448,4.431880950927734,-0.7965788527650949,-0.06307561662696412,0.601235060450215,0.03835411279545042,0.9872653197828182,0.1543896058217773,-0.603316743808026,0.14604333240945355,-0.7840154664926086,5.958805084228516,3.1648340225219727,-0.518766462802887
0.77,0.8262443346199376,2.735657738644474,2.2994788502857997,1.5285052101388803,-94.62225341796875,82.87967681884766,-348.8205871582031,0.4479396343231201,-1.5423715114593506,4.5749921798706055,-0.8156361925279216,-0.03282461365691331,0.5776332280754187,0.029099871866035142,0.9947982000632456,0.09762038008687698,-0.5778328468475419,0.09643176804974787,-0.8104382241817472,5.744583606719971,3.4306023120880127,-0.5206403732299805
0.78,0.8262443346199376,2.735657738644474,2.2994788502857997,1.5285052101388803,-94.6179428100586,82.86424255371094,-348.774169921875,0.41296252608299255,-1.545622706413269,4.7180256843566895,-0.835540556492363,-0.00517027885529813,0.5494044472635714,0.021424066189286224,0.9988886344476733,0.04198220288621463,-0.549010917782469,0.046848310405186035,-0.8345011971038927,5.591384410858154,3.5956523418426514,-0.5234114527702332
0.79,3.4272169937160193,0.673186050684942,1.0948794110245337,1.4061205812485749,-94.614013671875,82.8487548828125,-348.72625732421875,0.3751313090324402,-1.5457019805908203,4.869116306304932,-0.854724725874666,0.019848855755128854,0.5187019046655695,0.015663202137505536,0.9997998271409896,-0.01244868457498452,-0.5188451667668083,-0.0025156657289678863,-0.8548645298225115,5.430572986602783,3.5614566802978516,-0.5236193537712097
0.8,3.606735948847612,0.7027345150355178,0.5492696930701362,3.903771315251199,-94.61043548583984,82.83332061767578,-348.67681884765625,0.3406960666179657,-1.5420558452606201,5.018957138061523,-0.8728537188679572,0.042640761686212746,0.48611536789243415,0.011804359388422924,0.9977284068746936,-0.06632256942184088,-0.4878391564417579,-0.052151620857894355,-0.8713742972363187,5.54194450378418,3.627857208251953,-0.5343166589736938
0.81,3.606735948847612,0.7027345150355178,0.5492696930701362,3.903771315251199,-94.6072006225586,82.81793212890625,-348.6258544921875,0.3053880035877228,-1.5340204238891602,5.175311088562012,-0.8903655531903588,0.0642645572330119,0.4506875285335415,0.009822631129728823,0.992467609873248,-0.12211289559326731,-0.45514030541110745,-0.10429817848902183,-0.8842902195287227,5.68742036819458,3.687720775604248,-0.5620059967041016
0.82,2.508096687956394,3.3799447694390614,2.820997039233514,1.703542533001737,-94.60433959960938,82.80265045166016,-348.5732727050781,0.26885074377059937,-1.5206669569015503,5.3398518562316895,-0.9066656160148077,0.08360830521359008,0.41348169492227893,0.00960501725826414,0.9840000987420034,-0.1779088230504486,-0.42174068380932594,-0.1573323138297996,-0.892962114899061,5.664155960083008,3.6503543853759766,-0.5968911051750183
0.83,2.272076458460729,1.382945406730901,2.10481043756429,0.37383383761070005,-94.60182189941406,82.78753662109375,-348.51904296875,0.2319432646036148,-1.500929594039917,5.512455463409424,-0.9216553933169893,0.10035223919027648,0.3748076360737639,0.01116330193160911,0.9724337472707738,-0.23291197448586554,-0.3878488322267959,-0.21048048664524294,-0.897369070161153,5.6713547706604,3.7016496658325195,-0.6168464422225952
0.84,2.272076458460729,1.382945406730901,2.10481043756429,0.37383383761070005,-94.59966278076172,82.77263641357422,-348.4630432128906,0.20300878584384918,-1.4795151948928833,5.673754692077637,-0.9356732732199678,0.11498703989592002,0.3336068141357514,0.01498473869610139,0.9575115110894349,-0.2880054925473413,-0.35254926377464074,-0.2644800309800368,-0.8976409804731277,5.906944274902344,3.8332550525665283,-0.6249281764030457
0.85,0.3139760549658342,2.107645996665008,1.400422881742993,0.03341518359980047,-94.59774017333984,82.75794219970703,-348.4055480957031,0.18305623531341553,-1.458861231803894,5.819214344024658,-0.948589127640346,0.12808460087896756,0.2894356611411301,0.021357792950090562,0.9382784034894205,-0.3452209180012781,-0.315788713545669,-0.3212911025270069,-0.892776296635474,6.318375110626221,3.9634292125701904,-0.6341394186019897
0.86,2.65715304056421,2.004088061396637,3.1879061524588597,1.855819562180999,-94.59598541259766,82.74345397949219,-348.3466796875,0.16937828063964844,-1.4394497871398926,5.952697277069092,-0.9601444806638393,0.13917590510762418,0.24238944632190706,0.0305253377047935,0.9142387185993117,-0.4040244660560762,-0.27783228755631584,-0.380522841431842,-0.8820496511760902,6.5226240158081055,4.078011989593506,-0.6400821208953857
0.87,2.65715304056421,2.004088061396637,3.1879061524588597,1.855819562180999,-94.5943603515625,82.72918701171875,-348.2864074707031,0.15448617935180664,-1.409825325012207,6.100277423858643,-0.9699993083190834,0.1473192851968263,0.19338658192748498,0.04247832244137576,0.8859469275720024,-0.46183723718242503,-0.23936777975129864,-0.4397670630399975,-0.8656257830506833,6.6989359855651855,4.085306644439697,-0.6472106575965881
0.88,0.821370129780502,4.149321505275867,1.671968708175962,1.416051033368468,-94.59290313720703,82.71530151367188,-348.2245788574219,0.13845577836036682,-1.3654290437698364,6.266982555389404,-0.9778027325783853,0.15250133195615337,0.14368423683146925,0.05664775357976808,0.8526243192750926,-0.5194447056184622,-0.20172468410338013,-0.49977506333578126,-0.8423372471232098,7.016786098480225,4.001213073730469,-0.6585833430290222
0.89,2.6870379432172395,1.2833444781108607,1.779751392229268,0.14302327738030626,-94.5915756225586,82.7018814086914,-348.1611022949219,0.1273425966501236,-1.3184536695480347,6.428004264831543,-0.9835722317484573,0.15437781302458106,0.09355830149754801,0.07306498044156393,0.8143985396330738,-0.5756878731366417,-0.1650671789497612,-0.5593947707024653,-0.8122994010488395,6.968534469604492,4.058259963989258,-0.6652109026908875
0.9,2.6870379432172395,1.2833444781108607,1.779751392229268,0.14302327738030626,-94.59033966064453,82.68890380859375,-348.0960998535156,0.12178227305412292,-1.276795744895935,6.573371410369873,-0.9874151683895964,0.15249549278440644,0.04190954443305599,0.09279196007092375,0.7732297412320397,-0.6273001031567182,-0.12806614455171728,-0.6155167682156792,-0.7776491308199249,7.032086372375488,4.269936561584473,-0.6734341979026794
0.91,3.937001943810315,4.08929188165313,2.099539689900092,2.7146116236840236,-94.58911895751953,82.67631530761719,-348.0296630859375,0.12014579772949219,-1.2382642030715942,6.708799839019775,-0.9890839961396858,0.14683492542616208,-0.012343146091792725,0.11632480236303042,0.7266500319511642,-0.6770880824682813,-0.09045103059419408,-0.6711328003759506,-0.7357984610774766,7.4815826416015625,4.509178638458252,-0.6884481310844421
0.92,0.47048353676140325,0.7315391702456536,0.8941065046784231,3.841533522235581,-94.58789825439453,82.66419219970703,-347.96185302734375,0.12291114777326584,-1.1756547689437866,6.863927364349365,-0.9881717664766916,0.13682964475054757,-0.0692402213729382,0.14409590800016267,0.6740126252110301,-0.7245297442850388,-0.05246836414396001,-0.7259370698439184,-0.685756838384046,7.696412563323975,4.828646183013916,-0.7075179219245911
0.93,0.47048353676140325,0.7315391702456536,0.8941065046784231,3.841533522235581,-94.58663177490234,82.65278625488281,-347.8924255371094,0.13002514839172363,-1.1112782955169678,7.013968467712402,-0.984320574024123,0.12224546429593242,-0.1271575951797368,0.1757488518763048,0.6183521261353899,-0.7659980347024424,-0.01501161606831835,-0.7763354265798486,-0.6301412197437195,7.464857578277588,4.757950305938721,-0.73312908411026
0.94,3.162052880038602,3.5533517920393973,0.11597382027755027,1.7943262797812654,-94.58528900146484,82.64191436767578,-347.8216552734375,0.1386098712682724,-1.0632327795028687,7.143992900848389,-0.9782197935464675,0.10376590158148101,-0.17977395023442377,0.2067742578466677,0.5629837996307686,-0.80018350873113,0.01817805836349,-0.8199279718501407,-0.5721780135341173,7.022759914398193,4.26777982711792,-0.7607324123382568
0.95,0.8757580080338809,2.604758708884483,0.6590031111811591,2.050896764018958,-94.5838394165039,82.63155364990234,-347.74957275390625,0.15212079882621765,-1.0061569213867188,7.275839328765869,-0.9704161917685199,0.08237905258749584,-0.22694956807244626,0.23674032746397938,0.5091933826391781,-0.8274515795070546,0.047396541073491213,-0.8567005257213621,-0.5136319471401782,6.637076377868652,4.293566703796387,-0.7838642001152039
0.96,0.8757580080338809,2.604758708884483,0.6590031111811591,2.050896764018958,-94.58222961425781,82.62179565429688,-347.6761474609375,0.16871076822280884,-0.9477112889289856,7.404247283935547,-0.9597756127092538,0.05855091491876954,-0.2745952723750931,0.27031182518999053,0.45711630858944374,-0.8473347612272359,0.07590975175188362,-0.8874775888909736,-0.45455608983406215,6.25085973739624,4.56782865524292,-0.8015460968017578
0.97,0.5391382347497962,3.222829392037441,0.6705121211301562,1.7055084358608796,-94.58045959472656,82.61258697509766,-347.60150146484375,0.1861049085855484,-0.8956654071807861,7.525109767913818,-0.946374351357583,0.03288741343729423,-0.3213938473740882,0.3062714314323833,0.4079527313259158,-0.8601002146797105,0.10282702650992666,-0.9124105364588517,-0.39614847668266673,5.802776336669922,4.6597466468811035,-0.8155336380004883
0.98,0.48994402492309946,2.132477387624514,0.6492202381609998,1.0794587736424672,-94.5784912109375,82.60388946533203,-347.5256652832031,0.20582222938537598,-0.8443211913108826,7.64232873916626,-0.9303250461093835,0.006065902024047137,-0.3666858511235579,0.343782145536477,0.3626037155322796,-0.8662172833028223,0.12770726287846723,-0.9319236826665691,-0.3394246671844428,5.301451683044434,4.771076202392578,-0.825683057308197
0.99,0.48994402492309946,2.132477387624514,0.6492202381609998,1.0794587736424672,-94.57633972167969,82.5956802368164,-347.44866943359375,0.22487054765224457,-0.8002558946609497,7.753887176513672,-0.9114608844356078,-0.0212862981426713,-0.41083567232561646,0.3828370085975612,0.3216557597218894,-0.8660100444485649,0.15058180830342952,-0.9466173808615156,-0.2850274605348645,4.883565425872803,4.887884140014648,-0.8333847522735596
1.0,0.6265148943344709,2.8706278055832146,2.942621215324528,1.8979467295529806,-94.5739974975586,82.58786010742188,-347.37060546875,0.24292638897895813,-0.7629771828651428,7.860884189605713,-0.8898266349559627,-0.04925742443404382,-0.45363230248856007,0.4229225010115971,0.2841966273998082,-0.8604468810523228,0.1713041676698019,-0.9574998606332531,-0.23205365548996937,4.577517509460449,4.980755805969238,-0.8408899903297424
1.01,0.6265148943344709,2.8706278055832146,2.942621215324528,1.8979467295529806,-94.57144927978516,82.5804672241211,-347.29144287109375,0.27097582817077637,-0.7112555503845215,7.969422817230225,-0.8656984237086901,-0.07777969376389385,-0.49448615595007694,0.4632421767973658,0.2498142885955299,-0.850293776791026,0.18966529683715747,-0.9651648255357755,-0.1802330012072394,4.354158401489258,4.918268203735352,-0.8438632488250732
1.02,1.2969115454354139,1.0898919597337315,0.1325469594607258,1.3528250043285737,-94.56855010986328,82.57367706298828,-347.2112121582031,0.309848815202713,-0.6459212899208069,8.077924728393555,-0.8401813895047262,-0.10690310436642791,-0.5316643292592873,0.5019465482334275,0.21782983427964314,-0.8370184143818165,0.2052922196442296,-0.9701143693268972,-0.12935692860848852,4.193592071533203,4.714041709899902,-0.8423211574554443
1.03,0.08379461764462108,2.4777793455091923,1.0265481124320934,3.2949425571061,-94.56527709960938,82.56749725341797,-347.1298828125,0.3414967358112335,-0.5967816710472107,8.18072509765625,-0.8136180137614643,-0.13649219038987506,-0.5651509618194279,0.538839751112199,0.18803938610868376,-0.8211534033864885,0.2183516665935798,-0.9726310046643813,-0.07944481393623305,4.054713249206543,4.645405292510986,-0.8485486507415771
1.04,0.08379461764462108,2.4777793455091923,1.0265481124320934,3.2949425571061,-94.56171417236328,82.56173706054688,-347.04754638671875,0.3724121153354645,-0.5527341365814209,8.280068397521973,-0.7855086572893346,-0.16596133419067727,-0.5961820065023408,0.5748388867725315,0.1611366056065435,-0.8022438834841423,0.22920821010082396,-0.9728781166658298,-0.03117317011670409,3.6518800258636475,4.535861015319824,-0.859533965587616
1.05,0.2552601075650718,2.6338747240385816,3.0978257840184247,1.9158743111294347,-94.55778503417969,82.55647277832031,-346.96429443359375,0.41109785437583923,-0.50156170129776,8.377120018005371,-0.7570319385096065,-0.1929236514359967,-0.62424603226051,0.6084800781701547,0.13988289401023807,-0.7811432457836162,0.23802234883815002,-0.9711916601165408,0.011494380089742628,2.991091012954712,4.280351161956787,-0.867196261882782
1.06,3.8003963935741325,1.8456475054397377,2.512418651885401,1.6400474561361142,-94.55345916748047,82.55172729492188,-346.8800354003906,0.4553968906402588,-0.44704991579055786,8.471325874328613,-0.7289062790206531,-0.21676591357914937,-0.649390618283374,0.639195827945942,0.12425557510778755,-0.7589395533184015,0.2452026303708172,-0.9682835797248809,0.04798519870129418,2.5570759773254395,3.983880043029785,-0.866216778755188
1.07,3.8003963935741325,1.8456475054397377,2.512418651885401,1.6400474561361142,-94.54864501953125,82.54756164550781,-346.79486083984375,0.5100982785224915,-0.384148508310318,8.562140464782715,-0.7011169008696159,-0.23984511605465184,-0.6714978865340648,0.6673991292047171,0.110797231703702,-0.7364118248531738,0.2510248865187884,-0.9644678811404385,0.08239060988184661,2.668921947479248,3.911655902862549,-0.8672173619270325
1.08,2.3297944367210732,0.5469519782590455,1.526876445584458,0.870564264063102,-94.5432357788086,82.54405975341797,-346.70880126953125,0.5724550485610962,-0.31678128242492676,8.649116516113281,-0.6717673690389279,-0.2654436082796922,-0.6915694417178754,0.6953462549249052,0.09590494456407597,-0.7122470269296108,0.25538634978484087,-0.9593445327053354,0.12014940662340404,3.100201368331909,4.063978672027588,-0.8763643503189087
1.09,2.4417542932141227,2.5483298416454385,2.847217641868904,1.1432407785105416,-94.53724670410156,82.54117584228516,-346.6218566894531,0.6228482723236084,-0.26543134450912476,8.73504638671875,-0.6403598907366752,-0.2945535491712151,-0.7093499961276899,0.7234498349331252,0.07890451534404205,-0.6858530555400009,0.2579913693729833,-0.9523719253154002,0.16256742970254065,3.5476551055908203,4.173969745635986,-0.8878391981124878
1.1,2.4417542932141227,2.5483298416454385,2.847217641868904,1.1432407785105416,-94.5307846069336,82.53874206542969,-346.5340881347656,0.6730197668075562,-0.21763728559017181,8.817657470703125,-0.6074006858653878,-0.32693960509687764,-0.7239992413182171,0.7511133248400743,0.06036549280217976,-0.6574076212871576,0.25863715908187945,-0.9431153173911702,0.2089026520755705,3.910478353500366,4.25526762008667,-0.8949716091156006
1.11,3.133778893676969,2.147819356631903,0.37831856764517957,2.8051284348350944,-94.52375030517578,82.5368423461914,-346.4455261230469,0.7336673736572266,-0.16331249475479126,8.893715858459473,-0.57287788058243,-0.3618899251148566,-0.7354227464797007,0.7783103377055012,0.04113971448558232,-0.6265305596000832,0.256990179112221,-0.9313126252727426,0.25809463738609584,4.21162223815918,4.358341693878174,-0.8978307843208313
1.12,1.5663625291126844,2.2401674219208085,1.5105167757041769,0.2485199890535186,-94.51610565185547,82.53546905517578,-346.3562316894531,0.7947258353233337,-0.11196078360080719,8.965307235717773,-0.5366289001477249,-0.3985674152274108,-0.7437563035330749,0.8050761644448665,0.022177923823272216,-0.5927567031570634,0.25274847767886754,-0.9168708498004664,0.3089758110551458,4.273547649383545,4.538099765777588,-0.9107967019081116
1.13,1.5663625291126844,2.2401674219208085,1.5105167757041769,0.2485199890535186,-94.50789642333984,82.53455352783203,-346.2662048339844,0.8449376225471497,-0.07234702259302139,9.03713607788086,-0.4979826017997596,-0.43510838019378173,-0.7501293393741414,0.8317072501415245,0.005258922400381644,-0.5551895116059116,0.24551248108144308,-0.900362727582795,0.359263942544898,4.276419162750244,4.784487247467041,-0.9231594204902649
1.14,2.5821763673520604,3.4656102184915154,1.4802502229728947,1.464402609810541,-94.49923706054688,82.53398895263672,-346.1755065917969,0.885945737361908,-0.042319271713495255,9.109456062316895,-0.4568433421900773,-0.47212546431600233,-0.753917572842681,0.8579794101525392,-0.010084969908989772,-0.5135850709826326,0.23487335406746546,-0.8814736747778313,0.4096811787509467,4.3957390785217285,5.036454677581787,-0.9280214905738831
1.15,0.45616524356803884,3.3669681204555593,3.2821864236312788,3.343450422098741,-94.49015045166016,82.53372955322266,-346.0841064453125,0.9375756978988647,-0.007795101031661034,9.172012329101562,-0.41313707895127655,-0.5095792248135892,-0.7547494734241212,0.8835935775091078,-0.02371332395654746,-0.4676537908021148,0.2204090374287383,-0.8600969084384116,0.4600577836689906,4.422568321228027,5.360714912414551,-0.934617817401886
1.16,0.45616524356803884,3.3669681204555593,3.2821864236312788,3.343450422098741,-94.48045349121094,82.53385162353516,-345.99212646484375,1.004990816116333,0.033023327589035034,9.220195770263672,-0.36732200808903803,-0.5459331367603618,-0.7530149749908224,0.9078683654446947,-0.034521711736614724,-0.4178316436599225,0.2021127739610119,-0.8371172328926015,0.5083160089904888,4.190315246582031,5.347156047821045,-0.9395176768302917
1.17,2.9163732312407182,3.093897700500683,3.3160453021341314,1.490621706216434,-94.47003936767578,82.53438568115234,-345.8997497558594,1.0781927108764648,0.07268334925174713,9.258967399597168,-0.32322862892853044,-0.5791847977170617,-0.7483770597328789,0.9285593485819577,-0.041614944181602165,-0.36884377801694423,0.1824850393923652,-0.814133383736479,0.5512585998274842,3.7928109169006348,4.969008922576904,-0.9397390484809875
1.18,1.2546537164484124,1.779686287145019,0.9130108186889851,3.3855647206872788,-94.4588623046875,82.5353012084961,-345.8070068359375,1.152801513671875,0.10854358971118927,9.291160583496094,-0.2815155262271266,-0.6095912927642135,-0.7410448463346322,0.9457200428007402,-0.045587040942225876,-0.3217692066421175,0.1623656648988014,-0.7914039913243972,0.5893361633039189,3.7223167419433594,4.8179707527160645,-0.9396294951438904
1.19,1.2546537164484124,1.779686287145019,0.9130108186889851,3.3855647206872788,-94.44699096679688,82.53652954101562,-345.7138977050781,1.2158528566360474,0.13531652092933655,9.327299118041992,-0.24027720292692495,-0.6394407689463485,-0.7303303148322104,0.9604788709059949,-0.04769499225654339,-0.2742362599234338,0.14052474620777,-0.7673595576540053,0.6256293671018737,3.6214120388031006,4.74585485458374,-0.9484962821006775
1.2,2.2002456946722044,0.2546219612056438,2.6258366777416504,2.5720140584841884,-94.43457794189453,82.53797912597656,-345.6203918457031,1.2670704126358032,0.15401241183280945,9.368593215942383,-0.20033388311927702,-0.6664343807539562,-0.7181445198728755,0.972609760799284,-0.04708461193783342,-0.22762533364417809,0.11788379223757445,-0.7440754366781333,0.6576132267981947,3.2353837490081787,4.552834987640381,-0.9636512398719788
1.21,2.607633172633147,2.353653679861131,2.5034539746180764,1.169967996325875,-94.42166137695312,82.53960418701172,-345.5265197753906,1.3167974948883057,0.16918836534023285,9.40705680847168,-0.16231664826446734,-0.6906185696315533,-0.7047689670922357,0.9821207791956111,-0.044053910932883855,-0.18302466501464593,0.09535240305516707,-0.7218761972884167,0.6854215308990665,3.1896798610687256,4.243382930755615,-0.9785703420639038
1.22,2.607633172633147,2.353653679861131,2.5034539746180764,1.169967996325875,-94.40823364257812,82.5413589477539,-345.4322814941406,1.3692067861557007,0.18211756646633148,9.438691139221191,-0.12660046460487628,-0.7151623531556062,-0.6873973603315375,0.9892314094358072,-0.039718530490733706,-0.1408675154934711,0.07344073084791658,-0.6978289525124283,0.7124894470010985,3.459282159805298,4.112292766571045,-0.9876768589019775
1.23,1.7009664610491548,2.012101148967516,3.1548640577568055,2.693690351406491,-94.39427185058594,82.5432357788086,-345.3377380371094,1.4229289293289185,0.19232997298240662,9.464116096496582,-0.09122920528133077,-0.7406266012759378,-0.6656947270229727,0.9945738107927263,-0.03419892790245799,-0.09825155579204353,0.050001669861829356,-0.671045952832424,0.7397277622194891,3.7484724521636963,4.222125053405762,-0.9921396374702454
1.24,1.0319719458246959,1.4493588167730038,3.736206628395222,2.8118315076904756,-94.37976837158203,82.54519653320312,-345.2430114746094,1.4777195453643799,0.19938291609287262,9.482593536376953,-0.05621950593919833,-0.7665478120277823,-0.6397216730949267,0.9981104387236867,-0.027236051708214526,-0.05507948436720583,0.02479756566202118,-0.6416094211923382,0.7666305703365022,3.9312081336975098,4.127915382385254,-0.9971523880958557
1.25,1.0319719458246959,1.4493588167730038,3.736206628395222,2.8118315076904756,-94.3647232055664,82.54720306396484,-345.1481018066406,1.5309432744979858,0.20283041894435883,9.496474266052246,-0.0238209430782641,-0.7918443925637237,-0.6102581590083411,0.9997161615656016,-0.018624374048216596,-0.014856951095448157,0.0003987171961767344,-0.6104388508742705,0.7920632868451221,4.037262439727783,3.685652017593384,-1.0012569427490234
1.26,1.6176440649885193,2.9615645895588396,2.6754095489103458,1.3038742742043588,-94.34915924072266,82.54926300048828,-345.0531311035156,1.5801810026168823,0.20282647013664246,9.50839900970459,0.004409007930972708,-0.8162589615698371,-0.5776693416704717,0.9997717360820343,-0.008478511457939153,0.019610980979367587,-0.020905415101837688,-0.5776239455739254,0.8160352572769335,4.1494140625,3.0892324447631836,-1.0034806728363037
1.27,1.6176440649885193,2.9615645895588396,2.6754095489103458,1.3038742742043588,-94.3331298828125,82.55126953125,-344.9579162597656,1.624901294708252,0.20005494356155396,9.519139289855957,0.028905237454778077,-0.8395723565360813,-0.5424783363307093,0.9988141938882882,0.002990082563438856,0.04859285434662933,-0.03917516222010836,-0.5432396501975119,0.8386632155509821,4.221534729003906,2.791323184967041,-1.0019713640213013
1.28,0.5224028157607398,2.8274064120801494,1.9656063120433833,2.957993194563109,-94.31668090820312,82.55325317382812,-344.8627014160156,1.6652345657348633,0.1949886977672577,9.528586387634277,0.05199034650555778,-0.8613900707494146,-0.5052763104327673,0.9969880794012822,0.015613640174254706,0.07596699133341528,-0.05754800953963854,-0.5077040085077398,0.8596073908146662,4.2585978507995605,2.788029909133911,-0.9978016018867493
1.29,4.155810131484391,2.6480648858757267,3.1665817991453564,3.1616984026978687,-94.29984283447266,82.55516815185547,-344.7674865722656,1.7014172077178955,0.18781718611717224,9.536609649658203,0.07407386754306972,-0.8811342112437097,-0.46702844016519723,0.9943050250397389,0.02927435828851438,0.10247208950499517,-0.07661970587215677,-0.47195922887758124,0.8782846389123193,4.0368428230285645,2.6768343448638916,-0.9958756566047668
1.3,4.155810131484391,2.6480648858757267,3.1665817991453564,3.1616984026978687,-94.28263092041016,82.55699157714844,-344.6721496582031,1.743760347366333,0.17614692449569702,9.52348804473877,0.09464128518971432,-0.8979469123107172,-0.4298073636052417,0.9909508169878266,0.043695522692441424,0.12691406386919193,-0.09518143437035481,-0.43792926822522793,0.8939566267906505,3.944434642791748,2.5757436752319336,-1.0011171102523804
1.31,0.9917694823069125,2.398551018758017,3.0463199058084744,2.0980721741827018,-94.26496124267578,82.55867004394531,-344.57708740234375,1.7907369136810303,0.15936525166034698,9.489585876464844,0.1143361009366951,-0.9134857195992095,-0.3904754744038451,0.9868582196178269,0.05926023956048021,0.1503298984898454,-0.11418454534360858,-0.402532065922143,0.9082564756219051,4.160185813903809,2.585740089416504,-1.0117695331573486
1.32,3.8038758342104937,1.1767804616132433,1.5141995828289818,2.3572348882391223,-94.24685668945312,82.5601806640625,-344.4823303222656,1.8257815837860107,0.1427452117204666,9.469953536987305,0.13309550435948714,-0.9278863736355877,-0.3482993889467678,0.9820603161357945,0.07610496543725898,0.17252701152879407,-0.1335781501240258,-0.3650135776340268,0.9213696141897947,4.268309116363525,2.4558265209198,-1.0159735679626465
1.33,3.8038758342104937,1.1767804616132433,1.5141995828289818,2.3572348882391223,-94.22848510742188,82.56153106689453,-344.3877258300781,1.8500545024871826,0.12703058123588562,9.464550018310547,0.15042080958498705,-0.9405321551595235,-0.30458635090033026,0.9768334375645918,0.09396088230576138,0.19227009089316416,-0.15221700069157787,-0.32645155491635336,0.9328769302502637,4.412169456481934,2.3815555572509766,-1.0243245363235474
1.34,1.4957574680591053,2.3503049938985425,1.4618822222652637,1.4789007327874737,-94.20988464355469,82.5627212524414,-344.2931213378906,1.8698625564575195,0.10992982983589172,9.458537101745605,0.1670062625656264,-0.9516886940768532,-0.25767719695416247,0.9708793567771108,0.11320793962202852,0.2111332209544443,-0.17176199477161444,-0.2854340413700306,0.9428813420464142,4.697012424468994,2.4676880836486816,-1.04246187210083
1.35,3.721926916466753,3.930433866587923,1.2111254228882409,4.136786742105912,-94.19111633300781,82.56373596191406,-344.1985168457031,1.8831064701080322,0.09340023994445801,9.460000038146973,0.18289734219389092,-0.9609767548918059,-0.20753852359507774,0.9640384381768122,0.1339017055700687,0.229565291285593,-0.1928171463745465,-0.2420619957842216,0.9509087959741124,4.800027370452881,2.5593199729919434,-1.0541903972625732
1.36,3.721926916466753,3.930433866587923,1.2111254228882409,4.136786742105912,-94.17223358154297,82.56456756591797,-344.10394287109375,1.89585542678833,0.07078249007463455,9.441265106201172,0.1978995927318497,-0.967545810106134,-0.15713324454943395,0.956219802746231,0.15529972230573558,0.24804371608190373,-0.2155909089746752,-0.19934167050023838,0.9559202154833044,4.546038627624512,2.7373199462890625,-1.0654444694519043
1.37,2.2091511699121775,3.9723388526910646,4.166099096576802,1.5115660232700936,-94.15320587158203,82.56512451171875,-344.009765625,1.9075448513031006,0.040081534534692764,9.397516250610352,0.2121121909101749,-0.9711196953114583,-0.10924722351376451,0.9470320138818502,0.17668322884481386,0.2681667416512694,-0.24111985225230423,-0.16034205319613462,0.9571581075384961,4.108650207519531,3.006408214569092,-1.0820186138153076
1.38,3.7833290714261723,2.9129757183912615,0.16612481648761435,4.153187208920028,-94.13409423828125,82.56536102294922,-343.9159851074219,1.9134025573730469,0.00748392753303051,9.35525131225586,0.2253469180904596,-0.9721908480995037,-0.06374732448267027,0.9363262038344514,0.19802034650108824,0.2899675540203659,-0.2692805349818226,-0.12503158498217998,0.9549110410068296,3.9557812213897705,3.1672654151916504,-1.0856075286865234
1.39,3.7833290714261723,2.9129757183912615,0.16612481648761435,4.153187208920028,-94.11494445800781,82.56526947021484,-343.8226318359375,1.9134129285812378,-0.025149529799818993,9.321221351623535,0.2372332454764426,-0.9712814069648021,-0.01824323779344658,0.9243101569314176,0.21990194861527684,0.31191964796822597,-0.29895003099871353,-0.09086012040316949,0.9499333226528005,3.7803308963775635,3.3442883491516113,-1.0945297479629517
1.4,4.141892198035363,3.417517256276937,3.2533160119098428,2.4008565307573253,-94.0958251953125,82.56484985351562,-343.72955322265625,1.908430814743042,-0.05882465839385986,9.291943550109863,0.24782612738400073,-0.9684840918143024,0.024915346445011255,0.9104807778148037,0.24161799935189837,0.3356270186068697,-0.33106942446501925,-0.06049220025599933,0.9416654023020008,3.3629374504089355,3.627964496612549,-1.118139624595642
1.41,2.1790620554218334,0.20557474662584455,2.4591273107221037,1.6121252742004468,-94.0767822265625,82.56407928466797,-343.6368408203125,1.8986055850982666,-0.09830015152692795,9.255038261413574,0.2570041054171809,-0.964158324559889,0.06593644652680891,0.8945041545343297,0.2631527794473928,0.3614041120268779,-0.3658021423113031,-0.03390191515209712,0.9300749716176011,3.2736215591430664,3.8965704441070557,-1.1341240406036377
1.42,2.1790620554218334,0.20557474662584455,2.4591273107221037,1.6121252742004468,-94.057861328125,82.56291198730469,-343.54437255859375,1.8860950469970703,-0.13245490193367004,9.240155220031738,0.26452370503783423,-0.9581932951736033,0.1090542000906368,0.8766512097962641,0.2860424670243145,0.3868622021099897,-0.4018829006511765,-0.006731726598409371,0.9156663246080423,3.6099209785461426,3.888291120529175,-1.1445038318634033
1.43,0.7788857048296208,2.62045926437951,2.848097815885716,2.4527615035038437,-94.0390625,82.56144714355469,-343.451904296875,1.8727726936340332,-0.158070370554924,9.252246856689453,0.27052908510909635,-0.9500212125020046,0.1558002243459759,0.8582143393092373,0.3113142602671686,0.4081073132869774,-0.4362134361915561,0.023305088511455296,0.8995413892286606,4.078701496124268,3.6417417526245117,-1.1564855575561523
1.44,0.5716937907105316,1.2220329336398594,1.3642013476107846,2.9842143628354614,-94.02041625976562,82.55972290039062,-343.35943603515625,1.8551950454711914,-0.18764588236808777,9.260031700134277,0.2751977512675092,-0.9392481535628961,0.2051319178626187,0.8398865512993784,0.3387098893349971,0.4241063449338037,-0.46782131059170723,0.055574426630996765,0.8820740923873079,4.237414360046387,3.3433384895324707,-1.162327766418457
1.45,0.5716937907105316,1.2220329336398594,1.3642013476107846,2.9842143628354614,-94.00196838378906,82.55769348144531,-343.26678466796875,1.8349601030349731,-0.21701067686080933,9.271878242492676,0.2788080027845907,-0.9265158863455515,0.2526547247382978,0.8221435449784097,0.3662467305933559,0.4358248774221268,-0.4963326395005689,0.08620698741398619,0.8638415747620645,4.029561519622803,2.982259511947632,-1.1675660610198975
1.46,2.0178977091059065,3.9391711939570224,0.15342535577546465,3.9548716534072694,-93.98372650146484,82.55538940429688,-343.1739807128906,1.81413733959198,-0.2428324669599533,9.293785095214844,0.2819570142016161,-0.9125904994371103,0.2961061000378676,0.8054539745284071,0.3928405267348142,0.4437569328710328,-0.5212908373057235,0.11337945533402308,0.8458137868640228,3.71743106842041,2.5797789096832275,-1.1764391660690308
1.47,3.4942255746895996,0.2748171398002784,3.2335082502749115,3.9763484440946804,-93.96571350097656,82.55281066894531,-343.0809020996094,1.7856712341308594,-0.276477187871933,9.303262710571289,0.28482663914030526,-0.8983189652984405,0.3345098238036933,0.789594368180287,0.41773162631196126,0.4494897352740521,-0.5435204866185007,0.1361004223502026,0.8282886910142411,3.124565601348877,2.4780657291412354,-1.1865569353103638
1.48,3.4942255746895996,0.2748171398002784,3.2335082502749115,3.9763484440946804,-93.94805145263672,82.54983520507812,-342.9878234863281,1.747520923614502,-0.31989526748657227,9.297623634338379,0.28689761852403195,-0.8846519980153963,0.36753312625205165,0.7734187466554351,0.44028728361855796,0.456037882423958,-0.565254985654417,0.15342082743603952,0.8105238126678735,2.9108617305755615,2.299227714538574,-1.2015897035598755
1.49,2.074792706482251,2.8844997853347785,3.598145918718118,1.2311522713360135,-93.9307861328125,82.54640197753906,-342.8948669433594,1.7040992975234985,-0.3665885627269745,9.289440155029297,0.2895956605450799,-0.8693999767973724,0.400347391321821,0.7584885983444678,0.46357092653450205,0.45803607090859966,-0.5838059605510236,0.1710136731863032,0.7936780984810057,3.2406249046325684,1.819764256477356,-1.2201306819915771
1.5,2.074792706482251,2.8844997853347785,3.598145918718118,1.2311522713360135,-93.91397094726562,82.54251098632812,-342.8020935058594,1.6593881845474243,-0.4110982418060303,9.2872896194458,0.29329942658343033,-0.8515661505636212,0.43452334526477066,0.7451698499422994,0.48837021370425476,0.4541105912698268,-0.5989134671242601,0.1906033199624723,0.7778001242713203,3.571300745010376,1.5394532680511475,-1.2251274585723877
1.51,2.5291284180251736,1.6021392698753942,3.820526415781913,0.7204497319073333,-93.8976058959961,82.53819274902344,-342.7093200683594,1.6136395931243896,-0.4527808725833893,9.2912015914917,0.29678380239639357,-0.8311765000845899,0.47017549951296994,0.7322732410089154,0.5141093376618554,0.4466178337585588,-0.612939862578245,0.21174799795044275,0.7612276336461664,3.8452436923980713,1.4780007600784302,-1.2174440622329712
1.52,3.1741201388830613,3.7365852137475466,1.937665768795548,3.9906823775968783,-93.88169860839844,82.53346252441406,-342.6163024902344,1.5675294399261475,-0.4910338521003723,9.301729202270508,0.29965740423856807,-0.807792774502504,0.507618236026396,0.7194795413987733,0.5407592854884513,0.435807967649319,-0.6265418019522829,0.23462785132964498,0.7432328987516766,4.299341201782227,1.4067432880401611,-1.210072636604309
1.53,3.1741201388830613,3.7365852137475466,1.937665768795548,3.9906823775968783,-93.86629486083984,82.5283432006836,-342.5232238769531,1.5106698274612427,-0.5342851281166077,9.304084777832031,0.3019542162355348,-0.7807434007713135,0.5470497175299774,0.7068275736672621,0.5684077767296412,0.4210788292670597,-0.6397018308565602,0.25952329665236346,0.723484088348496,4.419571876525879,1.3961772918701172,-1.2114508152008057
1.54,3.6396996848978396,0.9180794113314408,0.997585888925123,2.0419673318846443,-93.85153198242188,82.52275848388672,-342.4301452636719,1.4406108856201172,-0.5831232666969299,9.2969970703125,0.3031705831525202,-0.7529243670018745,0.584116850540872,0.6938384878460709,0.594575127976639,0.4062863152692212,-0.6532042179092528,0.28210869317762954,0.7026655925397027,4.093390941619873,1.4717786312103271,-1.2195587158203125
1.55,3.0067092080551214,1.9223524552761275,3.215500572921122,3.701608699133021,-93.83745574951172,82.51671600341797,-342.3370666503906,1.3795723915100098,-0.6215124726295471,9.30836296081543,0.3030304273538208,-0.7250877491861202,0.6184014198544232,0.6802965859082334,0.6190161734823996,0.39244812672353185,-0.667359809472643,0.3017726510925299,0.6808554558445015,4.034186840057373,1.5987707376480103,-1.2329682111740112
1.56,3.0067092080551214,1.9223524552761275,3.215500572921122,3.701608699133021,-93.8239517211914,82.51033782958984,-342.24395751953125,1.316778540611267,-0.6574342250823975,9.324612617492676,0.3016902839953739,-0.6951637253131359,0.6524801664047374,0.6663144953398584,0.6432223897234925,0.37721340201322284,-0.6819149256635907,0.32095537441700916,0.6572516122384616,4.189824104309082,1.5188590288162231,-1.2465935945510864
1.57,1.30477373039051,3.7780895473354343,1.4437870167549616,3.5868693504407423,-93.81117248535156,82.5035629272461,-342.15057373046875,1.2410837411880493,-0.6974437236785889,9.334182739257812,0.30100575273982666,-0.6629531048856241,0.6854842941600059,0.6530492822295062,0.6671229332661824,0.3584321789262956,-0.6949260189380289,0.3397648784569057,0.6337488899951675,4.307607173919678,1.2179368734359741,-1.2565205097198486
1.58,2.9637731604968627,0.13267062504747223,0.8260299005562901,3.4968124411102712,-93.79915618896484,82.49639892578125,-342.05718994140625,1.1661760807037354,-0.7332223653793335,9.350873947143555,0.30144015569139937,-0.6295155025060084,0.7161313180146176,0.640672339102023,0.6899793524513953,0.3368492943443644,-0.7061676758718767,0.35726562288493646,0.6113006529183092,4.018835544586182,1.0265531539916992,-1.2617090940475464
1.59,2.9637731604968627,0.13267062504747223,0.8260299005562901,3.4968124411102712,-93.78782653808594,82.4889144897461,-341.9635314941406,1.1025663614273071,-0.7603442668914795,9.382450103759766,0.30218414013105094,-0.5978275367654581,0.7424870246261561,0.6286558345375045,0.7104941571345563,0.31621178722433824,-0.7165728065976347,0.3712146130779354,0.5905278349766314,3.722592353820801,0.8782191872596741,-1.27411687374115
1.6,1.5388922862220815,2.175447205207879,0.22152268873047634,3.2870718307796216,-93.77708435058594,82.481201171875,-341.8694763183594,1.0462727546691895,-0.7817907929420471,9.423784255981445,0.30382308169680505,-0.56594040720713,0.7664222012171128,0.6170332222295843,0.7298276088659901,0.2943155857271714,-0.7259211649299345,0.3834880921582564,0.570942506282014,3.71159291267395,0.6666615605354309,-1.2960107326507568
1.61,1.7761845863065386,0.041509228528030524,1.2094225735682054,1.9546481084115117,-93.76689910888672,82.47328186035156,-341.7750244140625,0.9904632568359375,-0.8008643984794617,9.468607902526855,0.3064175870257132,-0.5337756232711707,0.7881572472310414,0.6057159295762528,0.7480611871440114,0.271132205660391,-0.7343136080850712,0.39431972343539423,0.5525355017470993,3.443453788757324,0.5447711944580078,-1.3129907846450806
1.62,1.7761845863065386,0.041509228528030524,1.2094225735682054,1.9546481084115117,-93.75724792480469,82.46519470214844,-341.6800842285156,0.9424000382423401,-0.8153852820396423,9.5214262008667,0.30932979646582326,-0.5033813932054528,0.8067975272600615,0.594455726372522,0.7645675753503376,0.24911606151716323,-0.742251619332238,0.4025463894974629,0.5357414842078475,3.2638325691223145,0.41013264656066895,-1.32450270652771
1.63,3.396442703066897,3.045247354612288,1.9919866938613098,2.500338237812188,-93.74803161621094,82.45698547363281,-341.5845947265625,0.9012483358383179,-0.8262255191802979,9.580836296081543,0.3133605775637556,-0.4722233750177734,0.8238994067941384,0.5834623950688141,0.7802637234983649,0.22530014499114395,-0.7492508137930002,0.4101141376242604,0.520028472442843,3.377352714538574,0.18861380219459534,-1.3350409269332886
1.64,2.211003814669949,0.44678022696240055,1.9016092137746625,0.44775768099546936,-93.73931121826172,82.44866180419922,-341.4885559082031,0.8377186059951782,-0.8414235711097717,9.628064155578613,0.3182399235144978,-0.4395119633515811,0.8399717764022344,0.5725998019165955,0.7952710867878281,0.19918173953548685,-0.7555480248975325,0.41758009122819223,0.5047514729877393,3.4423089027404785,0.17980143427848816,-1.3421043157577515
1.65,2.211003814669949,0.44678022696240055,1.9016092137746625,0.44775768099546936,-93.73128509521484,82.44017028808594,-341.39202880859375,0.7749623656272888,-0.8545066118240356,9.677850723266602,0.32191712111616316,-0.4053146181304783,0.8556222457732302,0.5613785603446558,0.8094395308880129,0.1722258918431116,-0.7623801408206033,0.42488552124723916,0.4881073803138186,3.690333604812622,0.2655697166919708,-1.3453761339187622
1.66,1.8816408097903006,0.8211879119087133,2.0033451142311827,2.8782242237784055,-93.72376251220703,82.43158721923828,-341.2949523925781,0.7298886775970459,-0.8619329333305359,9.739969253540039,0.32478648080827155,-0.36707325237216487,0.8716484206818133,0.549962223801884,0.8230815287632265,0.1416980924348542,-0.7694512942838324,0.4333520790324087,0.46920217531808645,4.167760848999023,0.2703491449356079,-1.347393274307251
1.67,0.19794060805928188,1.9933368407131837,3.584205094001139,0.5168957363992271,-93.71671295166016,82.42293548583984,-341.197265625,0.6763155460357666,-0.8688430190086365,9.799562454223633,0.32762962458614386,-0.3244608711014929,0.8873465908074494,0.5385040944247466,0.8358279230144714,0.10679430414164867,-0.7763196309390394,0.4428507945497847,0.4485654962046215,4.4446892738342285,0.08776334673166275,-1.3522742986679077
1.68,0.19794060805928188,1.9933368407131837,3.584205094001139,0.5168957363992271,-93.71025085449219,82.41422271728516,-341.0989685058594,0.6178238391876221,-0.8741704821586609,9.858816146850586,0.3323829657138007,-0.27967518563811133,0.9007237948680974,0.5271861929276197,0.8469884341974363,0.06844932667497675,-0.7820462148043305,0.45209775809448904,0.4289654240567134,4.590150356292725,-0.23898056149482727,-1.3463432788848877
1.69,0.9735584928100122,3.0259832814039145,2.2270192874584644,3.6922899892027234,-93.704345703125,82.40544891357422,-341.00006103515625,0.5622604489326477,-0.8767349720001221,9.921521186828613,0.3394902666718569,-0.23273526142080816,0.911361979087596,0.5159761578893609,0.8561947493444394,0.02644155223783587,-0.7864572228194011,0.4612644027956211,0.410755629771272,4.7790937423706055,-0.5724480152130127,-1.3278636932373047
1.7,3.8527143348596944,0.20938035333449173,3.375935084802167,0.8211024627828325,-93.69905090332031,82.39667510986328,-340.9005432128906,0.4914339780807495,-0.8768094778060913,9.979249000549316,0.3490213936884469,-0.1846932342434122,0.9187341704609022,0.5046423353946266,0.863136774632241,-0.01819399914556763,-0.7896329400900339,0.4699822523267871,0.394457225086078,4.604745864868164,-0.9075350165367126,-1.3151062726974487
1.71,3.8527143348596944,0.20938035333449173,3.375935084802167,0.8211024627828325,-93.69451141357422,82.38790130615234,-340.80047607421875,0.4130844473838806,-0.8734145164489746,10.035465240478516,0.3606516028255321,-0.13763858613000995,0.9224890465406659,0.4928507744480847,0.8678154799187378,-0.06320132070878234,-0.7918513342195606,0.47744309862175516,0.3808143275576159,4.829736709594727,-1.1181694269180298,-1.3122987747192383
1.72,0.9027099117976585,0.12431043552559849,3.4102415330718694,2.2372627688532334,-93.69073486328125,82.37920379638672,-340.6998291015625,0.33912643790245056,-0.8664657473564148,10.095126152038574,0.37294446871787934,-0.08437940285328921,0.92400894997119,0.4804072814545434,0.8695400200458545,-0.1144945302803157,-0.7938017807854766,0.48660072946182203,0.3648266203404418,5.695079326629639,-1.222731590270996,-1.3127727508544922
1.73,3.9070428226490646,4.164422993775118,3.8264863190677167,2.0786682132335526,-93.68769073486328,82.37059020996094,-340.5985412597656,0.2725655138492584,-0.8563941717147827,10.15941333770752,0.3863600765126403,-0.023436754666862764,0.9220502208707679,0.4670164428200073,0.8670297106707245,-0.17365230476439508,-0.7953750897613612,0.49770493200783616,0.345931015149237,6.322900772094727,-1.6304477453231812,-1.309829831123352
1.74,3.9070428226490646,4.164422993775118,3.8264863190677167,2.0786682132335526,-93.68536376953125,82.36210632324219,-340.49664306640625,0.1817738264799118,-0.8364285826683044,10.216480255126953,0.40291820291427605,0.04128670870714349,0.9143042871191525,0.4519989569636935,0.8596796050616073,-0.23800823419548298,-0.795835325091858,0.5091624341261345,0.3277190122813847,6.620736598968506,-1.8612127304077148,-1.2993862628936768
1.75,3.283113119333954,0.2645878452116003,3.005349897561246,2.4433668001590934,-93.68412780761719,82.35391235351562,-340.39422607421875,0.06438332796096802,-0.8026303648948669,10.266080856323242,0.41822760110038,0.10777908109920264,0.9019253535383251,0.43612319263616717,0.8471736242216408,-0.30346896261068707,-0.7967949764667559,0.5202696609457267,0.30730643562535503,6.845981597900391,-1.7004854679107666,-1.2854881286621094
1.76,3.283113119333954,0.2645878452116003,3.005349897561246,2.4433668001590934,-93.68401336669922,82.3460693359375,-340.2912902832031,-0.03443920239806175,-0.7668077945709229,10.324522972106934,0.4315078716934605,0.17586181073141793,0.8848014354604353,0.41969351454164217,0.829067894627538,-0.3694641795215684,-0.7985351028716673,0.5307721258922027,0.2839412612805812,7.222495079040527,-1.7671680450439453,-1.2798657417297363
1.77,2.0519213623151193,2.943419603933515,3.7969869769732654,1.3607467605505341,-93.68473815917969,82.33857727050781,-340.1877136230469,-0.11286664009094238,-0.7315676212310791,10.391902923583984,0.44558863681773986,0.24678623665925875,0.8605505912696061,0.4014513020203077,0.8041036664311548,-0.4384679529203631,-0.8001797415862939,0.5408454927495785,0.2592268005576537,7.743200302124023,-2.0918824672698975,-1.2808475494384766
1.78,1.976144429900429,1.5851310003168877,1.2212674231537124,2.5770968321038388,-93.68623352050781,82.33145904541016,-340.08343505859375,-0.19091175496578217,-0.6889176964759827,10.461398124694824,0.46083452637637473,0.31981313705966763,0.8278593459420004,0.3807771851154721,0.7713414872492501,-0.509942198041751,-0.8016484732069288,0.5502289227332285,0.23368324285842773,8.124924659729004,-2.338031053543091,-1.27000892162323
1.79,1.976144429900429,1.5851310003168877,1.2212674231537124,2.5770968321038388,-93.68851470947266,82.32479858398438,-339.97845458984375,-0.25903376936912537,-0.644375205039978,10.535501480102539,0.4758401845295007,0.3918659592688688,0.7874117021947413,0.35811254578860907,0.7313722089414113,-0.5803878845539093,-0.8033252911092319,0.5581538873415196,0.20768417058075972,8.171356201171875,-2.484870672225952,-1.2576613426208496
1.8,1.3642166208804536,0.8360166676268597,1.0424588710251064,1.3749921887560053,-93.69139099121094,82.31857299804688,-339.8727111816406,-0.31477972865104675,-0.6007592678070068,10.614433288574219,0.4900027638501753,0.4598567329967046,0.740559974976225,0.33353337657582605,0.6859927591548045,-0.6466602052833519,-0.805389829914134,0.5638667568714937,0.18276077906954286,8.018567085266113,-2.62018084526062,-1.2524422407150269
1.81,1.9692827734507763,3.944589924416794,2.348052486894805,1.9285195816431875,-93.69477844238281,82.31277465820312,-339.76617431640625,-0.35681408643722534,-0.5620580315589905,10.697877883911133,0.5030495991842813,0.5229515574637094,0.6880863094894525,0.307060162549778,0.6360693148294204,-0.7079052784852897,-0.8078707553411237,0.5673953606425701,0.1593968236378942,7.925558567047119,-2.7506017684936523,-1.2462186813354492
1.82,1.9692827734507763,3.944589924416794,2.348052486894805,1.9285195816431875,-93.69856262207031,82.3073959350586,-339.65875244140625,-0.4045749008655548,-0.5096195340156555,10.780936241149902,0.5144812785240677,0.5811899062478638,0.6304976660732693,0.2790921116041199,0.5817466678199016,-0.7639884866415164,-0.8108123132319798,0.569024698370853,0.1370922512593823,7.776532173156738,-2.750332832336426,-1.2320462465286255
1.83,2.187577647138357,3.296611554714584,2.60739271824191,1.3503504294962647,-93.70288848876953,82.30264282226562,-339.550537109375,-0.46189042925834656,-0.4362524151802063,10.862832069396973,0.5232242990217225,0.6334739933887451,0.5700412551853973,0.2510814714382549,0.524625877780473,-0.8134652930909032,-0.8143675015701621,0.5687516048884471,0.11544342477243041,7.515511989593506,-2.627490758895874,-1.2124814987182617
1.84,2.6216722240681967,3.1441963376649666,3.256311944016027,2.0949348329015405,-93.70777130126953,82.29863739013672,-339.4414978027344,-0.5133333802223206,-0.3588189482688904,10.946951866149902,0.5291246305700339,0.6798232165672758,0.5078065768973934,0.22375130443180155,0.46548261093497867,-0.8563067748664743,-0.8185123573222293,0.56671538988568,0.09418698305779433,7.370946407318115,-2.49159574508667,-1.1929951906204224
1.85,2.6216722240681967,3.1441963376649666,3.256311944016027,2.0949348329015405,-93.71314239501953,82.29546356201172,-339.33160400390625,-0.5611861348152161,-0.273230642080307,11.03281307220459,0.5324886324097623,0.7211617863947457,0.44314956188438204,0.19715337534920535,0.40347555729032514,-0.8934976336049674,-0.823156366034301,0.5631457648896956,0.07266666735170513,7.384383201599121,-2.434884786605835,-1.175279974937439
1.86,3.6236154673889422,2.0071798728127597,1.547019733718447,3.043793076649319,-93.71897888183594,82.29319763183594,-339.2208251953125,-0.6055022478103638,-0.17808562517166138,11.120424270629883,0.5338463898588786,0.757748199803762,0.3752675015622867,0.17061723581623411,0.33814209329694134,-0.9254996939941098,-0.8281894655675538,0.5581017742624739,0.05123103247065092,7.449692726135254,-2.4491360187530518,-1.15877103805542
1.87,4.087930407604296,2.5532644212340982,3.7240963349972884,1.4452048499525965,-93.72522735595703,82.29190063476562,-339.1091613769531,-0.6414973735809326,-0.08276555687189102,11.210457801818848,0.5332374178872314,0.7893120515507164,0.3043753298836106,0.14413014278629632,0.26977052450770955,-0.9520768698205185,-0.8335972397419268,0.5515526714500022,0.030088079217625907,7.48266077041626,-2.4299826622009277,-1.1515337228775024
1.88,4.087930407604296,2.5532644212340982,3.7240963349972884,1.4452048499525965,-93.7317886352539,82.29157257080078,-338.9966125488281,-0.6710709929466248,0.018567107617855072,11.302594184875488,0.5304222910247928,0.8157093318478175,0.23080398419524084,0.11839928079391909,0.19830830218298554,-0.9729621922730524,-0.8394246860150661,0.543407860839065,0.008607745745466189,7.762553691864014,-2.343291997909546,-1.1455512046813965
1.89,0.6727786658127186,2.7916170712250983,2.337687346162313,0.7801616535274172,-93.73861694335938,82.29230499267578,-338.88311767578125,-0.6940886378288269,0.1280190348625183,11.396977424621582,0.5253953034550187,0.8371046209137644,0.1523667573725705,0.09414763708675855,0.1207791988303682,-0.988204739697637,-0.8456334888936157,0.5335430992663268,-0.015354598232902361,8.300948143005371,-2.2278130054473877,-1.1337735652923584
1.9,1.1527981709870094,1.4929108266165332,2.343623152442305,3.1981398855427403,-93.74562072753906,82.29407501220703,-338.7686462402344,-0.7055150866508484,0.21589842438697815,11.493356704711914,0.5183218380401688,0.8523767540370859,0.06925562351074388,0.07144652046524719,0.03753904001412878,-0.9967377865759011,-0.8521959087698496,0.5215790349046043,-0.04144204898302484,8.54220199584961,-2.1891932487487793,-1.1154279708862305
1.91,1.1527981709870094,1.4929108266165332,2.343623152442305,3.1981398855427403,-93.75271606445312,82.29659271240234,-338.6532287597656,-0.7084726095199585,0.28953975439071655,11.591221809387207,0.5094382166737417,0.860371015132773,-0.01531077110008866,0.04876367007081528,-0.04662867468057191,-0.9977213394424105,-0.8591244426004316,0.5075307705124241,-0.06570927719555758,8.429191589355469,-2.443652629852295,-1.0994313955307007
1.92,4.064247190495837,1.6594875589755544,3.6365244325568735,3.4153344705372892,-93.75980377197266,82.29987335205078,-338.53680419921875,-0.7050430774688721,0.3668222725391388,11.690791130065918,0.4984348325728901,0.8610790974875908,-0.1005261436044918,0.023132277757011155,-0.12912561688126678,-0.9913583977506846,-0.8666184947275284,0.4918021583268908,-0.08427942608492478,8.225025177001953,-2.9122395515441895,-1.0886774063110352
1.93,1.0455872243323239,3.454959400844254,3.2119785243324706,1.23935427433391,-93.76679229736328,82.30400848388672,-338.41937255859375,-0.6919543743133545,0.46475398540496826,11.79338264465332,0.48462473059102384,0.8546329707131548,-0.18639033201747712,-0.005798264928952912,-0.20994184936752652,-0.977696680984423,-0.8747029499340855,0.47489673114704695,-0.09678762380830586,8.296144485473633,-3.300896644592285,-1.0802605152130127
1.94,1.0455872243323239,3.454959400844254,3.2119785243324706,1.23935427433391,-93.77360534667969,82.30917358398438,-338.3009033203125,-0.6703378558158875,0.5631651282310486,11.89702320098877,0.46764836625023365,0.8404565165239046,-0.27374778423941876,-0.03618017008963015,-0.2912392592994711,-0.9559658409875226,-0.8831738225489778,0.456960105124287,-0.10578970407855293,8.399931907653809,-3.4996049404144287,-1.0607216358184814
1.95,3.640256828113334,2.139473886685942,1.335890621384056,1.219797959343069,-93.78018188476562,82.31523132324219,-338.1814270019531,-0.6437970399856567,0.646148681640625,11.999855995178223,0.44771514928997524,0.8187423361101465,-0.35946089099810985,-0.066153813403729,-0.37057162902297247,-0.9264450014627985,-0.8917257527224385,0.4385631708478954,-0.11174760448188562,8.323261260986328,-3.594785213470459,-1.0293018817901611
1.96,0.43800094205595663,0.40127594200208083,2.4378065487906238,1.496914100310764,-93.78646087646484,82.32205963134766,-338.0609436035156,-0.6116481423377991,0.7219805121421814,12.102465629577637,0.42526208434143514,0.7897883308852406,-0.4420255105976171,-0.09435946254916083,-0.4470375010390476,-0.8895244597492511,-0.9001380180000241,0.41999031543866505,-0.11558409704072173,8.379167556762695,-3.454810857772827,-1.0073778629302979
1.97,0.43800094205595663,0.40127594200208083,2.4378065487906238,1.496914100310764,-93.79241180419922,82.32958221435547,-337.9394226074219,-0.5818970799446106,0.7777170538902283,12.203021049499512,0.4009853166917918,0.7531412682387347,-0.5215256521719076,-0.11930936616494348,-0.5215150642928087,-0.8448593450160725,-0.9082819226115331,0.40099908702067866,-0.11926307586876697,8.530498504638672,-3.544553279876709,-0.9915013909339905
1.98,3.7453902550056943,1.8554812849689757,2.5933180105386002,1.664119428119327,-93.798095703125,82.33755493164062,-337.81689453125,-0.5554490089416504,0.8173664808273315,12.3018217086792,0.3726595831525288,0.7087767358535182,-0.5989660873517091,-0.14467459703676078,-0.5931911738560172,-0.7919554862690016,-0.9166210209551349,0.3817849787146582,-0.11851638693030428,8.65382194519043,-4.009335517883301,-0.9712619185447693
1.99,3.7453902550056943,1.8554812849689757,2.5933180105386002,1.664119428119327,-93.80345916748047,82.34596252441406,-337.693359375,-0.511803150177002,0.8705241084098816,12.402986526489258,0.33957120833573073,0.6564240555747727,-0.67364594093053,-0.1703595726164287,-0.6614339351732942,-0.7303990453300976,-0.9250237891467219,0.36278452098172254,-0.11277579903819182,8.911100387573242,-4.220834732055664,-0.9520150423049927
2.0,0.929806626104546,1.7865841899693573,4.053567206050302,3.7763960235195086,-93.80827331542969,82.35498809814453,-337.56878662109375,-0.44841843843460083,0.9346087574958801,12.506138801574707,0.30390073559068,0.5948811275060224,-0.7441510512285842,-0.19300873651988135,-0.7264532543328617,-0.6595553781876039,-0.932947999909128,0.34406701877157253,-0.10595242356454027,9.298847198486328,-4.157447338104248,-0.935081958770752
2.01,2.7048716176649643,2.721412792242307,0.291331116752015,0.6614580882299801,-93.81240844726562,82.3646469116211,-337.4432067871094,-0.37410828471183777,0.9958819150924683,12.609328269958496,0.26561273501136695,0.5243501866462366,-0.8090159187332706,-0.2123873977102987,-0.7867168845863214,-0.5796275845753371,-0.9403943153239647,0.3257812537130536,-0.09759665176389112,9.445384979248047,-4.50102424621582,-0.913642406463623
2.02,2.7048716176649643,2.721412792242307,0.291331116752015,0.6614580882299801,-93.8157958984375,82.3748550415039,-337.3166198730469,-0.3070605397224426,1.0407068729400635,12.710164070129395,0.22229120217635667,0.4476730634989421,-0.8661266937650997,-0.22997315514255523,-0.8392116452497789,-0.49278409307823445,-0.9474697722612414,0.308727456982096,-0.08359657861778635,9.365433692932129,-4.590466022491455,-0.889397919178009
2.03,0.3396077913102205,1.4500212325912238,3.378783304611517,0.9027338728826728,-93.8185806274414,82.38541412353516,-337.1889953613281,-0.2507781982421875,1.0700715780258179,12.808560371398926,0.17981438770242553,0.366480144236843,-0.9128850364943797,-0.2420012950390549,-0.8830101743630255,-0.40215470303205425,-0.953468488821011,0.29323256274077436,-0.07008926432668383,9.269164085388184,-4.1211934089660645,-0.8687230348587036
2.04,1.362032098508414,4.102525105253578,1.1791346757205288,1.5916869641784916,-93.82081604003906,82.39623260498047,-337.0604248046875,-0.19526401162147522,1.0921624898910522,12.905970573425293,0.13967015291581847,0.2814930258048463,-0.9493439444204109,-0.2485475926524198,-0.9180810009630842,-0.3087901712446631,-0.9584969183941902,0.27908592242148955,-0.05826409988138165,9.308298110961914,-4.05112886428833,-0.8427770733833313
2.05,1.362032098508414,4.102525105253578,1.1791346757205288,1.5916869641784916,-93.82244873046875,82.4072494506836,-336.9308776855469,-0.12972328066825867,1.1107293367385864,13.003119468688965,0.09817903236778677,0.1931414358382725,-0.9762465177226782,-0.2515261612703298,-0.9443196016207086,-0.21212043793920057,-0.962857968653704,0.26637731839861417,-0.044132260794414596,9.126703262329102,-4.056351184844971,-0.8118126392364502
2.06,1.869557378004443,2.6540308312431566,3.7564918360440185,0.5347199371705592,-93.82340240478516,82.4184341430664,-336.80035400390625,-0.05376511067152023,1.1245050430297852,13.099699020385742,0.05828463419619265,0.10614945683368732,-0.9926405161137287,-0.25040524183696505,-0.9609883255322182,-0.11746766811065455,-0.9663850766010346,0.25540894856033725,-0.029430472611154977,8.644074440002441,-3.785088062286377,-0.7836559414863586
2.07,0.9686354099354357,1.2866802901523993,1.2162810807441338,2.8312137788389453,-93.82353210449219,82.42971801757812,-336.66888427734375,0.027108319103717804,1.1313841342926025,13.195253372192383,0.021050478912137932,0.021452743115487588,-0.9995482265255594,-0.24562715321946413,-0.9690164301362182,-0.025970362480384146,-0.9691357897316929,0.24606287395477106,-0.01512888370789192,8.549338340759277,-3.639930248260498,-0.754384458065033
2.08,0.9686354099354357,1.2866802901523993,1.2162810807441338,2.8312137788389453,-93.82288360595703,82.44100952148438,-336.5364685058594,0.09938829392194748,1.1310402154922485,13.289554595947266,-0.015623505832391625,-0.0642349357742035,-0.9978124969610217,-0.23768129654884093,-0.9690910155665313,0.0661075246782881,-0.9712175386268346,0.23819419928770827,-0.00012684368472214288,8.512856483459473,-3.784083843231201,-0.7323123812675476
2.09,2.9708627931932368,3.6505806228239424,2.259786406410636,4.065901943982981,-93.82157897949219,82.4522933959961,-336.4031066894531,0.16101038455963135,1.1248911619186401,13.382678985595703,-0.05385544573281321,-0.1476624263390342,-0.9875704525817839,-0.2262808894657904,-0.9614726816671959,0.15610010080157508,-0.9725721310152224,0.2318751609279451,0.018367354658436634,8.219438552856445,-4.075901508331299,-0.7186233401298523
2.1,2.061041014039157,0.3253265752587787,2.6247559551370645,0.10169692934780165,-93.819580078125,82.46346282958984,-336.2688293457031,0.2503800094127655,1.1074622869491577,13.47363567352295,-0.0934652849140295,-0.22692273211522812,-0.9694175128216426,-0.2111284963832868,-0.9470183287490694,0.2420352103067891,-0.972979444043332,0.22729355174021015,0.040603482688664316,7.846792697906494,-4.241539001464844,-0.7054252624511719
2.11,2.061041014039157,0.3253265752587787,2.6247559551370645,0.10169692934780165,-93.81661987304688,82.47441864013672,-336.1336364746094,0.33051589131355286,1.0852912664413452,13.562942504882812,-0.1325504827330961,-0.30249794045252554,-0.9438884285492662,-0.1924816668133355,-0.9263065306791333,0.3238935305960089,-0.9723071415288397,0.22461346184761052,0.06455707001443535,7.945272445678711,-4.317502021789551,-0.68855881690979
2.12,1.8196783984578375,1.4991027622012914,0.8137056484799532,1.8631805033319087,-93.81305694580078,82.48517608642578,-335.99755859375,0.3805418014526367,1.0662318468093872,13.651993751525879,-0.17073214620597887,-0.37972953310615387,-0.9092062559941403,-0.17034054115751948,-0.8974856920937647,0.4068212537775518,-0.9704816506714917,0.22433215144949276,0.08854632423753227,8.516531944274902,-4.417004585266113,-0.6670042872428894
2.13,2.5929884012441535,1.736781687632027,1.6230550988196633,3.180968221905295,-93.80901336669922,82.4957275390625,-335.860595703125,0.4284157454967499,1.0425894260406494,13.739365577697754,-0.20744318988711918,-0.45822854452360007,-0.8642881024017622,-0.14460943138971305,-0.8594361633882439,0.49036475547661357,-0.9674995789779962,0.22670704012949888,0.11202000996751105,8.772666931152344,-4.453677177429199,-0.6475784182548523
2.14,2.5929884012441535,1.736781687632027,1.6230550988196633,3.180968221905295,-93.804443359375,82.5059814453125,-335.7227783203125,0.4885963797569275,1.0052703619003296,13.822879791259766,-0.24171707664845302,-0.5329168839396965,-0.810908410160192,-0.11555008043836873,-0.813934736994776,0.5693491220893657,-0.9634422835682543,0.23132193740596452,0.13516333640280795,8.686372756958008,-4.503706932067871,-0.6337230205535889
2.15,0.6896257461239298,2.438421693672788,1.3689548080698615,3.2156082188847948,-93.79922485351562,82.51578521728516,-335.58416748046875,0.5558710098266602,0.9544060826301575,13.902286529541016,-0.2737482130586042,-0.6018871889163024,-0.7501957928871983,-0.0829632256984883,-0.7623063450369185,0.641877043909623,-0.9582165825265823,0.23795135665695555,0.15874549705800034,8.554126739501953,-4.61462926864624,-0.622129499912262
2.16,3.240838605382014,1.3622884315552468,4.131217595768435,3.930391962067817,-93.79336547851562,82.52505493164062,-335.44476318359375,0.6144664883613586,0.9006896615028381,13.979851722717285,-0.3035214755935995,-0.6640034452460863,-0.6833550603857494,-0.046735717670378374,-0.7059506045520365,0.706717423463189,-0.9516777219980084,0.2464410043680666,0.18323849164064815,8.194331169128418,-4.799533843994141,-0.6062998175621033
2.17,3.240838605382014,1.3622884315552468,4.131217595768435,3.930391962067817,-93.78691101074219,82.5337142944336,-335.30462646484375,0.6784395575523376,0.8293919563293457,14.051290512084961,-0.3315580609624978,-0.7181565959761721,-0.6118172569213013,-0.006153066689737807,-0.6468399094513505,0.7626009908931932,-0.9434147507756597,0.25661105821239577,0.21004612070213097,8.061174392700195,-5.182515621185303,-0.5891864895820618
2.18,0.23927071787879903,1.7083867929843248,0.5393731689033873,2.9589372994833334,-93.77977752685547,82.54155731201172,-335.1637878417969,0.7473424077033997,0.737177312374115,14.114800453186035,-0.35836189031648236,-0.766951412618966,-0.5323178432577381,0.04028603881753745,-0.5823609954080563,0.8119314663835424,-0.9327131341656926,0.2695203178038907,0.23959342154095215,8.30034351348877,-5.701456546783447,-0.5720712542533875
2.19,3.2932357062359405,0.9563927330917144,4.074137817153891,4.152395974475282,-93.77204895019531,82.54853057861328,-335.0223083496094,0.7915751934051514,0.6647491455078125,14.181435585021973,-0.38287873623282076,-0.809594473761424,-0.44492770356061384,0.09277250327375441,-0.5128908220024941,0.8534261932598083,-0.9191284654372749,0.28548168550814135,0.2714830957211728,8.133768081665039,-6.107393264770508,-0.5513185858726501
2.2,3.2932357062359405,0.9563927330917144,4.074137817153891,4.152395974475282,-93.76396179199219,82.55482482910156,-334.88018798828125,0.8278794884681702,0.5869565010070801,14.243009567260742,-0.40358958266376915,-0.8437550559568443,-0.3538260226616283,0.15022812785546957,-0.4425832338444701,0.8840540654964558,-0.902522552829748,0.30364039037491974,0.3053777250662547,8.019542694091797,-6.557677745819092,-0.5313766002655029
2.21,2.6692716879352565,0.8823058253453696,2.0020861013827997,0.19932157294533,-93.7554931640625,82.56018829345703,-334.7375183105469,0.8644924163818359,0.4838259518146515,14.29193115234375,-0.41998577855838665,-0.8707506998126254,-0.25574433441335376,0.21366106848140698,-0.36875172572218257,0.9046386641042357,-0.8820209145049168,0.3252927659090128,0.3409160055250779,8.282309532165527,-7.145447254180908,-0.5111976265907288
2.22,3.6639572434662098,0.5009086640210778,1.6766277438437918,1.8607867119115642,-93.7467269897461,82.56458282470703,-334.5943298339844,0.8838431239128113,0.4036523997783661,14.344796180725098,-0.4304772383809178,-0.8900682471481323,-0.14989283723577213,0.2820017855068356,-0.2903816667211744,0.9144142828079564,-0.8574172497721835,0.35136448746406335,0.37600353288529187,8.698604583740234,-7.3858418464660645,-0.48330801725387573
2.23,3.6639572434662098,0.5009086640210778,1.6766277438437918,1.8607867119115642,-93.73784637451172,82.56831359863281,-334.4505920410156,0.8907386064529419,0.34050750732421875,14.39997386932373,-0.43322846553681593,-0.9004854733670888,-0.037934270830813854,0.3505237109241321,-0.20711571960842762,0.9133653194483895,-0.8303289858415104,0.38239899443635167,0.4053699351524183,9.17171573638916,-7.337886333465576,-0.45554038882255554
2.24,2.6568146986126964,3.246712032459792,1.178244942880292,3.163014631996273,-93.72891998291016,82.57138061523438,-334.3063659667969,0.8898367285728455,0.27369004487991333,14.449684143066406,-0.42777951083661747,-0.9004860676281007,0.07829132848575221,0.41766010224901373,-0.12010726637155689,0.9006299370740989,-0.8016013529789778,0.4179701981869419,0.4274765307357127,9.617575645446777,-7.2890520095825195,-0.4316350817680359
2.25,2.6568146986126964,3.246712032459792,1.178244942880292,3.163014631996273,-93.7200698852539,82.57376098632812,-334.16162109375,0.8787035346031189,0.1971561312675476,14.491145133972168,-0.4141064932604747,-0.8889453800168676,0.19568322254649145,0.48237514202929854,-0.032012744834379825,0.8753795785374385,-0.7719002750302184,0.4568930898085855,0.4420618394449326,9.637029647827148,-7.175012588500977,-0.4038316607475281
2.26,0.3793553123581019,0.16523060785675553,2.728301489895715,3.049320411269338,-93.71138763427734,82.5753173828125,-334.01654052734375,0.8553198575973511,0.11367888748645782,14.525680541992188,-0.3928282425889997,-0.8666921329654269,0.3074584825310185,0.5431368150361637,0.05113361036774927,0.8380857677130255,-0.74208380387717,0.49621578022730983,0.4506456784177477,9.264391899108887,-6.9976372718811035,-0.374232679605484
2.27,4.1455968415121776,3.7875862680660117,4.011164248513744,0.5414113883485291,-93.70297241210938,82.57608795166016,-333.87109375,0.8273574113845825,0.04770798608660698,14.566390037536621,-0.3643136390916494,-0.8352439006628218,0.4118776502522976,0.600333036235527,0.12748125514340936,0.7895243980975476,-0.7119521177551431,0.5348982669560779,0.45498134690485015,9.027802467346191,-7.275418758392334,-0.3440730571746826
2.28,4.1455968415121776,3.7875862680660117,4.011164248513744,0.5414113883485291,-93.69489288330078,82.57625579833984,-333.7252502441406,0.7852506041526794,-0.022715963423252106,14.600914001464844,-0.327362899107919,-0.7943409010050526,0.5117187364931435,0.656168812115548,0.19857389742097542,0.728018473165286,-0.6799088338112167,0.5741001134414839,0.45621599868039053,9.260819435119629,-7.390564441680908,-0.30373984575271606
2.29,0.7400128523059428,0.04314078000416915,1.9498021948997337,3.7305236153781065,-93.68733978271484,82.57560729980469,-333.5791015625,0.721562922000885,-0.10433285683393478,14.62469482421875,-0.28484972117559554,-0.7418505695314869,0.6070571380290279,0.7055430269221464,0.2664453879922072,0.6566703072160471,-0.6488988160782241,0.6153572845944792,0.4475106018730599,9.80016040802002,-7.012551307678223,-0.2559543251991272
2.3,0.40936362085044176,2.069886477632607,3.4350636239943206,2.1012648114099255,-93.6804428100586,82.5742416381836,-333.4327087402344,0.6631191372871399,-0.16224949061870575,14.661375999450684,-0.23763290220510536,-0.6774530292088938,0.6961235501010383,0.7479267297932028,0.3296590532411252,0.5761341124052721,-0.6197872301446881,0.6575578315493316,0.428347391164831,10.009885787963867,-7.1325836181640625,-0.217555969953537
2.31,0.40936362085044176,2.069886477632607,3.4350636239943206,2.1012648114099255,-93.67406463623047,82.5724105834961,-333.28582763671875,0.6095611453056335,-0.2020770162343979,14.708789825439453,-0.18183535791487898,-0.604404296159369,0.7756489859440712,0.7864408781055234,0.3841301417066024,0.48368872167653343,-0.5902936962704086,0.6979537814329567,0.40547980359921165,9.936203002929688,-7.642236709594727,-0.17633521556854248
2.32,2.4701498160154767,3.105822890624793,2.2070481318201227,3.144032202797509,-93.66826629638672,82.57020568847656,-333.13848876953125,0.5481168031692505,-0.2363252490758896,14.75793743133545,-0.11713175887043337,-0.5243625220994059,0.8434003180468149,0.8198630333438954,0.42820343106175496,0.38008739545410797,-0.5604504952447319,0.7359930482310895,0.3797492269056566,9.87137222290039,-8.101692199707031,-0.12445870786905289
2.33,2.3005136588559885,1.4969295606951576,1.1421474312087885,4.050340078602598,-93.66314697265625,82.56768798828125,-332.99066162109375,0.4699063301086426,-0.2670081555843353,14.805432319641113,-0.04472582786236834,-0.43895423074216855,0.8973955558367652,0.846164822952348,0.46086346222226204,0.2676003766561836,-0.5310411403272326,0.7713132000050698,0.3508151290607231,9.715916633605957,-8.323726654052734,-0.07609942555427551
2.34,2.3005136588559885,1.4969295606951576,1.1421474312087885,4.050340078602598,-93.65888214111328,82.56488800048828,-332.84234619140625,0.38429802656173706,-0.2886405885219574,14.855863571166992,0.032340633611840364,-0.35099262539600334,0.935819566121165,0.8634148459927473,0.48144930947895626,0.15073608102095698,-0.5034569367253816,0.8031256061911218,0.3186226193214128,9.434879302978516,-8.442336082458496,-0.04032418131828308
2.35,3.7571644147953154,3.555163124080753,3.084393841524557,3.0435928586843493,-93.65544891357422,82.56194305419922,-332.6935119628906,0.3018065094947815,-0.29840293526649475,14.912981986999512,0.1133697138716735,-0.26305753470718735,0.9580960502008303,0.8710587029279762,0.49016711306839955,0.03151090794665973,-0.47791635673001076,0.8309855201506029,0.28470866033534237,9.106343269348145,-8.632218360900879,-0.012010051868855953
2.36,3.6505044241547475,3.7318812666440717,0.5341408934280351,0.7777513319361012,-93.65291595458984,82.55896759033203,-332.5440979003906,0.199051171541214,-0.2972770035266876,14.969330787658691,0.19683059845470496,-0.17643748625103972,0.9644311945169424,0.8686159235438852,0.4875957160355503,-0.08807266925546203,-0.4547131984866568,0.8550556889169223,0.24923016665893621,8.952784538269043,-8.65237808227539,0.021596360951662064
2.37,3.6505044241547475,3.7318812666440717,0.5341408934280351,0.7777513319361012,-93.65145111083984,82.55604553222656,-332.39410400390625,0.09905311465263367,-0.2846296429634094,15.031518936157227,0.278225020555412,-0.09057094876996197,0.9562362371170888,0.8564317256257026,0.4741253945425057,-0.20427875462635497,-0.4348741625789255,0.8757865113649685,0.2094813815890471,8.92460823059082,-8.169727325439453,0.06026880815625191
2.38,3.2210179943623483,3.550544463652152,3.2042913595504965,2.54046292877556,-93.65087890625,82.55329895019531,-332.243408203125,0.017185812816023827,-0.2641008496284485,15.102940559387207,0.3517704088821487,-0.0065018911000962465,0.9360637290521455,0.8367719498241206,0.45043035546296045,-0.31132812090309253,-0.41960729667443275,0.892787892105193,0.16388867040750887,8.881721496582031,-7.348870277404785,0.09639912098646164
2.39,0.6745192835604578,2.578624313687021,1.342027607935293,2.059612880410042,-93.6511459350586,82.55082702636719,-332.0920104980469,-0.07659432291984558,-0.22918914258480072,15.17754077911377,0.4166444493354835,0.07488905872946572,0.9059795978500546,0.8119668380231042,0.4175049452461146,-0.40792091714669554,-0.4087997759156602,0.9055833752767626,0.1131436857878178,8.888603210449219,-6.825585842132568,0.131212055683136
2.4,0.6745192835604578,2.578624313687021,1.342027607935293,2.059612880410042,-93.65235900878906,82.5487289428711,-331.9398498535156,-0.15739142894744873,-0.19020017981529236,15.258999824523926,0.47658386920923385,0.15260608445513074,0.8657824198936068,0.7820375824515937,0.37629152476700933,-0.4968117430393392,-0.40160308171479847,0.9138468533489585,0.05999077746940934,8.718037605285645,-6.696160316467285,0.1668955683708191
2.41,2.833110666655381,0.31959779499176433,3.2087555194038524,3.8410888902412643,-93.65422821044922,82.5469970703125,-331.7868347167969,-0.21468445658683777,-0.15502478182315826,15.34686279296875,0.533211212668147,0.22353737680619729,0.8159147282992067,0.7467058749162168,0.32896701686102303,-0.5781098841770194,-0.3976382011962276,0.917502993449157,0.008492229463741285,8.346287727355957,-6.683142185211182,0.20190009474754333
2.42,3.3292249615480585,2.3906149794885456,3.910773765089506,4.143917809644309,-93.65666961669922,82.54566955566406,-331.6329040527344,-0.2787511348724365,-0.10639210045337677,15.438358306884766,0.5870486318423764,0.2873788884368002,0.7568271125777822,0.7056622793572773,0.2765231120635627,-0.6523616450918724,-0.39675515288939345,0.9170323565586501,-0.040459926843762484,8.292737007141113,-6.942278861999512,0.22795544564723969
2.43,3.3292249615480585,2.3906149794885456,3.910773765089506,4.143917809644309,-93.65985107421875,82.5449447631836,-331.47802734375,-0.3606638014316559,-0.030882518738508224,15.535062789916992,0.6394462183124068,0.3464961485742164,0.6863300612017487,0.6570736181392125,0.21721876843933044,-0.7218519702703212,-0.3992026981765102,0.912554889122257,-0.0887737579899543,8.467598915100098,-7.333562850952148,0.25213462114334106
2.44,2.1031779152725942,1.3148907685514912,2.284517362886748,1.7008711059811452,-93.66389465332031,82.54511260986328,-331.3221435546875,-0.44590920209884644,0.06480029225349426,15.637882232666016,0.6888772531201381,0.39989927456461355,0.6045896958569084,0.6010251936923874,0.15116744346268146,-0.7848038739608676,-0.4052367785390183,0.9040071759890256,-0.13621372573887625,8.60561466217041,-7.655934810638428,0.28093090653419495
2.45,3.565859676014664,1.881539899313358,2.199114969412834,1.1535538647684702,-93.66868591308594,82.54620361328125,-331.16522216796875,-0.5050111413002014,0.14633029699325562,15.741140365600586,0.7335855698712246,0.4463767200392309,0.5124451536347367,0.5381987006273983,0.07883407385353991,-0.8391229632435493,-0.414963095129785,0.8913658130120725,-0.18240783172231478,8.791933059692383,-7.8444132804870605,0.3138177990913391
2.46,3.565859676014664,1.881539899313358,2.199114969412834,1.1535538647684702,-93.67394256591797,82.54800415039062,-331.0072937011719,-0.5439843535423279,0.21581906080245972,15.84364128112793,0.7713345383362384,0.48523333031704347,0.4118150617923692,0.4709347584051157,8.622717170442273e-05,-0.8821680372189813,-0.42809284424705957,0.8743847023560658,-0.22844673118728798,9.131442070007324,-7.731777667999268,0.3489617705345154
2.47,1.5774658794070942,3.1211119118415094,1.1419255051502972,0.18917929339317496,-93.6795425415039,82.5505599975586,-330.8483581542969,-0.5753737092018127,0.29038912057876587,15.948376655578613,0.8004273881769552,0.5158749578532608,0.3052687735686611,0.4026699195483815,-0.08549191148835589,-0.9113441001954022,-0.44404158830803,0.852387330343409,-0.27615739519867727,9.57570743560791,-7.428647994995117,0.38412347435951233
2.48,3.781589221475142,2.67260297120712,3.615702403204813,1.153091822444919,-93.68540954589844,82.5538101196289,-330.6883850097656,-0.594458281993866,0.35547879338264465,16.05086326599121,0.8207073879671235,0.5369200401538226,0.19533625832752838,0.33562314320575026,-0.1763694194504592,-0.9253382806451922,-0.46238132432103457,0.8249913322962403,-0.3249504770810479,9.781757354736328,-7.00733757019043,0.42498481273651123
2.49,3.781589221475142,2.67260297120712,3.615702403204813,1.153091822444919,-93.69141387939453,82.55772399902344,-330.5273742675781,-0.6069085597991943,0.43236199021339417,16.158241271972656,0.8327077010688322,0.5470736824172223,0.0854884237023967,0.271724073947214,-0.26921307405978245,-0.9239536505652277,-0.4824561246561072,0.7926125830200668,-0.37282888973370665,10.073263168334961,-6.6121506690979,0.46754002571105957
2.5,3.5156545241273895,3.9973929444546163,0.35901838743448505,2.9698564088156267,-93.69751739501953,82.56251525878906,-330.3652038574219,-0.6114479303359985,0.5274532437324524,16.273983001708984,0.8373611357346483,0.5460731220997189,-0.025109234983286294,0.21097468118438037,-0.3652050850898684,-0.9067055363918605,-0.504297543381216,0.7539425648845991,-0.4210161476652684,10.629045486450195,-6.306535243988037,0.5085858702659607
2.51,3.5156545241273895,3.9973929444546163,0.35901838743448505,2.9698564088156267,-93.70360565185547,82.56826782226562,-330.2018737792969,-0.6043545603752136,0.6209766268730164,16.39124298095703,0.8353636686864492,0.5330428388669166,-0.1342865330977558,0.15441491909201163,-0.4620062875338304,-0.8733305348154359,-0.5275638101694655,0.7088127553958845,-0.4682530341466781,10.712672233581543,-5.836149215698242,0.5422484874725342
2.52,3.1353152183286315,0.8823260919380705,0.8912054492187101,3.270778911539457,-93.7095718383789,82.57492065429688,-330.0373840332031,-0.5860630869865417,0.7091742157936096,16.508602142333984,0.82805502143096,0.508913015424366,-0.2352284511164653,0.10454800871179751,-0.5523717209443316,-0.8270158376811141,-0.5508126681162754,0.6602219510381915,-0.5106000195945487,10.326681137084961,-5.205915451049805,0.5658760070800781
2.53,2.4570663108654838,0.40304301043675633,1.823380781319839,0.18046158007459837,-93.7153091430664,82.58240509033203,-329.8717346191406,-0.5609642863273621,0.7819352746009827,16.619613647460938,0.8168916656511847,0.47556122165517595,-0.32638861966598953,0.06129785097481605,-0.6342430211882208,-0.7706999179576365,-0.5735246987318877,0.6095714187294833,-0.5472587189005058,10.100408554077148,-4.851606845855713,0.5797441005706787
2.54,2.4570663108654838,0.40304301043675633,1.823380781319839,0.18046158007459837,-93.72079467773438,82.5904769897461,-329.7050476074219,-0.5370991826057434,0.8289958238601685,16.71535301208496,0.8019151145911823,0.43319124986794766,-0.41143345759436706,0.02204167801843826,-0.7096461549697222,-0.7042133903631911,-0.5970312499529167,0.5556506778314356,-0.5786242397317309,10.367674827575684,-4.700992107391357,0.59593665599823
2.55,2.4516294171685966,0.687309912063671,3.4822591011338737,1.2297019360857746,-93.72605895996094,82.59893035888672,-329.5374755859375,-0.514438807964325,0.8603774309158325,16.800750732421875,0.7835640495031864,0.3802434216380892,-0.4913678058513059,-0.013199910919449193,-0.7804899134362948,-0.6250290052276966,-0.6211707838250983,0.4962362696590845,-0.6065446578752052,10.934441566467285,-4.5196943283081055,0.6192148327827454
2.56,0.05954453140879674,1.8770477767307334,0.42814571926533673,0.6229367070626362,-93.73104858398438,82.60769653320312,-329.3690185546875,-0.4817807078361511,0.8941580057144165,16.891841888427734,0.7620748125800652,0.3158498994262333,-0.5652263449835798,-0.04432326242738319,-0.8454560759686525,-0.5322024727634036,-0.6459701451606349,0.4306307753053959,-0.6303012826585566,11.567391395568848,-4.495554447174072,0.6458323001861572
2.57,0.05954453140879674,1.8770477767307334,0.42814571926533673,0.6229367070626362,-93.7356948852539,82.61677551269531,-329.19964599609375,-0.4510025680065155,0.9174422025680542,16.975526809692383,0.7369686428676065,0.24050715265760647,-0.6316910074952854,-0.07171371761339757,-0.9014589018591701,-0.4268828773386499,-0.6721118672780179,0.35990020530612327,-0.6470992814743857,11.769113540649414,-4.450489044189453,0.6776964068412781
2.58,0.8793299962074667,2.8933988595461204,3.3816169263307687,2.570298567263667,-93.74009704589844,82.62600708007812,-329.029541015625,-0.429240882396698,0.9273703694343567,17.046367645263672,0.709564900050149,0.15845762794592583,-0.6865921881019132,-0.09435202652072573,-0.9442464992663911,-0.3154302517429137,-0.6982945995124512,0.28859959939146873,-0.6550533745602946,11.547163963317871,-4.266293525695801,0.7109129428863525
2.59,4.160925440992566,0.0068497741995789015,3.9770880298801097,2.7017899712823232,-93.74420166015625,82.63534545898438,-328.8586730957031,-0.38580918312072754,0.9410738945007324,17.13582420349121,0.6803826791063915,0.07238928256388635,-0.7292730639080911,-0.11228696048115414,-0.9730625722912946,-0.20134763199936778,-0.7242037340955325,0.2188812969984757,-0.6539265473631976,11.328720092773438,-4.271988868713379,0.7453742027282715
2.6,4.160925440992566,0.0068497741995789015,3.9770880298801097,2.7017899712823232,-93.74772644042969,82.64482879638672,-328.686767578125,-0.3154807984828949,0.9538887143135071,17.247583389282227,0.6479540122869416,-0.01784435464112831,-0.7614704045258067,-0.12599187668932416,-0.9884646386558373,-0.08404585138653374,-0.751186824278459,0.15039693193156178,-0.6427278723503573,11.669159889221191,-4.4905171394348145,0.7717400789260864
2.61,0.3652982204416324,3.939600171982128,0.7416273781508249,2.521895338301265,-93.75050354003906,82.65436553955078,-328.5137023925781,-0.2359972894191742,0.9561514854431152,17.365310668945312,0.6117186348780816,-0.11606580241576571,-0.782514562965112,-0.13472198054572163,-0.9900129188489646,0.04152599751952202,-0.779519274746131,0.08001968521393708,-0.6212459660050342,12.490312576293945,-4.749842643737793,0.7912462949752808
2.62,2.0702557263695995,2.4491691354270344,0.8668158797465584,2.4588741999084176,-93.75248718261719,82.66388702392578,-328.3395080566406,-0.165962353348732,0.9469690322875977,17.475008010864258,0.5725927064537799,-0.2204827104077589,-0.7896359711456815,-0.13749770995573335,-0.9753423941365522,0.17263138172680875,-0.8082276735381337,0.009725667649393727,-0.5887898089436578,12.555721282958984,-4.763673305511475,0.8211437463760376
2.63,2.0702557263695995,2.4491691354270344,0.8668158797465584,2.4588741999084176,-93.75384521484375,82.67327117919922,-328.1642761230469,-0.10578247904777527,0.9289217591285706,17.578306198120117,0.5336466426461273,-0.3220479624174284,-0.7819887279848088,-0.1345901934266632,-0.9452121915670764,0.2974212378871725,-0.8349291830005046,-0.053469830893199,-0.5477538101723827,12.123408317565918,-4.539318561553955,0.8518075346946716
2.64,0.6122780530340589,1.1310061856585203,2.0010378729631646,3.720212915636187,-93.75460815429688,82.68243408203125,-327.9879455566406,-0.04723341390490532,0.9021093845367432,17.682470321655273,0.4963968913413832,-0.4189507435900912,-0.7603094111688479,-0.12689579519738114,-0.9014471134186213,0.41387263604937585,-0.858770972627647,-0.10896502261985039,-0.5006386325660659,11.825522422790527,-4.273558616638184,0.8757743239402771
2.65,4.11235346761534,3.463579747918216,2.252867814815548,2.724202405350909,-93.75479888916016,82.6912841796875,-327.8105773925781,0.007897350937128067,0.8678960204124451,17.78672981262207,0.46059100911363865,-0.5101132714782373,-0.7263885823617067,-0.11470153598464922,-0.8457067599694591,0.5211752428739508,-0.8801701426238235,-0.15673074492175917,-0.4480357057532673,11.525885581970215,-4.358011722564697,0.8974523544311523
2.66,4.11235346761534,3.463579747918216,2.252867814815548,2.724202405350909,-93.7544174194336,82.69972229003906,-327.6321716308594,0.0756426602602005,0.8138899803161621,17.9007511138916,0.4244901155790894,-0.5947773961990651,-0.6826770764763616,-0.0969530245656525,-0.7795026345095244,0.618850348485224,-0.9002267785415093,-0.19650824858863195,-0.3885566309219353,11.396801948547363,-4.319447994232178,0.9195654392242432
2.67,0.555162192815541,0.37618307100860643,1.6624788585425132,2.52492775467819,-93.75326538085938,82.70746612548828,-327.4525451660156,0.15331828594207764,0.7375472784042358,18.02145767211914,0.39153384266208885,-0.6734177356084314,-0.6270644332269786,-0.0765253770249355,-0.7029400372398964,0.7071203368001551,-0.9169760720550184,-0.22887520052025315,-0.3267583600542821,11.435525894165039,-3.903982162475586,0.9401546120643616
2.68,1.718955067700411,3.127241511021575,1.3257028470200258,3.8436158294518283,-93.75142669677734,82.71448516845703,-327.2717590332031,0.20543669164180756,0.6748418211936951,18.129352569580078,0.36216834941605197,-0.7450113599330181,-0.5601715453787415,-0.05436950327912882,-0.6168311893626087,0.7852154105356633,-0.9305256814265974,-0.25392392049640466,-0.26390263129666275,11.429625511169434,-3.836892604827881,0.9589737057685852
2.69,1.718955067700411,3.127241511021575,1.3257028470200258,3.8436158294518283,-93.74917602539062,82.72095489501953,-327.0899353027344,0.24629078805446625,0.6124061942100525,18.23225212097168,0.3341824920127622,-0.8076390914440665,-0.48584067347592735,-0.027856685969792683,-0.5237147316148949,0.8514381274856786,-0.942096633620416,-0.2710018041654725,-0.1975144426621465,11.119382858276367,-3.9341330528259277,0.9781371355056763
2.7,3.020622744056401,0.7095676887121957,3.8711528115195395,1.6256877159712662,-93.74649047851562,82.7266845703125,-326.9070739746094,0.2892150282859802,0.5311155915260315,18.33555793762207,0.30842117098423194,-0.8593568543736161,-0.40789971577557976,0.0018788280071568297,-0.42825279248148046,0.9036570232876706,-0.9512480492984123,-0.27947333070061925,-0.13046764400826621,10.57162857055664,-3.8971123695373535,0.9963608980178833
2.71,1.7307040489324574,0.0711287193086322,3.7973224665158867,0.5227426710781339,-93.74341583251953,82.7315673828125,-326.72320556640625,0.3243882656097412,0.44668495655059814,18.434083938598633,0.28520093992542883,-0.900966321103144,-0.3269864096618062,0.03413825588001135,-0.331390160282308,0.9428759945791054,-0.9578595948003668,-0.2800718656094053,-0.06375536638546114,10.640027046203613,-3.9421284198760986,1.0156834125518799
2.72,1.7307040489324574,0.0711287193086322,3.7973224665158867,0.5227426710781339,-93.74005126953125,82.73565673828125,-326.53839111328125,0.3468502461910248,0.3755922019481659,18.52646827697754,0.26439006145415667,-0.9347759765081178,-0.23725886526653223,0.06980230920150587,-0.2268199535006089,0.9714321110217221,-0.9618864449790345,-0.2733982122057072,0.005280580301304294,11.337345123291016,-4.1219377517700195,1.0416494607925415
2.73,1.9038531744043385,0.9883541170559527,2.090006860662682,3.3210476052735256,-93.73651123046875,82.7391128540039,-326.3526611328125,0.35934314131736755,0.3159957230091095,18.61356544494629,0.24642512173034817,-0.9594644243257916,-0.13675773408974135,0.10954675607991049,-0.11262962450088504,0.9875799086236812,-0.9629507607414575,-0.2583458653394069,0.07735144633089525,12.147796630859375,-4.351189136505127,1.0738186836242676
2.74,1.9038531744043385,0.9883541170559527,2.090006860662682,3.3210476052735256,-93.73287963867188,82.74195098876953,-326.1661376953125,0.36614879965782166,0.24762383103370667,18.69385528564453,0.23223233046012665,-0.972278452148942,-0.027253553454837653,0.15315277242209158,0.008882314397761326,0.9881626044282217,-0.9605271328746967,-0.23365726176987628,0.15096990108534206,12.575501441955566,-4.577675819396973,1.1022930145263672
2.75,0.9357609826153763,3.8832521456745686,3.424047361875364,0.6006876429407936,-93.72921752929688,82.74404907226562,-325.97882080078125,0.3653644025325775,0.1706608086824417,18.76502227783203,0.22276106035552798,-0.9711750656577742,0.08483219809658804,0.19993665059023652,0.13068171404205253,0.9710549033735367,-0.9541503265943152,-0.1993521543892846,0.22328428695345393,12.635871887207031,-4.799981117248535,1.1261013746261597
2.76,2.5000904708127036,3.0615153420867767,0.7527684967599475,1.1435262867810958,-93.72560119628906,82.7453842163086,-325.7908630371094,0.355307400226593,0.09188521653413773,18.826047897338867,0.2185277948562285,-0.9559024952341898,0.19620403278302845,0.24827496744235356,0.248910472672401,0.9361640439236598,-0.943718784075411,-0.15586531429106198,0.2917205175920543,12.662450790405273,-4.790481090545654,1.1653296947479248
2.77,2.5000904708127036,3.0615153420867767,0.7527684967599475,1.1435262867810958,-93.72213745117188,82.74594116210938,-325.6023254394531,0.3371698260307312,0.019967466592788696,18.878637313842773,0.21888776048508823,-0.9267195051868358,0.30541628479190375,0.2940212210295739,0.3611010823198854,0.8849618804963783,-0.93039758699929,-0.10390845515969294,0.35151580768469715,12.632140159606934,-4.365884780883789,1.2065211534500122
2.78,0.3062954273534592,0.18333876905564275,2.7421424626542974,1.092683419497728,-93.71888732910156,82.74581909179688,-325.4132995605469,0.3123496472835541,-0.042674481868743896,18.924453735351562,0.22227657781364524,-0.8843037749963498,0.41060925036177576,0.3336914450846491,0.46471029607112435,0.8201794682889876,-0.916102146287614,-0.045289891285945905,0.3983788188577978,12.538902282714844,-3.7247841358184814,1.2357929944992065
2.79,2.427650738956639,3.096726523131554,3.5978355206277897,4.004369418657685,-93.71589660644531,82.74514770507812,-325.2238464355469,0.2869485318660736,-0.08831153064966202,18.969663619995117,0.227917821004898,-0.8292261425758949,0.5103307470034325,0.36790502143183823,0.5586127068987904,0.7433691807550574,-0.9014983982645884,0.018326160533735036,0.43239425269824505,12.640764236450195,-3.533963203430176,1.262991189956665
2.8,2.427650738956639,3.096726523131554,3.5978355206277897,4.004369418657685,-93.71321868896484,82.74400329589844,-325.0340270996094,0.24055160582065582,-0.14790503680706024,18.99777603149414,0.23793031731236725,-0.7613344694431873,0.6031243567800069,0.40087426980906204,0.6425752923565283,0.6529906687372904,-0.8846971142197129,0.0864107591135671,0.4580875427259833,12.718850135803223,-3.6948494911193848,1.2906378507614136
2.81,1.162539379660587,0.745993762811114,1.8236439042917794,3.4973749950077853,-93.71119689941406,82.74213409423828,-324.8439025878906,0.1646897941827774,-0.22222281992435455,19.005260467529297,0.2528098969240318,-0.6827399993773215,0.6855313627161892,0.4324206432772253,0.7135749660775986,0.5512015557444161,-0.8655053687210559,0.15708870436033556,0.47562968334348094,12.62414264678955,-3.833299160003662,1.31728994846344
2.82,0.07163990431922354,2.038816393186991,1.9935230131616455,4.109048944673668,-93.70992279052734,82.7396240234375,-324.6537780761719,0.09560850262641907,-0.27290278673171997,19.020305633544922,0.2726901758715178,-0.5955819187056827,0.7555939690693797,0.46179382862783014,0.7700007614466307,0.44027864723701904,-0.8440299330144704,0.22886897011711038,0.48500769756069056,12.494145393371582,-4.059032917022705,1.340008020401001
2.83,0.07163990431922354,2.038816393186991,1.9935230131616455,4.109048944673668,-93.70926666259766,82.73673248291016,-324.46343994140625,0.03536945581436157,-0.30382204055786133,19.043630599975586,0.298446483336686,-0.5025212264893324,0.811419813359042,0.4885891652495918,0.8107616824035915,0.32240676473486873,-0.8198843358576089,0.300229764136994,0.4874953995081108,12.136481285095215,-4.409571170806885,1.3636891841888428
2.84,3.682547307832303,0.7266414432288322,3.752377961558722,3.311744212754058,-93.70923614501953,82.73357391357422,-324.27288818359375,-0.02936692349612713,-0.3256819248199463,19.066421508789062,0.3305667701229748,-0.40808910494376693,0.8509928865252988,0.51198403802519,0.8350154510437626,0.20154786360962218,-0.7928416962407349,0.369069748075316,0.48496346847751076,11.582032203674316,-4.812270164489746,1.3915873765945435
2.85,0.18397614802562526,4.009679091649529,2.361745898823157,2.315380944591346,-93.70989990234375,82.73023986816406,-324.0821533203125,-0.10977902263402939,-0.340199738740921,19.082660675048828,0.36860072621121853,-0.3137349163686621,0.8750450884884222,0.5307714501004703,0.843828533601757,0.07896248246953885,-0.7631613016884478,0.4353433221385816,0.47755734679149986,11.577978134155273,-5.131992340087891,1.4166927337646484
2.86,0.18397614802562526,4.009679091649529,2.361745898823157,2.315380944591346,-93.71143341064453,82.726806640625,-323.8912353515625,-0.1935673952102661,-0.34370261430740356,19.10006332397461,0.4106384240115603,-0.2166695269653488,0.8856807555829097,0.5436550333389707,0.837988468459821,-0.04705880845884436,-0.7319940501469288,0.5008289556455133,0.46190374293408776,11.55709171295166,-5.212378978729248,1.4516953229904175
2.87,2.663543743469543,0.7011526554054203,3.855166845037053,0.6764428364451512,-93.71376037597656,82.72339630126953,-323.70013427734375,-0.2697232663631439,-0.33586061000823975,19.125381469726562,0.4540073700226962,-0.12265530796118507,0.8825151462689023,0.5502464457878928,0.8176310620127031,-0.1694352245838248,-0.7007896666353368,0.5625256632909529,0.43870117537591274,11.101456642150879,-5.141500949859619,1.4966917037963867
2.88,0.6563601973796148,1.0835198560663502,3.7315634219714013,2.364424243602118,-93.7168197631836,82.7201156616211,-323.50872802734375,-0.34012097120285034,-0.31891149282455444,19.157901763916016,0.49759612623359056,-0.03291039920194255,0.8667842873412586,0.55075782330929,0.7839875645107668,-0.2864076094591226,-0.6701223136271002,0.6199035443654483,0.4082348349445664,11.268555641174316,-5.096315383911133,1.536867380142212
2.89,0.6563601973796148,1.0835198560663502,3.7315634219714013,2.364424243602118,-93.72055053710938,82.71704864501953,-323.31695556640625,-0.4049319922924042,-0.2940477728843689,19.198129653930664,0.5418613374685226,0.057538800137085566,0.8384960211209164,0.5447876626756353,0.7356417532992564,-0.40253895885890867,-0.6399942918130145,0.6749225861397591,0.3672693959005806,11.742420196533203,-5.300603866577148,1.5750712156295776
2.9,4.039659845283791,0.683872889379291,3.462122994520463,3.3496505798254037,-93.72490692138672,82.71427154541016,-323.124755859375,-0.46653711795806885,-0.26085495948791504,19.245595932006836,0.5884607002344817,0.14572886469027382,0.7952842902230794,0.5307325232914117,0.6724179009013893,-0.5159235944091919,-0.6099483527318312,0.7256839977176383,0.3183484607411702,12.011661529541016,-5.7045769691467285,1.6166845560073853
2.91,2.780503396199705,3.832263845766986,0.595527912959899,0.12040977567889803,-93.72991180419922,82.71189880371094,-322.9320373535156,-0.5375863313674927,-0.20974263548851013,19.295616149902344,0.6365087867499539,0.22928164760955694,0.7364010391488791,0.5076375701572068,0.594278896699714,-0.6238082159624526,-0.5806553726221682,0.7708842448816929,0.2618717610552797,12.452767372131348,-5.971774578094482,1.6519801616668701
2.92,2.780503396199705,3.832263845766986,0.595527912959899,0.12040977567889803,-93.73562622070312,82.7101058959961,-322.7388000488281,-0.6006308794021606,-0.15192767977714539,19.355194091796875,0.6820251676010523,0.30694893788985345,0.6637951644046887,0.47740211708082636,0.5007231184858505,-0.7220551067754801,-0.554011632879222,0.809356972010556,0.19496769602270664,12.762295722961426,-5.5364837646484375,1.6889926195144653
2.93,0.2831234526966472,3.8009699735803957,1.557555125016059,1.3081374008859612,-93.74187469482422,82.70885467529297,-322.544921875,-0.6467969417572021,-0.09749235212802887,19.426895141601562,0.7195589110885873,0.37482059971321335,0.5845891647162417,0.4464414522466904,0.3951171808108174,-0.802852690811943,-0.5319069497467316,0.8386846436287828,0.11697463550868181,12.798391342163086,-4.563450813293457,1.7286142110824585
2.94,1.5518960464929092,1.4008279594542608,1.7646694549233037,1.1906709507830606,-93.74855041503906,82.70816802978516,-322.3502502441406,-0.6849606037139893,-0.04089108109474182,19.50682830810547,0.7492301358814959,0.43119087283237245,0.5027212295826105,0.41775472884366516,0.28133465738000435,-0.863904969939189,-0.5139408429145818,0.8572778089644757,0.03065237741704363,12.578080177307129,-3.835153341293335,1.7671633958816528
2.95,1.5518960464929092,1.4008279594542608,1.7646694549233037,1.1906709507830606,-93.75554656982422,82.70803833007812,-322.1547546386719,-0.7142705321311951,0.013566595502197742,19.593103408813477,0.7741163996756883,0.47508320254510095,0.4183775213998006,0.3894982140194584,0.1635433179408285,-0.9063910438836857,-0.4990340078880418,0.8646094689606376,-0.058442494426590774,12.459300994873047,-3.4800353050231934,1.799335241317749
2.96,0.5696210555123921,1.2053983520716054,1.0298184041506309,3.907346929783519,-93.76280212402344,82.70843505859375,-321.9583740234375,-0.7362924218177795,0.06602051854133606,19.68301773071289,0.7956342231120728,0.507755231029021,0.33037979413928126,0.3604615295853089,0.04149461054261089,-0.9318506763344311,-0.48686103633569594,0.8605014948613295,-0.1500116950092546,12.593066215515137,-3.239156484603882,1.8242689371109009
2.97,0.6567395681813207,3.620150123221187,1.138865053710208,1.2291820770774111,-93.770263671875,82.7093734741211,-321.7610778808594,-0.753921627998352,0.12245452404022217,19.775100708007812,0.8142750554804612,0.5288249677586728,0.23937478458962674,0.33010540323090426,-0.08265119642220847,-0.9403186707110199,-0.4774793783819922,0.8446969475527989,-0.24186878677276702,12.435933113098145,-3.228294849395752,1.8423007726669312
2.98,0.6567395681813207,3.620150123221187,1.138865053710208,1.2291820770774111,-93.77786254882812,82.71089172363281,-321.5628662109375,-0.7664907574653625,0.181869775056839,19.867704391479492,0.8303760552651013,0.537268385234848,0.14771015222220998,0.2973957478566295,-0.20316335527816365,-0.9328882142191072,-0.4712020543240082,0.8185764065127078,-0.32848331875694503,12.018333435058594,-3.0762104988098145,1.8648337125778198
2.99,1.0562175301554095,2.0743656755943665,1.371583954591613,4.02181008942419,-93.78556823730469,82.71300506591797,-321.3637390136719,-0.7730478048324585,0.2405415028333664,19.958486557006836,0.8434523156508092,0.533793748005372,0.06043530271013045,0.2660766251225808,-0.31737799186301763,-0.9102057129266856,-0.4666812839472625,0.7837955376699817,-0.4097232411542687,11.587093353271484,-2.632704496383667,1.8930612802505493
3.0,1.0562175301554095,2.0743656755943665,1.371583954591613,4.02181008942419,-93.79327392578125,82.71572875976562,-321.1636962890625,-0.7740368843078613,0.30507612228393555,20.049657821655273,0.8539923123924151,0.51987744722013,-0.020605102439362616,0.23676251053530364,-0.42358031189325573,-0.8743701921848849,-0.46329325915631003,0.7418269065275896,-0.48482181961214454,11.101363182067871,-2.440816640853882,1.9107986688613892
3.01,2.9479356201065325,1.9165322496814297,3.90601337245223,0.8609491304924911,-93.80097961425781,82.71912384033203,-320.9627380371094,-0.7686721682548523,0.37348273396492004,20.140756607055664,0.8622772645907475,0.4970575530519254,-0.09701395736660925,0.20664109501422329,-0.5202089357540862,-0.8286628512325886,-0.4623606566536784,0.6944900662469069,-0.5512768551854377,10.571487426757812,-2.5184757709503174,1.9197747707366943
3.02,2.7500418785257756,2.267794624877844,0.3099416201958084,4.0949705950209605,-93.80860900878906,82.72320556640625,-320.7608947753906,-0.7561526298522949,0.4426942467689514,20.231182098388672,0.8682018678965784,0.46635987920194927,-0.16951100156519505,0.17552021797072054,-0.6081522076970347,-0.774172813625442,-0.4641316296746032,0.6423856749212002,-0.6098544703383186,10.629427909851074,-2.4755606651306152,1.9345078468322754
3.03,2.7500418785257756,2.267794624877844,0.3099416201958084,4.0949705950209605,-93.81608581542969,82.72796630859375,-320.5581359863281,-0.7364579439163208,0.5094912052154541,20.319486618041992,0.8720578492480672,0.4275465126650687,-0.23815769370896567,0.14530188345208964,-0.690873615143205,-0.7082238421320156,-0.4673355007166806,0.5830073991013297,-0.6646050724776275,10.670013427734375,-2.2452950477600098,1.943009376525879
3.04,1.3103131939977182,0.39840640042934317,2.130330111109205,3.8097245238720876,-93.82331848144531,82.73336791992188,-320.3545227050781,-0.7105439305305481,0.5694876313209534,20.40294647216797,0.8742709664585608,0.3823971036963382,-0.2990363394175799,0.1169915728044506,-0.7638326984087831,-0.6347224438558147,-0.47112975824114,0.5199346727486144,-0.7125339900477985,10.257420539855957,-1.9659626483917236,1.9394346475601196
3.05,4.163518426881992,0.28163911359016885,0.6779699643394279,0.26620486277963623,-93.83028411865234,82.73931884765625,-320.1501159667969,-0.6818405985832214,0.6173444986343384,20.475765228271484,0.8748819740376265,0.33258477665403696,-0.35209217236685425,0.09002859834670968,-0.8259595953307545,-0.5564940236523509,-0.4758953487729766,0.4551682251860743,-0.7525593025119058,9.97282600402832,-2.0209434032440186,1.9362125396728516
3.06,4.163518426881992,0.28163911359016885,0.6779699643394279,0.26620486277963623,-93.83695983886719,82.74566650390625,-319.945068359375,-0.6554074287414551,0.6487358808517456,20.530471801757812,0.8732053819872431,0.27781311868468106,-0.4004150745853661,0.06310883192066506,-0.8791527309765165,-0.4723428320088517,-0.4832490415946236,0.3871825754127171,-0.7852133576899042,10.248871803283691,-1.853776216506958,1.9344885349273682
3.07,0.7151846179501913,1.0512274892179756,2.1850954895186767,1.8730724724995949,-93.8433837890625,82.75225830078125,-319.7395324707031,-0.6302972435951233,0.6693291068077087,20.572383880615234,0.871475848998784,0.21644221229543503,-0.44009386879222323,0.03900256200916123,-0.925091697594356,-0.37773555723378,-0.48888510385219375,0.31202262702991684,-0.8146368733692205,10.900121688842773,-1.225512981414795,1.9296445846557617
3.08,0.5893816591985735,1.390791279621581,0.6856106785630894,1.1366319074589266,-93.84954833984375,82.75902557373047,-319.53363037109375,-0.6029428243637085,0.6845527291297913,20.610477447509766,0.8704100219920158,0.14891994956231663,-0.469264575946465,0.017470379814194567,-0.9618976375341136,-0.2728510962694462,-0.4920174584758211,0.22929409832930261,-0.8398470319209003,11.263535499572754,-0.9228259325027466,1.9297791719436646
3.09,0.5893816591985735,1.390791279621581,0.6856106785630894,1.1366319074589266,-93.85543823242188,82.76592254638672,-319.3273620605469,-0.5778594613075256,0.6921756267547607,20.63876724243164,0.868357657920877,0.0779867294505963,-0.48976836153407133,-0.0033223067868804468,-0.9866217861334848,-0.16299206546450823,-0.4959273537603901,0.14316256897797058,-0.8564814876200447,11.230668067932129,-0.8101542592048645,1.9359455108642578
3.1,4.091807484921169,3.2071046021691507,1.0890207327466932,1.996076843926064,-93.8611068725586,82.77286529541016,-319.120849609375,-0.5561493039131165,0.6933673620223999,20.65807342529297,0.8656816223289642,0.00586495381832821,-0.5005606167874193,-0.023362922959757063,-0.9983684437474897,-0.052102057157006075,-0.500049500142405,0.056798352493046385,-0.8641321916011498,11.06560230255127,-0.5924510955810547,1.9415066242218018
3.11,0.2831717214780062,3.75817775732053,1.9797596493968388,2.6458029863333103,-93.86650848388672,82.7798080444336,-318.9140930175781,-0.5196300745010376,0.6903507709503174,20.70229148864746,0.8631704195165344,-0.06611867138973469,-0.5005648291333561,-0.042800683711031476,-0.9974021666306783,0.057939791804052336,-0.5030953471714065,-0.02858739746960124,-0.8637579709388488,10.971122741699219,-0.08289191871881485,1.941163182258606
3.12,0.2831717214780062,3.75817775732053,1.9797596493968388,2.6458029863333103,-93.87147521972656,82.78665161132812,-318.7067565917969,-0.4736288785934448,0.678852379322052,20.764312744140625,0.862105573888837,-0.13660790477310447,-0.4879674782434806,-0.062292725600981876,-0.9842426383268084,0.1654872963000015,-0.5028852710181518,-0.11227069632360057,-0.8570307432875521,10.635658264160156,0.35487133264541626,1.9425411224365234
3.13,1.2545222530205342,3.465683829322922,3.503444892398342,4.048477195707357,-93.8759994506836,82.79335021972656,-318.4988098144531,-0.43093541264533997,0.658941388130188,20.82457160949707,0.8609025734878623,-0.20276329885297,-0.4666195490978033,-0.0822010594717818,-0.9605367802514434,0.2657293352377699,-0.5020853959076013,-0.1904104472513305,-0.8435959440359205,10.013992309570312,0.512763261795044,1.9501526355743408
3.14,0.2027467124686303,0.09184764414208899,2.102639340828823,3.426268034816445,-93.88008117675781,82.79978942871094,-318.29022216796875,-0.3831590414047241,0.6261113286018372,20.900249481201172,0.858684432403393,-0.26364243770790957,-0.43949256033236056,-0.10227455857923706,-0.9284397644622581,0.35712675401415783,-0.5021961371968972,-0.26171027645986245,-0.8242006861073444,9.457622528076172,0.4671023190021515,1.9563300609588623
3.15,0.2027467124686303,0.09184764414208899,2.102639340828823,3.426268034816445,-93.88370513916016,82.80586242675781,-318.0808410644531,-0.34448516368865967,0.5908544063568115,20.966476440429688,0.8543137418067506,-0.3197627997630445,-0.409755759505401,-0.12130085242913453,-0.8892505009827403,0.44104381834678397,-0.5054049205934923,-0.32708607183682514,-0.7984864230844764,9.116106033325195,0.09841906279325485,1.9556890726089478
3.16,3.1449138017230496,3.3328234553054883,3.370259232816581,0.9304537938362764,-93.88702392578125,82.81161499023438,-317.8709411621094,-0.3189367353916168,0.5604221820831299,21.015979766845703,0.8468898467826472,-0.3719543547273965,-0.3800362422398565,-0.13737870924315215,-0.8434395269550244,0.5193619687814757,-0.5137165343486135,-0.3876334897415485,-0.7653989809031881,8.906368255615234,-0.4500167965888977,1.951567530632019
3.17,1.390330724077195,0.8511760685903682,0.6904385299729119,2.1090705747340537,-93.89006805419922,82.8170166015625,-317.6604309082031,-0.2883515954017639,0.5149528384208679,21.084945678710938,0.8370799166373656,-0.42090024626364936,-0.34948561609539947,-0.1501985112174214,-0.7910829296532101,0.5929824665530715,-0.5260585712546196,-0.4438814944402321,-0.7254182231671981,8.986733436584473,-0.5143703818321228,1.9564201831817627
3.18,1.390330724077195,0.8511760685903682,0.6904385299729119,2.1090705747340537,-93.89280700683594,82.82191467285156,-317.44921875,-0.26226067543029785,0.46819037199020386,21.15461540222168,0.8270931725205112,-0.46724153279858416,-0.3124135624424543,-0.16271502835372254,-0.7310756251396205,0.6626101794226827,-0.5379969363461123,-0.49720597377218045,-0.6806948774065033,9.072935104370117,-0.2925330102443695,1.9588593244552612
3.19,0.4717669443811215,2.5434273533164324,0.5486111436382004,1.99242546208757,-93.89534759521484,82.826416015625,-317.2373962402344,-0.24582204222679138,0.4313427805900574,21.21457290649414,0.8168450658466416,-0.5096509086997456,-0.2702222967549476,-0.17476168660773772,-0.6650608018957841,0.7260526721084052,-0.5497476614738932,-0.5458480384166092,-0.6323190869021157,8.967958450317383,-0.18111242353916168,1.9533402919769287
3.2,2.45878343075178,0.8233714012226391,0.11859880658803426,1.17526251113652,-93.89773559570312,82.83053588867188,-317.0249328613281,-0.231979638338089,0.39203691482543945,21.27984619140625,0.8062433855812359,-0.5473717861651614,-0.22440082646208753,-0.1862355645026922,-0.5948789012215931,0.7819433530606638,-0.5615050469237748,-0.5886452417133355,-0.5815572729210585,8.632684707641602,-0.017911816015839577,1.9512028694152832
3.21,2.45878343075178,0.8233714012226391,0.11859880658803426,1.17526251113652,-93.89999389648438,82.83424377441406,-316.8117980957031,-0.22117064893245697,0.3524916172027588,21.348859786987305,0.7954846844358238,-0.5799794897298268,-0.17557878095250393,-0.1981638672309696,-0.5227940359806375,0.8291064332563958,-0.572656265618481,-0.624748099185428,-0.5308056273364951,8.415450096130371,0.3065410256385803,1.9461122751235962
3.22,2.6000506686786555,2.5234951485898183,0.9537171156709834,3.0280467989328788,-93.90216064453125,82.83756256103516,-316.5979309082031,-0.21355779469013214,0.31428030133247375,21.420516967773438,0.7847054687642991,-0.6078663830195006,-0.12139105274356674,-0.2119967333278052,-0.4471993830937231,0.8689476950996147,-0.5824900963533552,-0.6561335017779408,-0.479785489041588,8.455512046813965,0.734836220741272,1.9339821338653564
3.23,2.6000506686786555,2.5234951485898183,0.9537171156709834,3.0280467989328788,-93.90425872802734,82.84044647216797,-316.38330078125,-0.20660875737667084,0.25657856464385986,21.50566864013672,0.7736054981287163,-0.6306367588700563,-0.06190162862874854,-0.22816090941650252,-0.3683509856596584,0.9012547646352793,-0.5911659096051256,-0.6830921092542563,-0.4288450041627113,8.327278137207031,1.1183927059173584,1.92027747631073
3.24,0.17695820819217883,1.8461673985101903,0.2106583487995141,2.5603381699861387,-93.90631866455078,82.84262084960938,-316.16778564453125,-0.20263569056987762,0.17967304587364197,21.601280212402344,0.7617472598638073,-0.6478742563678789,0.00024500152803502706,-0.24618348168994086,-0.2891038492359827,0.9251014310333524,-0.5992785708107702,-0.7047537955149344,-0.379720005101515,8.014372825622559,1.4441481828689575,1.9060356616973877
3.25,0.0990782161695079,3.96141984209782,2.5982957487411373,0.5055241567645904,-93.90837860107422,82.84407806396484,-315.9512939453125,-0.20341166853904724,0.11720678955316544,21.691425323486328,0.7488172109964615,-0.6597778089644694,0.06297640283093975,-0.2654683302624461,-0.21150996819489198,0.9406328183631828,-0.6072885229799337,-0.7210802841239244,-0.3335324177716621,7.516970634460449,1.6243438720703125,1.8938325643539429
3.26,0.0990782161695079,3.96141984209782,2.5982957487411373,0.5055241567645904,-93.91043853759766,82.84497833251953,-315.73394775390625,-0.20808322727680206,0.06065880134701729,21.780017852783203,0.7346609982398737,-0.6670657595713048,0.12367897991473994,-0.28475822445146415,-0.13772586248116625,0.9486539624178401,-0.615780781831036,-0.7321576737365916,-0.29113428090175325,7.0422468185424805,1.7895570993423462,1.8969535827636719
3.27,3.7131273962571183,0.3958478025151197,0.5364827737095929,3.3611688610561625,-93.91255950927734,82.84527587890625,-315.51568603515625,-0.2174019068479538,-0.0034084958024322987,21.871492385864258,0.7189697987019136,-0.6703696268035194,0.1835401645794183,-0.30487255570315075,-0.0668632313262214,0.9500431743219071,-0.6246079997354814,-0.7390087088498527,-0.25244994535652926,6.702861785888672,2.040343761444092,1.911860466003418
3.28,2.0194538520919045,1.371074518540965,3.259995017497511,2.761078197788052,-93.91480255126953,82.84490966796875,-315.2965087890625,-0.23178701102733612,-0.07207199186086655,21.96410369873047,0.701548583016545,-0.6698856869118103,0.24306943892264682,-0.32590347713247303,0.0017332505130945863,0.9454014593999858,-0.6337322062673176,-0.7424622295533634,-0.2171021152043599,6.551384449005127,2.2479796409606934,1.9046183824539185
3.29,2.0194538520919045,1.371074518540965,3.259995017497511,2.761078197788052,-93.91722106933594,82.84380340576172,-315.076416015625,-0.25319164991378784,-0.14985667169094086,22.058286666870117,0.6827215014447335,-0.6650708136332258,0.3026089296737411,-0.3465208440225652,0.06990739563520043,0.9354337286485838,-0.6432842731817227,-0.7435010214443166,-0.18273361756480466,6.611610412597656,2.211960554122925,1.8871327638626099
3.3,2.0536842843191696,4.065878729546338,0.22993702697393847,2.2348165362150856,-93.91989135742188,82.84188842773438,-314.8553466796875,-0.2815234661102295,-0.2327440232038498,22.152475357055664,0.6633100406531736,-0.6555765271026797,0.36088669562713854,-0.36410913340248136,0.13858777189298477,0.9209874963617216,-0.653792267422596,-0.7423023956540405,-0.14677474055399647,6.744081974029541,1.9887233972549438,1.8777928352355957
3.31,3.3319282617617203,1.831037133192108,0.6291823172905519,2.572485552132576,-93.92286682128906,82.83917999267578,-314.63336181640625,-0.3138561546802521,-0.3115237355232239,22.244583129882812,0.6433130059050027,-0.6418164347103168,0.4173967424036845,-0.37920059741397716,0.20650405313032438,0.9019772629959312,-0.665097950195573,-0.7385307983940047,-0.11053043232142568,6.492955684661865,2.172443389892578,1.8702123165130615
3.32,3.3319282617617203,1.831037133192108,0.6291823172905519,2.572485552132576,-93.92618560791016,82.83570861816406,-314.41046142578125,-0.34910857677459717,-0.3845117390155792,22.33440589904785,0.62074579691009,-0.625659192400739,0.4724671740797585,-0.3962124110208306,0.2696682501261327,0.8776643778956569,-0.6765281819492208,-0.7320038318467773,-0.08049850427254662,6.142673969268799,2.630457878112793,1.8555529117584229
3.33,1.3817034178164302,1.832954661330998,1.8634302243136447,3.978333848018656,-93.92987060546875,82.83151245117188,-314.1866760253906,-0.3881591856479645,-0.45410627126693726,22.422521591186523,0.5952020354760386,-0.6065953204139052,0.5270452107904331,-0.41512040728281363,0.3294764808322306,0.8480096084572153,-0.6880476614468878,-0.7235242676167541,-0.055705024433243544,5.988617897033691,3.030015468597412,1.8337066173553467
3.34,3.8069223784814556,1.4221823103734383,2.1565305242177257,2.452229639477165,-93.93396759033203,82.82662963867188,-313.9620361328125,-0.4332185983657837,-0.5236494541168213,22.50933074951172,0.567064151549842,-0.5847026798258991,0.5801387973851343,-0.4345087696895659,0.38600517351179164,0.8137580322706446,-0.6997430793440672,-0.7135284032374212,-0.03516874583402979,5.695553302764893,3.1011781692504883,1.8137743473052979
3.35,3.8069223784814556,1.4221823103734383,2.1565305242177257,2.452229639477165,-93.93855285644531,82.8210220336914,-313.73651123046875,-0.4864714741706848,-0.5954853296279907,22.594955444335938,0.538156403351147,-0.5608116376819686,0.6291883601693739,-0.45148621890324925,0.4385584728987977,0.777062841724607,-0.7117217712509606,-0.7022512177911426,-0.0171856753795826,5.613038063049316,3.0954043865203857,1.7955381870269775
3.36,2.4781956290827414,1.4986088113070823,2.446028566213284,1.093910913587984,-93.94371032714844,82.8147201538086,-313.5101318359375,-0.546451210975647,-0.666765034198761,22.679210662841797,0.5076610458131664,-0.5327898778088127,0.6770636666284437,-0.4671989336303204,0.49004120829560777,0.7359244326606313,-0.7238821858414348,-0.6899235901726011,-0.00014403046641003892,5.840118885040283,3.2573931217193604,1.7754579782485962
3.37,1.7226826103206114,0.708228857416513,1.5039684770114379,3.6461486666209764,-93.94947052001953,82.8077392578125,-313.2829284667969,-0.6037377119064331,-0.7267205119132996,22.762065887451172,0.47507294212742407,-0.4995611021441418,0.7243924384495766,-0.4819454380323735,0.5410526612251667,0.6891956271922718,-0.7362297837076255,-0.6765358253675081,0.01627828541731874,6.126519203186035,3.433443307876587,1.7600750923156738
3.38,1.7226826103206114,0.708228857416513,1.5039684770114379,3.6461486666209764,-93.95577239990234,82.80021667480469,-313.0549011230469,-0.6579169034957886,-0.7760740518569946,22.843788146972656,0.4408933715934929,-0.4613103676388676,0.7699388154871889,-0.494893444740306,0.5906935005130843,0.6373081411724417,-0.7487947070045275,-0.6620226077412252,0.032133372084360234,6.169722080230713,3.3863649368286133,1.7425795793533325
3.39,1.437723365368573,3.1351680159782322,0.3727319397850754,1.6644851652912294,-93.96263885498047,82.79222869873047,-312.8260498046875,-0.7144827246665955,-0.8208224773406982,22.924392700195312,0.40744371808175506,-0.4206033228432099,0.8106062307982622,-0.5042116277798896,0.6364633935050631,0.5836822621423174,-0.7614198913919106,-0.6465347581849483,0.04724992541222883,5.9736175537109375,3.133061408996582,1.7202574014663696
3.4,1.4497085607843085,3.378164861537421,0.17377954149309818,1.991524428448909,-93.9700698852539,82.7838363647461,-312.5964050292969,-0.7700293660163879,-0.8590419888496399,23.004108428955078,0.37480513667369686,-0.37913355676553395,0.846037147918061,-0.5102837839110973,0.6775298193696814,0.5296827387618549,-0.7740358967130555,-0.6302468484643159,0.06047595059536909,5.604743957519531,3.208247184753418,1.7049857378005981
3.41,1.4497085607843085,3.378164861537421,0.17377954149309818,1.991524428448909,-93.97804260253906,82.77507781982422,-312.3659973144531,-0.8258386850357056,-0.8922513127326965,23.083097457885742,0.33935528775300505,-0.33924183247627615,0.87735566777232,-0.5155344883494289,0.7130771222825548,0.4751265189394537,-0.7868050457364695,-0.6135438018392564,0.06709562748990144,5.036734104156494,3.6163322925567627,1.695417046546936
3.42,2.538029940069125,3.4224344884215165,1.870619336400799,0.3765431802395684,-93.9865951538086,82.76599884033203,-312.1347351074219,-0.884531557559967,-0.9223474264144897,23.161685943603516,0.2996787923035882,-0.3026336771977212,0.9047681906815955,-0.5204062927725643,0.7429866968376402,0.42088960401156084,-0.7996060979545984,-0.5969787481544697,0.06516488598734116,4.388979911804199,4.0679802894592285,1.6861977577209473
3.43,2.730998107515725,1.3549560649861347,2.298494805819541,3.3839077176189303,-93.9957504272461,82.75663757324219,-311.9027404785156,-0.9502149820327759,-0.9510936141014099,23.240198135375977,0.2552709254858719,-0.26908812805558313,0.9286701965397233,-0.5246698701252546,0.7682228485290069,0.36681764186135696,-0.8121319363159749,-0.580883150330185,0.05492252432422168,4.057245254516602,4.589810848236084,1.6814689636230469
3.44,2.730998107515725,1.3549560649861347,2.298494805819541,3.3839077176189303,-94.00563049316406,82.74697875976562,-311.6699523925781,-1.0291624069213867,-0.9801674485206604,23.318933486938477,0.20632392036201996,-0.23513786681445348,0.9498108356280187,-0.5277014096625395,0.7906941625514347,0.31037713116022925,-0.8239912997881808,-0.5652547433653554,0.039056535641946666,4.002319812774658,4.811083793640137,1.6708649396896362
3.45,0.8315549843723414,1.2991129753902808,2.9107492566849693,1.0516778958545665,-94.016357421875,82.73704528808594,-311.43634033203125,-1.116815209388733,-1.0066304206848145,23.398643493652344,0.15702667580530782,-0.1999543609255649,0.9671405671526674,-0.5278262189596479,0.8106996178485063,0.25330932118468746,-0.8347107916304282,-0.5502584694188124,0.02176031177555071,3.9678187370300293,4.700531482696533,1.652228593826294
3.46,0.27335105565305723,3.0254208693771134,0.9264939909226372,1.0269290130318842,-94.02791595458984,82.72688293457031,-311.20196533203125,-1.1903725862503052,-1.0241988897323608,23.479877471923828,0.10905399031448731,-0.1633566805733344,0.9805211992142493,-0.5247281181772198,0.8283136510248326,0.1963591034816207,-0.8442556657735154,-0.5359207874658098,0.004613065287296714,4.0233635902404785,4.527109146118164,1.642006278038025
3.47,0.27335105565305723,3.0254208693771134,0.9264939909226372,1.0269290130318842,-94.04010009765625,82.71659851074219,-310.96673583984375,-1.2456597089767456,-1.0337880849838257,23.562028884887695,0.062290412538073214,-0.12553059870456384,0.9901323009046368,-0.518564133502575,0.84357020953657,0.13957270874763028,-0.8527667582349585,-0.5221411402784701,-0.01254932978842982,3.834737777709961,4.5514020919799805,1.641054630279541
3.48,1.0162947706276584,1.1742552579949521,2.3559493329253334,3.3506602468998525,-94.05281066894531,82.70622253417969,-310.730712890625,-1.2956517934799194,-1.039381742477417,23.64457893371582,0.014270622601328775,-0.09038969152620044,0.9958042242310327,-0.5098170981253866,0.8560721076288906,0.08501219323625914,-0.8601644469458037,-0.5088911968246528,-0.03386552826684025,3.352800130844116,4.770366668701172,1.6424508094787598
3.49,1.0162947706276584,1.1742552579949521,2.3559493329253334,3.3506602468998525,-94.0660629272461,82.69580841064453,-310.4938659667969,-1.3571760654449463,-1.0428696870803833,23.72797203063965,-0.03458290842134848,-0.058963585356125614,0.9976609233838273,-0.4985088767629647,0.8662209170042496,0.03391493377324667,-0.8661945060052317,-0.4961699492575778,-0.05935030935121377,2.9584732055664062,4.674434185028076,1.6382969617843628
3.5,3.903289689027671,1.559353921106347,1.3558767272514998,4.107525562082057,-94.07998657226562,82.68535614013672,-310.25616455078125,-1.429836392402649,-1.043495535850525,23.812482833862305,-0.07996554196590966,-0.02992037932648292,0.9963484746809511,-0.48476091057239024,0.8745553191812292,-0.012643309410341724,-0.8709835656768304,-0.48400182292299065,-0.0844385204044732,2.6844661235809326,4.265524864196777,1.6291792392730713
3.51,0.3579244496969914,3.854213501745597,0.5727815778753154,2.323750693725991,-94.0947036743164,82.67491912841797,-310.0176086425781,-1.5176602602005005,-1.0402402877807617,23.898853302001953,-0.12121254130749748,-0.002652369488041678,0.9926230325586234,-0.4691229348250264,0.8814228627580044,-0.05493094782213917,-0.8747749378274008,-0.47232054999077,-0.10808379251989775,2.489880323410034,4.0520734786987305,1.612092137336731
3.52,0.3579244496969914,3.854213501745597,0.5727815778753154,2.323750693725991,-94.11030578613281,82.66454315185547,-309.7781677246094,-1.6005510091781616,-1.0337104797363281,23.98503875732422,-0.16141457353696576,0.022336016864489994,0.9866338924852055,-0.45187708699194795,0.8871127843484491,-0.09401067012426206,-0.8773553634084369,-0.4610119414897737,-0.13309979752906653,1.9813944101333618,4.144063949584961,1.6011050939559937
3.53,2.8169347106729363,2.8983443234191304,0.4966867615383409,0.19912535544484603,-94.12665557861328,82.65425109863281,-309.53790283203125,-1.6683499813079834,-1.02535080909729,24.0693359375,-0.20256542319491394,0.04064923342165791,0.9784246977402489,-0.43291692427243944,0.8924843919386878,-0.12670653820668526,-0.878379295068114,-0.4492429743112994,-0.16318873744097911,1.1339094638824463,4.339548587799072,1.602688193321228
3.54,1.7074390842867524,4.131769945098257,3.434797009003513,3.6727108218259263,-94.1436538696289,82.64405059814453,-309.29681396484375,-1.7301510572433472,-1.0154353380203247,24.152036666870117,-0.24585963375436193,0.05229244441242076,0.9678938685349467,-0.4122007517846847,0.8981156939166115,-0.15322774085923194,-0.8772933264982195,-0.43663909650655086,-0.19925541067592412,0.653782069683075,4.794351100921631,1.6047685146331787
3.55,1.7074390842867524,4.131769945098257,3.434797009003513,3.6727108218259263,-94.16133880615234,82.63396453857422,-309.0548400878906,-1.8167052268981934,-0.9992063641548157,24.239112854003906,-0.2928842513676,0.06159833388411773,0.954161653266123,-0.38945529784572913,0.9037041247016295,-0.17788599151466616,-0.8732373023873492,-0.42370331631928754,-0.2406909085514093,0.32809728384017944,5.049962043762207,1.6087194681167603
3.56,2.708793508514646,1.2699957731966975,3.6375480492778682,0.3622562431586314,-94.18006134033203,82.62408447265625,-308.8119812011719,-1.9276351928710938,-0.9756706357002258,24.33160972595215,-0.3391560394833184,0.06758157571563769,0.938299478581216,-0.36542613857163286,0.9096246360736484,-0.1976025270499066,-0.866854611875957,-0.40989724574785186,-0.28380861473484154,-0.1501605063676834,4.929484844207764,1.6166846752166748
3.57,1.7927210740622679,1.5025837886441293,2.34770820337643,2.890933352067441,-94.1998291015625,82.61444854736328,-308.5682373046875,-2.0182044506073,-0.9537038803100586,24.417173385620117,-0.3833198484166188,0.07149516101797393,0.920844360226458,-0.3406303874382845,0.9157763297371905,-0.2128958737193493,-0.8585084932390039,-0.39527478523692217,-0.3266818195008724,-0.08294539898633957,4.838463306427002,1.625238060951233
3.58,1.7927210740622679,1.5025837886441293,2.34770820337643,2.890933352067441,-94.22038269042969,82.6050033569336,-308.32366943359375,-2.089535713195801,-0.9338623285293579,24.4942626953125,-0.4257064737154701,0.0787242529520321,0.9014302470151997,-0.3151099122138618,0.9209526937229051,-0.22924196637853372,-0.848221516740357,-0.3816393951384854,-0.3672487312667245,0.12680381536483765,4.692112922668457,1.6273874044418335
3.59,0.4228536468575954,1.8502502432959542,0.1021689173260441,0.22710951176208027,-94.24162292480469,82.59577178955078,-308.078369140625,-2.158057928085327,-0.9126001596450806,24.567493438720703,-0.4650580356465769,0.08686134116590255,0.8810085872971998,-0.28928636519049167,0.9256315493560326,-0.24396646030064048,-0.8366805975970881,-0.36832233471188136,-0.4053445884145589,0.058936573565006256,4.433472156524658,1.6245803833007812
3.6,3.372597749758146,2.5594019123721217,3.110809665721546,3.0525509058719322,-94.26345825195312,82.58673858642578,-307.8323669433594,-2.2002298831939697,-0.8968433737754822,24.625097274780273,-0.5017647569520021,0.09449675277332112,0.8598270130649512,-0.2632420815163363,0.9301856520624525,-0.2558481174761626,-0.8239755671133973,-0.3547182211452459,-0.4418588557307723,-0.14456206560134888,4.425272464752197,1.6255006790161133
3.61,3.372597749758146,2.5594019123721217,3.110809665721546,3.0525509058719322,-94.28568267822266,82.57786560058594,-307.5858459472656,-2.2559010982513428,-0.875393271446228,24.686050415039062,-0.5382375492085552,0.10099755863208505,0.8367196864974116,-0.23638358451067742,0.9348528999334997,-0.2649015976920659,-0.8089642399981916,-0.3403667854481166,-0.47929876879443806,-0.261741578578949,4.510612964630127,1.626686453819275
3.62,0.32226835495939893,2.6732373207422153,3.6707700331338033,3.4468069150310283,-94.30865478515625,82.56926727294922,-307.338623046875,-2.3398425579071045,-0.8432278633117676,24.759355545043945,-0.5736669474967727,0.1080162919673344,0.8119351661428162,-0.20904273527635878,0.939133040019923,-0.2726357789636497,-0.7919642467800634,-0.3261312830940409,-0.5161695632343325,-0.2202974408864975,4.4904985427856445,1.6247656345367432
3.63,0.03137145612187121,3.8986804702875615,3.6497101096218927,2.3128092523531816,-94.33243560791016,82.56099700927734,-307.0906982421875,-2.4167826175689697,-0.8111737370491028,24.825641632080078,-0.6068846043698815,0.11549836481197376,0.7863531043396299,-0.18164805173610962,0.9430421194879783,-0.27870333003410147,-0.7737538770689865,-0.3119802695642497,-0.5513376906427947,-0.38477474451065063,4.1872053146362305,1.6288268566131592
3.64,0.03137145612187121,3.8986804702875615,3.6497101096218927,2.3128092523531816,-94.35694122314453,82.55303192138672,-306.8421325683594,-2.4830713272094727,-0.7809091806411743,24.881948471069336,-0.6356351230319948,0.1212249857601469,0.7624122855749065,-0.1551019593044607,0.9474025192798221,-0.27994972527609935,-0.7562482215437059,-0.29619751735910665,-0.5834000840951974,-0.7843403816223145,3.77199387550354,1.6444134712219238
3.65,1.7391749307547733,0.38203636674516694,3.849133719585216,1.8901189093732427,-94.38208770751953,82.54537200927734,-306.5930480957031,-2.5444693565368652,-0.7511166930198669,24.931697845458984,-0.6607111015015907,0.12438336691505925,0.7402632088571123,-0.12933980358148123,0.9525615659785311,-0.27549533250135605,-0.7394133184911257,-0.2777683226276938,-0.6132802812601583,-1.2367454767227173,3.4486846923828125,1.666247844696045
3.66,1.2421862592850503,3.9530297503645135,0.4317201963291074,1.4030172400873506,-94.40779876708984,82.53800964355469,-306.3435363769531,-2.59568190574646,-0.7244055271148682,24.96994972229004,-0.6823774058617529,0.12604036744234365,0.7200520132215339,-0.10451016657057324,0.9580830193617742,-0.2667481079483376,-0.7234906364651695,-0.25727563776157647,-0.6406017055562672,-1.2441014051437378,3.024343729019165,1.680370807647705
3.67,1.2421862592850503,3.9530297503645135,0.4317201963291074,1.4030172400873506,-94.43396759033203,82.5308837890625,-306.09368896484375,-2.6352367401123047,-0.7016767263412476,24.994829177856445,-0.7010340378857935,0.12896359422072756,0.7013698518550763,-0.08065391129501523,0.9628633862616858,-0.25766071875529656,-0.7085522029592145,-0.23719715589009863,-0.6645985893148529,-1.3672807216644287,2.9829111099243164,1.6881797313690186
3.68,1.0083184511638308,1.7702766515646173,0.31416658431550504,1.9634830591403638,-94.46049499511719,82.52397155761719,-305.8437194824219,-2.6691372394561768,-0.6808199286460876,25.011077880859375,-0.7207183508192319,0.1296711566894335,0.6809922539318863,-0.05636000159516277,0.9681372135938164,-0.24399566773816747,-0.690933143663408,-0.21423287977718394,-0.6904459893501989,-1.9348185062408447,3.3681998252868652,1.697691559791565
3.69,1.1248956476415997,3.1982050090076553,1.7437611534973998,3.072737657595919,-94.48731994628906,82.51725769042969,-305.5934753417969,-2.6940221786499023,-0.6632132530212402,25.01422119140625,-0.7420917725187742,0.12727191475380653,0.6581045972144881,-0.03158962696463042,0.9740771739694071,-0.22399945227613627,-0.6695535054259512,-0.18701742931254656,-0.7188341842908886,-2.4725425243377686,3.6065845489501953,1.7036564350128174
3.7,1.1248956476415997,3.1982050090076553,1.7437611534973998,3.072737657595919,-94.5143814086914,82.51071166992188,-305.3432312011719,-2.7230868339538574,-0.6446133255958557,25.01801872253418,-0.7633261244889297,0.12249022775686505,0.6342943888895618,-0.007270603603942875,0.9801684893496455,-0.19803249937641143,-0.6459724189127161,-0.15577508334167367,-0.7472976364300566,-3.0060527324676514,3.5926620960235596,1.7091859579086304
3.71,2.120173610779447,2.491188380565395,3.0471326831813133,2.693583801767045,-94.54180145263672,82.50436401367188,-305.0929870605469,-2.759652853012085,-0.6246833205223083,25.027095794677734,-0.7833249939153779,0.11520802058942503,0.6108429142581101,0.016031333372414774,0.9860922587049366,-0.16542386065045064,-0.6214056245784848,-0.11978801824082337,-0.7742776507352904,-3.5977580547332764,3.4809563159942627,1.7179505825042725
3.72,2.1754929345439273,2.499463541303817,0.7029846056163311,0.8648901472015964,-94.56957244873047,82.49819946289062,-304.8427429199219,-2.797801971435547,-0.6064122319221497,25.035930633544922,-0.8018051260208392,0.1060352643032116,0.5881029353870408,0.03805225767496086,0.9911939013357411,-0.12683325920542748,-0.5963728410755675,-0.07931691294409302,-0.7987792321714897,-3.936354160308838,3.304168939590454,1.727700114250183
3.73,2.1754929345439273,2.499463541303817,0.7029846056163311,0.8648901472015964,-94.59770202636719,82.4922103881836,-304.5924987792969,-2.8250045776367188,-0.593117892742157,25.02815055847168,-0.8190381490645692,0.09698271309847355,0.5654828589240741,0.05875226640662888,0.99460585713856,-0.08548309855027263,-0.5707229464188115,-0.0367905192370301,-0.8203180944763445,-4.0693159103393555,3.373380422592163,1.7364938259124756
3.74,3.8421889655193486,4.0958480010618,3.0877839425626603,1.0662844331514962,-94.62602996826172,82.48632049560547,-304.34234619140625,-2.839967727661133,-0.5844003558158875,25.001375198364258,-0.8369571108496365,0.08851432245673788,0.5400629679197178,0.07832521310802146,0.9960484361070308,-0.04186494858854399,-0.5416345221547574,0.007261380637526103,-0.8405827245199753,-4.206497669219971,3.7055492401123047,1.7450151443481445
3.75,3.8421889655193486,4.0958480010618,3.0877839425626603,1.0662844331514962,-94.65452575683594,82.48051452636719,-304.0924072265625,-2.865387439727783,-0.5778788328170776,24.990543365478516,-0.8559873405267597,0.081149493734113,0.510588320004113,0.09649671331974825,0.9953268522569834,0.003583503131264796,-0.5079114658839783,0.05233752805494944,-0.8598178446512297,-4.177721977233887,4.119320392608643,1.7584549188613892
3.76,0.30453397335836424,2.5725202979963053,1.5717685983093617,4.137589663946386,-94.68335723876953,82.4747543334961,-303.84246826171875,-2.899662733078003,-0.5754738450050354,24.99648094177246,-0.8760657456968894,0.07624921268105861,0.47612484369340785,0.11290451084580516,0.9924060445639926,0.048814077308914475,-0.46878713788586696,0.0965209836168794,-0.8780218215251872,-3.99680233001709,4.5828986167907715,1.776368260383606
3.77,0.3821569304853519,0.016716719196189875,1.7828585591178439,0.25240677263031547,-94.71248626708984,82.468994140625,-303.592529296875,-2.9232141971588135,-0.5770588517189026,24.98741340637207,-0.896052938435701,0.07347595053951164,0.43782464093865453,0.12723599533184624,0.9873408113898599,0.09470545737141159,-0.4253235627292014,0.14056815733418823,-0.8940584209832212,-4.30617094039917,4.596827507019043,1.7904726266860962
3.78,0.3821569304853519,0.016716719196189875,1.7828585591178439,0.25240677263031547,-94.74175262451172,82.46319580078125,-303.3428649902344,-2.924163579940796,-0.5783887505531311,24.937395095825195,-0.9133282319629947,0.07084219266264867,0.401014868101045,0.13962499692744484,0.9795364118775405,0.14495957380968238,-0.3825394109531218,0.18838737098017455,-0.9045296001363454,-4.563460350036621,4.261965274810791,1.803419828414917
3.79,1.2572622998562895,0.7331049220737795,3.398182515127943,0.6134183236490125,-94.77093505859375,82.4573974609375,-303.0938415527344,-2.911691904067993,-0.5781831741333008,24.861141204833984,-0.9277977934898574,0.07027514680706623,0.36640504654903133,0.15030898030237924,0.9692769723807935,0.1947032646176787,-0.34146517367926627,0.23571922822198474,-0.9098560219125995,-4.401244163513184,3.9443066120147705,1.8176031112670898
3.8,3.582300574229928,0.20432637494612502,0.45278067918809334,3.923760882545893,-94.80001068115234,82.45159912109375,-302.8455505371094,-2.902758836746216,-0.5821256041526794,24.797258377075195,-0.9397383948919912,0.07241916272261947,0.33413652005786376,0.15964765449243773,0.9571663524985933,0.24154751097786614,-0.30233156563760866,0.2803355819639988,-0.911047521210622,-4.067857265472412,3.60627818107605,1.8329426050186157
3.81,3.582300574229928,0.20432637494612502,0.45278067918809334,3.923760882545893,-94.8290023803711,82.44572448730469,-302.5978088378906,-2.9008264541625977,-0.594151496887207,24.7576847076416,-0.9494189951197803,0.07719593542960504,0.30437535915197605,0.16798825242782114,0.9438048619877412,0.2846266493751899,-0.26529892339018796,0.3213614321001338,-0.9090342739449148,-3.8814287185668945,3.348097324371338,1.8314001560211182
3.82,2.1240814181159506,0.39598200590569155,1.4901672762459854,0.8542150757536082,-94.85799407958984,82.439697265625,-302.3503723144531,-2.9006600379943848,-0.6121838688850403,24.730690002441406,-0.9574288211167473,0.08327461424058175,0.27639716192117014,0.17509348937777464,0.9287707547851304,0.3266912227675762,-0.22950451514623926,0.3611789358184407,-0.9038127316256107,-3.9181666374206543,3.1796531677246094,1.813309907913208
3.83,2.3677118664885435,2.336655341294727,1.010168289440944,3.641611482822475,-94.8869857788086,82.43348693847656,-302.1032409667969,-2.8951919078826904,-0.6286131739616394,24.69442367553711,-0.9640680338093066,0.09040887633245243,0.24979804095981362,0.18088970069457305,0.912049635327332,0.3680276876566602,-0.19455524246261058,0.3999896220898535,-0.8956319332464262,-3.795015811920166,3.0769224166870117,1.803786039352417
3.84,2.3677118664885435,2.336655341294727,1.010168289440944,3.641611482822475,-94.91590118408203,82.42710876464844,-301.8564453125,-2.890108346939087,-0.6503890752792358,24.66809844970703,-0.9695814683703253,0.09889121306838318,0.22390244342281646,0.1853510710468137,0.8940838910522092,0.40774866795949216,-0.15986480743003728,0.43684610990462625,-0.8852167641919985,-3.8802907466888428,3.0186502933502197,1.8008984327316284
3.85,2.456723237259951,3.272530342520637,0.8884883521700851,1.672392048644832,-94.94481658935547,82.42045593261719,-301.60986328125,-2.8876559734344482,-0.6820694208145142,24.6612606048584,-0.9740391379955726,0.10776093147542827,0.19908626095336038,0.18845915266026597,0.8732339969475196,0.44938350476361877,-0.1254229063266197,0.47523674965495555,-0.870872623490931,-4.2941999435424805,2.9546782970428467,1.7969132661819458
3.86,0.8630955202224728,1.4233401569512487,1.76593833138365,3.805260859250538,-94.9736557006836,82.41345977783203,-301.36328125,-2.8833587169647217,-0.7161620259284973,24.657039642333984,-0.9776152882873099,0.11689046537113476,0.1749427541004183,0.18982634942496993,0.8486208092579286,0.49376986457094324,-0.09074307230256803,0.5159257128693413,-0.8518135674132885,-4.67706823348999,3.0982606410980225,1.7985738515853882
3.87,0.8630955202224728,1.4233401569512487,1.76593833138365,3.805260859250538,-95.00245666503906,82.4061279296875,-301.11669921875,-2.8768579959869385,-0.750886082649231,24.653366088867188,-0.980483495355406,0.1266296188417933,0.15038967706470938,0.18877655001758936,0.8200493111601377,0.5402615490938072,-0.05491383704588487,0.5581075764561576,-0.8279495175450808,-5.0739617347717285,2.9895706176757812,1.8030332326889038
3.88,2.0317340177186987,2.4596387334317846,3.0990614394498937,2.9063118959448504,-95.03118896484375,82.39842224121094,-300.8701171875,-2.8692514896392822,-0.787979245185852,24.65461540222168,-0.9819605472103715,0.13692894940968828,0.13039918149998558,0.18779312785623378,0.7867419883774441,0.5880227757951875,-0.022073170417486174,0.6019032368557791,-0.7982639091242044,-5.527065277099609,2.487142562866211,1.8051997423171997
3.89,0.3760349990487263,1.6010737978848701,2.752803245419454,3.1674852888430576,-95.05985260009766,82.39031982421875,-300.62353515625,-2.862961769104004,-0.8360200524330139,24.672882080078125,-0.9821595045412973,0.1476795064112268,0.11641937564396115,0.1879275154995198,0.7484916958819311,0.6359586701303541,0.006779126593526814,0.6464912563847458,-0.7628912759107301,-5.798748970031738,2.0460102558135986,1.8102071285247803
3.9,0.3760349990487263,1.6010737978848701,2.752803245419454,3.1674852888430576,-95.08845520019531,82.38169860839844,-300.37664794921875,-2.8568451404571533,-0.8876454830169678,24.698318481445312,-0.9814097219792423,0.15892752554347234,0.10759646476188553,0.18916375843791078,0.7062462218790572,0.6822267559801519,0.032435013461851125,0.6898973225822717,-0.7231802363142558,-6.0034499168396,1.5395511388778687,1.818205714225769
3.91,1.3334263837269442,1.0701943176168294,0.3924581292613214,1.18898766691185,-95.11698913574219,82.37257385253906,-300.1295166015625,-2.850464105606079,-0.9367868900299072,24.72470474243164,-0.97970262627752,0.1702847754799639,0.1057632228360483,0.19305843944891832,0.6595147139673462,0.7264769652357309,0.0539555652595509,0.7321498735233841,-0.6790032103585478,-6.274555206298828,0.8872742652893066,1.82537043094635
3.92,1.9629919752864398,3.5031367228122217,1.702516487967616,2.505531560304385,-95.14546203613281,82.36299896240234,-299.88214111328125,-2.843431234359741,-0.9750571846961975,24.746612548828125,-0.977200435023152,0.18128183269133485,0.11052695113244382,0.19972214784148618,0.6082099576317772,0.7682393579472062,0.0720442464888508,0.7727985148624594,-0.6305490321729397,-6.46141242980957,0.5394808053970337,1.827285885810852
3.93,1.9629919752864398,3.5031367228122217,1.702516487967616,2.505531560304385,-95.17385864257812,82.35304260253906,-299.634521484375,-2.8392457962036133,-1.0235639810562134,24.78313446044922,-0.9743821757573087,0.1916308317247927,0.1177157589234237,0.2062560763181235,0.5527709893629219,0.8074048948951135,0.08965381502371128,0.8110005287613572,-0.5781352227640982,-6.706847190856934,0.5213461518287659,1.8288452625274658
3.94,2.1160534214616433,2.1509737950469505,0.296730935633168,2.3247706223267657,-95.20223999023438,82.34246826171875,-299.38641357421875,-2.8395941257476807,-1.0928621292114258,24.84054183959961,-0.9714471663510327,0.20105830066668495,0.12596016323256284,0.21134129799550727,0.492047827996476,0.8445257786033085,0.1078204931825261,0.8470327589278794,-0.520490390452025,-7.070849895477295,0.5672770142555237,1.8333256244659424
3.95,1.479820133263527,3.6345324512882846,0.2049833238447015,1.1421827027010043,-95.23062133789062,82.3311996459961,-299.1377258300781,-2.8408210277557373,-1.1572414636611938,24.899974822998047,-0.9684657725945535,0.20938354122614763,0.13502807106832665,0.21458302325543335,0.42559549173039424,0.8791032951532615,0.12660242273903405,0.880356183645212,-0.4571048200076705,-7.4308366775512695,0.642659068107605,1.833250641822815
3.96,1.479820133263527,3.6345324512882846,0.2049833238447015,1.1421827027010043,-95.25901794433594,82.31934356689453,-298.888427734375,-2.8423335552215576,-1.2127368450164795,24.960412979125977,-0.9655947158020924,0.2164522153065044,0.14413633582127322,0.21510965850904315,0.3533512427890112,0.9104233817491639,0.14613240445294473,0.9101051245369228,-0.3877550549772796,-7.8543381690979,0.8839696645736694,1.8351759910583496
3.97,3.4046175724030814,1.0300032896139544,3.1992116550964975,3.7528894992911015,-95.2874755859375,82.30694580078125,-298.63848876953125,-2.8452913761138916,-1.26754629611969,25.026769638061523,-0.9631413348950499,0.22218993429644374,0.15162586228583746,0.21101645079213566,0.274500104404797,0.9381480427826122,0.16682573695827613,0.9355647095626779,-0.31126812832224005,-8.35448932647705,1.2560548782348633,1.8437391519546509
3.98,3.4046175724030814,1.0300032896139544,3.1992116550964975,3.7528894992911015,-95.31596374511719,82.29391479492188,-298.3878479003906,-2.853408098220825,-1.345618486404419,25.105457305908203,-0.9610099241060519,0.2268198953697094,0.15815391501368004,0.20294154505234044,0.1900690718627579,0.9605667479217667,0.18781548142112547,0.9552101773880469,-0.22868944434067573,-8.492427825927734,1.205904483795166,1.8463757038116455
3.99,1.5704323099114899,1.8093607055313714,2.746963972550273,3.605415993507202,-95.34455871582031,82.27996063232422,-298.1363830566406,-2.8665740489959717,-1.4460288286209106,25.19098663330078,-0.9583986452220621,0.23086367805185423,0.1678511215121473,0.19606641432747504,0.1051042350062161,0.9749415679703707,0.20743673254581194,0.9672926454492082,-0.14599636999113833,-8.276504516601562,0.7569227814674377,1.8403490781784058
4.0,2.3984133509731356,2.9753232805255623,2.229974212255547,0.8346832149214037,-95.37329864501953,82.26500701904297,-297.884033203125,-2.8808541297912598,-1.543343186378479,25.27426528930664,-0.9549870725353465,0.2340979355891059,0.18220276573995056,0.1923620727970285,0.021122641908096842,0.9810966654453844,0.22582410021873042,0.9719835340949664,-0.06520341408745153,-8.227160453796387,0.22483977675437927,1.8355169296264648
4.01,2.3984133509731356,2.9753232805255623,2.229974212255547,0.8346832149214037,-95.40217590332031,82.24913024902344,-297.6308898925781,-2.894871950149536,-1.628797173500061,25.35341453552246,-0.9507902617639119,0.2358078688612328,0.2009789220740226,0.19135074835838042,-0.06327368695038446,0.9794801333576874,0.24368580023792977,0.9697376395308316,0.015037993202932115,-8.22414493560791,0.02034836821258068,1.8377193212509155
4.02,0.2532443675047579,1.3855831298898542,2.4321198238366644,1.2518161019568583,-95.43119812011719,82.23246002197266,-297.3769836425781,-2.9095022678375244,-1.707669734954834,25.427963256835938,-0.9466071916387562,0.23608656738573286,0.21954033214379806,0.18866941772126194,-0.14650938009825365,0.9710503861077165,0.2614166703837139,0.9606238255650582,0.09414451764306529,-8.112515449523926,0.1502596139907837,1.8450921773910522
4.03,0.4787343459648613,0.6726549142653695,0.4891005365267586,3.867960093904856,-95.46036529541016,82.21504974365234,-297.12237548828125,-2.9221441745758057,-1.770883560180664,25.49807357788086,-0.9425581240409154,0.23513285741045928,0.2372693030513291,0.18388296082847103,-0.22776659986252532,0.956195290044884,0.2788749531984287,0.9448994207602508,0.17144633307690574,-8.046127319335938,0.027098551392555237,1.8541429042816162
4.04,0.4787343459648613,0.6726549142653695,0.4891005365267586,3.867960093904856,-95.48963165283203,82.19709777832031,-296.8670349121094,-2.932725191116333,-1.8207377195358276,25.563140869140625,-0.9377365487874462,0.2324686346907841,0.25808622387336433,0.18071339909939155,-0.3080238740338234,0.9340577928646274,0.29663585834176154,0.9225397698257771,0.24683504742165033,-8.304632186889648,-0.4503791630268097,1.8519673347473145
4.05,0.2064814792609197,0.3369015720618204,2.5214787953249767,0.7891406631291097,-95.51901245117188,82.17864990234375,-296.6111145019531,-2.943732261657715,-1.867898941040039,25.6199951171875,-0.9314641167888446,0.22652955144967332,0.2847085552890673,0.18111159250065026,-0.38999259388042523,0.9028313063802654,0.31555219884617586,0.8925189852537748,0.32223697920151245,-8.818532943725586,-1.0469112396240234,1.8375211954116821
4.06,3.9196665585356643,0.8612492573022301,1.8591194519968832,2.9174479618898186,-95.54850006103516,82.1597671508789,-296.3546447753906,-2.953150510787964,-1.905820608139038,25.668987274169922,-0.9233419738527872,0.21660636381103263,0.31705091464653007,0.18507001415474342,-0.472415710170817,0.8617264569714483,0.3364352674473973,0.8543448249625937,0.39611391149167313,-8.961663246154785,-1.6349685192108154,1.8284534215927124
4.07,3.9196665585356643,0.8612492573022301,1.8591194519968832,2.9174479618898186,-95.5781021118164,82.14048767089844,-296.0977783203125,-2.9695992469787598,-1.9571505784988403,25.697906494140625,-0.9132965880997287,0.2037463675465524,0.3526708945702483,0.19124251804384362,-0.5499786002068562,0.8129882155399036,0.35960484070385396,0.8099450333362702,0.46332861072489745,-8.701434135437012,-2.003390073776245,1.814354658126831
4.08,2.270215251543588,3.1461939541387265,0.9065216610537304,3.8008272297576378,-95.60791778564453,82.1205825805664,-295.8408203125,-2.9956862926483154,-2.023320436477661,25.702486038208008,-0.901974723050971,0.18849608816193994,0.38847242337747795,0.19717837926121548,-0.6205865550910193,0.7589420362532187,0.38413836794707784,0.7611448957904847,0.5225860329965276,-8.358222007751465,-2.183210849761963,1.7899106740951538
4.09,1.7721298496003335,0.6824340423813953,3.8457880163719205,1.8003612211252922,-95.63802337646484,82.10002899169922,-295.5838623046875,-3.0261142253875732,-2.088115930557251,25.689687728881836,-0.8896693580670383,0.1706030913098673,0.42353632494993976,0.20192800996957103,-0.6849370468470386,0.7000616548891863,0.4095284020752562,0.7083472503595778,0.5749179600618793,-8.444754600524902,-2.283313274383545,1.7677860260009766
4.1,1.7721298496003335,0.6824340423813953,3.8457880163719205,1.8003612211252922,-95.6684341430664,82.07886505126953,-295.32708740234375,-3.055753469467163,-2.1419804096221924,25.66664695739746,-0.8762574828651374,0.1486555022602422,0.45833870158498374,0.20534932373838488,-0.7453010883507257,0.6343169104977511,0.4358950320467551,0.6499444817451556,0.6225493487957234,-8.409119606018066,-2.6056642532348633,1.7540885210037231
4.11,3.570725278812154,0.42530113364324945,3.5413086323318224,1.989888800688053,-95.69913482666016,82.05723571777344,-295.070556640625,-3.0834600925445557,-2.1839306354522705,25.635868072509766,-0.8601287953604326,0.12489255778070354,0.4945506085354708,0.20908379798863844,-0.7980357186843892,0.5651751561441255,0.46525522115335477,0.5895259457520797,0.6603004910452958,-7.930574893951416,-3.165416955947876,1.7445751428604126
4.12,2.4804929407928613,2.0550601828155104,1.7188737166858246,2.328063367646002,-95.7301254272461,82.03519439697266,-294.81439208984375,-3.1159043312072754,-2.222508430480957,25.591520309448242,-0.8406046557410907,0.10058863029347971,0.5322271509441097,0.2129199809450632,-0.8421378163488638,0.4954482616676753,0.49804507272008663,0.5297979102741431,0.6864876399531128,-7.262734889984131,-3.6342554092407227,1.7295891046524048
4.13,2.4804929407928613,2.0550601828155104,1.7188737166858246,2.328063367646002,-95.76146697998047,82.0127944946289,-294.55877685546875,-3.151646852493286,-2.255561590194702,25.539546966552734,-0.8183094411412828,0.07632513590809581,0.5696877497082523,0.21548561349534473,-0.8781159756678611,0.4271747694485424,0.5328560864957598,0.47232066110375814,0.702123624569728,-6.844289779663086,-3.8496651649475098,1.7110084295272827
4.14,1.3226802384446739,3.606271676823336,0.21139151612823862,2.3404376681943098,-95.79316711425781,81.99009704589844,-294.30364990234375,-3.18825364112854,-2.2810263633728027,25.48611068725586,-0.7943843696872691,0.050139355399875865,0.6053424801190194,0.21553818092794358,-0.9084664551645673,0.3580949488655189,0.5678879869823216,0.41493944724599335,0.7108646069121435,-6.755615234375,-3.9161927700042725,1.6927918195724487
4.15,0.9157327392712639,0.14176892714342446,0.36762435151710904,0.12688432316460116,-95.82523345947266,81.96719360351562,-294.04901123046875,-3.2240145206451416,-2.2987000942230225,25.434858322143555,-0.7695482298196462,0.02073978536928002,0.6382518180814571,0.21259223156728585,-0.934140929624291,0.28667972840420264,0.6021628227138327,0.35630125582644534,0.7144573815405698,-7.037742614746094,-3.8317787647247314,1.676797866821289
4.16,0.9157327392712639,0.14176892714342446,0.36762435151710904,0.12688432316460116,-95.85759735107422,81.94416046142578,-293.7947998046875,-3.241093873977661,-2.302417039871216,25.405942916870117,-0.7448332131904348,-0.013550322383309152,0.6671130888325614,0.20621718193740213,-0.9555227487361652,0.21083346632230843,0.6345848709213047,0.2946059493815289,0.7144993885139437,-7.21363639831543,-3.7534587383270264,1.6613547801971436
4.17,2.7485639728862066,3.0185825783304714,1.0945797374965083,3.8639237950934917,-95.89002227783203,81.92115783691406,-293.5408935546875,-3.241884231567383,-2.297483444213867,25.39573097229004,-0.71978059900761,-0.04998538469667574,0.6923997043680558,0.1967715005680232,-0.9711882014410325,0.13444126578525156,0.665730325174131,0.23301274363960772,0.7088781245355847,-7.046322345733643,-3.772747039794922,1.6451067924499512
4.18,3.5036855483641727,2.5090278858128876,3.278863361313994,1.3235304234963126,-95.92253875732422,81.898193359375,-293.2870788574219,-3.270570993423462,-2.294992685317993,25.3597412109375,-0.6942935920650379,-0.08798913497199992,0.7142928812079163,0.1844474397647858,-0.981104173136043,0.058427248944799705,0.6956547635010077,0.1723151577253756,0.6974037112293254,-7.142456531524658,-3.785965919494629,1.625069499015808
4.19,3.5036855483641727,2.5090278858128876,3.278863361313994,1.3235304234963126,-95.95552062988281,81.87525939941406,-293.03375244140625,-3.3281772136688232,-2.290147304534912,25.30098533630371,-0.6687452819017916,-0.1288650857283088,0.7322387162765491,0.16930189375716082,-0.9853850235624619,-0.018794257342206674,0.7239589882751176,0.11140083042348335,0.6807886884170639,-7.062376022338867,-3.7444281578063965,1.6079251766204834
4.2,3.4115950437942892,3.1207694113524993,3.4996490518270185,0.19810554930665014,-95.9891128540039,81.85240936279297,-292.7810363769531,-3.391345262527466,-2.2782175540924072,25.2449951171875,-0.6437534992705765,-0.16892626178101622,0.7463547080695476,0.15145053903171068,-0.98416291918155,-0.09211993668611804,0.7500961047785093,0.05373329125171561,0.6591422964788151,-6.596216678619385,-3.656529664993286,1.5973557233810425
4.21,3.296472315106806,3.860112510146684,2.980454543658641,0.08279474564585401,-96.02334594726562,81.8297119140625,-292.5288391113281,-3.4554710388183594,-2.2597079277038574,25.197301864624023,-0.6198794488363315,-0.20639032390472556,0.7570683609218312,0.13129961450311894,-0.9784694961979967,-0.15924150288593253,0.7736342030583303,0.0006922489007436111,0.6336321019722415,-6.029103755950928,-3.456064224243164,1.5929535627365112
4.22,3.296472315106806,3.860112510146684,2.980454543658641,0.08279474564585401,-96.05821990966797,81.8072280883789,-292.2770690917969,-3.5199077129364014,-2.235527276992798,25.158916473388672,-0.5984937785211029,-0.24047239473128768,0.7641846795400526,0.1095694920200656,-0.9694931506954743,-0.2192659507835799,0.793599220948457,-0.047497980238766724,0.6065840571456192,-5.509936809539795,-3.0675690174102783,1.595152497291565
4.23,3.4429600949464136,0.06580200325755223,2.2060321362784308,2.6690297175001056,-96.09375,81.78501892089844,-292.025634765625,-3.585299491882324,-2.206239700317383,25.12885284423828,-0.5809412383261655,-0.27159654353895235,0.7672956373848061,0.08721968677913729,-0.9580309935383325,-0.27307387582503184,0.8092589226262574,-0.09171659041661825,0.5802482771987691,-5.079988956451416,-2.578416109085083,1.6007627248764038
4.24,3.4429600949464136,0.06580200325755223,2.2060321362784308,2.6690297175001056,-96.1299057006836,81.76311492919922,-291.77447509765625,-3.644881248474121,-2.174870491027832,25.111154556274414,-0.5666999932986214,-0.29970532306842695,0.7674814896268134,0.06470717244154535,-0.9448073670324055,-0.32117288340691813,0.8213793882427065,-0.1323471137794231,0.5548154125871899,-4.6230082511901855,-2.4467432498931885,1.5941481590270996
4.25,3.436320746572384,2.7255773570152546,3.4309692173343893,0.3333113787589949,-96.1666259765625,81.74153137207031,-291.5233154296875,-3.6989662647247314,-2.142401933670044,25.104862213134766,-0.5521291809522072,-0.3244260255850877,0.7680502076453787,0.04111890315844982,-0.9306646195777019,-0.3635555001225231,0.8327440202992101,-0.1691482184043211,0.5271871364767479,-4.125430107116699,-2.6554243564605713,1.5749424695968628
4.26,1.2119225759766232,0.18914898140337685,2.6486177150091565,3.289660977043399,-96.20390319824219,81.72028350830078,-291.27215576171875,-3.7583847045898438,-2.1047990322113037,25.10281753540039,-0.5366910895992093,-0.3454874543463643,0.7698058802283095,0.01634291024012982,-0.916416498198232,-0.3998921243472707,0.8436205211051332,-0.20203767153518382,0.4974788394001745,-3.551669120788574,-2.6437127590179443,1.5663061141967773
4.27,1.2119225759766232,0.18914898140337685,2.6486177150091565,3.289660977043399,-96.24178314208984,81.69941711425781,-291.02099609375,-3.814361095428467,-2.067018508911133,25.110958099365234,-0.5215494863601245,-0.36281971266441015,0.7722357084333809,-0.009044456774813137,-0.9026810147469505,-0.4302152756668044,0.8531730956137442,-0.2313630085331941,0.46751131238006466,-3.176724433898926,-2.8676719665527344,1.5615670680999756
4.28,2.4011906636471667,3.86441734551349,2.292142608304668,1.0136380129046356,-96.2801742553711,81.67892456054688,-290.76983642578125,-3.863351821899414,-2.0317344665527344,25.131317138671875,-0.5027434176549722,-0.3788342961211566,0.777002980745239,-0.037087259778223525,-0.8885754153066626,-0.45722889943083744,0.8636397345923479,-0.25868573094583336,0.43267551518231195,-3.030163288116455,-3.5000696182250977,1.550650715827942
4.29,2.937019430431252,2.7239117051053223,0.05816139755354711,0.5446948643695722,-96.31907653808594,81.65879821777344,-290.51837158203125,-3.9204297065734863,-1.9908726215362549,25.1560115814209,-0.4800989911035998,-0.39450746549837334,0.7834978100845944,-0.06795500236260779,-0.8737556034398729,-0.4815945007071004,0.8745782277161966,-0.2844556294459174,0.3926804279325917,-2.95219087600708,-3.669841766357422,1.5468056201934814
4.3,2.937019430431252,2.7239117051053223,0.05816139755354711,0.5446948643695722,-96.35856628417969,81.63910675048828,-290.26666259765625,-3.9740781784057617,-1.9515354633331299,25.191242218017578,-0.45895987861715515,-0.41033952260649503,0.7880211329696684,-0.09849989039746015,-0.857986241586605,-0.504140239258661,0.8829799552715872,-0.30900013824457334,0.3533628632912915,-2.9282188415527344,-3.220632791519165,1.5444433689117432
4.31,3.041020119538395,0.6322587862752396,3.8527491113416943,1.918924611340312,-96.39852905273438,81.61975860595703,-290.0144958496094,-4.018425941467285,-1.9174457788467407,25.238004684448242,-0.44252794450111066,-0.4264760077389976,0.7888518448724249,-0.12652271480992355,-0.841181357362438,-0.5257432136157469,0.8877843324663646,-0.3324637406528607,0.31828735472581804,-2.9255423545837402,-2.5707833766937256,1.537903904914856
4.32,2.943731955900371,2.828203152936961,2.8326449067962534,1.6626843859716152,-96.43897247314453,81.60077667236328,-289.76190185546875,-4.07339334487915,-1.8753777742385864,25.286069869995117,-0.43029782778082937,-0.44192140430735144,0.7871145099806749,-0.15215457245740266,-0.8239842373326587,-0.5458012117132223,0.8897711871528571,-0.3546201475414717,0.2873182651177264,-2.5783932209014893,-2.386033773422241,1.5320277214050293
4.33,2.943731955900371,2.828203152936961,2.8326449067962534,1.6626843859716152,-96.48004913330078,81.58228302001953,-289.5087890625,-4.142175674438477,-1.8227028846740723,25.33413314819336,-0.41804562700547576,-0.45374567038253544,0.7869896570798768,-0.1780914439031234,-0.8085758313519367,-0.5607927982437231,0.890798120423533,-0.37459310132813173,0.25721336879577783,-2.1368815898895264,-2.4163525104522705,1.529999017715454
4.34,0.13349417962695972,1.0059171860691067,0.4698207434221418,3.154216544011607,-96.52182006835938,81.5643310546875,-289.25518798828125,-4.215512275695801,-1.765924096107483,25.385713577270508,-0.4065126271197573,-0.4631674995082002,0.7875426029057185,-0.20371208956895798,-0.7943305463677717,-0.5723114254237164,0.8906451979074731,-0.39308377034214814,0.22855257806019028,-1.868642807006836,-2.288175582885742,1.531254768371582
4.35,2.9105982583417407,3.5730304676056424,3.542356722690119,1.1313022985838286,-96.56427764892578,81.54692077636719,-289.00103759765625,-4.269663333892822,-1.7225083112716675,25.44703483581543,-0.3955457015137675,-0.47177174029871083,0.7880196844429127,-0.2290373561305129,-0.7802183614063333,-0.5820663175456567,0.8894298665497614,-0.4107197750047379,0.2005586670012825,-1.9971003532409668,-2.3961617946624756,1.5276165008544922
4.36,2.9105982583417407,3.5730304676056424,3.542356722690119,1.1313022985838286,-96.60723114013672,81.5299072265625,-288.7462463378906,-4.328764915466309,-1.6748744249343872,25.51082420349121,-0.3834030448334856,-0.482285016125093,0.7876568214861285,-0.2553015361171863,-0.7642558305937477,-0.5922281241714764,0.8875940687434866,-0.42815206250195664,0.16988990701834922,-2.064462184906006,-2.449122190475464,1.5278702974319458
4.37,1.9667635589280617,0.5602325724392453,2.610195224126197,0.6702994780270001,-96.65090942382812,81.51346588134766,-288.4908447265625,-4.407008171081543,-1.612216830253601,25.5739688873291,-0.37228454089576696,-0.4917906333579017,0.7871125672681525,-0.28096618511895005,-0.748561860909885,-0.6005939919869612,0.8845689478100234,-0.44474387385613756,0.14050147058911552,-1.8031469583511353,-2.2577102184295654,1.5364362001419067
4.38,3.198528230820465,4.153359020640758,3.117142381916329,3.4442091281512366,-96.6953125,81.49761199951172,-288.2347717285156,-4.468421936035156,-1.5617578029632568,25.643239974975586,-0.362572363477844,-0.49880940380163274,0.7872296106735,-0.3056822230771258,-0.7343242561119058,-0.6060744718104558,0.8803974441902458,-0.4603879511507185,0.11376851365174438,-1.3755284547805786,-2.2049174308776855,1.5417691469192505
4.39,3.198528230820465,4.153359020640758,3.117142381916329,3.4442091281512366,-96.74031066894531,81.48226928710938,-287.9779968261719,-4.541666030883789,-1.5018723011016846,25.713380813598633,-0.35283794491473913,-0.5029358173919712,0.7890253153179645,-0.33036800870275695,-0.7219877068014707,-0.6079397421236158,0.8754212491447295,-0.47517293148055384,0.08859075422445724,-1.1828205585479736,-2.1994402408599854,1.5433437824249268
4.4,1.0813574957774004,1.2355565997575615,2.043312741297711,4.0275354115695015,-96.78621673583984,81.46765899658203,-287.7204895019531,-4.639995574951172,-1.422593593597412,25.782957077026367,-0.3435759198652803,-0.507317288077454,0.790306748361966,-0.3545642416031549,-0.709180471280999,-0.6093826857813073,0.8696204838118212,-0.4895837296841036,0.06378076327151047,-1.304219365119934,-2.116995334625244,1.544516921043396
4.41,2.5983268985353165,0.5399052065108141,3.257347997188626,1.6761929608149606,-96.83306884765625,81.45378875732422,-287.4623107910156,-4.721546173095703,-1.3560359477996826,25.85612678527832,-0.3342405015599308,-0.5132128784309575,0.7905035284738315,-0.3786894400259392,-0.6949305655656166,-0.6112821092224876,0.8630629149313549,-0.5036705773174208,0.03792564323685831,-1.5348461866378784,-2.340334177017212,1.5406920909881592
4.42,2.5983268985353165,0.5399052065108141,3.257347997188626,1.6761929608149606,-96.88059997558594,81.44049072265625,-287.203369140625,-4.783416748046875,-1.3043243885040283,25.931901931762695,-0.32206208116269763,-0.520267620918269,0.7909472918603343,-0.40482843432817733,-0.6795435160108961,-0.6118288556507825,0.8557978468286475,-0.5172448283662137,0.008236072599097621,-1.3836288452148438,-2.7206058502197266,1.5346150398254395
4.43,0.18366020580962927,3.7078715445684742,0.36231854548254205,3.772470663732309,-96.92871856689453,81.42768859863281,-286.94366455078125,-4.841428756713867,-1.2554301023483276,26.0085391998291,-0.3073486740305671,-0.524273633789942,0.7941498281082369,-0.4326330628067316,-0.6663239849266439,-0.6073227972651318,0.8475644078995526,-0.5302353289098791,-0.022024314693389762,-0.8248741030693054,-3.009428024291992,1.5306854248046875
4.44,1.3981883976152891,2.825827980462068,1.9054737742700798,2.6126222159504477,-96.9774169921875,81.41537475585938,-286.6831970214844,-4.898655891418457,-1.2074594497680664,26.085323333740234,-0.2906014835260329,-0.5259929550169867,0.7993010628323769,-0.4614853968842436,-0.6547265774809183,-0.5986353958819304,0.8382016501028027,-0.5428301023456801,-0.05247355288445321,-1.0183380842208862,-3.1735968589782715,1.5285829305648804
4.45,1.3981883976152891,2.825827980462068,1.9054737742700798,2.6126222159504477,-97.02669525146484,81.40354919433594,-286.4219665527344,-4.958067893981934,-1.1582345962524414,26.161907196044922,-0.27296783166154465,-0.5324534611305052,0.8012377141698586,-0.49049474730185283,-0.6394521613484562,-0.5920437789691563,0.8275889473327238,-0.5546117967343763,-0.08661575593262773,-1.5882391929626465,-3.2480058670043945,1.5277931690216064
4.46,2.4589058936021457,1.5399810183856129,2.291222082081674,1.0940768979916973,-97.07657623291016,81.39221954345703,-286.15997314453125,-5.0192437171936035,-1.1076011657714844,26.23787498474121,-0.25487807967362536,-0.5425159684829309,0.8004458685276051,-0.5194725943081667,-0.6213705273174123,-0.5865551052919268,0.8155889824320995,-0.5653097307868563,-0.12344845083298579,-1.9183963537216187,-3.3180487155914307,1.5274492502212524
4.47,2.7708305956217343,2.8659285996149424,3.091022716252856,2.0858280944931433,-97.1270523071289,81.38138580322266,-285.897216796875,-5.074682712554932,-1.0607147216796875,26.311542510986328,-0.2366147972286336,-0.5544105330274458,0.7978987395657897,-0.5482678329759121,-0.6017895515386308,-0.5807337763406146,0.802132047144577,-0.5748724176086004,-0.16157314881035456,-1.8879870176315308,-3.327122211456299,1.5259950160980225
4.48,2.7708305956217343,2.8659285996149424,3.091022716252856,2.0858280944931433,-97.17808532714844,81.37101745605469,-285.6337585449219,-5.136877059936523,-1.008378267288208,26.384708404541016,-0.21881284385783314,-0.5649443785423839,0.7955870716120312,-0.5763777931854496,-0.5830667493413919,-0.5725572507052317,0.7873433678424673,-0.5838416009208509,-0.1980389005944522,-1.642881155014038,-3.285515069961548,1.5257110595703125
4.49,0.200563177947365,2.7605133539723856,1.2906422722997855,2.8314219196678847,-97.22981262207031,81.3612289428711,-285.3695373535156,-5.208734512329102,-0.9487391114234924,26.457977294921875,-0.20157003207807137,-0.5739827306961914,0.7936708052023767,-0.6036662372568841,-0.5653115858885551,-0.5621475650185478,0.7713342959859628,-0.5924243713105585,-0.23254412078813977,-1.4417366981506348,-3.2423956394195557,1.5272136926651
4.5,0.200563177947365,2.7605133539723856,1.2906422722997855,2.8314219196678847,-97.28221130371094,81.35201263427734,-285.1046142578125,-5.266916275024414,-0.8986212015151978,26.524587631225586,-0.18458182075031052,-0.5827104395289315,0.7914405189984272,-0.6302915368072963,-0.5476901465017254,-0.5502436569866255,0.7540968970083334,-0.6004032370739835,-0.26618381399605257,-1.631587266921997,-3.310319185256958,1.5289071798324585
4.51,1.3202552255811821,3.465880991723666,4.159167891379188,1.5659423876190923,-97.3351058959961,81.34323120117188,-284.8390808105469,-5.3109331130981445,-0.8580431342124939,26.5830020904541,-0.16678269971175688,-0.59497969421619,0.7862459504170862,-0.6570027138487222,-0.5275325897967315,-0.5385692162552254,0.735208110042505,-0.6063897510452849,-0.30291996427268597,-2.1776249408721924,-3.4884064197540283,1.5296494960784912
4.52,3.3561866949480823,3.1407638548761363,4.167147354601644,0.00954040835901203,-97.38846588134766,81.33486938476562,-284.5729675292969,-5.363503932952881,-0.8108441233634949,26.64044189453125,-0.14799948919063907,-0.6109924327937346,0.7776788529130156,-0.6839951408695104,-0.504711949582152,-0.5267034224455753,0.7143156154433479,-0.6098803940263839,-0.3432187444123853,-2.421260118484497,-3.672755718231201,1.5364735126495361
4.53,3.3561866949480823,3.1407638548761363,4.167147354601644,0.00954040835901203,-97.4424057006836,81.3270263671875,-284.3062744140625,-5.425099849700928,-0.7565997242927551,26.697263717651367,-0.12907003102152514,-0.6265642707494696,0.7686079245703153,-0.7107500728728691,-0.48204565238507247,-0.5123146717866479,0.6915021771500892,-0.6124126089793015,-0.38311295378758903,-2.0437467098236084,-3.6192407608032227,1.5483558177947998
4.54,4.15171423830741,3.5626587718716953,4.1248277303440455,3.388919402261195,-97.49695587158203,81.31973266601562,-284.0390625,-5.485830307006836,-0.7023941874504089,26.749357223510742,-0.11220895432197579,-0.6377180883231681,0.7620530102265934,-0.7356714397141375,-0.4622125363058573,-0.4951233220831297,0.667979553099417,-0.6161779054032612,-0.41728659879506413,-1.3445115089416504,-3.3463234901428223,1.5610123872756958
4.55,2.1591638614642417,3.905581718762035,1.868174552025722,0.24190343806214057,-97.55215454101562,81.3130111694336,-283.77130126953125,-5.560302257537842,-0.6395500302314758,26.80510902404785,-0.09761023047554523,-0.6440887724611883,0.7586974997296024,-0.7585116835757817,-0.4453907648385172,-0.47569642890775754,0.644307588645007,-0.621913755906717,-0.4450741639642277,-0.8380007743835449,-3.1807570457458496,1.5676413774490356
4.56,2.1591638614642417,3.905581718762035,1.868174552025722,0.24190343806214057,-97.60809326171875,81.30691528320312,-283.50299072265625,-5.622650146484375,-0.5851499438285828,26.84981346130371,-0.08448477976053008,-0.6481415552197936,0.756818899331988,-0.7796810231173772,-0.4299442298803368,-0.45524220079342825,0.6204513068561099,-0.6285383708174634,-0.4690199273279057,-0.6562030911445618,-2.8825438022613525,1.5743471384048462
4.57,2.1574971342752596,2.894326071538504,0.041415113393708666,3.7063190524238814,-97.66451263427734,81.30126953125,-283.2343444824219,-5.6622490882873535,-0.5454702973365784,26.87685203552246,-0.07489643063317987,-0.6516548845944138,0.7548088738632122,-0.7980770049917031,-0.41466169126014796,-0.4371827717382592,0.5978826128780486,-0.6351390345314283,-0.4890140979896209,-0.6132073402404785,-2.360151529312134,1.586201548576355
4.58,0.6242669525511039,3.3800623931097915,1.90054561239416,3.960062077991896,-97.7213134765625,81.29600524902344,-282.9654846191406,-5.699532508850098,-0.5076680779457092,26.898937225341797,-0.06910824429336664,-0.6558929959741675,0.7516837289729764,-0.8137642735256223,-0.39879404214276354,-0.42278956832536896,0.57707170932563,-0.6409116084012415,-0.5061823312923212,-0.9246436953544617,-1.991115927696228,1.5866619348526
4.59,0.6242669525511039,3.3800623931097915,1.90054561239416,3.960062077991896,-97.77850341796875,81.29112243652344,-282.69635009765625,-5.740421772003174,-0.468051016330719,26.920318603515625,-0.06486906008397367,-0.6641016631943084,0.7448227883103307,-0.8281202091612285,-0.380632316371146,-0.41150450655211457,0.5567844504137893,-0.6434967138039553,-0.5252647476282084,-1.5789982080459595,-2.014385223388672,1.5824551582336426
4.6,3.3481332943437865,3.4190035793217834,2.926262539878069,3.897923553704909,-97.83612060546875,81.28665161132812,-282.42706298828125,-5.782589435577393,-0.42748361825942993,26.939390182495117,-0.0596726963822677,-0.677448594906508,0.7331456680398978,-0.8426606754105354,-0.35954245437783217,-0.4008144328946067,0.5351281672862402,-0.641710701764559,-0.5494044228232126,-2.3030648231506348,-2.2744317054748535,1.5822937488555908
4.61,3.5899636117072684,2.9467383606308952,3.8704112032839233,0.6138710881114974,-97.8941879272461,81.28260040283203,-282.1575927734375,-5.83454704284668,-0.38092005252838135,26.962648391723633,-0.05324622718753656,-0.6951955823089125,0.7168458283539532,-0.8575735511042332,-0.33594489360860535,-0.38949792413410617,0.5115979317166639,-0.6354873175732737,-0.5782935461050527,-2.7434537410736084,-2.4513468742370605,1.5786833763122559
4.62,3.5899636117072684,2.9467383606308952,3.8704112032839233,0.6138710881114974,-97.95280456542969,81.2790298461914,-281.8878173828125,-5.885338306427002,-0.33410024642944336,26.981979370117188,-0.04709196645602232,-0.7135822800650979,0.6989868927758238,-0.8720375036575732,-0.31191201723322837,-0.37717566957608295,0.4871682860264747,-0.6273047290452979,-0.6075819599094697,-2.535461187362671,-2.3736655712127686,1.5787748098373413
4.63,0.09290394329855652,3.8532991588848047,1.4599293247675322,3.561215672860056,-98.01185607910156,81.27589416503906,-281.6180419921875,-5.925764083862305,-0.29218313097953796,26.990087509155273,-0.04287767405385918,-0.7284133510380478,0.6837949218130045,-0.8851748073915545,-0.2896737480226404,-0.3640805955634556,0.46327860454272624,-0.620888967317054,-0.6323526111568663,-1.940271019935608,-2.138336181640625,1.5855547189712524
4.64,0.6429493781868375,1.050728318163018,0.7190079063114787,0.7800574579967882,-98.0712661743164,81.27316284179688,-281.3482666015625,-5.955493927001953,-0.2556825876235962,26.98614501953125,-0.04045452961824994,-0.7404191334590685,0.670926924367392,-0.8970478412912967,-0.26883055468523526,-0.350763885401923,0.4400779493089727,-0.6160435371589825,-0.6533159716834254,-2.0436503887176514,-2.092111349105835,1.5920006036758423
4.65,0.6429493781868375,1.050728318163018,0.7190079063114787,0.7800574579967882,-98.13085174560547,81.27073669433594,-281.07855224609375,-5.9584479331970215,-0.23294015228748322,26.953582763671875,-0.03820277237464279,-0.7549251380954408,0.6546973224738823,-0.9085051760898891,-0.2465934304260859,-0.3373574144562034,0.41612365133547824,-0.6076838947530818,-0.6764328428284323,-2.4211063385009766,-2.162383794784546,1.5938169956207275
4.66,2.628857442055314,0.6063422929547787,3.0056316019705456,1.534237852837131,-98.19036102294922,81.26847839355469,-280.8092956542969,-5.94183349609375,-0.21981161832809448,26.897754669189453,-0.03631933276222432,-0.7702970330628773,0.6366501291307772,-0.9194339747760267,-0.22386162183497038,-0.3233065732350232,0.3915636245813234,-0.5971000377859184,-0.7001067581310663,-2.5087761878967285,-2.1818041801452637,1.5927746295928955
4.67,2.9074521585088346,1.0128769798870678,1.1466063782994986,1.5561611671852336,-98.24972534179688,81.266357421875,-280.54058837890625,-5.934133052825928,-0.20166835188865662,26.848501205444336,-0.03475289995714238,-0.7849891404936163,0.6185339806766177,-0.9298355849390402,-0.20146465381645653,-0.30792495553898935,0.36633048047581585,-0.5858361909012697,-0.7229093556626923,-2.2509701251983643,-2.2968595027923584,1.5896143913269043
4.68,2.9074521585088346,1.0128769798870678,1.1466063782994986,1.5561611671852336,-98.30908203125,81.26445007324219,-280.2723083496094,-5.932600021362305,-0.18021170794963837,26.803823471069336,-0.03302262891997004,-0.7968914700559514,0.6032192726789145,-0.9398571955502842,-0.1805391091161082,-0.2899553104392414,0.3399675836775748,-0.5765150605418966,-0.7430023061988466,-1.8575069904327393,-2.3266549110412598,1.5817354917526245
4.69,3.104361067856792,2.742398228974207,2.0562263958633706,3.8042790805311157,-98.36837768554688,81.26275634765625,-280.0045166015625,-5.92739725112915,-0.16072744131088257,26.752948760986328,-0.03212793400336889,-0.8065848904906114,0.5902445343151631,-0.9489167397007692,-0.16084575453969066,-0.27145103492567557,0.31388663076393986,-0.5688140800637815,-0.7602142627896796,-1.5685955286026,-2.202338218688965,1.5709480047225952
4.7,1.3320650189853742,1.2706906180831425,0.35457498915231944,0.36921176856982313,-98.42766571044922,81.26126861572266,-279.7371826171875,-5.933819770812988,-0.1364447921514511,26.716012954711914,-0.032212468150863795,-0.8148840814167614,0.5787281665421085,-0.9569465847195674,-0.14197438493098782,-0.25317288167776425,0.2884711266126735,-0.5619672658411952,-0.7752271933012839,-1.516689419746399,-2.138981819152832,1.5604203939437866
4.71,1.3320650189853742,1.2706906180831425,0.35457498915231944,0.36921176856982313,-98.48700714111328,81.260009765625,-279.47027587890625,-5.928432941436768,-0.11794370412826538,26.6623477935791,-0.03293489947705902,-0.8232687285805903,0.5666955910696101,-0.9641369799527587,-0.12323318490422193,-0.23506055820987032,0.2633537094555723,-0.5541138715820608,-0.7896851531061791,-1.5625966787338257,-2.021516799926758,1.5541049242019653
4.72,3.8561637135793383,2.056750654029488,0.4329264504853815,1.6378944826953927,-98.54617309570312,81.2588882446289,-279.20404052734375,-5.902752876281738,-0.10845653712749481,26.579910278320312,-0.03507133366441609,-0.8314425715079402,0.5545027067916469,-0.9702371905952635,-0.10469759668577619,-0.218353399868271,0.2396034130408198,-0.5456570933585364,-0.8030246203739358,-1.5378177165985107,-1.7930551767349243,1.5516245365142822
4.73,3.8561637135793383,2.056750654029488,0.4329264504853815,1.6378944826953927,-98.6051025390625,81.25785827636719,-278.9385986328125,-5.885321140289307,-0.09607172012329102,26.508790969848633,-0.03908911213607052,-0.8391432368946312,0.5425040730597464,-0.9751501395224058,-0.08644935344405329,-0.20398214303839862,0.21806936213472597,-0.5369964033986689,-0.8149114160662174,-1.4649322032928467,-1.412717580795288,1.544264793395996
4.74,3.638415155577688,2.922811323293055,3.8120966878361084,1.4598330851242731,-98.66390991210938,81.2569808959961,-278.6737976074219,-5.877147674560547,-0.08056935667991638,26.45151710510254,-0.04581504736973259,-0.8460746248828924,0.5310919982110273,-0.9786513143080277,-0.06861616311840842,-0.1937354566466291,0.20035614898894194,-0.5286298811911607,-0.824868390880715,-1.358632206916809,-0.9026078581809998,1.532146692276001
4.75,1.6388998939441621,2.0669111161000058,2.390616176241204,1.1273107994932676,-98.72265625,81.25626373291016,-278.4095153808594,-5.878448486328125,-0.06192988157272339,26.40987777709961,-0.05512728366769863,-0.8518392596745878,0.5208942870414989,-0.9808969798626832,-0.051267786668299384,-0.18765055008286272,0.18655320284489443,-0.5212882980915494,-0.8327403033245886,-1.063853144645691,-0.5486947298049927,1.5286844968795776
4.76,1.6388998939441621,2.0669111161000058,2.390616176241204,1.1273107994932676,-98.78145599365234,81.2557373046875,-278.1456298828125,-5.876201152801514,-0.0447421632707119,26.363651275634766,-0.06576017309641848,-0.8555260991117535,0.5135666396612566,-0.982428699800453,-0.03458301028970513,-0.18340628453707167,0.17466954354643585,-0.5166034350814249,-0.8382192084528672,-0.7668799161911011,-0.42729705572128296,1.5338051319122314
4.77,1.003394695767352,0.9105517474455133,0.8163746262751469,0.23118302785176661,-98.84016418457031,81.25535583496094,-277.8822937011719,-5.8642120361328125,-0.03124106302857399,26.302614212036133,-0.07683840093327819,-0.8579178775833483,0.5080086371951762,-0.9835772763628248,-0.018234362079159502,-0.17956405392576164,0.16331442546420855,-0.5134631665099743,-0.8424274301522038,-0.605631411075592,-0.3958618938922882,1.540246605873108
4.78,1.9685716089271608,0.7225208229351634,1.1035019689279446,0.6220808252024572,-98.89871215820312,81.25509643554688,-277.61962890625,-5.840627670288086,-0.022058866918087006,26.223102569580078,-0.08821745945421879,-0.8593674736021211,0.5036915972717348,-0.9843908263793368,-0.002095865248942126,-0.1759838296238184,0.15229044877355286,-0.5113542340330884,-0.8457685655950946,-0.4757894277572632,-0.32817143201828003,1.5445835590362549
4.79,1.9685716089271608,0.7225208229351634,1.1035019689279446,0.6220808252024572,-98.95697021484375,81.2549057006836,-277.3578186035156,-5.811038970947266,-0.01520825456827879,26.13426399230957,-0.10013761600695725,-0.8598762271918228,0.5005849895580169,-0.9847738269946891,0.01379915384692399,-0.17329193004679483,0.14210196172705528,-0.5103160366512751,-0.8481654173625902,-0.28050917387008667,-0.2095990628004074,1.544413447380066
4.8,2.1861782749527174,3.7548079673652097,0.5345462382642929,1.5328358605171986,-99.01493835449219,81.25479125976562,-277.0968933105469,-5.78347635269165,-0.007870503701269627,26.049545288085938,-0.11268554863157156,-0.8589802490828067,0.4994546013555595,-0.9846880326908924,0.029251932519496173,-0.17185401572036269,0.13300919293395308,-0.5111724328732077,-0.8491238416541749,-0.014151865616440773,-0.07523144781589508,1.5417383909225464
4.81,1.7583094493730707,3.292785281067838,1.8859740770977365,0.8954886936521831,-99.07266998291016,81.25475311279297,-276.8367919921875,-5.764787673950195,0.002305100206285715,25.980628967285156,-0.1262157192462005,-0.8570814028241934,0.4994807915706839,-0.9840146005338589,0.04440155519975058,-0.17246381600797792,0.12563780542239042,-0.5132640361731535,-0.8489847884502344,-0.0705948993563652,0.2646099925041199,1.5413039922714233
4.82,1.7583094493730707,3.292785281067838,1.8859740770977365,0.8954886936521831,-99.13025665283203,81.25484466552734,-276.5772399902344,-5.753634929656982,0.01504433061927557,25.925235748291016,-0.14185142208978888,-0.8559820511050562,0.497164864242321,-0.982362462456233,0.05991751623052363,-0.17712674446760152,0.1218284302124534,-0.5135217808766692,-0.849384020427288,-0.2830641269683838,0.6776100397109985,1.5470404624938965
4.83,3.4886798595313686,2.3523203307680505,2.173989769960923,2.733728332792582,-99.187744140625,81.25505828857422,-276.3182678222656,-5.743149280548096,0.028348252177238464,25.87197494506836,-0.1593194622285391,-0.8553469359353394,0.49294921456599905,-0.9797763924171905,0.07576412665209896,-0.18519724073160526,0.12106002567802696,-0.5124855278919308,-0.8501194350702521,-0.39907190203666687,1.0111390352249146,1.5567108392715454
4.84,3.7830583528511372,1.9153173828369743,2.201951709769983,2.8375093524913773,-99.24513244628906,81.25542449951172,-276.05975341796875,-5.73920202255249,0.04480838403105736,25.83129119873047,-0.1782440994854388,-0.8547923820312262,0.48740027146074416,-0.9762950076317087,0.09181985675145696,-0.19600298972093183,0.1227888393626505,-0.5107828281447253,-0.850895882820248,-0.41930246353149414,1.2401394844055176,1.5588618516921997
4.85,3.7830583528511372,1.9153173828369743,2.201951709769983,2.8375093524913773,-99.30250549316406,81.25596618652344,-275.80157470703125,-5.740943431854248,0.0646045058965683,25.802034378051758,-0.1978685902919778,-0.8536835676772078,0.4817389202190119,-0.9720996956232452,0.10773431489451234,-0.2083638624219754,0.1259769929195775,-0.5095269214400002,-0.851182773311829,-0.30981341004371643,1.3634971380233765,1.5519607067108154
4.86,3.1669969474921866,2.4541789884588208,3.339769761362193,0.4905418344497476,-99.35994720458984,81.25672149658203,-275.543701171875,-5.743068218231201,0.08587667346000671,25.775068283081055,-0.21782873772140066,-0.8515618544711745,0.47685747245095755,-0.9672756265860221,0.12322780182007886,-0.2217944342656279,0.1301095816430127,-0.5095658121069406,-0.8505375828830107,-0.14367201924324036,1.4593355655670166,1.5424844026565552
4.87,1.8316762031654725,1.6603225590597714,0.7174126264136277,0.5488983623297947,-99.41739654541016,81.2576904296875,-275.2861022949219,-5.742203712463379,0.1070852130651474,25.74430274963379,-0.23820226993657181,-0.848038469978932,0.4733819092792374,-0.9617490484119312,0.13807715990167477,-0.23658712093482934,0.13527175047218387,-0.5116301900291644,-0.848490484433922,0.20788432657718658,1.6327787637710571,1.5414613485336304
4.88,1.8316762031654725,1.6603225590597714,0.7174126264136277,0.5488983623297947,-99.47476959228516,81.25885009765625,-275.0289001464844,-5.728601932525635,0.12302421778440475,25.692134857177734,-0.2595979401904406,-0.8424093136856833,0.47218159394929504,-0.9551770811889747,0.15193946009449397,-0.25406917175742716,0.1422872201576507,-0.5169728703537645,-0.8440932402868764,0.47573161125183105,1.9142183065414429,1.544233798980713
4.89,3.010061673529753,3.288508269887674,1.9317690987166138,2.9849391173124404,-99.53194427490234,81.26013946533203,-274.7723083496094,-5.705746650695801,0.13476049900054932,25.624975204467773,-0.2823367289396188,-0.8358232034962981,0.4708349434662451,-0.9472447716251281,0.1652832996678474,-0.2746065794546223,0.15170139788589773,-0.523527461885329,-0.8383947056914005,0.5321346521377563,2.235783338546753,1.5441040992736816
4.9,0.791837904902432,1.1708177565627447,3.732640355025273,3.1708581064653867,-99.58894348144531,81.2615737915039,-274.51629638671875,-5.696298122406006,0.15517356991767883,25.58349609375,-0.30635657700793145,-0.8289261142587363,0.46800335984252905,-0.9377803753636862,0.17839803981198216,-0.2978961345401886,0.16344300323576733,-0.5301468065462196,-0.8320040554000432,0.426675409078598,2.5042011737823486,1.5420260429382324
4.91,0.791837904902432,1.1708177565627447,3.732640355025273,3.1708581064653867,-99.64592742919922,81.26326751708984,-274.26055908203125,-5.694950580596924,0.18211384117603302,25.558334350585938,-0.3305632491916129,-0.8223689403405764,0.4630737136212777,-0.9272918791857868,0.19167963542704575,-0.32154111425857657,0.1756636248059791,-0.5356941695834222,-0.8259382831630653,0.31279632449150085,2.2794532775878906,1.5419871807098389
4.92,2.8727740047979307,0.4974122697824012,1.5001652044796785,2.0870687895750204,-99.70284271240234,81.26521301269531,-274.005126953125,-5.690845966339111,0.20889748632907867,25.5302677154541,-0.35228667141457326,-0.8157047135018314,0.45882449968864597,-0.9177105635026954,0.20491551405756314,-0.3403189000541853,0.1835794726520545,-0.5409579026776672,-0.8207698366481152,0.2970539629459381,1.6400902271270752,1.5449789762496948
4.93,1.0842355766415512,3.689169697520612,3.7979241786457223,0.31783947955008546,-99.75971984863281,81.2674331665039,-273.7499694824219,-5.682494640350342,0.23359517753124237,25.496206283569336,-0.3712477331422764,-0.8085585835201929,0.45651740125929574,-0.9095767504109995,0.21783871423067275,-0.3538593360278826,0.1866688397898476,-0.5466070906950868,-0.8163182177639832,0.4261520802974701,1.270665168762207,1.540901780128479
4.94,1.0842355766415512,3.689169697520612,3.7979241786457223,0.31783947955008546,-99.81649780273438,81.26988983154297,-273.49517822265625,-5.6748046875,0.2593817412853241,25.464548110961914,-0.38933989582654943,-0.8003078231385172,0.4559844665567674,-0.9016324083831291,0.22991041216220978,-0.366333458112471,0.1883439557591651,-0.5537586031861635,-0.8110967659449142,0.6040781736373901,1.260286808013916,1.547263503074646
4.95,3.999486086624772,2.0878629666858117,3.9992478184301907,4.11419818201683,-99.87322998046875,81.27262878417969,-273.24066162109375,-5.670872211456299,0.2885972261428833,25.440587997436523,-0.40767285265323244,-0.7910481287914083,0.4561202726750778,-0.8931043442146279,0.24139085825512513,-0.379598582578773,0.19017748435221046,-0.5621150340334847,-0.8048970200957383,0.7319989800453186,1.349524974822998,1.5687812566757202
4.96,2.7420527158709733,0.996038211777113,1.5276134033233013,1.0446200003314534,-99.9299545288086,81.27569580078125,-272.986328125,-5.679156303405762,0.32862117886543274,25.439016342163086,-0.4261656706110744,-0.7807558833869684,0.45694974750977546,-0.884039516167931,0.25223122064476594,-0.3935143519436384,0.1919816528894975,-0.5716639413927432,-0.7977113406898076,0.9229824542999268,1.268766164779663,1.5766319036483765
4.97,2.7420527158709733,0.996038211777113,1.5276134033233013,1.0446200003314534,-99.98678588867188,81.27918243408203,-272.7319030761719,-5.681820869445801,0.36435845494270325,25.42820930480957,-0.4439706723586445,-0.7690428928932902,0.45985114001786764,-0.875097011600585,0.26182741290495726,-0.40700322620247453,0.19260130418337962,-0.5831118544000082,-0.7892308299129254,1.2138938903808594,1.241896152496338,1.5715806484222412
4.98,0.09181439656687204,1.4583925038365744,4.170600774633129,0.8576511679555282,-100.0435562133789,81.28295135498047,-272.477783203125,-5.671356678009033,0.38867464661598206,25.395519256591797,-0.46201418493987445,-0.755570674293704,0.4643876064902051,-0.8654679395212604,0.26976697698289753,-0.42212678639282436,0.19367017988107454,-0.5969411480848569,-0.7785583646381085,1.5434646606445312,1.4012858867645264,1.5656520128250122
4.99,0.09181439656687204,1.4583925038365744,4.170600774633129,0.8576511679555282,-100.10021209716797,81.28695678710938,-272.2239990234375,-5.660737037658691,0.4126315414905548,25.36375617980957,-0.480212660208822,-0.7402318115266663,0.47058757546190777,-0.8552227496939971,0.27590838751368957,-0.4387124458064013,0.19490984936889513,-0.6131324709257746,-0.7655577860066795,1.855563998222351,1.269561767578125,1.570830225944519
5.0,3.239043302633582,0.9812761254736159,1.0597544963974237,1.5165256676731678,-100.15677642822266,81.29121398925781,-271.9704895019531,-5.651849746704102,0.4377523958683014,25.33603858947754,-0.4968226011246808,-0.7229953667277095,0.480046875525684,-0.846079086780816,0.2803863142332488,-0.4533582399194202,0.19317733284173638,-0.6313962420548281,-0.7510135175848662,2.15280818939209,0.8476267457008362,1.5867676734924316
5.01,2.0035751647747144,2.1165276728532536,1.6698389563830778,0.1683343987012429,-100.2132568359375,81.29573059082031,-271.71722412109375,-5.64518928527832,0.46415382623672485,25.312734603881836,-0.5117620537993611,-0.7037917275729533,0.492723862311272,-0.8382014524658208,0.2832118613079903,-0.46605725688873434,0.18846199981759687,-0.6515122760273525,-0.7348563320883957,2.4413721561431885,0.7440505623817444,1.590135931968689
5.02,2.0035751647747144,2.1165276728532536,1.6698389563830778,0.1683343987012429,-100.26968383789062,81.30049896240234,-271.4642333984375,-5.639000415802002,0.48991864919662476,25.291122436523438,-0.5270855702486597,-0.6827078559696608,0.5060541325124759,-0.829609326306798,0.2843008660620752,-0.4805428006547753,0.1841987169890886,-0.6731144040604563,-0.7162316885658653,2.685866594314575,1.0125198364257812,1.58854341506958
5.03,3.7063121820902802,1.887322641810663,1.9347732778976652,0.6245285743657941,-100.3260498046875,81.3055191040039,-271.2114562988281,-5.633123397827148,0.5148965120315552,25.271503448486328,-0.5438593165600978,-0.6598902455607687,0.5184225184196103,-0.8192690069708848,0.28375819974487543,-0.49827660821524333,0.18170123281839068,-0.6957198774588055,-0.6949521667719161,2.8943965435028076,1.3704547882080078,1.5923312902450562
5.04,2.655455201430651,2.4974866484762965,0.27638418378510976,1.3106686374881125,-100.38235473632812,81.3108139038086,-270.9587707519531,-5.634440898895264,0.5458475351333618,25.263629913330078,-0.5624287761785086,-0.6351535437936676,0.5293900712449097,-0.8067522611071857,0.2812486443076072,-0.5196633422453198,0.18117577355923795,-0.7193602545883937,-0.6705938884255754,3.226486921310425,1.7960952520370483,1.5920827388763428
5.05,2.655455201430651,2.4974866484762965,0.27638418378510976,1.3106686374881125,-100.43873596191406,81.31644439697266,-270.7060852050781,-5.639534950256348,0.5797304511070251,25.263187408447266,-0.583251022083957,-0.6081826023110375,0.5384534961203189,-0.7914148631034499,0.27614920960744543,-0.5453477133830589,0.1829774841256908,-0.7442147111414541,-0.6423890597011089,3.3671131134033203,2.3132855892181396,1.5857290029525757
5.06,3.6296945710071395,1.5263545238902314,3.3261440962454385,3.020249292183602,-100.49515533447266,81.32240295410156,-270.4533996582031,-5.644378185272217,0.6128718852996826,25.265743255615234,-0.6066740935510148,-0.5808891273965262,0.5426917779795055,-0.7725783638832082,0.27001644939528796,-0.5746423137182878,0.18726776517489505,-0.7678925307153758,-0.6125943563223025,3.230590581893921,2.870962142944336,1.576714038848877
5.07,2.100789575503988,0.7232048639629448,2.53070551540676,0.647043889300822,-100.55166625976562,81.32875061035156,-270.20068359375,-5.662830829620361,0.6606191396713257,25.287456512451172,-0.6320916802118343,-0.553650957267366,0.5421537838325116,-0.7504263224784142,0.26293477246694513,-0.6064038587931964,0.19318499511738307,-0.7901493042107202,-0.5816731339135508,3.3024275302886963,3.103445053100586,1.5656126737594604
5.08,2.100789575503988,0.7232048639629448,2.53070551540676,0.647043889300822,-100.60839080810547,81.33560943603516,-269.94769287109375,-5.680256366729736,0.7077471613883972,25.31212043762207,-0.6572736846376034,-0.5248045101092516,0.5408988164637607,-0.727131566920681,0.2528691499010972,-0.6382294864825442,0.1981690890890499,-0.8127960501855833,-0.547806163649453,3.6686673164367676,3.091972589492798,1.5573548078536987
5.09,1.4956433256286639,1.788052412570859,3.511039469726592,4.122229065662615,-100.66523742675781,81.34286499023438,-269.6944274902344,-5.688346862792969,0.7441529035568237,25.33180809020996,-0.6819145761633169,-0.4933386256229725,0.5400088066730404,-0.7030664107384063,0.23849394465726928,-0.669938997561144,0.20171795385492852,-0.8365032210519291,-0.5094823139838408,4.127847194671631,3.098212480545044,1.5523879528045654
5.1,2.0611640536225035,0.3783720663095911,3.206860950995178,2.9476418245870417,-100.72220611572266,81.35054016113281,-269.44097900390625,-5.709300518035889,0.7962455153465271,25.36862564086914,-0.7055529387101054,-0.4596176853310644,0.5393946922323661,-0.6788716346575433,0.22001818833680956,-0.7005178801846411,0.20329376364003257,-0.8604322054246359,-0.46725588870892537,4.280764579772949,2.835106611251831,1.5459243059158325
5.11,2.0611640536225035,0.3783720663095911,3.206860950995178,2.9476418245870417,-100.77944946289062,81.35881042480469,-269.1870422363281,-5.737699031829834,0.8577353358268738,25.416278839111328,-0.7263836325676741,-0.42541804617326046,0.5398020973726539,-0.657102452033872,0.19965638441287886,-0.7268794230780302,0.20145268890948945,-0.8826985975707125,-0.4245703710550632,4.363060474395752,2.359562873840332,1.5367703437805176
5.12,1.3713361685803982,2.9006979313662256,1.094728293433517,3.0600535478804853,-100.83695983886719,81.36768341064453,-268.9326477050781,-5.764322757720947,0.9164207577705383,25.466049194335938,-0.7441235355306064,-0.3898973490245749,0.54245757538543,-0.6385367483915261,0.17646201401365458,-0.7490874305205113,0.19634404707810096,-0.9037926835474239,-0.38027332320732,4.614926815032959,1.891525149345398,1.5263077020645142
5.13,3.4568723816630613,2.2863660247825726,1.3205079341871002,2.911482925427463,-100.89474487304688,81.37714385986328,-268.6777038574219,-5.792180061340332,0.9756730198860168,25.520090103149414,-0.7592967987224182,-0.35332948276348997,0.5464674263485173,-0.6227868374170156,0.1510574733776652,-0.7676706291612749,0.18869267762687383,-0.9232225714023896,-0.33474640709522197,4.477382183074951,1.6913654804229736,1.518232822418213
5.14,3.4568723816630613,2.2863660247825726,1.3205079341871002,2.911482925427463,-100.95281982421875,81.38721466064453,-268.4222106933594,-5.825531005859375,1.0414437055587769,25.580379486083984,-0.7738940662479374,-0.3181597082077049,0.5475969085919143,-0.6071888300702659,0.12695718026021444,-0.7843491563189684,0.18002693927336266,-0.9394978842198443,-0.29143442947308323,4.191481590270996,1.829410433769226,1.5077377557754517
5.15,1.8798492485451932,3.6643415879102506,3.6286714419635775,2.7115151433996116,-101.01126098632812,81.39801025390625,-268.16607666015625,-5.864009857177734,1.1139541864395142,25.645790100097656,-0.7890982491082518,-0.28388436951363416,0.5447326114711123,-0.5899571234654383,0.10324065344223614,-0.8008070678691627,0.1710980588045259,-0.9532843396503828,-0.24894662490312358,4.068857192993164,2.087958574295044,1.4930185079574585
5.16,1.5275858154137614,2.4908149386040077,3.3701743713045142,1.4691169432569302,-101.07011413574219,81.4095458984375,-267.9092712402344,-5.908814430236816,1.196034550666809,25.715883255004883,-0.8048320708651605,-0.2503206810885167,0.5381309267513612,-0.571033459276333,0.07947902927852127,-0.8170702982558166,0.16175946987364417,-0.9648951448340516,-0.20690875617496843,3.9321041107177734,2.20160174369812,1.4879640340805054
5.17,1.5275858154137614,2.4908149386040077,3.3701743713045142,1.4691169432569302,-101.12942504882812,81.42193603515625,-267.6517639160156,-5.951111316680908,1.2751684188842773,25.786453247070312,-0.8199978104289057,-0.2174093256278631,0.5294683900119427,-0.5519841920987113,0.055714166292755565,-0.8319912159076179,0.15138375925089817,-0.9744891568428771,-0.1656920053313532,3.905001401901245,2.165834903717041,1.4930380582809448
5.18,2.548846926125204,4.126186657897767,3.541496265021491,2.9044333316494595,-101.18912506103516,81.4350357055664,-267.3935546875,-5.987429618835449,1.3459751605987549,25.8563232421875,-0.8342210978579903,-0.18430257541203485,0.5197188861154658,-0.5334041717632946,0.030693273802482955,-0.8453034440298937,0.1398397276675088,-0.9823901890999203,-0.12391273915986181,4.003441333770752,2.109130859375,1.4998016357421875
5.19,2.638426421266653,2.384967932034631,0.24932747189141427,0.7765715590133463,-101.24920654296875,81.44890594482422,-267.1346130371094,-6.033262252807617,1.4334567785263062,25.929168701171875,-0.847564733215247,-0.15102327380732805,0.5087494410594318,-0.5152254519675026,0.004413977249958727,-0.8570433188875108,0.12718787935432416,-0.9885203526348629,-0.08155216595527198,3.9751927852630615,2.123399496078491,1.505534052848816
5.2,2.638426421266653,2.384967932034631,0.24932747189141427,0.7765715590133463,-101.30975341796875,81.46366119384766,-266.8749694824219,-6.071482181549072,1.5095620155334473,26.00100326538086,-0.8608850700534723,-0.11849870879590227,0.49480799525950625,-0.495950523458939,-0.02173745802128593,-0.8680786607212372,0.1136220684542929,-0.9927162429075473,-0.040056043585096984,3.864381790161133,2.4644455909729004,1.5041749477386475
5.21,3.924789518274119,2.554743507839638,3.045491673585787,1.3971502299091487,-101.37059020996094,81.47901916503906,-266.6145935058594,-6.095383167266846,1.5625286102294922,26.07168197631836,-0.8757812250374677,-0.08692830332021725,0.4748165076676893,-0.4723998768781167,-0.04785167061144241,-0.8800844129657305,0.09922500792347005,-0.9950646650854217,0.0008426749224841844,3.77579402923584,3.0555434226989746,1.4963985681533813
5.22,3.924789518274119,2.554743507839638,3.045491673585787,1.3971502299091487,-101.43167877197266,81.49494934082031,-266.353515625,-6.127204418182373,1.63297700881958,26.14228630065918,-0.8921836952317999,-0.05611671286291714,0.4481731456702779,-0.44385957948733523,-0.07483112639417008,-0.8929663914279785,0.08364763989412452,-0.9956159987967453,0.04185517029116261,3.9364099502563477,3.5452356338500977,1.488763689994812
5.23,3.1468838619296897,3.8866071960351407,2.6040103492960194,3.972546522467461,-101.49313354492188,81.51172637939453,-266.09173583984375,-6.166269302368164,1.7228331565856934,26.210689544677734,-0.9089304935738315,-0.024901853838034615,0.416203382407039,-0.41161289022364966,-0.10558003008230943,-0.9052224510304372,0.06648448280136149,-0.9940989663626292,0.08571498482405315,4.326963424682617,3.917652130126953,1.48148775100708
5.24,4.121599255531463,0.23411506241009292,0.06723463938888988,1.4739308596847327,-101.55500030517578,81.52945709228516,-265.8293151855469,-6.208381175994873,1.827823281288147,26.274368286132812,-0.9252285183445335,0.006173959143818936,0.3793600810186406,-0.3764374307098083,-0.1398600402290127,-0.9158242352699218,0.04740305478107287,-0.9901520344753271,0.13172660711410275,4.351350784301758,4.167757511138916,1.4713572263717651
5.25,4.121599255531463,0.23411506241009292,0.06723463938888988,1.4739308596847327,-101.61725616455078,81.54820251464844,-265.5662841796875,-6.237673759460449,1.912003517150879,26.336952209472656,-0.9403523207355075,0.03529662143457746,0.3383661646835413,-0.33918084007090965,-0.17428131556423546,-0.9244362502487617,0.02634142395804151,-0.9840630932823888,0.17585777726151106,4.364046096801758,4.475312232971191,1.450270175933838
5.26,2.6530657396740587,1.6861011398314711,0.3869770676285209,3.3648714960011294,-101.6797103881836,81.56761169433594,-265.3025817871094,-6.252386569976807,1.9676364660263062,26.400489807128906,-0.954441349531392,0.0630828361860001,0.29165436064531175,-0.29838390140032484,-0.21145664101775605,-0.9307272083455007,0.002959339422326457,-0.9753494987686302,0.22064586459293847,4.650087833404541,4.921461582183838,1.4192473888397217
5.27,3.140245497533882,1.3902528683321214,1.3021561826421222,1.1471633945803743,-101.74230194091797,81.58757781982422,-265.03826904296875,-6.26510763168335,2.028818130493164,26.457792282104492,-0.9669182366141115,0.08904158883543717,0.23904124991456807,-0.2540403578828301,-0.25134982459968047,-0.933962934082758,-0.023078567326020344,-0.9637919179632974,0.2656548862693995,4.625043869018555,5.233939170837402,1.3881018161773682
5.28,3.140245497533882,1.3902528683321214,1.3021561826421222,1.1471633945803743,-101.80500030517578,81.60819244384766,-264.7734375,-6.274354934692383,2.0932998657226562,26.5079345703125,-0.9768259899975092,0.11203987351121142,0.18236790290228572,-0.20771996421453437,-0.2908018779714336,-0.9339628923222805,-0.05160815567425675,-0.9502006811783914,0.3073357508589302,4.583474159240723,5.506157398223877,1.3634828329086304
5.29,2.988260337889033,1.9239541232422506,1.4788092476935184,1.385682133634789,-101.86778259277344,81.62943267822266,-264.50811767578125,-6.277804374694824,2.1539669036865234,26.551820755004883,-0.9837879031408755,0.13240343696275753,0.12095739545033218,-0.15898958866161528,-0.3318861307794945,-0.9298246645972704,-0.08296789940024588,-0.9339812236210453,0.3475563286611903,4.774886608123779,5.855247974395752,1.3423309326171875
5.3,2.0077887025619727,0.43374264006896984,1.7326015286103031,3.587894980038387,-101.93057250976562,81.65128326416016,-264.242431640625,-6.2759270668029785,2.216675043106079,26.586105346679688,-0.9872063952942276,0.1498139170520537,0.05458317824840854,-0.10783462913273029,-0.3751439054587387,-0.9206729837227609,-0.11745307935505007,-0.9147802142890308,0.3864995908087498,4.938209533691406,6.214272975921631,1.321516513824463
5.31,2.0077887025619727,0.43374264006896984,1.7326015286103031,3.587894980038387,-101.99329376220703,81.67378234863281,-263.9764404296875,-6.2677764892578125,2.280973434448242,26.609477996826172,-0.9863896303004592,0.16372141676381224,-0.015191936300988015,-0.05565445290806733,-0.4193855604656473,-0.9061006199889826,-0.15471935595531316,-0.8929227566625039,0.42278939382038433,4.939813613891602,6.231668949127197,1.2961504459381104
5.32,1.4176342201512844,1.3610784430797644,2.4134386090571778,2.956936010883956,-102.05590057373047,81.69690704345703,-263.7103271484375,-6.252659797668457,2.343662738800049,26.62233543395996,-0.9812230149005468,0.1739187132393475,-0.08338870555807187,-0.006704939366405566,-0.4628382826198752,-0.8864173779487726,-0.19276005503623933,-0.8692140158365224,0.4553136895106184,4.835676193237305,5.929896831512451,1.267191767692566
5.33,3.277556330362564,2.8148065908041584,1.0277805629899617,4.001817495609602,-102.11831665039062,81.72064971923828,-263.4442138671875,-6.230457305908203,2.405559778213501,26.623905181884766,-0.9723221260506304,0.1806443238337171,-0.1481799968249474,0.03764694800270581,-0.5047941647583897,-0.8624184358720315,-0.2305913929409852,-0.8441270517478627,0.48402182802947774,4.706152439117432,5.601311683654785,1.244309425354004
5.34,3.277556330362564,2.8148065908041584,1.0277805629899617,4.001817495609602,-102.18047332763672,81.74504089355469,-263.1781005859375,-6.19884729385376,2.477804183959961,26.607664108276367,-0.9601661213210253,0.18437282437037839,-0.20997066723956226,0.07809337962384344,-0.5444270073555832,-0.8351650481915353,-0.2682954407481865,-0.8182945040115647,0.5083420710291477,4.408306121826172,5.535157203674316,1.2221125364303589
5.35,3.664877856283219,1.5840714619094254,2.3980165386006607,2.4740792221896624,-102.24225616455078,81.77021789550781,-262.91217041015625,-6.157085418701172,2.5574100017547607,26.575328826904297,-0.9444151779659868,0.1858354875033592,-0.2711920780772593,0.11734844714381892,-0.5800081418696139,-0.8061140721497748,-0.3070982148766219,-0.7931303341502876,0.5259609866427789,3.963919162750244,5.700178623199463,1.1964852809906006
5.36,2.4617866501969656,2.6630968687768797,1.5727484138508885,4.133698203747735,-102.3035888671875,81.79618072509766,-262.6465759277344,-6.108441352844238,2.630852699279785,26.536640167236328,-0.9247641821251276,0.18530165999657558,-0.33237704833661075,0.15599988065541456,-0.6120684111149846,-0.7752653077177354,-0.34709544032433004,-0.768788368094687,0.537111906764659,3.846043348312378,5.8453593254089355,1.1734329462051392
5.37,2.4617866501969656,2.6630968687768797,1.5727484138508885,4.133698203747735,-102.36441040039062,81.82283782958984,-262.3814697265625,-6.052644729614258,2.699634313583374,26.49195671081543,-0.9013018247183195,0.18208529564900025,-0.39306483672270176,0.19326445632883063,-0.6430422674225336,-0.7410435157452014,-0.3876904315034736,-0.7438693349080222,0.5443845533298566,3.681457996368408,5.883267879486084,1.1520987749099731
5.38,0.6867977078015298,4.170857812591156,3.9522366202565835,2.73308094058942,-102.42462158203125,81.85016632080078,-262.11676025390625,-5.988917827606201,2.7660462856292725,26.440977096557617,-0.8744559953607048,0.17763503847686624,-0.45141168049026065,0.22822105760978084,-0.670490030982067,-0.7059449463075288,-0.42806758933746897,-0.7203394418321053,0.5457739710721087,3.2217764854431152,5.849388122558594,1.1317769289016724
5.39,2.815761097643752,3.47164973615653,0.4938471833407236,3.5442455871045206,-102.48416900634766,81.87815856933594,-261.8526306152344,-5.917065143585205,2.8308098316192627,26.385351181030273,-0.8447050462207362,0.17303420374692535,-0.506490423624071,0.260450390766823,-0.6938198040653114,-0.6714012760162,-0.4675884716699425,-0.6990516746424686,0.5410062636799384,2.7607452869415283,5.714131832122803,1.1266850233078003
5.4,2.815761097643752,3.47164973615653,0.4938471833407236,3.5442455871045206,-102.54295349121094,81.9067611694336,-261.58905029296875,-5.840811252593994,2.8899097442626953,26.33077621459961,-0.812424621363598,0.16903915084833057,-0.5580250891157941,0.28983690268313966,-0.7133516437042261,-0.6380626946214012,-0.5059256906357481,-0.6801141065328336,0.5305506551214381,2.219968795776367,5.7745561599731445,1.1221593618392944
5.41,2.7228548122410743,0.04999624449273215,3.8370115763680444,0.5608736220221923,-102.6009750366211,81.93592834472656,-261.32598876953125,-5.7623291015625,2.942376136779785,26.280895233154297,-0.7760085661971212,0.1668358425451535,-0.6082569414572573,0.31861605688714617,-0.7285932279646696,-0.6063297093642288,-0.5443294163301992,-0.6643174766677993,0.5122380078746138,1.5786192417144775,6.07919454574585,1.1082515716552734
5.42,2.4318280095506695,3.307873000985406,2.7722048500344116,3.457094266228351,-102.65823364257812,81.96556854248047,-261.0633850097656,-5.68934965133667,2.98276424407959,26.243600845336914,-0.735210540262503,0.16567673193226715,-0.6572797592982474,0.34687711236008767,-0.7411231084515079,-0.5748154547677905,-0.5823587643434635,-0.6506056859691732,0.48741205460773745,1.6646543741226196,6.145357131958008,1.0997732877731323
5.43,2.4318280095506695,3.307873000985406,2.7722048500344116,3.457094266228351,-102.71472930908203,81.99559783935547,-260.8011169433594,-5.6072306632995605,3.025271415710449,26.208005905151367,-0.6919578972703817,0.1609712856879899,-0.7037631089998311,0.3726059335135734,-0.7553237717825596,-0.5391204114951008,-0.6183519117101774,-0.6352749365149893,0.4626733927083399,1.8620619773864746,6.049054145812988,1.0946539640426636
5.44,2.6989171120919924,1.3265903359482503,3.372256229166804,0.26837692253951934,-102.77031707763672,82.02609252929688,-260.5392150878906,-5.508643627166748,3.074693202972412,26.170082092285156,-0.6465561294048904,0.15557959286983586,-0.7468334230679703,0.39563481183805566,-0.7686534210534731,-0.5026380546324141,-0.6522562894988688,-0.6204570159046052,0.4354248778192625,1.6191630363464355,5.991081237792969,1.0897902250289917
5.45,2.9894503364732956,2.477946563509117,0.37925617505113957,2.1329202966827205,-102.82493591308594,82.05704498291016,-260.2776794433594,-5.419919490814209,3.112027406692505,26.147296905517578,-0.5989965237475202,0.1498952572187625,-0.786596832183875,0.4161893828398364,-0.780939281460559,-0.4657469659410155,-0.6840976261834142,-0.6063540636750003,0.4053951002602658,1.7799962759017944,5.997610092163086,1.0883982181549072
5.46,2.9894503364732956,2.477946563509117,0.37925617505113957,2.1329202966827205,-102.8787612915039,82.08830261230469,-260.0161437988281,-5.34193229675293,3.1385133266448975,26.13885498046875,-0.5483554161419659,0.14071231477048354,-0.8243217709485198,0.43475764832353037,-0.7940811907986673,-0.4247597552075343,-0.7143473418526629,-0.5912995069266532,0.3742629667711352,1.9231388568878174,6.242241859436035,1.0810377597808838
5.47,2.8056286126889485,0.19767534510397877,2.37628731409825,3.3421131212653954,-102.93179321289062,82.11980438232422,-259.7548828125,-5.26324987411499,3.1617753505706787,26.13843536376953,-0.49257226686184885,0.13091781181754122,-0.8603679959572453,0.45214462579444936,-0.8062222307647973,-0.38153761542714426,-0.7435978747170927,-0.5769456137016218,0.33792892676816244,1.713213324546814,6.659284591674805,1.0667604207992554
5.48,2.8056286126889485,0.19767534510397877,2.37628731409825,3.3421131212653954,-102.98401641845703,82.15153503417969,-259.49334716796875,-5.18037223815918,3.183527708053589,26.145910263061523,-0.4320454185140856,0.12126494120462464,-0.8936618881745082,0.46779719866240543,-0.8170541417784927,-0.3370286491178702,-0.7710399064021227,-0.563664211598758,0.29627709884187126,1.6742208003997803,6.705378532409668,1.0493264198303223
5.49,2.2477177813550493,3.3535214105676445,2.9746190092998765,0.29788612127533876,-103.0353775024414,82.1834716796875,-259.2318115234375,-5.093543529510498,3.2034530639648438,26.162174224853516,-0.3712947357025496,0.10953610472890157,-0.9220314859051143,0.47987476510647503,-0.8274790838345712,-0.2915451519581559,-0.7948964895214844,-0.5507088228611541,0.2546750152042851,1.8378281593322754,6.390318870544434,1.0292809009552002
5.5,1.561913796136561,1.8676592466225286,0.12573752349893494,4.128191188496423,-103.08587646484375,82.21559143066406,-258.9700622558594,-5.004739761352539,3.220555305480957,26.187456130981445,-0.3111439593572544,0.09497341095454415,-0.9456053551916628,0.48833062938705496,-0.8376167863211551,-0.2448087328415048,-0.8153052391331324,-0.5379388166740524,0.21424097777359555,2.027158498764038,6.376087665557861,1.0227398872375488
5.51,1.561913796136561,1.8676592466225286,0.12573752349893494,4.128191188496423,-103.13549041748047,82.24786376953125,-258.7080383300781,-4.91985559463501,3.23323392868042,26.222625732421875,-0.2486330696096906,0.07901692572379077,-0.9653693190409689,0.49394823588010467,-0.8469860514355203,-0.19654457241195694,-0.833184695591197,-0.5257099524669735,0.17155847081906891,1.7616719007492065,6.461734294891357,1.0145926475524902
5.52,0.4968910690787417,1.229284746740963,0.442194198534829,2.3400616627988278,-103.18428039550781,82.28024291992188,-258.44561767578125,-4.839548587799072,3.2418484687805176,26.267620086669922,-0.18534939065395312,0.0672929761714629,-0.9803658800377514,0.49657995649071407,-0.8544828795839934,-0.15253640650522296,-0.8479704889887903,-0.515102576052414,0.12496153787577274,1.0766271352767944,6.3831658363342285,0.9966023564338684
5.53,0.051823488213301294,3.0390234331432526,2.3962195989220967,3.0211621966082753,-103.23233032226562,82.31266784667969,-258.18267822265625,-4.774563312530518,3.245901584625244,26.323261260986328,-0.12236240397282871,0.06142091342774386,-0.9905831179096947,0.4965192729435462,-0.8604164483324007,-0.11468281054573867,-0.8593579310680752,-0.5058764738874096,0.07478595775704389,0.464406818151474,6.259498119354248,0.984260618686676
5.54,0.051823488213301294,3.0390234331432526,2.3962195989220967,3.0211621966082753,-103.27973937988281,82.34515380859375,-257.91912841796875,-4.705272197723389,3.2487497329711914,26.386974334716797,-0.06057565536956973,0.060463796058848246,-0.9963306275241672,0.49408065470953166,-0.8654869635095862,-0.08256284053226706,-0.8673032322194745,-0.49726898692871446,0.022553448085432738,-0.10933881998062134,6.02435827255249,0.9849941730499268
5.55,3.5199920587845757,0.4377490872892159,2.0752642223865,1.07778603530512,-103.32637786865234,82.37765502929688,-257.6549072265625,-4.6213059425354,3.251429796218872,26.45820426940918,-0.0014661881881117243,0.06496892730138937,-0.9978862103353786,0.48956847302026885,-0.8700757114399499,-0.05736694681492924,-0.871963623390792,-0.48861773898168226,-0.030531043801829857,-0.7352886199951172,5.699089050292969,0.994588315486908
5.56,0.18267904380028385,4.1017878138767125,3.508900653670642,3.1072217951969408,-103.3721923828125,82.41015625,-257.38995361328125,-4.542315483093262,3.252490282058716,26.53670883178711,0.05507648274257157,0.0731978414481167,-0.9957954895740608,0.48352183684785777,-0.8745269198740728,-0.03754064073561403,-0.8735978561901241,-0.4794212577920416,-0.08355862156065033,-0.774555504322052,5.574607849121094,0.9978534579277039
5.57,0.18267904380028385,4.1017878138767125,3.508900653670642,3.1072217951969408,-103.41719818115234,82.44265747070312,-257.1241455078125,-4.452210426330566,3.2525978088378906,26.62259292602539,0.1108287090526973,0.0796166125211549,-0.9906453413105867,0.47626898926636707,-0.8791280245612548,-0.017371421767340717,-0.872287135702978,-0.4698884031785441,-0.13535154762843424,-0.8491216897964478,5.433909893035889,1.0052686929702759
5.58,2.7145870981076814,2.7592487729872426,3.7441868966356817,0.25550636128590026,-103.4612045288086,82.47515869140625,-256.8574523925781,-4.347478866577148,3.2513959407806396,26.71592140197754,0.16378228886369028,0.08914347610103207,-0.9824605857352218,0.4678197302793416,-0.8838211572672597,-0.002204978032858712,-0.8685160112605492,-0.45925330987961976,-0.18645732902913514,-1.3891534805297852,5.115437984466553,1.0239957571029663
5.59,2.4162641306940467,2.5068113611556275,1.003987920166798,3.873042936082581,-103.50416564941406,82.50765991210938,-256.5898132324219,-4.248018264770508,3.2487919330596924,26.81285858154297,0.2139350566228035,0.10193893809536816,-0.9715144077407121,0.45851258246642035,-0.8886543536043684,0.007723440941463627,-0.8625531886601381,-0.4471038947716637,-0.23685460521644325,-1.456681728363037,5.031973361968994,1.043637752532959
5.6,2.4162641306940467,2.5068113611556275,1.003987920166798,3.873042936082581,-103.54617309570312,82.5401382446289,-256.3211975097656,-4.153688907623291,3.245000123977661,26.91164207458496,0.26400418203529796,0.11317556036246021,-0.9578585931151405,0.44850909969213115,-0.8935962873962445,0.018035039367912648,-0.8538977569716572,-0.43436962104674326,-0.286673425609144,-1.529267430305481,5.091865539550781,1.049654245376587
5.61,2.664469837442639,2.1566968181684762,0.14209940679689845,2.514659160232882,-103.58724212646484,82.57256317138672,-256.05157470703125,-4.059716701507568,3.239898204803467,27.011791229248047,0.31362692553881416,0.126770146922941,-0.9410459507517193,0.43800817946252835,-0.8986254802054666,0.024921497736222653,-0.8424885674601128,-0.42000187639417863,-0.33735950783159546,-1.9921950101852417,5.090217590332031,1.0449984073638916
5.62,1.6612289096271915,2.616795057759255,1.008091111383831,2.474540323336099,-103.6274185180664,82.60492706298828,-255.78097534179688,-3.9767234325408936,3.2339653968811035,27.107728958129883,0.362828239686241,0.14392092355395295,-0.92067498947759,0.42726233300055627,-0.9037212006215738,0.027108861024069036,-0.8281319745578629,-0.40320560426471963,-0.38938756195391866,-2.4252636432647705,5.22244930267334,1.0398647785186768
5.63,1.6612289096271915,2.616795057759255,1.008091111383831,2.474540323336099,-103.66682434082031,82.63723754882812,-255.5094451904297,-3.902590274810791,3.2273497581481934,27.197601318359375,0.4127576642942802,0.16372063722271926,-0.8960059506017339,0.4164218507856555,-0.9088061933404298,0.025771013451676428,-0.8100765104325514,-0.3837536395833452,-0.44329357242346334,-2.8319942951202393,5.391016006469727,1.0402709245681763
5.64,0.7535950707494059,0.9251732934918773,3.2034426107694784,0.7042433681186921,-103.7054672241211,82.66947174072266,-255.23703002929688,-3.8293797969818115,3.2198708057403564,27.282323837280273,0.46255305083430065,0.18604139589193375,-0.866852510049121,0.4056429572146874,-0.9138054270938285,0.020333043943013995,-0.7883517402949042,-0.36103772715388904,-0.49814987016514395,-3.2701914310455322,5.4857683181762695,1.046280860900879
5.65,1.7492822741544296,3.906429077087999,3.6796207603947626,3.4752649653255605,-103.74342346191406,82.70162963867188,-254.9638214111328,-3.7656335830688477,3.211759567260742,27.354589462280273,0.5110450281961327,0.20956732265427908,-0.8336153288127152,0.3951305850258771,-0.9185553038175718,0.011312586163930827,-0.7633510332298777,-0.3351681534754243,-0.5522295799418504,-3.347588062286377,5.357499122619629,1.0600435733795166
5.66,1.7492822741544296,3.906429077087999,3.6796207603947626,3.4752649653255605,-103.78070831298828,82.73370361328125,-254.68992614746094,-3.682860851287842,3.202655792236328,27.43153953552246,0.5559922050717472,0.2310786752269276,-0.7984205118575205,0.38495209116977136,-0.922936066354265,0.0009512762671879671,-0.7366712668507418,-0.3078825478618179,-0.6020994779258981,-3.4139082431793213,5.083536148071289,1.0785102844238281
5.67,2.983304932477666,3.0272470069205535,3.7581118417669246,0.3885042394604257,-103.8170166015625,82.76568603515625,-254.41517639160156,-3.5780365467071533,3.1930229663848877,27.51689910888672,0.5972780264530602,0.2526311091116442,-0.7612072528722769,0.3751720009824754,-0.9268607762141601,-0.01323144718051475,-0.7088758204334122,-0.27768079556336944,-0.6483736939297824,-3.7375235557556152,4.826419830322266,1.0973361730575562
5.68,2.7776572020432053,1.6471305586837255,0.6136141402815923,3.308301056582271,-103.85230255126953,82.79756164550781,-254.13961791992188,-3.482146739959717,3.18334698677063,27.587053298950195,0.6356196903452922,0.2738360774208812,-0.721804275373941,0.36593478500598337,-0.9301362702441076,-0.03063089778320681,-0.6797641814394014,-0.24466369056140247,-0.6914190741893766,-3.68965220451355,4.802107810974121,1.118451714515686
5.69,2.7776572020432053,1.6471305586837255,0.6136141402815923,3.308301056582271,-103.88670349121094,82.829345703125,-253.8634796142578,-3.4027891159057617,3.1731460094451904,27.632802963256836,0.6728827014437327,0.2918240815588256,-0.6797555262887772,0.3573367213358685,-0.9328055336628974,-0.046736537663900124,-0.6477185636391135,-0.21145340335455748,-0.731948167923835,-3.6473519802093506,4.901480197906494,1.127194881439209
5.7,2.0890919368998864,0.21440466953853732,2.8828590418166704,1.5816642542825152,-103.9203872680664,82.86103057861328,-253.58702087402344,-3.3320200443267822,3.162229061126709,27.659461975097656,0.7086269531658272,0.3088063717950299,-0.6344182106353083,0.3495529838976359,-0.9346920160067901,-0.0645255504542343,-0.6129115374139859,-0.17603823434683896,-0.7702921441588716,-3.903920888900757,4.9417595863342285,1.1236653327941895
5.71,0.22866227679029838,0.5822767491957227,0.009166723757567092,3.2392213835609214,-103.95338439941406,82.89258575439453,-253.3103790283203,-3.2687437534332275,3.1504268646240234,27.666275024414062,0.7420791009027524,0.32464707410609084,-0.5864493885048542,0.3426865171405691,-0.9356568235724895,-0.08433421294057505,-0.5760942275126782,-0.13838564151166174,-0.8055835495154905,-3.8366177082061768,4.787440299987793,1.1250797510147095
5.72,0.22866227679029838,0.5822767491957227,0.009166723757567092,3.2392213835609214,-103.98580932617188,82.92402648925781,-253.03379821777344,-3.2186174392700195,3.1365983486175537,27.644195556640625,0.7718313816931793,0.33759257121945496,-0.5388019804074914,0.3364887027183878,-0.935885659743447,-0.10437137935981035,-0.5394920492245404,-0.10074367346890963,-0.8359420082036167,-3.9536871910095215,4.442490577697754,1.126806616783142
5.73,1.2632848548812512,0.13472744627448946,2.8939256817057113,1.373697120855491,-104.01778411865234,82.95531463623047,-252.757568359375,-3.176417350769043,3.1210391521453857,27.59918975830078,0.7975969469001484,0.35044928732508773,-0.49094236658583484,0.3308944847821427,-0.934718924580567,-0.12965096209326415,-0.5043292081927463,-0.05904090992089127,-0.8614906968269541,-4.503969669342041,4.051638126373291,1.12526273727417
5.74,1.2632848548812512,0.13472744627448946,2.8939256817057113,1.373697120855491,-104.04933166503906,82.9864501953125,-252.4818115234375,-3.132352113723755,3.106090545654297,27.547687530517578,0.8195719091092873,0.363024910452317,-0.44329989870294917,0.3259324575634672,-0.9316882609967413,-0.16039020365192624,-0.47124295104075176,-0.013034520012451714,-0.8819071279802927,-4.630568981170654,3.6201746463775635,1.129595160484314
5.75,2.8118837987469183,0.24790860959543157,0.9335800644614289,2.685603148128579,-104.0804214477539,83.01744079589844,-252.20660400390625,-3.0866243839263916,3.0925514698028564,27.49228858947754,0.8380284604087327,0.37249913013554,-0.39868872268128575,0.3213428619671164,-0.9274794832776834,-0.19110356658561944,-0.440961522820021,0.032034452503946056,-0.8969541399898997,-4.314785957336426,3.1612935066223145,1.1383984088897705
5.76,2.822101296182173,1.5179944908184977,1.5665743237639762,4.036884616331871,-104.11105346679688,83.04830169677734,-251.9319610595703,-3.0404162406921387,3.0808730125427246,27.43425941467285,0.8536042384861611,0.3786436172124927,-0.35775524480110743,0.3169368891376721,-0.9225339368343897,-0.22018661106565346,-0.4134136092851758,0.07456639010359632,-0.9074850087603223,-4.0753326416015625,2.8618531227111816,1.137404441833496
5.77,2.822101296182173,1.5179944908184977,1.5665743237639762,4.036884616331871,-104.1412124633789,83.07906341552734,-251.65786743164062,-2.989452362060547,3.074721574783325,27.387990951538086,0.867277503348316,0.38262986168411267,-0.31847153896935343,0.3129993622832992,-0.9165730744149825,-0.24884774153629535,-0.38711901451124775,0.11613865939067679,-0.9146861103125905,-4.10878849029541,2.663465976715088,1.1284189224243164
5.78,1.0856468458449342,2.418470361647011,2.186055540943702,2.2089781602909015,-104.17083740234375,83.10980987548828,-251.3841552734375,-2.9367456436157227,3.073962450027466,27.35013771057129,0.8792366192403366,0.38537492163132797,-0.2800520258174749,0.3094692479389867,-0.9089837959529691,-0.27924405683023834,-0.36217641000885437,0.15885411065685148,-0.9184735268697294,-4.298298358917236,2.439260482788086,1.118958830833435
5.79,0.6959631526071268,0.11212369686960488,3.177503215177329,2.739734461499286,-104.19996643066406,83.14055633544922,-251.11090087890625,-2.8894870281219482,3.073408603668213,27.301660537719727,0.8896534476955248,0.386994129009801,-0.2423887107837565,0.30625069956647943,-0.8993989206395577,-0.3119168007136523,-0.33871411546982816,0.2032661449045162,-0.9186705733379882,-4.521786212921143,2.2353901863098145,1.1190879344940186
5.8,0.6959631526071268,0.11212369686960488,3.177503215177329,2.739734461499286,-104.22865295410156,83.17130279541016,-250.83819580078125,-2.848785877227783,3.070943593978882,27.23809242248535,0.8985972608611358,0.3872142675350398,-0.20636878104540568,0.30293806945230767,-0.8877460155574403,-0.34660573846720677,-0.3174137502525257,0.24894200706026204,-0.9150280805917573,-4.575748920440674,1.7603657245635986,1.1250934600830078
5.81,3.9524827114429124,0.19283496477894774,3.7902103359235557,2.03051293088429,-104.2569580078125,83.20197296142578,-250.566162109375,-2.8120930194854736,3.0687601566314697,27.16843032836914,0.9056338981289617,0.3856726556180086,-0.17630611239629362,0.2980704743841884,-0.8746667480127078,-0.3822460885624065,-0.30163095805988893,0.2936233686705252,-0.9070854879836004,-4.454954624176025,1.017228364944458,1.1281728744506836
5.82,2.60825246228859,2.521811559325836,0.23836086016163463,1.9155994323335452,-104.2848892211914,83.23267364501953,-250.29478454589844,-2.775362014770508,3.074760913848877,27.113021850585938,0.9111411163299221,0.3824445565943698,-0.15348624454458226,0.291104336992719,-0.8609499661705804,-0.41716114480486577,-0.29168498610160415,0.33541215971132077,-0.8957781823647497,-3.956709384918213,0.4775385558605194,1.125713586807251
5.83,2.60825246228859,2.521811559325836,0.23836086016163463,1.9155994323335452,-104.31246948242188,83.26347351074219,-250.02391052246094,-2.740593194961548,3.084144353866577,27.061132431030273,0.9160160468360645,0.3775857245831459,-0.13543863012393967,0.28333469285853596,-0.8480155408422891,-0.44787397146152513,-0.2839648812117226,0.3718852821516074,-0.8837789786804344,-3.6777093410491943,0.4826417565345764,1.1195051670074463
5.84,1.0508855017739334,1.5624753700398815,3.1039923066599675,3.1380642745346434,-104.3397216796875,83.29434967041016,-249.7535858154297,-2.7091965675354004,3.091940402984619,27.003461837768555,0.9210030098521622,0.37205419869993905,-0.11545184742135918,0.27692272134094875,-0.8337414475478462,-0.47769132820886095,-0.2739840547338144,0.4079839112888751,-0.8709086438203779,-3.864655017852783,0.8176146149635315,1.1136610507965088
5.85,3.3417488076281274,4.113771049703484,2.5578002730862175,3.7599517123672728,-104.36666870117188,83.32532501220703,-249.4838104248047,-2.679299831390381,3.105161190032959,26.954010009765625,0.9259980765233156,0.36590500824413563,-0.09295744842119093,0.2719344163713582,-0.8172606826402726,-0.5080715006798986,-0.26187637439808914,0.4451949028821134,-0.8562839850072503,-4.038019180297852,0.7381075024604797,1.1126976013183594
5.86,3.3417488076281274,4.113771049703484,2.5578002730862175,3.7599517123672728,-104.393310546875,83.35650634765625,-249.2144317626953,-2.649271011352539,3.1364264488220215,26.932918548583984,0.9305400272995259,0.35897549189772116,-0.07233155473364783,0.26612621797391356,-0.7986212656755896,-0.5397971008792288,-0.251539447602754,0.48305348588692376,-0.8386818443678108,-4.252824783325195,0.5680277943611145,1.1135671138763428
5.87,1.1082953351373643,0.5374352978719431,3.313269427991376,0.9801514289965885,-104.41966247558594,83.38809967041016,-248.9451141357422,-2.6206531524658203,3.1834778785705566,26.933446884155273,0.934864815060427,0.35130771928874716,-0.05109465657163083,0.2606893474237332,-0.7770467992320006,-0.5729217537701737,-0.24097477399475292,0.5222845567039506,-0.8180158923436244,-4.560432434082031,0.643869936466217,1.1134004592895508
5.88,2.1767694171111187,1.1229796214511554,1.1574644728180359,2.948756076444853,-104.44574737548828,83.42012786865234,-248.6758575439453,-2.5969576835632324,3.2155990600585938,26.910411834716797,0.9389812022195488,0.3427061821219598,-0.029441036220236416,0.25574861414562244,-0.7528288692103541,-0.6064992498314022,-0.23001510437561412,0.5619618905396079,-0.79453878781355,-4.505330562591553,0.48958033323287964,1.117441177368164
5.89,2.1767694171111187,1.1229796214511554,1.1574644728180359,2.948756076444853,-104.47161102294922,83.45238494873047,-248.40696716308594,-2.576866626739502,3.235429048538208,26.871509552001953,0.9428325896935417,0.3330741855667758,-0.011326725952310698,0.24959427209383445,-0.728231347766948,-0.6382646813567892,-0.22083796582498832,0.5989496565142713,-0.7697336564109158,-4.380599021911621,0.22565452754497528,1.1158164739608765
5.9,2.8062154962334516,0.05975272601127849,2.0518594974717175,2.126460037812399,-104.4972915649414,83.48485565185547,-248.138427734375,-2.558849811553955,3.2593352794647217,26.840232849121094,0.946483331373359,0.32272228976370965,0.004430250789388274,0.24252007942345455,-0.7020742490033675,-0.6695339871603228,-0.21296317641514914,0.6347771834084983,-0.7427682094133702,-4.465978622436523,0.04743356257677078,1.1059465408325195
5.91,1.8754720566439524,0.07843713788046691,4.162891991793569,0.8151943283912381,-104.52279663085938,83.51757049560547,-247.87014770507812,-2.542823076248169,3.2853496074676514,26.814651489257812,0.9499825668031139,0.31178113910876387,0.018045610718646826,0.23461391139421522,-0.6743326810591614,-0.7001655146005625,-0.2061296566495822,0.6693787840614647,-0.7137524837770588,-4.316307544708252,-0.15374232828617096,1.0946236848831177
5.92,1.8754720566439524,0.07843713788046691,4.162891991793569,0.8151943283912381,-104.54815673828125,83.5505599975586,-247.60211181640625,-2.5285608768463135,3.3129069805145264,26.794519424438477,0.9533984931689802,0.3004523480534338,0.027562651764595048,0.22519732174039997,-0.6478385393453613,-0.7277303025295976,-0.20079213008499325,0.7000240092225745,-0.6853093513209082,-3.733346939086914,-0.5004851818084717,1.0911318063735962
5.93,0.6096152717067125,1.9956112478440002,1.7843970669451146,0.7532089489810688,-104.57337188720703,83.5838394165039,-247.33424377441406,-2.515650749206543,3.342569351196289,26.780336380004883,0.956835276876648,0.28902723070661784,0.030487912923851057,0.21287236032695434,-0.6255467259787088,-0.7505842070188726,-0.1978676606553485,0.724675481527685,-0.6600710835503992,-2.9356491565704346,-0.9542461037635803,1.0948691368103027
5.94,0.1777171939185935,3.5484235847890377,3.5025073085651295,2.0353999701582683,-104.59846496582031,83.61739349365234,-247.06649780273438,-2.5032904148101807,3.3680057525634766,26.7662410736084,0.9602705202090467,0.27772592792648815,0.027364885799458893,0.19763948065616888,-0.6075624475096182,-0.7692896126050849,-0.19702579451281543,0.7441345183053215,-0.6383139156896867,-2.5283761024475098,-1.20210599899292,1.1010552644729614
5.95,0.1777171939185935,3.5484235847890377,3.5025073085651295,2.0353999701582683,-104.62344360351562,83.65123748779297,-246.79885864257812,-2.4916458129882812,3.4040825366973877,26.76446533203125,0.9635971526881366,0.2664493636561509,0.022028707146542176,0.18108619297219083,-0.5898242702954459,-0.7869657685600329,-0.19669346213373315,0.7623070685607454,-0.6166032883274046,-2.628293514251709,-1.3819705247879028,1.1134873628616333
5.96,1.1689253222277984,0.23239401513835173,3.072567063889112,1.9695207440691391,-104.64830017089844,83.6855239868164,-246.53115844726562,-2.4805874824523926,3.455190420150757,26.77775001525879,0.966801090884098,0.25511467637594165,0.014565457868414719,0.162495130839712,-0.5698114768015832,-0.8055496343234126,-0.19720796920688294,0.7811730812072301,-0.5923492500868888,-2.8903610706329346,-1.6581565141677856,1.130031704902649
5.97,1.1689253222277984,0.23239401513835173,3.072567063889112,1.9695207440691391,-104.67304992675781,83.72030639648438,-246.26332092285156,-2.46942138671875,3.499803304672241,26.78961944580078,0.9698077714989306,0.24383794394175606,0.003992923056407888,0.14109430524624944,-0.5476642584547693,-0.8247158644274193,-0.19891023947337544,0.8003792333047155,-0.5655331993147703,-2.867452383041382,-2.076763868331909,1.1375178098678589
5.98,2.383677305927025,4.169547761286191,3.5442641861381445,2.0270469926248267,-104.69768524169922,83.75547790527344,-245.99537658691406,-2.458068370819092,3.5368330478668213,26.80027198791504,0.9724259565784119,0.23288908453518725,-0.012265124415327566,0.11545538382188096,-0.5264443475862906,-0.8423339024644486,-0.20262727683878895,0.8176912762154233,-0.5388164469298331,-2.559835433959961,-2.6129353046417236,1.136167287826538
5.99,0.1325878155104114,1.8919455938308933,2.9829093916220226,1.3008422540306241,-104.72220611572266,83.79110717773438,-245.7272491455078,-2.4457223415374756,3.5967447757720947,26.829429626464844,0.974376210098064,0.2223763425625642,-0.03376038304626275,0.08594517667931598,-0.5068049762421702,-0.8577657854343075,-0.20785674826787426,0.8328850330775972,-0.5129308860605248,-2.386359214782715,-2.841853141784668,1.1394917964935303
6.0,0.1325878155104114,1.8919455938308933,2.9829093916220226,1.3008422540306241,-104.74658966064453,83.82740783691406,-245.4587860107422,-2.4323790073394775,3.6561357975006104,26.86172866821289,0.9755540727320464,0.21229227015599594,-0.056800028238818565,0.05525619038601122,-0.48711859901466265,-0.8715860393088093,-0.21269932910082678,0.8471407572098075,-0.4869409952695009,-2.356646776199341,-2.999208927154541,1.1485447883605957
6.01,3.7893351975051877,2.799309642602805,3.0613265953195024,0.7837719776073712,-104.7708511352539,83.86418151855469,-245.19003295898438,-2.418984889984131,3.698453426361084,26.888044357299805,0.975745685748741,0.20266626699125173,-0.08274503590276598,0.02203024701356933,-0.4669836184969797,-0.8839914978505103,-0.21779583319990414,0.8607279966861183,-0.46012203898689913,-2.332271099090576,-3.3243625164031982,1.1583280563354492
6.02,0.7083707569864951,3.5149934959877602,2.3997178755012887,4.019428686894762,-104.79496765136719,83.90142822265625,-244.9209747314453,-2.4029595851898193,3.7566797733306885,26.9266357421875,0.9747679485247791,0.19349292920931566,-0.1113010910763767,-0.013352515198326878,-0.4471789017824457,-0.8943448664461175,-0.2228209076066956,0.8732648602495374,-0.43331204343600205,-2.0482053756713867,-3.3249082565307617,1.1639586687088013
6.03,0.7083707569864951,3.5149934959877602,2.3997178755012887,4.019428686894762,-104.81890869140625,83.93938446044922,-244.65147399902344,-2.3831284046173096,3.832730770111084,26.977066040039062,0.9728470603615652,0.18464592099188348,-0.1395509978714598,-0.04798750853482299,-0.4289260233598092,-0.9020641138574135,-0.22641951366982782,0.8842671261252446,-0.40841872322864814,-2.1187775135040283,-3.3460686206817627,1.1660912036895752
6.04,2.2685606648094017,0.12484951734397821,3.3374062509086393,3.8592246115202213,-104.8426284790039,83.97810363769531,-244.38143920898438,-2.3605949878692627,3.9131288528442383,27.032093048095703,0.9695698336656565,0.17702795365710527,-0.16910186654655546,-0.0844665817798802,-0.40642189952453467,-0.9097728486547024,-0.2297819275051327,0.8963717661834553,-0.3791014673951806,-2.7048728466033936,-3.645643472671509,1.1666051149368286
6.05,3.4671130856212935,1.370598936708695,0.26095689390474286,3.2994785675478004,-104.8661117553711,84.01765441894531,-244.11082458496094,-2.33646821975708,3.9910361766815186,27.08912467956543,0.9644094893344415,0.17109289931630978,-0.20159751160473244,-0.12445989038694916,-0.37895354904050954,-0.9170081479215275,-0.23328967522492233,0.9094621638491294,-0.34417219521673886,-2.892455577850342,-4.16987419128418,1.1580781936645508
6.06,3.4671130856212935,1.370598936708695,0.26095689390474286,3.2994785675478004,-104.88935089111328,84.05792236328125,-243.83963012695312,-2.311866283416748,4.061270236968994,27.146728515625,0.9567185655235586,0.1663255185992053,-0.23879993351182024,-0.16884852592857907,-0.35107852419549995,-0.9209962242813244,-0.23702270286681468,0.9214552033123559,-0.3077995234146645,-2.8491852283477783,-4.444903373718262,1.1370817422866821
6.07,1.2100864401746385,2.6774311221343594,1.5325443257007112,3.7178907674082167,-104.912353515625,84.09886932373047,-243.56787109375,-2.286076307296753,4.127406120300293,27.206588745117188,0.9472202348322549,0.1630609834958015,-0.276016199498707,-0.2132667426861512,-0.3223193365893155,-0.9222947152210419,-0.2393556416472506,0.932481292531923,-0.2705319128857581,-2.931184768676758,-4.351688861846924,1.1105209589004517
6.08,2.0789428603095206,2.80220522276769,2.0137715959519054,2.850184011208225,-104.93506622314453,84.14048767089844,-243.2954864501953,-2.257132053375244,4.196939945220947,27.27084732055664,0.9362337463411408,0.1616850726915653,-0.31196844308480326,-0.2566858215276084,-0.2916000439178113,-0.9214563491635551,-0.2399557485011136,0.9427764059711369,-0.23150353583782818,-3.241494655609131,-4.391539573669434,1.0915238857269287
6.09,2.0789428603095206,2.80220522276769,2.0137715959519054,2.850184011208225,-104.95748138427734,84.18281555175781,-243.02244567871094,-2.2238595485687256,4.27268648147583,27.3395938873291,0.9232812492183746,0.1629336140071814,-0.3478568272555772,-0.30069056042200104,-0.25696355965964335,-0.9184524570603249,-0.23903330670611708,0.9525871962364411,-0.18825703665875437,-3.5863687992095947,-4.5025129318237305,1.0804671049118042
6.1,3.4286046371703165,3.469434252490476,2.7058062176314825,2.2371993928297598,-104.97953033447266,84.22595977783203,-242.7487030029297,-2.186859369277954,4.351768970489502,27.411266326904297,0.9084965692187195,0.16661605747121544,-0.38324022898250804,-0.344720135778093,-0.21960446258315502,-0.9126565115105995,-0.236224494299278,0.9612559333529819,-0.14207399088762918,-3.808284044265747,-4.549722671508789,1.0708048343658447
6.11,0.32345024429431135,2.002078906747486,1.2422884734792667,0.8556800933148901,-105.00118255615234,84.26990509033203,-242.4741973876953,-2.143045663833618,4.4402689933776855,27.485532760620117,0.8921850468834098,0.17247435117194573,-0.4174427389540553,-0.38795942858514176,-0.1806317750142713,-0.9038028787446317,-0.23128623800290732,0.9683102602177722,-0.09424391793348003,-3.860258102416992,-4.454598426818848,1.0622395277023315
6.12,0.32345024429431135,2.002078906747486,1.2422884734792667,0.8556800933148901,-105.02240753173828,84.31468963623047,-242.198974609375,-2.1072514057159424,4.505680561065674,27.55792808532715,0.8750299786262041,0.17986074590191914,-0.449413672009464,-0.4290741497712147,-0.14160603754508566,-0.8921003890420007,-0.22409353070433344,0.9734463735688705,-0.046735931381335194,-3.9019062519073486,-4.352968692779541,1.0581167936325073
6.13,2.004293480557895,2.8426722884933326,2.2389559141504582,2.4118004039756133,-105.0433578491211,84.35993194580078,-241.92303466796875,-2.083268404006958,4.543333530426025,27.629159927368164,0.8567787722506177,0.18916446796652123,-0.4797363228687893,-0.4688335252690743,-0.10170768954608145,-0.8774113467872241,-0.2147679235931116,0.976663887909316,0.0015456549946544218,-4.04723596572876,-4.346185684204102,1.0568097829818726
6.14,2.7932374358756826,3.26494321055618,2.0818407970198978,3.056654325792808,-105.06403350830078,84.40560150146484,-241.64639282226562,-2.048527956008911,4.597415447235107,27.700191497802734,0.8373303972167148,0.20058950591369606,-0.5085682412559775,-0.5074847863773575,-0.060769231491470066,-0.8595151494298774,-0.20331502033157,0.9777888067580012,0.05091219781484463,-4.1853556632995605,-4.35610818862915,1.0528544187545776
6.15,2.7932374358756826,3.26494321055618,2.0818407970198978,3.056654325792808,-105.08427429199219,84.45195007324219,-241.36904907226562,-1.9969913959503174,4.675368309020996,27.767433166503906,0.8168019321128868,0.21415315666242282,-0.5356986365375358,-0.5448153147728677,-0.019101199241940814,-0.8383384859210871,-0.18976531950173642,0.9766133163535297,0.10107202301015067,-4.3391547203063965,-4.320772171020508,1.0438580513000488
6.16,1.7211114272704084,3.8822548770565364,2.531237623647916,3.143932882100618,-105.10395050048828,84.4991226196289,-241.091064453125,-1.9374202489852905,4.759726524353027,27.828733444213867,0.7956315924197337,0.23007564018738227,-0.5603887658902567,-0.5801843698692802,0.023350045666098385,-0.8141503990828582,-0.1742310710034953,0.9728925815113183,0.15206432434077904,-4.522693634033203,-4.24061393737793,1.0321673154830933
6.17,2.414297044947125,1.383878979480962,2.2867271035463976,0.11613987078981451,-105.12301635742188,84.5471420288086,-240.81251525878906,-1.8742530345916748,4.842566967010498,27.88290786743164,0.7739592820668795,0.24860421572067204,-0.5823941737590018,-0.6135265878736519,0.06672316161861175,-0.7868501418159185,-0.15675508181438627,0.9663042810779255,0.2041663064656823,-4.813667297363281,-4.224578380584717,1.0237783193588257
6.18,2.414297044947125,1.383878979480962,2.2867271035463976,0.11613987078981451,-105.1414794921875,84.59589385986328,-240.53346252441406,-1.8222894668579102,4.903952598571777,27.933727264404297,0.7516461422349061,0.26954542739446596,-0.6019745338750784,-0.645135204157273,0.11057847028052892,-0.756024450839635,-0.1372175106184953,0.956617825717853,0.25700912493238504,-4.739882946014404,-4.17161750793457,1.0177817344665527
6.19,1.050731394774428,0.9481991662525745,1.9071783297628022,0.6415124058365128,-105.15949249267578,84.6451416015625,-240.25389099121094,-1.7816640138626099,4.94542121887207,27.98141860961914,0.7294176095776639,0.289557773675029,-0.6197630567744157,-0.6741586928733199,0.15062476809275388,-0.723064475728369,-0.11601727311630589,0.9452346137025268,0.30507624849747267,-4.252669811248779,-4.029337406158447,1.0125250816345215
6.2,2.656908411212794,2.2573316793363505,3.6683265334647186,1.9481835639679628,-105.1771240234375,84.69475555419922,-239.97386169433594,-1.7463455200195312,4.976164817810059,28.024150848388672,0.7073371904295381,0.30760584066994867,-0.6364375427494682,-0.7006679116887211,0.18603656692551163,-0.6888068475968687,-0.0934803538986324,0.9331500643263673,0.3471201245717147,-3.850524425506592,-4.005157947540283,1.0085723400115967
6.21,2.656908411212794,2.2573316793363505,3.6683265334647186,1.9481835639679628,-105.19437408447266,84.74469757080078,-239.69346618652344,-1.6967482566833496,5.017492771148682,28.05118751525879,0.6843837893075694,0.32437234803064735,-0.6529941873907432,-0.7258214487546895,0.21797275418022277,-0.6524347499656435,-0.06929685029390736,0.920472953577764,0.384613427055233,-3.513547897338867,-4.111808776855469,1.0055959224700928
6.22,0.6190974886299062,1.975140127547561,0.7446694127896882,0.05521906218787039,-105.21101379394531,84.7951431274414,-239.41287231445312,-1.6294130086898804,5.070941925048828,28.059711456298828,0.6600924536907874,0.3396219148499647,-0.6700260498921811,-0.7499326444057686,0.2464699011490949,-0.6138840417229683,-0.04334721946154568,0.9076946307989264,0.4173864825120165,-3.13879132270813,-4.241833686828613,1.0034650564193726
6.23,0.6190974886299062,1.975140127547561,0.7446694127896882,0.05521906218787039,-105.22702026367188,84.8460464477539,-239.13223266601562,-1.580330729484558,5.101699352264404,28.07174301147461,0.6347343582058044,0.35362513444471216,-0.6870673611823114,-0.7725656627276147,0.2720522970475282,-0.5736983915311292,-0.015955916999879194,0.8949507315825395,0.44587957651429855,-2.9730312824249268,-4.1990790367126465,1.003347396850586
6.24,0.45523794259503064,0.1570048831280551,0.41809162296960317,1.2551108152499224,-105.24266815185547,84.89712524414062,-238.85142517089844,-1.5507439374923706,5.111259937286377,28.088903427124023,0.6098682193260602,0.3681145206587837,-0.7018208138379871,-0.7924150736506659,0.29642953013045187,-0.5331115124604321,0.01179432521471463,0.8812611606934652,0.47248244469602896,-3.0075137615203857,-3.9953973293304443,1.004866123199463
6.25,1.7257722841466998,4.088495921296199,1.8091549699365357,3.5419335854629233,-105.25804901123047,84.9482421875,-238.57046508789062,-1.526918888092041,5.1131415367126465,28.102581024169922,0.5856734238995285,0.38360676950075207,-0.7140255506149622,-0.8095726210651726,0.32003173805694834,-0.49210959943686833,0.03973426430008964,0.8662710505548743,0.49799162162739746,-3.0612988471984863,-3.9681529998779297,1.0005500316619873
6.26,1.7257722841466998,4.088495921296199,1.8091549699365357,3.5419335854629233,-105.27311706542969,84.99942016601562,-238.28944396972656,-1.4765989780426025,5.129401206970215,28.089916229248047,0.5607619815677077,0.40075812894132345,-0.7245266883391581,-0.8251192634198382,0.3431246828492646,-0.4488247465916907,0.06873282448555196,0.8495047816858016,0.5230845292409222,-3.3837592601776123,-4.01727819442749,0.9935947060585022
6.27,3.934612695352769,3.948510115340383,1.3895502024276898,0.08266019453257818,-105.2874984741211,85.05086517333984,-238.00872802734375,-1.3981999158859253,5.157956600189209,28.0482177734375,0.5356361339269496,0.42202693863637086,-0.7314281886125276,-0.8386772521399035,0.366958914530354,-0.402444557411036,0.09856164961510744,0.8289960302148116,0.550500847513636,-3.9604368209838867,-3.997673988342285,0.9880062937736511
6.28,3.1275965508771133,2.769741402143832,1.2886436599054443,2.933946303822726,-105.30111694335938,85.1025619506836,-237.72850036621094,-1.3214045763015747,5.178880214691162,27.996910095214844,0.5117245414700179,0.447115052104939,-0.7336389601421789,-0.8495095264620118,0.3908807568597783,-0.35432442530400765,0.12834156812034164,0.804549789694786,0.5798517722612282,-4.158350944519043,-3.5593318939208984,0.983389675617218
6.29,3.1275965508771133,2.769741402143832,1.2886436599054443,2.933946303822726,-105.31397247314453,85.15441131591797,-237.44882202148438,-1.2469606399536133,5.192076683044434,27.935588836669922,0.4922867212923078,0.4725714020212971,-0.730978832820004,-0.856430345509198,0.412997480948744,-0.30977434371004253,0.1555019206642328,0.7785302503574395,0.6080376649091052,-4.179695129394531,-3.064922332763672,0.9748131036758423
6.3,1.3296934379480134,0.8687609748963727,1.7868270077489712,2.0351788093107457,-105.32606506347656,85.20637512207031,-237.16981506347656,-1.1710641384124756,5.200005054473877,27.86106300354004,0.47560060361709383,0.49886230213253013,-0.7245277560936421,-0.8608036903767425,0.4335636389133087,-0.26653250767219994,0.18116587005514367,0.7504391877582636,0.6356256390391128,-4.336673736572266,-2.823052406311035,0.9610283374786377
6.31,3.7447158185226894,2.224685400305755,0.19744129743175742,2.116071479898926,-105.33744049072266,85.25838470458984,-236.89157104492188,-1.109276533126831,5.197294235229492,27.786657333374023,0.4603622623912873,0.5259724286902904,-0.7151360651118173,-0.8634180710970761,0.4525337520670788,-0.22298528593406425,0.2063390943785987,0.720115412623372,0.6624635617400332,-4.398260593414307,-2.8460428714752197,0.9490898847579956
6.32,3.7447158185226894,2.224685400305755,0.19744129743175742,2.116071479898926,-105.34825897216797,85.31031036376953,-236.6140899658203,-1.0532413721084595,5.187611103057861,27.705297470092773,0.4453003832104746,0.5529055232610898,-0.704274840570061,-0.8647686178923697,0.469491450289961,-0.17819375862568743,0.2321267029471729,0.6883845294978741,0.6872000679037112,-4.401922702789307,-2.719526529312134,0.9339534044265747
6.33,1.5402741537807576,3.932661178951671,0.5350315957738326,3.7339380647307516,-105.35848999023438,85.36212921142578,-236.33750915527344,-0.9928288459777832,5.174270153045654,27.60796356201172,0.43302934975186047,0.5796725671692703,-0.6902646573053474,-0.8643014427127581,0.4844020596055828,-0.135416619269993,0.2558683223420316,0.6552361097507196,0.7107721449948761,-4.438124656677246,-2.282073497772217,0.9149079918861389
6.34,0.8027162685363257,0.3192827712446998,3.8721268583781274,1.1428551335605943,-105.36810302734375,85.41378784179688,-236.06198120117188,-0.9282639622688293,5.156863689422607,27.494287490844727,0.4240921267350657,0.6070944253460457,-0.6719986806200469,-0.8622737001781926,0.49750642146084467,-0.09471761497331449,0.2768211227893162,0.6196157836264173,0.7344701128423698,-4.883141040802002,-1.972350835800171,0.9011260271072388
6.35,0.8027162685363257,0.3192827712446998,3.8721268583781274,1.1428551335605943,-105.37709045410156,85.46524810791016,-235.78762817382812,-0.8722320795059204,5.1334547996521,27.377016067504883,0.41640344069650614,0.6367123469057124,-0.6490035145312629,-0.8592227132623337,0.5089558654865847,-0.051963987538633405,0.2972280329817917,0.5792765438757395,0.7590086838272364,-5.022831916809082,-2.172621726989746,0.8976864814758301
6.36,0.1856287295546663,0.6010598608425382,2.453406129696952,3.095688515889662,-105.38558197021484,85.51644134521484,-235.51443481445312,-0.8273914456367493,5.104353427886963,27.2598934173584,0.406701690357768,0.6637526546875804,-0.6277150216900371,-0.8553020412069833,0.5180911607624764,-0.006321981252545683,0.3210173723761721,0.539457099809595,0.7784175512523588,-4.579695701599121,-2.720982074737549,0.8995718955993652
6.37,0.0282628883625047,2.8589794101326786,0.6795631851842802,2.031059135527567,-105.39363861083984,85.56732177734375,-235.24244689941406,-0.7845208048820496,5.071037769317627,27.13515281677246,0.3939993101579147,0.6875487952757535,-0.6099517994972616,-0.8500454323461997,0.5249776240353741,0.042676190194725044,0.34955300963151537,0.5016723516171026,0.7912885346575649,-4.380274772644043,-3.3747055530548096,0.8966196775436401
6.38,0.0282628883625047,2.8589794101326786,0.6795631851842802,2.031059135527567,-105.40127563476562,85.61785125732422,-234.97174072265625,-0.7445018887519836,5.033899307250977,27.006454467773438,0.3785046339744198,0.7111504151345229,-0.5924519635496921,-0.8428049964114785,0.5294025056873561,0.09701919910922871,0.3826407977251482,0.4625992585661418,0.7997424247158067,-4.712032318115234,-3.7482497692108154,0.8911471366882324
6.39,1.1593732400071524,1.2630438678968479,0.5750607841975472,2.4233633283379343,-105.40852355957031,85.6679916381836,-234.70233154296875,-0.707495927810669,4.9931111335754395,26.875104904174805,0.36289059357949194,0.7369539976903108,-0.5702711831925176,-0.8333171072134451,0.5305278799069314,0.15531505872539422,0.4170048152203282,0.41885435885248534,0.8066399507545693,-5.3072028160095215,-3.8159217834472656,0.8867133855819702
6.4,1.3145529775641585,1.7277260123395486,3.8277019292823202,3.047420194303295,-105.41542053222656,85.71770477294922,-234.4342498779297,-0.6726164221763611,4.948633670806885,26.740116119384766,0.34808949083558655,0.7647822532470855,-0.5421640079239246,-0.8214938026443811,0.527468136231597,0.21662247685141184,0.4516432647418726,0.36998036485559144,0.8118699963877385,-5.766651630401611,-3.897434949874878,0.8750592470169067
6.41,1.3145529775641585,1.7277260123395486,3.8277019292823202,3.047420194303295,-105.42194366455078,85.76693725585938,-234.1676025390625,-0.6288765668869019,4.895435810089111,26.58525276184082,0.33361823400415097,0.7926789830002307,-0.5102537641700176,-0.8069100569879021,0.5199801578567731,0.28020848553715544,0.4874372101837655,0.318246233826837,0.8130955053272045,-5.891336917877197,-4.249802112579346,0.8621596693992615
6.42,0.012270170007574828,3.1243212894626198,1.2328205925785545,0.22761687209065357,-105.42797088623047,85.81558227539062,-233.902587890625,-0.5780496001243591,4.831943035125732,26.413888931274414,0.31817239084302484,0.8188499995457458,-0.47775622230292913,-0.7882882565072805,0.5084646048048804,0.34650450258738186,0.5266573405526079,0.2663614534885803,0.8072692374527258,-5.824696063995361,-4.81770658493042,0.8522350788116455
6.43,3.1799842834115326,2.437120334880079,3.5173588752623925,1.87561299770328,-105.43354034423828,85.86358642578125,-233.63926696777344,-0.5407702326774597,4.771241664886475,26.262922286987305,0.3022211666037522,0.8431682374775776,-0.4446680669506441,-0.7650476671097305,0.4928267142757067,0.41451646136935294,0.5686514165168556,0.21491661872727863,0.794006557585142,-5.919416427612305,-5.032205581665039,0.8472030758857727
6.44,3.1799842834115326,2.437120334880079,3.5173588752623925,1.87561299770328,-105.43876647949219,85.9109878540039,-233.37734985351562,-0.5033593773841858,4.7030487060546875,26.111495971679688,0.2880719067512205,0.8660006936482584,-0.40872652855112224,-0.7385397618034119,0.47261039992103193,0.48083097874600567,0.6095683692384929,0.16334689616646378,0.7757217250642828,-5.841279983520508,-4.996768474578857,0.8409160375595093
6.45,1.074880530902069,4.164506753616157,2.1453636535639418,3.7241048789777187,-105.4435806274414,85.95761108398438,-233.1170654296875,-0.4592445492744446,4.619256019592285,25.949132919311523,0.27585377170754843,0.885783049465555,-0.3732198894944135,-0.7090696458704651,0.44967472386356533,0.5431508814531739,0.6489413948422873,0.11480867562048025,0.7521263418219164,-5.465840816497803,-5.003648281097412,0.8302825689315796
6.46,1.074880530902069,4.164506753616157,2.1453636535639418,3.7241048789777187,-105.44796752929688,86.00335693359375,-232.8583526611328,-0.4177275002002716,4.52899694442749,25.79505157470703,0.26534051898922295,0.9029117999587442,-0.3381489176055294,-0.6766606055325555,0.4242301086741871,0.6017966764735438,0.6868222724277697,0.0691310088856561,0.7235302825090365,-5.593560218811035,-5.073708534240723,0.8206992149353027
6.47,4.1276571454786435,0.3928004633370055,0.575524204095968,3.242731246633651,-105.45194244384766,86.04817962646484,-232.60113525390625,-0.3801927864551544,4.434206962585449,25.653676986694336,0.256417016482113,0.9195402998902861,-0.29781865377456435,-0.6409179107924338,0.39239560215270797,0.6597347368728397,0.7235154077722692,0.02171009647366351,0.68996675747983,-6.220893859863281,-5.20265531539917,0.8106578588485718
6.48,0.37157137524773576,1.4743071933352523,2.1029240207841706,3.9507372464874844,-105.45559692382812,86.0920639038086,-232.34519958496094,-0.3510953485965729,4.3444037437438965,25.536104202270508,0.2494243584431764,0.9351590897134834,-0.25152527972642974,-0.6018542150764445,0.3531765452225651,0.7162665926171414,0.7586560440739443,-0.027272785536177013,0.6509202731204267,-6.474860668182373,-5.2502007484436035,0.7835690975189209
6.49,0.37157137524773576,1.4743071933352523,2.1029240207841706,3.9507372464874844,-105.45899963378906,86.13509368896484,-232.09031677246094,-0.33012086153030396,4.262048244476318,25.443851470947266,0.2444872367514404,0.9480896611872061,-0.20335187585949166,-0.5595731972122473,0.3092244347339583,0.7689330828655556,0.7918988748743797,-0.07420406534276236,0.6061269905385327,-6.638097286224365,-5.552630424499512,0.7525939345359802
6.5,1.823709801363034,2.4514664387696303,1.6420244934242514,0.9416402775478416,-105.46221160888672,86.17732238769531,-231.8362579345703,-0.31405025720596313,4.18094539642334,25.3714542388916,0.2411489135153465,0.958443382668997,-0.15242533820982002,-0.5109744666185151,0.25891987009159456,0.8196740787262187,0.8250771454684049,-0.11977805763061072,0.5521783416034589,-7.0315375328063965,-6.160573959350586,0.7272244095802307
6.51,3.291895640893031,2.5304151683502543,3.25300313932599,1.7847401411209227,-105.46529388427734,86.21871185302734,-231.5828094482422,-0.3029114305973053,4.103394508361816,25.32197380065918,0.24005938629588477,0.965724244695195,-0.09873284285959821,-0.45575354252571315,0.20192046334485364,0.8669007065159552,0.8571232114034166,-0.16310980868879266,0.4886051481339501,-7.221871852874756,-6.4018073081970215,0.7040116786956787
6.52,3.291895640893031,2.5304151683502543,3.25300313932599,1.7847401411209227,-105.4682846069336,86.25931549072266,-231.32977294921875,-0.29491618275642395,4.013078212738037,25.28738021850586,0.24221120004320945,0.969190393733883,-0.04476287823173519,-0.39808016950775166,0.14134720724343558,0.9063956893372569,0.8847971028537039,-0.20171997347422504,0.4200513529120575,-7.0344743728637695,-6.32969856262207,0.6833010315895081
6.53,1.7646729017423377,2.322872505763859,0.2267730748076962,2.5021202662780113,-105.47119903564453,86.29891967773438,-231.0770263671875,-0.29106342792510986,3.907336950302124,25.268098831176758,0.24754182474997635,0.9688568801223592,0.006276212155473804,-0.33925847561563316,0.08060879770851881,0.937233113187399,0.907538832074093,-0.23413365322301627,0.34864695711569815,-6.66470193862915,-6.260690212249756,0.6632682681083679
6.54,1.5518291869824534,1.3052717983798905,4.046094929785918,2.9038854046421463,-105.4740982055664,86.33750915527344,-230.8243408203125,-0.29198578000068665,3.8169498443603516,25.276227951049805,0.25573534389040997,0.9652095679735953,0.05449700705065702,-0.2799677044353914,0.019986681943454765,0.9598013424756544,0.9253202247646115,-0.2607125283470604,0.2753388080246809,-6.662088394165039,-6.14971923828125,0.6396439075469971
6.55,1.5518291869824534,1.3052717983798905,4.046094929785918,2.9038854046421463,-105.47703552246094,86.37527465820312,-230.57144165039062,-0.2972196638584137,3.7300312519073486,25.304990768432617,0.26667376913937646,0.9582693234026403,0.10298060340882209,-0.22000031058180763,-0.04350477877182185,0.9745292184269918,0.9383416031472265,-0.28253714454821927,0.19921796543894302,-6.694814682006836,-6.379711627960205,0.6164019703865051
6.56,3.44026928448035,0.5213092971169964,0.10732321291233167,1.703580600888602,-105.48004913330078,86.41209411621094,-230.31817626953125,-0.30765441060066223,3.6336638927459717,25.34971809387207,0.28084820063268745,0.9483327580728595,0.14761188355720184,-0.15527315592948948,-0.10687960469224017,0.9820728064397909,0.9471085129218713,-0.2987335435915318,0.11723367555514133,-6.473392486572266,-6.954312801361084,0.5961273908615112
6.57,3.5683400744809077,3.7623219596925708,3.221983887580687,0.8054317248124305,-105.48318481445312,86.447998046875,-230.06439208984375,-0.31929320096969604,3.5552937984466553,25.413026809692383,0.2982726392989335,0.9360174091279748,0.18682837700681876,-0.08612908582665868,-0.1685452348040371,0.9819237671018644,0.9505867731145393,-0.3089723509219,0.03034589173977148,-6.220623016357422,-7.140328884124756,0.5651653409004211
6.58,3.5683400744809077,3.7623219596925708,3.221983887580687,0.8054317248124305,-105.4864501953125,86.48316955566406,-229.80987548828125,-0.3358604609966278,3.469560384750366,25.489959716796875,0.3177321477236513,0.9219104336837666,0.2216470946525707,-0.018563640328032927,-0.22766736870186988,0.9735619962211645,0.9479987729742522,-0.3134465209463596,-0.055223228318671214,-5.90100622177124,-6.846330642700195,0.5396178364753723
6.59,3.869954948198063,2.6336018022508707,0.9262749910078897,3.0755576440467003,-105.48992156982422,86.51734161376953,-229.55455017089844,-0.3601911664009094,3.3641254901885986,25.578508377075195,0.33834282962636186,0.9066200486793821,0.25211944981104056,0.044213405402959816,-0.2829404066789373,0.9581178951731522,0.9399836724236759,-0.3130252603240715,-0.13581561757009783,-5.5200347900390625,-6.419998645782471,0.5280334949493408
6.6,1.8292280322036198,3.962496475730892,3.552708573437224,0.15437939784580412,-105.49365997314453,86.55045318603516,-229.2982940673828,-0.38733145594596863,3.2614455223083496,25.6749210357666,0.35952731779132024,0.8904377825950505,0.27903523628564975,0.10154072308328094,-0.3345868242395816,0.9368784011818159,0.9275934396692892,-0.3084999390153597,-0.21070879979254747,-5.375140190124512,-6.02925443649292,0.5087450742721558
6.61,1.8292280322036198,3.962496475730892,3.552708573437224,0.15437939784580412,-105.49766540527344,86.58259582519531,-229.04103088378906,-0.41490668058395386,3.168248414993286,25.77405548095703,0.3810594917926414,0.8729579549867762,0.3045292638483857,0.15394847237686726,-0.3846926731573549,0.9101161547142638,0.911643313784269,-0.2999265844241794,-0.2809813381491425,-5.28870153427124,-5.715454578399658,0.49736934900283813
6.62,3.2340259242313305,2.866072287623984,0.478880481159805,0.8579327516059188,-105.50196075439453,86.61384582519531,-228.78280639648438,-0.44330427050590515,3.0815420150756836,25.872882843017578,0.402994298081373,0.8546019249706864,0.32749220685429886,0.20179804104353255,-0.4320033638312759,0.8790054859154492,0.8926775153127215,-0.2881469130059518,-0.3465518867070936,-5.078660011291504,-5.434518814086914,0.5019059181213379
6.63,2.881373571311119,3.624051084354649,2.574011154922956,2.3552142751385308,-105.50652313232422,86.64424896240234,-228.5236053466797,-0.47013625502586365,3.0058724880218506,25.966161727905273,0.4249093564018577,0.835636581124009,0.34808553996041913,0.2446475484397655,-0.47622183241885874,0.8446066204867428,0.8715501224167038,-0.2737229815251214,-0.40678755327618676,-4.951141357421875,-4.971307754516602,0.49774137139320374
6.64,2.881373571311119,3.624051084354649,2.574011154922956,2.3552142751385308,-105.5113754272461,86.67393493652344,-228.2634735107422,-0.5019375085830688,2.9243342876434326,26.05949592590332,0.4459179340618366,0.8157824768028623,0.3683152815502112,0.28131308702863694,-0.5183724802203191,0.807559854634103,0.849717684380196,-0.2564935131570047,-0.4606418723476356,-4.955255508422852,-4.556539535522461,0.4873425364494324
6.65,0.3058316222084232,2.2249977207056477,4.054993331149139,1.421266712176081,-105.5166015625,86.70272064208984,-228.0023956298828,-0.5412813425064087,2.8324809074401855,26.154949188232422,0.4665843562733066,0.7947323264049908,0.3882004222665596,0.31365807523270095,-0.5590528832783449,0.7675144855567786,0.8269931380140596,-0.23634805492129685,-0.5101195414925587,-5.010389804840088,-4.323315143585205,0.47921428084373474
6.66,3.2187045168973714,0.7475125539544166,3.0441591827642474,0.5458206015944762,-105.52220153808594,86.7306137084961,-227.74041748046875,-0.5769729018211365,2.7542884349823,26.237136840820312,0.48752993808837397,0.7725282132416852,0.4068350024434426,0.3431553706478593,-0.5980050838513371,0.7243164441620016,0.8028442881798916,-0.21351833512268953,-0.556642586857454,-4.977534770965576,-4.429477691650391,0.47853657603263855
6.67,3.2187045168973714,0.7475125539544166,3.0441591827642474,0.5458206015944762,-105.52812194824219,86.75784301757812,-227.47769165039062,-0.6071664690971375,2.69107723236084,26.30222511291504,0.5100041135630872,0.7502242628824418,0.4207842196794297,0.3720828860503056,-0.6334636589054153,0.6784379991971551,0.7755321592669159,-0.18943956352531152,-0.6022146807527481,-4.527228355407715,-4.599291801452637,0.47544583678245544
6.68,3.297472626044607,1.1486112932118193,0.4458309395471255,3.936136642039453,-105.53433990478516,86.78445434570312,-227.2144012451172,-0.6362289190292358,2.6329734325408936,26.355554580688477,0.5330317630406384,0.7301378060053983,0.427523009709901,0.3992041468623929,-0.662538660402522,0.6337811709098818,0.7459981157601256,-0.16715653655677087,-0.6446281901753036,-3.7595555782318115,-4.592339038848877,0.4664916396141052
6.69,2.8520847117309107,0.8893206892508295,2.38030186736888,4.0453333286205995,-105.54085540771484,86.81049346923828,-226.9506072998047,-0.6675167083740234,2.573745012283325,26.402568817138672,0.5559575481880532,0.7125801613495314,0.42794943423704224,0.42418202369179914,-0.685987635329619,0.5911772787849747,0.714829221135691,-0.14714101340535066,-0.6836436987090482,-3.435791492462158,-4.5794453620910645,0.4471573531627655
6.7,2.8520847117309107,0.8893206892508295,2.38030186736888,4.0453333286205995,-105.5477066040039,86.8359146118164,-226.6863555908203,-0.7032902836799622,2.51017689704895,26.44761085510254,0.5788509518707796,0.6954091737137452,0.42583759419884304,0.4475909917754929,-0.7074836073623958,0.5469270969653288,0.6816112378766381,-0.12598819955955276,-0.7207864413070069,-3.433018445968628,-4.7732014656066895,0.42150697112083435
6.71,4.143769445031935,0.3632374815814952,3.4949535243144463,3.019551028876904,-105.55491638183594,86.86070251464844,-226.42166137695312,-0.7410239577293396,2.4461865425109863,26.487049102783203,0.6026352967768199,0.6785771127850309,0.4199569038401984,0.4705820603252946,-0.7271955369433271,0.49973910748480266,0.6445023068839357,-0.10353624029313505,-0.7575599140445904,-3.374552011489868,-5.145771503448486,0.39759132266044617
6.72,4.143769445031935,0.3632374815814952,3.4949535243144463,3.019551028876904,-105.56250762939453,86.88484954833984,-226.15663146972656,-0.779485821723938,2.383535861968994,26.519392013549805,0.6273276513354528,0.6627609715928864,0.40891064109802516,0.4930358048518591,-0.7444557627203182,0.4502236249760656,0.602806530326293,-0.08083014218571447,-0.7937825742041792,-3.002249002456665,-5.494875907897949,0.3743675649166107
6.73,0.22926558357860272,1.8613482319316097,0.9443025658259969,3.898805094249084,-105.57048034667969,86.90837860107422,-225.8913116455078,-0.8174958229064941,2.3232758045196533,26.543655395507812,0.6523209220166319,0.6496943697580446,0.39035194453732214,0.5143454254359796,-0.7577273183439353,0.4016193401324068,0.5567101562145713,-0.06120896127207204,-0.8284487099558677,-2.3449621200561523,-5.8010149002075195,0.35283318161964417
6.74,0.3716934616716016,2.0010530683927903,0.12039537625194648,2.2749383482181433,-105.57880401611328,86.93135070800781,-225.62582397460938,-0.8456313610076904,2.2742154598236084,26.541410446166992,0.6770885301426637,0.6389918178197972,0.3650213406207899,0.5342513142799631,-0.7679413108908286,0.35332941600920853,0.5060895726443885,-0.044222163974949685,-0.8613464719112707,-2.3309948444366455,-6.151175022125244,0.33629488945007324
6.75,0.3716934616716016,2.0010530683927903,0.12039537625194648,2.2749383482181433,-105.58734130859375,86.95390319824219,-225.36058044433594,-0.8609991669654846,2.237983226776123,26.504072189331055,0.7012692457994474,0.6275864671633022,0.33816663219389365,0.5522316057796877,-0.7782079350402109,0.2990529441728321,0.45084553726732435,-0.022970330296643304,-0.8923063742079855,-2.883780002593994,-6.359715461730957,0.3233564794063568
6.76,1.8091989842868088,2.0265199485776,4.033326768210006,0.9361916056382082,-105.59600067138672,86.97612762451172,-225.0958251953125,-0.8703112006187439,2.207642078399658,26.44501495361328,0.7239960004140259,0.615018230381454,0.3123817659258596,0.5669357393789476,-0.7885001945888356,0.2384351285952101,0.3929550340679449,0.0044743079725425156,-0.9195468023808396,-3.466693162918091,-6.400021553039551,0.31027454137802124
6.77,0.9741080854345167,0.6513882341060613,2.175356840677111,0.7819167804040149,-105.6047592163086,86.998046875,-224.8316650390625,-0.8830771446228027,2.1759793758392334,26.391603469848633,0.7451496708644966,0.6020167699197208,0.2869281734963619,0.5777591077888125,-0.7976361758314078,0.17312118406515975,0.33308614708151374,0.03677417219290591,-0.94217900575311,-3.5393965244293213,-6.494976043701172,0.30334195494651794
6.78,0.9741080854345167,0.6513882341060613,2.175356840677111,0.7819167804040149,-105.61365509033203,87.01966094970703,-224.5680389404297,-0.8931390643119812,2.147963762283325,26.327119827270508,0.7648777475554454,0.5905189104970657,0.2573896805232621,0.5845680415649602,-0.8041525771259375,0.10779071148582442,0.2706330284267155,0.06801506485383788,-0.9602768948993372,-3.2242813110351562,-6.671571731567383,0.2994014620780945
6.79,2.461979000275263,1.7860259674958645,3.0352885935832226,3.7989701585011013,-105.62259674072266,87.04102325439453,-224.30519104003906,-0.8969281315803528,2.12512469291687,26.240758895874023,0.7828946643572392,0.5808197539944443,0.22298959144049468,0.587277901764003,-0.8082259724234957,0.04330639213516603,0.2053791874086459,0.0970525160412022,-0.9738584078342376,-2.926210880279541,-6.8694047927856445,0.293134868144989
6.8,0.3281893116593904,0.6525069523025613,4.079370038665173,1.6366322685715569,-105.63159942626953,87.06216430664062,-224.04315185546875,-0.9045174717903137,2.104647636413574,26.176918029785156,0.7988135862619097,0.5727753165191668,0.18391653321481272,0.5857241925924345,-0.8102478050646829,-0.020631640744381965,0.1372006727947347,0.12420519785513288,-0.9827253147296247,-2.7699406147003174,-7.156556606292725,0.28214552998542786
6.81,0.3281893116593904,0.6525069523025613,4.079370038665173,1.6366322685715569,-105.64067840576172,87.0831298828125,-223.7816619873047,-0.910417377948761,2.0886178016662598,26.11708641052246,0.8123690781662624,0.5661568157403127,0.1397245176412729,0.5795322199358053,-0.8104455065856809,-0.0855598440353657,0.06479881862792092,0.1504810315151657,-0.9864869853467694,-2.5727927684783936,-7.673881530761719,0.27467119693756104
6.82,3.096502775969745,0.5517858619425667,3.3512308711186134,2.389120500590999,-105.6497573852539,87.10395050048828,-223.52088928222656,-0.9104375243186951,2.0765018463134766,26.041505813598633,0.8230471244232818,0.5611430593734714,0.08781741225718225,0.5678084876720124,-0.8091919817408133,-0.15100284107922468,-0.013673050361542927,0.17414592617502195,-0.9846249255886501,-2.233952283859253,-8.340448379516602,0.27447202801704407
6.83,4.174724864468249,3.7681326732206113,4.0408337240726375,4.166701915048557,-105.6588363647461,87.12468719482422,-223.2608184814453,-0.9074520468711853,2.070892572402954,25.977731704711914,0.8295833688375046,0.5576889469526966,0.027829347728774628,0.5497620197836118,-0.8070364839243821,-0.21553151792351402,-0.09774024632494152,0.1941008811462814,-0.9761002469964736,-1.7668187618255615,-8.842977523803711,0.2677355408668518
6.84,4.174724864468249,3.7681326732206113,4.0408337240726375,4.166701915048557,-105.66788482666016,87.14542388916016,-223.00120544433594,-0.8999598622322083,2.080770254135132,25.959251403808594,0.8306031816778165,0.5555695802023541,-0.03795782054423007,0.5255438166623339,-0.8046005700372727,-0.27644460469266363,-0.1841250970255689,0.20966727033439408,-0.9602799510537794,-1.4465014934539795,-9.049195289611816,0.2570916414260864
6.85,0.00836022300854325,1.6206774185745072,0.6969369449299804,0.2231283214680267,-105.67681121826172,87.16635131835938,-222.74154663085938,-0.8833101391792297,2.107029676437378,25.975027084350586,0.8254881329056675,0.5544679474700095,-0.10552079254966773,0.4957571929300072,-0.8016506365947754,-0.3340375166135551,-0.2698039067361234,0.22343131399959656,-0.9366345604526555,-1.3440274000167847,-9.11347484588623,0.24808377027511597
6.86,0.9673815595558348,1.6828475992744536,4.159518155442129,3.5451389871364256,-105.685546875,87.1875228881836,-222.48187255859375,-0.8651174306869507,2.121157646179199,25.942577362060547,0.814155224992913,0.5543290087633279,-0.1728311883318676,0.4608514296577979,-0.7979650388385672,-0.3884169880086705,-0.3532240498594382,0.23658222003107143,-0.9051307219214618,-1.3819422721862793,-9.090312957763672,0.2445056140422821
6.87,0.9673815595558348,1.6828475992744536,4.159518155442129,3.5451389871364256,-105.69410705566406,87.2087631225586,-222.2227020263672,-0.8445830345153809,2.133226156234741,25.900978088378906,0.7965933543644139,0.5552949088110704,-0.23892800595777064,0.42083401287254235,-0.7931370519183674,-0.4402639554674377,-0.43397898727017226,0.2501623095567078,-0.8654946894610098,-1.4456294775009155,-9.402531623840332,0.2437785416841507
6.88,2.5641592089844236,2.1842181793720727,0.12815768684481493,1.6056790560155558,-105.70240783691406,87.230224609375,-221.96376037597656,-0.813678503036499,2.161583185195923,25.894792556762695,0.7713559963013868,0.5573421021104175,-0.3072128060238309,0.3735892011056884,-0.7873595705196802,-0.49040393098779134,-0.515209700789017,0.26350462600532454,-0.8155515166356359,-1.4484195709228516,-10.077977180480957,0.2418040931224823
6.89,1.4914680927986983,0.46472113828010375,2.9518862619546646,3.8845763577644536,-105.71038055419922,87.25198364257812,-221.70481872558594,-0.7819648385047913,2.1886258125305176,25.891407012939453,0.7376163000888178,0.560577578204511,-0.3763973600566936,0.31898818905566195,-0.7806171470201131,-0.5374787484367809,-0.5951207684884408,0.2763867735484903,-0.7546135582675302,-1.5189672708511353,-10.242746353149414,0.2330167293548584
6.9,1.4914680927986983,0.46472113828010375,2.9518862619546646,3.8845763577644536,-105.7180404663086,87.27400970458984,-221.4458770751953,-0.7474412322044373,2.2181990146636963,25.89993667602539,0.696878405320189,0.5653305575467702,-0.4413183079164613,0.25986184250976707,-0.7725679053070983,-0.57931913009742,-0.6684551675361778,0.28903320292530477,-0.6852937301631471,-1.569056510925293,-10.442137718200684,0.2177857905626297
6.91,1.098908817115281,3.7625741520404845,2.797709572711037,2.927354568101722,-105.72531127929688,87.29637145996094,-221.18673706054688,-0.70537930727005,2.257091999053955,25.93042755126953,0.6471752815374044,0.5712922027722938,-0.5047666530373832,0.19394752166141516,-0.763726459681633,-0.6157160495094749,-0.7372574270961104,0.3005779663144649,-0.605065593434203,-1.5440658330917358,-11.0798978805542,0.20116250216960907
6.92,0.642279614719731,3.7529798523591027,0.06532785547739915,4.1309486178189125,-105.73212432861328,87.31918334960938,-220.92718505859375,-0.6538585424423218,2.3066506385803223,25.98232078552246,0.5875688458442789,0.5786722226672205,-0.5655981878565389,0.12090725187666909,-0.7539205971269849,-0.6457438886054767,-0.8000901748158477,0.3110340687787584,-0.5129459232921896,-1.7319729328155518,-11.499258995056152,0.19243448972702026
6.93,0.642279614719731,3.7529798523591027,0.06532785547739915,4.1309486178189125,-105.73838806152344,87.34252166748047,-220.6670379638672,-0.59859699010849,2.359710454940796,26.04758071899414,0.5201194589242085,0.5897327653379112,-0.6178114711910816,0.0433470589155856,-0.7406478815355527,-0.6704936599702241,-0.8529928375618152,0.3219564893953808,-0.41078855632118666,-2.464594841003418,-11.594185829162598,0.18229886889457703
6.94,2.6250742887521303,3.549681830515339,0.0013421849599622292,3.8511103894810907,-105.74410247802734,87.36637878417969,-220.40618896484375,-0.5442102551460266,2.411656379699707,26.120988845825195,0.4471649281578627,0.6080405881084223,-0.6559955565690501,-0.036955686319939285,-0.7202197530102512,-0.6927609866486965,-0.8936877554684277,0.3340211828411742,-0.2995864568687763,-3.5420517921447754,-11.586888313293457,0.16118447482585907
6.95,0.47436217610427855,2.4108351039289704,1.5590575506326716,4.165709985904749,-105.7492446899414,87.39077758789062,-220.1445770263672,-0.48369964957237244,2.4709043502807617,26.203536987304688,0.3710277013047043,0.6344750732990367,-0.6780706646262827,-0.11900987166452176,-0.6916808234617604,-0.7123301825008223,-0.9209642204292959,0.3449913329598916,-0.18112394891790562,-4.484430313110352,-11.418460845947266,0.1291695237159729
6.96,0.47436217610427855,2.4108351039289704,1.5590575506326716,4.165709985904749,-105.75376892089844,87.41580200195312,-219.88211059570312,-0.42235133051872253,2.532489776611328,26.288028717041016,0.2940311982360946,0.6673589694242335,-0.6842350914655515,-0.20177383364705884,-0.6564065190803369,-0.7269235185108573,-0.9342553047851618,0.35179893069459545,-0.05834841765569734,-5.24714469909668,-11.469491958618164,0.09311027824878693
6.97,3.2449069935572283,2.0813217450156616,3.5855161160059272,3.814108719781742,-105.75769805908203,87.44142150878906,-219.6188201904297,-0.364616334438324,2.591961622238159,26.368005752563477,0.21524351104688572,0.7053781193757935,-0.6753605997229022,-0.28739504181043085,-0.6151902380139296,-0.7341287768471859,-0.9333136240808819,0.35211174328362504,0.07030646731828166,-5.974115371704102,-11.833547592163086,0.05542087182402611
6.98,3.2449069935572283,2.0813217450156616,3.5855161160059272,3.814108719781742,-105.7610092163086,87.46770477294922,-219.35479736328125,-0.2958034873008728,2.6652987003326416,26.434680938720703,0.13563599113270142,0.7464762557868544,-0.6514415380184844,-0.3757631508660929,-0.5696338868461002,-0.7309714696264077,-0.9167360210882058,0.34393376470338455,0.2032354130960481,-6.276841163635254,-12.185983657836914,0.011884184554219246
6.99,1.2972338693141134,2.722319186393684,2.8619170444057667,3.2288001969816076,-105.76356506347656,87.49478149414062,-219.0902099609375,-0.21841035783290863,2.7499232292175293,26.476356506347656,0.057273322666292065,0.7860941822269593,-0.6154475633063234,-0.46496908400544357,-0.5245175452749498,-0.7132216314848279,-0.8834724202995254,0.32701266239653326,0.33546862923741383,-6.190990447998047,-12.492115020751953,-0.0344039611518383
7.0,2.265648185058581,3.863928205140158,1.5345486950271723,1.8716694008052375,-105.76539611816406,87.52266693115234,-218.82534790039062,-0.15147092938423157,2.8234095573425293,26.491209030151367,-0.01810109607125307,0.8228218131855954,-0.5680111038236738,-0.552895096722445,-0.48157665201150424,-0.6799933383921264,-0.8330542373346993,0.3017419294419649,0.46365121123031994,-6.266839027404785,-12.789285659790039,-0.07673494517803192
7.01,2.265648185058581,3.863928205140158,1.5345486950271723,1.8716694008052375,-105.76663208007812,87.55119323730469,-218.56048583984375,-0.097762830555439,2.8811450004577637,26.47674560546875,-0.08801442511442165,0.8572368710732027,-0.5073444666539717,-0.6367795625105902,-0.4400825565197554,-0.6331185767420331,-0.7660060376658915,0.26734301995687393,0.5846045329449125,-6.547290802001953,-12.74935245513916,-0.11624608188867569
7.02,1.1852463910842672,2.4770369177055667,3.891399796054305,0.6872477561022858,-105.76737213134766,87.58025360107422,-218.29592895507812,-0.052340246737003326,2.9284181594848633,26.426164627075195,-0.14855533980972602,0.8886809270805552,-0.4337943301349866,-0.7123964348704684,-0.40041406779352756,-0.5763331448883421,-0.6858736258217423,0.22341616807269168,0.6925767720952324,-6.868860721588135,-12.39663028717041,-0.15604540705680847
7.03,3.5767016350320304,3.5628512212961616,3.20397161170933,1.1613599309111695,-105.76771545410156,87.60972595214844,-218.0320587158203,-0.01678529940545559,2.963144063949585,26.34153938293457,-0.19834370523358374,0.9155878791886365,-0.34979795607903236,-0.7786291545136712,-0.3639569866435937,-0.5111476808268245,-0.5953120310690349,0.17097996185568162,0.7850919935321534,-6.902256965637207,-12.25118637084961,-0.18991133570671082
7.04,3.5767016350320304,3.5628512212961616,3.20397161170933,1.1613599309111695,-105.76773071289062,87.6395034790039,-217.76925659179688,0.013993529602885246,2.9929451942443848,26.212486267089844,-0.23750785067383146,0.9358746899698462,-0.2602471624093934,-0.8358025806919487,-0.3334099272672861,-0.43620163515088006,-0.49499905755160334,0.11391393713443132,0.8613939562996464,-6.652588367462158,-12.076519012451172,-0.22154851257801056
7.05,1.273717784586979,1.4212900288338246,1.749357696852178,1.9932650771154532,-105.76746368408203,87.66956329345703,-217.5079803466797,0.03921123594045639,3.0177857875823975,26.039413452148438,-0.26529953540728324,0.9492582282316082,-0.16889337656423112,-0.8821425595857273,-0.3096786834778523,-0.3548571791114919,-0.3891537756211816,0.05484459074522907,0.919538694012257,-6.357555866241455,-11.693665504455566,-0.2539967894554138
7.06,3.874212019751079,1.1419094921284334,0.6998097585300287,3.919306428247151,-105.7669906616211,87.69977569580078,-217.24850463867188,0.05158716067671776,3.0241570472717285,25.860614776611328,-0.2821531167427694,0.9562483922874582,-0.07732160732934296,-0.9175181070792445,-0.29251190670261523,-0.2694388754781334,-0.28026798228492267,-0.005079043694678903,0.9599083609496721,-6.248051166534424,-11.546456336975098,-0.2884620130062103
7.07,3.874212019751079,1.1419094921284334,0.6998097585300287,3.919306428247151,-105.7664566040039,87.72998809814453,-216.99082946777344,0.054963383823633194,3.0189218521118164,25.67028045654297,-0.28869779916818183,0.9572886529317429,0.015875003104791396,-0.9426149656242152,-0.28128969465190434,-0.17986977028922302,-0.16772181532736755,-0.06689202232529236,0.9835623264504009,-6.325221538543701,-11.53935718536377,-0.3380904197692871
7.08,0.4881077371457728,3.2613176091542218,3.5319901516462773,3.621836488955539,-105.76592254638672,87.76012420654297,-216.73516845703125,0.05044568330049515,3.0071215629577637,25.459829330444336,-0.284985413521423,0.9522068645064538,0.10993362209447814,-0.9570292657764928,-0.276241843655926,-0.08823507387021255,-0.05364977658229793,-0.1303554026512247,0.9900147324521522,-6.4397478103637695,-11.468793869018555,-0.3992815911769867
7.09,0.39552369326009956,2.1846979217848626,3.8224786019925214,3.13049761081888,-105.7654800415039,87.79010772705078,-216.48165893554688,0.03629905357956886,2.9871349334716797,25.241241455078125,-0.2709201005485688,0.9406941108929913,0.20419816074097752,-0.9606930437807896,-0.2775817212439963,0.004154956368296825,0.06059021992001294,-0.19504609137961473,0.9789207564903195,-6.748645305633545,-11.64998722076416,-0.4462949335575104
7.1,0.39552369326009956,2.1846979217848626,3.8224786019925214,3.13049761081888,-105.76522064208984,87.81983947753906,-216.23033142089844,0.013290615752339363,2.958928346633911,25.031578063964844,-0.2452843058509775,0.9219800061156791,0.29964725532888975,-0.9532811593133785,-0.2856002729867311,0.09842517649486796,0.1763253827483307,-0.26150593185019233,0.9489594338041103,-7.0982232093811035,-12.138850212097168,-0.48188579082489014
7.11,0.5853545599510646,0.1770384756743305,0.7229242847173843,4.136926528473182,-105.7652359008789,87.84925079345703,-215.98095703125,-0.017236139625310898,2.9236667156219482,24.844024658203125,-0.20668258849253773,0.8957569219035921,0.3935757163187616,-0.9335714787514473,-0.30092941762721825,0.19464269744426407,0.2927910546377063,-0.327201806945416,0.8984499851721266,-7.351635932922363,-12.720342636108398,-0.5196260809898376
7.12,1.3538747555777015,3.1699420599835326,0.5367260785534265,2.7024924179289997,-105.76556396484375,87.8782958984375,-215.73330688476562,-0.04794406145811081,2.886477470397949,24.698646545410156,-0.1543316880197912,0.8617193832493657,0.4833440126920936,-0.9002425790983868,-0.32422429457339624,0.29058889446547753,0.407117954469275,-0.39027978597503155,0.8257945627140184,-7.746519088745117,-13.291361808776855,-0.5736117959022522
7.13,1.3538747555777015,3.1699420599835326,0.5367260785534265,2.7024924179289997,-105.76619720458984,87.90697479248047,-215.4868621826172,-0.08182843774557114,2.8472986221313477,24.591245651245117,-0.08872530110194704,0.8186639296440126,0.5673774680441516,-0.8529139521474101,-0.3566511462085635,0.3812318849996723,0.5144566173902853,-0.4500992448426694,0.7298938680489133,-8.362372398376465,-13.464436531066895,-0.6375609040260315
7.14,2.592075741868944,2.2867800238511493,1.7753075221076793,0.1671996421878231,-105.76722717285156,87.93522644042969,-215.24134826660156,-0.1250760555267334,2.803255796432495,24.516136169433594,-0.012932236515755646,0.7654471019367177,0.6433688610706778,-0.7940315032582497,-0.39892715806026713,0.4586622879585843,0.6077390304169588,-0.5049236147167601,0.612948133376076,-9.075109481811523,-13.278056144714355,-0.701416552066803
7.15,3.5130993720468666,4.075268688138767,2.279525069440163,0.060440465056166424,-105.76871490478516,87.96304321289062,-214.99636840820312,-0.1713516265153885,2.759296417236328,24.483312606811523,0.0704625200179731,0.7027824765552777,0.7079066491561917,-0.7266095558493337,-0.45005603443791475,0.5191224510791771,0.6834278210763379,-0.5509504120271164,0.4789363808127339,-9.351009368896484,-12.91851806640625,-0.7643600106239319
7.16,3.5130993720468666,4.075268688138767,2.279525069440163,0.060440465056166424,-105.77070617675781,87.99039459228516,-214.7515869140625,-0.2296695113182068,2.709029197692871,24.484575271606445,0.15773941275513334,0.6355165185883456,0.7558022441518777,-0.6543882808045658,-0.5059215266682862,0.5619781017079537,0.7395229919409607,-0.5832342269234372,0.3360707975050944,-9.22906494140625,-12.279115676879883,-0.8192348480224609
7.17,2.2362311279651608,2.2827714334325266,2.2652925625034466,0.07919384728205163,-105.77334594726562,88.01719665527344,-214.50660705566406,-0.30130863189697266,2.651082754135132,24.515987396240234,0.24444678045854104,0.5665243865995832,0.7869535506695549,-0.5814961236565425,-0.5638025488568593,0.5865057067709772,0.7759562034650336,-0.6009798709528252,0.19161201688217952,-9.067281723022461,-11.471101760864258,-0.8664412498474121
7.18,0.32394385880730847,1.1158377923621103,1.6222002197745637,2.9696064788508574,-105.77670288085938,88.04344177246094,-214.2611541748047,-0.36557257175445557,2.600393056869507,24.577072143554688,0.3283018575003525,0.49765625176779793,0.8028425408747624,-0.510409133416385,-0.6217141708205828,0.5940993236202262,0.7947958271700684,-0.6048220770419194,0.04989837908935929,-8.861478805541992,-10.851606369018555,-0.9095414876937866
7.19,0.32394385880730847,1.1158377923621103,1.6222002197745637,2.9696064788508574,-105.7806167602539,88.0692367553711,-214.01499938964844,-0.41727039217948914,2.560150146484375,24.656368255615234,0.41055093047373853,0.4298632588996,0.8041551542677342,-0.44065780348928363,-0.678553920214147,0.5876948847710122,0.7982910707950751,-0.5956359257216013,-0.08915834385307791,-8.95226764678955,-10.795684814453125,-0.9563494920730591
7.2,1.8586050160936982,2.6550965387665606,3.2116542566365553,1.764891655029277,-105.7850341796875,88.09464263916016,-213.76800537109375,-0.4643825590610504,2.5235984325408936,24.742393493652344,0.49405400570894487,0.36128010164170066,0.7908143445845609,-0.370388877876753,-0.7354502779845713,0.5673843210361182,0.7865892947327379,-0.5732273342838594,-0.22953802439176563,-9.3523530960083,-11.104158401489258,-1.010682225227356
7.21,1.8586050160936982,2.6550965387665606,3.2116542566365553,1.764891655029277,-105.7899398803711,88.11967468261719,-213.5201416015625,-0.5221558809280396,2.479041576385498,24.831205368041992,0.5778787789701723,0.2929522688680302,0.7617316358016228,-0.30065314580015884,-0.7912953120688555,0.532409067370496,0.7587251167164637,-0.5366849143239691,-0.3691957475387044,-9.587455749511719,-11.268285751342773,-1.0638335943222046
7.22,2.2012232598663393,0.45114697309242496,1.0660374188593853,2.302414921721687,-105.79549407958984,88.14421844482422,-213.27137756347656,-0.5881127715110779,2.427877902984619,24.917640686035156,0.6585096599469602,0.22847461588611515,0.7170525626843761,-0.23436793750668786,-0.843161921833784,0.48389011504516316,0.7151480249748302,-0.48670044531030804,-0.5016831459291289,-9.63412857055664,-11.259520530700684,-1.1130666732788086
7.23,3.744963529109041,2.0238161576870173,0.4555720336045071,2.6752175486692686,-105.8016586303711,88.16826629638672,-213.0218505859375,-0.6392313241958618,2.385481595993042,24.982528686523438,0.7337022973707067,0.16997280128001224,0.6578679089741133,-0.17335743728545427,-0.8893359647745517,0.42311788037890447,0.6569841229213735,-0.4244888556647189,-0.6230417912513498,-9.669838905334473,-11.239921569824219,-1.171886682510376
7.24,3.744963529109041,2.0238161576870173,0.4555720336045071,2.6752175486692686,-105.80826568603516,88.1919174194336,-212.7718048095703,-0.6835711002349854,2.346087694168091,25.02659797668457,0.8014694951326908,0.11871373418018001,0.5861345388976384,-0.11908480627942876,-0.928791588793386,0.35094870494140396,0.5860592608987085,-0.35107439938516627,-0.7302611237161707,-9.796138763427734,-10.993202209472656,-1.2418705224990845
7.25,0.0636312514335849,0.5642000670898986,1.808820006046526,2.2123168446009944,-105.8153305053711,88.2151870727539,-212.5213623046875,-0.7273164391517639,2.3061013221740723,25.055164337158203,0.8591212289757738,0.07525268601504523,0.5062091930918251,-0.0735794391006998,-0.9606908859984916,0.2676921509888908,0.5064551115990261,-0.2672265982400586,-0.8198128842170412,-9.999070167541504,-10.522523880004883,-1.3139010667800903
7.26,0.574691317136206,1.8923991400655427,2.8235860725676267,1.9663847647850983,-105.82276916503906,88.23808288574219,-212.27081298828125,-0.7545716166496277,2.2750487327575684,25.046112060546875,0.9066350097522291,0.04025975598579354,0.4199906083944494,-0.037352310503779226,-0.9838694288829706,0.1749449965261263,0.4202591628883357,-0.17429887824498883,-0.8905066743438446,-10.246044158935547,-10.432151794433594,-1.3777645826339722
7.27,0.574691317136206,1.8923991400655427,2.8235860725676267,1.9663847647850983,-105.83039855957031,88.26070404052734,-212.02052307128906,-0.7722803950309753,2.2495484352111816,25.011579513549805,0.9455887539998065,0.014584724901461328,0.3250372195743781,-0.010227729340196398,-0.9971687047967279,0.07449810552329478,0.32520347762844953,-0.07376896348441511,-0.9427623444775453,-10.496853828430176,-10.643749237060547,-1.4324175119400024
7.28,1.1704722230591584,3.933363367793692,2.3178269954030846,3.4523934362699773,-105.83820343017578,88.2830810546875,-211.77059936523438,-0.7861248254776001,2.228161334991455,24.96936798095703,0.9749396711966696,-0.00048636002549743654,0.22246887643186145,0.006680313656427248,-0.9994826672388226,-0.031460630931689014,0.22236908718700313,0.032158379049538464,-0.9744320539270681,-10.728323936462402,-10.830899238586426,-1.4847636222839355
7.29,0.4342963382507766,3.856937175356491,3.71883146617751,1.4178383003096597,-105.84611511230469,88.30528259277344,-211.52110290527344,-0.795505166053772,2.214744806289673,24.93573570251465,0.9933659660188217,-0.004017899133393469,0.11492568921719433,0.012364242816245777,-0.9898642625684646,-0.14147744410106744,0.11432927470719902,0.1419598470566365,-0.9832477911333348,-11.22951602935791,-10.890250205993652,-1.5401372909545898
7.3,0.4342963382507766,3.856937175356491,3.71883146617751,1.4178383003096597,-105.85408020019531,88.32740783691406,-211.27186584472656,-0.7964987754821777,2.2121217250823975,24.909366607666016,0.9999683947311955,0.004676351692916604,0.0064297180000372,0.006164013918212654,-0.966790480307814,-0.2554959336635366,0.005021401311578974,0.2555274915171172,-0.9667887497317278,-11.768169403076172,-10.839696884155273,-1.5917984247207642
7.31,3.2708185803735934,3.0426798377240236,2.108883603046097,2.687558304534642,-105.86199951171875,88.34955596923828,-211.0229034423828,-0.7874554395675659,2.22005295753479,24.885175704956055,0.9946632504799358,0.02645117791513419,-0.09972639235222626,-0.012261386557932468,-0.9294231470066554,-0.36881197405713634,-0.10244352856264376,0.3680665007782517,-0.9241387203556011,-12.145837783813477,-10.773369789123535,-1.638370394706726
7.32,1.7753560108171742,2.235595748608134,2.9063140923193838,0.7984595480805439,-105.86978912353516,88.3718490600586,-210.7740936279297,-0.7683672308921814,2.242837429046631,24.880704879760742,0.9778918921833062,0.061444228475494356,-0.1998800990324062,-0.042412818847544914,-0.8777093308856412,-0.47731277300496133,-0.20476474305787754,0.4752377691885733,-0.8556988154351448,-12.444220542907715,-10.53060531616211,-1.697843074798584
7.33,1.7753560108171742,2.235595748608134,2.9063140923193838,0.7984595480805439,-105.87735748291016,88.3944320678711,-210.5252227783203,-0.7428994178771973,2.273472309112549,24.887208938598633,0.9510113798812775,0.1088886098739478,-0.28934516753529455,-0.08244892406239807,-0.8126929029961337,-0.5768296285218624,-0.2979589405560125,0.5724277387229204,-0.7639024503713171,-12.53096866607666,-10.207844734191895,-1.7615649700164795
7.34,0.8908891332418444,3.024383918671676,2.338399334576746,3.640046938407597,-105.8846435546875,88.41732788085938,-210.2762908935547,-0.7148152589797974,2.307298183441162,24.904775619506836,0.9154496456493311,0.16672755213200388,-0.3662702139685718,-0.13110279450010856,-0.7369327199997322,-0.6631306232319979,-0.3804786505899848,0.6550817426503853,-0.6527663493864846,-12.467071533203125,-9.934858322143555,-1.8188523054122925
7.35,1.368100997321328,2.622901325093708,2.9007179013295916,0.10918168566317032,-105.89161682128906,88.44062805175781,-210.02703857421875,-0.6788641810417175,2.355962038040161,24.949678421020508,0.8724483988840863,0.23337567716288565,-0.42938279494334514,-0.1872490715274404,-0.6519283278404557,-0.7347974146465533,-0.4514106517315533,0.7214743575955503,-0.5250744469457471,-12.776870727539062,-9.827096939086914,-1.877602219581604
7.36,1.368100997321328,2.622901325093708,2.9007179013295916,0.10918168566317032,-105.8982162475586,88.4644546508789,-209.77723693847656,-0.6410064697265625,2.409553289413452,25.011762619018555,0.8228797127180024,0.3085589777692366,-0.4771376485199438,-0.25041304357494476,-0.5568442369315575,-0.7919708349451033,-0.5100610610551157,0.7711782239107345,-0.3809486329693471,-13.068633079528809,-9.646584510803223,-1.9347578287124634
7.37,3.762511367377867,0.45079693785219804,2.5323714850882184,3.6548526811006754,-105.90444946289062,88.48880004882812,-209.52676391601562,-0.6058680415153503,2.46079421043396,25.083993911743164,0.7693150585197484,0.3886771428084692,-0.5070349291646493,-0.3174755448648223,-0.4561316319409175,-0.8313562490026158,-0.5544038412092219,0.8005460717542496,-0.22751344542971413,-13.053024291992188,-9.28171157836914,-1.985089659690857
7.38,0.16174090401505906,0.20100406857207467,3.911441825219833,2.691769861724539,-105.91030883789062,88.51372528076172,-209.27552795410156,-0.5621902346611023,2.5282092094421387,25.16640281677246,0.7135665652290339,0.470524716033032,-0.5190657459217212,-0.38651395057518606,-0.35354534949326494,-0.8518290038866058,-0.5843198807143231,0.8084628485302953,-0.07041377385341269,-12.94282341003418,-9.092426300048828,-2.048645257949829
7.39,0.16174090401505906,0.20100406857207467,3.911441825219833,2.691769861724539,-105.91569519042969,88.53936767578125,-209.02345275878906,-0.5189897418022156,2.5964131355285645,25.24622344970703,0.6552778648170067,0.5516492669691677,-0.5160368263343661,-0.45861652776434586,-0.25229261760087845,-0.8520676707665138,-0.6002347876808206,0.795004101471481,0.08767370359054916,-12.864326477050781,-9.381567001342773,-2.115817070007324
7.4,2.889753564693034,0.47895827285620607,2.6494099295278897,0.6310253685639522,-105.92070007324219,88.56561279296875,-208.7706298828125,-0.4829740524291992,2.6532037258148193,25.314659118652344,0.5933632542330255,0.63055218293031,-0.5003238882242333,-0.5357410061765611,-0.15453202567944413,-0.8301213329028077,-0.6007508825019903,0.7606075187908865,0.2461190352895348,-12.866537094116211,-9.96536922454834,-2.177842855453491
7.41,0.19650583590851062,1.1098176836343623,2.6209832052284843,2.8780967761395804,-105.92536163330078,88.59241485595703,-208.5172119140625,-0.4497658908367157,2.704223155975342,25.363027572631836,0.5292585654459219,0.7052902202136039,-0.47164719459906757,-0.6153323629631241,-0.06366161306815421,-0.7856928675454414,-0.5841673167786287,0.7060544626957658,0.40029444377239437,-12.642860412597656,-10.143531799316406,-2.2448928356170654
7.42,0.19650583590851062,1.1098176836343623,2.6209832052284843,2.8780967761395804,-105.92970275878906,88.61968231201172,-208.2634735107422,-0.4188508689403534,2.7490649223327637,25.382217407226562,0.466606889297691,0.773390283120683,-0.4291217552565261,-0.691422499423448,0.01639934928707243,-0.7222644866210662,-0.5515550182447478,0.6337180219288939,0.542391491942458,-12.627306938171387,-10.21281909942627,-2.311629295349121
7.43,2.9933426236736937,1.6750342080872425,3.1124045982158526,4.1088080121548405,-105.93374633789062,88.64737701416016,-208.00973510742188,-0.3904505670070648,2.7866954803466797,25.365121841430664,0.40620027467922415,0.8349870796991343,-0.3712114135988206,-0.763285999873121,0.08669720620267596,-0.6402172106670836,-0.5023901066384697,0.5433968818204264,0.6725503769827393,-12.993011474609375,-10.489921569824219,-2.379326581954956
7.44,0.37367533575775014,1.7492944834466582,3.844906297740897,3.1504665429331764,-105.9375,88.6754379272461,-207.7563934326172,-0.3577406704425812,2.8290364742279053,25.29039192199707,0.34979168377228087,0.8882879135430405,-0.2976413288122204,-0.8288054804149546,0.1453160160798348,-0.5403376084494038,-0.4367233146946573,0.4356923663825622,0.7870482248744828,-13.307926177978516,-10.666015625,-2.456393003463745
7.45,0.37367533575775014,1.7492944834466582,3.844906297740897,3.1504665429331764,-105.94092559814453,88.70391845703125,-207.50408935546875,-0.32881081104278564,2.8632137775421143,25.166017532348633,0.2996709421208227,0.9306367869251446,-0.21002975329714818,-0.8850436074739265,0.18897846171048183,-0.42542326438392825,-0.35622344015793833,0.31337248097301457,0.8802854928094981,-13.612133979797363,-10.884621620178223,-2.5329620838165283
7.46,3.4647985354404742,0.4032899293361612,3.4430770804724196,2.0904321878918997,-105.9441146850586,88.73263549804688,-207.25315856933594,-0.31036868691444397,2.8783342838287354,25.010862350463867,0.2575835615806494,0.9599603428352692,-0.11012197322523716,-0.9302700774201351,0.21556156683367161,-0.29686831080623577,-0.26124374032723363,0.17891157337580085,0.9485474985745479,-13.989616394042969,-11.220663070678711,-2.6064562797546387
7.47,3.4647985354404742,0.4032899293361612,3.4430770804724196,2.0904321878918997,-105.9471664428711,88.76142120361328,-207.0039520263672,-0.3010078966617584,2.8786990642547607,24.826974868774414,0.22560934262924576,0.9742170828283263,-0.0012247627794278043,-0.9619257008998967,0.22256347275887728,-0.15863305627060026,-0.15427044586259064,0.03696723033951546,0.9873368490107026,-13.996435165405273,-11.334765434265137,-2.689953565597534
7.48,0.8772195065968884,1.3170150555930273,0.5813172608034499,3.480329296941934,-105.95014190673828,88.79015350341797,-206.7566680908203,-0.30139780044555664,2.865135908126831,24.626976013183594,0.20506371116575395,0.9726178267368281,0.10937749986472384,-0.9778815506564745,0.20830161193118957,-0.018923830282396387,-0.041189164213626395,-0.10307764830746541,0.9938201301899581,-13.64750862121582,-11.237526893615723,-2.778813362121582
7.49,1.005120579702457,2.447895962060098,1.6654498259625075,2.368812287151614,-105.95319366455078,88.81867980957031,-206.51136779785156,-0.3094094693660736,2.8395776748657227,24.441490173339844,0.19613175539114802,0.9558366654809538,0.2188803404818217,-0.9778102497819388,0.1738856939208605,0.11683698417471802,0.07361691346809766,-0.23693888319968112,0.9687313950107732,-13.854459762573242,-11.119451522827148,-2.8680317401885986
7.5,1.005120579702457,2.447895962060098,1.6654498259625075,2.368812287151614,-105.95635223388672,88.84691619873047,-206.26776123046875,-0.32422733306884766,2.806060552597046,24.27800178527832,0.19899784668656206,0.9225266775698896,0.3306726269075993,-0.9621144185531424,0.11973824180431347,0.24494611460841853,0.18637516633462808,-0.3668886515299602,0.9114038702750098,-14.524940490722656,-10.894469261169434,-2.9544215202331543
7.51,2.041577823758122,0.8468950818892446,2.359740063093202,2.770297434271758,-105.95970153808594,88.87478637695312,-206.0256805419922,-0.34806331992149353,2.7659080028533936,24.13889503479004,0.21353982241151998,0.8711837240941658,0.4420855834766353,-0.9321095881356642,0.04618638246129331,0.35921933937456896,0.29252770800390704,-0.48877984507195027,0.821901334164522,-15.186684608459473,-10.556366920471191,-3.0368709564208984
7.52,3.448384762542477,2.364500352932679,2.2717346082508207,0.6904996733282925,-105.96334075927734,88.90222930908203,-205.7848358154297,-0.3815288245677948,2.720510482788086,24.035892486572266,0.23932360734847105,0.8015403319250839,0.5479573954817488,-0.8896613344931356,-0.045005340867710575,0.45439765536507215,0.3888790568719387,-0.5962445937623317,0.7023286008241326,-15.619175910949707,-10.292417526245117,-3.1238391399383545
7.53,3.448384762542477,2.364500352932679,2.2717346082508207,0.6904996733282925,-105.96736907958984,88.92918395996094,-205.54483032226562,-0.4264489710330963,2.6698570251464844,23.974023818969727,0.2752926792039112,0.7161893188234852,0.6413164588406293,-0.8369659090607618,-0.14964801765272712,0.5263967494986092,0.4729714662078726,-0.6816731844628782,0.5582290405715328,-15.694571495056152,-9.758177757263184,-3.209702491760254
7.54,0.5903070469789501,3.529538778366636,0.17852330545299513,1.724211039621548,-105.9719009399414,88.95561218261719,-205.3052215576172,-0.4812932312488556,2.616137981414795,23.956443786621094,0.31713399446579277,0.6192031371949606,0.7183407996502004,-0.7789121268705893,-0.2620496606343867,0.5697594878326624,0.5410378250807474,-0.7402144623346139,0.3991999769320795,-15.590442657470703,-8.897581100463867,-3.2861435413360596
7.55,2.3548541059207366,0.6904005945633224,0.040459545336748295,1.14234235034393,-105.97698211669922,88.98153686523438,-205.06556701660156,-0.5333906412124634,2.569843053817749,23.984375,0.36168295187035815,0.5127042120216716,0.7786654180722172,-0.7193393056432891,-0.3778414681924364,0.5829123332636005,0.5930736932987122,-0.7709540945409271,0.2321494743211885,-15.994933128356934,-8.025197982788086,-3.353222131729126
7.56,2.3548541059207366,0.6904005945633224,0.040459545336748295,1.14234235034393,-105.98253631591797,89.00706481933594,-204.825439453125,-0.5738720893859863,2.5370230674743652,24.046993255615234,0.40726703416341936,0.39490447383953736,0.8235192890426127,-0.6607352793344852,-0.49510398086392476,0.5641816540578704,0.6305255375688698,-0.7739008364604685,0.05928778794385159,-16.49680519104004,-7.182903289794922,-3.4219470024108887
7.57,1.3879164913121362,2.270813631452181,3.5206082928624802,1.398884638995747,-105.98844909667969,89.03230285644531,-204.58457946777344,-0.6087827682495117,2.5117058753967285,24.12664031982422,0.4524519459867093,0.27061884679655607,0.8497368276892215,-0.6049384536047768,-0.6069629470687302,0.51540804052314,0.6552378987231285,-0.7472358534252379,-0.11091381984565846,-16.683725357055664,-6.34642219543457,-3.491891384124756
7.58,3.548102712474948,3.508653081096674,3.0872586434575244,0.5499088827665375,-105.99476623535156,89.0572738647461,-204.34288024902344,-0.6606589555740356,2.47928786277771,24.21305274963379,0.49639463100147097,0.14434533439518163,0.8560121463806788,-0.552949726897852,-0.7075839201021107,0.4399677210165772,0.6692077180042862,-0.6917292970890224,-0.27142514568886666,-16.75506019592285,-5.716133117675781,-3.5452096462249756
7.59,3.548102712474948,3.508653081096674,3.0872586434575244,0.5499088827665375,-106.00174713134766,89.08187103271484,-204.10031127929688,-0.7363420724868774,2.4386863708496094,24.303253173828125,0.5392779175401408,0.020579860455171795,0.8418763549341522,-0.5049330682867462,-0.7921649536575609,0.3428079385709242,0.6739598832305237,-0.6099599622437198,-0.41680561447218845,-16.650190353393555,-4.954992294311523,-3.5838375091552734
7.6,0.5707517586147866,4.125796192554482,0.817547599228905,1.4005049721595941,-106.00952911376953,89.1060562133789,-203.85684204101562,-0.8192498683929443,2.401386022567749,24.388608932495117,0.5774722141953174,-0.09615812890980491,0.8107277323965938,-0.46235521924865786,-0.8569630250827286,0.2276884381662457,0.6728695958845838,-0.5063279449977298,-0.539331548352674,-16.410879135131836,-3.9197773933410645,-3.6133155822753906
7.61,3.381173580217544,3.3576662770399177,2.981193309687516,3.9903999391296807,-106.01808166503906,89.12993621826172,-203.61260986328125,-0.8848367929458618,2.376467227935791,24.45049476623535,0.6098689102776339,-0.2044137843534159,0.765685912788714,-0.4247549591404744,-0.8999829525273763,0.09805054740122546,0.6690613850479975,-0.385026869096718,-0.6356973911471034,-16.641101837158203,-2.911893129348755,-3.632457971572876
7.62,3.381173580217544,3.3576662770399177,2.981193309687516,3.9903999391296807,-106.02727508544922,89.15361785888672,-203.3678436279297,-0.9563286900520325,2.3609120845794678,24.506053924560547,0.6375930115070041,-0.30622112629414044,0.7068972863779982,-0.3907912081015441,-0.9193406318652619,-0.04577154434926188,0.6638956117854412,-0.24706562774438884,-0.705833685962427,-17.07565689086914,-2.1303653717041016,-3.651008129119873
7.63,1.230277804011227,2.8344703669943074,2.751136786823497,1.289779720652311,-106.0372543334961,89.17719268798828,-203.1224822998047,-1.0391193628311157,2.360140800476074,24.566146850585938,0.6627832922796381,-0.3979739257598699,0.6342988742621584,-0.3593051496248838,-0.9122112352296016,-0.19690218834214201,0.6569764964806607,-0.0974033712771899,-0.7475924466819032,-17.32642936706543,-1.5168957710266113,-3.670924186706543
7.64,2.8210448735931,3.131307353138005,3.2491968330274004,0.2780225708264431,-106.04798126220703,89.20085144042969,-202.87660217285156,-1.0978907346725464,2.371385335922241,24.599882125854492,0.6861293696435926,-0.47639168325138637,0.5497976466313744,-0.3295561817274473,-0.877304870541346,-0.34889667125046997,0.6485516256996914,0.058199039969260624,-0.7589424619488254,-17.467952728271484,-0.90073561668396,-3.6784439086914062
7.65,2.8210448735931,3.131307353138005,3.2491968330274004,0.2780225708264431,-106.05915832519531,89.22465515136719,-202.63052368164062,-1.1375170946121216,2.3920810222625732,24.6171817779541,0.7075681729352502,-0.5386071415863504,0.4574381134987036,-0.3005066089633528,-0.8152337166045135,-0.4950654151529251,0.6395647415378823,0.21282935498509767,-0.7386884370546277,-17.304595947265625,-0.10296668112277985,-3.6720638275146484
7.66,2.488557307706899,0.9171587034530648,2.604971055852154,0.7490254850476009,-106.0707015991211,89.24874114990234,-202.3842315673828,-1.1701548099517822,2.427316904067993,24.640464782714844,0.7267406088521736,-0.5825950992912206,0.3639107551681103,-0.26997226315562606,-0.7293955595193192,-0.6285674942916857,0.6316352306290403,0.3585597133468172,-0.6873658904781695,-16.898958206176758,0.8392893075942993,-3.6561410427093506
7.67,1.9630382128937038,1.4666749473073768,3.7707809506235237,1.5629467993652586,-106.08252716064453,89.27322387695312,-202.13771057128906,-1.1909672021865845,2.4672107696533203,24.66586685180664,0.7445689336941332,-0.6088253376196872,0.2737678053567566,-0.23651155684437006,-0.6241036919312692,-0.7446857492908074,0.6242430507876187,0.4897206244278802,-0.6086824488625684,-16.372756958007812,1.6186609268188477,-3.6379780769348145
7.68,1.9630382128937038,1.4666749473073768,3.7707809506235237,1.5629467993652586,-106.0945053100586,89.29812622070312,-201.890869140625,-1.2048492431640625,2.516303300857544,24.70437240600586,0.7625709635802679,-0.6186811841695887,0.18899502072482477,-0.20102271043090109,-0.5043163965435006,-0.8397945237189824,0.6148783582102038,0.602410627837768,-0.5089460089958758,-15.82094669342041,2.088325023651123,-3.6173088550567627
7.69,1.1146596958428805,3.959448668664765,3.586361578836712,2.9585363655095227,-106.10660552978516,89.32360076904297,-201.64353942871094,-1.2147189378738403,2.580354928970337,24.761747360229492,0.7815068183545495,-0.6140812633921114,0.1102329116738631,-0.16543913039796823,-0.3743319450082645,-0.9124173875368081,0.6015621223103342,0.6948235724967008,-0.39413603756115556,-15.30024242401123,2.38804030418396,-3.592256784439087
7.7,0.6187675446501616,0.003870460348550322,2.8139109386807215,1.7179041712918761,-106.11878967285156,89.34981536865234,-201.3955841064453,-1.220353603363037,2.6654510498046875,24.836286544799805,0.8013571230735486,-0.596960494796934,0.03827439027712515,-0.1306972188636426,-0.23716726881297268,-0.9626369635460217,0.5837336706757588,0.7664136313085743,-0.26807675666459807,-15.157083511352539,2.6789753437042236,-3.5616931915283203
7.71,0.6187675446501616,0.003870460348550322,2.8139109386807215,1.7179041712918761,-106.13099670410156,89.37687683105469,-201.1468048095703,-1.2201839685440063,2.7392547130584717,24.913822174072266,0.8219337025884921,-0.5689130281266734,-0.027621639649214214,-0.09764445770563562,-0.0929629180340506,-0.9908700498803901,0.5611510923348046,0.8171265889067209,-0.13196055953625785,-15.056493759155273,2.819735527038574,-3.5317182540893555
7.72,1.0813311032375967,0.7899821404356339,2.400547950371623,2.0275818267472423,-106.14319610595703,89.4045181274414,-200.89724731445312,-1.216477394104004,2.7902162075042725,24.990848541259766,0.8429334520918286,-0.5310581422700646,-0.08625801338554201,-0.06894005546656148,0.05239006108144589,-0.9962442221926056,0.5335826684749234,0.8457142135665865,0.007550157258617685,-14.721894264221191,2.793848991394043,-3.5067105293273926
7.73,1.0813311032375967,0.7899821404356339,2.400547950371623,2.0275818267472423,-106.15532684326172,89.43267822265625,-200.6469268798828,-1.2097796201705933,2.8434343338012695,25.06619644165039,0.8638475597397255,-0.4849085117880466,-0.1364958927119197,-0.04559158099983837,0.1945890287734806,-0.9798247382174677,0.5016859588165261,0.8526422726304953,0.1459875119653986,-14.43708324432373,2.8259122371673584,-3.4838051795959473
7.74,3.7783931591471487,2.4663406994930823,3.1662144549496625,3.052105882170996,-106.16737365722656,89.46139526367188,-200.39593505859375,-1.1997274160385132,2.899491310119629,25.131357192993164,0.8843252683867306,-0.431974181532928,-0.17710766833114283,-0.027032679495516965,0.331336966144455,-0.9431251502878507,0.4660880323844732,0.8388170964847733,0.28133223191242235,-14.221117973327637,2.931094169616699,-3.461488723754883
7.75,4.080524451430247,3.155692664028109,2.1289500343837062,0.16756010060739845,-106.17929077148438,89.4907455444336,-200.1444091796875,-1.1813420057296753,2.97884202003479,25.16892433166504,0.9041270424566319,-0.3739196389246048,-0.2067326648720925,-0.012801770833271303,0.45992786774723216,-0.8878639936009438,0.4270718976497472,0.8053883908375994,0.41104638928211756,-13.951228141784668,3.2171947956085205,-3.4409303665161133
7.76,4.080524451430247,3.155692664028109,2.1289500343837062,0.16756010060739845,-106.19097900390625,89.52098083496094,-199.89263916015625,-1.1573349237442017,3.0624608993530273,25.173694610595703,0.9235731238879196,-0.31294498038614144,-0.22153583024654738,-0.00037066201191715553,0.577056419068884,-0.8167042009326689,0.38342215303967825,0.7543681650643231,0.5328378028029763,-13.499360084533691,4.000027179718018,-3.4154016971588135
7.77,2.616537444904496,3.8003749466253844,3.1619357502081153,2.797094979252663,-106.20243835449219,89.55195617675781,-199.6409912109375,-1.1334097385406494,3.1283323764801025,25.149324417114258,0.9431971396906975,-0.2520715006449597,-0.21642346047017416,0.013416581231690428,0.6797870733474167,-0.7332867994569434,0.3319625747389913,0.6887303488828935,0.644555160944591,-12.903569221496582,5.102447032928467,-3.3802945613861084
7.78,4.1738414353439515,1.9026430952265942,1.4668534878514887,3.9806738453822237,-106.21363830566406,89.58354187011719,-199.38978576660156,-1.1069952249526978,3.1909842491149902,25.081071853637695,0.9620919282360564,-0.1940025127227215,-0.19168241098310762,0.027243276600995944,0.7676897288242907,-0.6402423635918889,0.27136124539636886,0.6107499531845723,0.7438733556069704,-12.546820640563965,5.917104721069336,-3.337999105453491
7.79,4.1738414353439515,1.9026430952265942,1.4668534878514887,3.9806738453822237,-106.22457885742188,89.61573028564453,-199.13951110839844,-1.0810738801956177,3.2450127601623535,24.970121383666992,0.9783229768340467,-0.14019656407693942,-0.15241088025331465,0.03693987346078919,0.8423244094342761,-0.537703482432371,0.2037635854299548,0.5204176329566657,0.8292441670343609,-12.391105651855469,6.447644233703613,-3.3034145832061768
7.8,3.8167667824202356,1.106162847428942,2.517529094781481,0.007100347028142231,-106.23528289794922,89.64838409423828,-198.89048767089844,-1.0593408346176147,3.2823708057403564,24.826045989990234,0.9906461035962376,-0.09209176439718243,-0.100694609388022,0.040493616826727794,0.9030849521115888,-0.4275486361408484,0.13030949476489667,0.41947190156174147,0.8983667176461371,-12.2159423828125,6.94099235534668,-3.277352809906006
7.81,0.1907549213000209,0.909253537431531,2.8221171654796113,1.1808795493373292,-106.24578857421875,89.68130493164062,-198.64306640625,-1.0443211793899536,3.296726942062378,24.67037582397461,0.9979875519252928,-0.051229965835022255,-0.03736759027156191,0.03696235924611679,0.9488211438349535,-0.3136434616099804,0.05152310356647668,0.3116310761337398,0.9488052709521618,-11.60218620300293,7.54063081741333,-3.24170184135437
7.82,0.1907549213000209,0.909253537431531,2.8221171654796113,1.1808795493373292,-106.25618743896484,89.71424865722656,-198.39715576171875,-1.0353004932403564,3.2900547981262207,24.521257400512695,0.9991626905479623,-0.01891020156606992,0.03628115342278553,0.025895176190160782,0.9788463374939468,-0.2029514410512203,-0.03167582148954665,0.20372101475158869,0.9785164232048154,-10.913851737976074,7.85585880279541,-3.1926159858703613
7.83,2.2285550880004106,2.7933810580409784,0.7342953590762672,3.632479426609866,-106.2665023803711,89.7470703125,-198.1526336669922,-1.03007972240448,3.2726266384124756,24.373201370239258,0.9934891218429325,0.0046705697561183375,0.11383123717992623,0.006320041267417925,0.9953612715520972,-0.09599998006547121,-0.11375157958524144,0.09609435400868237,0.9888510773971564,-10.480677604675293,7.821252346038818,-3.1393587589263916
7.84,3.2313491881227625,2.217224631166677,1.2710346059104283,2.2097965020249593,-106.27680206298828,89.77969360351562,-197.90969848632812,-1.0315215587615967,3.250221014022827,24.204334259033203,0.9810442276778117,0.01953456378811535,0.19279684685609944,-0.02133604149651209,0.9997459140982345,0.0072719032683881135,-0.19260580643715108,-0.011247580250601994,0.9812117484341497,-10.426389694213867,7.974338531494141,-3.095726251602173
7.85,3.2313491881227625,2.217224631166677,1.2710346059104283,2.2097965020249593,-106.28715515136719,89.81205749511719,-197.66856384277344,-1.041891098022461,3.220993995666504,24.025217056274414,0.9611867450515992,0.025021540917425603,0.27476164875620745,-0.05681693872157095,0.9924847542238391,0.10837826399954342,-0.2699849562687172,-0.1197828665684833,0.955384837782773,-10.412009239196777,8.440751075744629,-3.057765483856201
7.86,4.139691520694059,1.3591547137368165,1.467846261094932,2.857566110143795,-106.29765319824219,89.84410095214844,-197.42916870117188,-1.0598779916763306,3.18475079536438,23.859642028808594,0.9327490901931066,0.02116764479544922,0.35990424498433693,-0.10040504019101654,0.9740323156299673,0.20292825336252263,-0.3462628519610099,-0.22541734388093904,0.910653094448973,-10.17477035522461,9.014966011047363,-3.0179977416992188
7.87,2.2560838875764215,3.1586111469798683,2.1741817875682354,3.677987918194275,-106.3083724975586,89.87574005126953,-197.1913604736328,-1.087539553642273,3.1419994831085205,23.712095260620117,0.8948115442023994,0.008298586587746917,0.446366927339788,-0.1521050581473523,0.9456752506489539,0.2873366868258026,-0.419733667517997,-0.325006851882671,0.8474633883426513,-9.79318618774414,9.53727912902832,-2.98095965385437
7.88,2.2560838875764215,3.1586111469798683,2.1741817875682354,3.677987918194275,-106.31944274902344,89.90692138671875,-196.9548797607422,-1.1288368701934814,3.0917294025421143,23.58422088623047,0.8472482134606647,-0.013055573134251292,0.5310367377101594,-0.21116712083673808,0.9090338308359692,0.35925748631476734,-0.4874206723819116,-0.4165177624133441,0.7674203813614455,-9.5972318649292,9.88394546508789,-2.9404313564300537
7.89,0.36333327337555454,1.3905100145188507,0.657576468840262,0.3547067912405409,-106.33099365234375,89.93756103515625,-196.71957397460938,-1.1831647157669067,3.0355098247528076,23.48493003845215,0.7909036882885383,-0.04410435176530561,0.6103492131615709,-0.27613880717994277,0.8643537495734147,0.420285563358554,-0.5460940532736325,-0.5009465058803593,0.6714416454357253,-9.657058715820312,10.114002227783203,-2.892810583114624
7.9,4.118439178273191,2.0974260020533033,0.5334845213771793,3.613058898601175,-106.34305572509766,89.9676742553711,-196.48497009277344,-1.2219007015228271,2.9938249588012695,23.446422576904297,0.726420025986061,-0.08481554717965639,0.6819972645128616,-0.3459080944344493,0.8123711387202361,0.4694685539832407,-0.59385312666613,-0.5769397333612952,0.5607842793961498,-9.620719909667969,10.407360076904297,-2.8391366004943848
7.91,4.118439178273191,2.0974260020533033,0.5334845213771793,3.613058898601175,-106.35546112060547,89.99742126464844,-196.2505340576172,-1.2664934396743774,2.9523541927337646,23.44229507446289,0.6536202333174127,-0.1336072854773816,0.7449360266932029,-0.4197947679712873,0.7549914515179349,0.5037462267042553,-0.6297244980005335,-0.6419789727103274,0.43739004928755376,-9.489480018615723,10.859770774841309,-2.793088912963867
7.92,0.37911548916515697,0.4232783955320232,0.6386484851410736,1.7885697092447306,-106.36846923828125,90.02667999267578,-196.0160675048828,-1.3371411561965942,2.8977205753326416,23.45703125,0.5721052511557129,-0.1893616655670488,0.7980211408313266,-0.4970967794935821,0.6938568948813311,0.5210157399184278,-0.6523728791244835,-0.6947695798171584,0.30282809899928625,-9.356555938720703,11.40113353729248,-2.756368637084961
7.93,1.4252327457091767,0.7931323630545024,3.0687711616067737,1.1531162538510191,-106.38214111328125,90.05543518066406,-195.78128051757812,-1.3892713785171509,2.8595006465911865,23.50859832763672,0.4831233216976688,-0.25105175986835,0.8387877382859236,-0.5757266818503275,0.6306775663788753,0.5203696715528596,-0.6596443313160679,-0.7343152055714381,0.16015784410747386,-9.226853370666504,11.69111156463623,-2.711876630783081
7.94,1.4252327457091767,0.7931323630545024,3.0687711616067737,1.1531162538510191,-106.39622497558594,90.08389282226562,-195.54583740234375,-1.4315805435180664,2.8308584690093994,23.582366943359375,0.39086488957914345,-0.3166534507652595,0.8642657173651729,-0.6518907331909454,0.5676552645052814,0.5027981430546561,-0.6498177514303956,-0.7599329528306377,0.015453062093068404,-8.819329261779785,11.707255363464355,-2.6563339233398438
7.95,2.3656536046973553,2.110817934817857,1.2905247746987523,0.16142329653586318,-106.41079711914062,90.1120376586914,-195.30960083007812,-1.4834229946136475,2.798837184906006,23.66543197631836,0.2983338969602495,-0.3815310130274159,0.8748891198447866,-0.7228825892791679,0.5082250908736503,0.46813248031248167,-0.6232476618821425,-0.7721018994308614,-0.1241813546942494,-8.151235580444336,11.646268844604492,-2.5991244316101074
7.96,2.3656536046973553,2.110817934817857,1.2905247746987523,0.16142329653586318,-106.42588806152344,90.1398696899414,-195.07252502441406,-1.534353256225586,2.7690069675445557,23.75075340270996,0.20644524821431903,-0.4435360318097493,0.872156034191239,-0.7872853279085265,0.45398366146614927,0.41722972998307906,-0.5810010085616827,-0.7727707445343995,-0.2554666405659604,-7.541830062866211,11.906586647033691,-2.54598069190979
7.97,0.404610136019464,0.7785510210306048,4.039459227295966,3.311039135974555,-106.44146728515625,90.16742706298828,-194.83460998535156,-1.5822633504867554,2.7419254779815674,23.830575942993164,0.11290948550043817,-0.5024687646953829,0.8571911038907964,-0.8449215721730405,0.40540457122127643,0.3489336190588841,-0.5228374364567479,-0.7636571705539004,-0.3787726770781484,-7.0060577392578125,12.473480224609375,-2.495262622833252
7.98,3.5874774292076643,2.9820885413437868,2.792586026860698,2.2705010388953273,-106.45755004882812,90.19470977783203,-194.59596252441406,-1.6378315687179565,2.71334171295166,23.904117584228516,0.01997246403548278,-0.5579970750217856,0.8296025343183827,-0.8930987559019844,0.3630291542049,0.2656773332514516,-0.449417081213742,-0.7462232222762885,-0.49109590677271375,-6.557183265686035,12.428604125976562,-2.446013927459717
7.99,3.5874774292076643,2.9820885413437868,2.792586026860698,2.2705010388953273,-106.47429656982422,90.22168731689453,-194.35655212402344,-1.7105374336242676,2.682238817214966,23.97653579711914,-0.0655759439089707,-0.6100741329538037,0.789626081054262,-0.928656885862359,0.32684804203835494,0.17540452034117976,-0.3650974991983279,-0.7217893804402764,-0.5879829133255222,-6.135669708251953,12.316497802734375,-2.4022817611694336
8.0,3.1055633815166814,2.471592374662851,0.49334087385988795,1.630200343862019,-106.49180603027344,90.24835968017578,-194.116455078125,-1.7888866662979126,2.6551010608673096,24.04324722290039,-0.14572810072437514,-0.6577970087444889,0.7389630680528421,-0.9518321507926175,0.29690157513080484,0.07658336243824099,-0.26977560559985087,-0.6922084584658366,-0.6693792442641047,-5.67097282409668,12.60659122467041,-2.36315655708313
8.01,1.4609059877553043,0.7655431553463532,2.791875572446064,1.1058879912296242,-106.51001739501953,90.27481842041016,-193.87579345703125,-1.8477647304534912,2.637160301208496,24.084197998046875,-0.22070911733333215,-0.7009742294030288,0.6781759471101665,-0.9614956058080233,0.27310867563135227,-0.03062435806267788,-0.1637488489663475,-0.6588222681480331,-0.7342612160903484,-5.322535037994385,13.078170776367188,-2.3294219970703125
8.02,1.4609059877553043,0.7655431553463532,2.791875572446064,1.1058879912296242,-106.5286865234375,90.30113220214844,-193.63487243652344,-1.8829516172409058,2.626032829284668,24.09313201904297,-0.2893074515774557,-0.7398951309744972,0.6073354868785372,-0.9560183185812248,0.2553306681682039,-0.14434411809944445,-0.0482718655003716,-0.6223836799378741,-0.781222363957986,-4.861207962036133,13.316706657409668,-2.294542074203491
8.03,3.8415850637399718,0.1234701397963014,0.2800193956168213,0.28905983911632516,-106.54763793945312,90.32736206054688,-193.3939666748047,-1.9062827825546265,2.6199066638946533,24.08333969116211,-0.3476911544706192,-0.7730581141041561,0.5305582091727672,-0.9349020664103627,0.2428749787914782,-0.2587853761298599,0.07119682102820371,-0.5859973522933057,-0.8071791100993096,-4.212149143218994,13.227200508117676,-2.259016990661621
8.04,2.127688072082509,0.7112356144382415,1.6000342421255815,0.2582531134108855,-106.5667724609375,90.35353088378906,-193.1532440185547,-1.9198274612426758,2.61724591255188,24.060121536254883,-0.39515687542323363,-0.8003342636967621,0.45090587727230685,-0.89839967514649,0.23429534627819068,-0.37146159210484175,0.19164829115446896,-0.5518792957389727,-0.8116034594752707,-3.4381372928619385,13.43082332611084,-2.236976385116577
8.05,2.127688072082509,0.7112356144382415,1.6000342421255815,0.2582531134108855,-106.58599853515625,90.37969970703125,-192.91278076171875,-1.926322102546692,2.618025302886963,24.031665802001953,-0.4329440736265005,-0.8220606630781485,0.36983198256939026,-0.8452688761034309,0.2276923528990922,-0.48340119933872494,0.3131771961726039,-0.5218931486911759,-0.7934403475666436,-2.63340163230896,13.769890785217285,-2.2214553356170654
8.06,2.200989511472103,3.3218643337449105,1.9598056150787186,2.0850438231158153,-106.60530090332031,90.4059066772461,-192.6725616455078,-1.929546594619751,2.624526023864746,24.009288787841797,-0.46024320003446545,-0.839442347322852,0.28898571304328474,-0.7755945503565597,0.22178482588008946,-0.5909861119066545,0.43200612296498925,-0.4961330834871215,-0.7531418679042614,-1.8797816038131714,13.979920387268066,-2.205761194229126
8.07,4.037516619472469,2.7191060614612153,0.5347513541343998,3.7506961277525774,-106.62461853027344,90.4322509765625,-192.4324951171875,-1.9359129667282104,2.6517629623413086,24.01521873474121,-0.4766920002664627,-0.8538012256128578,0.20925631178996904,-0.6900193729384749,0.21593591691870392,-0.6908291719043664,0.5446448401036704,-0.4737036488422488,-0.692074310476835,-1.4415804147720337,14.194409370422363,-2.1919054985046387
8.08,4.037516619472469,2.7191060614612153,0.5347513541343998,3.7506961277525774,-106.6440200805664,90.45902252197266,-192.19216918945312,-1.9436302185058594,2.707331418991089,24.05397605895996,-0.48207873188100303,-0.8666439817738438,0.1285624561183451,-0.589113825751044,0.21202994163397587,-0.7797359836250095,0.6484944075140298,-0.4516320545597601,-0.6127670770506174,-1.3392047882080078,14.502659797668457,-2.1884777545928955
8.09,0.7270251795688105,2.5947871731820262,3.616318399718628,3.8455024614042737,-106.6634750366211,90.4864501953125,-191.9513397216797,-1.94635009765625,2.7805964946746826,24.11174201965332,-0.4757978989909952,-0.8783248635049663,0.04649509075953173,-0.4734695653066696,0.2112172790420876,-0.8551104208009456,0.7412441770726216,-0.42887375203320544,-0.5163568289205565,-1.3159812688827515,14.878321647644043,-2.194929838180542
8.1,3.5720929107512673,3.201969662616449,0.4719779841485092,0.9484758919385698,-106.68292999267578,90.51466369628906,-191.70986938476562,-1.9423081874847412,2.863744020462036,24.181907653808594,-0.4572420790758123,-0.8886596077321829,-0.03483938443358947,-0.3459850631698452,0.21383481370141388,-0.9135474856364281,0.8192826235102187,-0.4056584450428271,-0.40523722531333256,-1.3142783641815186,14.802154541015625,-2.190654754638672
8.11,3.5720929107512673,3.201969662616449,0.4719779841485092,0.9484758919385698,-106.70230865478516,90.54369354248047,-191.46768188476562,-1.9324982166290283,2.9426684379577637,24.257352828979492,-0.42682404740967234,-0.8974120801465371,-0.11168165005895558,-0.2125690470696941,0.21959524199626235,-0.9521514217394653,0.8789969469689345,-0.3826610616455093,-0.28449056068633244,-1.178684115409851,14.960206985473633,-2.180605888366699
8.12,2.848917377035153,1.789706189980476,1.5454343850835268,3.14603300460131,-106.72157287597656,90.573486328125,-191.22470092773438,-1.9186331033706665,3.0159947872161865,24.337236404418945,-0.38451605569226155,-0.9047451849156702,-0.18325816021878916,-0.06998817619902303,0.2265220420316323,-0.9714882498857895,0.9204613289580396,-0.36072692559016045,-0.15042282754645553,-0.8927510380744934,15.669187545776367,-2.1750125885009766
8.13,0.5458624046560697,0.6714570263858054,3.64270763575295,2.1338986342457074,-106.74066162109375,90.60404205322266,-190.9809112548828,-1.8994406461715698,3.095698356628418,24.420448303222656,-0.3303424783095851,-0.9109411987236855,-0.24710317580342084,0.07988589002635765,0.23387682037517896,-0.9689787807098218,0.9404743970991332,-0.3398349089764783,-0.004488100040183546,-0.60774827003479,16.072086334228516,-2.1754894256591797
8.14,0.5458624046560697,0.6714570263858054,3.64270763575295,2.1338986342457074,-106.75955200195312,90.63536071777344,-190.73631286621094,-1.877449870109558,3.169491767883301,24.4987735748291,-0.26658937807582184,-0.916294801723589,-0.29888783821272386,0.22803962782960885,0.2413395486257115,-0.9432672741108277,0.9364443558677047,-0.3196233073533072,0.14461296539402446,-0.19984877109527588,15.814215660095215,-2.1735517978668213
8.15,3.0115916568033643,2.8945541859860096,3.1097717664891436,1.3373455811503714,-106.77821350097656,90.66737365722656,-190.490966796875,-1.854491949081421,3.231633186340332,24.565174102783203,-0.19729758206275405,-0.921555122399752,-0.3343797549059587,0.3658186209067358,0.24724024062189742,-0.8972452284716372,0.9095330674088132,-0.2993466548936275,0.28834212230250145,0.3319876790046692,15.206886291503906,-2.1684043407440186
8.16,0.8988509763596264,4.057194082087259,3.3315395985386664,0.5302907308836419,-106.79661560058594,90.70001220703125,-190.24508666992188,-1.8237046003341675,3.301276683807373,24.606281280517578,-0.12545381605299993,-0.9271861218814245,-0.3529691706484067,0.4906472115596948,0.25124080929836845,-0.8343520656963681,0.8622799161678508,-0.27785598991849153,0.42340216702324407,0.9101220369338989,14.960756301879883,-2.1665756702423096
8.17,0.8988509763596264,4.057194082087259,3.3315395985386664,0.5302907308836419,-106.8146743774414,90.7333755493164,-189.99896240234375,-1.7880111932754517,3.3688292503356934,24.615619659423828,-0.051973250355870304,-0.9332282489040121,-0.3555050164132664,0.6046263118484331,0.25391934240777037,-0.7549516478369767,0.7948118043084206,-0.25418497791717803,0.5510573406944475,1.3521742820739746,15.061084747314453,-2.1605663299560547
8.18,2.970486615431443,2.216847385944218,2.31172962661987,0.5689573524232733,-106.8323745727539,90.76734161376953,-189.75289916992188,-1.752464771270752,3.421854019165039,24.59229850769043,0.02124528384873614,-0.9388149017401995,-0.3437662260675506,0.7062499967535681,0.2574666394423546,-0.659486066312129,0.7076436815232451,-0.22877392737110638,0.6685079731427501,1.6389713287353516,15.183713912963867,-2.1496164798736572
8.19,3.852234553572026,0.629592315565671,3.673422217785593,2.550564493856871,-106.84972381591797,90.80176544189453,-189.50723266601562,-1.7177857160568237,3.4596149921417236,24.534019470214844,0.09216811767012578,-0.9437124659149577,-0.31766620808933277,0.7931476830032839,0.2624574627608073,-0.5495751388005844,0.6020147764230277,-0.2013029108529453,0.7726935660729051,2.1271514892578125,15.387810707092285,-2.1501235961914062
8.2,3.852234553572026,0.629592315565671,3.673422217785593,2.550564493856871,-106.86672973632812,90.83650970458984,-189.26235961914062,-1.6810600757598877,3.487971067428589,24.43043327331543,0.15849947975120937,-0.9484552543288657,-0.2744276688939408,0.8629562860734444,0.26812747433321016,-0.4282687308618517,0.47977532579836096,-0.16893871090919388,0.8609734889713018,2.9660282135009766,15.374566078186035,-2.1709938049316406
8.21,2.7810749847265632,1.0985281215674598,2.1682592951979918,3.1325763882098028,-106.88336181640625,90.8714828491211,-189.0187530517578,-1.644155502319336,3.5053889751434326,24.28207778930664,0.21666807692884033,-0.9527678382651696,-0.21281069241810582,0.9127314814454521,0.27504355986466583,-0.30211303009860785,0.346375789018731,-0.12878076931159999,0.9292143596808888,3.966674566268921,15.089159965515137,-2.206019401550293
8.22,2.7810749847265632,1.0985281215674598,2.1682592951979918,3.1325763882098028,-106.89964294433594,90.90657043457031,-188.7767791748047,-1.6136775016784668,3.5051417350769043,24.11039161682129,0.2640650141419701,-0.9550139627892167,-0.1349740685607347,0.9421835713855737,0.2853478787157014,-0.17568923109734164,0.206300232955096,-0.08077697066668293,0.9751488578122762,4.70758581161499,14.769560813903809,-2.2498860359191895
8.23,0.2679111404081943,3.555795466532641,0.08847173389991451,0.8724351487126462,-106.91565704345703,90.94155883789062,-188.5365753173828,-1.5909384489059448,3.4894368648529053,23.92633628845215,0.29914728485400444,-0.9530788872359052,-0.0463846598526431,0.9521151569629934,0.3013555916038232,-0.051590069688299676,0.06314768282218283,-0.02873050842359063,0.9975905613225851,5.1901350021362305,14.45097541809082,-2.298696279525757
8.24,1.6426171367074478,1.1654750831877814,1.1530953605074081,1.3139272883159068,-106.93148803710938,90.97632598876953,-188.29820251464844,-1.5761198997497559,3.461792230606079,23.756179809570312,0.32107003861881794,-0.9458052004045581,0.0486472320795802,0.9436246071327592,0.32385293671752385,0.06849727142727036,-0.08053962450158585,0.023912303676752678,0.9964645355545847,5.267043590545654,14.423179626464844,-2.3397161960601807
8.25,1.6426171367074478,1.1654750831877814,1.1530953605074081,1.3139272883159068,-106.94720458984375,91.01078033447266,-188.0614471435547,-1.5670422315597534,3.427724599838257,23.605737686157227,0.3291988460639273,-0.9330133589955717,0.1453072320498155,0.9171887339196577,0.35253576975249173,0.18569695047542684,-0.22448373241959796,0.0721429343790394,0.9718037100660543,5.3416056632995605,14.496148109436035,-2.3775675296783447
8.26,2.018065519904114,2.1101617476421897,2.164168289091539,0.02559903909470066,-106.96284484863281,91.04488372802734,-187.82608032226562,-1.5636112689971924,3.389491558074951,23.46830177307129,0.323254123246955,-0.9144244198214746,0.2435872579549303,0.8734211309798536,0.38736784778118727,0.29509604955546925,-0.36420090576729136,0.11736324356258339,0.9238958649646366,5.689328193664551,14.436544418334961,-2.4216206073760986
8.27,2.746942505865221,3.089710619207357,2.9528437637211913,0.38168397174314833,-106.97848510742188,91.07856750488281,-187.59201049804688,-1.5677896738052368,3.3469974994659424,23.347814559936523,0.30302085169248094,-0.8893338522035859,0.34243782320925614,0.8136695250931671,0.4285042250457475,0.3928435223503157,-0.4961050971056668,0.15959144226014654,0.8534695683989576,6.213622093200684,14.458702087402344,-2.4637255668640137
8.28,2.746942505865221,3.089710619207357,2.9528437637211913,0.38168397174314833,-106.9942398071289,91.11178588867188,-187.3590850830078,-1.5858439207077026,3.295382261276245,23.24163818359375,0.2677852511566208,-0.8565073010216372,0.44123270794402375,0.7391342126024701,0.47638794707929943,0.47616713414314626,-0.6180385708218477,0.1986196545516109,0.7606435155855119,6.889496326446533,14.604135513305664,-2.5043606758117676
8.29,3.240666977744821,4.07079697555458,2.5911222102010227,1.8309690765343953,-107.01024627685547,91.14444732666016,-187.12709045410156,-1.618879795074463,3.236018180847168,23.162052154541016,0.21694005717774956,-0.8148064088360085,0.5376128046386937,0.6513814240430642,0.5310174220684175,0.5419619339690214,-0.7270758227333272,0.23261774132593466,0.645948708812918,7.6065592765808105,14.780136108398438,-2.5490758419036865
8.3,3.212189854660837,3.914737428829198,2.210911074527093,0.31760584512999335,-107.02666473388672,91.17648315429688,-186.89573669433594,-1.6700208187103271,3.1681745052337646,23.115140914916992,0.1505054417950194,-0.7638482309228151,0.6276017782847431,0.5527035927230987,0.5913655742215473,0.5872014102644839,-0.8196748444237295,0.25850074998286854,0.5111853985368022,8.161144256591797,14.969728469848633,-2.6020941734313965
8.31,3.212189854660837,3.914737428829198,2.210911074527093,0.31760584512999335,-107.0436782836914,91.20781707763672,-186.66468811035156,-1.7325559854507446,3.099680185317993,23.109521865844727,0.06889568299152227,-0.7048028325145703,0.7060498227069885,0.44554024991538227,0.6549683892092418,0.6103362145915883,-0.8926070079102393,0.27252408410283524,0.359142524652039,8.662687301635742,15.28762435913086,-2.6604137420654297
8.32,0.15422428636935206,1.1765296092818054,0.3368350948241535,1.9384867805648593,-107.06133270263672,91.23849487304688,-186.4334259033203,-1.7989721298217773,3.0372767448425293,23.145366668701172,-0.027567167424292605,-0.6380051675184726,0.7695384704483119,0.33224290425957326,0.7202177183179093,0.6090164946781897,-0.9427909120528082,0.27246255603416636,0.19211832736614104,9.250980377197266,15.700448989868164,-2.7234418392181396
8.33,1.1253558105041215,3.6997124934829517,1.6244103874262252,1.6953893503643747,-107.07960510253906,91.26863098144531,-186.20164489746094,-1.8487428426742554,2.99523663520813,23.21492576599121,-0.1361364254101166,-0.5651918311569301,0.8136492288879971,0.21724406037426267,0.7842745728191286,0.5811354512172505,-0.9665774112344339,0.25587416521182793,0.016016231407253723,9.571412086486816,15.722465515136719,-2.7981934547424316
8.34,1.1253558105041215,3.6997124934829517,1.6244103874262252,1.6953893503643747,-107.09832000732422,91.29841613769531,-185.9690704345703,-1.8971949815750122,2.9591119289398193,23.300016403198242,-0.2501452801392951,-0.4913341592616802,0.8342769820429251,0.1072193239881811,0.8423137865906356,0.5282153930764064,-0.9622532698762581,0.22158120150852792,-0.15802030170356635,9.624571800231934,15.546722412109375,-2.8732473850250244
8.35,1.271131267123855,1.5763262013084711,1.1344703906614824,3.96085463783412,-107.11759948730469,91.32779693603516,-185.73562622070312,-1.9589784145355225,2.9172542095184326,23.38935089111328,-0.36629679637611473,-0.4199073358270468,0.830364068516471,0.005610248652092198,0.8913738056076608,0.45323422618617126,-0.9304811562168558,0.17067679395614224,-0.3241515848028444,9.646040916442871,15.472518920898438,-2.9432015419006348
8.36,1.480608352850843,2.252095824178521,0.8084832344377836,3.45312920512474,-107.13749694824219,91.3567886352539,-185.50132751464844,-2.01924204826355,2.8786141872406006,23.4718017578125,-0.4804283365445352,-0.3536199133061344,0.8025843073213013,-0.08416529537333817,0.9294778047732373,0.3591478991845043,-0.872986149088157,0.10499508249097247,-0.47631000005557755,9.631219863891602,15.14460563659668,-3.0216310024261475
8.37,1.480608352850843,2.252095824178521,0.8084832344377836,3.45312920512474,-107.15797424316406,91.3853988647461,-185.2662811279297,-2.074124813079834,2.844564437866211,23.538352966308594,-0.586773904793026,-0.29512868767077877,0.7540526787749438,-0.15867917499149103,0.9550693351804995,0.25032675530573706,-0.7940511973909266,0.027232750716783785,-0.6072405398278617,9.557779312133789,14.688920974731445,-3.1052119731903076
8.38,2.5058258520749246,0.20502235392514354,3.0378464826180824,0.17903354134699243,-107.17896270751953,91.4136962890625,-185.03065490722656,-2.1221065521240234,2.815664291381836,23.584491729736328,-0.6829951102842247,-0.24646040589788912,0.6875863201464146,-0.21675613141890474,0.967338502626961,0.13142678885120576,-0.6975202210833392,-0.05927469662576656,-0.7141092714142374,9.458260536193848,14.306182861328125,-3.1860849857330322
8.39,1.2922452277171232,4.0029062413169605,2.1308214104254173,0.5280172250254483,-107.20036315917969,91.44174194335938,-184.794677734375,-2.1555240154266357,2.7935705184936523,23.60224723815918,-0.7672328852498621,-0.20749928219882052,0.606875397160032,-0.2577225251676299,0.9662083116915575,0.004538550360058874,-0.5873097988390732,-0.15292333473059194,-0.7947840297102623,10.01930046081543,13.925719261169434,-3.2609851360321045
8.4,1.2922452277171232,4.0029062413169605,2.1308214104254173,0.5280172250254483,-107.2220458984375,91.46959686279297,-184.55862426757812,-2.180973768234253,2.7780444622039795,23.601896286010742,-0.8385328262275832,-0.1754130707945363,0.5158419854308224,-0.28060140047316706,0.9505806825259883,-0.13288799818239244,-0.4670391347534798,-0.25617693222235527,-0.8463142596021077,10.71088695526123,13.735247611999512,-3.3282687664031982
8.41,2.1549597828680933,3.6419339163768094,0.08700963935350141,0.5145160689698065,-107.24397277832031,91.49732971191406,-184.32261657714844,-2.2021374702453613,2.7714390754699707,23.595266342163086,-0.8969946641460274,-0.153916506636897,0.41437939316313727,-0.2841396558859607,0.9188671911366202,-0.2737658506930801,-0.3386225456855519,-0.3633081254766979,-0.8679527507393732,11.042801856994629,13.726661682128906,-3.3911798000335693
8.42,0.6677467696663023,1.8543812961797703,3.8668472294758125,1.0737160731013076,-107.26605987548828,91.5250244140625,-184.0867462158203,-2.2125120162963867,2.772716999053955,23.57866668701172,-0.9415206253707342,-0.14527380786318636,0.3040303155121731,-0.26746789108699165,0.8709908551774421,-0.4121114623918451,-0.20493862310208552,-0.4693297891101715,-0.8589119336781994,11.27170181274414,13.908391952514648,-3.4618120193481445
8.43,0.6677467696663023,1.8543812961797703,3.8668472294758125,1.0737160731013076,-107.2881851196289,91.55280303955078,-183.85104370117188,-2.2148337364196777,2.7836077213287354,23.564769744873047,-0.9705823683241285,-0.15065028890897933,0.18781468725839023,-0.23042685062745513,0.8073828540414562,-0.5431725264681427,-0.0698092601897367,-0.5704712240345816,-0.818345434239263,11.722701072692871,13.710916519165039,-3.5352604389190674
8.44,3.916472050573151,2.784230350475476,1.1328271171479174,2.899901882782232,-107.31031036376953,91.58074188232422,-183.61544799804688,-2.21140718460083,2.8070476055145264,23.56621742248535,-0.9825291691068444,-0.1697957101728131,0.07619611972485305,-0.17709391392333748,0.7271091941702724,-0.6632872420033201,0.05722042909248082,-0.6651929318325379,-0.7444757792799609,12.41086483001709,13.014497756958008,-3.6054649353027344
8.45,3.916472050573151,2.784230350475476,1.1328271171479174,2.899901882782232,-107.33238983154297,91.60901641845703,-183.37966918945312,-2.2029519081115723,2.8527817726135254,23.59699058532715,-0.9789521868585573,-0.20250444128474235,-0.02538832615205594,-0.11053458764575705,0.6306537145454072,-0.7681523268623633,0.171565499966722,-0.7491781120601662,-0.639763577918542,12.945806503295898,12.575800895690918,-3.6887400150299072
8.46,0.927555627563938,0.47869582907631475,1.9141379681282853,1.554993790188736,-107.35435485839844,91.63787078857422,-183.14341735839844,-2.188077211380005,2.9215471744537354,23.65557289123535,-0.9615519586121631,-0.24831614522950615,-0.11728990965753054,-0.03056784961068157,0.5212163605077998,-0.8528769618820652,0.2729165393655936,-0.8165002128336293,-0.508767102890258,13.325834274291992,12.430534362792969,-3.7855730056762695
8.47,0.26198770540577143,0.1398611084920162,1.9388463445104307,2.9417013052500254,-107.37615203857422,91.66739654541016,-182.9065399169922,-2.171029806137085,2.979186773300171,23.718713760375977,-0.9316113031726025,-0.30608101394875714,-0.1959969201317878,0.06022018886857548,0.4018155117546142,-0.9137383779649463,0.3584325719764859,-0.8630519726027389,-0.3559036160716031,13.799335479736328,11.97203254699707,-3.879683256149292
8.48,0.26198770540577143,0.1398611084920162,1.9388463445104307,2.9417013052500254,-107.39778137207031,91.69740295410156,-182.6690216064453,-2.155527114868164,3.022854804992676,23.788393020629883,-0.8921854683634564,-0.37374319534619216,-0.2536160759366368,0.15454450328263167,0.27501166678551814,-0.9489386595755153,0.4244067465842226,-0.8858242529216894,-0.18760145625641136,14.22688102722168,11.013235092163086,-3.9689297676086426
8.49,0.29124329467640936,3.9724213796831145,2.71137556589985,3.6842535340123503,-107.41925811767578,91.72785949707031,-182.43075561523438,-2.1395163536071777,3.0686604976654053,23.86728858947754,-0.8474108197798961,-0.4477167015283718,-0.2853851041882157,0.2457765320497502,0.14566432038263097,-0.9583192589430017,0.47062596487397723,-0.8822310700377881,-0.013399262905730486,14.51392936706543,9.830304145812988,-4.053221225738525
8.5,0.9863043525422646,3.9745632927223498,3.5421203263031087,3.301606924032549,-107.4405517578125,91.75888061523438,-182.1916961669922,-2.115802526473999,3.1393303871154785,23.9437198638916,-0.8006308170909011,-0.5236125020632859,-0.2912391498534873,0.33080554221046193,0.018970948365050574,-0.9435082386290929,0.4995577924196548,-0.8517452969058041,0.15802519176272217,14.455007553100586,8.765671730041504,-4.122244358062744
8.51,0.9863043525422646,3.9745632927223498,3.5421203263031087,3.301606924032549,-107.46155548095703,91.79073333740234,-181.95196533203125,-2.0837745666503906,3.2347190380096436,23.999311447143555,-0.7536703426292445,-0.596712087865217,-0.2755280363894942,0.4095415867404233,-0.09848368990639292,-0.9069601157452059,0.5140590465805006,-0.7963891303991752,0.31860265160665546,14.236157417297363,7.866153717041016,-4.174975872039795
8.52,3.540266012869633,3.932743797239767,2.8778370967103224,1.7628353813722306,-107.48222351074219,91.82357025146484,-181.7118377685547,-2.050863265991211,3.331368923187256,24.024166107177734,-0.7078624954681131,-0.6641354055968484,-0.24053035264258324,0.4814779703368116,-0.20451396887913031,-0.8522634572792914,0.5168265198207228,-0.7190954036607494,0.4645343354844549,14.084551811218262,7.0037689208984375,-4.218432903289795
8.53,3.331625378713192,1.82869351276996,2.368950866398998,0.8527753297790092,-107.50257873535156,91.85733795166016,-181.4716339111328,-2.0204522609710693,3.420768976211548,24.01368522644043,-0.6639710150898368,-0.7236098952569907,-0.18849724296853604,0.5469242348204164,-0.2980544186715229,-0.7823282206826514,0.5099180056505892,-0.6225369731964103,0.5936592831892534,14.187294006347656,6.473099231719971,-4.258948802947998
8.54,3.331625378713192,1.82869351276996,2.368950866398998,0.8527753297790092,-107.52265930175781,91.89190673828125,-181.23165893554688,-1.9972991943359375,3.486319065093994,23.97693634033203,-0.6219931941564154,-0.7735969672219798,-0.12112885175735377,0.6083649683496384,-0.38004629696414044,-0.696747355537707,0.49296706959800396,-0.5070626632565244,0.7070155046554192,14.70719051361084,6.1680989265441895,-4.303671360015869
8.55,2.56811910122293,3.008885558098402,0.569973274976849,3.787027925905052,-107.54254913330078,91.92699432373047,-180.99215698242188,-1.981084942817688,3.528237819671631,23.91649627685547,-0.5827780968132887,-0.8117570545814037,-0.037685198845239964,0.6652202689156017,-0.4499133772689796,-0.5958690684859178,0.4667458448647784,-0.3723283997920988,0.8021969078784331,15.416437149047852,5.8141279220581055,-4.351042747497559
8.56,3.691420430693079,3.6073181732125836,3.408393991457132,3.328775752618691,-107.56230163574219,91.96244049072266,-180.75341796875,-1.9704455137252808,3.5603487491607666,23.82097816467285,-0.5472133275579487,-0.8348863756378252,0.05934908522709706,0.7164675395378816,-0.5038937255409675,-0.4824576438911277,0.43270294536955856,-0.22148555965294964,0.8739063496357768,15.621864318847656,5.3760600090026855,-4.402920246124268
8.57,3.691420430693079,3.6073181732125836,3.408393991457132,3.328775752618691,-107.58198547363281,91.9981918334961,-180.5159149169922,-1.9696475267410278,3.590365409851074,23.67867088317871,-0.5156619301448905,-0.8411370036071059,0.16303777158102428,0.7612944218617602,-0.5371186622509593,-0.3632276777778763,0.39309487028122736,-0.06318293934758035,0.9173245549607758,15.628267288208008,4.837286472320557,-4.45050048828125
8.58,3.1763371408821643,0.5428533881113149,2.4612120057260105,1.2521960812324482,-107.60173797607422,92.03421020507812,-180.2799835205078,-1.9833221435546875,3.6112184524536133,23.505064010620117,-0.48805452923002746,-0.8294100600858253,0.2718119363208392,0.799466057544273,-0.5497706065453168,-0.24208738714235292,0.35022392741312414,0.0991525713596079,0.9314032253863547,15.820870399475098,4.237415313720703,-4.489315986633301
8.59,4.12668996103332,3.401658881232824,0.843933613338804,1.4140086500120992,-107.62166595458984,92.07035064697266,-180.04568481445312,-2.0020956993103027,3.610379219055176,23.35582733154297,-0.46405299840608916,-0.7983490861244406,0.38378842003711944,0.8313408431388346,-0.5421021823141691,-0.1224647968169898,0.3058221986702886,0.2622288325384635,0.9152643455231853,16.302223205566406,3.5737433433532715,-4.525690078735352
8.6,4.12668996103332,3.401658881232824,0.843933613338804,1.4140086500120992,-107.64179992675781,92.10638427734375,-179.812744140625,-2.0266242027282715,3.5959553718566895,23.23272705078125,-0.44355422084883467,-0.7459349644268186,0.49683063715188064,0.8575862398819628,-0.5142986679361573,-0.006536155155019374,0.2603948815401321,0.42317597876610946,0.8678229062792971,16.741596221923828,3.2106709480285645,-4.560250759124756
8.61,1.3429454353765222,1.0631990491990928,1.2229222076203174,2.0623091535237696,-107.66224670410156,92.14224243164062,-179.5809783935547,-2.0653088092803955,3.5739083290100098,23.12526512145996,-0.4285171931930273,-0.6730656937471357,0.6027898365422699,0.8785371504717817,-0.4662225550035902,0.10396636209296789,0.21105802609446428,0.5741246389997654,0.7910975973383418,16.946014404296875,3.164975643157959,-4.593928813934326
8.62,1.3478179929359226,3.170440593856332,1.1460655998422509,3.4090729551175105,-107.68310546875,92.1778564453125,-179.35009765625,-2.103487730026245,3.547933578491211,23.06119155883789,-0.41911353209067226,-0.5818347071399104,0.6970023104595102,0.8938999214446874,-0.3988842971952995,0.2045342218118844,0.15901816770313448,0.7087733707035179,0.6872798056991862,17.057546615600586,2.7234740257263184,-4.626222610473633
8.63,1.3478179929359226,3.170440593856332,1.1460655998422509,3.4090729551175105,-107.704345703125,92.21319580078125,-179.11964416503906,-2.1497302055358887,3.5185136795043945,23.031951904296875,-0.4117191703631038,-0.47570059576175194,0.777300629066664,0.9047985410370307,-0.31516688864380904,0.2863728905462966,0.10875166616092768,0.8212056840368891,0.5601734549340294,16.8105411529541,1.9439597129821777,-4.650892734527588
8.64,3.2352500425518382,2.3894343994935725,3.628986554368017,1.8403848567873686,-107.72615814208984,92.24821472167969,-178.88938903808594,-2.213214635848999,3.4837472438812256,23.030027389526367,-0.4048137745961561,-0.36066123196358657,0.8402673881900454,0.9123851061582094,-0.22027377376185997,0.3450114239461959,0.060656623363696816,0.9063128269815102,0.41823179421332585,16.266895294189453,1.1803454160690308,-4.666961193084717
8.65,2.642433071316056,0.7841046327117592,1.415225340781668,0.816984467346046,-107.74866485595703,92.28285217285156,-178.6589813232422,-2.293017864227295,3.4435970783233643,23.056407928466797,-0.39774765759205266,-0.23992173284132917,0.8855700779669834,0.9173880034818058,-0.11872747450647853,0.37987239681895757,0.014001855152131926,0.9635047217879772,0.26732489435997414,16.174131393432617,0.4481024146080017,-4.673349857330322
8.66,2.642433071316056,0.7841046327117592,1.415225340781668,0.816984467346046,-107.77196502685547,92.31710052490234,-178.42816162109375,-2.3630664348602295,3.4092071056365967,23.11371421813965,-0.39048259516550055,-0.1111031358018918,0.9138815219095976,0.9200490918979126,-0.012439373639138357,0.39160558024789727,-0.032140494250122886,0.9937310275916982,0.10707769810238515,16.514610290527344,-0.2076484113931656,-4.675454139709473
8.67,4.171663254787136,1.1158506781824824,3.904582122490849,3.3799956252490864,-107.79586791992188,92.35106658935547,-178.1966552734375,-2.414994955062866,3.3838090896606445,23.19073486328125,-0.38374193330684137,0.024457981961091557,0.9231164258858788,0.920079357908075,0.09533816695346573,0.37995343013771843,-0.07871533378823137,0.9951444322510902,-0.05908853684314175,16.88028907775879,-0.8110846281051636,-4.675719261169434
8.68,2.1815561730140676,4.113589110391648,2.0051835890797443,0.42538589396271625,-107.82035827636719,92.3847427368164,-177.96432495117188,-2.493401288986206,3.348137378692627,23.27655792236328,-0.3772001621799169,0.16367940529694552,0.911553119644205,0.9174536811494574,0.2004645550171511,0.34364619178318484,-0.1264862862003397,0.9659311644539759,-0.2257835355818308,17.309711456298828,-1.6451246738433838,-4.672799110412598
8.69,2.1815561730140676,4.113589110391648,2.0051835890797443,0.42538589396271625,-107.84574890136719,92.41802215576172,-177.73110961914062,-2.5790486335754395,3.3101038932800293,23.363271713256836,-0.36990518776891174,0.3027002737624839,0.8783750317067096,0.9121369551568755,0.29800084431987617,0.2814279158537486,-0.17656819390476253,0.9052999729640766,-0.3863361643083028,17.477420806884766,-2.291139841079712,-4.652416229248047
8.7,2.8040231457195346,3.312531419759554,0.3374467025588614,2.205050359230233,-107.87188720703125,92.45096588134766,-177.4971160888672,-2.6469762325286865,3.2788543701171875,23.43596649169922,-0.3661841757189049,0.43420070875301864,0.8230303116966243,0.9022129647263271,0.3822416681388085,0.19975753657419887,-0.22786161531244697,0.8156966664495064,-0.5317123589031622,17.353899002075195,-2.5803020000457764,-4.617404460906982
8.71,2.8040231457195346,3.312531419759554,0.3374467025588614,2.205050359230233,-107.89865112304688,92.48361206054688,-177.26246643066406,-2.704362630844116,3.251439094543457,23.489953994750977,-0.36769795952585427,0.5528364194327595,0.7477767741173093,0.8871118656756825,0.4497526226825086,0.10370687618289864,-0.2789816272408153,0.7014944559574018,-0.6558008691082193,17.02469253540039,-2.8261306285858154,-4.58829927444458
8.72,2.424469499120026,1.5008132186202627,2.8403702811263245,1.1535831414277828,-107.92593383789062,92.51600646972656,-177.02737426757812,-2.750871419906616,3.2284209728240967,23.523136138916016,-0.37468215988868864,0.6539924432342321,0.6571964419058174,0.8668318270237156,0.4985967491698729,-0.001966055940595013,-0.3289617952283727,0.5689421463644209,-0.7537167713208799,16.534259796142578,-3.0609419345855713,-4.566256046295166
8.73,2.444338763676457,2.491665333046474,4.046876539433459,3.2659206126148113,-107.95362091064453,92.54820251464844,-176.79208374023438,-2.7839767932891846,3.210768938064575,23.534523010253906,-0.38668310269601874,0.7362772732788675,0.5553124840505713,0.841465609356843,0.5280938956187489,-0.11424738806612089,-0.3773748883525466,0.4230988232827525,-0.8237569904878823,16.39713478088379,-3.530325412750244,-4.539282321929932
8.74,2.444338763676457,2.491665333046474,4.046876539433459,3.2659206126148113,-107.98160552978516,92.58026123046875,-176.55670166015625,-2.8145711421966553,3.2027738094329834,23.545595169067383,-0.4019193134368182,0.8007011476302502,0.444228024408723,0.8103918235784068,0.536899825886215,-0.23452861070798262,-0.4262932767048305,0.26573718058817486,-0.8646720725739363,16.44293975830078,-4.393372535705566,-4.502741813659668
8.75,3.6985347520707146,1.412466258123844,2.093913526467058,4.1101231517901375,-108.00989532470703,92.61231231689453,-176.32115173339844,-2.8405022621154785,3.2099666595458984,23.56484031677246,-0.4199919981627374,0.84577178781564,0.3290544095045791,0.7718462906996139,0.5236070779524077,-0.36067843219603335,-0.47734686027302886,0.10249736998224568,-0.8727166001252664,16.361913681030273,-5.431412220001221,-4.457180500030518
8.76,1.2251376752178091,0.38216059480056475,2.0872505141965374,2.1393375694102765,-108.03837585449219,92.6445083618164,-176.08541870117188,-2.8525750637054443,3.230987071990967,23.582719802856445,-0.44211855604206357,0.8709209190391904,0.21454122024266634,0.7240861036184005,0.4877136394727976,-0.48768301223122434,-0.5293680165537046,-0.06026739294286357,-0.8462489848725769,16.190645217895508,-6.392348766326904,-4.413009166717529
8.77,1.2251376752178091,0.38216059480056475,2.0872505141965374,2.1393375694102765,-108.06690216064453,92.67693328857422,-175.84951782226562,-2.848207950592041,3.2520081996917725,23.584182739257812,-0.469706299559824,0.8765538799030234,0.10502041601885384,0.6660642197502823,0.4299406672462404,-0.6095157732301153,-0.5794259636245727,-0.2163430569138144,-0.7857870159292031,15.986950874328613,-7.364478588104248,-4.364086627960205
8.78,1.1685242418832262,0.2671177888724534,1.9117888369016054,1.7480650925187706,-108.09532165527344,92.70954895019531,-175.61370849609375,-2.8352558612823486,3.2708640098571777,23.58304214477539,-0.5033171778558334,0.8640878656342721,0.004896829468947428,0.5963958445520039,0.35148052010621406,-0.7216463403821624,-0.625286986172223,-0.36029655070437994,-0.6922445958432502,15.77645206451416,-8.407210350036621,-4.302430152893066
8.79,3.497152513877194,3.0773763893081405,0.6589441087651382,4.140840406201883,-108.12360382080078,92.74237060546875,-175.37779235839844,-2.8201687335968018,3.2950305938720703,23.60009002685547,-0.5432540848447951,0.8355762914550995,-0.08177567155081528,0.5145016597163745,0.25436278171313537,-0.8188941429930074,-0.6634478438042739,-0.48694130697374455,-0.5680890089714474,15.553586959838867,-9.415157318115234,-4.2320966720581055
8.8,3.497152513877194,3.0773763893081405,0.6589441087651382,4.140840406201883,-108.15171813964844,92.77555847167969,-175.14157104492188,-2.80145263671875,3.350517511367798,23.65423011779785,-0.5891052629832016,0.7937571109605803,-0.15134278286395275,0.4218500169970889,0.14235936911625197,-0.8954196631660365,-0.689200661843159,-0.5913403916733031,-0.41871110433163333,14.999906539916992,-10.095643997192383,-4.161704063415527
8.81,2.852639857677023,0.7095702341968622,1.8049360529396135,2.6721733078965357,-108.17960357666016,92.80949401855469,-174.90464782714844,-2.777022361755371,3.439439058303833,23.735380172729492,-0.6391471003710611,0.7425625575818854,-0.20022944879491042,0.3233796724103396,0.02326195707300966,-0.9459833343272569,-0.697794075325268,-0.6693726386928155,-0.2549974490271843,14.137483596801758,-10.473286628723145,-4.096884250640869
8.82,2.7858427319609373,2.942729836848826,1.9774828099358464,1.166471631424824,-108.2072525024414,92.84431457519531,-174.6668701171875,-2.753342390060425,3.524463415145874,23.819040298461914,-0.6912649340237046,0.6857840378371112,-0.22771263565518582,0.22223142164040002,-0.09809374800012356,-0.9700468090968474,-0.6875798035318449,-0.7211642462373716,-0.08459399342739173,13.561688423156738,-10.961482048034668,-4.032571315765381
8.83,2.7858427319609373,2.942729836848826,1.9774828099358464,1.166471631424824,-108.23467254638672,92.87995147705078,-174.4282989501953,-2.7314465045928955,3.6031532287597656,23.89878273010254,-0.743574624378879,0.625889265716243,-0.23528579438842204,0.11990209970937082,-0.22136725553985553,-0.967791312556605,-0.6578147645538923,-0.7478363224903791,0.08955763674289757,13.232072830200195,-11.34937572479248,-3.9577133655548096
8.84,1.0654398046323563,2.834786128437658,3.4045805014406914,1.873196183505041,-108.26187896728516,92.9163818359375,-174.18898010253906,-2.7093183994293213,3.6829404830932617,23.9664306640625,-0.7933997796230299,0.5655138754937012,-0.22519068879112708,0.021683090062390553,-0.3434609323999699,-0.9389166265011444,-0.6083145841581261,-0.7498190745366764,0.26023973978139503,12.899101257324219,-11.510498046875,-3.8756256103515625
8.85,2.8245868826008333,2.0014284388840338,2.8335034206752563,2.4598925231935724,-108.28886413574219,92.95357513427734,-173.9490509033203,-2.6872711181640625,3.7598507404327393,24.01125717163086,-0.8387973575489777,0.5071182970684573,-0.19811619254175208,-0.06944417012251516,-0.4605694515579878,-0.8849029819859179,-0.5399967594392099,-0.7284962683981041,0.42154084822848403,12.49779987335205,-11.896090507507324,-3.788655996322632
8.86,2.8245868826008333,2.0014284388840338,2.8335034206752563,2.4598925231935724,-108.31562805175781,92.99153137207031,-173.70887756347656,-2.665172576904297,3.8335788249969482,24.02248764038086,-0.8782742647522122,0.45318425079669983,-0.15250688739789642,-0.15339067718272287,-0.5691218395598237,-0.8078190588798135,-0.45288587527917723,-0.6860935552574998,0.5693593043120814,12.1348876953125,-12.445291519165039,-3.703864336013794
8.87,3.6651487153471454,3.6302184671701085,4.146553030724947,0.39480447296724586,-108.34217834472656,93.03021240234375,-173.46876525878906,-2.644622564315796,3.898927688598633,23.994152069091797,-0.9095436320509278,0.4056765010385893,-0.09031587845276512,-0.2272183359693741,-0.6673338103409501,-0.7092513048103177,-0.34799742699467745,-0.6245735842003863,0.6991463571557587,11.857322692871094,-12.949495315551758,-3.6239166259765625
8.88,1.8004068499826997,3.985817802164254,0.46305176969574796,0.016036247093948693,-108.36853790283203,93.0694808959961,-173.22914123535156,-2.6271374225616455,3.955146551132202,23.92034149169922,-0.9303395178544368,0.36639470072118674,-0.014943386557471142,-0.28722982263903374,-0.7534484980418826,-0.5914510882441426,-0.22796361662581877,-0.5459581340010087,0.8062023973004628,11.789074897766113,-13.2079439163208,-3.5354557037353516
8.89,1.8004068499826997,3.985817802164254,0.46305176969574796,0.016036247093948693,-108.39474487304688,93.10920715332031,-172.99041748046875,-2.614441394805908,3.9841420650482178,23.825538635253906,-0.9391874643905308,0.3367518486898217,0.06726885710098662,-0.32891091668047173,-0.8258105280396429,-0.4580988765182663,-0.0987143131470675,-0.45236618373047455,0.8863522551429703,11.489751815795898,-13.06515884399414,-3.441735029220581
8.9,0.09825649342692136,3.5488757997212614,3.0777567272681674,0.05705598982981489,-108.42083740234375,93.14909362792969,-172.75267028808594,-2.6047732830047607,3.987292528152466,23.723134994506836,-0.9361781043472176,0.3170506530643594,0.15182042132833456,-0.35000128847796985,-0.8808839091274806,-0.31865755397299017,0.03270558063405659,-0.35145756789654053,0.9356323652822393,10.838997840881348,-12.700030326843262,-3.3541364669799805
8.91,1.0463462507620869,0.1886871081758709,0.2359015266175355,2.7470462370770314,-108.44685363769531,93.18893432617188,-172.51602172851562,-2.5989208221435547,3.9785995483398438,23.604686737060547,-0.9220290704446427,0.30665420800703486,0.23627439549508328,-0.3515497348470778,-0.9188281959370018,-0.17935308829263155,0.16209619731486025,-0.24843096236728104,0.9549905129127352,10.258771896362305,-12.612515449523926,-3.265263319015503
8.92,1.0463462507620869,0.1886871081758709,0.2359015266175355,2.7470462370770314,-108.47281646728516,93.22863006591797,-172.2805633544922,-2.5949959754943848,3.9590494632720947,23.490154266357422,-0.8962638971552925,0.3050978460817027,0.3219104393652259,-0.335578501055721,-0.9410570716149074,-0.04241058349952936,0.28999671771453306,-0.1460372975642892,0.945819756314551,9.677444458007812,-12.964061737060547,-3.1916608810424805
8.93,3.8104362447127804,3.2493968047181303,3.87850230047633,1.6593889589157804,-108.4987564086914,93.2680892944336,-172.0461883544922,-2.592437744140625,3.932699203491211,23.39080810546875,-0.8576449057008866,0.3114362392711582,0.4092098295421982,-0.302460382730289,-0.949055522646328,0.08838173913853527,0.4158881251057357,-0.047969613331180175,0.908149758350952,9.013779640197754,-13.479259490966797,-3.136930227279663
8.94,3.8585537300815935,3.024230335027749,3.4278074645447916,4.093161782309976,-108.52474975585938,93.30725860595703,-171.8128204345703,-2.6119401454925537,3.897587776184082,23.273283004760742,-0.8056684931515765,0.3253032319595919,0.49505159975452284,-0.25249641780939935,-0.9445851347125802,0.20977245356203986,0.5358580391636292,0.04400830099720818,0.8431603829088804,8.67697811126709,-13.769482612609863,-3.0766220092773438
8.95,3.8585537300815935,3.024230335027749,3.4278074645447916,4.093161782309976,-108.55110931396484,93.34599304199219,-171.5807342529297,-2.663022518157959,3.8461380004882812,23.145404815673828,-0.7417181959686578,0.34767042693680195,0.5735672515081222,-0.18701146319832085,-0.9284500915495126,0.3209472544424157,0.6441124361487075,0.13078876761894911,0.753666682203276,8.458142280578613,-13.990328788757324,-3.014230251312256
8.96,0.5389224555844135,1.0965390172036926,1.4998334339376325,0.6388504287397887,-108.57807922363281,93.38414001464844,-171.3498077392578,-2.733616828918457,3.781322956085205,23.04506492614746,-0.6663063622532671,0.37704754811900587,0.6433280485710726,-0.10718623211752035,-0.9022118280723667,0.4177618088465813,0.7379342404748999,0.2094014415990599,0.6415637871567942,8.094985008239746,-14.308489799499512,-2.9573442935943604
8.97,0.5389224555844135,1.0965390172036926,1.4998334339376325,0.6388504287397887,-108.60572052001953,93.42166137695312,-171.11959838867188,-2.7839572429656982,3.7302818298339844,23.0150146484375,-0.5803507626529327,0.41203228447141604,0.7024403098067658,-0.014861160221198905,-0.8677750500847787,0.4967349478013796,0.8142310103435257,0.27784142780302856,0.5097371899237247,7.720959663391113,-14.61733627319336,-2.896852970123291
8.98,3.400938578002163,2.6598343465128433,1.6838142673055099,3.665627940029917,-108.63368225097656,93.45880126953125,-170.8893280029297,-2.8095545768737793,3.699735164642334,23.043424606323242,-0.4854181949061369,0.4515035903338155,0.7486746182219225,0.08736431028104744,-0.8269945780638199,0.555380450810218,0.8699061175455568,0.33499921756433737,0.36199291552197144,7.354432106018066,-14.904224395751953,-2.8327972888946533
8.99,0.7758671519731758,0.42080010369707094,2.182113608553963,1.8060865212382535,-108.66199493408203,93.49559020996094,-170.65867614746094,-2.8618247509002686,3.6530601978302,23.089462280273438,-0.3837056328906847,0.4939029299524458,0.7802755174118621,0.19632345481434,-0.7820069462947947,0.5915422529595432,0.9023453265672303,0.3801644798387664,0.20309574070176675,6.870849132537842,-15.089751243591309,-2.7782630920410156
9.0,0.7758671519731758,0.42080010369707094,2.182113608553963,1.8060865212382535,-108.69093322753906,93.53185272216797,-170.42747497558594,-2.9197332859039307,3.6046152114868164,23.157201766967773,-0.2777065353115229,0.5371210309382052,0.7964798041188174,0.30847180143811653,-0.7353291376057722,0.6034369951415597,0.9097935084197916,0.41326995718516857,0.03851901511430255,6.43105936050415,-15.423916816711426,-2.7290916442871094
9.01,3.669183974127925,0.8559978315616054,3.3873562453487662,2.6512337972626487,-108.72034454345703,93.56771850585938,-170.19549560546875,-2.960899829864502,3.569768190383911,23.240589141845703,-0.1676501422927853,0.5811107231022201,0.7963691086957251,0.4217029677221384,-0.6878955746777983,0.5907336839499189,0.8911004639228676,0.43486780271056663,-0.12973032553005392,6.113492965698242,-15.96148681640625,-2.6774027347564697
9.02,1.6845332943878673,1.2970930414576718,1.1021653016912085,3.9356235192565654,-108.75019836425781,93.60321044921875,-169.962646484375,-3.0181565284729004,3.5222184658050537,23.33015251159668,-0.05578504306773961,0.6257432889153021,0.7780317251548239,0.5323616134596993,-0.6405957674532534,0.5533788713309926,0.844676945041426,0.4450644886962319,-0.29738604442213745,6.026453018188477,-16.43024253845215,-2.6296157836914062
9.03,1.6845332943878673,1.2970930414576718,1.1021653016912085,3.9356235192565654,-108.78070831298828,93.6381607055664,-169.72891235351562,-3.0797059535980225,3.4692389965057373,23.417022705078125,0.05381185486895929,0.6707717089512434,0.7397091311767016,0.6357950365079786,-0.5942311644439985,0.4925992232589773,0.7699798411824691,0.44379571615120195,-0.4584500043608481,5.675743103027344,-16.852767944335938,-2.5873031616210938
9.04,0.717898275511141,0.4895776639012789,4.065959728436798,3.2894893398401575,-108.81175994873047,93.67261505126953,-169.494384765625,-3.128058910369873,3.4220778942108154,23.48665428161621,0.1578188018905304,0.7114041318507802,0.6848338389386694,0.727569497980413,-0.5526703179318457,0.4064457470384483,0.66763451931305,0.4341194315654972,-0.6048177144883262,4.91671895980835,-17.282320022583008,-2.5516068935394287
9.05,1.2167840216181955,2.4886559523344784,2.2755974877350544,0.10554381567422817,-108.84324645996094,93.70661163330078,-169.25926208496094,-3.1681554317474365,3.377274751663208,23.535743713378906,0.25382359905584895,0.7466083409678174,0.6149386682910899,0.8031633187112551,-0.5169515126089366,0.2961246647749141,0.5389826194220536,0.41873275344617594,-0.7308629263769819,4.362835884094238,-17.981542587280273,-2.514169454574585
9.06,1.2167840216181955,2.4886559523344784,2.2755974877350544,0.10554381567422817,-108.87506103515625,93.74018096923828,-169.02377319335938,-3.192126750946045,3.3393890857696533,23.552940368652344,0.3395291626857792,0.7780746755882395,0.5285070925674975,0.8579928017994993,-0.48645274076337236,0.16496085312597153,0.3854455859730901,0.3974462607851016,-0.8327473626747803,4.0320611000061035,-18.412521362304688,-2.466611385345459
9.07,2.34088065311629,1.881473785245388,3.0540154274831766,0.14097818883968427,-108.90702056884766,93.7734146118164,-168.78829956054688,-3.2001044750213623,3.308563232421875,23.53785514831543,0.4084768938025152,0.80587233775573,0.4286215142402023,0.8869072016885391,-0.461409329572827,0.02229453242747781,0.21573651249256404,0.37104070642352643,-0.9032090297125448,3.73221755027771,-18.385692596435547,-2.4155709743499756
9.08,0.08077270028840311,3.9800264339824802,2.877062880091252,1.2885051240250924,-108.93904876708984,93.80636596679688,-168.55307006835938,-3.20066237449646,3.2840282917022705,23.50982093811035,0.4576323480311263,0.8299561487566881,0.3189755871167641,0.8883435997225578,-0.4419817563012014,-0.12449006357486234,0.03766009648800625,0.340330601383231,-0.9395513817214268,3.638402223587036,-18.30983543395996,-2.368044376373291
9.09,0.08077270028840311,3.9800264339824802,2.877062880091252,1.2885051240250924,-108.97102355957031,93.83912658691406,-168.318115234375,-3.195263385772705,3.269481658935547,23.482961654663086,0.485712520059655,0.8503063483211264,0.2026387471884151,0.8624121305040484,-0.42834081496781046,-0.2697581572301012,-0.14257862748942182,0.30578302804031343,-0.9413650061191617,3.2919435501098633,-18.319705963134766,-2.3174374103546143
9.1,3.207631337044346,1.953596482536747,1.757732420812644,0.6448520107384262,-109.00291442871094,93.87178039550781,-168.08338928222656,-3.1824305057525635,3.267524480819702,23.462820053100586,0.49257862581556183,0.8658769590520604,0.08731202192372693,0.809531323525592,-0.4190660838010594,-0.41114797049060936,-0.31941404731250655,0.27320451897873166,-0.9073775163563641,2.568523645401001,-18.389936447143555,-2.2670490741729736
9.11,1.9176644711538804,0.6993532107386503,1.548818528949233,1.774886332656584,-109.03465270996094,93.90448760986328,-167.8488311767578,-3.1627235412597656,3.277503252029419,23.45247459411621,0.4788634861141635,0.8776070104532542,-0.022264250939377672,0.7310777956907885,-0.4126942001716273,-0.5433311640174876,-0.48601956577332106,0.24390455581641377,-0.83922318207823,2.162612199783325,-18.254806518554688,-2.2332005500793457
9.12,1.9176644711538804,0.6993532107386503,1.548818528949233,1.774886332656584,-109.066162109375,93.93734741210938,-167.6143035888672,-3.138911485671997,3.294550657272339,23.45285415649414,0.445757853351628,0.8863863446835438,-0.12497673437041973,0.6306807136492711,-0.4100611420504422,-0.6588563555215456,-0.6352493790679332,0.2148699786820695,-0.7418147468573082,1.9886432886123657,-18.171646118164062,-2.2144970893859863
9.13,0.7138719821176415,3.4413875393432067,1.5026174429498795,1.8625521132828946,-109.09742736816406,93.97039794921875,-167.3797149658203,-3.1137535572052,3.318140745162964,23.471738815307617,0.3946494496958449,0.8924719379323587,-0.2185077844334778,0.5105588159914705,-0.41071787663235415,-0.7554075199705115,-0.7639250665269173,0.1865600863471894,-0.6177489999295626,1.763381004333496,-18.28315544128418,-2.2014966011047363
9.14,3.337587318538547,2.6316411839795664,1.6773635940126583,3.0713834416931793,-109.12843322753906,94.00374603271484,-167.14479064941406,-3.0861141681671143,3.3566532135009766,23.51917839050293,0.3274048059513614,0.8964510330649389,-0.29863294921484296,0.3740455413651715,-0.413198138116357,-0.8302753950599835,-0.8676958142256923,0.16013383144726007,-0.4705965681995921,1.2141444683074951,-18.310598373413086,-2.184603452682495
9.15,3.337587318538547,2.6316411839795664,1.6773635940126583,3.0713834416931793,-109.15913391113281,94.03760528564453,-166.90924072265625,-3.0507454872131348,3.4222490787506104,23.595901489257812,0.24746897006160487,0.899910893281602,-0.3590536074317553,0.2263550641374487,-0.41402312558120674,-0.8816735429983704,-0.9420841224625217,0.13691324127737547,-0.3061572644360136,0.5596448183059692,-18.199935913085938,-2.176119804382324
9.16,0.18769518445959998,1.2874003109243184,1.498731847223441,4.056002723058666,-109.18943786621094,94.0722427368164,-166.67283630371094,-3.0084712505340576,3.508070707321167,23.685958862304688,0.15887601520784828,0.9032355637634235,-0.3986526409603311,0.07286791351653327,-0.41340750971807766,-0.9076257478104315,-0.9846058495516992,0.11515097594752971,-0.1314974287463782,0.04056944698095322,-18.03605842590332,-2.180379867553711
9.17,1.456850325739758,0.5646887189954328,2.976133837746225,3.9662691444897997,-109.21932220458984,94.10773468017578,-166.43553161621094,-2.97096586227417,3.583950996398926,23.771926879882812,0.0651112547078043,0.9068752263252406,-0.4163386222630791,-0.08254397296723842,-0.41089929592240715,-0.9079362649091915,-0.994458152481621,0.09348311338425569,0.04810291545038756,-0.6904512047767639,-18.224777221679688,-2.1899049282073975
9.18,1.456850325739758,0.5646887189954328,2.976133837746225,3.9662691444897997,-109.24885559082031,94.1439208984375,-166.19741821289062,-2.9357457160949707,3.6536197662353516,23.845632553100586,-0.03162136149398764,0.9116722843956332,-0.4096995671978605,-0.23954669774716042,-0.4048706332511217,-0.8824381847638202,-0.9703697589556761,0.07023828155417333,0.2311906458069174,-1.367671012878418,-18.798845291137695,-2.206953763961792
9.19,2.933051454940462,1.5108306471637136,0.4751032983654541,3.4000434017431576,-109.27803802490234,94.1808090209961,-165.9586944580078,-2.898078441619873,3.724587917327881,23.89432144165039,-0.12775217907054806,0.9162538588505014,-0.37968177054513963,-0.3946926723487037,-0.3981665294140342,-0.8280586387742246,-0.9098884959911107,0.04407131715694956,0.4125053258651168,-1.8348366022109985,-19.463035583496094,-2.230536699295044
9.2,2.933051454940462,1.5108306471637136,0.4751032983654541,3.4000434017431576,-109.30683898925781,94.21837615966797,-165.71963500976562,-2.861898183822632,3.7850818634033203,23.907936096191406,-0.21817019182223188,0.9197684494463945,-0.3262326881280071,-0.5408635521643903,-0.3922076079490021,-0.7440697616534616,-0.8123228332014114,0.014113527903993561,0.583037239796683,-2.3968451023101807,-19.746278762817383,-2.2645699977874756
9.21,1.9475747590345678,1.769948523894704,1.3848422611543099,0.7820745082408911,-109.33528900146484,94.25646209716797,-165.48065185546875,-2.8281357288360596,3.8310563564300537,23.879501342773438,-0.2963962179314029,0.921722756789056,-0.2501528365082889,-0.6682756098516771,-0.38727572369200625,-0.635157636430675,-0.6823173684388586,-0.02108728185459746,0.7307518972063333,-3.064995050430298,-19.660093307495117,-2.309682607650757
9.22,1.6667131380480773,1.4043991940313496,4.079677133923037,2.582172094115618,-109.36341857910156,94.29491424560547,-165.24215698242188,-2.7996530532836914,3.8553502559661865,23.815670013427734,-0.35779717417250634,0.9208442290542972,-0.15500673524581396,-0.7712853960119964,-0.38500327278387836,-0.5068444710602258,-0.5264029065770692,-0.06179308831171307,0.8479867889207436,-3.5748627185821533,-19.44051170349121,-2.352414846420288
9.23,1.6667131380480773,1.4043991940313496,4.079677133923037,2.582172094115618,-109.39128112792969,94.33353424072266,-165.00448608398438,-2.774095058441162,3.8680813312530518,23.706684112548828,-0.3993421622830247,0.9156001015865587,-0.04692857762389713,-0.8468569137036437,-0.3880015623537248,-0.36371438701735226,-0.35122529113869067,-0.10550469935387893,0.9303276590958638,-3.8494603633880615,-19.49960708618164,-2.3887500762939453
9.24,2.567407898137221,0.9211323667064106,1.4966526646159906,3.1605636663443515,-109.41891479492188,94.3722152709961,-164.76820373535156,-2.7540175914764404,3.8707103729248047,23.555063247680664,-0.41907457303035556,0.9052538800093877,0.06994222592521955,-0.8937525906667503,-0.39772473288644283,-0.20741587096189126,-0.15994626884018737,-0.149433763180738,0.975749323087516,-4.043527603149414,-19.876277923583984,-2.425257444381714
9.25,0.030740810397669432,3.6600133820902725,1.983592464772168,2.397275200403462,-109.44640350341797,94.4108657836914,-164.533447265625,-2.7427499294281006,3.8560280799865723,23.394039154052734,-0.4148936221561821,0.8894994522848996,0.19145236138263508,-0.90895316967694,-0.41463948075576673,-0.04333862403021396,0.04083402537550471,-0.19200214942404153,0.98054462263998,-4.37897253036499,-20.121431350708008,-2.47349214553833
9.26,0.030740810397669432,3.6600133820902725,1.983592464772168,2.397275200403462,-109.47379302978516,94.44929504394531,-164.3002166748047,-2.740779161453247,3.827296733856201,23.242626190185547,-0.3859234885643524,0.8674376881010302,0.31403012313512324,-0.8905914243525508,-0.43910755015944286,0.11845452402786355,0.24064491651397,-0.23395815150345328,0.9419944837954584,-5.167154788970947,-20.167314529418945,-2.5229218006134033
9.27,2.4977705318876846,1.8806982901783251,1.1660500059930587,1.128488835835049,-109.50122833251953,94.48737335205078,-164.06846618652344,-2.7499783039093018,3.7888216972351074,23.112836837768555,-0.33205878010958645,0.8367137336936705,0.435484895720312,-0.8398360302622336,-0.47244290686153634,0.26734461286810063,0.4294326592441545,-0.2769617800430584,0.8595811558950526,-6.2728118896484375,-20.134532928466797,-2.5721070766448975
9.28,3.562061730894786,3.974164041096682,0.285935821700622,1.2031421013855768,-109.52881622314453,94.5250473022461,-163.8378143310547,-2.768498420715332,3.746027708053589,23.02398109436035,-0.2544484377827989,0.7957587833882828,0.5495670579376948,-0.7602593557376413,-0.5158168192795989,0.3948907709249034,0.5977137312487308,-0.3173341576456559,0.7362318438291313,-7.0644426345825195,-19.871265411376953,-2.6378426551818848
9.29,3.562061730894786,3.974164041096682,0.285935821700622,1.2031421013855768,-109.556640625,94.5622787475586,-163.6078338623047,-2.8019864559173584,3.6979176998138428,22.975818634033203,-0.15787227594669037,0.7460431255181557,0.6469126674865113,-0.658401741707423,-0.5677755631112887,0.4941032852049162,0.7359235632890442,-0.34792321681767735,0.5808321136052962,-7.679064750671387,-19.128196716308594,-2.715108871459961
9.3,1.8019358806712467,0.43972491194556124,3.5202971370467893,1.587403554608706,-109.58490753173828,94.59899139404297,-163.378173828125,-2.8525545597076416,3.6437926292419434,22.96820068359375,-0.04979843326859104,0.6879513629429053,0.7240462956669227,-0.543505745962938,-0.6268724041653523,0.5582405332840152,0.8379269778144538,-0.365723818093586,0.40512278228925314,-8.380936622619629,-18.07880401611328,-2.796191692352295
9.31,1.7239546459672652,0.38984654287699744,1.4894061406950887,1.1720826012404923,-109.61370849609375,94.63516998291016,-163.1483612060547,-2.907423734664917,3.593132972717285,23.004283905029297,0.06523594972248559,0.6232332042373875,0.7793103643605698,-0.4227932252482992,-0.6901467021234369,0.5873188386492337,0.9038750796144045,-0.36780144464662257,0.21847640094049325,-8.727002143859863,-17.59052276611328,-2.8771309852600098
9.32,1.7239546459672652,0.38984654287699744,1.4894061406950887,1.1720826012404923,-109.64302062988281,94.67089080810547,-162.91799926757812,-2.9528355598449707,3.5545670986175537,23.073596954345703,0.1878541322927177,0.556925468244654,0.809039459977709,-0.29819321621746697,-0.752486822132561,0.5872345258231352,0.9358373954819464,-0.35156451091842633,0.024713637535875257,-8.877349853515625,-17.501623153686523,-2.96008563041687
9.33,2.9391030688036244,3.759352603693486,1.0411007345264365,3.2026493125836804,-109.67273712158203,94.7062759399414,-162.68685913085938,-2.9900033473968506,3.5239460468292236,23.15673828125,0.31372140072952936,0.4913687348590063,0.81248732244101,-0.17452773109444247,-0.8112667397451977,0.5580200247860498,0.933337534766136,-0.3168643927396344,-0.16875426753245293,-9.110884666442871,-17.328529357910156,-3.0468485355377197
9.34,1.3802380681542499,0.6925491493856791,4.17036352395045,2.797039932479522,-109.70288848876953,94.7413101196289,-162.45486450195312,-3.0473146438598633,3.4789528846740723,23.244632720947266,0.4374292037842298,0.4278205022466183,0.7909647966465677,-0.05742520944593754,-0.8644952081953313,0.4993499577725037,0.8974174262832125,-0.2638515735499075,-0.35358776864938746,-9.72212028503418,-16.91703224182129,-3.1365928649902344
9.35,1.3802380681542499,0.6925491493856791,4.17036352395045,2.797039932479522,-109.73371124267578,94.77582550048828,-162.2219696044922,-3.113171339035034,3.4269301891326904,23.328399658203125,0.5542057378459408,0.3660907550221565,0.747551710068236,0.04757098693736281,-0.9105521537513874,0.4106479958559582,0.831019254494408,-0.1920217029036489,-0.5220485267420465,-10.280380249023438,-16.7929744720459,-3.227304458618164
9.36,3.8394282257507966,1.0136585453610474,3.724660621276091,2.237510299816211,-109.7651138305664,94.80986022949219,-161.9883575439453,-3.1664276123046875,3.3810291290283203,23.392118453979492,0.6643213064060745,0.31153331369145965,0.6794293166440091,0.13824190286410765,-0.9445281426950811,0.2979190560361842,0.7345518212811382,-0.10398837491469426,-0.6705371277827679,-10.540460586547852,-17.098182678222656,-3.3185317516326904
9.37,0.4736773111093408,1.6963327849702334,0.6163952556230468,2.4452880566882813,-109.79701232910156,94.84346008300781,-161.7541961669922,-3.212707757949829,3.338776111602783,23.437240600585938,0.7637396518223634,0.2682953645281848,0.5871280453248198,0.21050759156662255,-0.9633304389728594,0.16637613783586297,0.6102362641854999,-0.003473142819764921,-0.7922118650663332,-10.605424880981445,-17.185222625732422,-3.416407585144043
9.38,0.4736773111093408,1.6963327849702334,0.6163952556230468,2.4452880566882813,-109.82928466796875,94.87667083740234,-161.51971435546875,-3.234924793243408,3.3064959049224854,23.44317626953125,0.8461659662054154,0.23898559022236995,0.476328715596406,0.2602997663013984,-0.9652794772287886,0.02189891559767828,0.4650238588493001,0.10545813627682943,-0.8789945347918405,-11.08868408203125,-17.004497528076172,-3.517336845397949
9.39,1.3900001720418846,2.8802312238980585,2.34741207139276,1.4300532756394249,-109.86163330078125,94.90961456298828,-161.28543090820312,-3.234121322631836,3.2823638916015625,23.409629821777344,0.9082220981772385,0.22230423680000344,0.3545609209759335,0.28513172510941653,-0.9488694475661005,-0.1354498830259041,0.30632094234423857,0.22411514401389965,-0.9251701911026783,-12.089509010314941,-16.73813247680664,-3.623241901397705
9.4,1.2265712207652353,2.7939667297554647,1.5630052609721912,0.3485200903287177,-109.8939437866211,94.94235229492188,-161.05152893066406,-3.227835178375244,3.2677998542785645,23.375980377197266,0.9484244694390391,0.21998533700604916,0.22824871800650356,0.2834508523819931,-0.9108912925721286,-0.29988775800322076,0.1419388602645483,0.3491181814495081,-0.9262666221602662,-12.974534034729004,-16.320663452148438,-3.7298967838287354
9.41,1.2265712207652353,2.7939667297554647,1.5630052609721912,0.3485200903287177,-109.92616271972656,94.97500610351562,-160.81790161132812,-3.2148640155792236,3.264610528945923,23.347787857055664,0.9665255252116548,0.2342185184371665,0.10473822003181693,0.2558679494481561,-0.849718962993672,-0.46098728439530134,-0.018973707058201693,0.4723551307544539,-0.8812040790250645,-13.670738220214844,-15.65758228302002,-3.8334851264953613
9.42,1.2270217671021546,1.4292864115335302,0.8085122644262445,3.2034298630441813,-109.95822143554688,95.00767517089844,-160.58453369140625,-3.195971727371216,3.2709708213806152,23.328702926635742,0.9641506844442718,0.2652352132251911,-0.0079836928191169,0.20553842490820012,-0.7655011216394083,-0.6097228785727697,-0.16783150351438433,0.5862237750502752,-0.7925744583279895,-14.315169334411621,-14.838037490844727,-3.9357502460479736
9.43,3.819033571391844,0.571727160961379,2.0785347542922152,3.903021602433536,-109.99008178710938,95.04047393798828,-160.35122680664062,-3.174838066101074,3.291620969772339,23.335857391357422,0.9443925744880569,0.3118787572077032,-0.10418400095215466,0.13611279969862067,-0.6592057529756147,-0.7395411286751106,-0.2993258609108528,0.6842363743958895,-0.6649997089800456,-15.113980293273926,-14.203439712524414,-4.04705286026001
9.44,3.819033571391844,0.571727160961379,2.0785347542922152,3.903021602433536,-110.0217056274414,95.07360076904297,-160.11767578125,-3.1503610610961914,3.3407797813415527,23.3826961517334,0.9102218175162158,0.3724184087027005,-0.18110983346252896,0.04960847571660293,-0.5322434726523961,-0.8451366072748198,-0.4111389571112811,0.7602771959478108,-0.5029347306233503,-15.757772445678711,-13.758769035339355,-4.174911975860596
9.45,3.0983348198823744,1.4918308446299464,3.4919389034476174,4.123876663714356,-110.05307006835938,95.10736083984375,-159.88345336914062,-3.121913194656372,3.416760206222534,23.45870018005371,0.8644281233606437,0.4437128024543119,-0.23639578778255868,-0.05059151507213849,-0.3910424431564416,-0.9189811239916448,-0.5002044763353296,0.8063527494765439,-0.3155799823590159,-16.13374900817871,-13.320215225219727,-4.309161186218262
9.46,3.0983348198823744,1.4918308446299464,3.4919389034476174,4.123876663714356,-110.08413696289062,95.14198303222656,-159.64842224121094,-3.0899035930633545,3.513136386871338,23.546886444091797,0.8099876891918736,0.5218186970420078,-0.2676288302388033,-0.1602212268298813,-0.24208773541191153,-0.9569340033859494,-0.5641357122454991,0.8179845816276207,-0.11248165356514733,-16.50690460205078,-12.952012062072754,-4.4377360343933105
9.47,3.2081293283827894,1.4488249976773933,0.12440914582663905,0.5994710406897457,-110.1148681640625,95.17765808105469,-159.41253662109375,-3.0553996562957764,3.6227266788482666,23.630271911621094,0.7497846033111986,0.6024892481483115,-0.27355027783416863,-0.2756086083591494,-0.09147906272398904,-0.9569072452863305,-0.6015504497843898,0.792867130702757,0.09746163047772005,-16.909082412719727,-12.640633583068848,-4.561101913452148
9.48,3.133586853681948,3.0818412665730004,2.250967203740222,2.619947030555275,-110.14527130126953,95.2143325805664,-159.17588806152344,-3.0297155380249023,3.7022218704223633,23.69767189025879,0.6874108376293913,0.6810704966424194,-0.25220887952827264,-0.3906662780564497,0.05400569800958027,-0.9189468122650073,-0.6122468452341582,0.7302235022140455,0.3031953781228773,-17.28545570373535,-11.817414283752441,-4.682267665863037
9.49,3.133586853681948,3.0818412665730004,2.250967203740222,2.619947030555275,-110.17546081542969,95.2516860961914,-158.93869018554688,-3.006061553955078,3.772662401199341,23.734773635864258,0.6276374349891254,0.7522196691897306,-0.20059117499123402,-0.4960834280415175,0.18786802699330812,-0.8477068106699499,-0.5999770684141588,0.6315624859962266,0.4910767187104455,-17.729604721069336,-10.68731689453125,-4.792509078979492
9.5,3.443470012563897,1.614626382903551,3.356207336495144,0.002636956764945155,-110.20538330078125,95.289794921875,-158.7013397216797,-2.9807515144348145,3.849736213684082,23.722938537597656,0.5731184357800768,0.8105290079472811,-0.12073933014968286,-0.5894400711802532,0.30538366643948633,-0.7478644387581177,-0.5692940023011096,0.4997834966742827,0.6527792853606886,-18.246492385864258,-9.621522903442383,-4.892049789428711
9.51,4.043018625760113,1.9609703780488534,2.052848651923953,1.245166401638227,-110.23509216308594,95.3285903930664,-158.46434020996094,-2.9616758823394775,3.90421986579895,23.673730850219727,0.5255094373006857,0.8506011645277644,-0.01781825501916573,-0.6695243934236804,0.4005346393964848,-0.6255470320081303,-0.5249542055442262,0.340660625179282,0.7799829616946073,-18.308753967285156,-8.510563850402832,-4.978898048400879
9.52,4.043018625760113,1.9609703780488534,2.052848651923953,1.245166401638227,-110.2646484375,95.36780548095703,-158.22799682617188,-2.949575662612915,3.937575101852417,23.59197998046875,0.4852994207319475,0.8687358108056246,0.0989068413262216,-0.7357885589649663,0.4668810720288192,-0.4905479192469162,-0.4723342764753524,0.16528809880059345,0.8657829841602287,-18.1050968170166,-7.3005876541137695,-5.055844306945801
9.53,2.0056174045656476,3.5412190625056965,3.9017774215852685,3.047194429302333,-110.29410552978516,95.40728759765625,-157.99261474609375,-2.94582200050354,3.9565589427948,23.482484817504883,0.4516984629469683,0.8635303367941168,0.22424062077952206,-0.7888278884658712,0.5039761690942217,-0.3517933816369879,-0.41679618634270316,-0.017982725637442853,0.9088220731412872,-17.955509185791016,-6.0171637535095215,-5.124682903289795
9.54,0.8294626876702175,2.579862956757716,3.9219240562572746,0.6662576672872419,-110.32359313964844,95.44690704345703,-157.75843811035156,-2.9567043781280518,3.9659578800201416,23.34818458557129,0.4235248669983236,0.8342239661433061,0.3531247107555398,-0.830748565801085,0.513111596455502,-0.21580850308161093,-0.36122500945185393,-0.20195757944434117,0.9103458840745587,-18.042158126831055,-5.0051374435424805,-5.175167083740234
9.55,0.8294626876702175,2.579862956757716,3.9219240562572746,0.6662576672872419,-110.353271484375,95.48656463623047,-157.52560424804688,-2.977963924407959,3.9611449241638184,23.22519874572754,0.40068526609167854,0.7798987322089886,0.4808422662743503,-0.8640513376358,0.4962083802013249,-0.08480878107697479,-0.3047402229224518,-0.38149077435344336,0.8726959296435298,-18.17706298828125,-4.227091312408447,-5.20615816116333
9.56,3.8809607417257097,3.060056956252931,1.2943427163168784,0.23239086172045076,-110.38317108154297,95.5261001586914,-157.2938232421875,-3.0043959617614746,3.9448633193969727,23.136049270629883,0.382699569091383,0.7018817748980808,0.6007520402655238,-0.8899299684044766,0.45470006350739606,0.035672168170395646,-0.24812434615103135,-0.5482789675997882,0.798639144128832,-18.152006149291992,-3.4647505283355713,-5.224197864532471
9.57,1.4462331309264067,1.6754986662984774,1.2167496962420594,1.5543338593825986,-110.41339111328125,95.56544494628906,-157.0627899169922,-3.042719841003418,3.922818660736084,23.075241088867188,0.3675804593081692,0.6028326141583887,0.708150722121893,-0.9096466139412432,0.39146096601346025,0.13892929796496933,-0.19346225388955346,-0.6952346016955512,0.6922580479309737,-18.035356521606445,-2.2442784309387207,-5.242043495178223
9.58,1.4462331309264067,1.6754986662984774,1.2167496962420594,1.5543338593825986,-110.44403076171875,95.60455322265625,-156.83218383789062,-3.0846145153045654,3.899266481399536,23.05515480041504,0.35056103776899905,0.48566218009303436,0.8007741289687146,-0.925437822116304,0.310899974113128,0.21657803095671685,-0.14377689729214016,-0.8169904852100405,0.558439567797007,-18.009519577026367,-0.9525982141494751,-5.255826950073242
9.59,2.4130981091053054,1.9010252012629434,0.36679730799383786,0.24935071048430318,-110.47509002685547,95.6434326171875,-156.6015625,-3.1268820762634277,3.87737774848938,23.074935913085938,0.33204110485388766,0.35202408945469865,0.8751158466917396,-0.9383665177346765,0.21769961394335002,0.2684681666108922,-0.0960051200817279,-0.9103218763341387,0.40261283932034053,-18.098308563232422,0.07365266233682632,-5.260616779327393
9.6,3.3511042573032177,1.9640684890945626,2.266287940462614,0.2751163813419787,-110.50657653808594,95.6821060180664,-156.37059020996094,-3.170274496078491,3.857818603515625,23.125272750854492,0.3114189404667156,0.20544921020592127,0.927797858126624,-0.9490465761442988,0.11682427922942518,0.2926818820687551,-0.048258054533638906,-0.9716700622167425,0.23136216277589525,-18.06277847290039,1.2993348836898804,-5.255922794342041
9.61,3.3511042573032177,1.9640684890945626,2.266287940462614,0.2751163813419787,-110.53853607177734,95.72058868408203,-156.13900756835938,-3.2262983322143555,3.8364417552948,23.193817138671875,0.28584373369181015,0.052058992279875704,0.956861129543848,-0.9582757683046663,0.014533661841294787,0.28547561113619463,0.0009548765503623047,-0.9985382486396233,0.054041226989094415,-17.66207504272461,2.6618435382843018,-5.237247467041016
9.62,3.3400879165974056,0.9354569121046714,2.3049891948596417,1.7847977961073003,-110.5711441040039,95.75883483886719,-155.9066925048828,-3.295060157775879,3.8126261234283447,23.272016525268555,0.2552442965984261,-0.10040909920570834,0.9616487726039447,-0.9653489522998708,-0.08235239496089658,0.24762771116687748,0.05433000411850403,-0.9915321960687424,-0.1179497978445942,-16.98369026184082,3.960801839828491,-5.2051496505737305
9.63,1.5049854024860532,1.124076566272978,1.6803308248483677,2.038778337317791,-110.60444641113281,95.79684448242188,-155.67356872558594,-3.365783929824829,3.789418935775757,23.351463317871094,0.22105507594523607,-0.24665492831364338,0.9435549797110063,-0.9685706720032332,-0.1686567339663205,0.18282712988782368,0.1140416885794458,-0.9543145458528888,-0.27618515680525535,-16.250314712524414,5.0319061279296875,-5.168075084686279
9.64,1.5049854024860532,1.124076566272978,1.6803308248483677,2.038778337317791,-110.638427734375,95.83463287353516,-155.43968200683594,-3.4250385761260986,3.7695107460021973,23.41985511779785,0.18698885073935934,-0.38384702792236575,0.9042657954685338,-0.9656083988503961,-0.24109503796447007,0.0973324341547312,0.18065323071771489,-0.8913667268998082,-0.41572799810353733,-15.726358413696289,5.804681777954102,-5.126977920532227
9.65,0.16514901123991274,1.594434538861313,1.4464129281885243,0.7843619398491368,-110.67291259765625,95.87223815917969,-155.20523071289062,-3.469665050506592,3.7527129650115967,23.46863555908203,0.15620172904761098,-0.5113962539521099,0.8450295209555022,-0.9546768793713111,-0.29762185171709243,-0.0036454594146625996,0.25336352507097704,-0.8061607189786897,-0.5347072276857403,-15.383537292480469,6.44355583190918,-5.0798444747924805
9.66,1.1970546542295881,2.882134972871666,2.8013336862601084,1.1833059019915089,-110.707763671875,95.9096908569336,-154.97042846679688,-3.4961960315704346,3.7376961708068848,23.490680694580078,0.13044239141067193,-0.6272676301715483,0.7678021246792918,-0.9345306325354379,-0.33642066533427056,-0.11607597851821466,0.3311152055946379,-0.7023933770153421,-0.6300843312993938,-15.103475570678711,7.087437152862549,-5.022895336151123
9.67,1.1970546542295881,2.882134972871666,2.8013336862601084,1.1833059019915089,-110.74283599853516,95.94701385498047,-154.73544311523438,-3.520901918411255,3.726658582687378,23.499237060546875,0.11069839201922879,-0.7294166701040412,0.6750534700145534,-0.9040417294174745,-0.35606375479498203,-0.2364892259557732,0.412861256932906,-0.5840975294380479,-0.6988387930189264,-14.801472663879395,7.786452293395996,-4.954073429107666
9.68,3.131852508124342,2.6457550969487826,2.25317787748293,1.5203819529267846,-110.77819061279297,95.98424530029297,-154.50045776367188,-3.5477077960968018,3.724242687225342,23.504776000976562,0.09801425837866447,-0.8155033502177361,0.5703924008418494,-0.8620724808064583,-0.3559341745651919,-0.3607518554530167,0.4972164950911012,-0.45636076645593027,-0.7379096203798111,-14.428272247314453,8.500472068786621,-4.878139019012451
9.69,3.131852508124342,2.6457550969487826,2.25317787748293,1.5203819529267846,-110.81377410888672,96.02151489257812,-154.265380859375,-3.5697031021118164,3.733567953109741,23.51023292541504,0.09352769906728688,-0.8839941917798753,0.45804676443199993,-0.8075572442596652,-0.3364428386967605,-0.48441460912466405,0.58232625456089,-0.3245927990407529,-0.7453426380262803,-13.920022010803223,9.323113441467285,-4.8039774894714355
9.7,0.23003984986921255,1.234237172876652,1.8239885678502927,3.5560380786849395,-110.84956359863281,96.05895233154297,-154.03024291992188,-3.5850799083709717,3.756805896759033,23.52155113220215,0.09784016321282889,-0.9340578318320693,0.34345781291981214,-0.7389938891452904,-0.29933954940621377,-0.6035593309420401,0.6665698270011965,-0.19476088147895254,-0.7195504602021571,-13.283207893371582,10.233426094055176,-4.731663703918457
9.71,4.177299932137341,1.7745076001350102,2.3619058202903855,0.30925995377779414,-110.88542175292969,96.09666442871094,-153.79495239257812,-3.58825421333313,3.784684419631958,23.532779693603516,0.11233524667970951,-0.9666220233289774,0.2302664898955194,-0.6565661636392394,-0.2461455933095129,-0.7129749081548102,0.7458563300780259,-0.07109297370136103,-0.6623021394898534,-12.911791801452637,10.710670471191406,-4.659512996673584
9.72,4.177299932137341,1.7745076001350102,2.3619058202903855,0.30925995377779414,-110.92127990722656,96.13467407226562,-153.55953979492188,-3.5843703746795654,3.821820020675659,23.555936813354492,0.13845103830427719,-0.9830467181825203,0.12021006556459618,-0.5634851665275734,-0.17800881675903657,-0.8067201052778101,0.8144420035188882,0.04395464738369159,-0.5785777492070663,-12.255038261413574,11.283185958862305,-4.5879716873168945
9.73,1.0397043952222775,3.3257393696995954,2.828547960151103,0.6380404478340559,-110.95709228515625,96.17314910888672,-153.32379150390625,-3.576721429824829,3.874553680419922,23.599931716918945,0.17508545618665922,-0.9842738751379777,0.023452542565314927,-0.4575968394394442,-0.10244378572851257,-0.883238587982116,0.8717512349099029,0.14391042174380242,-0.46833703136371774,-11.090214729309082,12.218942642211914,-4.516579627990723
9.74,1.0687255862803915,1.4596023535344376,2.8832971115524204,1.837600623567827,-110.99280548095703,96.21219635009766,-153.08750915527344,-3.5656235218048096,3.9347031116485596,23.659440994262695,0.22120531413900785,-0.9736601367321145,-0.05526433873180059,-0.3393033513510704,-0.02371086989370702,-0.9403781316102666,0.914298334658111,0.22676801535420293,-0.33561111789349446,-10.181653022766113,12.988076210021973,-4.437562942504883
9.75,1.0687255862803915,1.4596023535344376,2.8832971115524204,1.837600623567827,-111.02839660644531,96.2518539428711,-152.85055541992188,-3.5528056621551514,3.997096538543701,23.730628967285156,0.27522935094258094,-0.9541628820524233,-0.1175669974658648,-0.21322847847333043,0.05865800450340186,-0.975239895859284,0.9374339551924038,0.29348327553898523,-0.18731029504870783,-9.51867961883545,13.353104591369629,-4.357517242431641
9.76,4.0805602183140435,1.7544938176176776,2.3431221701364477,0.18941426114909563,-111.06385803222656,96.29214477539062,-152.6128692626953,-3.5389821529388428,4.061725616455078,23.809083938598633,0.33493954372508666,-0.9280064454633102,-0.16315495465287966,-0.08573619884642347,0.1424218032068308,-0.9860858655201794,0.9383308618267852,0.3442674355059845,-0.03186105135640499,-8.84650993347168,13.46091079711914,-4.285394668579102
9.77,3.0606907367099083,3.1192178347704833,2.421637069110795,0.6569513093472876,-111.09917449951172,96.33309936523438,-152.37437438964844,-3.5230650901794434,4.133153915405273,23.887035369873047,0.39806674380618934,-0.8974471832808362,-0.19008266806005958,0.040112615352159486,0.22403703510659032,-0.9737547868895219,0.9164790480775582,0.3799946843337966,0.12518064671869644,-7.8767170906066895,13.88487434387207,-4.221596717834473
9.78,3.0606907367099083,3.1192178347704833,2.421637069110795,0.6569513093472876,-111.13430786132812,96.37480163574219,-152.13514709472656,-3.5041844844818115,4.212040901184082,23.953147888183594,0.46260011633936016,-0.8652219310854834,-0.19337047947274083,0.1656127033947543,0.29860641309753305,-0.9398971446553643,0.8709612877947515,0.4027719206023834,0.2814271044820945,-6.829174995422363,14.598455429077148,-4.162317752838135
9.79,0.12235124213381894,0.011601001474661981,0.8571562112469603,0.4544796275653659,-111.16925048828125,96.4173355102539,-151.89537048339844,-3.4836742877960205,4.290323257446289,23.997060775756836,0.5253982596728627,-0.8329676313129326,-0.17355573720753054,0.288506877730095,0.36629926103127153,-0.8846403974894976,0.8004501547474141,0.414716501423402,0.4327698848256128,-5.9228739738464355,15.304681777954102,-4.1046295166015625
9.8,2.552644719366694,3.0102045746979864,1.3405277979565375,3.098845111739825,-111.2040023803711,96.46049499511719,-151.65524291992188,-3.4688451290130615,4.3295207023620605,24.029592514038086,0.58274040671107,-0.8018128042783815,-0.1323247719871632,0.4041436827110142,0.4272017976754822,-0.808805605685084,0.7050400712803464,0.4178454869423317,0.5729953288910213,-5.11575984954834,15.677687644958496,-4.0546159744262695
9.81,2.552644719366694,3.0102045746979864,1.3405277979565375,3.098845111739825,-111.23861694335938,96.5039291381836,-151.4149169921875,-3.4531137943267822,4.364153861999512,24.027076721191406,0.6309691089031162,-0.7722290047470453,-0.07443351286480915,0.5061621922469872,0.48247583794321525,-0.7148544613700867,0.5879437207333129,0.4133756524378045,0.6953004754937882,-4.607532024383545,15.904224395751953,-4.015527248382568
9.82,2.9892721445615105,0.7536317986957498,1.7386463773907088,0.1668270006856416,-111.27305603027344,96.54781341552734,-151.17489624023438,-3.435490131378174,4.410789489746094,23.969457626342773,0.6676965259555723,-0.7444243650984399,-0.0037032248978897675,0.5919249527332457,0.5339188269812589,-0.6037843460431058,0.45144899995304494,0.40095267905669485,0.7971391030420315,-4.3032546043396,16.225072860717773,-3.9822545051574707
9.83,2.9552242752124744,2.1547365823457483,3.376865829089853,3.5280663234373306,-111.30733489990234,96.5920639038086,-150.93556213378906,-3.4205563068389893,4.4335126876831055,23.89187240600586,0.690716661028653,-0.7188398074296569,0.07861186571963778,0.6586847100133328,0.5805745043725375,-0.47861017296672015,0.2984039995912927,0.3823644545810657,0.8745012732414079,-3.551453113555908,16.59345245361328,-3.9511005878448486
9.84,2.9552242752124744,2.1547365823457483,3.376865829089853,3.5280663234373306,-111.34147644042969,96.63645935058594,-150.6971435546875,-3.411184310913086,4.446625709533691,23.7779598236084,0.6976500517330348,-0.6951879591918264,0.17319961521781022,0.7039345241989687,0.6201720862926594,-0.3462120289998342,0.133268867173341,0.36345602867212695,0.9220298933680082,-2.606712818145752,16.71849250793457,-3.9270966053009033
9.85,3.1375076639839166,2.879749899771837,2.6674025841157527,1.3270533694113473,-111.37557983398438,96.68097686767578,-150.46009826660156,-3.413289785385132,4.453833103179932,23.625751495361328,0.687287302310867,-0.6728778015174834,0.2736268048040056,0.7254948143102256,0.6545294816891924,-0.21271678826234794,-0.035964405892806944,0.34471237550264333,0.9380191574184945,-1.8347071409225464,16.580928802490234,-3.9109573364257812
9.86,2.3472330839188373,2.8330025886105608,2.3408877407509254,3.1350225553159103,-111.4097671508789,96.72549438476562,-150.22457885742188,-3.4243361949920654,4.444746971130371,23.47625732421875,0.6593198485818235,-0.6511289282586608,0.3759367713469504,0.7237390225785147,0.6851016624627088,-0.08268941460627659,-0.20371343711973805,0.3265988837634944,0.9229485384685877,-1.0183024406433105,16.64876937866211,-3.8978347778320312
9.87,2.3472330839188373,2.8330025886105608,2.3408877407509254,3.1350225553159103,-111.44409942626953,96.76983642578125,-149.99050903320312,-3.445298671722412,4.422792434692383,23.341617584228516,0.6127223963555635,-0.6290395775723372,0.47841454289341057,0.6998646568128364,0.713083339516864,0.04125061269517338,-0.36709770790423923,0.309550255614645,0.8771647006693564,-0.35643112659454346,16.767822265625,-3.890657424926758
9.88,2.382587764273832,4.0248129607757726,1.6692265257936263,3.713833794593214,-111.47871398925781,96.81391906738281,-149.7576904296875,-3.4794561862945557,4.391385555267334,23.226905822753906,0.5483415939922434,-0.6069937286607903,0.5752217917156095,0.6549290743877163,0.7394252957797064,0.15594274424525864,-0.519989811265273,0.29121958266497816,0.8029954861969905,0.10746435821056366,16.74913787841797,-3.890315055847168
9.89,3.0085731493198975,0.22150059747281897,3.507775373377251,1.9772207101390178,-111.51374053955078,96.85763549804688,-149.52587890625,-3.529735565185547,4.351502418518066,23.138076782226562,0.4677050746037884,-0.5855229302032822,0.6621290368168635,0.5907567231800978,0.764293392817328,0.25857707499562166,-0.6574636546664603,0.27021936996066787,0.7033655059005108,0.356416255235672,16.79155731201172,-3.8939309120178223
9.9,3.0085731493198975,0.22150059747281897,3.507775373377251,1.9772207101390178,-111.54933166503906,96.90093231201172,-149.29476928710938,-3.5858144760131836,4.3085503578186035,23.091205596923828,0.37269615705745224,-0.5648151529362025,0.7362617860029548,0.5095147211934822,0.7876805722320402,0.3463438537282471,-0.7755593616234251,0.24605519531572476,0.5813471574338397,1.052069902420044,16.675565719604492,-3.902313709259033
9.91,1.6104717121586611,0.9099527011270797,3.979901564126951,4.031324513298759,-111.5854721069336,96.94380950927734,-149.06390380859375,-3.643007755279541,4.2665863037109375,23.08803367614746,0.2675048107476913,-0.5394546862550343,0.7983920200655343,0.4154932008233428,0.812175983693839,0.40955533396663085,-0.8693713684590811,0.22216843382539225,0.4414007371030967,2.2939867973327637,16.318496704101562,-3.921161413192749
9.92,1.103265082849687,3.0467019334081393,0.3572837533226856,3.064863401767239,-111.62223052978516,96.98625183105469,-148.83290100097656,-3.7139508724212646,4.220773220062256,23.115232467651367,0.15603385998098007,-0.5075816730663043,0.8473572326396039,0.31420321626574155,0.8388107180209793,0.4446042264996964,-0.9364452858697618,0.19686905419679618,0.2903666683212097,3.313396453857422,15.66010570526123,-3.9490721225738525
9.93,1.103265082849687,3.0467019334081393,0.3572837533226856,3.064863401767239,-111.65972900390625,97.02822875976562,-148.60150146484375,-3.7856647968292236,4.177830696105957,23.171228408813477,0.0425696044703503,-0.47287826877067185,0.8800988420056522,0.21107737230746682,0.8652704921971812,0.454701350594676,-0.9765419456812968,0.16641249429444802,0.13664812500611678,3.6442766189575195,15.193400382995605,-3.9811618328094482
9.94,2.9704453007374907,2.067850766649097,2.253663637835821,3.070152919757629,-111.69790649414062,97.06980895996094,-148.36941528320312,-3.8501369953155518,4.140763759613037,23.247041702270508,-0.07369452959325706,-0.44142229085104345,0.8942681239135413,0.10756827880584852,0.8879565908148893,0.44717128510577014,-0.9914626476588895,0.12914896038379692,-0.01795450720595415,3.5520074367523193,15.097363471984863,-4.013317584991455
9.95,2.9704453007374907,2.067850766649097,2.253663637835821,3.070152919757629,-111.73677825927734,97.11102294921875,-148.1365203857422,-3.9247825145721436,4.0989580154418945,23.331680297851562,-0.1909330931971524,-0.4145720591532388,0.8897609576125549,0.005669964018901935,0.9059557127999869,0.42333449889312313,-0.9815866774922077,0.08587347794581743,-0.17062631788589172,3.7718446254730225,14.982063293457031,-4.047006130218506
9.96,3.858588092024114,2.776693690047573,2.7480312736226917,1.12837481482878,-111.77643585205078,97.15177917480469,-147.9027557373047,-4.006931304931641,4.052618026733398,23.41902732849121,-0.3057259586261178,-0.3891157326273498,0.8689767458591872,-0.09153099693708941,0.920460418443976,0.3799667020643299,-0.9477097207593915,0.03662737637098254,-0.3170247947374693,4.3252177238464355,14.789886474609375,-4.085440635681152
9.97,3.4278395977284037,1.0060200932721388,3.550940029693439,0.5675393939736683,-111.81690979003906,97.19207000732422,-147.66815185546875,-4.084979057312012,4.006875038146973,23.500926971435547,-0.4159961555530309,-0.36398137707532263,0.8333455200020278,-0.1811629714087364,0.9312042400727873,0.31628885699755493,-0.8911381353951001,-0.019396402058480727,-0.45331733171337046,5.128342628479004,14.77540397644043,-4.12440299987793
9.98,3.4278395977284037,1.0060200932721388,3.550940029693439,0.5675393939736683,-111.85810089111328,97.23193359375,-147.4328155517578,-4.1474928855896,3.966197967529297,23.565540313720703,-0.5211886799322055,-0.3373592074180595,0.7839331126319284,-0.2606107821563886,0.9375927378491921,0.23022136772309307,-0.812677291508973,-0.08431265090551346,-0.5765821682665225,6.3443708419799805,14.744888305664062,-4.167065143585205
9.99,3.7648869243795686,2.2136890039451917,1.0439908805592453,0.8007998142656831,-111.89981842041016,97.27141571044922,-147.19691467285156,-4.193197250366211,3.931161403656006,23.6065731048584,-0.6181375223059127,-0.30809835512376843,0.7231745343190226,-0.3259441421741756,0.9376314649396982,0.120862120357769,-0.7153086184996289,-0.16100509161223242,-0.6800080446399797,7.784146308898926,14.52458667755127,-4.219207286834717
