time,FL,FR,BL,BR,x,y,z,vx,vy,vz,r1x,r1y,r1z,r2x,r2y,r2z,r3x,r3y,r3z,wx,wy,wz
0.0,1.521199322032376,1.0721679494352407,2.6375161578590647,1.9147817915847891,66.85111999511719,-40.57029342651367,-350.0,0.0,0.0,0.0,0.02638995057646565,0.9403529967815508,0.33917519359842424,-0.09746930119028374,0.3400971691255811,-0.9353254251212483,-0.9948885896591888,-0.008375977359256104,0.10063069695290683,0.0,0.0,0.0
0.01,1.521199322032376,1.0721679494352407,2.6375161578590647,1.9147817915847891,66.85108947753906,-40.570186614990234,-349.99957275390625,-0.011141618713736534,0.030728952959179878,0.0898548811674118,0.026544820405980774,0.9404546427368436,0.3388811553691501,-0.0978910066804844,0.3398167820414314,-0.9353832933370617,-0.9948430646693455,-0.00834383591174459,0.10108242716507293,0.08940411359071732,-0.1345357447862625,0.0005259551689960063
0.02,1.521199322032376,1.0721679494352407,2.6375161578590647,1.9147817915847891,66.85086822509766,-40.56958770751953,-349.99822998046875,-0.032590121030807495,0.09000995755195618,0.1814744472503662,0.027437048814163922,0.9410407778267349,0.3371786808498179,-0.10033001691950189,0.33819481805459983,-0.9357126443230042,-0.9945758372579248,-0.008155949256236916,0.10369370489295882,0.2618589699268341,-0.3940272927284241,0.0015621421625837684
0.03,3.1304287291417547,2.8203649783772873,1.5468222237878075,2.0866803346839173,66.85042572021484,-40.56837463378906,-349.9959716796875,-0.0553206130862236,0.15327711403369904,0.27243080735206604,0.029241846959564,0.9422262412897088,0.3336984036693332,-0.10530262187816064,0.33488731707862707,-0.9363556176397216,-0.9940101972374222,-0.007758549152188821,0.10901161728492287,0.44583791494369507,-0.6708572506904602,0.0027392178308218718
0.04,3.1304287291417547,2.8203649783772873,1.5468222237878075,2.0866803346839173,66.84974670410156,-40.56649398803711,-349.9927978515625,-0.08168637007474899,0.22762849926948547,0.3616480529308319,0.031625082687837924,0.9438902773726114,0.3287415374217896,-0.11196237504503076,0.3301814552130225,-0.937253772042389,-0.9932090820765097,-0.00716595526536995,0.11612221305965298,0.5244438648223877,-0.6563558578491211,0.0018618737813085318
0.05,3.089840939325661,3.123847348620077,1.0662086868422165,1.7409948074671069,66.84878540039062,-40.56379699707031,-349.9887390136719,-0.11108993738889694,0.3118849992752075,0.4490998685359955,0.03332622153874487,0.945575813321053,0.3236908157797806,-0.11683570859878728,0.3253360100601932,-0.9383527576313362,-0.9925919504782263,-0.006546893946236143,0.12131924012903716,0.5039166808128357,-0.3693637251853943,-0.0010570766171440482
0.06,3.089840939325661,3.123847348620077,1.0662086868422165,1.7409948074671069,66.84752655029297,-40.56025695800781,-349.98382568359375,-0.1396835297346115,0.3951692283153534,0.5362969636917114,0.03389091044761067,0.947102862684602,0.3191356665803183,-0.1185603598296806,0.32087424536650067,-0.9396718361947086,-0.9923683022275998,-0.005990505413630776,0.12316357651026766,0.4330885708332062,0.03019733726978302,-0.003946722950786352
0.07,1.337908708296453,1.7700732193327877,2.468354980391983,2.495567423969668,66.84599304199219,-40.5558967590332,-349.97802734375,-0.16718989610671997,0.47648656368255615,0.6236990690231323,0.03300028180586384,0.9483128523790788,0.31561640548835374,-0.11608095883640901,0.31728792635870984,-0.9411979509022582,-0.9926913882956543,-0.005577257358712839,0.12055165616448907,0.32646849751472473,0.5043532252311707,-0.006601235363632441
0.08,1.337908708296453,1.7700732193327877,2.468354980391983,2.495567423969668,66.84420013427734,-40.55074691772461,-349.9713439941406,-0.19294746220111847,0.5535246729850769,0.711972177028656,0.030966752496307537,0.9491866816579138,0.3131863719944891,-0.11021546321449521,0.3146685682559414,-0.9427811219048512,-0.9934251919033694,-0.005323111401621172,0.11435931346750577,0.23394685983657837,0.62743079662323,-0.007248235400766134
0.09,1.7149362400041004,2.0167150064453776,1.878319936071835,2.1257045767713763,66.84215545654297,-40.54484176635742,-349.9637756347656,-0.21723736822605133,0.6268056035041809,0.8011875152587891,0.02924683217485341,0.9498000832373232,0.3114874390567135,-0.10523281920815525,0.3128147472156879,-0.9439666242436164,-0.9940174427892299,-0.005170667921950478,0.10909898085684039,0.1584228128194809,0.4162001609802246,-0.005992325488477945
0.1,1.7149362400041004,2.0167150064453776,1.878319936071835,2.1257045767713763,66.8398666381836,-40.53821563720703,-349.955322265625,-0.24074602127075195,0.6981520652770996,0.890964150428772,0.028184367547897604,0.9501731440453917,0.31044586929257195,-0.10218030506430253,0.3116809645857308,-0.9446767497783962,-0.9943665454362849,-0.0050963369005599946,0.105873512586033,0.07839071750640869,0.2673519551753998,-0.005113875959068537
0.11,2.092231459714351,1.1272498940990296,1.0582532924223709,1.599205882895874,66.83734130859375,-40.5308837890625,-349.9459533691406,-0.2637162208557129,0.7680939435958862,0.981094479560852,0.02739943415571333,0.9502847040478601,0.310174551278176,-0.0999481748900406,0.3113404696023827,-0.9450277637847038,-0.9946153192788139,-0.005108154308451018,0.1035097744923853,-0.0076910220086574554,0.21326550841331482,-0.004807750228792429
0.12,2.092231459714351,1.1272498940990296,1.0582532924223709,1.599205882895874,66.8345947265625,-40.52288055419922,-349.9356994628906,-0.2839584946632385,0.8297590017318726,1.0722606182098389,0.026688374061486553,0.9502048860972356,0.31048092554437784,-0.09796513906130228,0.3115826075096987,-0.9451556010658546,-0.9948319266180865,-0.0051916408192821395,0.10140258698351678,-0.02035815268754959,0.22964076697826385,-0.007567655760794878
0.13,2.9633352018037,2.573763386319658,1.402492024686111,1.8215611082953511,66.8316650390625,-40.51430892944336,-349.9245300292969,-0.3017377257347107,0.883885383605957,1.1643493175506592,0.025771149947122485,0.9502260511530496,0.31049363848633893,-0.0955022351861256,0.31151643363119047,-0.9454294445658854,-0.9950955586800986,-0.005288032506186147,0.09877684853930419,0.03584957867860794,0.30103543400764465,-0.013121615163981915
0.14,2.9633352018037,2.573763386319658,1.402492024686111,1.8215611082953511,66.82854461669922,-40.505165100097656,-349.91241455078125,-0.32327383756637573,0.9495067000389099,1.2553930282592773,0.02444130118390947,0.9504065132681246,0.3100485160970184,-0.09195067533223755,0.3109636997738636,-0.9459633453410843,-0.9954635583999962,-0.005388595408458985,0.09499087817859703,0.0670347586274147,0.5002952814102173,-0.017735863104462624
0.15,2.9112432211827635,1.5876032610520456,3.0742861325817605,1.9193850366614895,66.8251724243164,-40.49528503417969,-349.8994140625,-0.3485379219055176,1.0266523361206055,1.3455723524093628,0.022231818909655365,0.9506219003955821,0.3095541127432493,-0.08582751946533895,0.31030232078668046,-0.9467555685692199,-0.9960619373966637,-0.005520163284908286,0.0884881046633546,0.06743356585502625,0.8122847080230713,-0.02117222175002098
0.16,2.9112432211827635,1.5876032610520456,3.0742861325817605,1.9193850366614895,66.82154846191406,-40.484615325927734,-349.885498046875,-0.37530767917633057,1.1086136102676392,1.4358774423599243,0.01920222424951673,0.9510276864579446,0.30850869383912166,-0.07726717774984387,0.30905432751003376,-0.9479004198173429,-0.9968254901568505,-0.005635799656695861,0.07941775579670002,0.254986047744751,0.947049081325531,-0.023252399638295174
0.17,2.9112432211827635,1.5876032610520456,3.0742861325817605,1.9193850366614895,66.81765747070312,-40.47310256958008,-349.8706970214844,-0.40293455123901367,1.1938258409500122,1.5266646146774292,0.016120741450355136,0.9523585701641832,0.3045542242851402,-0.06851217507250834,0.3049300312946069,-0.9499072364612791,-0.9975200266470468,-0.005552463372481831,0.07016385528584135,0.6197327375411987,0.9047384858131409,-0.024315694347023964
0.18,2.2258328544342723,1.2296690004059587,2.1490576579823717,1.7147167111590558,66.81349182128906,-40.46073532104492,-349.85498046875,-0.4302296042442322,1.279633641242981,1.6181749105453491,0.013259109692284332,0.9548096431550813,0.2969221132691781,-0.060292659143840965,0.29717133129786266,-0.9529186718225333,-0.9980926766906633,-0.0052673705700866935,0.06150823964108226,1.0090467929840088,0.8377721905708313,-0.02538113109767437
0.19,2.2258328544342723,1.2296690004059587,2.1490576579823717,1.7147167111590558,66.80906677246094,-40.44753646850586,-349.8383483886719,-0.45381423830986023,1.356204628944397,1.7109559774398804,0.010661573506875133,0.9582461381717583,0.28574581279393924,-0.05268667897406265,0.2859034421707566,-0.9568089337028562,-0.9985541771526678,-0.0048539091281490365,0.05353498722456285,1.3217194080352783,0.7733098268508911,-0.027308329939842224
0.2,1.8795729176303413,1.0659165594050033,1.6686265927936952,2.87775719290682,66.80442810058594,-40.43363571166992,-349.8207702636719,-0.47378766536712646,1.4241725206375122,1.8047869205474854,0.008311240137210352,0.9622729453673443,0.27195900775932713,-0.04563750425269719,0.27205002807070744,-0.9612002915273761,-0.9989234913110047,-0.004422763930334972,0.046176808749088194,1.560565710067749,0.7138360142707825,-0.030001569539308548
0.21,1.8795729176303413,1.0659165594050033,1.6686265927936952,2.87775719290682,66.79960632324219,-40.4190559387207,-349.80224609375,-0.492577463388443,1.491937518119812,1.8990861177444458,0.006261616542378001,0.9665763901983135,0.2563023099183337,-0.039394269881158184,0.2563468033028989,-0.9657817599939,-0.9992041251209918,-0.004049487323382339,0.03968271656037514,1.6498475074768066,0.5730475783348083,-0.035598184913396835
0.22,1.1283137524228954,1.986744179160253,2.337251980201357,2.9913690524775376,66.79458618164062,-40.40379333496094,-349.78277587890625,-0.5103760361671448,1.560512900352478,1.9937167167663574,0.004716604915920131,0.9706336896056013,0.24051609975360227,-0.03497746888393516,0.24053173241923537,-0.97001085683093,-0.9993769710717477,-0.0038374864193924108,0.035084802827442474,1.6083074808120728,0.35615405440330505,-0.04365375638008118
0.23,1.1283137524228954,1.986744179160253,2.337251980201357,2.9913690524775376,66.78939819335938,-40.38783264160156,-349.76239013671875,-0.5280810594558716,1.6336548328399658,2.088404893875122,0.0037305596778618444,0.974247691108688,0.22544959368754713,-0.03286512631731686,0.22544882075642286,-0.9737005251573427,-0.9994528335027304,-0.003776981457264128,0.03285982371277679,1.4633231163024902,0.08656240999698639,-0.04758808761835098
0.24,1.5092763912930076,2.3575546930603455,1.7079473891080381,2.9522314263754477,66.7840347290039,-40.37112045288086,-349.74102783203125,-0.5455764532089233,1.7109713554382324,2.1829867362976074,0.00341047226046165,0.9772083563630511,0.21225502805159757,-0.033627313610714415,0.21224829029716819,-0.9766370190839867,-0.9994286229933016,-0.0038067729316161314,0.033584758768819944,1.236576795578003,-0.22346830368041992,-0.04736814275383949
0.25,1.5092763912930076,2.3575546930603455,1.7079473891080381,2.9522314263754477,66.77848815917969,-40.35361099243164,-349.7187194824219,-0.562253475189209,1.7893719673156738,2.277331590652466,0.003665449390721387,0.9794914480968249,0.2014523953343531,-0.03713187412348934,0.2014481345609046,-0.9787951128842076,-0.9993036517519792,-0.0038925810352680723,0.03710875109785383,0.9541333317756653,-0.4414551854133606,-0.04759332165122032
0.26,1.4844529536595255,1.1870390212344106,1.9846468330701539,2.995746382911197,66.77278900146484,-40.335323333740234,-349.6954650878906,-0.578199028968811,1.8682925701141357,2.371260166168213,0.0041940906463089345,0.9810592099474466,0.19366268659951547,-0.04220105936488572,0.19366550443052682,-0.9801595497581761,-0.9991003353978676,-0.004061892534418243,0.04221398864010484,0.6289690732955933,-0.5694593191146851,-0.04879802465438843
0.27,1.4844529536595255,1.1870390212344106,1.9846468330701539,2.995746382911197,66.76693725585938,-40.316253662109375,-349.6712951660156,-0.5928146839141846,1.9433627128601074,2.4648499488830566,0.004967005077338105,0.9820153667109806,0.18873565747907722,-0.048792080829896445,0.18875118290275164,-0.9808120736415822,-0.9987966067768002,-0.004337106905510535,0.048852101232594036,0.40302175283432007,-0.788962185382843,-0.05192994698882103
0.28,2.066963170600382,2.526750337421241,1.870437969412981,1.0399862967056905,66.76094055175781,-40.29646301269531,-349.64617919921875,-0.6063753366470337,2.0147643089294434,2.5579910278320312,0.006197498771826848,0.9826467361579125,0.1853833404790599,-0.05815121325395339,0.18542732617783034,-0.9809358506567256,-0.9982885491710634,-0.004700917436242125,0.05829128553387025,0.27383026480674744,-1.103410243988037,-0.05671374499797821
0.29,2.066963170600382,2.526750337421241,1.870437969412981,1.0399862967056905,66.75480651855469,-40.275962829589844,-349.6201477050781,-0.6194833517074585,2.0849504470825195,2.6503944396972656,0.0077950713295414364,0.9830987707792427,0.18290993345171136,-0.069780335436123,0.1830043673525555,-0.9806325031918497,-0.9975319251279077,-0.005119416200412064,0.07002749408894651,0.24065446853637695,-1.1568009853363037,-0.056756265461444855
0.3,1.8106667117256074,2.319794415565888,2.335789282593369,2.4262948528563104,66.74855041503906,-40.25476837158203,-349.5931701660156,-0.6322756409645081,2.154388666152954,2.74196195602417,0.009190267475674474,0.9835780543820214,0.18024913292940647,-0.08030712725692468,0.18040048211526274,-0.9803093549305345,-0.9967277984963927,-0.005465984875394625,0.08064625666375524,0.2862332761287689,-0.9573014974594116,-0.05220517888665199
0.31,1.8106667117256074,2.319794415565888,2.335789282593369,2.4262948528563104,66.7421646118164,-40.23286437988281,-349.5653076171875,-0.6459837555885315,2.2299273014068604,2.832223653793335,0.010295183091766469,0.9841003364950447,0.17731479609848289,-0.08916216941932292,0.17752129975384454,-0.9800695361443215,-0.9959639133771598,-0.005719776573017199,0.08957213521183804,0.2688138484954834,-0.8817018866539001,-0.048696719110012054
0.32,1.8106667117256074,2.319794415565888,2.335789282593369,2.4262948528563104,66.73563385009766,-40.21015548706055,-349.5365295410156,-0.6605099439620972,2.3111894130706787,2.921191692352295,0.011431354280724115,0.9845074104271774,0.17496994871486343,-0.09817968330236243,0.17524096783971665,-0.9796179627677555,-0.9951030468880881,-0.0059801341600965174,0.09866186735244206,0.18412072956562042,-0.949009120464325,-0.046681199222803116
0.33,2.5172727899284992,2.9970318407419625,2.894306408673129,2.053719207731096,66.72895812988281,-40.1866340637207,-349.50689697265625,-0.6749929189682007,2.3931543827056885,3.009232759475708,0.012708109609708751,0.9847521978603831,0.1734981635617293,-0.10797451672299496,0.1738490476907921,-0.9788350281612528,-0.9940724358358316,-0.006294237535209357,0.10853743540948008,0.09006985276937485,-1.0361030101776123,-0.044907037168741226
0.34,2.5172727899284992,2.9970318407419625,2.894306408673129,2.053719207731096,66.72212982177734,-40.162269592285156,-349.47637939453125,-0.690629780292511,2.4821598529815674,3.095525026321411,0.014103084212122863,0.9848739773482791,0.17269728358572145,-0.11835449734302639,0.17314452111753026,-0.9777592688211452,-0.9928712484377746,-0.006650078883925825,0.11900613629747098,0.0680311992764473,-1.0435802936553955,-0.04146696999669075
0.35,1.1157085117986258,2.520257361819439,2.5142762079447385,3.054416707259001,66.71513366699219,-40.13697814941406,-349.4449768066406,-0.707335889339447,2.577568531036377,3.1799840927124023,0.015460775101167279,0.9850333545907,0.17166902684253632,-0.12830401187179358,0.17222463096187188,-0.9766661440982018,-0.9916143630317553,-0.006925809255197424,0.12904645750770088,0.11395563185214996,-0.9750020503997803,-0.03641573339700699
0.36,1.1157085117986258,2.520257361819439,2.5142762079447385,3.054416707259001,66.7079849243164,-40.11074447631836,-349.4127502441406,-0.7230868339538574,2.6680667400360107,3.2640488147735596,0.016824425146828526,0.9851798789634807,0.17069723138932374,-0.1380584822347617,0.17137509464041395,-0.975484716651175,-0.9902811692653317,-0.007154231090113039,0.13889572626973262,-0.0065605733543634415,-1.0675073862075806,-0.032017823308706284
0.37,2.3425715628247614,1.244515222133873,1.2208179858254629,1.9821830766215407,66.70068359375,-40.08363342285156,-349.37969970703125,-0.7378907799720764,2.753262519836426,3.3478217124938965,0.01856040159293515,0.9849390083840339,0.17190305772785097,-0.1496948101139,0.17273220246124607,-0.9735271182960701,-0.9885580283006518,-0.007663941307381461,0.15064623687953385,-0.2892289161682129,-1.3179477453231812,-0.02853172831237316
0.38,2.3425715628247614,1.244515222133873,1.2208179858254629,1.9821830766215407,66.6932373046875,-40.05571746826172,-349.3458251953125,-0.7508139610290527,2.8267147541046143,3.432299852371216,0.020708368360129403,0.98427981808598,0.17539784259930724,-0.16335604352673827,0.17640893930089835,-0.970667136137833,-0.9863498195483951,-0.008551364999934308,0.16444119810280605,-0.4203495681285858,-1.4311248064041138,-0.030572595074772835
0.39,1.1815920406429026,1.3957210467816785,1.5249170367242035,1.931648426421693,66.6856689453125,-40.027130126953125,-349.3110656738281,-0.7621840834617615,2.889822483062744,3.517421245574951,0.022890451365105147,0.9835591940723762,0.17912939175913895,-0.17716803702709688,0.18033125507489045,-0.967518539925246,-0.9839143834156845,-0.00958906662882808,0.1783831155376565,-0.39289313554763794,-1.3994255065917969,-0.037512507289648056
0.4,1.1815920406429026,1.3957210467816785,1.5249170367242035,1.931648426421693,66.67799377441406,-39.99793243408203,-349.27545166015625,-0.7729094624519348,2.9479594230651855,3.602512836456299,0.02503333211702402,0.9828574226734632,0.1826598450092316,-0.1907941457461928,0.18405576077539904,-0.9642204472393074,-0.98131082039897,-0.01071277840090129,0.19213097133683016,-0.4165695309638977,-1.4343745708465576,-0.04191204532980919
0.41,3.019347733116907,2.762618947287386,2.958058574005147,1.974246815248455,66.67021179199219,-39.968177795410156,-349.239013671875,-0.7832367420196533,3.002589464187622,3.687408924102783,0.027362517265914432,0.9820203540928718,0.18678146802127799,-0.2052009047825359,0.1883901880133883,-0.9604174747143606,-0.978337304473923,-0.012048286500218885,0.20666629494696884,-0.505208432674408,-1.5471618175506592,-0.04350006952881813
0.42,3.019347733116907,2.762618947287386,2.958058574005147,1.974246815248455,66.66231536865234,-39.937808990478516,-349.20172119140625,-0.797796368598938,3.0771639347076416,3.7669425010681152,0.02990132241935345,0.9810759330700592,0.19130061282778515,-0.22031781293404318,0.19314812435696374,-0.9561139384829334,-0.9749697288744577,-0.013557861486943712,0.22192388823731207,-0.4608716070652008,-1.5520031452178955,-0.04298895597457886
0.43,2.085021790439965,2.7952780776503827,2.306410085852304,1.8585209053781464,66.65424346923828,-39.906578063964844,-349.1636657714844,-0.8165035247802734,3.1704108715057373,3.8407950401306152,0.03239187752326356,0.9803621764048218,0.19452704013920152,-0.23473656684949518,0.1966473196488163,-0.9519603856561722,-0.9715191765756505,-0.01482682534249663,0.23649662745170957,-0.28577661514282227,-1.4480358362197876,-0.04067191109061241
0.44,2.085021790439965,2.7952780776503827,2.306410085852304,1.8585209053781464,66.64598846435547,-39.874420166015625,-349.1249084472656,-0.8345111608505249,3.2585580348968506,3.9144139289855957,0.03473018166335473,0.9799295705387341,0.19629531646323883,-0.24803893484426798,0.19872009311221106,-0.9481492558636513,-0.9681273166701536,-0.015759485310341048,0.2499622718327743,-0.20714055001735687,-1.338256597518921,-0.03715723752975464
0.45,2.802018685431904,1.4613613056281864,2.1876763539691515,2.2487456065794635,66.63756561279297,-39.8414306640625,-349.08538818359375,-0.8513447642326355,3.3399224281311035,3.9884727001190186,0.036923306189304395,0.979514028691955,0.19796195860747245,-0.2602831960251774,0.20068609354869893,-0.9444457367806167,-0.9648260606591065,-0.016654112159422918,0.2623610360194733,-0.2324846088886261,-1.2350337505340576,-0.032817941159009933
0.46,2.802018685431904,1.4613613056281864,2.1876763539691515,2.2487456065794635,66.62896728515625,-39.80763244628906,-349.04510498046875,-0.8678233027458191,3.4185569286346436,4.062126159667969,0.039002453527830716,0.9791038660608391,0.19958564097531656,-0.2717002730344782,0.20260355013964768,-0.9408138833498373,-0.9615912698500333,-0.01753342338306485,0.27392482328673823,-0.15454325079917908,-1.1937512159347534,-0.033267855644226074
0.47,1.586989611250014,2.8874141309220187,1.5306913533222823,3.113573213224145,66.62020874023438,-39.7730712890625,-349.004150390625,-0.8840840458869934,3.4953582286834717,4.13522481918335,0.04105219595147691,0.9789889231025719,0.19973834296405923,-0.2830417187052981,0.20311264672329196,-0.9373540623549941,-0.9582286275622912,-0.018053841240185442,0.2854329275619085,0.030699757859110832,-1.2093026638031006,-0.03817174211144447
0.48,1.586989611250014,2.8874141309220187,1.5306913533222823,3.113573213224145,66.61128234863281,-39.73773193359375,-348.96240234375,-0.9006541967391968,3.573450803756714,4.206850051879883,0.04309168596841245,0.9790532760539331,0.1989919326215535,-0.2945450359362042,0.20277385100921935,-0.9338768586661901,-0.9546655584055288,-0.018369757618219296,0.2971131494890591,-0.08687590062618256,-1.23255455493927,-0.04149433970451355
0.49,1.586989611250014,2.8874141309220187,1.5306913533222823,3.113573213224145,66.6021957397461,-39.701602935791016,-348.91998291015625,-0.9175710678100586,3.652853012084961,4.276939392089844,0.04516429011798201,0.9785024289175095,0.20122918153357672,-0.3062280605852535,0.20529807032139966,-0.9295574631148438,-0.9508861981374708,-0.01963921904873095,0.3089170426940263,-0.49753788113594055,-1.256557583808899,-0.04310137778520584
0.5,1.9254615522145277,1.9049874804954823,2.902574807187425,2.3585959846749565,66.59293365478516,-39.664676666259766,-348.87689208984375,-0.9348374605178833,3.7320609092712402,4.345916748046875,0.04732448351862695,0.977046251556283,0.20770415397750602,-0.31807788394069864,0.2118532905230721,-0.9240912525515832,-0.9468827028769204,-0.02233395653177339,0.3208026517629401,-0.9488806128501892,-1.2804808616638184,-0.04473962262272835
0.51,1.9254615522145277,1.9049874804954823,2.902574807187425,2.3585959846749565,66.58348846435547,-39.626956939697266,-348.83306884765625,-0.9527531862258911,3.8106629848480225,4.413877964019775,0.049693934669652884,0.9747520533873527,0.21769002566536672,-0.3303435465361294,0.22173326362651002,-0.9174461842873777,-0.9425516718562335,-0.02632098437893904,0.3330218486260973,-1.1426798105239868,-1.390851616859436,-0.04507920518517494
0.52,2.408223285899551,2.3959679258308855,3.107524761844929,1.2391527986321265,66.5738754272461,-39.58846664428711,-348.7886047363281,-0.9715293049812317,3.888554096221924,4.480782985687256,0.052568473402705596,0.9722704593384452,0.22787432830820897,-0.34400502272082106,0.2318541496996797,-0.9098924099089329,-0.9374951199590087,-0.0305582585375358,0.34665414015729956,-1.0929079055786133,-1.581652045249939,-0.0441051609814167
0.53,2.408223285899551,2.3959679258308855,3.107524761844929,1.2391527986321265,66.5640640258789,-39.549190521240234,-348.74346923828125,-0.9912276864051819,3.9660069942474365,4.546386241912842,0.05596560525161898,0.9699270835373885,0.23687402485176706,-0.3589503780338521,0.24092950860691906,-0.9017247906050843,-0.9316772387142311,-0.03456044709033884,0.3616394590731786,-0.9089550971984863,-1.6539767980575562,-0.04038473963737488
0.54,1.732378875942151,2.717134277324439,1.5231017062741878,1.2531878241594359,66.5540542602539,-39.50913619995117,-348.6976623535156,-1.0117124319076538,4.0429911613464355,4.610612869262695,0.05953075879870173,0.9680980387318624,0.2433973626816281,-0.3737083864518548,0.2477121380116998,-0.8938572249398802,-0.9256339074668785,-0.03774763681601534,0.3765328475211748,-0.6270477175712585,-1.6074780225753784,-0.03405441716313362
0.55,1.732378875942151,2.717134277324439,1.5231017062741878,1.2531878241594359,66.54383850097656,-39.46834945678711,-348.6512451171875,-1.030537486076355,4.111469745635986,4.67695951461792,0.06303345710400254,0.966776027045255,0.2477315014609785,-0.3875703699294731,0.25245564174264956,-0.88659762987786,-0.9196825493822582,-0.04012807599299878,0.3906068943053243,-0.529513955116272,-1.4610934257507324,-0.028319021686911583
0.56,1.7277531320895516,3.0465002280569036,2.7788820684605047,2.972621117712995,66.533447265625,-39.42692947387695,-348.6041564941406,-1.0476659536361694,4.172137260437012,4.745495319366455,0.066156964972237,0.9653749132185356,0.2523381321044573,-0.3995611007579037,0.2573617369147464,-0.8798385437870727,-0.9143162378229941,-0.04261705410430494,0.4027525343839269,-0.6139873266220093,-1.2349367141723633,-0.023559879511594772
0.57,1.7277531320895516,3.0465002280569036,2.7788820684605047,2.972621117712995,66.52287292480469,-39.38486862182617,-348.556396484375,-1.0687236785888672,4.244656562805176,4.807513236999512,0.06895526807607955,0.9636317652677826,0.2581840273360322,-0.4099408427861771,0.26331039379291643,-0.8732789599757789,-0.9095018836815648,-0.045622992969732656,0.41318865678061495,-0.7844941020011902,-1.1797521114349365,-0.01921207830309868
0.58,1.0824941852585481,1.7391779999156065,1.7140570863003264,1.579417656869342,66.51205444335938,-39.342002868652344,-348.5080261230469,-1.0939370393753052,4.3287506103515625,4.862868309020996,0.07201636718139165,0.9612899345962098,0.2659610958429993,-0.4206967348456363,0.27104883152906717,-0.8657637022981197,-0.9043383770183674,-0.049539807940094716,0.4239314889000853,-1.0149147510528564,-1.292191982269287,-0.015266669914126396
0.59,1.0824941852585481,1.7391779999156065,1.7140570863003264,1.579417656869342,66.50099182128906,-39.29834747314453,-348.4591064453125,-1.1150078773498535,4.3962554931640625,4.9250311851501465,0.07553440042840376,0.9582977757668982,0.2756082860005057,-0.4323441782343333,0.28054050914393935,-0.856957136778811,-0.8985394069815748,-0.054427894406032684,0.43550492352179576,-1.1780412197113037,-1.3931691646575928,-0.012202485464513302
0.6,1.8313533305778724,2.80934636172962,2.602574605514465,1.305705572483093,66.48976135253906,-39.25412368774414,-348.4095153808594,-1.1317309141159058,4.44717264175415,4.994414329528809,0.07944553059106274,0.954859774408526,0.28623629903561043,-0.4445593110314535,0.2909458823522215,-0.8471821011550744,-0.8922193825760254,-0.059944180357947796,0.4476061534394606,-1.2720601558685303,-1.4650498628616333,-0.009878061711788177
0.61,1.8313533305778724,2.80934636172962,2.602574605514465,1.305705572483093,66.47834777832031,-39.20937728881836,-348.3592529296875,-1.151646614074707,4.504763603210449,5.059175491333008,0.0836643304225479,0.9510930288068411,0.2973589251560742,-0.4569710935958384,0.30179751159574436,-0.8367172052805176,-0.8855380846879315,-0.06588104848623422,0.4598717082160896,-1.292282223701477,-1.4502063989639282,-0.0048748101107776165
0.62,2.071033600197511,1.6503497965686391,2.8833693404062863,3.1232512743818313,66.46671295166016,-39.164005279541016,-348.3083801269531,-1.175346851348877,4.570039749145508,5.11848783493042,0.08791135008821072,0.9472377713794304,0.3082404889007895,-0.46866694644215334,0.3123817063266078,-0.8262983497896292,-0.8789896972310061,-0.0718211251973025,0.4714009314130993,-1.251505732536316,-1.3580617904663086,0.002814209321513772
0.63,2.071033600197511,1.6503497965686391,2.8833693404062863,3.1232512743818313,66.45482635498047,-39.117958068847656,-348.2569274902344,-1.202039361000061,4.640108585357666,5.173677921295166,0.09227466083832864,0.9433757075147567,0.3186340556786168,-0.47995268308596784,0.32251108877042456,-0.8158627455759309,-0.8724281110588724,-0.07764581180686914,0.48253530331272176,-1.212737798690796,-1.4625426530838013,0.0052956645376980305
0.64,2.071033600197511,1.6503497965686391,2.8833693404062863,3.1232512743818313,66.44266510009766,-39.071189880371094,-348.2049255371094,-1.2312918901443481,4.713510036468506,5.225354194641113,0.09750955836330688,0.9394976455355959,0.3283840131018328,-0.4929427813995902,0.33223177354017797,-0.8041327396123004,-0.8645804186389077,-0.08346390048050545,0.4955143560208439,-1.1826125383377075,-1.7581080198287964,0.0024821716360747814
0.65,2.882385574763764,1.5135427210239691,1.1076065248891713,2.2598164876153306,66.4301986694336,-39.02368927001953,-348.1524353027344,-1.2616652250289917,4.7863898277282715,5.2754435539245605,0.10390576304243443,0.9356078545412337,0.3374041121968115,-0.5082370062488678,0.34155141504480985,-0.7905933065489967,-0.8549261593177258,-0.08933405510574982,0.510999695413417,-1.1537394523620605,-2.0801384449005127,-0.0012185636442154646
0.66,2.882385574763764,1.5135427210239691,1.1076065248891713,2.2598164876153306,66.41743469238281,-38.975486755371094,-348.09942626953125,-1.2898122072219849,4.851002216339111,5.328723430633545,0.11126662690820022,0.9317235292914753,0.34570363420292416,-0.5252164918185248,0.35044504481976513,-0.7754585142244005,-0.8436630692748813,-0.09528659677998075,0.5283494014530313,-1.1223957538604736,-2.1780827045440674,-0.008711804635822773
0.67,2.9626406955881333,1.1264524753187237,2.479114504181821,1.5765350891267582,66.40440368652344,-38.92669677734375,-348.0458679199219,-1.315748929977417,4.9079132080078125,5.385066032409668,0.11857261164820565,0.9278741354134895,0.35353942438940744,-0.5415985560487254,0.3588594208846435,-0.7601913707273151,-0.8322328639586758,-0.10133856557603355,0.5450861906837601,-1.0887293815612793,-2.0649869441986084,-0.019479263573884964
0.68,2.9626406955881333,1.1264524753187237,2.479114504181821,1.5765350891267582,66.39111328125,-38.87733459472656,-347.9917297363281,-1.3424896001815796,4.964171409606934,5.439896106719971,0.12555507386172832,0.9243074849085631,0.36040476796177734,-0.5568727813305678,0.36631203718748245,-0.7454583803437412,-0.821053365403695,-0.10710352353477004,0.5607140148112078,-0.8624244928359985,-1.9908884763717651,-0.02750258892774582
0.69,1.8220342068151005,1.2939944130284629,1.9437714423402057,1.202672505408258,66.37754821777344,-38.82741165161133,-347.9370422363281,-1.3702239990234375,5.020465850830078,5.492761135101318,0.1324633062006117,0.9219384319295661,0.36398214275106394,-0.5716221028011962,0.3710549587157966,-0.7318240151850426,-0.8097540639598804,-0.11112040921303096,0.5761515517264418,-0.4574037790298462,-1.9763374328613281,-0.03238820657134056
0.7,1.8220342068151005,1.2939944130284629,1.9437714423402057,1.202672505408258,66.36372375488281,-38.77695083618164,-347.8818359375,-1.3950742483139038,5.0696330070495605,5.549397945404053,0.1393429749086716,0.9209617154339445,0.36388604541609937,-0.5860730686609412,0.3728998630311478,-0.7193497413231611,-0.7981866282605522,-0.11302747832415533,0.5917118349414126,-0.13979995250701904,-1.9745718240737915,-0.03428128361701965
0.71,1.1778390691196499,2.911305422069672,2.345818137486301,2.942528263564543,66.34966278076172,-38.726036071777344,-347.8260192871094,-1.4169615507125854,5.11223840713501,5.609753131866455,0.1461976721386521,0.9209054204242655,0.3613301084803844,-0.6002984254976695,0.3729050431174913,-0.7075193489669106,-0.7863002232012009,-0.11346821339365987,0.6073359231454968,0.0769701898097992,-1.9780669212341309,-0.033809591084718704
0.72,1.1778390691196499,2.911305422069672,2.345818137486301,2.942528263564543,66.33537292480469,-38.6746711730957,-347.7696838378906,-1.4434140920639038,5.163427829742432,5.661053657531738,0.15310857827627977,0.9212658287913988,0.35752907009013024,-0.6145031543848671,0.37209767375508873,-0.6956501954553739,-0.7739144891454511,-0.11319272895088484,0.6230921036278562,0.005084589123725891,-2.0626094341278076,-0.031139813363552094
0.73,2.490154654974112,1.9795412606332348,1.8371748246458943,3.082247888924673,66.32078552246094,-38.62274169921875,-347.71282958984375,-1.4743189811706543,5.222832679748535,5.702961444854736,0.1604669768840395,0.9207675896525633,0.3555803638772894,-0.6293546160382189,0.37296540715206067,-0.6817694422158298,-0.7603703811966134,-0.1143846620544296,0.6393379642142414,-0.3238131105899811,-2.221749782562256,-0.02703608013689518
0.74,2.490154654974112,1.9795412606332348,1.8371748246458943,3.082247888924673,66.3058853149414,-38.57021713256836,-347.6556091308594,-1.5057909488677979,5.282238006591797,5.742240905761719,0.1683609262255536,0.9191602043849317,0.3560886367121595,-0.6448760014665459,0.37591925714932023,-0.6654469586952989,-0.7455129383538514,-0.11759774989069266,0.6560344716306095,-0.5665614008903503,-2.3397011756896973,-0.028638672083616257
0.75,2.7889811295468325,2.3287945511944708,3.0110134222389275,2.875728949582739,66.2906723022461,-38.5171012878418,-347.5980224609375,-1.5374488830566406,5.340332984924316,5.779831886291504,0.17654918610954962,0.9169432253636223,0.3578344677973504,-0.6606006493277305,0.3798883945429975,-0.6475272888452845,-0.7296829222284404,-0.12206526594941441,0.6728022769409022,-0.7011513710021973,-2.4111504554748535,-0.03560835123062134
0.76,2.7889811295468325,2.3287945511944708,3.0110134222389275,2.875728949582739,66.27513122558594,-38.46339797973633,-347.5400695800781,-1.5719571113586426,5.401546478271484,5.810830593109131,0.18499492587735866,0.9144020961503551,0.3600634443476144,-0.6763857733917499,0.38427074278048334,-0.6283615852327227,-0.7129369978847185,-0.12729808639085127,0.6895767065732081,-0.7193948030471802,-2.498004913330078,-0.040693268179893494
0.77,2.670939151226752,2.044396230045604,2.0875585136473367,2.2090001431643054,66.25922393798828,-38.409061431884766,-347.4818115234375,-1.6091398000717163,5.46516227722168,5.835392951965332,0.19381500575751454,0.9120177283282015,0.3614684035407262,-0.6923197026960922,0.3882066373751696,-0.608267240574945,-0.6950749404215412,-0.13236037893920616,0.7066481141877198,-0.6414494514465332,-2.604358673095703,-0.04330945760011673
0.78,2.670939151226752,2.044396230045604,2.0875585136473367,2.2090001431643054,66.24295806884766,-38.35411834716797,-347.42333984375,-1.643447995185852,5.521718502044678,5.864006519317627,0.2029250457243263,0.9099417582266269,0.3617007360418487,-0.7082270777094075,0.39147363755974646,-0.5875055723096874,-0.6761921562817577,-0.13694666016802054,0.723885198116284,-0.5571547150611877,-2.6318485736846924,-0.04631045088171959
0.79,2.0981881467042864,2.8202567088941914,2.438076435824738,2.2436131102253425,66.22637176513672,-38.298648834228516,-347.3645324707031,-1.6747008562088013,5.57133150100708,5.8970184326171875,0.21192050705449067,0.9081720500642319,0.36098923276449424,-0.7234787127054816,0.39411599947359927,-0.5667902003571914,-0.6570146504848936,-0.14105355876778333,0.7405644081423011,-0.47754067182540894,-2.583919048309326,-0.04990086704492569
0.8,2.0981881467042864,2.8202567088941914,2.438076435824738,2.2436131102253425,66.20946502685547,-38.24269485473633,-347.305419921875,-1.7064021825790405,5.619922161102295,5.927361965179443,0.22068202191424913,0.9066080731298488,0.3596682456648368,-0.7379223265853304,0.3963302956626319,-0.5462535461366486,-0.6377852970480988,-0.14485889160059628,0.7564693096177233,-0.47742360830307007,-2.538052558898926,-0.05030592158436775
0.81,2.0981881467042864,2.8202567088941914,2.438076435824738,2.2436131102253425,66.1922378540039,-38.186256408691406,-347.2460021972656,-1.7388076782226562,5.667873859405518,5.954439640045166,0.229285859493925,0.9048798235095787,0.3586370026104468,-0.751622425569493,0.3987068829449011,-0.5254489041509106,-0.6184591530708912,-0.14908161019265406,0.7715458181373298,-0.5505529642105103,-2.5023629665374756,-0.04780689999461174
0.82,1.2049711535410135,2.350024268666437,2.6069372570775813,2.5148252104802102,66.1746826171875,-38.12934494018555,-347.18634033203125,-1.7712161540985107,5.71398401260376,5.9798102378845215,0.23777173045423133,0.9028673310956075,0.35818317469849886,-0.7646046830661473,0.4014005251995258,-0.5042393251253434,-0.59903612815098,-0.1539746758718455,0.7857782870250636,-0.6337626576423645,-2.4680824279785156,-0.044993508607149124
0.83,1.2049711535410135,2.350024268666437,2.6069372570775813,2.5148252104802102,66.15681457519531,-38.07199478149414,-347.12640380859375,-1.8020542860031128,5.755942344665527,6.00710916519165,0.24630910913643494,0.9005027017085238,0.358366721351279,-0.7770757008554566,0.40446499661101804,-0.4822462251344741,-0.5792108233591776,-0.15969643306003634,0.7993821810445143,-0.7583726644515991,-2.557859182357788,-0.041637081652879715
0.84,2.934562031373334,2.6208266471589576,1.9268027163142283,1.2742105997847202,66.1386489868164,-38.014259338378906,-347.0661926269531,-1.8314656019210815,5.793900489807129,6.03623104095459,0.2554845182744307,0.897594624470339,0.35923745774074517,-0.7897321511798265,0.40809345439803096,-0.45802059109866045,-0.5577192755454721,-0.1666842002093594,0.8131208932782384,-0.9203833341598511,-2.7627177238464355,-0.03796681389212608
0.85,2.934562031373334,2.6208266471589576,1.9268027163142283,1.2742105997847202,66.12018585205078,-37.95614242553711,-347.0057067871094,-1.8608404397964478,5.829519271850586,6.064173698425293,0.265168300600986,0.8942636674529457,0.3605249858608869,-0.8022652838121999,0.41203755055924,-0.4319669794311509,-0.5348422073341966,-0.17469273025157436,0.8266959920376626,-0.9334455728530884,-2.7141568660736084,-0.03617619350552559
0.86,2.9559679362401674,1.50654009851819,1.1103632272673047,1.5518381215915693,66.10143280029297,-37.897674560546875,-346.9449462890625,-1.890343427658081,5.862918853759766,6.090603828430176,0.27413272546321177,0.8912115286119981,0.3613768948053778,-0.8132120166118286,0.41540962375011303,-0.40757951436978845,-0.5133590019355212,-0.18214515026443956,0.8386212967525393,-0.8039641380310059,-2.41756534576416,-0.03577869385480881
0.87,2.9559679362401674,1.50654009851819,1.1103632272673047,1.5518381215915693,66.0823974609375,-37.838897705078125,-346.8838806152344,-1.9171327352523804,5.891189098358154,6.1221842765808105,0.28199445108221327,0.888680036062087,0.3615617831899954,-0.8223565540912363,0.417999312768446,-0.38601330607673984,-0.4941748956614745,-0.18847909175766658,0.8486853389025736,-0.65145343542099,-2.124669313430786,-0.0395641103386879
0.88,2.6451686725280603,1.0712206507544173,1.1551238410758755,1.1732346513707166,66.0631103515625,-37.77986526489258,-346.82244873046875,-1.9413312673568726,5.915012359619141,6.158745288848877,0.28881101450909025,0.8867347702500876,0.36095656958663913,-0.8300419457964721,0.4197990872941431,-0.3671499619030496,-0.47709387558072514,-0.19357214039352,0.857269654395182,-0.49334076046943665,-1.862491488456726,-0.0470791719853878
0.89,2.6451686725280603,1.0712206507544173,1.1551238410758755,1.1732346513707166,66.0435791015625,-37.72060775756836,-346.7606506347656,-1.9632627964019775,5.9352569580078125,6.1996378898620605,0.294640480763008,0.8854421565968846,0.3594150447836061,-0.8365129746626234,0.4208129719811001,-0.35094513222656765,-0.4619881278959803,-0.1972527057697611,0.86467238868237,-0.2926604151725769,-1.6329563856124878,-0.05433987081050873
0.9,2.3803585992212923,1.163728598595676,2.0420581732549064,1.331694940477606,66.02384185791016,-37.66116714477539,-346.69842529296875,-1.9832993745803833,5.952681541442871,6.243976593017578,0.29961234878445564,0.8849904813084839,0.35640466951099253,-0.8420235913800784,0.42092969110234346,-0.3373639973498662,-0.448585233835507,-0.19902272016496958,0.8712985968328422,-0.05303269997239113,-1.4304050207138062,-0.06091373786330223
0.91,2.3803585992212923,1.163728598595676,2.0420581732549064,1.331694940477606,66.00390625,-37.60155487060547,-346.6357727050781,-2.0042524337768555,5.970287322998047,6.2847981452941895,0.3038652824354877,0.8854599835879563,0.3516056137134578,-0.8467980833834104,0.42013548226963415,-0.3262195311691875,-0.43657633480135394,-0.19861216982470625,0.8774704039960197,0.2203449308872223,-1.3153767585754395,-0.0651409924030304
0.92,3.1012656548867006,2.2894903881818385,2.326181983333967,2.7842340734424456,65.98375701904297,-37.5417594909668,-346.57275390625,-2.026073932647705,5.988247394561768,6.3218464851379395,0.3077879192448499,0.8869486888439404,0.3443669846616262,-0.8512380811668472,0.4183867438298628,-0.31677478081253396,-0.42504155789558973,-0.19563884058504244,0.8837788853079883,0.5207722187042236,-1.2787506580352783,-0.06722693145275116
0.93,3.1012656548867006,2.2894903881818385,2.326181983333967,2.7842340734424456,65.96336364746094,-37.481773376464844,-346.5093688964844,-2.0530831813812256,6.010764122009277,6.343228340148926,0.31147046599106526,0.8893083727854955,0.33483841910527984,-0.8554732401373591,0.4158254486840098,-0.30863365279183386,-0.41370482741224684,-0.19031503965886762,0.8902968614206426,0.7048618197441101,-1.245597004890442,-0.07033418864011765
0.94,2.3924547540468186,1.7588195843572882,3.08736658125376,2.785817285423417,65.94267272949219,-37.42153549194336,-346.4458923339844,-2.084336519241333,6.037209987640381,6.3502197265625,0.3148679820491324,0.8919882709028824,0.32436873840121067,-0.8595130098924277,0.4129351155264473,-0.3012008900896855,-0.4026109036103796,-0.1839606342042923,0.8966955700555166,0.7778990864753723,-1.2069995403289795,-0.0747007504105568
0.95,2.3924547540468186,1.7588195843572882,3.08736658125376,2.785817285423417,65.92167663574219,-37.36103439331055,-346.3824157714844,-2.114473342895508,6.062784194946289,6.356508731842041,0.3181180380165734,0.8948498264695169,0.3131209062901448,-0.8634976994830613,0.40983163154850144,-0.2939553652678487,-0.39137275949655326,-0.176866678178138,0.9030756010845848,0.8798636198043823,-1.3052629232406616,-0.077401302754879
0.96,2.3924547540468186,1.7588195843572882,3.08736658125376,2.785817285423417,65.900390625,-37.30028533935547,-346.31890869140625,-2.1428494453430176,6.08695125579834,6.363579750061035,0.32175797334398026,0.8980099440156611,0.30008323351790833,-0.8679160933800655,0.406406001177951,-0.2855797910539764,-0.378409119130948,-0.16855949292619615,0.9101616537203727,1.0208200216293335,-1.5313128232955933,-0.07828562706708908
0.97,2.3391571225052505,1.2965863783748826,1.6713130370153553,1.1298916908654917,65.87882995605469,-37.23929977416992,-346.255126953125,-2.1697580814361572,6.1100053787231445,6.369976043701172,0.3258855275041593,0.9014636297522323,0.28488935957186295,-0.8728718098146964,0.40265294978277605,-0.2756182244737201,-0.3631713460532818,-0.15885190041406375,0.9180809589250221,1.1670184135437012,-1.7751837968826294,-0.07869744300842285
0.98,2.3391571225052505,1.2965863783748826,1.6713130370153553,1.1298916908654917,65.85700988769531,-37.1781005859375,-346.19134521484375,-2.1904704570770264,6.127351760864258,6.390594482421875,0.33025497621974514,0.9051938161017387,0.2674991700422023,-0.8781552052569449,0.39856867704950955,-0.26454951361727447,-0.34608537409464196,-0.1475369952458545,0.9265299503370608,1.3633232116699219,-1.845950722694397,-0.0791347548365593
0.99,2.2440943395438193,2.456072518880949,2.314172313012268,1.5156148726399368,65.83502960205078,-37.11676788330078,-346.1272888183594,-2.2055892944335938,6.13951301574707,6.42445707321167,0.33418964784023064,0.9092799567527318,0.24804684945423744,-0.8831509382670392,0.3940232905797434,-0.2545389296723781,-0.32918338280428344,-0.13399853256085148,0.934709951673281,1.6057415008544922,-1.7540806531906128,-0.07967345416545868
1.0,2.2440943395438193,2.456072518880949,2.314172313012268,1.5156148726399368,65.81289672851562,-37.05530548095703,-346.0628967285156,-2.2210848331451416,6.152639389038086,6.450435161590576,0.3375023037504921,0.9135908834146478,0.2268124615288016,-0.8877065348520794,0.38906019584420676,-0.24618950422506114,-0.31316018735468987,-0.11825337944985344,0.9423093097835045,1.77851402759552,-1.6373306512832642,-0.07723348587751389
1.01,1.183735739692842,2.7282208224024274,1.8938995145946986,2.480125488935958,65.79061126708984,-36.993709564208984,-345.9982604980469,-2.2368643283843994,6.167046546936035,6.467426776885986,0.340222487415269,0.917795406224211,0.20469550891678748,-0.8918205515453573,0.3839519087853454,-0.23924262910573543,-0.29816901733463497,-0.10115593929090508,0.9491378788394618,1.881589412689209,-1.5152653455734253,-0.07210266590118408
1.02,1.183735739692842,2.7282208224024274,1.8938995145946986,2.480125488935958,65.76817321777344,-36.931968688964844,-345.9335632324219,-2.2507824897766113,6.180683612823486,6.483541965484619,0.3424573723778751,0.9216321924278998,0.18252958660059404,-0.8955918664483042,0.3789401194102239,-0.2330656445146041,-0.28396858427594407,-0.08365696493363617,0.9551771329771291,1.7677185535430908,-1.483945608139038,-0.06676232814788818
1.03,3.0545447259457226,1.7663143091227451,2.1105000909863647,1.1351732223886366,65.74560546875,-36.87010192871094,-345.86859130859375,-2.2627041339874268,6.193336009979248,6.499752521514893,0.34446247156625687,0.9246461366834977,0.16240421053269552,-0.8992951198681747,0.3746473569664701,-0.2256272264141094,-0.26946965147071966,-0.06832920191485312,0.9605817128708667,1.4599395990371704,-1.5373197793960571,-0.0616300031542778
1.04,3.0545447259457226,1.7663143091227451,2.1105000909863647,1.1351732223886366,65.7229232788086,-36.808109283447266,-345.8035888671875,-2.272806167602539,6.204838275909424,6.516347885131836,0.3462422831387275,0.9270074891432507,0.14412979025589198,-0.9028890138628283,0.3709958518641976,-0.21714858172543489,-0.25476991583130615,-0.054947183475447456,0.965439328500463,1.4607218503952026,-1.4623039960861206,-0.05910832807421684
1.05,2.453144686802661,2.5377477047719625,1.7530924504866485,2.8178938870983203,65.70014953613281,-36.74600601196289,-345.73828125,-2.281219244003296,6.215240001678467,6.533211708068848,0.34753331009836125,0.9293682840378793,0.12447968105905546,-0.9060222050614796,0.36703010013206133,-0.2107431363830945,-0.24154577683662945,-0.039541095350747915,0.969583487622831,1.7695319652557373,-1.2589480876922607,-0.05883403867483139
1.06,2.453144686802661,2.5377477047719625,1.7530924504866485,2.8178938870983203,65.67729949951172,-36.683799743652344,-345.6729736328125,-2.2887439727783203,6.226380825042725,6.542965888977051,0.34832242498480187,0.9316865245947769,0.1031101747705497,-0.9086918435855525,0.3626178929736789,-0.20685114719628508,-0.23011002075919398,-0.02164448160238111,0.9729238895013151,1.8606617450714111,-1.1173118352890015,-0.060150906443595886
1.07,1.6232419074695361,2.552361095405674,2.656702650405882,2.9330988710420938,65.65438079833984,-36.62147521972656,-345.607666015625,-2.2950472831726074,6.238327980041504,6.546051502227783,0.3487525892858357,0.9335668536804713,0.08261090228033605,-0.9111299363397796,0.35837748708058564,-0.20348910501369458,-0.21957657109057646,-0.004301913870671026,0.9755857845239213,1.7156156301498413,-1.0469961166381836,-0.06282433867454529
1.08,1.6232419074695361,2.552361095405674,2.656702650405882,2.9330988710420938,65.63141632080078,-36.55903625488281,-345.54205322265625,-2.2996134757995605,6.250151634216309,6.5469512939453125,0.34893399124315677,0.9349781963940452,0.06372473634985826,-0.9134904236551183,0.3545205223613808,-0.19962576265353688,-0.20923746233768264,0.011444277712114967,0.9777978895774602,1.5335052013397217,-1.1125274896621704,-0.06265629827976227
1.09,1.4894339767238982,1.8692867862519642,2.1612140939420588,3.11796188023421,65.60839080810547,-36.49647521972656,-345.4764404296875,-2.30246639251709,6.261574745178223,6.546497344970703,0.34901673255823423,0.9359831018070923,0.046075519812028023,-0.9160708056686346,0.3511274458357972,-0.1937105980127275,-0.19748822596801352,0.02539980142449809,0.9799761480217788,1.3429194688796997,-1.2963165044784546,-0.05960260331630707
1.1,1.4894339767238982,1.8692867862519642,2.1612140939420588,3.11796188023421,65.5853500366211,-36.433807373046875,-345.41082763671875,-2.303433895111084,6.2711944580078125,6.550570964813232,0.3489949856407862,0.9366596010206925,0.02951765257172599,-0.9189440832475753,0.3482288588627029,-0.18514435913484828,-0.18369614002983664,0.03748938077559376,0.9822679239734959,1.1410871744155884,-1.5311554670333862,-0.0584954172372818
1.11,1.4894339767238982,1.8692867862519642,2.1612140939420588,3.11796188023421,65.56230926513672,-36.37105941772461,-345.34521484375,-2.302741289138794,6.278825759887695,6.558868885040283,0.34880011067568295,0.9370924802011233,0.01400593956644694,-0.9221353433472079,0.3458246797982756,-0.1734119355533165,-0.1673466203499752,0.047570730422475394,0.9847497825663705,0.9296519756317139,-1.8004070520401,-0.05953779071569443
1.12,1.6343301486942288,2.3533091227613947,2.471400485085403,2.305396716465836,65.53926849365234,-36.30824279785156,-345.27960205078125,-2.3006579875946045,6.284953594207764,6.56726598739624,0.3483620604674121,0.9373599418071829,-0.00046294938615568104,-0.9255584785293999,0.3438979358981678,-0.15835312597900397,-0.14827466961434038,0.055592707976987885,0.9873824351134386,0.7167261838912964,-2.0743327140808105,-0.06094249710440636
1.13,1.6343301486942288,2.3533091227613947,2.471400485085403,2.305396716465836,65.51629638671875,-36.24536895751953,-345.2139892578125,-2.2972662448883057,6.289446830749512,6.574553966522217,0.3476309290570286,0.937527279869493,-0.013976289330734262,-0.9290314161097933,0.3423899243398289,-0.14024894862920728,-0.12670187466639532,0.06173928418013505,0.9900176239567381,0.5632749795913696,-2.2710649967193604,-0.0596960112452507
1.14,2.9380037597727457,2.433675543241764,2.8803454130293935,2.7269067926982755,65.49333190917969,-36.182464599609375,-345.1481628417969,-2.2926108837127686,6.292032241821289,6.580658435821533,0.3466087561220085,0.9376242468765122,-0.026891296897086574,-0.9322720077475702,0.3411808794539669,-0.12026849573072666,-0.10359186140748788,0.06675611705507516,0.992377119388522,0.46533313393592834,-2.395596981048584,-0.055945392698049545
1.15,2.9380037597727457,2.433675543241764,2.8803454130293935,2.7269067926982755,65.47044372558594,-36.119529724121094,-345.0822448730469,-2.28639554977417,6.29359769821167,6.575915813446045,0.3452836631273498,0.9376640858161293,-0.03956329293627644,-0.93513463113145,0.3401742853055112,-0.09901857035693842,-0.07938774235362833,0.07118650003678728,0.9942987823468892,0.46753233671188354,-2.472036838531494,-0.054261256009340286
1.16,2.428145709748604,2.3109570860304163,1.719975313186087,2.531761874685473,65.44761657714844,-36.05658721923828,-345.0166320800781,-2.2784323692321777,6.293623447418213,6.561153411865234,0.3436218172653263,0.9376152343581543,-0.05293126674072774,-0.9375181583940961,0.3392163242693767,-0.07740793260716507,-0.054623707129935715,0.07622307818945971,0.9955934375892131,0.5566047430038452,-2.5118186473846436,-0.05464610084891319
1.17,2.428145709748604,2.3109570860304163,1.719975313186087,2.531761874685473,65.42487335205078,-35.99365997314453,-344.9510192871094,-2.269386053085327,6.290456771850586,6.553639888763428,0.3415978625673199,0.9374617747798684,-0.06690531455735231,-0.9393786301639666,0.3383164453220658,-0.05576532987360142,-0.029642696920293102,0.08189874022975865,0.9961997324171847,0.5544554591178894,-2.496882438659668,-0.05634452775120735
1.18,1.5800171892025587,3.083978308736153,1.0855682725105205,1.8353204950737938,65.40223693847656,-35.930782318115234,-344.8854064941406,-2.259441375732422,6.2843337059021,6.553893089294434,0.3392414471753676,0.9372852136359501,-0.08007289689885297,-0.9406854446154717,0.3375426445172112,-0.03429077749075661,-0.005112221332773802,0.0869562616016791,0.9961990131300602,0.45801377296447754,-2.4350967407226562,-0.05920315161347389
1.19,1.5800171892025587,3.083978308736153,1.0855682725105205,1.8353204950737938,65.37969207763672,-35.86798095703125,-344.8197937011719,-2.248882293701172,6.275695323944092,6.561260223388672,0.3366427226197963,0.9371764924654494,-0.09149808346238034,-0.9414514692805606,0.33689031665498276,-0.013192631791248806,0.018460993922454615,0.0905822085967398,0.9957178592297782,0.22947639226913452,-2.2804646492004395,-0.05917948856949806
1.2,2.0701778850691213,1.5771465315632613,2.8271884731200747,1.1912486893190806,65.35725402832031,-35.80527877807617,-344.7541809082031,-2.2379150390625,6.264889717102051,6.574306488037109,0.3340288432230498,0.9373135342080035,-0.09933816228204069,-0.9417156416158234,0.33633749825843307,0.006981232080129018,0.03995475229768382,0.0912163683543716,0.995029241737684,-0.11123112589120865,-2.0446298122406006,-0.05655582994222641
1.21,2.0701778850691213,1.5771465315632613,2.8271884731200747,1.1912486893190806,65.33493041992188,-35.7426872253418,-344.6883239746094,-2.226367950439453,6.2522196769714355,6.587409019470215,0.33150841070505277,0.9376761768941521,-0.10423800130939201,-0.9415741550360776,0.3357908888634663,0.02612641430391465,0.05950028739347929,0.0894866819222278,0.9942091578529355,-0.13278046250343323,-1.9426937103271484,-0.05305005609989166
1.22,1.6706023937263939,2.1555220105861306,2.1849164210760197,2.314921856803148,65.31272888183594,-35.68023681640625,-344.6224060058594,-2.214296340942383,6.237782001495361,6.59990119934082,0.3289341994627381,0.937839574898019,-0.11072138085713437,-0.9410527343940599,0.33531726935375045,0.04452055662957741,0.07887993099179699,0.08955032455690687,0.9928538139416507,0.1544199436903,-1.9742660522460938,-0.04862453043460846
1.23,1.6706023937263939,2.1555220105861306,2.1849164210760197,2.314921856803148,65.2906494140625,-35.61793899536133,-344.556396484375,-2.2012200355529785,6.221479892730713,6.609017372131348,0.3261866423795199,0.9377065917126325,-0.11961865319361176,-0.9401350728908192,0.33501147344305016,0.06255683321660854,0.09873357612154668,0.09205248785445666,0.9908471226309616,0.27503618597984314,-2.045259475708008,-0.04533930495381355
1.24,2.3211943275394504,3.125299825892053,1.8581310242347127,3.081962903064127,65.26870727539062,-35.555816650390625,-344.49017333984375,-2.1869983673095703,6.203242778778076,6.615065097808838,0.32317301690365413,0.9375458126783324,-0.1287130540182915,-0.9387790578465619,0.3347704727270944,0.08137942699969829,0.11938627096158065,0.09453348464646212,0.9883371583556316,0.20688799023628235,-2.138070583343506,-0.04342568293213844
1.25,2.3211943275394504,3.125299825892053,1.8581310242347127,3.081962903064127,65.24691009521484,-35.4938850402832,-344.4239501953125,-2.170656204223633,6.182243824005127,6.611152172088623,0.31989963760406986,0.9375206248329425,-0.13681849244029207,-0.9369535927740621,0.33447641227549135,0.1012101507710217,0.14064916227465488,0.09581548749635939,0.985412200811048,0.004670247435569763,-2.152758836746216,-0.04331372678279877
1.26,1.2735235762167005,2.5933620849913717,1.5066938496693187,1.6520314054688399,65.22530364990234,-35.43217849731445,-344.3579406738281,-2.152350902557373,6.1582207679748535,6.598405361175537,0.3165174175456638,0.9378657147566142,-0.14221330976490573,-0.9347359080479495,0.33389690266036515,0.12157977051956412,0.16151008202585723,0.09444977224895662,0.9823409458666177,-0.3012990951538086,-2.0924158096313477,-0.04490809515118599
1.27,1.2735235762167005,2.5933620849913717,1.5066938496693187,1.6520314054688399,65.20386505126953,-35.37071990966797,-344.2920227050781,-2.1355714797973633,6.133765697479248,6.599559307098389,0.3131486849890903,0.938649113894145,-0.14448440080278654,-0.9321798182243738,0.3328835725997201,0.14222979149397805,0.1816003512793329,0.09014637030398738,0.9792318133803862,-0.5786762237548828,-2.007681131362915,-0.043963298201560974
1.28,1.2735235762167005,2.5933620849913717,1.5066938496693187,1.6520314054688399,65.18258666992188,-35.30950164794922,-344.2259521484375,-2.1206183433532715,6.109320640563965,6.614433765411377,0.30992206868226774,0.9397910812739237,-0.1440174812364559,-0.9293348573456365,0.3314192422778048,0.16278208983291434,0.20071132072224773,0.08339070335472007,0.9760947476182503,-0.8180042505264282,-1.9085681438446045,-0.04044737666845322
1.29,1.1523003618638055,1.449530003687351,1.6398650869713642,2.829508289511252,65.16145324707031,-35.24853515625,-344.15972900390625,-2.105937957763672,6.083460330963135,6.631001949310303,0.30690759375098753,0.9412438821692537,-0.14095276931274128,-0.9262502743609391,0.3294399085031272,0.18311137575731432,0.21878792961281937,0.07435926952575053,0.972935013704067,-1.0519545078277588,-1.807413101196289,-0.03673778101801872
1.3,1.1523003618638055,1.449530003687351,1.6398650869713642,2.829508289511252,65.14046478271484,-35.187835693359375,-344.09332275390625,-2.091435432434082,6.055946350097656,6.647410869598389,0.3040529316002717,0.9429715667356554,-0.13548593695798794,-0.9228573666415617,0.3268404610707818,0.20373903367406332,0.2364024018927956,0.06308674452800793,0.9696050572496901,-1.2867846488952637,-1.8829209804534912,-0.037143733352422714
1.31,2.504665939800396,2.2504736616949685,2.0128201538759134,1.2489579061753984,65.11962127685547,-35.12742233276367,-344.02679443359375,-2.0772292613983154,6.026681423187256,6.6634745597839355,0.30104535193309445,0.9449436035387232,-0.12827034813522276,-0.9186837156908646,0.3234539417297696,0.2267107807403549,0.255718451825256,0.04958965326282043,0.9654786065394547,-1.5231742858886719,-2.122681140899658,-0.04158366844058037
1.32,2.504665939800396,2.2504736616949685,2.0128201538759134,1.2489579061753984,65.09892272949219,-35.06731414794922,-343.9600524902344,-2.062903881072998,5.9944748878479,6.675179481506348,0.297935765459443,0.9470304989197177,-0.11986456430474762,-0.913617772890602,0.3192834523157999,0.2517153990834119,0.27665293188128837,0.03451537618476039,0.9603498550467493,-1.5686941146850586,-2.15415096282959,-0.04418781027197838
1.33,2.319145388616363,1.3684374425478745,2.8555115585315196,1.7892758368826631,65.07836151123047,-35.007545471191406,-343.8932189941406,-2.0486197471618652,5.959196090698242,6.682972431182861,0.2951199635732904,0.9489069191780952,-0.11171331987026464,-0.9083037205287832,0.3149083516269814,0.27534901733826456,0.2964600451562912,0.020208632103973445,0.9548314263860487,-1.4365874528884888,-1.9741824865341187,-0.044216565787792206
1.34,2.319145388616363,1.3684374425478745,2.8555115585315196,1.7892758368826631,65.05794525146484,-34.9481315612793,-343.8263854980469,-2.0346508026123047,5.921398639678955,6.688915252685547,0.2926176060018388,0.9504788121635297,-0.10471372539432491,-0.9029271440383628,0.3106951898904173,0.2969698158696988,0.3147975686317762,0.007650268437317087,0.9491280019978121,-1.2035237550735474,-1.9333573579788208,-0.044370945543050766
1.35,1.7899792575203253,3.0970859371968715,2.8142734227984354,2.5162237297077548,65.03766632080078,-34.88911437988281,-343.7595520019531,-2.020965099334717,5.881341934204102,6.69365119934082,0.2901611588250365,0.9516865441092396,-0.10049489375447973,-0.8969576555333968,0.30706362651912794,0.3180862987444658,0.33357677690352483,-0.002156624754965003,0.9427204691107127,-0.8963162899017334,-2.0451018810272217,-0.044924598187208176
1.36,1.7899792575203253,3.0970859371968715,2.8142734227984354,2.5162237297077548,65.01753234863281,-34.83051681518555,-343.6927185058594,-2.0066092014312744,5.836561679840088,6.6902899742126465,0.28765001692315717,0.9526262819427146,-0.09879592459260203,-0.8901914763945463,0.30398979495378586,0.339336617414704,0.3532939330339617,-0.009662893767133834,0.935462466037756,-0.8098958134651184,-2.142808675765991,-0.0425029918551445
1.37,1.3058888045706059,2.3289828803282013,1.4704239704466349,1.4586644584472181,64.9975357055664,-34.772396087646484,-343.6258850097656,-1.9915692806243896,5.787026882171631,6.679805755615234,0.2851369624583454,0.9535902006011199,-0.09676074595384246,-0.8826851936685101,0.3005926891817543,0.36126290162271846,0.3735823356616488,-0.017600128635813034,0.9274300372284638,-0.9366261959075928,-2.2106008529663086,-0.03752140700817108
1.38,1.3058888045706059,2.3289828803282013,1.4704239704466349,1.4586644584472181,64.9776840209961,-34.71476364135742,-343.5590515136719,-1.9782248735427856,5.741124629974365,6.684375762939453,0.28269028414762915,0.9546554258784682,-0.09337676953789498,-0.8745361739832526,0.2965020628155763,0.38376165407820806,0.39404655009689765,-0.02682432826574621,0.9186989560078016,-1.0930180549621582,-2.1952450275421143,-0.03345663473010063
1.39,1.6019413259193724,2.4708907757128014,1.7073867908510172,2.063144333023372,64.95796203613281,-34.657562255859375,-343.4921569824219,-1.9665800333023071,5.699291229248047,6.703539848327637,0.28042755749444065,0.9558115398266447,-0.0882308638284833,-0.8661314073279811,0.2915889602314827,0.4059461337556667,0.4137351450357498,-0.03741896050588542,0.9096279740404347,-1.2534793615341187,-2.105949878692627,-0.030508285388350487
1.4,1.6019413259193724,2.4708907757128014,1.7073867908510172,2.063144333023372,64.9383544921875,-34.600791931152344,-343.4250183105469,-1.9549554586410522,5.654368877410889,6.719624042510986,0.2783925832643258,0.9570294690961284,-0.08119214780382264,-0.8576073639885821,0.2857495302102584,0.42761760396079584,0.43244326658646315,-0.04941458556133968,0.9003060701327243,-1.4307184219360352,-2.0341134071350098,-0.02882295474410057
1.41,1.249407616424861,2.547734275316496,2.9429113961678093,2.723787005523767,64.91886138916016,-34.544490814208984,-343.3578186035156,-1.9434261322021484,5.60570764541626,6.731482028961182,0.2765755755634109,0.9582799203274343,-0.07214946499465075,-0.8488786720701836,0.27881172921073144,0.44907573944590184,0.45045638091399015,-0.0629572390735813,0.8905759007193615,-1.6231319904327393,-1.9866077899932861,-0.028244303539395332
1.42,1.249407616424861,2.547734275316496,2.9429113961678093,2.723787005523767,64.89948272705078,-34.48869323730469,-343.2903747558594,-1.9320546388626099,5.551746368408203,6.736669063568115,0.27496723684198604,0.9595010202685149,-0.06124386309796137,-0.8396883356944848,0.27068287918575534,0.4708017393917908,0.46831241448642924,-0.07802929590473351,0.8801107381565698,-1.8065204620361328,-2.091702938079834,-0.026072535663843155
1.43,1.249407616424861,2.547734275316496,2.9429113961678093,2.723787005523767,64.88021850585938,-34.433467864990234,-343.2229309082031,-1.921208143234253,5.492730140686035,6.736508369445801,0.27351463559384054,0.9606125016544721,-0.04912601938998776,-0.8290867982514126,0.26134314050199786,0.4942821500699519,0.4876523608895892,-0.09446366803004114,0.8679123171963399,-1.9798650741577148,-2.335918426513672,-0.022507041692733765
1.44,1.7975732467773795,1.2981432088035048,2.4249119799534897,3.065431494505332,64.86105346679688,-34.37884521484375,-343.1554870605469,-1.9114452600479126,5.431220054626465,6.736613750457764,0.27226498619320394,0.9615485326545788,-0.03600273104975901,-0.8166281969989736,0.25069580566017813,0.5198749858289013,0.5089107634540859,-0.11214291049469421,0.8534833346154795,-2.151794672012329,-2.599442720413208,-0.019176455214619637
1.45,1.7975732467773795,1.2981432088035048,2.4249119799534897,3.065431494505332,64.84198760986328,-34.32484436035156,-343.0880432128906,-1.9030333757400513,5.369604587554932,6.741384983062744,0.2712833003490699,0.9622442371323391,-0.022167522579640053,-0.8020258338717651,0.23872639326234835,0.5475073250306796,0.5321277410115131,-0.1307506683178067,0.8365072205190047,-2.251929759979248,-2.901677131652832,-0.021431218832731247
1.46,2.051767882273011,1.883659936849258,2.360945112220362,1.5368153082509206,64.82299041748047,-34.271453857421875,-343.0205993652344,-1.8959205150604248,5.307817459106445,6.750818729400635,0.2705753726289613,0.9626601317751239,-0.008627770129045587,-0.7848238625197089,0.22576335311621537,0.5771329250782422,0.5575306920218327,-0.14938667638187808,0.8166046463088685,-2.2857301235198975,-3.237656354904175,-0.028893407434225082
1.47,2.051767882273011,1.883659936849258,2.360945112220362,1.5368153082509206,64.80406951904297,-34.218685150146484,-342.95306396484375,-1.8899661302566528,5.246136665344238,6.765234470367432,0.2701973827023383,0.9627959690818122,0.00415888213583443,-0.7650276141854919,0.21206936800387777,0.6080783935382753,0.5845734546782464,-0.1674828500899406,0.7938660913600544,-2.2240681648254395,-3.4110107421875,-0.03391987085342407
1.48,2.5242793071189147,1.4239229124228054,3.0865957058265483,3.090475924908664,64.78520202636719,-34.166534423828125,-342.88531494140625,-1.8850247859954834,5.184329509735107,6.784165382385254,0.270204502710402,0.962675738937448,0.01565082669584028,-0.7437549060847503,0.19837980271511368,0.6383369749196558,0.6114067111096255,-0.1841219040091413,0.769597919743914,-2.0809082984924316,-3.429696798324585,-0.03573105111718178
1.49,2.5242793071189147,1.4239229124228054,3.0865957058265483,3.090475924908664,64.766357421875,-34.115028381347656,-342.8173522949219,-1.8811945915222168,5.1140313148498535,6.797464847564697,0.2705676154961925,0.9623631266247473,0.025502508851977468,-0.7210902288792979,0.18504064796797665,0.6676742022980919,0.6378260321274968,-0.1990406267891859,0.7440166541334016,-1.9185711145401,-3.5827081203460693,-0.040264904499053955
1.5,2.1023850838209723,1.1064584790800815,1.7190988486649363,1.686216728051345,64.74757385253906,-34.06427764892578,-342.7492980957031,-1.8785001039505005,5.035123348236084,6.806087970733643,0.27124491727971284,0.9619428631645595,0.03304728213773006,-0.6957298048251643,0.1722218592965739,0.6973518981535572,0.6651212171686149,-0.21214513708119753,0.7159666244210964,-1.7476301193237305,-3.87746000289917,-0.047800347208976746
1.51,2.1023850838209723,1.1064584790800815,1.7190988486649363,1.686216728051345,64.72880554199219,-34.0142936706543,-342.6811828613281,-1.8760334253311157,4.964412212371826,6.828181743621826,0.27217631164094414,0.9614883778992783,0.038211968624319026,-0.6674075063316355,0.16002387778899152,0.7272960738444569,0.693171894896006,-0.22345571754150345,0.6852592694916956,-1.58103609085083,-4.052163124084473,-0.055394262075424194
1.52,2.2201391508318205,1.2709870936228163,1.31150291523342,3.0957556944127673,64.71003723144531,-33.96495819091797,-342.61273193359375,-1.8734830617904663,4.902628421783447,6.863188743591309,0.27324101615993057,0.9610496632242407,0.04150773306821709,-0.637234833935233,0.14851421295508804,0.7562243681407437,0.7206046860154497,-0.23308168818443153,0.6529944970102511,-1.4194127321243286,-4.099747657775879,-0.06252884864807129
1.53,2.2201391508318205,1.2709870936228163,1.31150291523342,3.0957556944127673,64.69132995605469,-33.916255950927734,-342.5439147949219,-1.8714159727096558,4.836488723754883,6.898265838623047,0.27435381694262356,0.9606435204853032,0.04352022149088486,-0.6055085798158726,0.13741698328693425,0.783885152604438,0.7470537751048302,-0.2414137511698965,0.6193787676758873,-1.4011003971099854,-4.179122447967529,-0.07281264662742615
1.54,2.768857124733106,1.818486230161041,2.3307986082904337,1.9108484365237977,64.67263793945312,-33.86824417114258,-342.4747619628906,-1.8698766231536865,4.764917373657227,6.932994842529297,0.2754818634188041,0.9602127605109427,0.045838820657367274,-0.5718063437720149,0.12534529993098642,0.8107564745392364,0.7727530317956597,-0.24955963282783933,0.5835861046267725,-1.5156463384628296,-4.3018364906311035,-0.0864640474319458
1.55,2.768857124733106,1.818486230161041,2.3307986082904337,1.9108484365237977,64.65394592285156,-33.820980072021484,-342.4052734375,-1.868945837020874,4.687896728515625,6.968194961547852,0.2766448024173414,0.9597470748923875,0.04850984983460527,-0.5361876070046026,0.11226937763674322,0.8365993287946962,0.7974775880174615,-0.25745123631585876,0.5456632272100511,-1.4807661771774292,-4.343626022338867,-0.09657946228981018
1.56,2.078247371112293,2.0765040300143998,1.4389818637970424,1.782674440090726,64.63525390625,-33.774505615234375,-342.3354187011719,-1.86860990524292,4.606153964996338,7.0049285888671875,0.27782256496489116,0.9593377590254433,0.04985665957892904,-0.4995722866804009,0.09995592288290828,0.8604861090462421,0.8205133471048743,-0.263969463363978,0.5070285688539545,-1.2922744750976562,-4.30568790435791,-0.10253142565488815
1.57,2.078247371112293,2.0765040300143998,1.4389818637970424,1.782674440090726,64.61656188964844,-33.728843688964844,-342.26513671875,-1.8682600259780884,4.528529644012451,7.048623561859131,0.27894400573049977,0.9590157265235884,0.049790339900996405,-0.4624768566713682,0.08871702609663629,0.882181640210189,0.8416088157275883,-0.26910616039214447,0.46826966133693065,-1.2133269309997559,-4.216402530670166,-0.10717932879924774
1.58,2.97662129028737,1.6744268949742898,2.47976600953803,1.4172403933286712,64.59786987304688,-33.68392562866211,-342.19439697265625,-1.8678264617919922,4.455409049987793,7.0989089012146,0.27996546466478744,0.9587082242008956,0.04997878994728128,-0.42551873318894995,0.07725748418953471,0.9016457668297315,0.8605539764014227,-0.2736965874582081,0.4295777365197486,-1.2529959678649902,-4.088080883026123,-0.11133255064487457
1.59,2.97662129028737,1.6744268949742898,2.47976600953803,1.4172403933286712,64.57917785644531,-33.63975143432617,-342.1231384277344,-1.8678810596466064,4.377518177032471,7.150878429412842,0.2809018252527823,0.9584174402195749,0.050300843458266076,-0.3889511375892653,0.06577014474388587,0.9189076670854286,0.877388840331168,-0.27768741120786494,0.39125250736449263,-1.1024689674377441,-3.9666190147399902,-0.11512276530265808
1.6,2.97662129028737,1.6744268949742898,2.47976600953803,1.4172403933286712,64.56048583984375,-33.59639358520508,-342.0513610839844,-1.8683972358703613,4.294579982757568,7.204668045043945,0.2817213287331869,0.9582808471198752,0.04827950890411131,-0.35278291157824415,0.056657685324904006,0.9339882890015275,0.8922876835612965,-0.2801566075195062,0.3540267857492946,-0.7621944546699524,-3.856119394302368,-0.11809492856264114
1.61,2.636512987749433,2.105320316796628,1.9744388427310329,1.1251886322443951,64.54179382324219,-33.55386734008789,-341.9790344238281,-1.8689396381378174,4.210526466369629,7.262001037597656,0.2823264325236779,0.9583492390561978,0.04311057293587267,-0.3170858365977307,0.050810810964153796,0.9470347584530792,0.9053995569512776,-0.28104269691555955,0.31822420521207767,-0.3955709934234619,-3.747511625289917,-0.12026482820510864
1.62,2.636512987749433,2.105320316796628,1.9744388427310329,1.1251886322443951,64.52310180664062,-33.51217269897461,-341.9061279296875,-1.8690807819366455,4.129108428955078,7.323938846588135,0.2826120402556218,0.9585957690688969,0.034994088440262194,-0.282152320780441,0.048205706112411095,0.9581577520306429,0.9167990524541165,-0.2806605804551362,0.2840935338894923,-0.10044318437576294,-3.5784409046173096,-0.12064307928085327
1.63,2.304820162921184,2.9181844072332,2.426506507934911,2.086753231521685,64.50440979003906,-33.47127914428711,-341.8325500488281,-1.8686469793319702,4.0503363609313965,7.390059471130371,0.28250720177515776,0.9589378162826803,0.025058839721250004,-0.2488262080055033,0.04802642938137641,0.9673566975477443,0.9264314325166071,-0.2795205298075272,0.25217667271448224,0.12560895085334778,-3.352997064590454,-0.11953103542327881
1.64,2.304820162921184,2.9181844072332,2.426506507934911,2.086753231521685,64.4857177734375,-33.43119430541992,-341.7583312988281,-1.867793083190918,3.963390350341797,7.457235813140869,0.2820111333140193,0.9593086691241081,0.014021341957013878,-0.2172410470005025,0.049614480089048785,0.9748562616425148,0.9344924013522359,-0.27796633017116734,0.22239305543587828,0.21604721248149872,-3.1839945316314697,-0.11674237251281738
1.65,1.2835654257606661,2.179737733970396,1.417880142799945,1.379342629276937,64.46702575683594,-33.39203643798828,-341.6834411621094,-1.8663100004196167,3.8685379028320312,7.52579402923584,0.2811792311443413,0.9596497807654369,0.003246267075487641,-0.18671332658454304,0.05138863887874634,0.9810694886041066,0.9413162984081442,-0.27646248582952093,0.19362882089232236,0.18812446296215057,-3.0734777450561523,-0.11278250813484192
1.66,1.2835654257606661,2.179737733970396,1.417880142799945,1.379342629276937,64.44837951660156,-33.3537712097168,-341.6078186035156,-1.8640714883804321,3.7882821559906006,7.600308418273926,0.280061677765431,0.9599586853047608,-0.006691722884833662,-0.15703333146735027,0.0526880043653683,0.9861868519729212,0.947051207409334,-0.2751423208158833,0.16550140132510163,0.09939951449632645,-2.9740138053894043,-0.10879108309745789
1.67,2.956904669422048,1.200824984137566,3.075814741539304,2.519157744606095,64.42976379394531,-33.31622314453125,-341.53143310546875,-1.8613862991333008,3.722592830657959,7.6799492835998535,0.27871223895926145,0.9602544024738897,-0.01519770982183788,-0.1281707117053903,0.05287522776760745,0.9903415971014534,0.9517834609380693,-0.27407242257847997,0.13781346329990343,-0.03276117891073227,-2.878307580947876,-0.1049971878528595
1.68,2.956904669422048,1.200824984137566,3.075814741539304,2.519157744606095,64.41114807128906,-33.27936553955078,-341.4542236328125,-1.8580957651138306,3.6431448459625244,7.760159969329834,0.2771611211843539,0.9605480303217129,-0.023004224588321964,-0.09966258718421078,0.05255368522225268,0.9936324667025078,0.9556406655325953,-0.27310362797780346,0.11029654013512877,0.07125204056501389,-2.9276418685913086,-0.10540250688791275
1.69,2.3562955720080394,2.846434515942006,2.983288354424513,1.8818657183202543,64.3926010131836,-33.2433967590332,-341.376220703125,-1.8539683818817139,3.549325704574585,7.841558933258057,0.27528542658692723,0.9607772647055906,-0.03354074438197635,-0.06971141586913432,0.05474656898293734,0.9960638190809448,0.9588317122448413,-0.2718636805633295,0.08204807605413927,0.39911580085754395,-3.1115875244140625,-0.1092325821518898
1.7,2.3562955720080394,2.846434515942006,2.983288354424513,1.8818657183202543,64.37407684326172,-33.2083854675293,-341.2973937988281,-1.8488261699676514,3.4522500038146973,7.925929069519043,0.27295685205579057,0.9608594369388447,-0.04736770377968158,-0.0381573583940884,0.06001198813742653,0.9974680833391003,0.961269250999,-0.27045832160493744,0.05304454126921887,0.6278959512710571,-3.1925160884857178,-0.1076979711651802
1.71,2.8297095737812032,1.9736243869541537,1.434096183267241,2.3413976519289825,64.3556137084961,-33.174354553222656,-341.21771240234375,-1.8424155712127686,3.353834867477417,8.013571739196777,0.27020693457913025,0.9607645157369193,-0.0626079691904497,-0.0064918066925940265,0.06684338680838608,0.9977423605750386,0.9627803845899725,-0.26919046591732615,0.024298644159648886,0.7403242588043213,-3.1627798080444336,-0.10098692029714584
1.72,2.8297095737812032,1.9736243869541537,1.434096183267241,2.3413976519289825,64.33722686767578,-33.14128494262695,-341.1371154785156,-1.8351384401321411,3.2623777389526367,8.104607582092285,0.26705023664794203,0.9604866599819509,-0.07841904808778499,0.024604511931200057,0.07455217494527405,0.9969135324608431,0.9633684596762059,-0.2681554571655133,-0.0037231295235302664,0.7862091064453125,-3.0702786445617676,-0.09990756958723068
1.73,1.8479876619683537,2.9061417855178853,2.7767817805261537,2.396116690402174,64.31891632080078,-33.10908889770508,-341.05560302734375,-1.8271011114120483,3.1776254177093506,8.198589324951172,0.2634826834876176,0.9600801820484706,-0.09393039731598896,0.05442869086507446,0.08242028667023668,0.9951102521609905,0.9631274023268562,-0.26730682816376317,-0.030539589128707856,0.7829565405845642,-2.9316611289978027,-0.10474012047052383
1.74,1.8479876619683537,2.9061417855178853,2.7767817805261537,2.396116690402174,64.30069732666016,-33.07775115966797,-340.97314453125,-1.817370891571045,3.0880069732666016,8.295475006103516,0.2595363201268715,0.9595838723478365,-0.10881034171866749,0.08308671794442857,0.09006645449584316,0.9924639192815883,0.9621525325208187,-0.26662112764085166,-0.05635315837906174,0.7250799536705017,-2.8860833644866943,-0.10432347655296326
1.75,1.8479876619683537,2.9061417855178853,2.7767817805261537,2.396116690402174,64.28257751464844,-33.04734802246094,-340.8896789550781,-1.805838942527771,2.9932801723480225,8.39543342590332,0.25519386696396384,0.9590646586586655,-0.12276428949786744,0.1117907212784473,0.09685029075156407,0.9890009382287672,0.9604056043672503,-0.2661108823277902,-0.08249892973064421,0.621955156326294,-2.9318795204162598,-0.09843571484088898
1.76,1.5168641764168365,1.7870550287230722,2.3428982909552127,1.904451056659043,64.26458740234375,-33.01789474487305,-340.8052062988281,-1.7930331230163574,2.8983399868011475,8.498358726501465,0.25045174480675236,0.9585727633115637,-0.13569149185002843,0.14091578031733865,0.10257121017249321,0.9846938050487095,0.957818702250488,-0.26573935403131993,-0.10938889037835564,0.5126669406890869,-2.9902515411376953,-0.0919196680188179
1.77,1.5168641764168365,1.7870550287230722,2.3428982909552127,1.904451056659043,64.24671936035156,-32.98934555053711,-340.7196960449219,-1.7806555032730103,2.814652442932129,8.602913856506348,0.24529758497535187,0.9581146242710801,-0.14780210270204985,0.17060417071866069,0.1074177262780126,0.9794670229337281,0.9543182444754258,-0.2654765504505985,-0.13710904208764896,0.46723273396492004,-3.086282253265381,-0.086824931204319
1.78,1.5073779628280761,1.457180120350772,1.357921865789481,1.4566951655627127,64.22897338867188,-32.961570739746094,-340.6331787109375,-1.768858790397644,2.74150013923645,8.708711624145508,0.2396360631042606,0.95759273012509,-0.15997099884500077,0.2012693040289696,0.11219252132757013,0.9730896697703952,0.9497711432316657,-0.26538462911355504,-0.16584864821479817,0.48170506954193115,-3.216034412384033,-0.08300390094518661
1.79,1.5073779628280761,1.457180120350772,1.357921865789481,1.4566951655627127,64.21134185791016,-32.934486389160156,-340.5455322265625,-1.7578020095825195,2.678239345550537,8.81521987915039,0.2334403617288106,0.9569761064324468,-0.1723436370549145,0.23275627417665656,0.1170940648839422,0.9654602512793347,0.9441028092042323,-0.26549145313239214,-0.19540771214649555,0.48793691396713257,-3.2752912044525146,-0.08095453679561615
1.8,2.1395713828084935,1.9426461591518498,2.9632056835691225,2.9182292480582497,64.19381713867188,-32.90798568725586,-340.4568786621094,-1.7473548650741577,2.6230647563934326,8.922279357910156,0.22682974791004784,0.9562975798977644,-0.1845080056386258,0.2641110099642045,0.12194959267481076,0.9567516246456735,0.937439939344784,-0.2657503255466054,-0.22490692428896275,0.4799307882785797,-3.265362501144409,-0.08045776933431625
1.81,2.1395713828084935,1.9426461591518498,2.9632056835691225,2.9182292480582497,64.1764144897461,-32.8820915222168,-340.3670959472656,-1.7328009605407715,2.5511538982391357,9.035481452941895,0.21977302473376187,0.9555578754657117,-0.1964916390964987,0.29543204076900503,0.12676688958885246,0.9469160812823005,0.9297417527929109,-0.26615653728477734,-0.2544424704606971,0.49212488532066345,-3.3798115253448486,-0.08018089830875397
1.82,2.0923966779430447,1.711739459134338,2.3219126214133974,2.5972800989044855,64.15917205810547,-32.85701370239258,-340.2761535644531,-1.7138476371765137,2.4632954597473145,9.155580520629883,0.21192280663460328,0.9547012431788917,-0.2088881526099356,0.32822927039299615,0.13179622114428646,0.9353583816641449,0.9205184789483558,-0.2667869793763659,-0.28543026740316185,0.5245175957679749,-3.617441177368164,-0.07984520494937897
1.83,2.0923966779430447,1.711739459134338,2.3219126214133974,2.5972800989044855,64.14213562011719,-32.83280944824219,-340.1839904785156,-1.694446086883545,2.379591464996338,9.277560234069824,0.20312998750939398,0.9537076214841875,-0.221765598994541,0.362747888463897,0.1370731322945094,0.9217510107496257,0.9094790693520209,-0.26768027406954376,-0.3181117622544573,0.5491170883178711,-3.8251585960388184,-0.08035776764154434
1.84,1.2283126482565494,1.9336394474074636,2.0030803302887783,1.6105808737982152,64.12528991699219,-32.80940628051758,-340.0906066894531,-1.6749855279922485,2.301713705062866,9.400733947753906,0.19343171920437505,0.9525966595628574,-0.23482711554529911,0.3983683010142843,0.14247177382462714,0.9060929811063856,0.8965973827491537,-0.26881480214629133,-0.35192575267294357,0.564228892326355,-3.9915218353271484,-0.08167846500873566
1.85,1.2283126482565494,1.9336394474074636,2.0030803302887783,1.6105808737982152,64.108642578125,-32.786746978759766,-339.9960021972656,-1.656708836555481,2.2338411808013916,9.522953987121582,0.18286650687464634,0.9513973491538446,-0.2477961353340739,0.4346532540035352,0.14783913776732083,0.8883806268308385,0.8818369403963544,-0.2701604585561197,-0.3864931269571865,0.5459820032119751,-4.106543064117432,-0.07970254123210907
1.86,2.093600029007832,2.8860069351564297,1.1760536086255593,2.5389612977991227,64.0921630859375,-32.76470947265625,-339.9001770019531,-1.639519453048706,2.174715280532837,9.644044876098633,0.17160618683046203,0.9502070084960357,-0.26011143313303897,0.47094767557354,0.15278261361205991,0.8688301098890092,0.8653089641933616,-0.27159549698565116,-0.42127934022893765,0.49797794222831726,-4.1783857345581055,-0.07466892153024673
1.87,2.093600029007832,2.8860069351564297,1.1760536086255593,2.5389612977991227,64.07585906982422,-32.7432746887207,-339.8031005859375,-1.6194148063659668,2.110244035720825,9.770242691040039,0.15982435738499184,0.9492007041892004,-0.27106124391583647,0.5066458342351366,0.15679013329456387,0.847777596279623,0.847210819949,-0.27282755958333665,-0.4558497003324057,0.30527251958847046,-4.126177787780762,-0.0725984200835228
1.88,2.8763643422761014,1.0485220400166704,3.069491093891613,3.0111662561139436,64.05977630615234,-32.7225227355957,-339.7047424316406,-1.596280574798584,2.040426731109619,9.901947975158691,0.14799237806890883,0.9489116789177598,-0.2786841969810762,0.5404143695495549,0.15840710428189939,0.82635313183734,0.828281694363618,-0.27289890972025077,-0.489362462654863,-0.01861986145377159,-3.963364839553833,-0.07405322790145874
1.89,2.8763643422761014,1.0485220400166704,3.069491093891613,3.0111662561139436,64.0439453125,-32.70249557495117,-339.60504150390625,-1.5704811811447144,1.9663844108581543,10.039067268371582,0.13615636908586473,0.9492604898025974,-0.28348891628613443,0.5725360457583668,0.15813180415344655,0.804485431081601,0.8084948481374059,-0.2718434384253356,-0.5219551949356993,-0.052080292254686356,-4.02019739151001,-0.07874037325382233
1.9,2.8763643422761014,1.0485220400166704,3.069491093891613,3.0111662561139436,64.02838134765625,-32.683231353759766,-339.5039367675781,-1.542457938194275,1.8895906209945679,10.181038856506348,0.12349094320582996,0.9491771488572714,-0.2895042780915603,0.6052989123798708,0.15913157733732072,0.7799297197606216,0.78636074013005,-0.2715508813856389,-0.554884587279916,0.19833947718143463,-4.293477535247803,-0.08532644808292389
1.91,1.9476256967080898,1.2700649828068407,1.2708642858040244,2.290956238532271,64.01309967041016,-32.66471862792969,-339.4013977050781,-1.513403296470642,1.8144365549087524,10.325295448303223,0.10960384119603324,0.948274323620769,-0.29793087311765376,0.6392009393667516,0.16229642596648303,0.7517193819712032,0.7611893043834344,-0.2728290257287128,-0.5883495267374526,0.48767539858818054,-4.597020149230957,-0.09156307578086853
1.92,1.9476256967080898,1.2700649828068407,1.2708642858040244,2.290956238532271,63.998104095458984,-32.64690017700195,-339.29742431640625,-1.4877591133117676,1.752767562866211,10.462352752685547,0.0944385662409378,0.9466195173743747,-0.30820909547296366,0.6737009771968615,0.16716407845601375,0.7198494038324585,0.7329449846546126,-0.27562231440842755,-0.6219517579923639,0.6116258502006531,-4.78031587600708,-0.0970526710152626
1.93,2.006945792698492,1.7996129952819877,2.177232878264264,2.864977108356709,63.98333740234375,-32.6296272277832,-339.1921691894531,-1.4653605222702026,1.7033764123916626,10.591833114624023,0.07840640760273046,0.944830483746295,-0.3180374069674467,0.7073901623857716,0.1720626686273952,0.6855607895910117,0.7024610974329231,-0.2787288916645744,-0.6548729735947053,0.5778238773345947,-4.848535537719727,-0.10231040418148041
1.94,2.006945792698492,1.7996129952819877,2.177232878264264,2.864977108356709,63.96880340576172,-32.61284637451172,-339.0856018066406,-1.439663290977478,1.6510409116744995,10.726810455322266,0.0616336289744184,0.9431406950473551,-0.32662964520238447,0.7398859142295371,0.17647160288099786,0.6491737882118572,0.669903074857972,-0.2816796100576029,-0.6869399301057051,0.5113545656204224,-4.962047576904297,-0.1061166450381279
1.95,2.8910333074835486,1.1843620043445962,1.1652171487256693,2.533167633840856,63.954551696777344,-32.596614837646484,-338.9776306152344,-1.4103291034698486,1.5957374572753906,10.868063926696777,0.04395714122819343,0.9416389461039621,-0.33374221326536535,0.7714664258002694,0.18025875832615085,0.6102018796346602,0.6347498118140742,-0.2842936426073124,-0.7185191724477946,0.4318513870239258,-5.130266189575195,-0.1086454689502716
1.96,2.8910333074835486,1.1843620043445962,1.1652171487256693,2.533167633840856,63.94059371948242,-32.58091354370117,-338.8682556152344,-1.3814833164215088,1.5457258224487305,11.006902694702148,0.02546742757222882,0.9402900578446527,-0.33942011910220204,0.8018084575358138,0.18356511221685873,0.5686888841896345,0.5970381960619376,-0.2866329651231899,-0.7492575897165111,0.4128150939941406,-5.195180416107178,-0.11529569327831268
1.97,2.6060553016667707,1.3693987448540244,1.986701493236208,1.733410900955053,63.926918029785156,-32.56568145751953,-338.75750732421875,-1.3534891605377197,1.5013192892074585,11.142404556274414,0.0066275222749440366,0.9388369759416357,-0.34429813904995143,0.8299310279658609,0.18690291886837554,0.5256251399410142,0.5578266440105066,-0.28922730079168874,-0.7779312332775498,0.4512040615081787,-5.158182621002197,-0.1257627308368683
1.98,2.6060553016667707,1.3693987448540244,1.986701493236208,1.733410900955053,63.91352462768555,-32.55087661743164,-338.6454162597656,-1.3252592086791992,1.4604524374008179,11.276768684387207,-0.012388695670323774,0.9370876761390847,-0.34887420003181385,0.855552066742497,0.19052790390038618,0.48138319344153213,0.5175685281315223,-0.2925163329859979,-0.8040876902578441,0.5851225852966309,-5.115536212921143,-0.13257357478141785
1.99,1.974154692525337,2.202218315052779,1.1904006551788737,2.19025023197361,63.900413513183594,-32.536476135253906,-338.531982421875,-1.2966188192367554,1.422882080078125,11.410174369812012,-0.031557169855232964,0.93462778081064,-0.3542245846461057,0.8786768415609287,0.1948529200306501,0.43584326042746074,0.47637291393952935,-0.29749495944050414,-0.8273847931719887,0.8016380667686462,-5.079004287719727,-0.13524192571640015
2.0,1.974154692525337,2.202218315052779,1.1904006551788737,2.19025023197361,63.88759231567383,-32.52241897583008,-338.4172058105469,-1.2676293849945068,1.388790488243103,11.54217529296875,-0.05086023681644186,0.9315508691834867,-0.36003640709581913,0.8992426632120837,0.19955117854075793,0.38928390642593236,0.4344834507437711,-0.3039610259005018,-0.8478395047196727,0.8219950795173645,-5.0063676834106445,-0.13657552003860474
2.01,1.5718040241027307,2.0287315007937647,1.332989320093617,1.6940406976882254,63.87506103515625,-32.50868606567383,-338.3011474609375,-1.2383042573928833,1.3581510782241821,11.672666549682617,-0.07007709131911084,0.9287829565234131,-0.36393875988122015,0.9171011023047699,0.20351697838456834,0.34279207642620746,0.39244715494398563,-0.30974676621531105,-0.8660497511087505,0.6511332392692566,-4.899216175079346,-0.13775119185447693
2.02,1.5718040241027307,2.0287315007937647,1.332989320093617,1.6940406976882254,63.862823486328125,-32.4952392578125,-338.18377685546875,-1.2101980447769165,1.332101583480835,11.79820728302002,-0.08904461865232885,0.926617075519914,-0.36531062295529154,0.9323247697548224,0.20660134842328834,0.2967935419299016,0.3504876311521971,-0.3141602746761609,-0.8823047898683992,0.4851463735103607,-4.802334785461426,-0.13769957423210144
2.03,1.6462578516231532,2.8694526683339587,1.3223076608817688,2.2170329974889453,63.85085678100586,-32.48202896118164,-338.065185546875,-1.1833683252334595,1.3101669549942017,11.918938636779785,-0.107691746742583,0.9249696117997354,-0.36446358519141336,0.9450849733151888,0.20902901296785367,0.25123945739376613,0.3085723268495743,-0.31739264166759146,-0.8966855804114996,0.3448089361190796,-4.718793869018555,-0.13650058209896088
2.04,1.6462578516231532,2.8694526683339587,1.3223076608817688,2.2170329974889453,63.83916473388672,-32.469032287597656,-337.94537353515625,-1.1543357372283936,1.2896082401275635,12.043683052062988,-0.12589926834231518,0.9239276295568657,-0.3612576775271371,0.955481235165559,0.21088491187766029,0.20635688306632535,0.2668426193046518,-0.3191947513412191,-0.909345768802412,0.10890264064073563,-4.6092000007629395,-0.13507294654846191
2.05,2.9353704176363165,1.8638733677927632,1.7917535041127879,1.320162156156422,63.82777404785156,-32.456233978271484,-337.82427978515625,-1.1233357191085815,1.2708152532577515,12.172446250915527,-0.1434146354890497,0.9239327736408044,-0.3546554273093153,0.9635812293894602,0.21209007320674195,0.16287730110563362,0.22570657211485753,-0.31838032388884985,-0.920701098437811,-0.21853530406951904,-4.473742485046387,-0.13391900062561035
2.06,2.9353704176363165,1.8638733677927632,1.7917535041127879,1.320162156156422,63.81669616699219,-32.443607330322266,-337.7019348144531,-1.0927772521972656,1.2551127672195435,12.299880981445312,-0.16001522882664887,0.9247591627790933,-0.3452761465836666,0.969526396445728,0.21297123177831,0.12108600674640556,0.18550928046466147,-0.31537873309869796,-0.9306570590558821,-0.2788325548171997,-4.285532474517822,-0.13507725298404694
2.07,2.9353704176363165,1.8638733677927632,1.7917535041127879,1.320162156156422,63.8059196472168,-32.43112564086914,-337.57830810546875,-1.063047170639038,1.242483377456665,12.425336837768555,-0.1754877515809278,0.9251672677649426,-0.33655545709648116,0.9734498130328272,0.21410119194227803,0.08097000132919384,0.14696771941968884,-0.3134106033069823,-0.938176040614622,-0.08087795972824097,-4.051553249359131,-0.13764381408691406
2.08,2.8924153263937877,2.256254128659771,2.248405084920575,1.896172358426596,63.79543685913086,-32.41875457763672,-337.45343017578125,-1.0339312553405762,1.2327429056167603,12.54922866821289,-0.18986397256640564,0.924797710105582,-0.32969814574057765,0.9755822823014646,0.2154683782763207,0.04257450437101573,0.11041232893462774,-0.3135643049622268,-0.9431259429539551,0.15309372544288635,-3.8115029335021973,-0.13995474576950073
2.09,2.8924153263937877,2.256254128659771,2.248405084920575,1.896172358426596,63.785247802734375,-32.406463623046875,-337.32733154296875,-1.0032074451446533,1.225607991218567,12.677648544311523,-0.20329108451780953,0.9236769829831976,-0.32479773099981923,0.976176837214321,0.21689795026438463,0.005836236574518872,0.07583875949551154,-0.3158735669190549,-0.9457654953951404,0.34977689385414124,-3.6178789138793945,-0.1412486433982849
2.1,1.5440498353208298,1.4463656090982666,1.5699098214215996,1.4902692637557797,63.77537536621094,-32.39423370361328,-337.1998596191406,-0.9709585905075073,1.221360683441162,12.810171127319336,-0.21603585272463668,0.9219925179802723,-0.3213383063469659,0.9754480972023575,0.2182224413813529,-0.02966438507473526,0.042772888630992406,-0.3198574102095485,-0.9464997185061397,0.5079613924026489,-3.468017816543579,-0.14167743921279907
2.11,1.5440498353208298,1.4463656090982666,1.5699098214215996,1.4902692637557797,63.765811920166016,-32.38202667236328,-337.0711669921875,-0.9435434341430664,1.2194722890853882,12.927906036376953,-0.22828952706877098,0.919873531146187,-0.3189303662672498,0.9735326876013106,0.21933473831235156,-0.06423689548243819,0.010862688547790739,-0.3251537471198779,-0.9455987747091346,0.598987877368927,-3.3982255458831787,-0.1412961632013321
2.12,2.237565702690831,1.5962770769648817,1.85505616931389,3.024802875569146,63.756492614746094,-32.36981964111328,-336.94134521484375,-0.9207278490066528,1.2191139459609985,13.031399726867676,-0.24037645541337754,0.9175832292219532,-0.3166388749561762,0.9704577854383039,0.22020035297775736,-0.09860776455560724,-0.020756838995462157,-0.33098764629376054,-0.943406768915632,0.6317918300628662,-3.3979156017303467,-0.14033687114715576
2.13,2.237565702690831,1.5962770769648817,1.85505616931389,3.024802875569146,63.74740982055664,-32.35761260986328,-336.81048583984375,-0.8948424458503723,1.2219722270965576,13.1434965133667,-0.25246904575996276,0.9152607378232811,-0.31393815112572254,0.9661773800468545,0.22084108357106405,-0.13315587141750274,-0.05254189965018444,-0.3369376761455173,-0.9400597593636313,0.6025660634040833,-3.474376916885376,-0.14272287487983704
2.14,2.335427019360344,2.4237115650382943,1.5986637106138604,2.9774187675758403,63.738609313964844,-32.345359802246094,-336.678466796875,-0.8657618165016174,1.2287522554397583,13.264777183532715,-0.2648536811532878,0.9131256352857584,-0.30992596174495035,0.9605104330314203,0.22139495932439987,-0.16853480359718176,-0.08527740390833834,-0.34232418285848165,-0.9357039693262644,0.5218511819839478,-3.6144399642944336,-0.1483726054430008
2.15,2.335427019360344,2.4237115650382943,1.5986637106138604,2.9774187675758403,63.7301025390625,-32.33302688598633,-336.5451965332031,-0.8357800245285034,1.2391602993011475,13.388821601867676,-0.27747618536324553,0.9113206565157801,-0.3041408022017266,0.9533452567079452,0.22199893789486774,-0.20457099766587888,-0.11891084083768046,-0.34671477121864686,-0.9304026436710492,0.3619668483734131,-3.678685426712036,-0.15363433957099915
2.16,2.527660452957392,1.3398356520940653,2.901849491951378,2.933257202193907,63.721893310546875,-32.3205680847168,-336.4106750488281,-0.8055843114852905,1.2531685829162598,13.514124870300293,-0.28992880044088265,0.9101262013718265,-0.29599254762814664,0.9448290299420468,0.22293047999599766,-0.2400002193072443,-0.15244472720852661,-0.34924532733487496,-0.9245476226139324,0.13430316746234894,-3.665329933166504,-0.1584133356809616
2.17,2.527660452957392,1.3398356520940653,2.901849491951378,2.933257202193907,63.713985443115234,-32.307952880859375,-336.27490234375,-0.7756672501564026,1.2707343101501465,13.639931678771973,-0.30216618310510657,0.9094076384492427,-0.2857854875914153,0.9349327951312008,0.22422906802857165,-0.2749945338351266,-0.18600071606273885,-0.3502842733855033,-0.9179894669564236,0.09749268740415573,-3.7888853549957275,-0.1632760614156723
2.18,2.577090720800063,1.4216085150522542,1.0732227500809444,2.730341014328647,63.70637512207031,-32.29514694213867,-336.13787841796875,-0.7463409900665283,1.2918750047683716,13.765806198120117,-0.31465101970761983,0.9084309636041902,-0.27522340046245486,0.9230740944577086,0.22527458302126585,-0.3117460158296739,-0.22119889678304347,-0.35214279292604667,-0.9094319663681321,0.2450861632823944,-4.048495769500732,-0.16783209145069122
2.19,2.577090720800063,1.4216085150522542,1.0732227500809444,2.730341014328647,63.69904708862305,-32.2821159362793,-335.9996337890625,-0.7204111218452454,1.3135743141174316,13.882594108581543,-0.32737051556358826,0.90710411289677,-0.26455750585722243,0.9089906567068499,0.22588544760770216,-0.3503023702156721,-0.2580010301515872,-0.3551589685265345,-0.8984973987251648,0.2910735607147217,-4.178455352783203,-0.17513370513916016
2.2,1.3642817288817337,2.4710812246050615,1.2254560246924713,1.7711733411349029,63.69195556640625,-32.26887130737305,-335.8602600097656,-0.6976396441459656,1.3355690240859985,13.990978240966797,-0.3398207001397707,0.905830281896209,-0.25296915257863073,0.8931417801181336,0.22655063157590563,-0.38855189092316844,-0.2946517476003283,-0.3579752948631969,-0.8860214646969223,0.22241619229316711,-4.172797203063965,-0.18531768023967743
2.21,1.3642817288817337,2.4710812246050615,1.2254560246924713,1.7711733411349029,63.68508529663086,-32.255401611328125,-335.7198181152344,-0.6772749423980713,1.3581416606903076,14.093498229980469,-0.3517541312030776,0.904804103968114,-0.23999700961475773,0.8758326285662975,0.2276092970785624,-0.42557163277414584,-0.33043340920708636,-0.3598937917300891,-0.8725194672635799,0.04967609792947769,-4.103888034820557,-0.18964938819408417
2.22,1.3642817288817337,2.4710812246050615,1.2254560246924713,1.7711733411349029,63.678409576416016,-32.241703033447266,-335.578369140625,-0.6589956283569336,1.3813905715942383,14.191508293151855,-0.36288440036613095,0.9043024614336743,-0.22483765302082231,0.8574594749322899,0.2295953244479904,-0.4604880409309928,-0.36479879498122697,-0.35989310251326034,-0.858719275400072,-0.20675602555274963,-3.9909043312072754,-0.18850307166576385
2.23,2.408246938621974,1.5832996435436522,2.847671305388083,2.1929025794005814,63.67190170288086,-32.22776794433594,-335.43597412109375,-0.6419984102249146,1.406588077545166,14.288348197937012,-0.3730860847192834,0.904343555758065,-0.20729087425088366,0.8382777193989277,0.23281807886274442,-0.49303773416848545,-0.3976144345319582,-0.3577128391790277,-0.8449522389687544,-0.4745430052280426,-3.8713858127593994,-0.18707557022571564
2.24,2.408246938621974,1.5832996435436522,2.847671305388083,2.1929025794005814,63.66556930541992,-32.21354675292969,-335.2926025390625,-0.6242969036102295,1.4389257431030273,14.39296817779541,-0.38239653021980174,0.9046820569675521,-0.18794485754288412,0.8182395113372077,0.2370561194700152,-0.523725594475261,-0.4292516694929722,-0.35405475850887336,-0.8308960417613744,-0.5043951272964478,-3.8805174827575684,-0.1873350739479065
2.25,1.9425582466083084,2.5102729435127236,2.2396944893241417,2.119529931505454,63.65941619873047,-32.19895553588867,-335.1481018066406,-0.6064169406890869,1.478471279144287,14.504549026489258,-0.3911274030871473,0.9046964112713782,-0.16894898042602433,0.7965341120281695,0.24080150627773725,-0.5545701424976539,-0.4610344487452097,-0.3514812057664845,-0.8148056204170039,-0.3123391270637512,-4.010322570800781,-0.18869082629680634
2.26,1.9425582466083084,2.5102729435127236,2.2396944893241417,2.119529931505454,63.65343475341797,-32.1839599609375,-335.00250244140625,-0.5901795029640198,1.5207418203353882,14.615464210510254,-0.3993164551003572,0.9043527402734075,-0.15064026635021302,0.7729420012339918,0.2437135789032224,-0.5858023166449365,-0.49305885187721366,-0.3503566934113883,-0.7963310592758281,-0.2369779348373413,-4.0785722732543945,-0.18824359774589539
2.27,1.4330675406420186,2.5146449818119514,2.4906381062424283,2.3281298471045457,63.647605895996094,-32.16852951049805,-334.8558044433594,-0.5757303833961487,1.5651644468307495,14.724931716918945,-0.4067742936963277,0.903967145474902,-0.1318259226776407,0.7479632584614347,0.246716119365924,-0.6161835119806213,-0.5244860703389623,-0.3492485595488931,-0.776491986870062,-0.2942352592945099,-4.076074123382568,-0.18630200624465942
2.28,1.4330675406420186,2.5146449818119514,2.4906381062424283,2.3281298471045457,63.64191436767578,-32.152645111083984,-334.7080078125,-0.5630356073379517,1.6118956804275513,14.833381652832031,-0.41343763153725444,0.9036260915486428,-0.11193396044717394,0.7216848988016354,0.25024614238647835,-0.645405124756815,-0.5551938685455189,-0.34761581507924877,-0.7555944768433996,-0.4058570861816406,-4.129969120025635,-0.18325594067573547
2.29,1.7423026960068715,1.4029173804807984,1.919337639949486,1.3142433177245914,63.6363410949707,-32.13628387451172,-334.55914306640625,-0.5521799325942993,1.6609140634536743,14.940956115722656,-0.41931091566181833,0.9033527792465016,-0.09017822483542598,0.6936142444957846,0.25469148096935734,-0.6738186175479104,-0.5857282952354181,-0.34508840280319,-0.7333732735867554,-0.5534605383872986,-4.243937969207764,-0.17950120568275452
2.3,1.7423026960068715,1.4029173804807984,1.919337639949486,1.3142433177245914,63.630863189697266,-32.119449615478516,-334.40924072265625,-0.5441681742668152,1.7047395706176758,15.039926528930664,-0.42428737155154406,0.903057571587626,-0.06683748005529577,0.6636744774054356,0.2599033918748689,-0.7014174327264474,-0.6160490356964323,-0.34196088853873097,-0.7096099888863584,-0.5636929273605347,-4.3122663497924805,-0.17775782942771912
2.31,2.3852353664325134,2.1020109088087913,2.858370168703285,1.1710362359153201,63.625450134277344,-32.10221862792969,-334.2583923339844,-0.5385951995849609,1.7434277534484863,15.131478309631348,-0.4282799409051836,0.9025824072297477,-0.04383252647983993,0.6323034321833965,0.264671748758448,-0.7281079831029471,-0.6455762246763344,-0.33954950091039504,-0.6840595548372614,-0.4423634707927704,-4.33184289932251,-0.17759573459625244
2.32,2.3852353664325134,2.1020109088087913,2.858370168703285,1.1710362359153201,63.620086669921875,-32.084556579589844,-334.1065673828125,-0.534262478351593,1.7901263236999512,15.22882080078125,-0.4312945125969545,0.9019402749022094,-0.022108457953520066,0.5997752263470169,0.2683255023930383,-0.7538375837180767,-0.6739842144027857,-0.33838611862020984,-0.6566887493029017,-0.2243417501449585,-4.307347297668457,-0.17513208091259003
2.33,2.184472784545042,2.306625927637832,1.6879897388750165,2.7149285859167587,63.6147575378418,-32.06637954711914,-333.9537353515625,-0.5313380360603333,1.8455103635787964,15.331893920898438,-0.4333774658890477,0.901207861612507,-0.0028917516144844613,0.5665272245042343,0.2699362638910918,-0.7785764685193407,-0.7008786456692173,-0.33905575294386525,-0.6275430825374082,0.06922531872987747,-4.247486591339111,-0.17006370425224304
2.34,2.184472784545042,2.306625927637832,1.6879897388750165,2.7149285859167587,63.60945510864258,-32.04762649536133,-333.79986572265625,-0.5299832820892334,1.90530264377594,15.436446189880371,-0.43465676363445416,0.9004846732794416,0.014172191631481978,0.5326828294471613,0.26974671352604085,-0.8021756127894105,-0.7261697467114618,-0.34112177258380505,-0.5969199571385547,0.13510337471961975,-4.208470821380615,-0.1686314046382904
2.35,1.6290143045751604,2.285613436772736,2.038245420902639,2.132580962368178,63.60415267944336,-32.028255462646484,-333.6449890136719,-0.5301654934883118,1.9685683250427246,15.541586875915527,-0.4352241383587398,0.8997579520015033,0.03186812200229716,0.4980697739499342,0.2701072841180055,-0.8239954825991809,-0.750004299765911,-0.3427501756038293,-0.5656994497577227,-0.019048940390348434,-4.192298889160156,-0.17142876982688904
2.36,1.6290143045751604,2.285613436772736,2.038245420902639,2.132580962368178,63.59885025024414,-32.00825119018555,-333.4891052246094,-0.5318222641944885,2.0308685302734375,15.644270896911621,-0.4350406078262509,0.8989640859985948,0.05102197200106451,0.4626249600437709,0.2717756427808902,-0.8438697448869306,-0.7724751231506848,-0.3435135689834467,-0.5341166651936534,-0.17338572442531586,-4.20272970199585,-0.17233958840370178
2.37,2.3564994696934054,2.8914136319136334,1.3910794469275718,1.8652148510231294,63.59351348876953,-31.987638473510742,-333.3321838378906,-0.5349607467651367,2.0920019149780273,15.744715690612793,-0.4340029455278901,0.898069396782007,0.07150385889389005,0.42616905217440954,0.2745806948574996,-0.8619659975778268,-0.7937388627513968,-0.3436230501220411,-0.5018982139666813,-0.30361470580101013,-4.235355854034424,-0.17102408409118652
2.38,2.3564994696934054,2.8914136319136334,1.3910794469275718,1.8652148510231294,63.58814239501953,-31.966402053833008,-333.17425537109375,-0.5399176478385925,2.1559438705444336,15.845521926879883,-0.43208279353708257,0.8970202407741518,0.09305453868927427,0.38913936187655207,0.27853103766130194,-0.878060942131939,-0.8135570149457878,-0.3431838409669097,-0.46941435292468214,-0.450147420167923,-4.116247653961182,-0.17061592638492584
2.39,2.3564994696934054,2.8914136319136334,1.3910794469275718,1.8652148510231294,63.58271026611328,-31.944509506225586,-333.01531982421875,-0.5468294620513916,2.222787857055664,15.946673393249512,-0.4294711797666435,0.8957277419813592,0.11500573026950978,0.3533640674557174,0.2838730331528274,-0.8913753064112586,-0.8310766159512605,-0.3421811118305475,-0.43843328469153864,-0.6142197251319885,-3.8536503314971924,-0.17134737968444824
2.4,2.3681073061201645,2.035511615250372,1.3449042965679905,1.2083503591820084,63.57719802856445,-31.92194175720215,-332.8553466796875,-0.5556102395057678,2.2910079956054688,16.047351837158203,-0.4263341346155311,0.8941102970861239,0.13713490549888957,0.3195747724516846,0.2907056720113689,-0.9018659418521537,-0.8462335200605564,-0.3406713796387679,-0.40967284584279956,-0.7803370952606201,-3.5709290504455566,-0.172447070479393
2.41,2.3681073061201645,2.035511615250372,1.3449042965679905,1.2083503591820084,63.571590423583984,-31.89870834350586,-332.6943664550781,-0.565192461013794,2.3537275791168213,16.144601821899414,-0.42280160121165633,0.8921507514016891,0.15907810278684253,0.2879761289030392,0.2987110017661216,-0.9098579485864265,-0.8592488319426915,-0.33887870130369924,-0.3832136096328501,-0.8333950042724609,-3.2949836254119873,-0.17419831454753876
2.42,2.6974962353337877,2.022899803754092,2.212198216107213,2.2898354281544204,63.565887451171875,-31.874876022338867,-332.532470703125,-0.5753462910652161,2.4111125469207764,16.238935470581055,-0.4190101809274203,0.8900411365034151,0.17960301670874051,0.25858328965234284,0.30658541961506613,-0.9160458846542714,-0.8703821865087447,-0.3373902129747742,-0.35861217714558086,-0.7811631560325623,-3.027695894241333,-0.17627663910388947
2.43,2.6974962353337877,2.022899803754092,2.212198216107213,2.2898354281544204,63.5600700378418,-31.850444793701172,-332.3695983886719,-0.5886873006820679,2.477750778198242,16.336301803588867,-0.41504514841091106,0.8878929221069294,0.19845322787242187,0.23109730595348799,0.31386048026312086,-0.9209156498344695,-0.8799611127553337,-0.33635956624038754,-0.3354559318852082,-0.7042770981788635,-2.873979330062866,-0.17928634583950043
2.44,1.1012775257571124,2.3706223512611424,2.496605058709405,2.745005476714407,63.554100036621094,-31.825286865234375,-332.2057800292969,-0.6053985953330994,2.5536484718322754,16.436264038085938,-0.41074983064150183,0.8857764401024859,0.21606636662688772,0.20424708242104267,0.32035138742193237,-0.9250179013939865,-0.8885762240519771,-0.3358200213450802,-0.312501531697559,-0.6162858605384827,-2.8248367309570312,-0.1831342577934265
2.45,1.1012775257571124,2.3706223512611424,2.496605058709405,2.745005476714407,63.54795837402344,-31.799367904663086,-332.0409240722656,-0.6234005093574524,2.6290276050567627,16.535093307495117,-0.40596822179237857,0.8836186088314952,0.2332551328940634,0.17720975948913065,0.32650274323839534,-0.9284355980893919,-0.8965414123377339,-0.3355802628053317,-0.28913557923397426,-0.6884848475456238,-2.9269886016845703,-0.18365101516246796
2.46,2.260194823128838,1.8079882986604774,2.748110421819896,1.5600642693921056,63.5416259765625,-31.772708892822266,-331.87506103515625,-0.6424723863601685,2.7029247283935547,16.632539749145508,-0.40019997604621715,0.8809479284387374,0.25252866481273806,0.1483516408705623,0.3341994585869891,-0.9307537335574727,-0.9043405165221885,-0.33502458008280583,-0.2644366860265812,-0.9108984470367432,-3.1578750610351562,-0.18134371936321259
2.47,2.260194823128838,1.8079882986604774,2.748110421819896,1.5600642693921056,63.53510284423828,-31.745315551757812,-331.7082824707031,-0.6627709865570068,2.775408983230591,16.728715896606445,-0.39324106837611456,0.8777297122837998,0.27377365526399644,0.1175049468235051,0.3432981129628844,-0.9318470867626981,-0.9118958545878015,-0.3342707851582608,-0.23813649988034707,-0.9130423665046692,-3.3011326789855957,-0.17951750755310059
2.48,2.383615514778991,1.7273013057000295,2.5932366214631224,2.5013559532790643,63.52836608886719,-31.717205047607422,-331.5404968261719,-0.6844137907028198,2.846745252609253,16.823747634887695,-0.38535697271534214,0.8747397379275785,0.2938203438668915,0.08586512707637556,0.35102238345609665,-0.9324218285008985,-0.9187639433128757,-0.33408633196105514,-0.21037856179987235,-0.6938838958740234,-3.3492987155914307,-0.17795430123806
2.49,2.383615514778991,1.7273013057000295,2.5932366214631224,2.5013559532790643,63.52140426635742,-31.688365936279297,-331.3717956542969,-0.708747148513794,2.9216649532318115,16.918655395507812,-0.3766553044432185,0.8722688843439781,0.3118938521999079,0.05367257027968847,0.35667340690883753,-0.9326860865283746,-0.9247972949973189,-0.3345610171692966,-0.1811598436637858,-0.512255072593689,-3.4357895851135254,-0.17858442664146423
2.5,2.8112184786351375,1.4413961535807471,1.2180851164361453,1.4620583804332963,63.514183044433594,-31.65875816345215,-331.2021484375,-0.7357096076011658,3.0000579357147217,17.01313591003418,-0.3670028073626065,0.8701607960058186,0.32882993854344555,0.020378637257292886,0.3609331344695503,-0.9323690168519767,-0.9299965863009937,-0.33548094064567396,-0.1501961648378298,-0.3900643587112427,-3.5682780742645264,-0.18130871653556824
2.51,2.8112184786351375,1.4413961535807471,1.2180851164361453,1.4620583804332963,63.50669479370117,-31.628395080566406,-331.03155517578125,-0.7608097195625305,3.0693016052246094,17.104991912841797,-0.3565432216582546,0.868409895301181,0.3445884281756203,-0.01363513052979154,0.36395233757357626,-0.9313177648848782,-0.9341793266311283,-0.3367535444768496,-0.11792385669274127,-0.24749645590782166,-3.5314574241638184,-0.18615533411502838
2.52,1.5506141563463762,1.9731697143980755,1.817544501699777,1.581648841474005,63.49897003173828,-31.59739875793457,-330.86004638671875,-0.7837842106819153,3.1296730041503906,17.194717407226562,-0.3461094597513782,0.8671699656331362,0.35808447686884565,-0.04630034692026758,0.36542150212458796,-0.9296899502845414,-0.9370509696626286,-0.3383539219350583,-0.0863255684342275,-0.0791817158460617,-3.33240008354187,-0.19260749220848083
2.53,1.5506141563463762,1.9731697143980755,1.817544501699777,1.581648841474005,63.49101638793945,-31.565805435180664,-330.6876525878906,-0.8071708083152771,3.1888375282287598,17.283504486083984,-0.335948817786034,0.8664098945617862,0.3694215565361621,-0.07724661411178763,0.3655512853851166,-0.9275803029180567,-0.9387072772895877,-0.3401560705892573,-0.05587929137744613,-0.007455812301486731,-3.210667371749878,-0.19469694793224335
2.54,1.5506141563463762,1.9731697143980755,1.817544501699777,1.581648841474005,63.48282241821289,-31.533620834350586,-330.5143737792969,-0.8312501311302185,3.247817039489746,17.371414184570312,-0.3256634952312963,0.865710415009985,0.3801167783944489,-0.1075208162183422,0.36551553545972554,-0.9245743168709215,-0.9393522033579719,-0.34197056990453034,-0.025953176408559653,-0.028299406170845032,-3.1784579753875732,-0.1927376538515091
2.55,2.41464922605699,1.805118576677724,2.409057778203474,2.3165013624541664,63.474388122558594,-31.50084686279297,-330.3402099609375,-0.8560575246810913,3.306708812713623,17.45836639404297,-0.31511113719323364,0.8649238146657561,0.39065555933689716,-0.13745238532194276,0.36569378230306837,-0.920529684124409,-0.9390483549775779,-0.343765694054705,0.0036516578415474177,-0.06188153102993965,-3.158628463745117,-0.1902686208486557
2.56,2.41464922605699,1.805118576677724,2.409057778203474,2.3165013624541664,63.4656867980957,-31.467458724975586,-330.1651916503906,-0.8852722644805908,3.3740015029907227,17.54408836364746,-0.30422677763181494,0.864111964537863,0.4009446102821152,-0.16719516562663977,0.36592533356988843,-0.9155022811783957,-0.9378122649884904,-0.3455563094407059,0.03315105794505491,-0.029198668897151947,-3.183820962905884,-0.19000740349292755
2.57,1.5337270002890389,1.8475342156157997,1.524240313167872,2.8687540297065945,63.456668853759766,-31.433347702026367,-329.9893493652344,-0.9187498092651367,3.4489216804504395,17.62799835205078,-0.29282679541570955,0.8636116874058699,0.4103989781451121,-0.19724122172147113,0.36542361322974026,-0.9097040636096679,-0.9356005388735023,-0.3473333215660531,0.06333399868558043,0.06623771786689758,-3.2496681213378906,-0.19171544909477234
2.58,1.5337270002890389,1.8475342156157997,1.524240313167872,2.8687540297065945,63.44731903076172,-31.398496627807617,-329.8126525878906,-0.951277494430542,3.5196268558502197,17.7103328704834,-0.28081557258478557,0.8632955854783309,0.41936063988827726,-0.2278297846859328,0.3644927116357218,-0.9029056719139604,-0.9323283774528377,-0.3490928175400704,0.09432921783887799,-0.010268744081258774,-3.3560338020324707,-0.1946159154176712
2.59,1.3179526122555023,2.055090823963905,2.9970909011556097,2.9992259493124918,63.43764877319336,-31.36297035217285,-329.6351318359375,-0.9825258255004883,3.5854532718658447,17.791196823120117,-0.2679750396702506,0.8622120099234514,0.42986024247130566,-0.2593240508579781,0.3651590234031012,-0.8940972677924377,-0.9278687486710264,-0.3510688501861929,0.12573880732935266,-0.25357094407081604,-3.495166301727295,-0.19878916442394257
2.6,1.3179526122555023,2.055090823963905,2.9970909011556097,2.9992259493124918,63.42765808105469,-31.326770782470703,-329.45684814453125,-1.0175280570983887,3.656550168991089,17.869140625,-0.2539823365278594,0.860106231347497,0.44239150481112915,-0.2920819985584418,0.36783004400354274,-0.8828302015939749,-0.9220526442942159,-0.3534378722287101,0.15779921300338123,-0.4501549005508423,-3.749328851699829,-0.20016543567180634
2.61,1.210951766443562,1.2442615020711467,2.282406786846348,1.345535907677796,63.417301177978516,-31.289825439453125,-329.27777099609375,-1.0565900802612305,3.7326064109802246,17.94354248046875,-0.23805325664932975,0.8572802976077886,0.45650973519975435,-0.327203843255948,0.37175984410557844,-0.8687532810120103,-0.9144770592842585,-0.356181287610814,0.19200676654409127,-0.5852139592170715,-4.106802463531494,-0.19879841804504395
2.62,1.210951766443562,1.2442615020711467,2.282406786846348,1.345535907677796,63.40655517578125,-31.25216293334961,-329.09796142578125,-1.0903335809707642,3.795090436935425,18.017871856689453,-0.2199822107358655,0.8540114161847259,0.4714576629835603,-0.36458554267046855,0.3762967794582944,-0.8517500313149367,-0.9048122507103014,-0.3592565027880146,0.22858161817846162,-0.586639404296875,-4.378658294677734,-0.19684553146362305
2.63,2.4643680745169707,2.7884617194724193,1.968149890428294,2.2553498082701395,63.395511627197266,-31.21396255493164,-328.9173889160156,-1.11854887008667,3.8443689346313477,18.092493057250977,-0.200249072459119,0.8510574479944717,0.4853880192097859,-0.40298786278747895,0.3800259952410853,-0.8325749367996869,-0.8930291660551981,-0.3623278393308463,0.2668659690192772,-0.4705495834350586,-4.559889793395996,-0.19431988894939423
2.64,2.4643680745169707,2.7884617194724193,1.968149890428294,2.2553498082701395,63.384159088134766,-31.175243377685547,-328.7361145019531,-1.154270887374878,3.903580665588379,18.160301208496094,-0.17930464874609747,0.8485084883767304,0.49787868812660985,-0.4414948254917459,0.38285704005040394,-0.811481858052203,-0.8791656055613476,-0.3653133340523979,0.30596405991794157,-0.4540962278842926,-4.577160358428955,-0.19333432614803314
2.65,1.9204555196579236,2.0355747962977544,1.1639943292846457,2.8424822804008363,63.372406005859375,-31.1358642578125,-328.55419921875,-1.197950839996338,3.972498655319214,18.219932556152344,-0.15818240154464486,0.845682979806538,0.5097044491733453,-0.47839890412412567,0.3859318048318534,-0.7887909295574234,-0.8637782217527856,-0.3686148934657456,0.34352619105511106,-0.5428816676139832,-4.451879024505615,-0.19410082697868347
2.66,1.9204555196579236,2.0355747962977544,1.1639943292846457,2.8424822804008363,63.36021423339844,-31.095813751220703,-328.3717346191406,-1.239990472793579,4.035223007202148,18.276992797851562,-0.13712664300195843,0.8421726109009897,0.5214801791316936,-0.5133758141235127,0.38980829270655015,-0.7645225754745406,-0.8471372717877745,-0.3725517257850437,0.37889794716064595,-0.7365503311157227,-4.380902290344238,-0.19843171536922455
2.67,2.6619753269210262,1.6145674463345914,1.1755389125479372,2.6192914327913437,63.34760665893555,-31.055179595947266,-328.1886901855469,-1.2796666622161865,4.090806484222412,18.33213996887207,-0.11572491253088074,0.8372997701992884,0.5343564722579295,-0.5470565356580996,0.3952985258127341,-0.737880899796192,-0.8290578335758483,-0.3777144031070282,0.41230442426928077,-1.0163849592208862,-4.3757476806640625,-0.20621007680892944
2.68,2.6619753269210262,1.6145674463345914,1.1755389125479372,2.6192914327913437,63.33461380004883,-31.014005661010742,-328.005126953125,-1.3200364112854004,4.143610000610352,18.383268356323242,-0.09385856739031856,0.8309798905275007,0.5483274485800798,-0.5794802785224572,0.4022532273534529,-0.7087982420176187,-0.8095635713957072,-0.3842717301892429,0.44378154676190995,-1.2016533613204956,-4.342585563659668,-0.2167607992887497
2.69,1.8061033856163475,2.959468340747649,2.8918843728526182,3.054347956875932,63.321205139160156,-30.97231674194336,-327.821044921875,-1.3615126609802246,4.1939377784729,18.430038452148438,-0.07176912610292341,0.8238633136631934,0.56222631825478,-0.6102812039301242,0.4095805999941513,-0.6780859711261021,-0.7889271478837705,-0.39178179195610074,0.47339305320594394,-1.2896853685379028,-4.276239395141602,-0.22928178310394287
2.7,1.8061033856163475,2.959468340747649,2.8918843728526182,3.054347956875932,63.30735397338867,-30.930112838745117,-327.63653564453125,-1.410814642906189,4.249475479125977,18.466636657714844,-0.04933241626681256,0.8160323483034676,0.5758971429236354,-0.6395777062305391,0.4170624366650181,-0.6457548154028122,-0.7671418841375827,-0.4001876190555699,0.5013413998030423,-1.4348536729812622,-4.31939697265625,-0.23555254936218262
2.71,1.8061033856163475,2.959468340747649,2.8918843728526182,3.054347956875932,63.29296875,-30.887319564819336,-327.45172119140625,-1.4676731824874878,4.30875301361084,18.49295425415039,-0.02565065735399208,0.8069777915065469,0.5900244806722211,-0.6681606726506223,0.4251764344622029,-0.6105622942018908,-0.7435747166898402,-0.40989247808812534,0.5282847689517459,-1.6438616514205933,-4.4677605628967285,-0.23614230751991272
2.72,1.1915036503743779,2.8093020745015758,3.0643251069106143,1.0592608384598883,63.27799606323242,-30.84394645690918,-327.2667236328125,-1.526656150817871,4.364745616912842,18.51348304748535,-0.00037341327325118856,0.7964748852138392,0.604671495761235,-0.6960789454121636,0.4339261002334878,-0.5719984626640593,-0.7179651539708717,-0.42111268890851405,0.554247364381486,-1.862061619758606,-4.630279064178467,-0.23651863634586334
2.73,1.1915036503743779,2.8093020745015758,3.0643251069106143,1.0592608384598883,63.262451171875,-30.800058364868164,-327.08148193359375,-1.5797092914581299,4.409575462341309,18.535551071166992,0.026460847660064568,0.7847025200447818,0.6193074992089791,-0.7229530049726859,0.4428853118871386,-0.5302749787757249,-0.6903903071032171,-0.4336986921239223,0.5790221656447401,-1.9515191316604614,-4.721563816070557,-0.23230144381523132
2.74,1.1455708135291913,1.1924602444400514,1.1874553591656956,1.1590829733200136,63.24641799926758,-30.75578498840332,-326.89599609375,-1.6268965005874634,4.444097518920898,18.559133529663086,0.05433068906660565,0.7726562567712546,0.6324954427486265,-0.7480568067215579,0.4510710182738439,-0.4867709424266649,-0.6614069776945914,-0.4466959204488337,0.6024977713745302,-1.9199624061584473,-4.745572090148926,-0.22346432507038116
2.75,1.1455708135291913,1.1924602444400514,1.1874553591656956,1.1590829733200136,63.229957580566406,-30.711217880249023,-326.71026611328125,-1.6636872291564941,4.466272830963135,18.588623046875,0.08296054096869943,0.7606384403141174,0.6438530203071876,-0.7711275460761119,0.4582482133075171,-0.4420077857720409,-0.6312526089647589,-0.45982359456314903,0.6245657736045179,-1.902369737625122,-4.752591609954834,-0.2207256704568863
2.76,2.2057431059368198,2.108653977290622,1.6947826066164504,1.6191163850529668,63.21318054199219,-30.66649055480957,-326.5242004394531,-1.6911944150924683,4.478382587432861,18.623008728027344,0.11211688292506183,0.7484868095747662,0.6536033204136554,-0.7920706903903777,0.46449914812763127,-0.3960613119369464,-0.6000448533132156,-0.4732948734999063,0.644932660617393,-1.9113833904266357,-4.751026153564453,-0.22422979772090912
2.77,2.2057431059368198,2.108653977290622,1.6947826066164504,1.6191163850529668,63.19610595703125,-30.621644973754883,-326.33782958984375,-1.7263644933700562,4.491799354553223,18.64572525024414,0.14152636933043983,0.7361912378467321,0.6618102054984046,-0.8107460529190083,0.4698120392149211,-0.34923843643700875,-0.5680326790426701,-0.48713356394977975,0.6633549324556148,-1.9096025228500366,-4.678725242614746,-0.22878126800060272
2.78,2.1658076950522225,2.7753019155859935,1.07130063559173,1.812092770313913,63.17863082885742,-30.5766544342041,-326.1513671875,-1.7697899341583252,4.50592041015625,18.656137466430664,0.17052011782431986,0.7238952105367643,0.6685047595785041,-0.8268694060194511,0.47411851727894605,-0.3024873831455682,-0.5359196533121546,-0.5011859492595012,0.6794135481859576,-1.8947014808654785,-4.541677951812744,-0.23348650336265564
2.79,2.1658076950522225,2.7753019155859935,1.07130063559173,1.812092770313913,63.16070556640625,-30.531538009643555,-325.96490478515625,-1.8150442838668823,4.516770839691162,18.660799026489258,0.19866340347721373,0.7114046022466489,0.6741189390761375,-0.8404147259252028,0.47752543298204914,-0.2562665590813068,-0.5042181477960865,-0.5156286966001737,0.6927417315821893,-1.9942917823791504,-4.322756767272949,-0.2383183091878891
2.8,1.1170774714926193,1.7135595664175374,2.369492513037188,2.9707651174727943,63.14232635498047,-30.486331939697266,-325.7784423828125,-1.8610807657241821,4.523858070373535,18.661243438720703,0.22526702263921772,0.6977301921588923,0.6800201081300296,-0.8513401730010663,0.4803715576165623,-0.21086269577038047,-0.47378758779201513,-0.5314280248377505,0.7022176130454651,-2.2014377117156982,-4.034531593322754,-0.24344958364963531
2.81,1.1170774714926193,1.7135595664175374,2.369492513037188,2.9707651174727943,63.12348175048828,-30.44107437133789,-325.59197998046875,-1.9084392786026,4.527374744415283,18.657733917236328,0.25083787439421984,0.6825451600592817,0.6864491716427659,-0.860041541966935,0.48260585492255775,-0.16559026204944552,-0.4443072212563357,-0.5488384947087048,0.7080730187384325,-2.4116156101226807,-4.050558567047119,-0.2485940158367157
2.82,2.8716024425428213,2.7785646846818874,1.1547908898756603,1.489246532288119,63.104156494140625,-30.395793914794922,-325.405517578125,-1.9570046663284302,4.527161121368408,18.650959014892578,0.2780756867607086,0.6658838807032331,0.6922951464889542,-0.8671911994758389,0.48398788859002206,-0.11719704454391386,-0.41310208905816004,-0.5677626098271836,0.7120339057221989,-2.6136648654937744,-4.356727123260498,-0.25420552492141724
2.83,2.8716024425428213,2.7785646846818874,1.1547908898756603,1.489246532288119,63.0843391418457,-30.350542068481445,-325.21905517578125,-2.0062272548675537,4.5227484703063965,18.641653060913086,0.30696164160079353,0.6479485786303767,0.6970919523539348,-0.8724710468305485,0.48420458235408925,-0.06588015535583464,-0.38022207067469516,-0.5879698647704461,0.7139486081600486,-2.7421514987945557,-4.322911739349365,-0.26131024956703186
2.84,1.5182094481903756,1.6953820396214998,1.2231560402030477,1.4595004766574342,63.064029693603516,-30.305355072021484,-325.0325927734375,-2.055912494659424,4.514018535614014,18.630468368530273,0.33422600146671383,0.6294001458840159,0.7015329189031342,-0.875460144731449,0.48301660725282264,-0.01626321323610136,-0.34908811914810645,-0.608728521985911,0.7124514520937448,-2.8022310733795166,-3.94140625,-0.2690143883228302
2.85,1.5182094481903756,1.6953820396214998,1.2231560402030477,1.4595004766574342,63.04324722290039,-30.26027488708496,-324.846435546875,-2.097994327545166,4.501298427581787,18.626401901245117,0.3591720269688249,0.6104151843199532,0.7059665415547276,-0.8765066452804195,0.4804199610713651,0.030541149019849834,-0.3205176373031138,-0.6297538914177706,0.7075863766507975,-2.8653714656829834,-3.68176007270813,-0.27570006251335144
2.86,1.5182094481903756,1.6953820396214998,1.2231560402030477,1.4595004766574342,63.0220947265625,-30.2153377532959,-324.6602783203125,-2.1329617500305176,4.485706806182861,18.629465103149414,0.383154300764716,0.5909029715574778,0.709948209385758,-0.8759083104886747,0.4764247150890628,0.07618479158717206,-0.29321905364825296,-0.6510400671670277,0.7001210020566266,-2.939220905303955,-3.573521852493286,-0.2816224694252014
2.87,1.3933078187484178,1.977888372622001,1.7002109323865184,1.6495449395355397,63.00059509277344,-30.17056655883789,-324.47393798828125,-2.167022228240967,4.467601776123047,18.633825302124023,0.4066183195732336,0.5708410384892391,0.7133036176579833,-0.8737753066855947,0.47099322404296506,0.1211697005530179,-0.2667925329051293,-0.6725369073011087,0.6903012767653883,-3.014540195465088,-3.4859752655029297,-0.28744861483573914
2.88,1.3933078187484178,1.977888372622001,1.7002109323865184,1.6495449395355397,62.97875213623047,-30.125991821289062,-324.2874755859375,-2.2037622928619385,4.4465436935424805,18.63648796081543,0.4296874044966188,0.550216509639225,0.7159822113274795,-0.8701777922869139,0.4640801488770344,0.16559053484104042,-0.24116248511663538,-0.6941839870947024,0.6781955822870497,-3.099252700805664,-3.43597412109375,-0.2919515073299408
2.89,1.274161655490769,3.0910215650076354,1.0977387406546852,1.143444203138319,62.9565315246582,-30.081645965576172,-324.10101318359375,-2.2431137561798096,4.4224019050598145,18.638086318969727,0.4526699040704762,0.5289578613079089,0.7178394938350693,-0.8650975437409085,0.4556238226203634,0.20979316498459682,-0.21609303034173144,-0.7159682347851546,0.6638473386376998,-3.1925854682922363,-3.418571949005127,-0.2953268587589264
2.9,1.274161655490769,3.0910215650076354,1.0977387406546852,1.143444203138319,62.93389129638672,-30.037553787231445,-323.91455078125,-2.282531499862671,4.3957390785217285,18.641530990600586,0.47530017598963115,0.5068095714641621,0.7191896835860048,-0.8586440899540535,0.44547553280650454,0.2535387080067577,-0.19188556352993474,-0.7380349639028444,0.6469036424118557,-3.388665199279785,-3.260533571243286,-0.29647111892700195
2.91,2.179035733107922,2.842732102107766,1.415003903681486,1.5888018222988374,62.91086959838867,-29.993741989135742,-323.72808837890625,-2.3217971324920654,4.366812229156494,18.647701263427734,0.4962890640688175,0.4828139165442148,0.7215177661547449,-0.8513887612916543,0.43323017238740136,0.295717424037619,-0.16980677852182363,-0.7610534407808813,0.6260697391214671,-3.6786229610443115,-2.967909574508667,-0.29556748270988464
2.92,2.179035733107922,2.842732102107766,1.415003903681486,1.5888018222988374,62.8874397277832,-29.950233459472656,-323.5416259765625,-2.3660545349121094,4.333744049072266,18.6531982421875,0.515256994643613,0.45680318296376765,0.725149006415235,-0.8437654586546272,0.4187001784451062,0.3357826847104884,-0.15023341922548,-0.784870060968188,0.6011729427906868,-3.9024040699005127,-2.663231372833252,-0.2966920733451843
2.93,2.337865420624852,2.5275083584466707,1.8592736328150177,2.4458242705276816,62.8635368347168,-29.90707778930664,-323.35516357421875,-2.415186643600464,4.296533584594727,18.65937042236328,0.5322099362139421,0.4294154214281775,0.7296266028831544,-0.836085497389903,0.4020719818802883,0.3732280300850075,-0.1330925424260499,-0.8086658872652646,0.5730147100415942,-4.054304599761963,-2.362200975418091,-0.2997015416622162
2.94,2.337865420624852,2.5275083584466707,1.8592736328150177,2.4458242705276816,62.83911895751953,-29.86431312561035,-323.1684875488281,-2.4694056510925293,4.254935264587402,18.667213439941406,0.5473955220334141,0.400853835367826,0.7346253093439332,-0.8285005755088641,0.3834397801010478,0.40811852618760275,-0.11808869056453691,-0.8320397452687964,0.5420008518939698,-4.190946578979492,-2.1615724563598633,-0.3043285012245178
2.95,1.7601664615845936,1.2720836803795075,1.7316412532610441,2.9255359019058673,62.81413269042969,-29.821989059448242,-322.9817199707031,-2.5280184745788574,4.209280967712402,18.678176879882812,0.5617252537298864,0.37118611557635584,0.7393819087085043,-0.8207062407393979,0.3628178711705997,0.4413665809399704,-0.10443182337534934,-0.8547421014332744,0.5084387222703731,-4.321579456329346,-2.053633213043213,-0.3104141354560852
2.96,1.7601664615845936,1.2720836803795075,1.7316412532610441,2.9255359019058673,62.78857421875,-29.78012466430664,-322.79486083984375,-2.582817792892456,4.1644287109375,18.698471069335938,0.5758515687564069,0.3404628134891053,0.7432900129773491,-0.8124038302062107,0.3401880895065478,0.4735737328274905,-0.0916241639910762,-0.8765598304673603,0.4724911387359224,-4.446019172668457,-2.1084177494049072,-0.31920894980430603
2.97,2.7303609173253047,2.371756581292797,1.0389181000769654,1.7638523894824587,62.76249313354492,-29.738697052001953,-322.60772705078125,-2.633608102798462,4.12078857421875,18.727964401245117,0.5911931910642405,0.3088156397195821,0.7450661121698299,-0.8026754975781247,0.31549011652070885,0.5061403283334172,-0.07875694526192761,-0.8972730281482524,0.4343943560069294,-4.565990447998047,-2.3038954734802246,-0.33079496026039124
2.98,2.7303609173253047,2.371756581292797,1.0389181000769654,1.7638523894824587,62.735904693603516,-29.69771385192871,-322.4202575683594,-2.6849465370178223,4.075436115264893,18.7635498046875,0.6074911197325883,0.2764362296159011,0.7446727807579587,-0.791572590415643,0.28867901100705873,0.538588212558217,-0.06608610707792278,-0.9166501183983621,0.3941892780017666,-4.659971237182617,-2.2478809356689453,-0.34199729561805725
2.99,1.9732200743400308,1.6669495139331845,1.9550611115983823,2.249801812173991,62.70879364013672,-29.657194137573242,-322.232421875,-2.737226724624634,4.028057098388672,18.80506706237793,0.6222326706981118,0.2436232120112996,0.7439584894906386,-0.7808965438205342,0.25995647449947124,0.567999312688801,-0.05501900912448204,-0.9343823424782294,0.35199793564715265,-4.7292680740356445,-1.9427615404129028,-0.3517616391181946
3.0,1.9732200743400308,1.6669495139331845,1.9550611115983823,2.249801812173991,62.68115997314453,-29.617155075073242,-322.04412841796875,-2.7897257804870605,3.979384183883667,18.852985382080078,0.6351054630085632,0.21052112949766805,0.7431836279760913,-0.771079164420317,0.22957448001708408,0.5939128558313516,-0.04558478971701935,-0.9502507101601725,0.3081324630520834,-4.765560150146484,-1.7997868061065674,-0.3598438799381256
3.01,1.9732200743400308,1.6669495139331845,1.9550611115983823,2.249801812173991,62.65299987792969,-29.57761001586914,-321.8553466796875,-2.842334032058716,3.9296371936798096,18.90723419189453,0.6478546945981669,0.17744561608331572,0.7408085771776192,-0.7608683679361485,0.1978765723300953,0.6180001527484232,-0.036927244160614936,-0.9640321132906856,0.26320802264178284,-4.774539947509766,-1.8349335193634033,-0.36697229743003845
3.02,1.2487631487828041,2.477160837077923,1.6490529092791624,2.6129770942359523,62.62431335449219,-29.53856658935547,-321.6659851074219,-2.8950376510620117,3.878739356994629,18.967500686645508,0.6610291506504837,0.1445781275434696,0.7362999572364002,-0.7498052576282219,0.1650044020906496,0.6407539488163795,-0.028853728067206763,-0.9756386176893225,0.21747815993771002,-4.780045509338379,-1.894500732421875,-0.3741118609905243
3.03,1.2487631487828041,2.477160837077923,1.6490529092791624,2.6129770942359523,62.595096588134766,-29.50004005432129,-321.4759826660156,-2.948136568069458,3.8262572288513184,19.03335189819336,0.6746587362053493,0.11161933504285648,0.7296414966998458,-0.737818948212912,0.13066306057193638,0.6622313525196208,-0.021419367866318706,-0.9851234890340219,0.17050783569573064,-4.953996658325195,-1.9549367427825928,-0.3797806203365326
3.04,1.121035730463935,2.9526180197104397,2.8902820143019237,2.666502743546673,62.565345764160156,-29.462045669555664,-321.2853088378906,-3.0013928413391113,3.772207736968994,19.104650497436523,0.6886907923522663,0.07711567451284829,0.7209425533796965,-0.724905073852885,0.09346371842670786,0.6824786936162891,-0.014752167012044015,-0.9926317071715379,0.12026914602742989,-5.284819602966309,-2.0127623081207275,-0.3843345642089844
3.05,1.121035730463935,2.9526180197104397,2.8902820143019237,2.666502743546673,62.53505325317383,-29.424619674682617,-321.0939025878906,-3.059628486633301,3.7117080688476562,19.180692672729492,0.7032240159228409,0.04083161756281678,0.7097948734927267,-0.710911509760501,0.05300659177827299,0.7012810610005783,-0.008989367018717886,-0.9977590291424355,0.0663031752282453,-5.593000888824463,-2.1341826915740967,-0.3857976496219635
3.06,1.550353546955871,2.2446650763197242,1.9159627414589475,2.5083176569744,62.50414276123047,-29.387836456298828,-320.9017028808594,-3.121962785720825,3.64495849609375,19.261999130249023,0.7187614909459455,0.0033088297744909845,0.6952488552875764,-0.6952434099569863,0.009610345331584003,0.718710123884442,-0.004303492133565123,-0.9999483451199525,0.00920798823441904,-5.863173007965088,-2.315092086791992,-0.3848210871219635
3.07,1.550353546955871,2.2446650763197242,1.9159627414589475,2.5083176569744,62.472633361816406,-29.351715087890625,-320.7086486816406,-3.179107904434204,3.580810070037842,19.348848342895508,0.7352213403989785,-0.034982634134022084,0.6769237740920125,-0.6778264459380163,-0.03655491853825543,0.7343126358150857,-0.000943296860166587,-0.998719156339612,-0.05058811077048575,-6.104059219360352,-2.4445972442626953,-0.38799282908439636
3.08,2.3455673526312806,1.853576965336484,2.370797610313173,2.437372257939778,62.440582275390625,-29.316211700439453,-320.51470947265625,-3.2305245399475098,3.5197179317474365,19.440126419067383,0.7519799048398943,-0.07346807935080002,0.6550791280704097,-0.65918537045797,-0.08521636788968973,0.7471364119207939,0.0009327867776363075,-0.9936501456549955,-0.11251007932018303,-6.321913719177246,-2.5194194316864014,-0.3951994478702545
3.09,2.3455673526312806,1.853576965336484,2.370797610313173,2.437372257939778,62.40802001953125,-29.281330108642578,-320.3198547363281,-3.2816874980926514,3.4553840160369873,19.535518646240234,0.7687525741388288,-0.11146746096774135,0.6297574810197413,-0.6395451714325169,-0.13584299318279502,0.7566562329753797,0.0012055920857976243,-0.9844397829976927,-0.1757181271217586,-6.405956745147705,-2.5842390060424805,-0.4046210050582886
3.1,2.803874126563337,2.671440844332442,2.61124703903846,2.81203840749031,62.37494659423828,-29.247114181518555,-320.1239929199219,-3.332322120666504,3.3875479698181152,19.63451385498047,0.7853858936726003,-0.14762779913166682,0.6011447670433732,-0.6190064271309748,-0.1869894640930344,0.7628014050123042,-0.00020295476473725094,-0.971205937606304,-0.23824144384977075,-6.36838960647583,-2.6460719108581543,-0.4155159592628479
3.11,2.803874126563337,2.671440844332442,2.61124703903846,2.81203840749031,62.341365814208984,-29.213605880737305,-319.9270935058594,-3.385253667831421,3.3117990493774414,19.738161087036133,0.8016634149938425,-0.18149736299357688,0.569556385520159,-0.5977665354798198,-0.23812680420081161,0.7654872919791429,-0.003307283003227801,-0.9541249039551825,-0.2993905969325866,-6.352129936218262,-2.661525249481201,-0.426261842250824
3.12,2.291108176584646,3.0131175488343795,1.5360229094059046,2.473570934968355,62.30724334716797,-29.180898666381836,-319.72918701171875,-3.438992977142334,3.2290899753570557,19.84607696533203,0.8171581235004397,-0.21315674326171263,0.5355528022513749,-0.5763586054560216,-0.2893245022728965,0.764265719695271,-0.007959843844578873,-0.9331964076155678,-0.35927859064988676,-6.3689117431640625,-2.6339683532714844,-0.43659913539886475
3.13,2.291108176584646,3.0131175488343795,1.5360229094059046,2.473570934968355,62.27260971069336,-29.149005889892578,-319.5301818847656,-3.4850807189941406,3.1506705284118652,19.952831268310547,0.8315690428241318,-0.2427487816989157,0.49956576744233533,-0.5552462310785371,-0.34073818780128035,0.7586824831554891,-0.013948114196445871,-0.9082788758732593,-0.4181326748207695,-6.512044906616211,-2.5140745639801025,-0.4465423822402954
3.14,2.6225320978234503,1.601498926976873,1.2809307481609498,1.2993144132604733,62.237571716308594,-29.117868423461914,-319.33013916015625,-3.5233213901519775,3.0771961212158203,20.05669593811035,0.844353464465985,-0.2708848092431887,0.4622646938341388,-0.5353859414335828,-0.3932141860088775,0.7474921388460567,-0.020715230135463364,-0.8786375953956542,-0.4770396788504888,-6.768402576446533,-2.312335729598999,-0.45596444606781006
3.15,2.6225320978234503,1.601498926976873,1.2809307481609498,1.2993144132604733,62.202186584472656,-29.087432861328125,-319.12908935546875,-3.5513901710510254,3.0132694244384766,20.15287208557129,0.8554113092891896,-0.2972604776583919,0.4241552785978962,-0.517199556158042,-0.44617877509249027,0.730362320883881,-0.02785876971581086,-0.8441331109956944,-0.5354093572871618,-6.836054801940918,-2.073848247528076,-0.46642452478408813
3.16,2.165633267957669,1.278488842431976,1.6513940677701995,2.9633647513786414,62.16657638549805,-29.057580947875977,-318.9270935058594,-3.5706210136413574,2.9577372074127197,20.240177154541016,0.8647532782250202,-0.32068294531049985,0.386476669911735,-0.5009828824131887,-0.49738289387658297,0.7082558918977867,-0.03489870095081357,-0.806084800418628,-0.5907701542952275,-6.71567440032959,-1.8109831809997559,-0.4773910939693451
3.17,2.165633267957669,1.278488842431976,1.6513940677701995,2.9633647513786414,62.13078689575195,-29.028289794921875,-318.7242736816406,-3.5875048637390137,2.8998193740844727,20.325857162475586,0.8727683284224366,-0.3410595626118124,0.34921887070109103,-0.48633724703822084,-0.5462199829031016,0.6819969299202308,-0.04185124903740242,-0.7650634647062783,-0.6425934701859604,-6.677799701690674,-1.7384283542633057,-0.4899417459964752
3.18,2.165633267957669,1.278488842431976,1.6513940677701995,2.9633647513786414,62.0948371887207,-28.99959373474121,-318.5205993652344,-3.602006196975708,2.8393688201904297,20.41021156311035,0.8804005356917409,-0.35881677759822483,0.3100732443596539,-0.471578514212212,-0.5933550060494078,0.6523369847935266,-0.050085943008973455,-0.7205417107358417,-0.6916003480354594,-6.738296985626221,-1.844506859779358,-0.5047338008880615
3.19,2.5472370085486604,3.0643576910107515,2.1929571073950704,3.0552125158323706,62.05876159667969,-28.971498489379883,-318.31610107421875,-3.612171173095703,2.779838800430298,20.49017906188965,0.8877996674146224,-0.3738930229330472,0.2683575188819456,-0.45628019450325435,-0.6388323147567244,0.6194365647317226,-0.0601675547330813,-0.6723817970651444,-0.7377550978020339,-6.813266754150391,-1.9741573333740234,-0.5203158855438232
3.2,2.5472370085486604,3.0643576910107515,2.1929571073950704,3.0552125158323706,62.02259826660156,-28.944015502929688,-318.11077880859375,-3.6207821369171143,2.7141661643981934,20.57482147216797,0.8947444692346421,-0.3861390890233171,0.22434112129135397,-0.44073857014139056,-0.6825579426165439,0.582978702664852,-0.07198505097408602,-0.6204927549128306,-0.7809013340601646,-6.963922023773193,-2.000012159347534,-0.5328356623649597
3.21,1.6351153347459355,1.1484677634050755,2.1266984153530704,2.296211722134302,61.986358642578125,-28.917226791381836,-317.9045715332031,-3.6264734268188477,2.6441478729248047,20.66387367248535,0.9008162443197729,-0.3955724467645417,0.17903221310795817,-0.42588900788743184,-0.7246766613982267,0.5417215976729922,-0.08454967137889122,-0.5642394667031313,-0.8212704653670968,-7.182729244232178,-1.9264323711395264,-0.5421257615089417
3.22,1.6351153347459355,1.1484677634050755,2.1266984153530704,2.296211722134302,61.950096130371094,-28.891098022460938,-317.6975402832031,-3.623650312423706,2.585604190826416,20.735395431518555,0.9060041231438227,-0.40194143055875164,0.13266354151302154,-0.41180688421097666,-0.7646092993596021,0.495769814983996,-0.09783465113568013,-0.5038012561846215,-0.8582614259676109,-7.28108549118042,-1.9756375551223755,-0.5515879988670349
3.23,2.0383643927249357,1.8286359012166191,1.889836236586044,1.5099473429574706,61.91390609741211,-28.865482330322266,-317.4898986816406,-3.61348819732666,2.5379457473754883,20.788599014282227,0.9104851814241074,-0.40479768378588515,0.08459060000196894,-0.3977386903116337,-0.8011697009919846,0.4471364941956772,-0.11322839147624095,-0.4407561064965488,-0.8904568411493655,-7.260972499847412,-2.1503188610076904,-0.5620512962341309
3.24,2.0383643927249357,1.8286359012166191,1.889836236586044,1.5099473429574706,61.87784194946289,-28.8403263092041,-317.2817687988281,-3.598579168319702,2.49403715133667,20.835220336914062,0.9140951518757894,-0.4039638778872492,0.03525958989371692,-0.38383069776798107,-0.8339262265464065,0.3965363087146202,-0.13078244824181223,-0.3760056303306739,-0.9173416578306637,-7.204449653625488,-2.1968626976013184,-0.5715041756629944
3.25,2.18994741630814,1.9888625392301136,2.808113016876359,1.3414780370747943,61.84194564819336,-28.815595626831055,-317.07318115234375,-3.5793347358703613,2.453253746032715,20.877527236938477,0.9166465101166206,-0.39947760221462,-0.013297398989203027,-0.3709535546040365,-0.862641113412415,0.3438659183129657,-0.1488376156005271,-0.310270776547594,-0.9389246026188167,-7.126306056976318,-2.1107544898986816,-0.5792849659919739
3.26,2.18994741630814,1.9888625392301136,2.808113016876359,1.3414780370747943,61.806270599365234,-28.791257858276367,-316.8642272949219,-3.5558810234069824,2.4142932891845703,20.920888900756836,0.9181897562795638,-0.39153738508788893,-0.06021667162683095,-0.3592992318787521,-0.8871349164860112,0.28964754775881835,-0.16682815540134135,-0.24431560742182729,-0.9552372744692754,-6.962292194366455,-2.0365586280822754,-0.5843037962913513
3.27,2.633303052158581,1.0736048880853548,1.9564567715851255,2.0911927017680028,61.77084732055664,-28.76729965209961,-316.65478515625,-3.5282106399536133,2.3779149055480957,20.965816497802734,0.9187868312821861,-0.38049651962499703,-0.10513399647927282,-0.3487597343007673,-0.9071808062674596,0.23535002118202608,-0.18492540764561724,-0.17956999552594016,-0.9662076434772786,-6.72095251083374,-1.988864541053772,-0.5868930816650391
3.28,2.633303052158581,1.0736048880853548,1.9564567715851255,2.0911927017680028,61.735713958740234,-28.743682861328125,-316.4449157714844,-3.4970781803131104,2.3461711406707764,21.00686264038086,0.9184886506691584,-0.36672160555587047,-0.14796574809891933,-0.33924104324376453,-0.9229810692596149,0.18171807936267625,-0.20320953021654914,-0.11670993876659413,-0.9721546569462428,-6.48736572265625,-1.971351146697998,-0.5945102572441101
3.29,2.760471745432649,2.008594672499367,3.067053784094799,2.2387607716924505,61.70091247558594,-28.720361709594727,-316.2346496582031,-3.4630582332611084,2.3190062046051025,21.044523239135742,0.9173144097265424,-0.35045992692270944,-0.18897648882698112,-0.33059303719322675,-0.9349070627120328,0.1290621085001977,-0.2219065512043363,-0.05591622047749825,-0.9734633320367589,-6.269779205322266,-1.9786282777786255,-0.6071354746818542
3.3,2.760471745432649,2.008594672499367,3.067053784094799,2.2387607716924505,61.66648483276367,-28.697294235229492,-316.0239562988281,-3.4240715503692627,2.294816255569458,21.091930389404297,0.9152536360577841,-0.33199909859406895,-0.2282265983967049,-0.32278627329811127,-0.9432762733261719,0.0777103207444543,-0.24108049164816747,0.0025437595433986104,-0.9705017907423268,-6.042817115783691,-2.003329038619995,-0.6168960928916931
3.31,2.965035556607117,1.6499891912028268,1.4101561674012992,3.0830206974085375,61.6324577331543,-28.67445182800293,-315.812744140625,-3.379875659942627,2.2744884490966797,21.149084091186523,0.9122516765296815,-0.31169647836962094,-0.2657859741234695,-0.3158527771073851,-0.9483915145146316,0.02811687020626024,-0.26083309196177096,0.05829957605866109,-0.9636219474301333,-5.8054633140563965,-2.041969060897827,-0.623447835445404
3.32,2.965035556607117,1.6499891912028268,1.4101561674012992,3.0830206974085375,61.59889221191406,-28.65178871154785,-315.6009826660156,-3.333611488342285,2.259115695953369,21.203916549682617,0.9083306863534211,-0.2896950250221237,-0.3016822114513115,-0.30980136341804726,-0.9505918553548518,-0.019955945413312456,-0.2809955150052073,0.11158815802069348,-0.9531996661437239,-5.715293884277344,-2.037771701812744,-0.635343611240387
3.33,2.965035556607117,1.6499891912028268,1.4101561674012992,3.0830206974085375,61.565792083740234,-28.629253387451172,-315.3887023925781,-3.286001205444336,2.248411178588867,21.25619888305664,0.903692337122612,-0.26556808957926364,-0.33587758130469403,-0.3045677884551981,-0.950039817556098,-0.06828475154443905,-0.30096282504884364,0.16400589884268268,-0.9394271888142385,-5.762848854064941,-1.9908641576766968,-0.6525604128837585
3.34,2.503336293294562,2.6978470613025167,2.3744381012349134,2.9097334871040714,61.533180236816406,-28.60680389404297,-315.1758728027344,-3.2364213466644287,2.2423367500305176,21.309663772583008,0.8984463990508734,-0.23919275738874549,-0.368213107921605,-0.3001125519140954,-0.9466611504797214,-0.11732485821862257,-0.32050978801922436,0.21591547185224882,-0.9223090505891681,-5.829507350921631,-1.9367645978927612,-0.6704355478286743
3.35,2.503336293294562,2.6978470613025167,2.3744381012349134,2.9097334871040714,61.50107955932617,-28.58439064025879,-314.96246337890625,-3.1825647354125977,2.241886615753174,21.370908737182617,0.8926332937261842,-0.2105928375217619,-0.3985680114059286,-0.2964349096190794,-0.9403300187304965,-0.16705029252722778,-0.33960587051856433,0.2672641252746746,-0.9017969505661966,-5.927205562591553,-1.8945503234863281,-0.6832395195960999
3.36,2.7368070057111606,2.7516074223469786,1.1618075523743059,1.6421631892252835,61.469539642333984,-28.561948776245117,-314.7484130859375,-3.1245410442352295,2.247610092163086,21.439603805541992,0.8862173246556632,-0.1797457757028334,-0.42697811372147126,-0.29361292571966613,-0.9308394659616214,-0.21755307044172395,-0.35834383395071384,0.31816559324551513,-0.8777017442982741,-6.051661968231201,-1.864001750946045,-0.6913301944732666
3.37,2.7368070057111606,2.7516074223469786,1.1618075523743059,1.6421631892252835,61.43857955932617,-28.5394287109375,-314.5336608886719,-3.0689167976379395,2.2566299438476562,21.50257682800293,0.879500418059017,-0.1467139453650112,-0.45271849185718815,-0.2915151478545636,-0.9180152685779951,-0.26882500856319824,-0.37616211027341173,0.3684060055062949,-0.850164149974315,-6.161428928375244,-1.6432557106018066,-0.6988505125045776
3.38,1.1993027749047074,1.5771287538035494,1.158452380942424,2.030025601637731,61.40815353393555,-28.516807556152344,-314.318359375,-3.016411304473877,2.2682807445526123,21.56052017211914,0.8737013028877094,-0.11178063801450035,-0.47344600779538837,-0.2893773772612349,-0.9017451765563502,-0.3211173774288248,-0.39103294856281434,0.4175652350500801,-0.820202723487214,-6.252895355224609,-1.244485855102539,-0.7055228352546692
3.39,1.1993027749047074,1.5771287538035494,1.158452380942424,2.030025601637731,61.37823486328125,-28.494060516357422,-314.10247802734375,-2.9692084789276123,2.2806081771850586,21.611865997314453,0.8690478362646612,-0.07519266057863878,-0.48898049253402337,-0.2868891156505231,-0.8818231079277161,-0.37427615692956506,-0.40305147761169574,0.4655470654185345,-0.7879184198095761,-6.397503852844238,-1.033454179763794,-0.7111714482307434
3.4,2.7573891363940817,3.129340957783008,2.4459331897317886,1.9012775316927855,61.3487548828125,-28.47119140625,-313.8861389160156,-2.92703914642334,2.293334722518921,21.658981323242188,0.8643965845195672,-0.036825339738486076,-0.5014603065288933,-0.28476611269703883,-0.8578065537870571,-0.4278740204071637,-0.4143993312377855,0.5126517440067064,-0.7519716641181092,-6.594849586486816,-1.015750527381897,-0.7166507244110107
3.41,2.7573891363940817,3.129340957783008,2.4459331897317886,1.9012775316927855,61.31972122192383,-28.448152542114258,-313.66925048828125,-2.87601637840271,2.318160057067871,21.723804473876953,0.8595859046326074,0.00310636496613112,-0.5109818226254623,-0.28312429095814706,-0.8295602415193865,-0.4813215573395231,-0.42538536461235793,0.558408592508205,-0.712198803275193,-6.690475940704346,-0.8890944719314575,-0.7193699479103088
3.42,2.4142875941605926,2.4406358821271645,2.3239436862368383,1.1052921986770863,61.291255950927734,-28.424787521362305,-313.4516296386719,-2.8162295818328857,2.356534719467163,21.804780960083008,0.8554718021652361,0.04365474591125061,-0.5160060647507816,-0.28115818940090126,-0.7976314999294263,-0.5336047815126296,-0.43487707255380864,0.6015631749698102,-0.6700773673892229,-6.684566497802734,-0.640847384929657,-0.7188799381256104
3.43,2.4142875941605926,2.4406358821271645,2.3239436862368383,1.1052921986770863,61.26338195800781,-28.401018142700195,-313.2331848144531,-2.7605438232421875,2.3967630863189697,21.883939743041992,0.8523714301101719,0.08411936836952277,-0.5161268032151142,-0.27840510128717105,-0.7624802196183487,-0.5840500956836111,-0.44266640341144103,0.6415199502399499,-0.62649709395568,-6.58488130569458,-0.3839600086212158,-0.7164896130561829
3.44,2.8283470195820684,1.6992173254292045,1.3119351005438664,2.1904151374689946,61.23603057861328,-28.376848220825195,-313.0140075683594,-2.710106611251831,2.437244176864624,21.96054458618164,0.8502989623041719,0.12362272951131739,-0.5115751122294949,-0.2746504823936444,-0.7249421479042131,-0.6316850439205955,-0.4489529899949293,0.6776254887031611,-0.5824645137984075,-6.409003734588623,-0.1333044171333313,-0.712550163269043
3.45,2.8283470195820684,1.6992173254292045,1.3119351005438664,2.1904151374689946,61.209171295166016,-28.352262496948242,-312.79400634765625,-2.6622281074523926,2.480583429336548,22.03828239440918,0.8491877889405105,0.16184740558538213,-0.5026783428989239,-0.2697371384700526,-0.6854089505401256,-0.6763552665940226,-0.4540065806178529,0.7099436511616711,-0.5383846551778021,-6.293218612670898,0.08775435388088226,-0.7139450311660767
3.46,1.5660536075511402,1.7652947623995345,1.823419038419417,1.4513064638339166,61.182777404785156,-28.327226638793945,-312.5732116699219,-2.616605520248413,2.5270562171936035,22.1175537109375,0.848814216699542,0.19904926437376594,-0.4897895628542992,-0.2636667752783656,-0.6436113711921065,-0.7185013809913828,-0.45825130348210763,0.7390154215065333,-0.4938238042383843,-6.2415771484375,0.2828187048435211,-0.7204574942588806
3.47,1.5660536075511402,1.7652947623995345,1.823419038419417,1.4513064638339166,61.15681838989258,-28.301725387573242,-312.3516540527344,-2.5760931968688965,2.572277545928955,22.19556999206543,0.8489604406785154,0.23515462288495043,-0.47325307553018353,-0.2565413690474293,-0.5995435556874191,-0.7581121624146108,-0.46200941130047507,0.7650162273896699,-0.44866187234961824,-6.203755855560303,0.407561331987381,-0.7222418189048767
3.48,2.0613428753507756,1.4668738781629977,2.472007305500024,2.868438763040944,61.13124084472656,-28.275785446166992,-312.12933349609375,-2.540398597717285,2.616076946258545,22.27288246154785,0.849179388285209,0.2699739211605311,-0.4538815356508414,-0.24896395644620617,-0.553302851386728,-0.7949043357775629,-0.46573738834477335,0.7880165204743643,-0.40263960132762144,-6.172080039978027,0.4695033133029938,-0.7192436456680298
3.49,2.0613428753507756,1.4668738781629977,2.472007305500024,2.868438763040944,61.10601043701172,-28.249370574951172,-311.9062194824219,-2.502401828765869,2.6704769134521484,22.355812072753906,0.8491281155322298,0.3033607807799169,-0.4323814058181551,-0.24148518774976854,-0.505076832256102,-0.8286026174322654,-0.4697513677576085,0.8080034840288384,-0.35561780367005713,-6.139281749725342,0.39358001947402954,-0.7185722589492798
3.5,2.0613428753507756,1.4668738781629977,2.472007305500024,2.868438763040944,61.08119583129883,-28.222341537475586,-311.6822204589844,-2.462514638900757,2.7357349395751953,22.4432373046875,0.8480891793016463,0.33526691413708437,-0.4102936024805365,-0.23551707621458293,-0.45512099914275406,-0.8587179880208841,-0.47463296426058943,0.8249005833579569,-0.30702211127687207,-6.105875015258789,0.19664186239242554,-0.7210994362831116
3.51,1.236384611677719,1.3753967106970635,1.6002651675466355,2.604820340458582,61.0567626953125,-28.19464111328125,-311.45733642578125,-2.4245028495788574,2.8050127029418945,22.531429290771484,0.8459186876099527,0.365702544902871,-0.3881793691115216,-0.23163081454892975,-0.4036932757219771,-0.8850869476431449,-0.48038395029773284,0.8386258926293795,-0.256783707637229,-6.073696136474609,-0.017107350751757622,-0.7246774435043335
3.52,1.236384611677719,1.3753967106970635,1.6002651675466355,2.604820340458582,61.03268814086914,-28.166263580322266,-311.2315979003906,-2.392395257949829,2.8685529232025146,22.617389678955078,0.8427058277512627,0.39481479275613274,-0.3660166216102641,-0.22996800558465902,-0.3507329666050154,-0.9078001446044497,-0.4867870214801064,0.849180584774156,-0.20476994447708718,-6.145718574523926,-0.21781623363494873,-0.7287472486495972
3.53,2.7217301063275947,3.004009038503309,1.7233952144153442,1.9320345575901752,61.0088996887207,-28.137283325195312,-311.0050048828125,-2.36562442779541,2.926193952560425,22.701618194580078,0.8386158649555877,0.42304390053206997,-0.34315781976723697,-0.2304649034487769,-0.29525600667291524,-0.9272053811329556,-0.4935679885518685,0.856654976490638,-0.1501095997286221,-6.314560890197754,-0.4036358594894409,-0.7332420945167542
3.54,2.7217301063275947,3.004009038503309,1.7233952144153442,1.9320345575901752,60.985382080078125,-28.107696533203125,-310.7775573730469,-2.3372979164123535,2.9954071044921875,22.787015914916992,0.8340446620570618,0.45034715091273214,-0.3186800046424404,-0.2323438554575481,-0.23718644932437177,-0.9432703329841445,-0.5003856857717285,0.8607729270380673,-0.09318869863387386,-6.44746208190918,-0.3335593342781067,-0.7362986207008362
3.55,2.4593980311947066,1.4315043118868997,1.92786747203768,2.0931963607565223,60.962158203125,-28.07733917236328,-310.54925537109375,-2.3078882694244385,3.0763461589813232,22.8718318939209,0.8300537663110255,0.47626288808794776,-0.29014549188813527,-0.23258692623949423,-0.17722217648233113,-0.9562926444898179,-0.5068669122909337,0.8612583593748115,-0.03633141384067623,-6.534219741821289,-0.027743540704250336,-0.7369677424430847
3.56,2.4593980311947066,1.4315043118868997,1.92786747203768,2.0931963607565223,60.939208984375,-28.046178817749023,-310.32012939453125,-2.282799243927002,3.1535027027130127,22.953760147094727,0.8266926088581743,0.5002931709619112,-0.25746081944276855,-0.23063881154813376,-0.11605940997158537,-0.9660931383488408,-0.5132105504244144,0.8580425143580729,0.019441565964352148,-6.509090900421143,0.15936817228794098,-0.738871157169342
3.57,1.2679045417203834,1.684786889530923,1.290125316044988,2.0994178777632087,60.91648864746094,-28.0142822265625,-310.0901794433594,-2.2621703147888184,3.2256290912628174,23.03263282775879,0.8233555665850336,0.5219070099216508,-0.22293201647156993,-0.2281821822000891,-0.05523229300631688,-0.9720505570882977,-0.5196330461968752,0.8512123511814819,0.07361406452743913,-6.386040210723877,0.20956946909427643,-0.7426507472991943
3.58,1.2679045417203834,1.684786889530923,1.290125316044988,2.0994178777632087,60.893951416015625,-27.981691360473633,-309.8594665527344,-2.2459793090820312,3.2902960777282715,23.108781814575195,0.8198469972149856,0.5410956743257531,-0.18726017297741,-0.22587011034924026,0.005101768844558374,-0.9741440679927575,-0.5261497832446509,0.8409455649330786,0.12640000953715058,-6.40926456451416,0.21927793323993683,-0.7450973987579346
3.59,2.8398718370997416,1.2705002109183439,1.68541084465362,2.5847075812817746,60.871551513671875,-27.94849395751953,-309.62799072265625,-2.2335219383239746,3.3483164310455322,23.182109832763672,0.8161085929648682,0.5581395793131043,-0.1498231440502224,-0.22405369520642138,0.06661319837992064,-0.972297600257218,-0.5326975747581837,0.8270688555409326,0.17941683878878523,-6.579298496246338,0.2076917141675949,-0.7461524605751038
3.6,2.8398718370997416,1.2705002109183439,1.68541084465362,2.5847075812817746,60.849273681640625,-27.914697647094727,-309.39581298828125,-2.2222440242767334,3.414189100265503,23.249528884887695,0.8121474916988105,0.5728631031581316,-0.11065404089940059,-0.2227754082021247,0.1291836080625126,-0.9662725872694141,-0.5392472245897119,0.8094068571787533,0.23253595490656054,-6.624510765075684,0.2132994383573532,-0.7510215640068054
3.61,1.4782299802211614,2.0430805394575744,1.728856374514168,3.086992326093355,60.82710266113281,-27.88018798828125,-309.1629943847656,-2.2126996517181396,3.487570285797119,23.30954360961914,0.8079765546053654,0.5849570216292889,-0.07070480927514475,-0.22182734270642135,0.19081923870329098,-0.9562325282945067,-0.5458630938576547,0.7882977235710428,0.28393693274539167,-6.537415981292725,0.23644675314426422,-0.7595254182815552
3.62,1.4782299802211614,2.0430805394575744,1.728856374514168,3.086992326093355,60.80500793457031,-27.844947814941406,-308.9296569824219,-2.206045627593994,3.560617446899414,23.362953186035156,0.8035904609945596,0.5944129760514172,-0.03025863348283453,-0.22139685497104583,0.2513431075488368,-0.9422367403665723,-0.5524724460165239,0.7638716228460061,0.33357808711473835,-6.630584239959717,0.18395718932151794,-0.7653133869171143
3.63,1.2350406089896118,2.437268552851793,1.5106863008949338,1.7977668610221298,60.78296661376953,-27.808984756469727,-308.6957702636719,-2.2023727893829346,3.6318893432617188,23.409364700317383,0.7990198583417291,0.6012005504918789,0.011187674638838963,-0.22239942807867186,0.3127618013863252,-0.9234276094983624,-0.5586642644431827,0.7353488652890152,0.38360954882838216,-6.906489849090576,0.06089715287089348,-0.7684919834136963
3.64,1.2350406089896118,2.437268552851793,1.5106863008949338,1.7977668610221298,60.760955810546875,-27.772336959838867,-308.46148681640625,-2.2014896869659424,3.6951401233673096,23.45040512084961,0.7943694550515819,0.6050325107582968,0.05397063837462668,-0.22473484725342957,0.3752788086553014,-0.8992552831116621,-0.5643327186253078,0.7022118460263752,0.4340819116125433,-7.175142765045166,0.04442436993122101,-0.7683085799217224
3.65,1.2350406089896118,2.437268552851793,1.5106863008949338,1.7977668610221298,60.73894500732422,-27.735103607177734,-308.226806640625,-2.203005075454712,3.7504711151123047,23.485525131225586,0.7896571653653681,0.6055343512329778,0.09884184672489796,-0.227087966331513,0.43811020932157074,-0.8697646233525638,-0.5699759790855657,0.6643700730504545,0.48346643037586867,-7.416008949279785,0.13456551730632782,-0.7648268342018127
3.66,3.0050599676342085,1.8649568412058977,2.7275525406632193,1.9470166097165906,60.716896057128906,-27.697338104248047,-307.9918212890625,-2.207008123397827,3.8020384311676025,23.512195587158203,0.7848155857302405,0.6023246255339694,0.14584081003019495,-0.2290749607476578,0.5006126208768211,-0.834812353871994,-0.5758377885770947,0.6217652686458162,0.5308660772289349,-7.652320861816406,0.2407616525888443,-0.7605054974555969
3.67,3.0050599676342085,1.8649568412058977,2.7275525406632193,1.9470166097165906,60.694786071777344,-27.659042358398438,-307.7565612792969,-2.2155961990356445,3.859656572341919,23.523181915283203,0.7797696681394268,0.5952041375660914,0.1941424715870642,-0.23073567891252902,0.5614865075600236,-0.7946659350348563,-0.5819968308560648,0.5748607974564394,0.5751649784377036,-7.62611198425293,0.338224858045578,-0.7581395506858826
3.68,1.366642715584752,2.832798165854851,2.5829461117941697,2.418635711639368,60.67256546020508,-27.620136260986328,-307.5212707519531,-2.229576349258423,3.921537399291992,23.51822280883789,0.7744617959978003,0.584767577293321,0.2413623978302357,-0.2322612108636441,0.617712848049419,-0.7513225454375962,-0.5884417188371461,0.5258114851362368,0.6142138272872157,-7.356499671936035,0.42379942536354065,-0.7577112317085266
3.69,1.366642715584752,2.832798165854851,2.5829461117941697,2.418635711639368,60.650184631347656,-27.58062744140625,-307.2861633300781,-2.2471063137054443,3.978309154510498,23.50400733947754,0.7689196721853739,0.5713466019486632,0.2869243770892476,-0.2339085319048707,0.6690595622674018,-0.7054403595206759,-0.5950204504287604,0.47531291017630506,0.6480959041617889,-7.2996296882629395,0.43739283084869385,-0.7535616159439087
3.7,2.197136513578476,2.0171335128511423,2.0973136359494027,1.9329630913136224,60.62761688232422,-27.54058837890625,-307.05120849609375,-2.2677242755889893,4.028852462768555,23.48188591003418,0.7634188169452942,0.5542624802332003,0.33163958289020345,-0.2362894515135578,0.7175146796240085,-0.6552403983481773,-0.6011314374055552,0.42185991458041766,0.6787305853082896,-7.467747211456299,0.38700321316719055,-0.7459739446640015
3.71,2.197136513578476,2.0171335128511423,2.0973136359494027,1.9329630913136224,60.604827880859375,-27.50008201599121,-306.8165283203125,-2.290041208267212,4.070802688598633,23.454559326171875,0.7580290557517525,0.5333024342416959,0.3754736532274774,-0.23940137195691957,0.7630095467460369,-0.6004193656766508,-0.6066950912453891,0.3652464171026031,0.706056740674898,-7.54121732711792,0.3963368237018585,-0.7411772608757019
3.72,1.6064122268586964,2.4486958886898424,1.0474550881320275,1.123239296345303,60.581809997558594,-27.459199905395508,-306.5821228027344,-2.313814878463745,4.104546070098877,23.422466278076172,0.7524596966097521,0.5090339907430281,0.4179578941067946,-0.24274683475603326,0.8042405982045288,-0.5424675422691655,-0.6122731246705891,0.3067270064207724,0.7287250265623273,-7.501431465148926,0.4674438238143921,-0.7390729784965515
3.73,1.6064122268586964,2.4486958886898424,1.0474550881320275,1.123239296345303,60.558555603027344,-27.41802406311035,-306.3480529785156,-2.3360533714294434,4.1275315284729,23.391063690185547,0.7464010880765487,0.4816352988696021,0.4592524954760001,-0.24602690045179687,0.8409027295917293,-0.48203045922354393,-0.6183495613099649,0.24679959126377846,0.7461459520628695,-7.5419087409973145,0.6640922427177429,-0.7354276180267334
3.74,1.2438513869654473,2.1089789902509652,2.8420363206492727,1.6865925593133206,60.53509521484375,-27.376676559448242,-306.1142883300781,-2.3566195964813232,4.141305923461914,23.3609619140625,0.7390631110985587,0.4505804071938296,0.5007624331620356,-0.24865233891999644,0.873348399124696,-0.41884912330807855,-0.626065277876784,0.18504018590396376,0.7574974570503137,-7.6682610511779785,0.9711378812789917,-0.7293508648872375
3.75,1.2438513869654473,2.1089789902509652,2.8420363206492727,1.6865925593133206,60.51140594482422,-27.335205078125,-305.8808898925781,-2.382697820663452,4.15305233001709,23.322412490844727,0.7303827115201745,0.4157210933136346,0.5419567024094762,-0.25099475364187485,0.9012903430846823,-0.3530968013258547,-0.6352501305444116,0.12186751017564874,0.7626306980491253,-7.7124409675598145,1.082592248916626,-0.7195849418640137
3.76,1.752346834420686,1.4519977724932043,2.858844058825082,1.2132818896219293,60.48741912841797,-27.293624877929688,-305.64788818359375,-2.414996862411499,4.162308216094971,23.27655792236328,0.7216809027021776,0.377710652371713,0.5800959728871639,-0.2541649637804325,0.9240685048427599,-0.28547779168292164,-0.64387642126534,0.05858379846511437,0.7628834070131145,-7.6724090576171875,0.9991618394851685,-0.7075731754302979
3.77,1.752346834420686,1.4519977724932043,2.858844058825082,1.2132818896219293,60.46310043334961,-27.251977920532227,-305.4153747558594,-2.4487125873565674,4.165841579437256,23.23130226135254,0.713488851163011,0.337317249384572,0.614125990765505,-0.258321563247115,0.9413831587455368,-0.21695095849486876,-0.6513091656253991,-0.003849895830010608,0.758802707608799,-7.49457311630249,0.9086121916770935,-0.6969738602638245
3.78,1.3569608850771633,1.7796995606065797,2.737971712699859,1.176738726189068,60.43844223022461,-27.210325241088867,-305.18328857421875,-2.4831290245056152,4.163858413696289,23.188241958618164,0.7058233523619408,0.29599366675572253,0.6435846055500813,-0.2632859877170411,0.9530518976585712,-0.149574626996889,-0.6576426719217767,-0.06387354389650438,0.7506172702900512,-7.197951316833496,0.8317325711250305,-0.6879864931106567
3.79,1.3569608850771633,1.7796995606065797,2.737971712699859,1.176738726189068,60.41343688964844,-27.168716430664062,-304.95159912109375,-2.5185482501983643,4.1571364402771,23.14761734008789,0.698722719160779,0.254433968484528,0.6686179158606066,-0.2688912735212898,0.9594898375922378,-0.08412332959007066,-0.6629359280900876,-0.12100664129887648,0.7388324221424633,-6.947216510772705,0.7606935501098633,-0.6783459186553955
3.8,1.3569608850771633,1.7796995606065797,2.737971712699859,1.176738726189068,60.3880729675293,-27.127197265625,-304.7203369140625,-2.5549376010894775,4.1461358070373535,23.110065460205078,0.6922108591203754,0.212586900663934,0.68967451466756,-0.2749760821539571,0.9612365994241965,-0.020306505624228463,-0.667257282282548,-0.17558761230083753,0.7238347253671923,-6.752241134643555,0.6935605406761169,-0.6679257750511169
3.81,2.25959262968183,2.173230280800621,2.7763610103606395,2.20553364489156,60.362342834472656,-27.08580780029297,-304.4894104003906,-2.5926599502563477,4.131232261657715,23.07575798034668,0.6863335723440539,0.17063819436849914,0.7069857382550992,-0.28140904426262553,0.9586769658339633,0.04180221269958807,-0.6706378883426174,-0.22764244288366847,0.7059913178767221,-6.565441608428955,0.6253258585929871,-0.6576625108718872
3.82,2.25959262968183,2.173230280800621,2.7763610103606395,2.20553364489156,60.33620071411133,-27.04458236694336,-304.2588195800781,-2.6393930912017822,4.111904621124268,23.03772735595703,0.6811004048156336,0.12879456180022744,0.7207733342810814,-0.2880826793922122,0.9521484045778271,0.10208714656656045,-0.6731349109904967,-0.2771739102271098,0.685612146257073,-6.417032241821289,0.5712576508522034,-0.6505502462387085
3.83,2.811743541062671,1.374174080813242,1.2181213175735714,2.1198925266172846,60.309532165527344,-27.003582000732422,-304.02862548828125,-2.69462251663208,4.087377548217773,22.997636795043945,0.6764012722505391,0.08700660664095027,0.7313762159782606,-0.29494715191021004,0.9418987809935839,0.16072605247083105,-0.6748981378533414,-0.3244326382527316,0.6627638846214122,-6.303348541259766,0.5307202935218811,-0.6463136672973633
3.84,2.811743541062671,1.374174080813242,1.2181213175735714,2.1198925266172846,60.28232192993164,-26.962844848632812,-303.7987976074219,-2.7455508708953857,4.059798240661621,22.968002319335938,0.6719768850313631,0.04538304995094469,0.739180251874126,-0.3020230742121933,0.9281384850022936,0.21757990555440368,-0.6761871993959676,-0.3694581592478333,0.6373943362928796,-6.203824520111084,0.587757408618927,-0.6479595899581909
3.85,3.004634247873761,1.271520718463172,2.862693939542698,1.744012750484226,60.254634857177734,-26.922391891479492,-303.5692443847656,-2.791517734527588,4.030200481414795,22.949459075927734,0.6669261301357341,0.004031398079812926,0.7451129342399685,-0.30963316446770073,0.9110583147874224,0.2722132445683337,-0.677743934243525,-0.41225780148618624,0.6088568507538406,-6.11285924911499,0.7342712879180908,-0.6543745994567871
3.86,3.004634247873761,1.271520718463172,2.862693939542698,1.744012750484226,60.22647476196289,-26.882253646850586,-303.3397521972656,-2.842146158218384,3.9959495067596436,22.934417724609375,0.6611593051961366,-0.03651097275938908,0.7493566053760553,-0.3178994386944345,0.8910829626931738,0.323899830928822,-0.6795648019360078,-0.4523694314010609,0.5775409747399362,-5.844792366027832,0.8113608956336975,-0.6578076481819153
3.87,1.468359193344125,2.5690986220861505,2.9671357325824945,1.8168793086553032,60.197776794433594,-26.842485427856445,-303.1105651855469,-2.897749185562134,3.9567766189575195,22.923311233520508,0.655415968435281,-0.07445765962683387,0.7515889602987377,-0.3265243520835913,0.8693889515651646,0.3708701907579187,-0.6810372646312636,-0.48848634353410403,0.5454991625697034,-5.4117913246154785,0.8123488426208496,-0.6583048105239868
3.88,1.468359193344125,2.5690986220861505,2.9671357325824945,1.8168793086553032,60.16851806640625,-26.803129196166992,-302.8813781738281,-2.9543116092681885,3.9144821166992188,22.91925811767578,0.6500269097045377,-0.10969757847194819,0.7519517656986783,-0.3352851392574947,0.8465997311409756,0.41334340520336194,-0.6819449332996408,-0.5208025888082921,0.5135326391160837,-5.1708221435546875,0.7718366980552673,-0.653073787689209
3.89,1.2278132125375816,3.017817511215794,2.194631440132059,3.0268027234606345,60.13868713378906,-26.764205932617188,-302.6521911621094,-3.011176586151123,3.8695757389068604,22.92247772216797,0.6453070134877308,-0.14414292195075012,0.7502010906384006,-0.3438906288147483,0.8220935286200305,0.4537636671379322,-0.6821422826338671,-0.5508040016671694,0.48093331969254355,-5.126702308654785,0.7020629048347473,-0.6428695321083069
3.9,1.2278132125375816,3.017817511215794,2.194631440132059,3.0268027234606345,60.108280181884766,-26.725749969482422,-302.4230041503906,-3.070498466491699,3.820713996887207,22.931442260742188,0.6413989717460433,-0.17884995602927184,0.7460697368687769,-0.35217640147747603,0.7953040634336651,0.4934199316285029,-0.6816004264123475,-0.579227191967218,0.44712047459300897,-5.315178871154785,0.6122943758964539,-0.6346375942230225
3.91,2.5883462551858427,1.9263928600154365,1.3603563534726075,1.4885871758149423,60.077266693115234,-26.687803268432617,-302.1935729980469,-3.131896734237671,3.76778507232666,22.946496963500977,0.6384776437905524,-0.21566837962302676,0.7388054198572468,-0.35998344663826376,0.7647768336772267,0.5343484937913384,-0.6802633435119821,-0.6071272887141655,0.41065586416424826,-5.698235988616943,0.5088558197021484,-0.6288020014762878
3.92,2.5883462551858427,1.9263928600154365,1.3603563534726075,1.4885871758149423,60.0456657409668,-26.6503849029541,-301.9639892578125,-3.18617582321167,3.7170937061309814,22.972864151000977,0.636150526339024,-0.25438738406648265,0.7284226566124878,-0.3675532142428273,0.7301647813261353,0.5759896065127592,-0.6783930590287233,-0.6341501801141183,0.3709938092783791,-5.8666090965271,0.5873473882675171,-0.6266981363296509
3.93,2.842170127364975,2.7147324887706334,2.0599182969973198,1.2402328384006263,60.01356506347656,-26.61345100402832,-301.73406982421875,-3.233567237854004,3.669062376022339,23.009981155395508,0.6327593336603398,-0.29265589871569364,0.716915720718016,-0.3762349278055901,0.6930098982752187,0.6149671210655845,-0.6768034461827489,-0.6588549201755121,0.3284011105274681,-5.812801361083984,0.835049033164978,-0.627197802066803
3.94,2.842170127364975,2.7147324887706334,2.0599182969973198,1.2402328384006263,59.98098373413086,-26.5770206451416,-301.5037841796875,-3.2846577167510986,3.6154518127441406,23.05262565612793,0.6277188434287823,-0.32966440207344416,0.7051882270784097,-0.3866882199198802,0.6541725546996258,0.6500234528484027,-0.6756043769689674,-0.6807199502609894,0.28315909863016914,-5.694962501525879,1.1464534997940063,-0.6244751214981079
3.95,1.6845797237058258,2.538463118071479,2.6051784627538144,2.0953103644975704,59.94786071777344,-26.541160583496094,-301.27301025390625,-3.3397417068481445,3.555842876434326,23.10110092163086,0.6206400846939114,-0.36509226349831664,0.6939117554882682,-0.3994339535962696,0.614330270963626,0.6804783867928583,-0.6747283912698409,-0.6995040795531027,0.2354477451643548,-5.541530132293701,1.4977952241897583,-0.6182288527488708
3.96,1.6845797237058258,2.538463118071479,2.6051784627538144,2.0953103644975704,59.914188385009766,-26.50591278076172,-301.0417175292969,-3.3951776027679443,3.4936225414276123,23.157014846801758,0.6118881993825672,-0.39913821629352275,0.6828480912694896,-0.4142730035947847,0.5737084380850912,0.7065667035478824,-0.6737734856381006,-0.7152253577467669,0.18569323543708888,-5.480719089508057,1.6649843454360962,-0.6095415949821472
3.97,1.6845797237058258,2.538463118071479,2.6051784627538144,2.0953103644975704,59.87995910644531,-26.471294403076172,-300.809814453125,-3.4503185749053955,3.42950177192688,23.220211029052734,0.6031318265299146,-0.43263807046531655,0.670116631498381,-0.4295811088892092,0.5316901886649366,0.7299079491024615,-0.6720804049458714,-0.7281001601850475,0.13482613257933962,-5.51099157333374,1.6571294069290161,-0.5994260311126709
3.98,1.920186001232516,1.094046332124022,1.955801396364623,2.9090675044458836,59.845184326171875,-26.437326431274414,-300.5772705078125,-3.50466251373291,3.3638105392456055,23.290132522583008,0.5949205784314304,-0.4657457011760607,0.6550957542182915,-0.44476973713522033,0.4881184010078667,0.7509462747268879,-0.6695142913242998,-0.7381201585335163,0.0832420883866895,-5.55423641204834,1.6247503757476807,-0.5891698598861694
3.99,1.920186001232516,1.094046332124022,1.955801396364623,2.9090675044458836,59.80988311767578,-26.404010772705078,-300.3439636230469,-3.5547428131103516,3.3003158569335938,23.366315841674805,0.5875601068130549,-0.49830211520023543,0.637548525893365,-0.4594762732869793,0.4430969292781915,0.7697705278526493,-0.6660740763369645,-0.745224874283735,0.03138808023200762,-5.583058834075928,1.4940972328186035,-0.5850955247879028
4.0,1.6842312218768996,3.039590866316059,2.388330042008156,2.4883464621262283,59.774105072021484,-26.371315002441406,-300.1098937988281,-3.6005730628967285,3.2389519214630127,23.447479248046875,0.5818672987319925,-0.5299578166494698,0.6169077396486942,-0.4727296896460629,0.3968457594373315,0.7867910038528304,-0.6617832630049443,-0.7494385603828605,-0.019615224133162634,-5.597726821899414,1.2750604152679443,-0.5871716737747192
4.01,1.6842312218768996,3.039590866316059,2.388330042008156,2.4883464621262283,59.73786163330078,-26.339256286621094,-299.875,-3.6491501331329346,3.1705312728881836,23.532695770263672,0.5778078844239589,-0.5606819979835398,0.5931051726588592,-0.48444687569975836,0.3492299958622181,0.8020907895087801,-0.6568479834194911,-0.750782330057961,-0.06983279709768803,-5.7132086753845215,1.1612266302108765,-0.5847231149673462
4.02,1.8760622888094352,2.8653174177628977,1.0861432997669969,2.5023975740499593,59.701114654541016,-26.30792236328125,-299.63922119140625,-3.6997835636138916,3.094935894012451,23.621726989746094,0.5744527807449328,-0.5910584545643333,0.5662631066760719,-0.49567839836516436,0.2993370226831335,0.8152915259251396,-0.6513884617404271,-0.7490308739559535,-0.12101992303840298,-5.923356056213379,1.1552404165267944,-0.5769897103309631
4.03,1.8760622888094352,2.8653174177628977,1.0861432997669969,2.5023975740499593,59.66387939453125,-26.277341842651367,-299.4025573730469,-3.7448973655700684,3.0220155715942383,23.712865829467773,0.5713701687954762,-0.6211832186503224,0.5363464729797847,-0.5070146383906075,0.24672312653828238,0.8258715731206738,-0.6453466407042581,-0.743813893187268,-0.17397875052238077,-6.219355583190918,1.255165934562683,-0.5715165734291077
4.04,2.4099515048332445,2.647623345650641,1.852065226041065,2.4704557046587645,59.62624740600586,-26.247468948364258,-299.16497802734375,-3.7840523719787598,2.952361822128296,23.80477523803711,0.5679981205360776,-0.6512120931035648,0.5032901199737163,-0.5194361961794653,0.190693161875208,0.8329598766523173,-0.6384075290643834,-0.7345467499143331,-0.22994977500358338,-6.584014892578125,1.4424710273742676,-0.56822669506073
4.05,2.4099515048332445,2.647623345650641,1.852065226041065,2.4704557046587645,59.588233947753906,-26.21830940246582,-298.9264831542969,-3.8217737674713135,2.8783671855926514,23.898223876953125,0.564334406558212,-0.680671159971813,0.4671332246342762,-0.5331453819255759,0.13152924072231434,0.8357368369088701,-0.6303036405622472,-0.7206849733535715,-0.2886702095408177,-6.838497638702393,1.614465594291687,-0.5643481612205505
4.06,2.562358731087982,2.2460304181216717,1.107442675232626,1.6307852434032393,59.54983901977539,-26.189916610717773,-298.6870422363281,-3.8574867248535156,2.800020933151245,23.99250030517578,0.56067727723616,-0.708481115798364,0.4285971294212678,-0.5478178762460003,0.07075639490545244,0.8336000881989549,-0.6209159083614848,-0.702173796959904,-0.3484471173744209,-6.983123302459717,1.7620471715927124,-0.5597129464149475
4.07,2.562358731087982,2.2460304181216717,1.107442675232626,1.6307852434032393,59.511112213134766,-26.162288665771484,-298.4466552734375,-3.885361671447754,2.727858543395996,24.082305908203125,0.5570866933362912,-0.7340881522584011,0.38828984125455024,-0.5635271074654218,0.009279004110544886,0.8260454583340869,-0.6099931272229976,-0.6789907840291821,-0.4085093633494155,-7.061989784240723,1.998626470565796,-0.5552076697349548
4.08,1.5353452800614829,2.6969974306146827,1.3060517739950872,1.0898092168995288,59.47214889526367,-26.13534164428711,-298.2054138183594,-3.905626058578491,2.6620805263519287,24.165592193603516,0.5532845482567059,-0.7570567823843846,0.34747839775470307,-0.5810877476902587,-0.05189878631158035,0.8121844282326812,-0.5968360228275731,-0.6512845339981502,-0.4686312170888503,-7.091111183166504,2.320298910140991,-0.550395667552948
4.09,1.5353452800614829,2.6969974306146827,1.3060517739950872,1.0898092168995288,59.43301773071289,-26.109033584594727,-297.9633483886719,-3.9195690155029297,2.60085391998291,24.24116325378418,0.5493714597834458,-0.7773304866560786,0.3065098916681649,-0.6005458232700067,-0.11226644835453928,0.7916697283127655,-0.5809782382571279,-0.6189939895418065,-0.5284985596789855,-7.168567180633545,2.637417793273926,-0.5401526093482971
4.1,2.3194501640944654,2.418116115531094,2.1130376293694315,2.503756818629018,59.393775939941406,-26.08331298828125,-297.7206115722656,-3.927720069885254,2.5433876514434814,24.30777931213379,0.5455985071337279,-0.79507520752662,0.26491070833386476,-0.6215012807298766,-0.1718183324982876,0.7643393347647571,-0.5621907390419829,-0.5816647444997938,-0.5878840854636389,-7.296426296234131,2.9408020973205566,-0.5246280431747437
4.11,2.3194501640944654,2.418116115531094,2.1130376293694315,2.503756818629018,59.35446548461914,-26.058191299438477,-297.4772033691406,-3.934177875518799,2.477733612060547,24.373485565185547,0.5423169424005256,-0.8101810687181931,0.2224836395692751,-0.6432780339241232,-0.23006207355560654,0.7302498294296335,-0.5404495397870732,-0.5391456929271908,-0.6459382453005857,-7.395545482635498,3.123412609100342,-0.5105515718460083
4.12,2.3194501640944654,2.418116115531094,2.1130376293694315,2.503756818629018,59.315101623535156,-26.033775329589844,-297.233154296875,-3.937772512435913,2.405334234237671,24.437986373901367,0.5400901993243193,-0.8223675452448188,0.17892511596147628,-0.6644485967870842,-0.28617026288915304,0.6903728288871365,-0.5165371611234679,-0.49175014099231706,-0.7009787158056545,-7.462954998016357,3.195253849029541,-0.4988028407096863
4.13,1.5257024184172774,2.962173524915008,2.455065681097193,2.0116017073483685,59.275733947753906,-26.010080337524414,-296.9884948730469,-3.9356253147125244,2.3344526290893555,24.494747161865234,0.5391184580723687,-0.8314497239440558,0.13432291211489247,-0.6844440498226888,-0.3395720592578128,0.6451566935510514,-0.49080304688132126,-0.43975239979420466,-0.7521503812717572,-7.526054382324219,3.2512669563293457,-0.48710232973098755
4.14,1.5257024184172774,2.962173524915008,2.455065681097193,2.0116017073483685,59.23641586303711,-25.987075805664062,-296.7432861328125,-3.927154064178467,2.267810344696045,24.541105270385742,0.5394670111296208,-0.8373112523886599,0.08879870790843411,-0.7030144859933545,-0.3898626013053156,0.5947922196758731,-0.46340692311010323,-0.383297558988818,-0.7989599519918632,-7.627353668212891,3.297729253768921,-0.47093233466148376
4.15,2.3870331978002697,2.2095179965185707,1.2800966746905322,1.7356076375947058,59.19721221923828,-25.964712142944336,-296.4977111816406,-3.9125003814697266,2.205850601196289,24.576955795288086,0.5411591245045803,-0.8398623360145494,0.04216703107429348,-0.7199334395750681,-0.4368046778089933,0.5393491596598567,-0.4345602887368428,-0.322231174761794,-0.8410258173591261,-7.764860153198242,3.336697816848755,-0.4504951536655426
4.16,2.3870331978002697,2.2095179965185707,1.2800966746905322,1.7356076375947058,59.15818786621094,-25.942934036254883,-296.2518005371094,-3.8918354511260986,2.1513431072235107,24.598485946655273,0.5442435375875354,-0.8389119208491956,-0.005075514882070614,-0.7351820573446136,-0.479845693038451,0.4788062796486595,-0.40411175973082825,-0.25685579598202923,-0.8779059093762223,-7.8528313636779785,3.481478691101074,-0.4338568150997162
4.17,2.240773882662656,1.8538830942145155,1.3590371461869686,2.8640411188677306,59.11939239501953,-25.921663284301758,-296.0058288574219,-3.865891218185425,2.103861093521118,24.606666564941406,0.5488481836280579,-0.8343471312962455,-0.05128874950618029,-0.7491039626449388,-0.5181465432577694,0.4127558756210199,-0.37095676901470875,-0.188119707122222,-0.909396531395638,-7.890159606933594,3.7252914905548096,-0.4206892251968384
4.18,2.240773882662656,1.8538830942145155,1.3590371461869686,2.8640411188677306,59.08088302612305,-25.90084457397461,-295.7598571777344,-3.835040807723999,2.0599424839019775,24.609651565551758,0.5551107911660474,-0.8262085614682666,-0.09608029187893836,-0.7612752023308071,-0.5511996373051876,0.34152456156302685,-0.33512993875091635,-0.11644042593174751,-0.934948956554121,-7.984508514404297,3.8641984462738037,-0.4095493257045746
4.19,2.6125928044078313,1.684707861345107,2.2432300077474174,2.442588175654441,59.0427131652832,-25.880449295043945,-295.5138854980469,-3.799471378326416,2.0202364921569824,24.609268188476562,0.5630276525776239,-0.8144045076132429,-0.1405174736897939,-0.7707933020338136,-0.5788070523961031,0.26619557027934354,-0.29812337709871173,-0.04156553952213497,-0.9536219156203851,-8.137846946716309,3.895098924636841,-0.40016767382621765
4.2,2.6125928044078313,1.684707861345107,2.2432300077474174,2.442588175654441,59.004920959472656,-25.860424041748047,-295.2679138183594,-3.7592270374298096,1.9855879545211792,24.607919692993164,0.5725499530480319,-0.7988801117816599,-0.1843288318858964,-0.7773162720653527,-0.6004264055755445,0.18779655127305694,-0.2607028278464176,0.03575889382173508,-0.9647566206383488,-8.158025741577148,3.8927783966064453,-0.3893226683139801
4.21,1.7781453382225012,2.842893468438422,2.4260535271413857,1.0635345743469435,58.96754837036133,-25.840717315673828,-295.0219421386719,-3.71468186378479,1.9569483995437622,24.607017517089844,0.5835487479363022,-0.780022443369492,-0.22591114762636585,-0.780733018374282,-0.615422514152459,0.10821775775929578,-0.2234430862706591,0.11322595512581952,-0.9681183141970244,-8.048234939575195,3.8706047534942627,-0.37733137607574463
4.22,1.7781453382225012,2.842893468438422,2.4260535271413857,1.0635345743469435,58.930633544921875,-25.821264266967773,-294.7759704589844,-3.6677942276000977,1.935541033744812,24.602201461791992,0.5959472518221467,-0.7582210047900004,-0.2644764279493975,-0.7810971871161216,-0.6237713899426105,0.028221221949911043,-0.1863707523323156,0.1897634342656817,-0.9639791396554083,-7.953895568847656,3.949277400970459,-0.3585065007209778
4.23,1.9313512727916673,1.470226266811183,1.7212030118093684,1.7383761577546255,58.894195556640625,-25.80198860168457,-294.5299987792969,-3.6194562911987305,1.9210762977600098,24.595285415649414,0.6099178624768539,-0.7337865367009935,-0.2992616239814703,-0.778431193351464,-0.6255087615778238,-0.05276046253391463,-0.14847585072691416,0.2651341316121684,-0.9527112962514824,-7.888208389282227,4.1230340003967285,-0.33287936449050903
4.24,1.9313512727916673,1.470226266811183,1.7212030118093684,1.7383761577546255,58.85824203491211,-25.782825469970703,-294.2840270996094,-3.571413993835449,1.9128377437591553,24.585582733154297,0.6254257598333425,-0.7070693557180113,-0.32999325014521586,-0.7725043104484958,-0.6206615334353519,-0.13422500233627177,-0.109907730735289,0.3388689822308828,-0.9343918362263367,-7.815715312957764,4.225995063781738,-0.31145432591438293
4.25,2.13121776052519,2.810789078570617,2.526400523357762,2.568232104050814,58.8227653503418,-25.763713836669922,-294.03826904296875,-3.5242958068847656,1.9102023839950562,24.57573127746582,0.6421089023894133,-0.6784203940857335,-0.35699009280485755,-0.763232042369803,-0.6094220374624979,-0.21466632189301826,-0.07192361901546612,0.4103054339679354,-0.9091074985303456,-7.73391580581665,4.252834320068359,-0.29504820704460144
4.26,2.13121776052519,2.810789078570617,2.526400523357762,2.568232104050814,58.787776947021484,-25.744585037231445,-293.7925720214844,-3.4718191623687744,1.9170573949813843,24.58475685119629,0.659724237118972,-0.6480591287557358,-0.3805040033878051,-0.750685704484507,-0.5919637419653374,-0.2933426346118043,-0.03514120146479843,0.47916416167609177,-0.8770215516877897,-7.740775108337402,4.26138162612915,-0.2772486209869385
4.27,1.3203968480002743,1.5834849799722779,3.092419159431653,1.7217533831270018,58.75334930419922,-25.725330352783203,-293.5466003417969,-3.4140725135803223,1.9350310564041138,24.612516403198242,0.6780809269176489,-0.6158286388196349,-0.4011998805583791,-0.7349872472143756,-0.5681075987312998,-0.3701992743050565,5.4614431994531865e-05,0.545901862859353,-0.837849123138499,-7.8312788009643555,4.261168479919434,-0.25740301609039307
4.28,1.3203968480002743,1.5834849799722779,3.092419159431653,1.7217533831270018,58.719486236572266,-25.705867767333984,-293.3003234863281,-3.360015392303467,1.957331895828247,24.640466690063477,0.6968730266918517,-0.5819779047162817,-0.4191296972195886,-0.7164332220073212,-0.5379677132890077,-0.4442006054282278,0.03303669283608757,0.609829859781105,-0.7918434940351609,-7.7939043045043945,4.13711404800415,-0.23539523780345917
4.29,1.3203968480002743,1.5834849799722779,3.092419159431653,1.7217533831270018,58.686134338378906,-25.686172485351562,-293.05377197265625,-3.310600996017456,1.9823071956634521,24.66933250427246,0.7153014810335925,-0.5474616529543934,-0.4343150121462444,-0.6960211006860788,-0.502605939449021,-0.5127786043023894,0.0624373176144567,0.6690837078983543,-0.7405596351369019,-7.629107475280762,3.8981752395629883,-0.21260960400104523
4.3,2.912596478154316,2.2675033754491523,2.3612106044176357,1.7789262122573075,58.65327072143555,-25.666202545166016,-292.806884765625,-3.2627084255218506,2.0125668048858643,24.706378936767578,0.7329904024320996,-0.5127686243574585,-0.44698255873914017,-0.6745312635306195,-0.4629530496650026,-0.5750496050999949,0.08793545622907306,0.7230095515831265,-0.6852186102678118,-7.447818279266357,3.641533851623535,-0.1909445971250534
4.31,2.912596478154316,2.2675033754491523,2.3612106044176357,1.7789262122573075,58.620887756347656,-25.645885467529297,-292.5595703125,-3.212634801864624,2.0526044368743896,24.757131576538086,0.7500800936044085,-0.4781676675591495,-0.4568758418645532,-0.6521229834283302,-0.41978297370899376,-0.6312827175430735,0.11007028510427072,0.7714518369185965,-0.6266949781608178,-7.256021022796631,3.5846879482269287,-0.1736702173948288
4.32,2.1096858417162716,1.5477993848522118,1.525166977853904,1.916593272158631,58.58902359008789,-25.625118255615234,-292.3116760253906,-3.1605966091156006,2.102386951446533,24.819942474365234,0.7676159800396711,-0.44398957608170564,-0.46221095131825085,-0.6274875716165493,-0.37380652980759743,-0.6830285687582676,0.13048009294333363,0.8143352716197358,-0.5655378066420582,-7.05580472946167,3.715381383895874,-0.15959566831588745
4.33,2.1096858417162716,1.5477993848522118,1.525166977853904,1.916593272158631,58.55765914916992,-25.603843688964844,-292.06317138671875,-3.114258289337158,2.150912284851074,24.884305953979492,0.7857360765876638,-0.41048290974571583,-0.46273383143586505,-0.600261359625236,-0.3253739838830858,-0.7306285449891159,0.14934898087863918,0.8518424451849884,-0.5020551070268799,-6.93573522567749,3.8141541481018066,-0.14752092957496643
4.34,1.2325690197218802,2.0453663792518775,1.290312835232582,2.042923645137779,58.5267219543457,-25.58210563659668,-291.8139953613281,-3.073885202407837,2.1970348358154297,24.95030975341797,0.8040125811170868,-0.37746401618701575,-0.45943953453028863,-0.5709335271245378,-0.27419164014531267,-0.7738564802853033,0.1661284954803799,0.8844997800782043,-0.43596039043820684,-6.8911356925964355,3.8627283573150635,-0.1369951218366623
4.35,1.2325690197218802,2.0453663792518775,1.290312835232582,2.042923645137779,58.49618148803711,-25.559900283813477,-291.5641174316406,-3.0368552207946777,2.244101047515869,25.020723342895508,0.8221816418406449,-0.34482206339185506,-0.45289633738682966,-0.5398401419736788,-0.22001333771493153,-0.8125064629536026,0.18052692024753492,0.9125195207915934,-0.36703971888641845,-6.990512371063232,3.884982109069824,-0.12460072338581085
4.36,2.734856594020189,1.8993185043155023,2.9017398897961133,1.2473984663028468,58.46598434448242,-25.537220001220703,-291.3135681152344,-3.0025949478149414,2.2925589084625244,25.095338821411133,0.8400048909617328,-0.31199911592543134,-0.44390126697511956,-0.5073563303267101,-0.161702094648343,-0.8464289613805475,0.1923053229574817,0.9362205852511934,-0.2941252769044698,-7.215546607971191,3.888198137283325,-0.11002167314291
4.37,2.734856594020189,1.8993185043155023,2.9017398897961133,1.2473984663028468,58.436134338378906,-25.51401138305664,-291.0622253417969,-2.9657845497131348,2.3521676063537598,25.176298141479492,0.8574049050601635,-0.2794319683096435,-0.43217427487689497,-0.4736272784306674,-0.09992077422107282,-0.8750388791393331,0.20133064820123803,0.9549521527101028,-0.21801916459157805,-7.147331237792969,3.9252820014953613,-0.09338511526584625
4.38,2.3700138991197774,1.3815706419485994,1.3360328005670976,2.5890832583583947,58.40666580200195,-25.490142822265625,-290.81005859375,-2.926815986633301,2.4224746227264404,25.260478973388672,0.8744398753790996,-0.2490690147395767,-0.4163166225886754,-0.43844763942736503,-0.038426616068623576,-0.8979348877608477,0.20765011877568562,0.9677231117805194,-0.14280548693335465,-6.793013572692871,3.995258331298828,-0.0756404772400856
4.39,2.3700138991197774,1.3815706419485994,1.3360328005670976,2.5890832583583947,58.37757873535156,-25.465566635131836,-290.5570373535156,-2.8914434909820557,2.4914681911468506,25.343034744262695,0.8909368286679653,-0.22133999777973995,-0.3965352099195397,-0.4020055429621389,0.021768481977042287,-0.9153784335563795,0.21124183002138708,0.9749537109910809,-0.0695855636891411,-6.6108717918396,4.023194789886475,-0.06406059116125107
4.4,1.7853224002582468,2.4358850805564556,1.2287313675393696,1.1257709357523198,58.348819732666016,-25.440322875976562,-290.3031921386719,-2.8598947525024414,2.557769298553467,25.422657012939453,0.9065520919931154,-0.19530609873865323,-0.3741909035484337,-0.36500586013043557,0.08247209553381896,-0.9273451760421798,0.21197647646224022,0.977268581943443,0.0034773801784176994,-6.620006561279297,4.008937835693359,-0.058072399348020554
4.41,1.7853224002582468,2.4358850805564556,1.2287313675393696,1.1257709357523198,58.32036209106445,-25.414426803588867,-290.0486145019531,-2.832329034805298,2.619598388671875,25.49839210510254,0.9212966621618213,-0.17076219908469342,-0.3493604609185857,-0.3273941700029272,0.14414948982556047,-0.9338275975955761,0.20982258633803347,0.974710826833677,0.07689789539141051,-6.677629470825195,4.129385471343994,-0.04691584035754204
4.42,1.182199659702618,3.031580960853911,2.9674638929412716,1.2970540933480506,58.29216384887695,-25.387943267822266,-289.7932434082031,-2.808180093765259,2.6771810054779053,25.56899642944336,0.9356071061575761,-0.1478796631495422,-0.3205790824963844,-0.2877177603811371,0.20683703335122083,-0.9351133257502687,0.20459186999660633,0.9671349682754954,0.15097059273265057,-6.759518623352051,4.3790435791015625,-0.029635384678840637
4.43,1.182199659702618,3.031580960853911,2.9674638929412716,1.2970540933480506,58.26420211791992,-25.36086082458496,-289.5372314453125,-2.7832348346710205,2.7420337200164795,25.63089370727539,0.949230576908147,-0.12702709772478232,-0.2877940727434204,-0.24605815940924325,0.2701959509608785,-0.9308327079945581,0.1960017705296612,0.9543889482427829,0.22522220454758207,-6.817197322845459,4.513014793395996,-0.005319198127835989
4.44,1.182199659702618,3.031580960853911,2.9674638929412716,1.2970540933480506,58.23649597167969,-25.333086013793945,-289.28070068359375,-2.7579853534698486,2.8134193420410156,25.681171417236328,0.9614457390231366,-0.10864055374212887,-0.2526248621906766,-0.20414831439196612,0.33350987012992006,-0.9203774401064179,0.18424319972572575,0.9364659078730669,0.29847285763750586,-6.850230693817139,4.524553298950195,0.024375319480895996
4.45,2.60359447655712,3.0913810829818575,2.9810745731643826,1.8131200399652936,58.20903396606445,-25.304595947265625,-289.023681640625,-2.7346818447113037,2.884080648422241,25.719009399414062,0.9720022772491432,-0.09293568952073594,-0.2158113311107294,-0.16274223207658645,0.3962312349108066,-0.9036126240706178,0.1694890525113937,0.9134351460800939,0.37001310109836305,-6.881018161773682,4.517321586608887,0.0548483245074749
4.46,2.60359447655712,3.0913810829818575,2.9810745731643826,1.8131200399652936,58.181800842285156,-25.2753849029541,-288.76641845703125,-2.7117199897766113,2.960677146911621,25.739294052124023,0.9808636268798346,-0.08007911546857442,-0.1774651535651641,-0.12197638825924188,0.4576950383341042,-0.8807025676081418,0.15175080286893786,0.8854956731402551,0.4391686540254429,-6.846699237823486,4.571568489074707,0.08188402652740479
4.47,2.8392341940713735,2.0120443526890504,1.8362604516608818,2.265096589829094,58.1547966003418,-25.24537467956543,-288.5090026855469,-2.6898655891418457,3.04140305519104,25.740116119384766,0.9880730622067817,-0.07029466396590549,-0.1370046859024673,-0.08140924875274151,0.5167509616717398,-0.8522564038062995,0.1307063807119895,0.8532450432491551,0.5048650693125045,-6.752249240875244,4.684943199157715,0.10574705898761749
4.48,2.8392341940713735,2.0120443526890504,1.8362604516608818,2.265096589829094,58.127994537353516,-25.214590072631836,-288.2517395019531,-2.671724319458008,3.112807273864746,25.72724723815918,0.9934877153557528,-0.06366241756494853,-0.09449474073721288,-0.04114855582545569,0.5728986716736406,-0.8185926388308519,0.1062494978373371,0.817150052673537,0.566548175908236,-6.672050476074219,4.794957160949707,0.12371281534433365
4.49,2.2519141458618317,1.2702214361383397,2.3366887114279913,2.1823717051439635,58.10135269165039,-25.183149337768555,-287.99456787109375,-2.6570379734039307,3.17415189743042,25.701160430908203,0.9969189787795599,-0.060139046602154834,-0.05035717250703599,-0.0016242825110658332,0.626032593676551,-0.7797951996267577,0.07842137116528745,0.7774744283437202,0.6240060911691182,-6.611612796783447,4.895536422729492,0.1365944743156433
4.5,2.2519141458618317,1.2702214361383397,2.3366887114279913,2.1823717051439635,58.07484436035156,-25.151134490966797,-287.73773193359375,-2.6452090740203857,3.226461410522461,25.661773681640625,0.9982000263216619,-0.05973430996599875,-0.00534038054067653,0.03650197560952417,0.675789343750076,-0.7361904431941799,0.04758480038872662,0.7346703853339451,0.6767533610446552,-6.497878551483154,4.873511791229248,0.14960376918315887
4.51,1.6925095852193661,2.2606046803829347,2.8428245201307814,1.2442305095748145,58.04844284057617,-25.11864471435547,-287.48138427734375,-2.635859727859497,3.2704918384552,25.609207153320312,0.9973008602745601,-0.06236623086777289,0.038748514074355644,0.07187509433199478,0.72144342294679,-0.688733154640886,0.014998830300718007,0.6896592207272859,0.7239787250710089,-6.332407474517822,4.738584995269775,0.16260139644145966
4.52,1.6925095852193661,2.2606046803829347,2.8428245201307814,1.2442305095748145,58.02212142944336,-25.085742950439453,-287.2256164550781,-2.6287314891815186,3.3087291717529297,25.542205810546875,0.9943760394257614,-0.06781962864709781,0.08134365486076081,0.10423153213405051,0.7627746916935905,-0.6382088666108742,-0.018763792924811985,0.6430981788824456,0.7655538207031279,-6.168248653411865,4.647089004516602,0.1806180328130722
4.53,1.3018787710849435,2.8238522872614737,2.208310024055429,1.8438353856890757,57.9958610534668,-25.052488327026367,-286.9705810546875,-2.62377667427063,3.341383934020996,25.461654663085938,0.9895120049856014,-0.07594139305236225,0.1228775683786159,0.1340395652084709,0.7998111248728069,-0.5850944876585482,-0.05384595572648772,0.5954284754283772,0.8016018610887448,-6.011462688446045,4.607887268066406,0.20342057943344116
4.54,1.3018787710849435,2.8238522872614737,2.208310024055429,1.8438353856890757,57.969642639160156,-25.018932342529297,-286.7164306640625,-2.62109375,3.3687820434570312,25.368423461914062,0.9827560879258517,-0.08663942137903777,0.16335263177488576,0.16141964069229828,0.8328887162768558,-0.5293770734528088,-0.09018964044415081,0.546616864871362,0.8325117607546203,-6.024532794952393,4.589272499084473,0.22606636583805084
4.55,1.3130723074545188,1.1090276250633861,1.1160956373794593,2.8813516829813164,57.94343566894531,-24.985130310058594,-286.4632873535156,-2.6207101345062256,3.3907253742218018,25.263851165771484,0.9741392916065325,-0.10014414494410684,0.20254330594156134,0.18635714855745777,0.8629858008944644,-0.4696025134473553,-0.127764054921002,0.495203652740924,0.8593309540463381,-6.194739818572998,4.5834059715271,0.24853692948818207
4.56,1.3130723074545188,1.1090276250633861,1.1160956373794593,2.8813516829813164,57.91722869873047,-24.95115089416504,-286.2111511230469,-2.6207289695739746,3.403113603591919,25.156564712524414,0.9638079823276903,-0.11659515561191688,0.2397493334490407,0.20851045509650193,0.8900536329740699,-0.40537380347662955,-0.1661251435420782,0.44069275024385446,0.8821521051188572,-6.418416500091553,4.463869571685791,0.2638511657714844
4.57,1.2599975473728742,2.091976225117966,1.2889639576911052,2.982493341319759,57.891021728515625,-24.917097091674805,-285.96014404296875,-2.620661497116089,3.4068315029144287,25.047439575195312,0.9522949211920662,-0.13598261517551818,0.27320891537763464,0.2271140972650531,0.9137663340816885,-0.33682380189409433,-0.20384692760813583,0.3828051920611044,0.9010586079916136,-6.673838138580322,4.237425804138184,0.2721957564353943
4.58,1.2599975473728742,2.091976225117966,1.2889639576911052,2.982493341319759,57.864810943603516,-24.883031845092773,-285.71026611328125,-2.6232104301452637,3.40657377243042,24.92698097229004,0.9399890595812969,-0.1582799850373192,0.3022714247229718,0.24211036329638783,0.9336364439404131,-0.26401811023259547,-0.24042283554596117,0.321357179603764,0.9159292676103072,-7.007441997528076,4.0403666496276855,0.2815599739551544
4.59,2.43446162936411,2.2518928427386165,1.7368008814460156,1.7162374153989939,57.83855056762695,-24.848983764648438,-285.4616394042969,-2.6285312175750732,3.401794672012329,24.79599380493164,0.927028301116002,-0.18366968816243323,0.32693114654357014,0.25375839892229035,0.9491552474455054,-0.18630885975459327,-0.2760891231221805,0.25567511004588517,0.9265015025334009,-7.410356044769287,3.881662368774414,0.2929411232471466
4.6,2.43446162936411,2.2518928427386165,1.7368008814460156,1.7162374153989939,57.812232971191406,-24.81501579284668,-285.21435546875,-2.6360433101654053,3.3911681175231934,24.657718658447266,0.9134305613629787,-0.21189252924490626,0.34748548979534416,0.2622257858303084,0.959352677274718,-0.10430761166620725,-0.3112591312938319,0.18639741590490902,0.9318657395409393,-7.613536357879639,3.875437021255493,0.3062134087085724
4.61,2.43446162936411,2.2518928427386165,1.7368008814460156,1.7162374153989939,57.78582763671875,-24.78118133544922,-284.968505859375,-2.645496368408203,3.3742012977600098,24.515094757080078,0.8986662997338285,-0.2419379131645044,0.36587556340416244,0.2676946519493047,0.963284960249349,-0.02053432918677188,-0.3474743947983063,0.11639644123002567,0.9304372162744436,-7.6241912841796875,4.006845474243164,0.3212631344795227
4.62,2.04387350531918,3.0665855746998427,2.8319375406786333,1.1977829625521814,57.75931930541992,-24.7475528717041,-284.72406005859375,-2.656329393386841,3.350752353668213,24.372844696044922,0.8825367534958888,-0.27338647726142773,0.3826077792982307,0.26997034834071676,0.9607546542139151,0.06376915730266694,-0.3850258299721316,0.047014130395947075,0.9217075359339231,-7.609084129333496,4.156391143798828,0.33705708384513855
4.63,2.04387350531918,3.0665855746998427,2.8319375406786333,1.1977829625521814,57.73269271850586,-24.714187622070312,-284.4810485839844,-2.6703717708587646,3.3206653594970703,24.229984283447266,0.8650282181832586,-0.3060370883017024,0.39757701433874726,0.26880509076204673,0.9517885378471548,0.14779175350195545,-0.423639003075855,-0.02097331176974536,0.9055882702786651,-7.560200214385986,4.296774864196777,0.3588537573814392
4.64,1.1220995129899614,2.8215185832852674,1.277660091778462,2.6610850078095725,57.70590591430664,-24.6811580657959,-284.23944091796875,-2.687692165374756,3.2837600708007812,24.08997344970703,0.8461909649934816,-0.33963205701714766,0.41062259632136855,0.26405679805991783,0.9365621938263123,0.2304891851987616,-0.4628551157346589,-0.08661017804823061,0.8821926200647507,-7.483222961425781,4.426097869873047,0.386094868183136
4.65,1.1220995129899614,2.8215185832852674,1.277660091778462,2.6610850078095725,57.67893981933594,-24.648527145385742,-283.99920654296875,-2.704525947570801,3.2422399520874023,23.964054107666016,0.8261880963509121,-0.37434042816796664,0.4210492528043241,0.2556390160661747,0.9150655969658524,0.3119353245694473,-0.5020576888294555,-0.15008063528834006,0.851712322324078,-7.687355041503906,4.4777703285217285,0.4099527597427368
4.66,2.4127269423989173,2.380584456375993,2.8808755730238214,2.5582350901262823,57.65181350708008,-24.6163272857666,-283.7601013183594,-2.7206907272338867,3.197134256362915,23.854299545288086,0.8055764414689598,-0.4113471811123106,0.42642712570984914,0.2436473697979419,0.8860392412516447,0.39442416527484064,-0.5400764354614562,-0.21384096790176993,0.8139959977211693,-8.15542984008789,4.457092761993408,0.4306023120880127
4.67,2.4127269423989173,2.380584456375993,2.8808755730238214,2.5582350901262823,57.624507904052734,-24.584617614746094,-283.5221252441406,-2.742480754852295,3.142882823944092,23.75008773803711,0.784796909339421,-0.4503391971923249,0.42577977707197945,0.2281882390474554,0.8487201521366251,0.47707885188677657,-0.5762151843293558,-0.2772520709198686,0.7688350606722681,-8.396733283996582,4.378440856933594,0.45143410563468933
4.68,1.293668735379681,2.201124011135067,1.1466140407083891,1.4532350947641912,57.59695053100586,-24.553504943847656,-283.2851257324219,-2.7694931030273438,3.0784764289855957,23.65428352355957,0.7643537709427076,-0.4894775998294695,0.4197320479911496,0.20969291351075492,0.8042650175288394,0.5560455589272401,-0.6097476485145589,-0.33700068374488135,0.717382982991964,-8.398193359375,4.254590034484863,0.47190403938293457
4.69,1.293668735379681,2.201124011135067,1.1466140407083891,1.4532350947641912,57.56914520263672,-24.52303123474121,-283.0489501953125,-2.789717435836792,3.019009590148926,23.58855438232422,0.7443823877308383,-0.528040237432342,0.40873997662148487,0.18837802721999533,0.7533081957568162,0.6301114830459075,-0.6406313914388201,-0.3920462598444299,0.6602205316749511,-8.487197875976562,4.2295050621032715,0.4925587475299835
4.7,2.2595262344751204,1.5001825336292847,2.001474212950135,2.3933914345657996,57.541175842285156,-24.49310302734375,-282.8132629394531,-2.8032584190368652,2.9669206142425537,23.551895141601562,0.7245234659678105,-0.566177583011728,0.3930759363748795,0.16366121189351376,0.6953026189175268,0.6998351776296864,-0.6695377173718722,-0.4427157243891683,0.5964243727372622,-8.684642791748047,4.3000359535217285,0.5142606496810913
4.71,2.2595262344751204,1.5001825336292847,2.001474212950135,2.3933914345657996,57.513065338134766,-24.463720321655273,-282.577880859375,-2.819978952407837,2.9072694778442383,23.528640747070312,0.7049552214775332,-0.6034597838042756,0.3726585904584233,0.1356000155499076,0.6304076995482152,0.7643289659127096,-0.6961686372528043,-0.48828518478571936,0.526238355523758,-8.776663780212402,4.275749683380127,0.5332624316215515
4.72,2.024082018806906,1.8867155875045367,1.4131497568710696,1.7801898319932636,57.484764099121094,-24.434988021850586,-282.34259033203125,-2.839864492416382,2.8385984897613525,23.51917266845703,0.6863882198264236,-0.6388378569582311,0.34750166071621585,0.10535932967972222,0.5601521808685288,0.8216623064968179,-0.7195628001314083,-0.5273667858191734,0.45178938664138785,-8.75816535949707,4.15346097946167,0.5488077402114868
4.73,2.024082018806906,1.8867155875045367,1.4131497568710696,1.7801898319932636,57.456268310546875,-24.40694808959961,-282.1072998046875,-2.857943058013916,2.7705116271972656,23.529489517211914,0.6690262775165878,-0.671776219488852,0.3179945768744544,0.07339946082491111,0.4854761828020966,0.8711632424996578,-0.7396055429368481,-0.5594904707509958,0.3741043357085281,-8.770219802856445,4.110049724578857,0.564652144908905
4.74,2.9527587480621396,2.9067192939185738,2.370131450741255,2.1745035025338293,57.427608489990234,-24.379573822021484,-281.87188720703125,-2.87375545501709,2.704263925552368,23.5584774017334,0.6526345345111236,-0.7020979406579564,0.2848273970096723,0.039107268930930195,0.40663778232626213,0.9127520668295105,-0.7566629275180677,-0.5845546986455895,0.2928429927642987,-8.823498725891113,4.150064468383789,0.5817088484764099
4.75,2.9527587480621396,2.9067192939185738,2.370131450741255,2.1745035025338293,57.39878463745117,-24.3529109954834,-281.6361083984375,-2.8923332691192627,2.6229498386383057,23.599397659301758,0.6372260979084685,-0.7295039311761702,0.24852950437093035,0.002305017834894285,0.3242847115013149,0.9459567182378323,-0.7706734633014993,-0.6022154434129221,0.20832420089334303,-8.847258567810059,4.241388320922852,0.6005567908287048
4.76,2.9527587480621396,2.9067192939185738,2.370131450741255,2.1745035025338293,57.36975860595703,-24.32715606689453,-281.39984130859375,-2.9122347831726074,2.526752471923828,23.653026580810547,0.6228206933583694,-0.7536435271240218,0.21003765840597205,-0.03725652530136847,0.23959043159948384,0.9701589438893204,-0.7814770215732951,-0.6120603394356122,0.1211437395943129,-8.839652061462402,4.370936870574951,0.6211457252502441
4.77,2.00503098074267,1.977930420142307,2.3342040117361487,2.252600418506929,57.340545654296875,-24.302385330200195,-281.1629943847656,-2.9294705390930176,2.42732834815979,23.721221923828125,0.6095613921292,-0.7743278354481522,0.16985674103694182,-0.07943266825042278,0.15352763852571133,0.9849465546025006,-0.7887492379965446,-0.6138775671572448,0.03207759499982016,-8.829178810119629,4.5042595863342285,0.6424976587295532
4.78,2.00503098074267,1.977930420142307,2.3342040117361487,2.252600418506929,57.311180114746094,-24.278583526611328,-280.9253845214844,-2.941868305206299,2.3353078365325928,23.801937103271484,0.5976948594046654,-0.7914343399539558,0.1280333573053677,-0.123445427278435,0.0669442089885533,0.9900907530963724,-0.7921629135002991,-0.607577285968249,-0.057686740679072424,-8.829833030700684,4.503856658935547,0.6641145348548889
4.79,1.9779638676370475,1.1777897442515006,1.8791263290425904,1.8203511384130036,57.28171920776367,-24.25565528869629,-280.6869201660156,-2.94953989982605,2.2509922981262207,23.891223907470703,0.587585420476848,-0.8048083942884241,0.08382614225845264,-0.16722973009345615,-0.019423371240911702,0.9857266101828173,-0.791692864067825,-0.5932168078641453,-0.14600078031147,-8.840343475341797,4.378434181213379,0.685228705406189
4.8,1.9779638676370475,1.1777897442515006,1.8791263290425904,1.8203511384130036,57.252201080322266,-24.23353385925293,-280.4475402832031,-2.9526541233062744,2.1760151386260986,23.984371185302734,0.5793327768166894,-0.814229294328003,0.037472522786524465,-0.2098718058208216,-0.10458707997339434,0.9721190090848684,-0.7876086330325306,-0.5710448309552949,-0.2314744958129668,-8.794499397277832,4.238361835479736,0.7041362524032593
4.81,1.131263048075024,1.6114583568904712,1.6356697630497532,1.8079189368894617,57.22267532348633,-24.212112426757812,-280.20721435546875,-2.9515221118927,2.1091949939727783,24.07761573791504,0.572928725066247,-0.819544283329565,-0.009992179731902029,-0.2510035143510089,-0.18705165095191745,0.9497414993879151,-0.7802242701796759,-0.5416261141580895,-0.3128757591834185,-8.695070266723633,4.098849296569824,0.7207866311073303
4.82,1.131263048075024,1.6114583568904712,1.6356697630497532,1.8079189368894617,57.193180084228516,-24.191335678100586,-279.9659729003906,-2.9465136528015137,2.0474236011505127,24.1682186126709,0.5683078616806788,-0.8207513263073141,-0.05825319490568259,-0.29030386810823067,-0.2662503423772803,0.919148747127134,-0.7699024863665096,-0.5054483312355142,-0.3895794475301547,-8.704005241394043,3.947755813598633,0.7384496331214905
4.83,3.112518758989844,2.637505299150918,2.090773050487173,3.011243865240763,57.163761138916016,-24.171146392822266,-279.7238464355469,-2.9376273155212402,1.9898571968078613,24.25390625,0.5653823390029249,-0.8177108462567362,-0.10812854691372692,-0.32740780748857773,-0.3428084188469188,0.8805035579503344,-0.7570646857033447,-0.4624190306224083,-0.46154274101011283,-8.819358825683594,3.7844841480255127,0.7573884129524231
4.84,3.112518758989844,2.637505299150918,2.090773050487173,3.011243865240763,57.13445281982422,-24.151586532592773,-279.4808654785156,-2.921750545501709,1.9158498048782349,24.344287872314453,0.5641340337928512,-0.8101599423274088,-0.15935388217629387,-0.3623395210506397,-0.4163282377516614,0.8338949993466741,-0.7419318455231583,-0.4126883403958078,-0.5284178936220411,-8.933286666870117,3.7106552124023438,0.7728909850120544
4.85,1.7457935775394087,1.637895636668449,3.094529817861447,1.2992971032445735,57.105350494384766,-24.132863998413086,-279.2369689941406,-2.8970749378204346,1.8286263942718506,24.439393997192383,0.5647383872026371,-0.7979279869811414,-0.2106691282841126,-0.39583777608687665,-0.4858926931146624,0.779243701161823,-0.7241429479338732,-0.3566780318017975,-0.5902522957072137,-9.034769058227539,3.7212600708007812,0.7854743599891663
4.86,1.7457935775394087,1.637895636668449,3.094529817861447,1.2992971032445735,57.07652282714844,-24.114965438842773,-278.9921569824219,-2.86861252784729,1.7550445795059204,24.521299362182617,0.5671819138748733,-0.7811240482170326,-0.26105535403486857,-0.42761125423649904,-0.5501973664949054,0.717238783915342,-0.7038844307295934,-0.2951746588023869,-0.6460794293098724,-8.954434394836426,3.627577304840088,0.8036094307899475
4.87,2.870963665831681,1.314145172972497,1.1532586294522718,1.3411645833363541,57.04798889160156,-24.097721099853516,-278.74658203125,-2.8378331661224365,1.6955949068069458,24.58755111694336,0.5709643883061608,-0.7605652492022033,-0.3090957278775659,-0.45649985990847236,-0.6070485008097541,0.6504613713112988,-0.6823544131825608,-0.23028812251312603,-0.6938010056490713,-8.705766677856445,3.4285948276519775,0.8261289596557617
4.88,2.870963665831681,1.314145172972497,1.1532586294522718,1.3411645833363541,57.019775390625,-24.081024169921875,-278.50042724609375,-2.8045098781585693,1.6450773477554321,24.64116859436035,0.5759433873233567,-0.736874945407897,-0.3539837982572185,-0.4826204843320788,-0.6559884706703641,0.5803073275865357,-0.6598232207959704,-0.16338433577814648,-0.7334431648878911,-8.47431755065918,3.4021129608154297,0.8416060209274292
4.89,2.829271208755449,2.5102981960938155,2.4302550877026032,1.2122537770129977,56.99190902709961,-24.064794540405273,-278.2537536621094,-2.768911600112915,1.6018887758255005,24.683555603027344,0.5828235152253257,-0.7104060896142274,-0.39451227856610105,-0.507212988067676,-0.6973450706847096,0.5064038281126998,-0.6348635560778819,-0.09504230758330579,-0.7667563008762212,-8.278861999511719,3.5479044914245605,0.8509896397590637
4.9,2.829271208755449,2.5102981960938155,2.4302550877026032,1.2122537770129977,56.96443176269531,-24.048988342285156,-278.0067138671875,-2.725799798965454,1.5584907531738281,24.726457595825195,0.5918548335246516,-0.6816831464653407,-0.430134797311982,-0.5303304681724837,-0.7311911008389704,0.4290794432058577,-0.6070069608838611,-0.025839153991713326,-0.7942763294720114,-8.077054977416992,3.7187206745147705,0.8649773001670837
4.91,2.829271208755449,2.5102981960938155,2.4302550877026032,1.2122537770129977,56.93742370605469,-24.033618927001953,-277.7592468261719,-2.6751902103424072,1.5165557861328125,24.77066993713379,0.6029977861288492,-0.6513744942241544,-0.46054851883154924,-0.5516487785835742,-0.7575052288125909,0.3490980570109714,-0.5762614814569489,0.043555672372399795,-0.8161039200942678,-7.865989685058594,3.8935892581939697,0.8839281797409058
4.92,2.9217637574515614,1.6009670780887721,2.394236151915278,1.9248836013943105,56.91093826293945,-24.018638610839844,-277.5113220214844,-2.621002674102783,1.4807630777359009,24.81039810180664,0.6161722925635581,-0.6200770868352107,-0.48562960397707183,-0.5707716566538074,-0.7764248717957064,0.2671780949435962,-0.5427259177869042,0.11255587429796604,-0.832333919363727,-7.6556010246276855,4.069289684295654,0.9038192629814148
4.93,2.9217637574515614,1.6009670780887721,2.394236151915278,1.9248836013943105,56.885009765625,-24.00398063659668,-277.2630310058594,-2.5647053718566895,1.4519959688186646,24.845020294189453,0.631105892123979,-0.5883530601854896,-0.5055156075699012,-0.5872190410814837,-0.7881828427159076,0.1842324733580206,-0.506832468097437,0.18057819087210022,-0.8429189559285163,-7.427584648132324,4.142241477966309,0.9205493927001953
4.94,2.398070663043712,1.4050486411216405,1.6130693715240993,1.4405353523170301,56.85964584350586,-23.98957633972168,-277.0144348144531,-2.5069916248321533,1.4303256273269653,24.87551498413086,0.6470264830975625,-0.5567631634104806,-0.5209333067097502,-0.6004664914866626,-0.7931339657105709,0.10187494803886392,-0.46989011776382145,0.2468872056332161,-0.8474963037810399,-7.182200908660889,4.120331287384033,0.9336932897567749
4.95,2.398070663043712,1.4050486411216405,1.6130693715240993,1.4405353523170301,56.83485412597656,-23.97534942626953,-276.76556396484375,-2.4530248641967773,1.4161931276321411,24.89577293395996,0.6636304008659328,-0.5256460322801522,-0.5322508241371303,-0.610440068231318,-0.7917881606570656,0.020843026196895154,-0.43238595507285493,0.31107516357214043,-0.8463300942683658,-6.982632637023926,4.124120235443115,0.9458823800086975
4.96,1.8293766651081989,1.5093938236956854,1.3225103291042561,2.1418322274677006,56.81057357788086,-23.961233139038086,-276.51654052734375,-2.4030685424804688,1.408286452293396,24.907812118530273,0.6809865841757874,-0.4950214459633598,-0.5396397318664908,-0.6171492931453624,-0.7846275967644945,-0.05904476577778922,-0.39418780060115166,0.3732469724350337,-0.8398230024387925,-6.828013896942139,4.161956787109375,0.9577785134315491
4.97,1.8293766651081989,1.5093938236956854,1.3225103291042561,2.1418322274677006,56.78678894042969,-23.947168350219727,-276.2674865722656,-2.353834390640259,1.4057104587554932,24.9189510345459,0.69891824973601,-0.46484241618735644,-0.5435391506589504,-0.6205541178745398,-0.7719700043058961,-0.13774940740673455,-0.35556415310729006,0.43357103289432897,-0.8280037997859917,-6.808157920837402,4.144167423248291,0.9688935875892639
4.98,2.335989032334165,1.7526098891142885,1.7706025236356902,1.3442552115845572,56.76349639892578,-23.933103561401367,-276.0181579589844,-2.3051223754882812,1.408394455909729,24.931396484375,0.7169111623286557,-0.43440880631088297,-0.5452773370754824,-0.6207333542345518,-0.7537991494331455,-0.2155851229899422,-0.3173775169562236,0.49302721153443424,-0.8100590598328508,-6.907921314239502,4.0695672035217285,0.979363203048706
4.99,2.335989032334165,1.7526098891142885,1.7706025236356902,1.3442552115845572,56.74068832397461,-23.918981552124023,-275.7688293457031,-2.2560272216796875,1.4168312549591064,24.948307037353516,0.7348869475353101,-0.403787921687227,-0.5448820869158248,-0.6177514049000826,-0.7301020471448929,-0.29212018502460746,-0.27986492471585084,0.5512769857833234,-0.7859830207195604,-6.9081950187683105,4.061824321746826,0.9916040897369385
5.0,2.552564039353773,1.7431788642639225,2.0846831191622046,2.697542504422703,56.71837615966797,-23.904747009277344,-275.5191955566406,-2.2068867683410645,1.4311751127243042,24.97064781188965,0.7532304669237332,-0.37395420422509057,-0.5411119263518723,-0.6114200795412031,-0.7013714563314019,-0.36639263990614923,-0.24250639173366884,0.6068247962846834,-0.7569374588315528,-6.803842544555664,4.123387813568115,1.0055845975875854
5.01,2.552564039353773,1.7431788642639225,2.0846831191622046,2.697542504422703,56.696563720703125,-23.89032745361328,-275.26934814453125,-2.1541523933410645,1.4544627666473389,25.004377365112305,0.7717753420149831,-0.345283695007391,-0.533986883190682,-0.6017571341114875,-0.668010458616731,-0.4377789153495107,-0.2055509012473194,0.6591973886027673,-0.7233309269315857,-6.748261451721191,4.093630313873291,1.0172960758209229
5.02,2.7286441396596537,2.459804655928229,1.2151185609914927,2.4348370837825337,56.675296783447266,-23.875625610351562,-275.0190734863281,-2.0986576080322266,1.487187385559082,25.04891014099121,0.7897560450034327,-0.3175352059444472,-0.5248397682782368,-0.5893559863479575,-0.6300749895879669,-0.505633294840786,-0.17013203912362265,0.7086444104637675,-0.6847468063321633,-6.748320579528809,3.9708902835845947,1.0264164209365845
5.03,2.7286441396596537,2.459804655928229,1.2151185609914927,2.4348370837825337,56.654579162597656,-23.860557556152344,-274.7683410644531,-2.0449674129486084,1.5260071754455566,25.098682403564453,0.8071465680823533,-0.29053186604948467,-0.5139121057561136,-0.5743816681904268,-0.5875855082905721,-0.5699376893079557,-0.1363822454708124,0.7552049425531548,-0.6411438043556412,-6.843773365020752,3.974518299102783,1.0348381996154785
5.04,1.3662823619127167,1.673165345226138,1.2441406693824568,1.8284852402382468,56.6343879699707,-23.845081329345703,-274.5170593261719,-1.9937375783920288,1.5702136754989624,25.15349769592285,0.824742107279131,-0.2638499191975709,-0.5001836428955004,-0.5559755885043329,-0.5400364454270765,-0.6318637373656989,-0.10340020052223742,0.799214525487321,-0.5920849101117487,-7.023334980010986,4.104487419128418,1.0436968803405762
5.05,1.3662823619127167,1.673165345226138,1.2441406693824568,1.8284852402382468,56.61467742919922,-23.82916259765625,-274.2652282714844,-1.9510397911071777,1.611712098121643,25.206951141357422,0.8424843624376761,-0.23757736949201091,-0.48350500778506866,-0.5339688186836123,-0.4872061121589673,-0.6910191784231258,-0.07139607637405779,0.8403494498006175,-0.5373224381115955,-7.211319446563721,4.140953063964844,1.0556776523590088
5.06,2.154298768803439,2.5066433478068415,1.354985586543783,1.4608943367612643,56.59534454345703,-23.812854766845703,-274.0129089355469,-1.9162107706069946,1.6497799158096313,25.260910034179688,0.8595989110584061,-0.21197913551562014,-0.46492424997331816,-0.50929022592474,-0.42914301519919174,-0.7459622901214734,-0.04139055308557035,0.878009748585855,-0.47684977037162746,-7.396907329559326,4.075944423675537,1.070145606994629
5.07,2.154298768803439,2.5066433478068415,1.354985586543783,1.4608943367612643,56.57635498046875,-23.796140670776367,-273.760009765625,-1.881348967552185,1.6953468322753906,25.324100494384766,0.8760044129839859,-0.1873169406007701,-0.44444193343624694,-0.4821108071307373,-0.3661051088333153,-0.795949884687406,-0.013617565139585591,0.9115258707519571,-0.41101721237626426,-7.549044609069824,4.124269962310791,1.0861645936965942
5.08,2.154298768803439,2.5066433478068415,1.354985586543783,1.4608943367612643,56.55772018432617,-23.778921127319336,-273.50640869140625,-1.8462759256362915,1.7492165565490723,25.395681381225586,0.8922747994897748,-0.16405573860079886,-0.4206321395562028,-0.45132441159509135,-0.29866196544847057,-0.840896727245862,0.012327112144663505,0.9401525115780968,-0.34053090502855965,-7.672175884246826,4.288773536682129,1.1039328575134277
5.09,1.152041296775576,1.8423688597399055,2.596523542611594,2.617463782484004,56.53942108154297,-23.76113510131836,-273.2520446777344,-1.8134316205978394,1.8073982000350952,25.472137451171875,0.9083903243112983,-0.14259755087441445,-0.3930559211896359,-0.4165528335227004,-0.22723899088213062,-0.8802534736694201,0.03620435860257604,0.9633422961271294,-0.2658211144937255,-7.793651580810547,4.467078685760498,1.1228188276290894
5.1,1.152041296775576,1.8423688597399055,2.596523542611594,2.617463782484004,56.521446228027344,-23.74274444580078,-272.9969177246094,-1.7819844484329224,1.8719210624694824,25.552471160888672,0.9237512465016744,-0.12327104982395556,-0.36261257956930115,-0.3786746674719218,-0.15219275766556345,-0.9129309178295918,0.05735094420872561,0.9806332713045439,-0.18726787340309253,-7.935898303985596,4.363480567932129,1.143239140510559
5.11,2.1537272179063387,2.4611681768073588,2.1103916600487054,1.7007145792818246,56.50377655029297,-23.723678588867188,-272.740966796875,-1.7522261142730713,1.9420442581176758,25.634307861328125,0.9369912962329007,-0.10615126352882484,-0.33283512440098983,-0.3412303257884345,-0.07384210516144674,-0.937074814658704,0.0748944293396197,0.9916043831874481,-0.10541144006858494,-8.094084739685059,3.9956254959106445,1.1636708974838257
5.12,2.1537272179063387,2.4611681768073588,2.1103916600487054,1.7007145792818246,56.48639678955078,-23.703893661499023,-272.4842529296875,-1.7246745824813843,2.0155248641967773,25.714752197265625,0.9481495670354663,-0.09124143213972434,-0.30444605366394567,-0.30510129291831,0.007019849161322866,-0.9522940316820893,0.08902583664326673,0.9958040584265785,-0.021182011970585612,-8.189257621765137,3.7975919246673584,1.1831852197647095
5.13,2.4328234144500622,2.343832270165714,1.1947553745787154,2.46696113616784,56.46928024291992,-23.68336296081543,-272.2266845703125,-1.699309229850769,2.091116189956665,25.791065216064453,0.9581213022077129,-0.07880765623900468,-0.2753051462902781,-0.2683034753151552,0.08895688626212228,-0.959218388856447,0.100084041633052,0.992912899354552,0.064087119655441,-8.226417541503906,3.7867281436920166,1.2025502920150757
5.14,2.4328234144500622,2.343832270165714,1.1947553745787154,2.46696113616784,56.4524040222168,-23.662076950073242,-271.96844482421875,-1.6763060092926025,2.167198896408081,25.860441207885742,0.967115535195981,-0.0689400133398818,-0.24481588213040448,-0.23027363336156653,0.1713523989641842,-0.957920878333739,0.10798886683845701,0.9827948056079234,0.14984249967559282,-8.355202674865723,3.821489095687866,1.218082308769226
5.15,2.69855226678974,1.5598099278054884,1.607822175313934,2.65007059169001,56.43574905395508,-23.64002799987793,-271.7095031738281,-1.6556334495544434,2.2427406311035156,25.920005798339844,0.9751314137150028,-0.0614572091784554,-0.21293599373092226,-0.19096119565078287,0.25464238291845287,-0.9479931848791083,0.11248354431561629,0.9650804465232976,0.2365738447009499,-8.575766563415527,3.876507043838501,1.2304688692092896
5.16,2.69855226678974,1.5598099278054884,1.607822175313934,2.65007059169001,56.419288635253906,-23.61722755432129,-271.4500427246094,-1.6371568441390991,2.3170275688171387,25.96657371520996,0.9820276690576404,-0.05654021996582698,-0.1800690443453099,-0.15087011142722492,0.33808511120080004,-0.9289438449455809,0.11340135221043011,0.9394155955223218,0.3234787044092507,-8.711406707763672,3.854246139526367,1.2413136959075928
5.17,2.7575617672434865,1.3871989660565378,1.1275784861772862,1.8246620031260685,56.40300369262695,-23.59369468688965,-271.1902160644531,-1.6207702159881592,2.3889663219451904,25.997116088867188,0.9875753360993194,-0.05451316806152137,-0.1473881611127994,-0.11127189980089333,0.41970922005521183,-0.9008122639681064,0.1109663004835979,0.906020135045873,0.4084286902856382,-8.756897926330566,3.758944272994995,1.2504804134368896
5.18,2.7575617672434865,1.3871989660565378,1.1275784861772862,1.8246620031260685,56.38686752319336,-23.569477081298828,-270.9302062988281,-1.607211709022522,2.4514286518096924,26.012048721313477,0.9917914829468658,-0.055433862327792405,-0.11522474240145003,-0.07253395867519569,0.49820906105639595,-0.8640176828747255,0.10530184800354722,0.8652830856943454,0.49009866600339785,-8.744988441467285,3.735191583633423,1.2593410015106201
5.19,1.275045813059684,1.254707613118,2.8857645265721503,1.508758136482497,56.370853424072266,-23.544692993164062,-270.6701965332031,-1.5959135293960571,2.5042643547058105,26.009918212890625,0.9947918722739898,-0.059349488155190665,-0.08286597078008878,-0.03410406588050858,0.5723240500171699,-0.8193180667252258,0.09605229590190739,0.8178770201122296,0.5673192544099941,-8.690800666809082,3.786432981491089,1.2683995962142944
5.2,1.275045813059684,1.254707613118,2.8857645265721503,1.508758136482497,56.35494613647461,-23.519412994384766,-270.4101867675781,-1.586033582687378,2.550858736038208,25.987648010253906,0.9964986436622368,-0.06627519277385188,-0.05097108986584156,0.0033871398510482847,0.6411368461252697,-0.7674190979016435,0.08354029245192027,0.764559443969749,0.6391164809122954,-8.575335502624512,3.636509895324707,1.2839363813400269
5.21,2.4760746015820203,1.6642418368123475,1.4376871108678086,2.860523577662251,56.33913040161133,-23.493694305419922,-270.1505126953125,-1.5772840976715088,2.591346263885498,25.944278717041016,0.9968494820012095,-0.0760831109219946,-0.022415853014146697,0.037747074976871166,0.7036224518517614,-0.7095707178152197,0.06975864508869728,0.7064890696129327,0.7042775915452955,-8.404658317565918,3.2917511463165283,1.3041287660598755
5.22,2.4760746015820203,1.6642418368123475,1.4376871108678086,2.860523577662251,56.32339859008789,-23.46758270263672,-269.8913879394531,-1.5692603588104248,2.6306662559509277,25.87445831298828,0.9960894142451655,-0.08832647500941532,0.002076689946529875,0.06871239132535545,0.7596907536471125,-0.6466440799245233,0.05553815001486911,0.6442580171293898,0.7627890411230569,-8.377543449401855,3.038257122039795,1.3165357112884521
5.23,2.4760746015820203,1.6642418368123475,1.4376871108678086,2.860523577662251,56.307743072509766,-23.441089630126953,-269.6330871582031,-1.5619863271713257,2.6674087047576904,25.778480529785156,0.9944488411085648,-0.10255955154300993,0.023516819621896827,0.09723042327555091,0.8102493454320129,-0.5779638769132995,0.04022122831900277,0.5770420579249758,0.8157234311813161,-8.490683555603027,2.8894221782684326,1.321852207183838
5.24,3.041804348547704,2.6717819834959826,2.8607912926019132,1.1361044531230249,56.29216003417969,-23.414260864257812,-269.3758850097656,-1.5553879737854004,2.6970653533935547,25.66112518310547,0.9920567875913334,-0.11853957850623512,0.04209154928875977,0.12353807129296462,0.8550837665366976,-0.5035574417547901,0.0236996863940931,0.5047574868518332,0.8629358054524352,-8.621886253356934,2.7533178329467773,1.3258470296859741
5.25,3.041804348547704,2.6717819834959826,2.8607912926019132,1.1361044531230249,56.27663803100586,-23.387165069580078,-269.1199951171875,-1.5495742559432983,2.7214982509613037,25.519235610961914,0.9889938654339002,-0.1360436482184106,0.05816579676698639,0.14784336575200965,0.8932957876737708,-0.42445844899991747,0.005785614680439373,0.42838622935818493,0.9035772048690951,-8.546581268310547,2.747537136077881,1.336320161819458
5.26,2.4306757670579717,1.822620060078856,1.6853346531457332,2.896633740499351,56.26116943359375,-23.35984992980957,-268.8656311035156,-1.544616460800171,2.739536762237549,25.35542106628418,0.9851910745727764,-0.1548605411752253,0.073598637005413,0.17082197947258615,0.9234979387441715,-0.34346966163597914,-0.014778291890660149,0.3509555098900472,0.9362755108228622,-8.279629707336426,2.8638596534729004,1.353243350982666
5.27,2.4306757670579717,1.822620060078856,1.6853346531457332,2.896633740499351,56.24574661254883,-23.332406997680664,-268.6129455566406,-1.5401023626327515,2.747650146484375,25.18094253540039,0.9806098816921629,-0.17488713205383172,0.08842370140221159,0.19226969650294412,0.9458586399619978,-0.2615029579486727,-0.03790281960946454,0.2734335828884688,0.9611438248329055,-8.194972038269043,2.857020616531372,1.3649706840515137
5.28,3.0475413660118567,2.5928510814717933,1.7092281575600619,1.2316788782554309,56.23036575317383,-23.304927825927734,-268.362060546875,-1.5359506607055664,2.7463762760162354,24.99951171875,0.9754303041993994,-0.19607569227607502,0.10044921377454612,0.21146250177109088,0.9611841785475252,-0.1772246745084604,-0.06180074428498346,0.1941115602131318,0.9790308320974601,-8.2985200881958,2.7198896408081055,1.3707934617996216
5.29,3.0475413660118567,2.5928510814717933,1.7092281575600619,1.2316788782554309,56.21502685546875,-23.277503967285156,-268.1130065917969,-1.5321422815322876,2.736799478530884,24.81239128112793,0.9697319529628228,-0.21819363333115285,0.10959688762305309,0.22837163599417473,0.9693241422910874,-0.09086860318609434,-0.08640795840808793,0.1131470085570014,0.9898138305652978,-8.309210777282715,2.7728023529052734,1.3791403770446777
5.3,1.861594786701157,1.873809079150322,2.8507294265876224,1.7381145332373713,56.19972610473633,-23.250219345092773,-267.8658142089844,-1.5286945104599,2.719437837600708,24.622472763061523,0.9632543748533076,-0.24100609788758595,0.11856251560659072,0.2431623162240145,0.969977968493908,-0.003850792775987613,-0.11407496348689365,0.03253922890036804,0.9929391226495375,-8.216314315795898,3.0178592205047607,1.3913507461547852
5.31,1.861594786701157,1.873809079150322,2.8507294265876224,1.7381145332373713,56.18445587158203,-23.223142623901367,-267.6205139160156,-1.5257476568222046,2.6948893070220947,24.43359375,0.9559386588930899,-0.2644752526730509,0.12741319067195037,0.2554755128241932,0.9632687994215412,0.08273743051484214,-0.1446151540499694,-0.04654095813913517,0.9883928350785406,-8.098730087280273,3.043973684310913,1.4068012237548828
5.32,1.1880765125378523,2.319122547404999,2.9598265870461997,1.7924152063808831,56.16920852661133,-23.19634437561035,-267.3771057128906,-1.523401141166687,2.6637802124023438,24.24896240234375,0.9481717426700892,-0.288445241394254,0.13330299741182197,0.26533783312196224,0.9495297583636058,0.16729934935944513,-0.1748318641326785,-0.12325818714780179,0.9768527210306217,-7.966125011444092,2.84566330909729,1.4236257076263428
5.33,1.1880765125378523,2.319122547404999,2.9598265870461997,1.7924152063808831,56.153987884521484,-23.169889450073242,-267.135498046875,-1.5216124057769775,2.6266987323760986,24.070877075195312,0.9402014957666015,-0.3126391404540189,0.1351958402260126,0.27314375155128573,0.9291558131696886,0.24912239128882863,-0.20350341114274922,-0.19729734592524795,0.9589891130477542,-7.910761833190918,2.589247703552246,1.4418801069259644
5.34,1.7046391592276948,1.743395208454964,3.106927316461854,1.3776561190679737,56.13876724243164,-23.143831253051758,-266.8956604003906,-1.5201951265335083,2.584155797958374,23.901714324951172,0.9322032718178433,-0.3368533568797779,0.13238910820355643,0.27939143613832207,0.9022615246930052,0.32842741431131983,-0.23008147562260178,-0.26917272710562345,0.9352050885008313,-7.927764415740967,2.3021090030670166,1.4611093997955322
5.35,1.7046391592276948,1.743395208454964,3.106927316461854,1.3776561190679737,56.12358474731445,-23.118221282958984,-266.657470703125,-1.5187267065048218,2.5370962619781494,23.744810104370117,0.9242859300373094,-0.36068627774688305,0.12490367720833677,0.28450915210538913,0.8691544606881283,0.4045059527796861,-0.2544603346365374,-0.33834292147321104,0.9059657861010172,-7.824368953704834,2.024109363555908,1.4783923625946045
5.36,1.8492782602339894,2.9874741834557765,1.5174792655269438,2.0660899233777097,56.108402252197266,-23.093101501464844,-266.4207458496094,-1.5169955492019653,2.4861223697662354,23.60169219970703,0.9164902323420152,-0.3835893275233646,0.11359965594952888,0.2888292955339634,0.8309195090482469,0.4755527389516062,-0.27680912568597316,-0.4030285316118364,0.8723214491480613,-7.6006293296813965,1.7602648735046387,1.4934560060501099
5.37,1.8492782602339894,2.9874741834557765,1.5174792655269438,2.0660899233777097,56.09324264526367,-23.068511962890625,-266.1853942871094,-1.5152024030685425,2.4302144050598145,23.47052574157715,0.9087779413219459,-0.40534044285540527,0.09910488763138932,0.29241481553232107,0.7880493306141323,0.5417304017459397,-0.2976847813104409,-0.46333290181510156,0.8346893991610012,-7.617560863494873,1.6580417156219482,1.505083441734314
5.38,1.961855012092121,1.6662033820866036,2.007117472525122,1.3052866955179492,56.07809829711914,-23.044509887695312,-265.9512939453125,-1.5131394863128662,2.369553804397583,23.352725982666016,0.9009791357264559,-0.4260265715330202,0.08208506157291129,0.2943332955153038,0.7391877920526001,0.6057799264019093,-0.31875462057311277,-0.5216347078446968,0.7913865827994991,-7.873551845550537,1.7001845836639404,1.5146586894989014
5.39,1.961855012092121,1.6662033820866036,2.007117472525122,1.3052866955179492,56.062984466552734,-23.0211181640625,-265.7182922363281,-1.5099811553955078,2.309574842453003,23.256671905517578,0.8931172054845522,-0.44542473795687426,0.06275715165233178,0.29427770605286646,0.6840859537499093,0.6674032061672608,-0.34020918416134305,-0.5776012557968744,0.7420475054295019,-7.956894874572754,1.6939303874969482,1.5239176750183105
5.4,1.961855012092121,1.6662033820866036,2.007117472525122,1.3052866955179492,56.04790496826172,-22.998315811157227,-265.4861145019531,-1.5058448314666748,2.2510361671447754,23.182647705078125,0.8853005813655566,-0.4631542664512799,0.0416053614548057,0.2927049322002231,0.6245371290829416,0.7240698841013211,-0.36134014902785294,-0.6288413948403959,0.6884706216213695,-7.852466106414795,1.6298809051513672,1.5326093435287476
5.41,1.5717268003154792,1.2162254058360336,1.583065778506841,2.984268708237805,56.032867431640625,-22.976104736328125,-265.25457763671875,-1.501097559928894,2.1910033226013184,23.126615524291992,0.8775720786927076,-0.47906960622005157,0.018962043537691542,0.28986711403551946,0.56165855928483,0.7749301381304049,-0.38189567017665926,-0.6745605793242399,0.6317623935642787,-7.7211480140686035,1.5590019226074219,1.5408604145050049
5.42,1.5717268003154792,1.2162254058360336,1.583065778506841,2.984268708237805,56.017887115478516,-22.95450782775879,-265.02349853515625,-1.49569571018219,2.127765655517578,23.086767196655273,0.8699604899182458,-0.493089397811328,-0.005620653633547634,0.2862719494594753,0.49572486310455055,0.8199422120202416,-0.4015185138121006,-0.7149263639466915,0.5724187079403376,-7.741880416870117,1.3427855968475342,1.5443845987319946
5.43,1.3859623520021194,1.2429681236834793,2.162837703095989,3.1279882411489166,56.00295639038086,-22.933557510375977,-264.79278564453125,-1.4893555641174316,2.061520576477051,23.063030242919922,0.8624751754316262,-0.5049207009639585,-0.034520392556438045,0.28357162863029645,0.42563024890683676,0.859317183961467,-0.4191941116000403,-0.7509287429267634,0.5102767090964313,-7.903658390045166,0.9900056719779968,1.542871117591858
5.44,1.3859623520021194,1.2429681236834793,2.162837703095989,3.1279882411489166,55.988101959228516,-22.913286209106445,-264.56219482421875,-1.481546401977539,1.9914422035217285,23.054689407348633,0.8550043062969742,-0.5140770705479898,-0.06850110765839504,0.2827126077435141,0.35126700926219956,0.8925721649406572,-0.4347887045870579,-0.7825191714844991,0.44567087477500844,-8.062613487243652,0.5550414323806763,1.5405555963516235
5.45,2.0807064553769514,2.478116162966467,1.654532975121173,2.539846479769868,55.97333526611328,-22.89373779296875,-264.3316345214844,-1.471697449684143,1.9180572032928467,23.061519622802734,0.8472964633897373,-0.5200346794846582,-0.10794737264302423,0.2847368850011181,0.2731908983247645,0.9188534373839867,-0.44834541309921216,-0.8092778664993852,0.37954673670985484,-8.201199531555176,0.05873118340969086,1.5373622179031372
5.46,2.0807064553769514,2.478116162966467,1.654532975121173,2.539846479769868,55.95867919921875,-22.87493896484375,-264.1009216308594,-1.4588890075683594,1.8399821519851685,23.082256317138672,0.839118772110409,-0.5222327829376571,-0.15215980650983257,0.2894656576122832,0.19188169527983806,0.9377585233308329,-0.4605315617360098,-0.8309358190869652,0.31217998847342293,-8.366728782653809,-0.23810873925685883,1.5336087942123413
5.47,2.150691929252778,1.293455157293423,1.257970224936359,3.0464124123030474,55.94417190551758,-22.85694694519043,-263.8699645996094,-1.4425040483474731,1.7580406665802002,23.116533279418945,0.8306063478487796,-0.5201755289749791,-0.19877251814300925,0.2945559007633744,0.10748590463418672,0.9495702194311108,-0.4725779472624484,-0.8472686701162574,0.24249924618571383,-8.562192916870117,-0.3438631296157837,1.5301631689071655
5.48,2.150691929252778,1.293455157293423,1.257970224936359,3.0464124123030474,55.929847717285156,-22.839759826660156,-263.6385498046875,-1.4236292839050293,1.6799861192703247,23.165517807006836,0.8217808963904252,-0.5135140639769205,-0.24694020415002588,0.29947528876642215,0.02054677864115595,0.9538827922264556,-0.4847584034815872,-0.8578351449931266,0.170669722764772,-8.733427047729492,-0.5100316405296326,1.5221432447433472
5.49,3.0502581180612363,2.6201266748191925,1.779812254557891,1.379080265198346,55.915714263916016,-22.82332992553711,-263.4065856933594,-1.4023878574371338,1.6064016819000244,23.22736167907715,0.8123572527562127,-0.5019643538614914,-0.2968290439744646,0.305113168226753,-0.06792173990094813,0.9498908315293192,-0.49697248260745014,-0.8622171563482391,0.09797921631521833,-8.877063751220703,-0.7527467012405396,1.5092459917068481
5.5,3.0502581180612363,2.6201266748191925,1.779812254557891,1.379080265198346,55.901817321777344,-22.807641983032227,-263.1739807128906,-1.3762449026107788,1.5295400619506836,23.29912757873535,0.8023459557249819,-0.48543056233939064,-0.3472724240112197,0.31098805970176324,-0.15660534016955102,0.9374226336894751,-0.5094383123153361,-0.8601348362769887,0.025311447371888562,-8.879124641418457,-0.7728146314620972,1.499983549118042
5.51,2.210428675012807,1.1903096706565945,3.0005756147125746,1.9574725018654637,55.888206481933594,-22.79274559020996,-262.9405822753906,-1.3447177410125732,1.4498395919799805,23.379487991333008,0.7927094226509348,-0.46462880720178074,-0.3946287404113793,0.3143053632622205,-0.24315986555706065,0.9176521227605128,-0.5223254826877824,-0.851465414036602,-0.04671979060796844,-8.75643539428711,-0.5757517218589783,1.4958908557891846
5.52,2.210428675012807,1.1903096706565945,3.0005756147125746,1.9574725018654637,55.87493133544922,-22.77863121032715,-262.7063293457031,-1.3100351095199585,1.373491644859314,23.466724395751953,0.7836217278678594,-0.4403524132609255,-0.43820855736586106,0.3150809872270401,-0.32620647822513066,0.8912425624104757,-0.5354072833847369,-0.8364682215716482,-0.11687581101040428,-8.523388862609863,-0.6279668211936951,1.4932200908660889
5.53,1.7733991301873626,1.291009821152851,1.2542593484880484,1.442694587294136,55.86201858520508,-22.765260696411133,-262.47119140625,-1.272637128829956,1.3012175559997559,23.558513641357422,0.773682781994504,-0.4135783518578519,-0.4799665610433585,0.3163981319663896,-0.404120574749921,0.8582416810852134,-0.5489145424685197,-0.8158673347660983,-0.18180571258417433,-8.196904182434082,-0.9334502220153809,1.4899109601974487
5.54,1.7733991301873626,1.291009821152851,1.2542593484880484,1.442694587294136,55.8494758605957,-22.752561569213867,-262.2351379394531,-1.2379342317581177,1.2420340776443481,23.650379180908203,0.7624517794441219,-0.38462903596005293,-0.5203150859997546,0.3187027229302698,-0.47659061631386596,0.8193228660536704,-0.5631126516242763,-0.7905200118516984,-0.24079504239636446,-7.989887714385986,-1.1366961002349854,1.4841737747192383
5.55,1.7733991301873626,1.291009821152851,1.2542593484880484,1.442694587294136,55.837257385253906,-22.740381240844727,-261.9981994628906,-1.206249713897705,1.1946032047271729,23.739765167236328,0.7506134892011787,-0.35295988452689875,-0.5585684467851638,0.32055278918616326,-0.5446922680837192,0.7749556390108953,-0.5777761670181657,-0.7607428297424644,-0.2957110884313008,-7.905794143676758,-1.2184767723083496,1.4767131805419922
5.56,2.264921797078439,1.4543078633656548,2.6673323906416444,2.575536376856968,55.82535934448242,-22.728656768798828,-261.7603759765625,-1.1730930805206299,1.1508159637451172,23.827098846435547,0.7384501227950298,-0.31853499645780287,-0.5943289259119336,0.32144229136289176,-0.6085115474044613,0.7255263951082701,-0.5927615620697576,-0.7268075073271157,-0.3469648077623513,-7.838076114654541,-1.2820618152618408,1.46882963180542
5.57,2.264921797078439,1.4543078633656548,2.6673323906416444,2.575536376856968,55.8138313293457,-22.717390060424805,-261.52166748046875,-1.128839373588562,1.0994094610214233,23.9171199798584,0.7257586290845573,-0.28165929502171366,-0.627648352054855,0.32155840725886103,-0.6676612595020918,0.6714377359675464,-0.6081731686209515,-0.6891273351768535,-0.3939910060922712,-7.724550247192383,-1.4726239442825317,1.4604723453521729
5.58,2.5900431940479454,1.9931028821071508,2.6204478515820253,1.1548639714981728,55.80281448364258,-22.706680297851562,-261.28204345703125,-1.0733739137649536,1.0426024198532104,24.009719848632812,0.711474364070978,-0.24291649983328958,-0.6593904786835649,0.32186333968239345,-0.7214840171328412,0.6130781382420634,-0.6246664868858371,-0.6484230001554554,-0.43513146637666256,-7.56423282623291,-1.7818734645843506,1.4510633945465088
5.59,2.5900431940479454,1.9931028821071508,2.6204478515820253,1.1548639714981728,55.792362213134766,-22.69651985168457,-261.04150390625,-1.015725016593933,0.9911175966262817,24.09899139404297,0.6955018124016752,-0.20285021186757393,-0.6892960325515202,0.3220630214924711,-0.7695460870615431,0.5514292611708309,-0.642302607135551,-0.6055168135019446,-0.46989014613346175,-7.304924011230469,-1.9430724382400513,1.443801999092102
5.6,3.0922530706121574,2.16343610456564,2.4223140406067145,2.80766700370103,55.78249740600586,-22.686840057373047,-260.80010986328125,-0.9571622014045715,0.945929229259491,24.183956146240234,0.6791508745828208,-0.16261731808288832,-0.7157581277309526,0.3208116028400002,-0.8113094008195525,0.48872995777325623,-0.6601772527409739,-0.5615448904596565,-0.4988319666601498,-6.960968494415283,-1.9517290592193604,1.439429759979248
5.61,3.0922530706121574,2.16343610456564,2.4223140406067145,2.80766700370103,55.773250579833984,-22.67759895324707,-260.5578308105469,-0.8895379900932312,0.9013275504112244,24.27045440673828,0.6628253410057563,-0.12262526786943188,-0.7386647487193044,0.3178696755605636,-0.8471128148490581,0.42586235837125563,-0.6779538602881653,-0.5170714869323736,-0.5225089862594894,-6.722265720367432,-1.9892305135726929,1.4315240383148193
5.62,2.200536973239286,2.989085615222489,2.158816730091779,1.2775566726360894,55.76474380493164,-22.668806076049805,-260.314697265625,-0.8131574392318726,0.8585656881332397,24.358617782592773,0.6461659063765853,-0.0821298034492632,-0.7587649944626539,0.313559272828745,-0.8778399550397363,0.3620464000082618,-0.6958090282970136,-0.4718598401233348,-0.5414776887547134,-6.589884281158447,-2.0711491107940674,1.4197043180465698
5.63,2.200536973239286,2.989085615222489,2.158816730091779,1.2775566726360894,55.756988525390625,-22.660400390625,-260.0707092285156,-0.7405635118484497,0.8245567083358765,24.43992042541504,0.6293720590381193,-0.040935677941214166,-0.7760251810177372,0.3077859634521423,-0.9038153162614821,0.29729728352777457,-0.7135535102597108,-0.4259602614829823,-0.5562366795109746,-6.506553649902344,-2.0377228260040283,1.4130676984786987
5.64,2.2908457396006607,2.601475279759917,3.0185165675409356,2.735870094660675,55.74992370605469,-22.65228843688965,-259.8259582519531,-0.6726551055908203,0.7987475395202637,24.514179229736328,0.6136775984145808,0.0010462261806871431,-0.789556021201087,0.30008094202610736,-0.9252690296124564,0.23201002364714138,-0.7303089986004805,-0.3793100687442952,-0.5681308285178348,-6.458911895751953,-1.892928957939148,1.412132740020752
5.65,2.2908457396006607,2.601475279759917,3.0185165675409356,2.735870094660675,55.74355697631836,-22.644412994384766,-259.5804443359375,-0.597231388092041,0.776771605014801,24.590591430664062,0.5991003066092357,0.04367860122920565,-0.7994817086183897,0.29062674368018027,-0.9422732695596248,0.16630448379785082,-0.7460662963025301,-0.3319838328414124,-0.5772103743466073,-6.426723957061768,-1.9134007692337036,1.4102407693862915
5.66,1.232467296072591,1.8178694100534574,1.6371056828030108,1.5411976567958423,55.737998962402344,-22.636734008789062,-259.33416748046875,-0.5142843127250671,0.759545087814331,24.669660568237305,0.5839302814172619,0.08688542792137219,-0.8071408482160207,0.27991761421919015,-0.9548304574972314,0.09972425324596036,-0.7620180809493919,-0.2841649518335219,-0.5818751794462952,-6.402214050292969,-2.0995397567749023,1.406133770942688
5.67,1.232467296072591,1.8178694100534574,1.6371056828030108,1.5411976567958423,55.733219146728516,-22.62919044494629,-259.0871276855469,-0.44647249579429626,0.7503697276115417,24.735794067382812,0.5677436587176837,0.1306621242574913,-0.8127696766430069,0.2678884690702192,-0.9629073526606845,0.03232952723449645,-0.7783976529544988,-0.23608650845931822,-0.5816874198385383,-6.412055015563965,-2.257399082183838,1.401328444480896
5.68,1.996541119168637,1.29104620393729,2.5258218657363956,2.8794621029718055,55.72902297973633,-22.621706008911133,-258.8394775390625,-0.393780380487442,0.7471547722816467,24.79010581970215,0.5510212164170177,0.17522904773994918,-0.815886266514188,0.2543441158593231,-0.9664512815370959,-0.03579093660473566,-0.7947859396001223,-0.1877943056736694,-0.5771036379806448,-6.453370571136475,-2.3712213039398193,1.3961647748947144
5.69,1.996541119168637,1.29104620393729,2.5258218657363956,2.8794621029718055,55.72536849975586,-22.614227294921875,-258.5912780761719,-0.3339266777038574,0.7489158511161804,24.849374771118164,0.5335978483076846,0.22036349183913023,-0.8165251176454246,0.2391457457300119,-0.9653707681824832,-0.10425254067886486,-0.8112229339587519,-0.13963957677974914,-0.5678187563088479,-6.43262243270874,-2.616708517074585,1.387107014656067
5.7,1.996541119168637,1.29104620393729,2.5258218657363956,2.8794621029718055,55.72236633300781,-22.606704711914062,-258.34246826171875,-0.26591187715530396,0.7567968964576721,24.91498374938965,0.5141035535344877,0.2653025982242896,-0.8156666400059851,0.22195796916183963,-0.9597193278071882,-0.17225989596789776,-0.8285120374314208,-0.0924842862802124,-0.552281142736628,-6.348269462585449,-2.9879329204559326,1.373910903930664
5.71,1.100296529224814,2.0753297448314036,2.8545426741604065,2.0298329045266166,55.72005081176758,-22.599071502685547,-258.09295654296875,-0.19707947969436646,0.7705548405647278,24.982633590698242,0.4921168668070789,0.3097530635080132,-0.813556408032894,0.202336778476417,-0.94965925309836,-0.2391801226700297,-0.8466881465331667,-0.046907810139313375,-0.5300177731625281,-6.250934600830078,-3.3747010231018066,1.35914146900177
5.72,1.100296529224814,2.0753297448314036,2.8545426741604065,2.0298329045266166,55.718414306640625,-22.591279983520508,-257.8427734375,-0.13091829419136047,0.7892082929611206,25.050907135009766,0.46771145213770793,0.35370042244919453,-0.810025930880301,0.17987929378304868,-0.9353530805826547,-0.3045620697208533,-0.8653839825229886,-0.003259724497498978,-0.5010987297817189,-6.186534881591797,-3.733505964279175,1.3487430810928345
5.73,1.428434723142969,1.3909001744447158,1.0821985440687503,2.065856876176599,55.71742630004883,-22.583276748657227,-257.5919189453125,-0.06747826933860779,0.812374472618103,25.12061882019043,0.4412734968772772,0.3974006373702683,-0.80458090604451,0.1542699050782164,-0.9168425924186779,-0.36823967346574243,-0.8840127246487227,0.03837178839594296,-0.4658852954477521,-6.15364408493042,-4.065252304077148,1.34243643283844
5.74,1.428434723142969,1.3909001744447158,1.0821985440687503,2.065856876176599,55.717037200927734,-22.575027465820312,-257.3403625488281,-0.012765731662511826,0.836618185043335,25.189130783081055,0.4132671436522085,0.44100790721611405,-0.796694605071735,0.12538746266086118,-0.8941276051185499,-0.4298997673556443,-0.9019358359578666,0.07776793386627437,-0.4248104239271382,-6.183328628540039,-4.297098636627197,1.3304253816604614
5.75,1.4217923846717135,2.596513437359425,1.1356247922873601,3.012414036025077,55.71714401245117,-22.56654167175293,-257.0881042480469,0.03401997685432434,0.8612189292907715,25.257795333862305,0.38480181897748117,0.48498991962170634,-0.7853103450082348,0.09363649440164012,-0.8669471542578966,-0.489525115433628,-0.9182373152011378,0.11483644713010785,-0.3790155978092992,-6.2689127922058105,-4.439519882202148,1.3127107620239258
5.76,1.4217923846717135,2.596513437359425,1.1356247922873601,3.012414036025077,55.717742919921875,-22.557775497436523,-256.8351745605469,0.08693675696849823,0.8941299319267273,25.333816528320312,0.35640522290302296,0.5297047191756825,-0.7696676084976279,0.059200312072124756,-0.8349103329990367,-0.5471928900323912,-0.9324540954588647,0.1494578413280782,-0.3289250880178363,-6.523685455322266,-4.556415557861328,1.2941632270812988
5.77,2.307762562671175,2.1448042194524195,2.4321753958989545,1.9661250518544282,55.71890640258789,-22.548627853393555,-256.5814208984375,0.14573220908641815,0.9362871050834656,25.416078567504883,0.32850162770726865,0.5763574432867327,-0.7482638426127883,0.022174484154768914,-0.7967178012603129,-0.603944564846313,-0.9442430687307928,0.1818044078753681,-0.2745035235310138,-6.929558753967285,-4.6619954109191895,1.2748825550079346
5.78,2.307762562671175,2.1448042194524195,2.4321753958989545,1.9661250518544282,55.720664978027344,-22.539026260375977,-256.32684326171875,0.2059769332408905,0.9857599139213562,25.501527786254883,0.3014758735669698,0.6241631960068329,-0.7207861003151826,-0.017392555475716498,-0.7522322154592198,-0.6586685001116557,-0.9533151612510192,0.2111089736980643,-0.21592407126833602,-7.0727009773254395,-4.755743503570557,1.256411075592041
5.79,1.1686144295907814,3.042833165956214,2.2258447239405594,2.4228520398623736,55.723026275634766,-22.528888702392578,-256.0714111328125,0.2660767734050751,1.041821002960205,25.588411331176758,0.2757280214866459,0.6700807337359925,-0.6891776755256179,-0.05928439353593684,-0.7037509782211544,-0.707968870315528,-0.9594057634026055,0.2360643364182792,-0.15431853492455663,-6.955221176147461,-4.836010456085205,1.2394667863845825
5.8,1.1686144295907814,3.042833165956214,2.2258447239405594,2.4228520398623736,55.725982666015625,-22.518171310424805,-255.81507873535156,0.3237241804599762,1.1023772954940796,25.674711227416992,0.2514261071940104,0.713525199043228,-0.6539623100390328,-0.10331076573822473,-0.6520225101568877,-0.7511281727716602,-0.9623470259235221,0.25641457949779933,-0.09022064684493822,-7.009215354919434,-4.946593284606934,1.2253098487854004
5.81,2.57759291767497,2.0962432330090777,2.576419985808349,3.0756718909096326,55.729496002197266,-22.50682830810547,-255.5579071044922,0.3783037066459656,1.1666566133499146,25.758861541748047,0.22856527980294158,0.7557848592525709,-0.6136343857649884,-0.14958821928183258,-0.5955692624327598,-0.7892532029060059,-0.9619673994063902,0.2721883542142648,-0.02306994385421282,-7.25052547454834,-5.089690685272217,1.2127363681793213
5.82,2.57759291767497,2.0962432330090777,2.576419985808349,3.0756718909096326,55.733551025390625,-22.494808197021484,-255.29991149902344,0.4333263635635376,1.23958158493042,25.83902931213379,0.2073184195227434,0.7964918754532839,-0.5679962722267659,-0.19812787727632503,-0.5343929064757627,-0.8216870242095615,-0.9580002177309613,0.28288675091862725,0.04701775177667797,-7.35870885848999,-5.276130199432373,1.1941944360733032
5.83,1.8825655561339398,3.0699295638803044,2.962367192952099,1.8477278552107173,55.7381591796875,-22.482011795043945,-255.04112243652344,0.48753634095191956,1.3204606771469116,25.91240119934082,0.18769182951401484,0.8340842629548271,-0.5187246084627034,-0.24903558470791892,-0.4704436332266815,-0.846560136969409,-0.9501331773403489,0.28807330707231904,0.11941823591709286,-7.322267055511475,-5.496682643890381,1.17005455493927
5.84,1.8825655561339398,3.0699295638803044,2.962367192952099,1.8477278552107173,55.74327850341797,-22.468399047851562,-254.78167724609375,0.5358865261077881,1.401900053024292,25.976930618286133,0.17005453443465698,0.8679731427372195,-0.46658769679995465,-0.3018730208447529,-0.40483664367221683,-0.8631222226465252,-0.938058705308082,0.2876280852543592,0.19317336764843038,-7.2690911293029785,-5.642271518707275,1.1509730815887451
5.85,1.569335832129687,1.1345107144771511,2.867010007615881,2.972282969382621,55.74885559082031,-22.453977584838867,-254.52163696289062,0.5779320001602173,1.482419729232788,26.03063201904297,0.15520261819651665,0.8979442657922696,-0.4118352132051463,-0.3554281048764926,-0.33821335950321874,-0.8713682262496445,-0.9217282731742862,0.2816164394781109,0.26666302977132067,-7.216860771179199,-5.714655876159668,1.137467861175537
5.86,1.569335832129687,1.1345107144771511,2.867010007615881,2.972282969382621,55.75481414794922,-22.438766479492188,-254.2611083984375,0.6122481822967529,1.5578248500823975,26.07280921936035,0.1431749375380756,0.9238071006475153,-0.3550793968314691,-0.40963272608241813,-0.2712876728265689,-0.870978776029951,-0.9009450410448214,0.27015447315485314,0.33958002540074256,-7.133196830749512,-6.00261116027832,1.118951678276062
5.87,1.569335832129687,1.1345107144771511,2.867010007615881,2.972282969382621,55.761077880859375,-22.422836303710938,-254.00022888183594,0.6394331455230713,1.6277172565460205,26.1015625,0.13316668270494236,0.9453782277250244,-0.29753426888486767,-0.46638509248911747,-0.20511679178786202,-0.8604719909622696,-0.8745007605035449,0.2533517481095136,0.4135955894452636,-7.0175604820251465,-6.497615814208984,1.0942022800445557
5.88,2.7965196106639256,1.5243478755560993,1.3481674812849298,2.2548332818555075,55.7675895690918,-22.40622329711914,-253.73915100097656,0.6612894535064697,1.6950067281723022,26.11298370361328,0.12534952151662435,0.9626798146913393,-0.23986469486233697,-0.5257280067318952,-0.14058265725388103,-0.8389556480632014,-0.8413664839968739,0.23126627697372243,0.4884857712783984,-6.894094467163086,-7.018656253814697,1.0672653913497925
5.89,2.7965196106639256,1.5243478755560993,1.3481674812849298,2.2548332818555075,55.774288177490234,-22.388957977294922,-253.4780731201172,0.6773593425750732,1.7567312717437744,26.10565185546875,0.12038141015037873,0.9758165057302287,-0.1824567434617108,-0.5860860478415254,-0.07848433695175439,-0.8064386854428205,-0.801256176647461,0.2040155778309336,0.5624643841049874,-6.7646050453186035,-7.273275852203369,1.0358984470367432
5.9,1.6650544697841687,2.7905443531123026,2.717055325031498,2.9401561742031914,55.78112030029297,-22.37110710144043,-253.21713256835938,0.6879469752311707,1.8122482299804688,26.077850341796875,0.11916539722127828,0.9849161372488946,-0.12545840223680443,-0.6438441856993975,-0.019534749257986372,-0.7649072218985172,-0.7558202647760741,0.17192613576226412,0.6318046622142646,-6.633742332458496,-7.276765823364258,1.0016944408416748
5.91,1.6650544697841687,2.7905443531123026,2.717055325031498,2.9401561742031914,55.78803634643555,-22.352703094482422,-252.95660400390625,0.6946454048156738,1.870255947113037,26.021121978759766,0.12181566002915123,0.9901579223998446,-0.06890742834038682,-0.6978765638469296,0.036077277207254066,-0.715308836589143,-0.7057827191174806,0.13522469736750842,0.6954027858852747,-6.636661052703857,-7.375948905944824,0.9733295440673828
5.92,2.6287415415330315,1.0972245941401977,2.5061822794998228,1.681770228432122,55.79500198364258,-22.333702087402344,-252.69679260253906,0.6965048909187317,1.928836703300476,25.934818267822266,0.1283305624791703,0.9916604755158291,-0.011864570514733441,-0.7486529418113705,0.08902293871085576,-0.6569579051206123,-0.6504229696520257,0.09319022310844921,0.7538338960713011,-6.7623796463012695,-7.5931572914123535,0.9495501518249512
5.93,2.6287415415330315,1.0972245941401977,2.5061822794998228,1.681770228432122,55.80195236206055,-22.31416893005371,-252.43795776367188,0.6925554275512695,1.9744051694869995,25.83240509033203,0.1388956076029727,0.9893005062641715,0.044637635399455644,-0.7955804187404076,0.13831194898419863,-0.5898487959511574,-0.5897116308039368,0.0464145782448373,0.8062790332266586,-6.619639873504639,-7.774482250213623,0.9224482774734497
5.94,1.5549759996702865,1.2014174045278667,1.9856114488345766,3.0006420729928873,55.808834075927734,-22.294254302978516,-252.18019104003906,0.6838334202766418,2.0070040225982666,25.71619987487793,0.15343243157466852,0.9834279482249816,0.09658136254519917,-0.8374988506061162,0.1812905190877488,-0.5154894983627976,-0.5244560650564722,-0.0017939729365667456,0.8514356214574205,-6.214944839477539,-7.905853748321533,0.8932562470436096
5.95,1.5549759996702865,1.2014174045278667,1.9856114488345766,3.0006420729928873,55.81561279296875,-22.274057388305664,-251.92367553710938,0.6710662245750427,2.0312066078186035,25.58306121826172,0.17166905972226504,0.9747111247166842,0.14306626886729737,-0.8738186937791652,0.21771688684145402,-0.43478758904336146,-0.4549402425991208,-0.050374403595496164,0.8890960550616851,-6.007076263427734,-8.148542404174805,0.8633694052696228
5.96,2.6999085906409253,2.3376677302882087,2.0334001978914134,1.6565037322061373,55.82224655151367,-22.253662109375,-251.6686248779297,0.6547202467918396,2.047476053237915,25.434677124023438,0.19361439564433697,0.9632713233680318,0.186069404728662,-0.9043852235061217,0.2487510758734776,-0.34671352692903307,-0.38026416252791967,-0.10114969020510073,0.9193301403023572,-6.010013580322266,-8.501709938049316,0.8316013216972351
5.97,2.6999085906409253,2.3376677302882087,2.0334001978914134,1.6565037322061373,55.82869338989258,-22.23313331604004,-251.41510009765625,0.6341396570205688,2.057279109954834,25.26921272277832,0.21915921060389,0.9492438673864262,0.22562207479930066,-0.9280270785762296,0.2741948383586289,-0.2521565625692784,-0.3012224789698618,-0.15412096173702905,0.9410163374333651,-5.934579849243164,-8.620561599731445,0.801464319229126
5.98,2.1649805391012955,1.6851049891136716,2.856533455064972,2.893360985216808,55.83491134643555,-22.212539672851562,-251.16329956054688,0.6095052361488342,2.059755802154541,25.090852737426758,0.2474475998601619,0.9331587711458131,0.2607381697356208,-0.943262181310021,0.29351068839423017,-0.15526729568265893,-0.2214184785281173,-0.20752393508215214,0.9528418933560344,-5.765425205230713,-8.508424758911133,0.7744504809379578
5.99,2.1649805391012955,1.6851049891136716,2.856533455064972,2.893360985216808,55.84086608886719,-22.19196128845215,-250.91331481933594,0.5808765292167664,2.0542593002319336,24.903818130493164,0.2780023101251452,0.9154633955048209,0.29093210042184503,-0.9500360287736663,0.3067895604822276,-0.05754745529633015,-0.1419375200468294,-0.26039765181334784,0.9550114152893935,-5.608452796936035,-8.586997032165527,0.7477249503135681
6.0,1.4947302252024153,2.308069741888895,1.966021264182189,1.647420215237053,55.84651565551758,-22.171480178833008,-250.66525268554688,0.5488192439079285,2.040226459503174,24.713455200195312,0.3111476992936717,0.8964834726729698,0.31544332684092113,-0.9484031834775084,0.31420070139410883,0.04253611187189227,-0.060979593258588594,-0.3124024687285032,0.947990604773251,-5.471687316894531,-8.867889404296875,0.7201575636863708
6.01,1.4947302252024153,2.308069741888895,1.966021264182189,1.647420215237053,55.85184860229492,-22.151182174682617,-250.41900634765625,0.5181036591529846,2.0181379318237305,24.53681755065918,0.3465989543477949,0.8765049379337168,0.3340782223115218,-0.9377779489581571,0.31581039453331167,0.14434788932487375,0.02101626258037237,-0.3633220176131986,0.9314265554645881,-5.410375118255615,-9.030091285705566,0.6954466104507446
6.02,1.4947302252024153,2.308069741888895,1.966021264182189,1.647420215237053,55.85688400268555,-22.13113784790039,-250.17446899414062,0.4894618093967438,1.9898306131362915,24.377534866333008,0.3834177553595151,0.8555312170298431,0.34793269688620293,-0.91797942429867,0.31161154677071484,0.2453813776215406,0.1015115827842002,-0.4134786337969569,0.9048374538855299,-5.41799783706665,-9.060209274291992,0.6735405921936035
6.03,1.5500673858669316,1.5694414008867836,2.2001736034574364,2.1406321933089973,55.86163330078125,-22.111406326293945,-249.93145751953125,0.4607594907283783,1.9555128812789917,24.23196029663086,0.42101945367223353,0.8337094235439281,0.3573110923601244,-0.889201712424088,0.3015964331671704,0.3440347455169467,0.17906125837713666,-0.4625669557965548,0.8683138126008964,-5.436779975891113,-9.071120262145996,0.651922345161438
6.04,1.5500673858669316,1.5694414008867836,2.2001736034574364,2.1406321933089973,55.86609649658203,-22.09204864501953,-249.68978881835938,0.43191078305244446,1.9154263734817505,24.102489471435547,0.45908168654539283,0.8113276874246216,0.36192732515914516,-0.8516080363379428,0.28587869273578237,0.4393599042747454,0.2529975445004774,-0.5099223045306961,0.8221748511228213,-5.417360782623291,-9.176270484924316,0.6281724572181702
6.05,2.5542800735473072,2.8842383216344714,1.4023597028317938,2.759686719044179,55.87027359008789,-22.073116302490234,-249.4493408203125,0.4032483696937561,1.8699570894241333,23.992055892944336,0.4975506455241919,0.7888824910346327,0.36070454734789864,-0.8048795214351955,0.2648130200390971,0.5310772263918152,0.32343826476270626,-0.5545615202633206,0.7667132509162237,-5.361107349395752,-9.370378494262695,0.6022832989692688
6.06,2.5542800735473072,2.8842383216344714,1.4023597028317938,2.759686719044179,55.87415313720703,-22.054683685302734,-249.2099151611328,0.3716959059238434,1.8138933181762695,23.89592933654785,0.5357977141282882,0.7666176679355391,0.35386178197705415,-0.7492611425384595,0.23847516346159298,0.617848959450389,0.38926668213046817,-0.5961769432148828,0.7021712772266429,-5.434215545654297,-9.402287483215332,0.573659360408783
6.07,1.9537829930954085,1.6942459289168346,2.6361430980931333,2.15815697534486,55.87770080566406,-22.03687286376953,-248.97134399414062,0.3379979729652405,1.746795415878296,23.81770133972168,0.5726266534741992,0.7442217693339848,0.34384978374332675,-0.6865292451931106,0.20607045877374475,0.6972894388382461,0.44808069722486066,-0.6353494503579676,0.6289314467446442,-5.633360385894775,-9.274212837219238,0.5424588322639465
6.08,1.9537829930954085,1.6942459289168346,2.6361430980931333,2.15815697534486,55.88092041015625,-22.01975440979004,-248.73342895507812,0.30707624554634094,1.677400827407837,23.767919540405273,0.6077509854176162,0.7219282103114882,0.33084497711219424,-0.6176472645723047,0.1678506194542294,0.7683345795388759,0.4991498735753283,-0.6713015929560151,0.5479083636927353,-5.666050434112549,-9.291216850280762,0.5128911733627319
6.09,1.8188924810515785,1.2810561825779678,3.126872837496935,2.9318511392782813,55.88385009765625,-22.003328323364258,-248.49588012695312,0.27934885025024414,1.6073353290557861,23.74649429321289,0.6414775084721462,0.7007685958001896,0.3121377600749365,-0.5418958859560151,0.1259192859871583,0.8309591940645642,0.5430059437136148,-0.7021878014866929,0.4605180089149301,-5.529540061950684,-9.459403991699219,0.48554402589797974
6.1,1.8188924810515785,1.2810561825779678,3.126872837496935,2.9318511392782813,55.88650894165039,-21.98763084411621,-248.25845336914062,0.25280502438545227,1.5314151048660278,23.74845314025879,0.6735169475967373,0.6813102251282769,0.28669024823950773,-0.45901229946561417,0.08149321411708632,0.8846844437380801,0.5793812477456128,-0.7274443162115733,0.36761683390755306,-5.37114143371582,-9.772340774536133,0.4575352668762207
6.11,1.322495932004819,2.2911918579010577,1.1055356259509066,2.7209408172728216,55.888912200927734,-21.972721099853516,-248.02085876464844,0.22799263894557953,1.4496480226516724,23.77252960205078,0.7035179038679427,0.6639301876674771,0.2534941120442139,-0.3681034752749702,0.035308553081539684,0.929114168210655,0.6079164337536412,-0.7469605156787851,0.2692352086728964,-5.210885047912598,-10.2027006149292,0.4282924234867096
6.12,1.322495932004819,2.2911918579010577,1.1055356259509066,2.7209408172728216,55.89108657836914,-21.9586238861084,-247.78292846679688,0.2082318365573883,1.3723030090332031,23.81950569152832,0.7304490101714385,0.6487718504281893,0.21339946024193313,-0.26993465784515625,-0.012772134771924237,0.9627939307387566,0.6273591666928791,-0.7608757839919408,0.16579661426297393,-5.3071675300598145,-10.457290649414062,0.39771363139152527
6.13,1.5287718744507641,1.0595952444409464,1.608266959683975,2.513521331232333,55.89309310913086,-21.945261001586914,-247.54441833496094,0.19339129328727722,1.3002564907073975,23.885066986083984,0.7530697072002848,0.6354470129560961,0.17056702442867566,-0.1677574980542635,-0.06522691103848471,0.9836680699925923,0.6361944969455892,-0.7693845227203057,0.057480590242239116,-5.643466949462891,-10.536483764648438,0.36482203006744385
6.14,1.5287718744507641,1.0595952444409464,1.608266959683975,2.513521331232333,55.89496994018555,-21.932607650756836,-247.30516052246094,0.1824350506067276,1.231677770614624,23.963655471801758,0.7709886558644636,0.6242330976561612,0.12613299456883248,-0.06336934894788437,-0.12187790058700226,0.9905201173941022,0.633688265744466,-0.7716727396630635,-0.05440923376296347,-5.850382328033447,-10.682273864746094,0.3284394145011902
6.15,1.7619423764409008,2.64084519269327,2.8368984459660638,1.8461033727718719,55.896751403808594,-21.920618057250977,-247.06509399414062,0.17498403787612915,1.1662365198135376,24.049942016601562,0.7839757922947672,0.6157906571207101,0.07863729203524106,0.0427887652390313,-0.17997254602471624,0.9827405579534715,0.619315007621413,-0.7670800149138454,-0.16744304122496023,-5.9113335609436035,-10.908109664916992,0.289462149143219
6.16,1.7619423764409008,2.64084519269327,2.8368984459660638,1.8461033727718719,55.89847946166992,-21.90931510925293,-246.8241424560547,0.17008499801158905,1.0911259651184082,24.141054153442383,0.7915314622502675,0.6104757477617507,0.028236601471938516,0.1491640896755323,-0.23779710027932766,0.959793005522552,0.592644934694648,-0.7554944741647519,-0.27928494568684104,-5.9127583503723145,-11.05630111694336,0.25572124123573303
6.17,2.260065821146569,2.945285297634846,2.1702564744266177,3.0595433827509586,55.90016174316406,-21.898818969726562,-246.582275390625,0.1687801331281662,1.008048176765442,24.233583450317383,0.7932557293909744,0.6084232418692435,-0.023801397894101073,0.25301024847828996,-0.29381259931261694,0.9217700204769721,0.5538331535339386,-0.7372213475195111,-0.38700584337729216,-5.875189781188965,-11.123470306396484,0.22760984301567078
6.18,2.260065821146569,2.945285297634846,2.1702564744266177,3.0595433827509586,55.901859283447266,-21.8891658782959,-246.33949279785156,0.17221441864967346,0.9212374091148376,24.3239688873291,0.7889720564944149,0.6096957215555106,-0.07611978184335041,0.3522601142602507,-0.347338118020992,0.8690621632950031,0.5034241809571021,-0.7124797252459476,-0.48881155381305197,-5.964776515960693,-11.16022777557373,0.1961289942264557
6.19,2.260065821146569,2.945285297634846,2.1702564744266177,3.0595433827509586,55.90361785888672,-21.880390167236328,-246.0958251953125,0.18086938560009003,0.8341358304023743,24.408363342285156,0.7787161641785214,0.6144699139454495,-0.1266011868149817,0.4450419294126222,-0.398801603798034,0.8018073096903062,0.4421977122416857,-0.6807231490584025,-0.5840181312461381,-6.177980422973633,-11.177328109741211,0.15998142957687378
6.2,1.2029968322673068,2.5813740207718396,1.1309525720156408,1.6714318017525776,55.905494689941406,-21.872461318969727,-245.85137939453125,0.19439248740673065,0.7530503869056702,24.48133659362793,0.7627482014841018,0.6228676642998144,-0.17392830103942747,0.5297019321499811,-0.44745304366786237,0.7205564771681279,0.37098658224974235,-0.6417333141438581,-0.6712282095596067,-6.411863327026367,-11.190053939819336,0.1219477429986
6.21,1.2029968322673068,2.5813740207718396,1.1309525720156408,1.6714318017525776,55.90751647949219,-21.86526107788086,-245.60630798339844,0.20886462926864624,0.6921736001968384,24.527610778808594,0.7415171692646894,0.6349110947985013,-0.21688750399101067,0.6045747164794844,-0.4921282003215375,0.6263379651929428,0.2909324661831905,-0.5955650561861847,-0.7487727051452353,-6.678721904754639,-11.13051986694336,0.0844421237707138
6.22,3.095623461289373,1.5120191069124462,2.9425408987728803,2.2752767591465792,55.909671783447266,-21.858562469482422,-245.3609161376953,0.22281986474990845,0.6491082906723022,24.54524803161621,0.7158363084747429,0.650537657360172,-0.2537304392964951,0.6678347890546927,-0.5317313999054566,0.5208247429633673,0.20389966649685093,-0.5422752757695329,-0.8150843215836935,-6.974660873413086,-11.003899574279785,0.04747997969388962
6.23,3.095623461289373,1.5120191069124462,2.9425408987728803,2.2752767591465792,55.9119873046875,-21.852279663085938,-245.1154022216797,0.24225299060344696,0.6070342063903809,24.557302474975586,0.6864544347620567,0.6692520342944385,-0.28439765046192067,0.7186102487862184,-0.5644959195244534,0.40613257340387143,0.11126373773568034,-0.48316257246707095,-0.8684320982276554,-6.956865310668945,-10.976244926452637,0.0065380968153476715
6.24,2.5101434363831325,2.988694737390362,3.073661350237424,1.0621843877705754,55.91453170776367,-21.846405029296875,-244.8697509765625,0.2676409184932709,0.5687268972396851,24.567848205566406,0.6535013265016266,0.6896589924732615,-0.31193988260781874,0.7568051210110815,-0.5879857822866342,0.2855148483707576,0.013491666761973553,-0.4226620327513938,-0.9061869459435193,-6.645569324493408,-11.04709243774414,-0.03651010990142822
6.25,2.5101434363831325,2.988694737390362,3.073661350237424,1.0621843877705754,55.9173469543457,-21.840864181518555,-244.62408447265625,0.29549846053123474,0.5413442254066467,24.569997787475586,0.6172690524539969,0.7110740938759075,-0.33667870425837954,0.7818503886806412,-0.6021126466135615,0.16177246523417477,-0.08768629654897495,-0.363089512113155,-0.9276190595233346,-6.352664470672607,-10.992545127868652,-0.07166758179664612
6.26,1.8347137195188465,1.151759166442085,2.8032932488022437,2.139871084239277,55.920448303222656,-21.835540771484375,-244.37841796875,0.3250674307346344,0.5256640911102295,24.566539764404297,0.5787894759104328,0.7332100959320286,-0.35693934750692863,0.7932704753330743,-0.6076796272372493,0.038045020773238014,-0.18900977630843557,-0.3051695034962426,-0.933352494289104,-6.108766555786133,-10.810991287231445,-0.0987754613161087
6.27,1.8347137195188465,1.151759166442085,2.8032932488022437,2.139871084239277,55.92384338378906,-21.8303165435791,-244.13279724121094,0.35323357582092285,0.5213644504547119,24.554832458496094,0.5385604975695527,0.7557265750656944,-0.3725988918355917,0.7914621746476765,-0.6054236910073693,-0.08396297082037955,-0.28903324473078573,-0.2496787898610704,-0.9241862828098591,-5.888386249542236,-10.840980529785156,-0.12814006209373474
6.28,2.7940093352303332,2.317349658837741,1.7745825610722916,1.202594669472005,55.92750930786133,-21.825084686279297,-243.8873291015625,0.37974971532821655,0.5267634391784668,24.539892196655273,0.4959244524959116,0.7784028979183037,-0.3848998128461709,0.7764772082423599,-0.5959484161790213,-0.2047648171289861,-0.3887699608981915,-0.19731805230668364,-0.899957501072754,-5.685784816741943,-11.081010818481445,-0.1611797958612442
6.29,2.7940093352303332,2.317349658837741,1.7745825610722916,1.202594669472005,55.93144226074219,-21.819751739501953,-243.6419677734375,0.4069932699203491,0.5416086912155151,24.532394409179688,0.4512049587311295,0.8010371309870068,-0.39338734092055444,0.7481589103336486,-0.579833349105164,-0.3225701972499265,-0.48648980472853404,-0.14877097178412813,-0.8609267494099592,-5.5119452476501465,-11.064994812011719,-0.194008931517601
6.3,2.280064416010755,3.0740058418679927,2.461943496891095,2.595015555652542,55.93565368652344,-21.81422233581543,-243.3966064453125,0.4350268840789795,0.5657945275306702,24.53621482849121,0.40628627943766693,0.8234237424915964,-0.3961121046393698,0.7079844959471064,-0.5577353213328436,-0.4332311909780634,-0.5776585606041165,-0.104425340022825,-0.8095714518940856,-5.362832546234131,-10.787827491760254,-0.22527830302715302
6.31,2.280064416010755,3.0740058418679927,2.461943496891095,2.595015555652542,55.940155029296875,-21.808393478393555,-243.15115356445312,0.4675424098968506,0.6038458943367004,24.561214447021484,0.3621314452150951,0.845438790191208,-0.39254817338315673,0.6575424288913351,-0.5301909118339475,-0.5352901560988867,-0.6606805359582723,-0.06427168154571411,-0.7479106767236153,-5.371644973754883,-10.60072135925293,-0.25409558415412903
6.32,2.6954839600742124,2.2684176165634904,2.621582139738784,1.4877067764552465,55.94501876831055,-21.802099227905273,-242.90533447265625,0.5036329030990601,0.6564729809761047,24.60634422302246,0.31887950021401185,0.8674635684878925,-0.38186754469254636,0.5973471569845289,-0.49674914511685303,-0.629616280656859,-0.7358615619705673,-0.027335767264290822,-0.6765800155504963,-5.5249810218811035,-10.52541732788086,-0.2820829153060913
6.33,2.6954839600742124,2.2684176165634904,2.621582139738784,1.4877067764552465,55.95022201538086,-21.795242309570312,-242.65899658203125,0.5368887782096863,0.7151678800582886,24.660486221313477,0.27711864746801107,0.8890707063606766,-0.36436044559862324,0.5282024840385819,-0.4577339906902052,-0.7151795086705788,-0.8026253117619525,0.005733485689030093,-0.596455979985851,-5.508875370025635,-10.425368309020996,-0.31023263931274414
6.34,2.6954839600742124,2.2684176165634904,2.621582139738784,1.4877067764552465,55.95574188232422,-21.78778076171875,-242.41207885742188,0.566650927066803,0.7778968811035156,24.723054885864258,0.23757079345314192,0.9090683441889122,-0.34227892674202715,0.4515812416259272,-0.41533535828423185,-0.7896650697419094,-0.8600200580856416,0.033034614460261624,-0.5091897622083847,-5.319725036621094,-10.290385246276855,-0.3372666835784912
6.35,1.619647622303817,2.494677337239291,1.5975746297803775,2.6507288617684575,55.9615478515625,-21.779661178588867,-242.1645050048828,0.5944375991821289,0.8466646671295166,24.795740127563477,0.20064702299813603,0.9270350892117382,-0.31677549705141334,0.36896059440819895,-0.37105033500246964,-0.8521676646461678,-0.9075289813201195,0.054107229320485395,-0.4164895626535273,-5.108423233032227,-10.149994850158691,-0.36278748512268066
6.36,1.619647622303817,2.494677337239291,1.5975746297803775,2.6507288617684575,55.967620849609375,-21.770835876464844,-241.91616821289062,0.6192019581794739,0.9180091023445129,24.87533187866211,0.16655852781391214,0.9431330743067652,-0.2876773556627835,0.281531183630197,-0.32509459930415985,-0.9028032422111962,-0.9449859519888336,0.06937943248497497,-0.31966864859072475,-5.1649370193481445,-10.076749801635742,-0.38896286487579346
6.37,2.6692560169313455,1.9929693076815158,1.4417497647418165,1.740087702907691,55.97392654418945,-21.76129150390625,-241.66700744628906,0.6408032774925232,0.9909390211105347,24.959566116333008,0.1354784297359007,0.9581060436787505,-0.2523458027044372,0.18974254914389127,-0.2750694784867046,-0.9425150115777627,-0.9724419571988205,0.07980971790016816,-0.21905946409142651,-5.473469257354736,-10.064966201782227,-0.4177379906177521
6.38,2.6692560169313455,1.9929693076815158,1.4417497647418165,1.740087702907691,55.980430603027344,-21.751014709472656,-241.41697692871094,0.6589532494544983,1.0644451379776,25.045757293701172,0.10804350396488072,0.9715799320427907,-0.21061585149916295,0.0948235067946952,-0.22096158504930033,-0.9706618775308204,-0.9896136133916851,0.08490237678785845,-0.11600208017800942,-5.641585350036621,-9.947218894958496,-0.44965022802352905
6.39,2.608429249488867,2.7428904957035156,1.716746270809484,2.6371403646384497,55.98709487915039,-21.74000358581543,-241.1660919189453,0.673430860042572,1.1378647089004517,25.130596160888672,0.08498077597658679,0.9826502451576856,-0.16485376369970262,-0.000643412767500795,-0.165398117825943,-0.986226672038252,-0.9963823832918904,0.0839163768949524,-0.013423410684193338,-5.651616096496582,-9.724459648132324,-0.4828771948814392
6.4,2.608429249488867,2.7428904957035156,1.716746270809484,2.6371403646384497,55.993892669677734,-21.728225708007812,-240.91439819335938,0.685608446598053,1.2205009460449219,25.210268020629883,0.06651257801610791,0.9910198048862142,-0.1159992383119014,-0.09505193395916806,-0.10943474495723621,-0.9894388138974368,-0.9932478073553815,0.0768360782408552,0.08691956203463097,-5.751949787139893,-9.518973350524902,-0.5154243111610413
6.41,2.4998986070702083,1.5282753039504626,2.414040335943044,3.0559665452281015,56.000797271728516,-21.7155704498291,-240.6619415283203,0.6943919062614441,1.3108769655227661,25.279603958129883,0.052731448693934646,0.996592177978963,-0.06343047461422335,-0.1876043740133928,-0.0525014471721722,-0.9808405563066153,-0.980828217971772,0.06362097795518629,0.18419657432847042,-5.95397424697876,-9.340039253234863,-0.5478935837745667
6.42,2.4998986070702083,1.5282753039504626,2.414040335943044,3.0559665452281015,56.00776672363281,-21.70201301574707,-240.4088592529297,0.6981065273284912,1.3999608755111694,25.335166931152344,0.043766041866314886,0.9990118797557875,-0.007732896363170927,-0.2779183340868877,0.004739902837290477,-0.9605930110611162,-0.9596071764830256,0.04419046761350931,0.2778511641407577,-6.06541633605957,-9.331567764282227,-0.5824174880981445
6.43,2.914049606182333,1.501702618737501,1.128721423566611,1.8281933807885458,56.014747619628906,-21.687583923339844,-240.15528869628906,0.6963949203491211,1.485575556755066,25.37394905090332,0.03971455994167633,0.9980052195929725,0.04907479387447111,-0.36699599285756296,0.06024989417387755,-0.9282692990067744,-0.9293743567342122,0.018855554015180576,0.36865671447520115,-6.083308219909668,-9.478493690490723,-0.6189703941345215
6.44,2.914049606182333,1.501702618737501,1.128721423566611,1.8281933807885458,56.02167892456055,-21.672348022460938,-239.90142822265625,0.6899004578590393,1.5580189228057861,25.396879196166992,0.0407174338828275,0.9935498618103249,0.10583365568042336,-0.453669441889248,0.11275733484460632,-0.8840078172361598,-0.8902393656056197,-0.012018965655420544,0.45533440062296854,-6.062194347381592,-9.443727493286133,-0.6570354104042053
6.45,2.2017607935052057,2.665711043208592,2.597704097563528,1.9521581260013372,56.02853012084961,-21.656461715698242,-239.6473846435547,0.6794559359550476,1.6175425052642822,25.402816772460938,0.04650965031261761,0.9857632710376428,0.16157854406128497,-0.5346892200754664,0.16119765186091567,-0.8295316479614363,-0.8437679126174966,-0.04781307883512198,0.5345742409894241,-6.014404296875,-9.222855567932129,-0.6953708529472351
6.46,2.2017607935052057,2.665711043208592,2.597704097563528,1.9521581260013372,56.03525161743164,-21.639989852905273,-239.39341735839844,0.6630429625511169,1.6783233880996704,25.382658004760742,0.05675029021036243,0.9747948268273755,0.21576480285632083,-0.6088881742781026,0.2050622271247063,-0.7662928123315099,-0.791223480304597,-0.08788929739873197,0.6051783833031701,-6.005356311798096,-9.053777694702148,-0.7267213463783264
6.47,2.957359586207533,1.8886006864715812,2.590477363916652,1.8138113928369042,56.041770935058594,-21.62289810180664,-239.13980102539062,0.639988362789154,1.7390395402908325,25.335445404052734,0.0713884675903616,0.9606873460228774,0.26829742802833534,-0.6763829192238552,0.24431693489082568,-0.6948491792524241,-0.7330824191571609,-0.13186757947680655,0.6672339231526021,-6.035373687744141,-8.95309066772461,-0.7519482970237732
6.48,2.957359586207533,1.8886006864715812,2.590477363916652,1.8138113928369042,56.04803466796875,-21.605236053466797,-238.8867645263672,0.6118713617324829,1.7921398878097534,25.266738891601562,0.09024354113887767,0.9436589222590418,0.3183770433363866,-0.7368058391372453,0.2783425561546613,-0.6161514236342792,-0.6700546684383114,-0.1789783782309833,0.7204120219914654,-5.94378137588501,-8.85205364227295,-0.7787615656852722
6.49,1.7156239254705876,1.7417517644693543,2.9462432039917887,1.5160138246358401,56.053993225097656,-21.587085723876953,-238.634521484375,0.5793072581291199,1.8363721370697021,25.179080963134766,0.11288976798584183,0.9245108463337042,0.36405438507926313,-0.7896716294841026,0.305858798854145,-0.5318544093560017,-0.6030544070579574,-0.2274424986119287,0.7645883153391357,-5.73530387878418,-8.743951797485352,-0.8068991899490356
6.5,1.7156239254705876,1.7417517644693543,2.9462432039917887,1.5160138246358401,56.05961227416992,-21.568546295166016,-238.38320922851562,0.5450503826141357,1.868683934211731,25.079498291015625,0.13896136512500806,0.9038642762209075,0.4046221807739284,-0.8348246387518965,0.32670231094652763,-0.4430952748055032,-0.5326889913780463,-0.27621544162818595,0.7999671669954876,-5.546095848083496,-8.73547077178955,-0.8307723999023438
6.51,1.7156239254705876,1.7417517644693543,2.9462432039917887,1.5160138246358401,56.06489181518555,-21.549745559692383,-238.13294982910156,0.5098384618759155,1.8900189399719238,24.97068977355957,0.16855178599047038,0.8820515197892755,0.43997205806375067,-0.8724547431491187,0.3412217378227901,-0.34984346041308345,-0.4587079861916819,-0.3248889688410871,0.8270635654708454,-5.388518810272217,-8.820355415344238,-0.8508886694908142
6.52,1.7147203227873202,1.676043343531473,1.5624754845044349,2.7353730334892727,56.069793701171875,-21.53077507019043,-237.8838348388672,0.47239065170288086,1.9029549360275269,24.85184669494629,0.20144851623622106,0.8594527756011011,0.46985042494158563,-0.9021694491803866,0.3496126805432841,-0.25270785221060643,-0.3814561315168274,-0.37297707719765194,0.8458009929134122,-5.237491607666016,-8.918405532836914,-0.8701193332672119
6.53,1.7147203227873202,1.676043343531473,1.5624754845044349,2.7353730334892727,56.07431411743164,-21.511714935302734,-237.6359405517578,0.4334568381309509,1.9075452089309692,24.72666358947754,0.23724210974645743,0.836151630804621,0.49453678494710873,-0.9234436038368964,0.35216169011770926,-0.15242721064876733,-0.3016091707753181,-0.4205146778843891,0.8556864576397207,-5.285419940948486,-9.011144638061523,-0.8942977786064148
6.54,2.802306644194063,2.036698278828573,2.114011890516619,2.18831800381491,56.078453063964844,-21.492650985717773,-237.38931274414062,0.39343351125717163,1.9040652513504028,24.598834991455078,0.2755139881979402,0.8111994421798607,0.5157979326386914,-0.9357767323050299,0.3491372947941938,-0.049244864303931074,-0.2200317013154824,-0.4691040549716823,0.8552937717681213,-5.518481731414795,-9.094996452331543,-0.9242770075798035
6.55,2.802306644194063,2.036698278828573,2.114011890516619,2.18831800381491,56.08217239379883,-21.473657608032227,-237.1439666748047,0.3486996293067932,1.8928872346878052,24.466270446777344,0.3158007488061415,0.7845679506363593,0.5335944320246825,-0.938739086136965,0.3401365701717495,0.055462075245470144,-0.13798121325824012,-0.5184209143794853,0.8439199845493186,-5.639176368713379,-9.07421588897705,-0.9553602337837219
6.56,2.843775796799991,1.2063698380221375,1.2633618205974084,2.302930023693567,56.085418701171875,-21.454822540283203,-236.8999786376953,0.29964351654052734,1.8731718063354492,24.333982467651367,0.35706956292436387,0.7573457716840032,0.5467437327902035,-0.9323058140659194,0.3249979908183883,0.1586889253315878,-0.0575082280364054,-0.5663953460934972,0.8221247567320548,-5.634490013122559,-8.958086013793945,-0.9858523607254028
6.57,2.843775796799991,1.2063698380221375,1.2633618205974084,2.302930023693567,56.08817672729492,-21.436222076416016,-236.65725708007812,0.25338825583457947,1.8464958667755127,24.21643829345703,0.3986493187216712,0.730114493439364,0.5549878801852597,-0.9168810776859291,0.30396617941262283,0.2587153863897205,0.020194307718676252,-0.6119945982139663,0.7906040739160716,-5.620883464813232,-8.831082344055176,-1.019396185874939
6.58,1.0534411017938619,1.8505067714989418,2.984510768563339,2.1305586077246383,56.09049606323242,-21.417911529541016,-236.4156036376953,0.21053218841552734,1.814467191696167,24.116880416870117,0.4400605670513218,0.7031745040865065,0.5584731991144827,-0.8929951103097522,0.2773280527640266,0.35446986347641285,0.09437388563232224,-0.6547020451723126,0.7499725340023116,-5.613372325897217,-8.703886985778809,-1.0558112859725952
6.59,1.0534411017938619,1.8505067714989418,2.984510768563339,2.1305586077246383,56.09238815307617,-21.39995002746582,-236.1748809814453,0.16731473803520203,1.7760642766952515,24.032115936279297,0.48125174275835936,0.6767095975540747,0.5571901656259232,-0.8609543893224985,0.24540458417828936,0.44557168847515916,0.16478561708585263,-0.6941474703854237,0.7007174821275345,-5.650362968444824,-8.762114524841309,-1.0840997695922852
6.6,2.5946435047278245,2.721050054918746,1.3320333225582428,1.3793268239181575,56.093841552734375,-21.382408142089844,-235.93490600585938,0.12373045086860657,1.7313250303268433,23.964115142822266,0.5231645895160099,0.6506771250429826,0.5503799516900519,-0.8199789520245466,0.20833336779820122,0.5331338725860382,0.23223550657311529,-0.7302167396106847,0.6425341879457236,-5.729968070983887,-8.992223739624023,-1.1054273843765259
6.61,2.5946435047278245,2.721050054918746,1.3320333225582428,1.3793268239181575,56.09486389160156,-21.36534309387207,-235.69552612304688,0.08092948794364929,1.6810661554336548,23.915843963623047,0.5650893234626024,0.6252783182124462,0.5382388700957907,-0.7702976662520802,0.16620318885892932,0.615644382236793,0.2954920673642148,-0.7624982129726852,0.5755700768266923,-5.836263656616211,-8.909847259521484,-1.1296013593673706
6.62,1.539128233201664,1.147280266396029,1.041331940654642,2.7626688887865773,56.095462799072266,-21.34880256652832,-235.45651245117188,0.039320576936006546,1.625868558883667,23.888608932495117,0.6043988962892287,0.6006538667237373,0.5233707161794451,-0.7149913182771976,0.1191874947913979,0.6888989446018813,0.3514105703484139,-0.7905752800810139,0.5014990903005001,-5.959090232849121,-8.51734733581543,-1.1561815738677979
6.63,1.539128233201664,1.147280266396029,1.041331940654642,2.7626688887865773,56.095672607421875,-21.332820892333984,-235.2176971435547,0.002734588924795389,1.571578025817871,23.885894775390625,0.6407198001502954,0.5767724126912264,0.5067659436600955,-0.6556112712833517,0.06750887741495798,0.7520747385974346,0.3995647615363408,-0.8141106407783366,0.42139276917134355,-6.171906471252441,-8.337348937988281,-1.1869730949401855
6.64,1.1561421133199055,1.965395263083723,2.4487749638193,2.5995290471340398,56.09553909301758,-21.317365646362305,-234.978759765625,-0.029200196266174316,1.519134283065796,23.905981063842773,0.6754755838717447,0.553280611410042,0.4874559473745862,-0.5908956848693926,0.010692682604027448,0.806677107733609,0.44110659164861366,-0.8329263062098946,0.3341537718292038,-6.470149993896484,-8.38656997680664,-1.2227988243103027
6.65,1.1561421133199055,1.965395263083723,2.4487749638193,2.5995290471340398,56.09508514404297,-21.302467346191406,-234.73953247070312,-0.06307855993509293,1.458580493927002,23.94266700744629,0.7089847277832618,0.5303441781746999,0.4648394437290106,-0.520542956311154,-0.05114906691003113,0.8523020612371396,0.4757895400331304,-0.846238043124058,0.23980301908989154,-6.755312919616699,-8.518692970275879,-1.2554185390472412
6.66,1.1561421133199055,1.965395263083723,2.4487749638193,2.5995290471340398,56.09427261352539,-21.288225173950195,-234.49984741210938,-0.09853366017341614,1.3896524906158447,23.995254516601562,0.7412872393714895,0.50843909258634,0.4381585533513818,-0.4444775132398597,-0.11728771583897829,0.8880784492022009,0.5029244167557456,-0.8530728461528094,0.1390458564202432,-7.020112991333008,-8.70205307006836,-1.2849371433258057
6.67,2.5703472474723634,2.400621770494044,1.2711496763080603,1.255514314676457,56.093116760253906,-21.27468490600586,-234.2595672607422,-0.13223661482334137,1.3178324699401855,24.06328773498535,0.7720144225272303,0.48802672677980485,0.4072144955162289,-0.36321761798847163,-0.18702252954590604,0.9127406726036872,0.5216001278687802,-0.8525564423490332,0.03287581506870685,-7.28633975982666,-8.887855529785156,-1.3156863451004028
6.68,2.5703472474723634,2.400621770494044,1.2711496763080603,1.255514314676457,56.09164047241211,-21.261863708496094,-234.0185546875,-0.1622316688299179,1.247373342514038,24.14336395263672,0.8002772304277908,0.469671289238221,0.3727804105960135,-0.2785862365304458,-0.2592909687869642,0.9247474803000657,0.5309859351005708,-0.8439058440198322,-0.07666070150049209,-7.467718601226807,-8.765735626220703,-1.3494224548339844
6.69,1.417087413190207,1.1240979056822444,2.759435544231148,1.9392381905143838,56.08988571166992,-21.249732971191406,-233.77667236328125,-0.18850751221179962,1.1789885759353638,24.230520248413086,0.8244242825059431,0.45406905365030936,0.3378548459496677,-0.19528217240217297,-0.33207121716174914,0.9228182810687068,0.5312150934945742,-0.8267708275270887,-0.18509598373201885,-7.566026210784912,-8.357491493225098,-1.3840655088424683
6.7,1.417087413190207,1.1240979056822444,2.759435544231148,1.9392381905143838,56.08788299560547,-21.238279342651367,-233.53392028808594,-0.21166574954986572,1.1122968196868896,24.31951904296875,0.8445769251243507,0.44144701354051374,0.3030088311974723,-0.11461833629840609,-0.4037345182070969,0.9076679325569835,0.5230224225897799,-0.8013257596285325,-0.2903869356979974,-7.579526901245117,-8.226319313049316,-1.4165352582931519
6.71,1.159579481446675,2.5895182895629776,2.5231006081216325,2.5368763873662736,56.085662841796875,-21.227481842041016,-233.290283203125,-0.23182496428489685,1.047615647315979,24.40552520751953,0.8619201069713356,0.43218252732865337,0.2651640855589966,-0.03406037750087976,-0.4724287783683941,0.8807104745907386,0.5058988237612523,-0.7681336553238403,-0.39247556315752546,-7.528134822845459,-8.384761810302734,-1.4478590488433838
6.72,1.159579481446675,2.5895182895629776,2.5231006081216325,2.5368763873662736,56.08324432373047,-21.217342376708984,-233.0458221435547,-0.25084319710731506,0.9784135818481445,24.487552642822266,0.8763541868396477,0.426387242574472,0.2240474471587628,0.04630830522914195,-0.537579602528934,0.8419404443377443,0.47943600206432646,-0.7274627758961774,-0.4908554060107758,-7.6695027351379395,-8.522539138793945,-1.4779655933380127
6.73,1.9986856531045967,2.4435516715566834,1.4560060678569988,1.3144084589581917,56.080650329589844,-21.20792007446289,-232.800537109375,-0.26789331436157227,0.906339168548584,24.56254005432129,0.887392600080493,0.42368282985561245,0.1817339621752704,0.1247944511649682,-0.6002480543541013,0.7900181125787877,0.4438025667803386,-0.678376836964276,-0.5855289478663948,-7.996890544891357,-8.605266571044922,-1.508018970489502
6.74,1.9986856531045967,2.4435516715566834,1.4560060678569988,1.3144084589581917,56.07790756225586,-21.199182510375977,-232.5546112060547,-0.2800731956958771,0.8433288335800171,24.62012481689453,0.8947081990161818,0.42419571455174077,0.13984003135425138,0.19941494585002362,-0.6595238533900329,0.7247495886036736,0.3996635059457544,-0.6205532068771379,-0.6746723645219566,-8.264351844787598,-8.466828346252441,-1.5409674644470215
6.75,1.737905363517094,2.5770684238479067,2.9531110116690105,2.375502708125806,56.07506561279297,-21.191020965576172,-232.30821228027344,-0.2878587245941162,0.7899247407913208,24.656885147094727,0.8980550224734191,0.4281329507939745,0.100991846476392,0.26720279322072216,-0.7133197261147067,0.6479024892919332,0.34942788083567533,-0.5548667811106409,-0.754998682988656,-8.45240592956543,-8.128935813903809,-1.5752443075180054
6.76,1.737905363517094,2.5770684238479067,2.9531110116690105,2.375502708125806,56.0721549987793,-21.183387756347656,-232.06150817871094,-0.2935422658920288,0.735414981842041,24.684188842773438,0.8978552859671063,0.43532921932056867,0.06591173087296424,0.32742222651086283,-0.7602513691603225,0.5610815816586073,0.29436469055848913,-0.48218909827535444,-0.8251321727195018,-8.624397277832031,-7.94520902633667,-1.607537865638733
6.77,2.4940198384261585,3.012175919130571,1.1969955092599118,1.5474228954968186,56.06919860839844,-21.176305770874023,-231.81454467773438,-0.2967868745326996,0.6821831464767456,24.703311920166016,0.8946253454094154,0.44558610312837266,0.033143868964794945,0.38084214739594247,-0.7992219051020829,0.46497699423933286,0.23367659300394533,-0.4033576218492327,-0.8847021412759212,-8.793062210083008,-7.925804615020752,-1.6386942863464355
6.78,2.4940198384261585,3.012175919130571,1.1969955092599118,1.5474228954968186,56.06622314453125,-21.169710159301758,-231.5675048828125,-0.29676687717437744,0.6398088335990906,24.702898025512695,0.8885519336828274,0.4587630994870889,0.003446693706697798,0.42676010457516406,-0.829277837370662,0.36079645451255893,0.16837836645930343,-0.3191154759563336,-0.9326382142683514,-9.009087562561035,-7.66196870803833,-1.672442078590393
6.79,1.0996071557964213,1.9752310193880613,1.496886783251693,1.1847934841770535,56.06326675415039,-21.163476943969727,-231.320556640625,-0.2941456139087677,0.6084485054016113,24.684385299682617,0.8800351773100695,0.47450778466124255,-0.019505101709924075,0.4637119058732474,-0.8496963629499305,0.25097282550320205,0.10251514545780603,-0.22990966287987996,-0.9677975986053203,-9.264420509338379,-7.150670528411865,-1.707423210144043
6.8,1.0996071557964213,1.9752310193880613,1.496886783251693,1.1847934841770535,56.06034469604492,-21.157503128051758,-231.07388305664062,-0.29007962346076965,0.588446855545044,24.644351959228516,0.8697885389121155,0.49219536818720616,-0.03480829085416272,0.4919775818661299,-0.8596783297236751,0.13751810187996277,0.0377618394451715,-0.13673656767146414,-0.9898874453912142,-9.496495246887207,-6.7633056640625,-1.7392973899841309
6.81,1.0996071557964213,1.9752310193880613,1.496886783251693,1.1847934841770535,56.057464599609375,-21.151681900024414,-230.8277130126953,-0.2854343056678772,0.5775099992752075,24.588090896606445,0.8583443961116312,0.5111835560434547,-0.04400306460380652,0.5123763056515215,-0.8584899728933385,0.0215751674035862,-0.026747318943347677,-0.04106505171508218,-0.9987983993063766,-9.704414367675781,-6.517730712890625,-1.768645167350769
6.82,1.9017687255634836,2.184630733194305,2.6295514031853036,2.7763558676842015,56.054630279541016,-21.145931243896484,-230.58212280273438,-0.28044480085372925,0.5732784867286682,24.529190063476562,0.8460963367430908,0.5309115990861745,-0.047474866041763666,0.5252474723601538,-0.8455935779340241,-0.09532362632634805,-0.09075286072180784,0.055716917650717075,-0.9943136041301616,-9.907181739807129,-6.286426544189453,-1.7972408533096313
6.83,1.9017687255634836,2.184630733194305,2.6295514031853036,2.7763558676842015,56.051856994628906,-21.140182495117188,-230.33706665039062,-0.27463051676750183,0.5782270431518555,24.490461349487305,0.8333837230365244,0.5508180947324,-0.04550820467949017,0.5308371680668658,-0.8206343187817129,-0.21159209776460003,-0.15389435069726087,0.15217996370430276,-0.9762980013655798,-10.097533226013184,-6.170586109161377,-1.8274701833724976
6.84,1.4375171842317744,2.0966905613351896,2.8059991954482095,2.0815511390735475,56.04914093017578,-21.134326934814453,-230.09225463867188,-0.2684895098209381,0.5954207181930542,24.47405433654785,0.8204123609928704,0.5704171914925229,-0.039341906154719886,0.529061248499584,-0.7834228795797675,-0.3261024180943872,-0.21683577487620848,0.24672417676573077,-0.9445154457885307,-10.279208183288574,-6.1592254638671875,-1.8599175214767456
6.85,1.4375171842317744,2.0966905613351896,2.8059991954482095,2.0815511390735475,56.046485900878906,-21.128246307373047,-229.84754943847656,-0.2632783055305481,0.6217615604400635,24.464780807495117,0.8073989522091475,0.589272803164658,-0.02940230300566428,0.5197828188901424,-0.7339969678353889,-0.43712043236969883,-0.27916438375657465,0.3376477671463581,-0.8989222614792064,-10.42320442199707,-6.1592535972595215,-1.890741229057312
6.86,1.91254510842155,2.103550019817393,2.770590447206903,2.8313559081643245,56.04387283325195,-21.12186622619629,-229.6029510498047,-0.2593483328819275,0.6558187007904053,24.464313507080078,0.794584221357576,0.6069419128322956,-0.016044613334351976,0.5030008133937448,-0.6728487359250412,-0.5424617592875146,-0.3400383756207612,0.42296110106196344,-0.8399272647638281,-10.533324241638184,-6.158226013183594,-1.919756293296814
6.87,1.91254510842155,2.103550019817393,2.770590447206903,2.8313559081643245,56.041290283203125,-21.11509132385254,-229.35824584960938,-0.25679031014442444,0.7015748620033264,24.48271942138672,0.7821870005645422,0.6230434845932684,0.0005589756012824298,0.4788578903061939,-0.6005977383237284,-0.6402948364713897,-0.39859580660030325,0.501097967493683,-0.768129032086637,-10.664791107177734,-6.168704509735107,-1.9512817859649658
6.88,1.8328585117763356,1.1793679281924176,2.717646033972165,2.898006631112379,56.038734436035156,-21.10779571533203,-229.1132354736328,-0.2560238838195801,0.7592825889587402,24.520397186279297,0.7704090619982199,0.6372263658657058,0.0203085163566466,0.44752275774178174,-0.5178201696047801,-0.7290992067295554,-0.45408507847562346,0.5707931592057336,-0.6841066517069722,-10.82064437866211,-6.188021183013916,-1.9855964183807373
6.89,1.8328585117763356,1.1793679281924176,2.717646033972165,2.898006631112379,56.03617858886719,-21.099889755249023,-228.8677978515625,-0.2572768032550812,0.822303831577301,24.570497512817383,0.7594691387728978,0.6491369099805433,0.04275393961338367,0.4091446512022132,-0.425523249820565,-0.807174465809446,-0.5057739432238202,0.6305166420984121,-0.5887626706855411,-10.926491737365723,-6.273616790771484,-2.0227770805358887
6.9,2.984115000492634,2.477507364449626,2.830809649890419,1.1283738572899684,56.03358840942383,-21.09133529663086,-228.62179565429688,-0.26058945059776306,0.8890068531036377,24.63225555419922,0.7495744631987773,0.6585660574574279,0.0665497714890434,0.3634419581713357,-0.3254559166291009,-0.8729194632792284,-0.5532161125282319,0.6785051173691256,-0.4833039815096285,-10.98556900024414,-6.41951322555542,-2.062703847885132
6.91,2.984115000492634,2.477507364449626,2.830809649890419,1.1283738572899684,56.03095626831055,-21.082080841064453,-228.3751220703125,-0.26638633012771606,0.9642601609230042,24.70735740661621,0.740832554667678,0.6654277762142878,0.09150410147676286,0.3115351135910339,-0.2197100075612915,-0.924485470722628,-0.5950739440980286,0.7133956736762039,-0.37007244403723366,-10.907265663146973,-6.284658908843994,-2.099386215209961
6.92,1.2921646264987048,2.5682949058532385,2.146336825867846,2.5853692536006303,56.02825164794922,-21.0720272064209,-228.1276397705078,-0.2749166488647461,1.0472233295440674,24.7915096282959,0.733091218896809,0.6696781800140592,0.11877878594028385,0.25757463312107337,-0.11173216916429152,-0.9597766567000816,-0.6294700732750804,0.7341982413401023,-0.25440198360894434,-10.69954776763916,-5.885590553283691,-2.1302390098571777
6.93,1.2921646264987048,2.5682949058532385,2.146336825867846,2.5853692536006303,56.02545166015625,-21.06113624572754,-227.87928771972656,-0.285666823387146,1.1300896406173706,24.877920150756836,0.7263432669610936,0.6710587385416671,0.14867961517017708,0.20324409791333775,-0.003053832506636156,-0.9791233378744555,-0.6565952293488577,0.7413978982529474,-0.13860685864138556,-10.77132797241211,-5.6145501136779785,-2.1587326526641846
6.94,2.580094159901477,2.7872621559031785,1.5023179671911753,2.706196494698349,56.02253341674805,-21.049428939819336,-227.6300811767578,-0.29865363240242004,1.2111152410507202,24.962459564208984,0.7209263562032177,0.668722980223778,0.18186468775488074,0.14761683574630163,0.10822322979796961,-0.9831057940711903,-0.6771074203815824,0.7355931676223786,-0.02069379161667706,-11.119842529296875,-5.483732223510742,-2.1874501705169678
6.95,2.580094159901477,2.7872621559031785,1.5023179671911753,2.706196494698349,56.01947021484375,-21.036897659301758,-227.38006591796875,-0.3153495788574219,1.2961937189102173,25.040668487548828,0.7169960131324516,0.661957549718337,0.2184694933464727,0.09138117161293408,0.22144632562537359,-0.9708815614387104,-0.6910616460394953,0.7160822070390497,0.09828567614493483,-11.481678009033203,-5.221328258514404,-2.219895601272583
6.96,1.4212846908455656,2.7848247177525893,2.8298021817958734,1.4191390250100462,56.01621627807617,-21.02349853515625,-227.1293182373047,-0.3362681567668915,1.3836438655853271,25.106403350830078,0.7142746452242756,0.6501725888749268,0.2590122311116037,0.03702688032706719,0.3344642345447071,-0.941680777091509,-0.6988853563517985,0.6822091178561738,0.21482545982941825,-11.821198463439941,-4.819211959838867,-2.2545299530029297
6.97,1.4212846908455656,2.7848247177525893,2.8298021817958734,1.4191390250100462,56.01274108886719,-21.009254455566406,-226.87799072265625,-0.35959893465042114,1.463225245475769,25.156015396118164,0.7127021299718234,0.6328108515338565,0.30266499651367335,-0.01446169896296845,0.4446379592312796,-0.8955936268608368,-0.701317712022683,0.6339144353867,0.32604594064584,-12.038666725158691,-4.472431182861328,-2.2806239128112793
6.98,1.4212846908455656,2.7848247177525893,2.8298021817958734,1.4191390250100462,56.00901412963867,-20.994266510009766,-226.6262664794922,-0.38510018587112427,1.5333998203277588,25.18634605407715,0.7125273634012834,0.6098309733965845,0.3470027957965037,-0.06337573030577232,0.5484720940608698,-0.8337636828530581,-0.6987762683524862,0.572087883041285,0.42944985838246075,-12.145379066467285,-4.194903373718262,-2.29840350151062
6.99,3.0060199182284024,3.11619074964601,1.341704763238929,2.1594257364146427,56.00502395629883,-20.97861099243164,-226.3743438720703,-0.4137401580810547,1.596543312072754,25.19377899169922,0.7137493177064593,0.5812986392886053,0.3907093592874122,-0.10950239088320618,0.6435903141491841,-0.7574963590171351,-0.6917883620475453,0.49787890043118993,0.5230157384257226,-12.232074737548828,-3.9236819744110107,-2.31370210647583
7.0,3.0060199182284024,3.11619074964601,1.341704763238929,2.1594257364146427,56.00072479248047,-20.96234703063965,-226.1224822998047,-0.4477725923061371,1.6557258367538452,25.17381477355957,0.7159668110961729,0.547217897199004,0.43352519926052413,-0.15208399143591053,0.7283159995682024,-0.6681513782982805,-0.6813677310804341,0.41244196895814367,0.6046731656723578,-12.385332107543945,-3.4643681049346924,-2.333730936050415
7.01,2.073277745556268,2.771395003060658,2.182921508061109,2.236666529481683,55.99605178833008,-20.94551658630371,-225.87095642089844,-0.48734140396118164,1.708763837814331,25.126705169677734,0.7179061319001312,0.5071796150291825,0.47684339554935823,-0.1895885860953853,0.8015354674963278,-0.5670952850869032,-0.6698260623494312,0.31671711738441544,0.6715826931608364,-12.596101760864258,-2.8261818885803223,-2.356651782989502
7.02,2.073277745556268,2.771395003060658,2.182921508061109,2.236666529481683,55.990966796875,-20.928207397460938,-225.62001037597656,-0.5299592018127441,1.7504544258117676,25.058839797973633,0.7191069400050407,0.46087608980931527,0.5200754163375371,-0.22237352966565524,0.8616844045183315,-0.4561249832161425,-0.6583579741604294,0.21235163491709744,0.722129878212646,-12.789429664611816,-2.3094396591186523,-2.3740477561950684
7.03,1.4079725831591487,1.9127372141823762,3.0669073621222065,2.797683790124769,55.985443115234375,-20.910545349121094,-225.36984252929688,-0.5752354264259338,1.7800798416137695,24.97512435913086,0.7201691723008024,0.4083705694999169,0.5608830905223393,-0.2518931533278391,0.9071602255965692,-0.33706106924730933,-0.6464566517363209,0.10145838093472233,0.75617457928971,-12.961631774902344,-1.9251827001571655,-2.38638973236084
7.04,1.4079725831591487,1.9127372141823762,3.0669073621222065,2.797683790124769,55.979454040527344,-20.89264678955078,-225.1205596923828,-0.6233142614364624,1.797900676727295,24.880477905273438,0.7215719583539826,0.3500793461606658,0.5973092668868604,-0.2789626502522715,0.9366200086608008,-0.2119499920747111,-0.633651125369021,-0.013689805256539594,0.77349779608646,-13.08523941040039,-1.7614740133285522,-2.396158456802368
7.05,2.258340880187908,2.74266264228823,2.087035960747186,1.6738022029322996,55.97296905517578,-20.8746280670166,-224.87225341796875,-0.6738686561584473,1.8039559125900269,24.780685424804688,0.724760553732464,0.28701640693690433,0.6263734683896193,-0.304242514993019,0.9489881009440708,-0.08281350335113463,-0.6181898024265159,-0.1305494788024645,0.7751117350164878,-13.170609474182129,-1.7885050773620605,-2.405404567718506
7.06,2.258340880187908,2.74266264228823,2.087035960747186,1.6738022029322996,55.96597671508789,-20.856605529785156,-224.62493896484375,-0.7252235412597656,1.7984000444412231,24.682905197143555,0.7296354164052942,0.22035243213658978,0.6473615410097846,-0.32741011205129406,0.9436720492882259,0.047808805870044394,-0.6003622053840769,-0.24683571265854165,0.7606821631290679,-13.23746109008789,-1.5763890743255615,-2.4142050743103027
7.07,2.128065121026144,1.89280121274275,1.0804241393085758,2.82073507070252,55.958465576171875,-20.83869171142578,-224.37857055664062,-0.7769113779067993,1.7820408344268799,24.593196868896484,0.7340144990147347,0.15115331863824705,0.6620992293461706,-0.3485064683759753,0.9205971667926532,0.17619335399908106,-0.5828944644927191,-0.36007434059925003,0.7284095774396173,-13.283493995666504,-1.1212388277053833,-2.420316457748413
7.08,2.128065121026144,1.89280121274275,1.0804241393085758,2.82073507070252,55.950443267822266,-20.82099151611328,-224.13304138183594,-0.826977014541626,1.7566241025924683,24.51940155029297,0.7372297879893379,0.08001488998298523,0.6708873654215038,-0.3682535960913851,0.8800951876647126,0.29970276878129987,-0.5664640577008914,-0.46800649357719926,0.6782981595895835,-13.427854537963867,-0.7080506086349487,-2.428814172744751
7.09,1.788737557029103,1.2517152385083183,2.9434422265318676,2.585472024815764,55.94192886352539,-20.8035831451416,-223.88812255859375,-0.8753740787506104,1.7236024141311646,24.466211318969727,0.7397402624132086,0.006906607379794039,0.6728570746743608,-0.38713624365537486,0.8222456044863188,0.4171782529702791,-0.5503724856978619,-0.5690909107316944,0.6109219772682328,-13.666009902954102,-0.35651883482933044,-2.4398910999298096
7.1,1.788737557029103,1.2517152385083183,2.9434422265318676,2.585472024815764,55.932926177978516,-20.78654670715332,-223.6436309814453,-0.9258278608322144,1.6817843914031982,24.433622360229492,0.7421094575342846,-0.06704429650466359,0.6669172477484475,-0.4052140572935829,0.7477008054330203,0.526065654958091,-0.5339242650506177,-0.6606425416675853,0.5277085477127978,-13.725996017456055,-0.18993863463401794,-2.446099042892456
7.11,2.557011787791744,2.3298165606003494,2.0795564386727845,2.139949937697809,55.92340850830078,-20.76997184753418,-223.3993377685547,-0.9778918027877808,1.6314201354980469,24.42399024963379,0.7458734734303691,-0.13908855621370678,0.6514039723269293,-0.42137511138344175,0.658867213330999,0.6231669204186274,-0.5158641072409559,-0.7392890968544243,0.4328231210698674,-13.614166259765625,-0.1935567408800125,-2.4486849308013916
7.12,2.557011787791744,2.3298165606003494,2.0795564386727845,2.139949937697809,55.91336441040039,-20.753944396972656,-223.15504455566406,-1.0308212041854858,1.5727119445800781,24.43773651123047,0.7509887462711908,-0.20754493119958403,0.6268500654122842,-0.4354248621272273,0.5580220469795749,0.7064110591760367,-0.4964081913259591,-0.8034528589893032,0.3286980544000908,-13.533886909484863,-0.003639727830886841,-2.4507133960723877
7.13,2.557011787791744,2.3298165606003494,2.0795564386727845,2.139949937697809,55.902793884277344,-20.738542556762695,-222.91050720214844,-1.0834585428237915,1.5066319704055786,24.47403335571289,0.755743845104964,-0.27175982596959425,0.5958169497210863,-0.4491601478052719,0.4469889202331693,0.7735994227068238,-0.47655681949743406,-0.852260231489045,0.2157454416962935,-13.495232582092285,0.38576582074165344,-2.4506561756134033
7.14,3.056182722421368,2.3440713477783968,1.435638808373099,2.6504176028196125,55.89170455932617,-20.72382926940918,-222.66551208496094,-1.133837342262268,1.4356061220169067,24.531028747558594,0.759720330473759,-0.33110213499195973,0.5596395229686771,-0.46342840449739175,0.32802709296906635,0.8231842686684832,-0.45613499467793994,-0.8847426758566752,0.09576671732980163,-13.453661918640137,0.8018993139266968,-2.447719097137451
7.15,3.056182722421368,2.3440713477783968,1.435638808373099,2.6504176028196125,55.880123138427734,-20.709848403930664,-222.4198455810547,-1.1821248531341553,1.3595945835113525,24.60451316833496,0.7629662848591421,-0.3850550850688004,0.5192446722219658,-0.478574360310302,0.20352474031265239,0.8541336322462968,-0.4345676354974252,-0.9001723510213618,-0.028994976027763963,-13.454415321350098,1.2655977010726929,-2.444901466369629
7.16,1.7810338142377948,2.964808141508072,1.2026029796535365,2.6305996563156677,55.86806869506836,-20.6966495513916,-222.1733856201172,-1.2275043725967407,1.2799842357635498,24.68941307067871,0.7654427982473682,-0.43343065531234537,0.47564187120852747,-0.4950679946430834,0.07556314824452615,0.8655621822303996,-0.4111021810831396,-0.898013406171025,-0.15673837770564952,-13.49165153503418,1.7718299627304077,-2.441530227661133
7.17,1.7810338142377948,2.964808141508072,1.2026029796535365,2.6305996563156677,55.85558319091797,-20.68423843383789,-221.92604064941406,-1.2666534185409546,1.2030675411224365,24.77866554260254,0.7674171885735079,-0.476148767721202,0.4293637265530395,-0.5127526932502624,-0.053752226696318905,0.8568520138797537,-0.3849097741634198,-0.8777203706891894,-0.28539694572769486,-13.686595916748047,2.257240056991577,-2.43162202835083
7.18,1.3848504618082909,2.03542778820481,1.1230623952224956,2.8468052922944707,55.842750549316406,-20.672574996948242,-221.67782592773438,-1.299307942390442,1.130211591720581,24.86464500427246,0.7693590837301065,-0.5135964214274525,0.3798753955955625,-0.5308815054905639,-0.18328388759333009,0.8273885687370521,-0.355318768727523,-0.8382277330448986,-0.4136699652432685,-14.022845268249512,2.722416877746582,-2.4149649143218994
7.19,1.3848504618082909,2.03542778820481,1.1230623952224956,2.8468052922944707,55.829620361328125,-20.661609649658203,-221.42880249023438,-1.3244792222976685,1.064487099647522,24.938369750976562,0.7717847391674656,-0.545256392495693,0.3271754618408751,-0.5484046700027354,-0.3103062862497882,0.7765064884680974,-0.32187052413571193,-0.7787204088480328,-0.5385108081888,-14.352019309997559,3.087968111038208,-2.395780563354492
7.2,1.3440591376338147,1.165919871850787,2.328488280350596,2.067465983934384,55.816280364990234,-20.651260375976562,-221.17913818359375,-1.3424087762832642,1.0062583684921265,24.99298858642578,0.7754526996248394,-0.5702256592367962,0.27113798736530736,-0.5634884606050905,-0.4312419044030966,0.7046354906273852,-0.28487517513720617,-0.6991946205705185,-0.6557232778816033,-14.66031265258789,3.3632988929748535,-2.3751559257507324
7.21,1.3440591376338147,1.165919871850787,2.328488280350596,2.067465983934384,55.80279541015625,-20.641462326049805,-220.9290313720703,-1.353857159614563,0.9547006487846375,25.02436065673828,0.7807702363917076,-0.5875096182567932,0.21267413199680402,-0.5748325150013456,-0.5420166825690617,0.6130134545946414,-0.24487837320201333,-0.6008746660266066,-0.7609101248277285,-14.744370460510254,3.5349748134613037,-2.350184917449951
7.22,2.0847407134202296,3.0838693738807104,1.8174539245527606,2.0373699774244853,55.78922653198242,-20.632143020629883,-220.6787872314453,-1.3591219186782837,0.9102473258972168,25.030912399291992,0.7880657063787514,-0.5960977834612431,0.15368758890148912,-0.5810599412821351,-0.6378634825898292,0.505469605629831,-0.20327761083543308,-0.4876449631965537,-0.8490468790367646,-14.624466896057129,3.613818407058716,-2.32231068611145
7.23,2.0847407134202296,3.0838693738807104,1.8174539245527606,2.0373699774244853,55.7756233215332,-20.62325096130371,-220.4285430908203,-1.3601332902908325,0.8682529330253601,25.023916244506836,0.7972137474390405,-0.5960027281334481,0.09607803574016527,-0.5819693673751272,-0.7164128080509574,0.384791299144791,-0.16050512867567712,-0.36267538725150456,-0.9179894700653027,-14.602644920349121,3.896552324295044,-2.291959524154663
7.24,3.116005261759538,1.1127208243453854,2.778920837305007,1.0649896765332618,55.76203918457031,-20.61475944519043,-220.17837524414062,-1.3563801050186157,0.8320057392120361,25.00738525390625,0.8078689900216333,-0.5878290906984863,0.0424812322092616,-0.5780889837516007,-0.7763246119472412,0.2512632558692321,-0.11472062511365612,-0.22754572510499155,-0.9669861018442695,-14.68821907043457,4.38067102432251,-2.2570900917053223
7.25,3.116005261759538,1.1127208243453854,2.778920837305007,1.0649896765332618,55.74851989746094,-20.6065731048584,-219.92845153808594,-1.3473031520843506,0.8077404499053955,24.975378036499023,0.8200469546290878,-0.572276197309254,-0.004790218869577111,-0.5684924053730693,-0.8155313182869717,0.10828228814656607,-0.06587394960605111,-0.08607335758743154,-0.9941086459119675,-14.39929485321045,4.823018550872803,-2.220435857772827
7.26,2.649527243478026,1.8718702281913195,1.8631967467046802,2.542135328026075,55.735111236572266,-20.59856605529785,-219.6789093017578,-1.3342550992965698,0.7956135869026184,24.933685302734375,0.8336615414300595,-0.5506372755888965,-0.04250911752194502,-0.5520580652439321,-0.8330214150915852,-0.03615542280127751,-0.015502481723365028,0.05360888667796043,-0.9984416659622967,-13.751198768615723,5.193107604980469,-2.183901071548462
7.27,2.649527243478026,1.8718702281913195,1.8631967467046802,2.542135328026075,55.72184371948242,-20.59062385559082,-219.4297637939453,-1.3184581995010376,0.7952597737312317,24.896480560302734,0.8483805745221218,-0.5247334439160181,-0.07003723016760591,-0.5282262051325102,-0.8303239268370513,-0.17759294111311608,0.03503536762790305,0.18766190172204533,-0.9816086458753526,-13.328142166137695,5.518935680389404,-2.148958683013916
7.28,2.8262180267032084,1.315666306305841,3.0386565572894835,1.6425313679466709,55.708744049072266,-20.582622528076172,-219.18093872070312,-1.300958275794983,0.8073934316635132,24.869916915893555,0.8638175601963429,-0.4958679402614345,-0.08907417424438899,-0.49669544568332796,-0.8086146043967477,-0.3153348312409073,0.08433775509152217,0.3166345012426373,-0.9447908422973568,-13.153505325317383,5.816053867340088,-2.1147541999816895
7.29,2.8262180267032084,1.315666306305841,3.0386565572894835,1.6425313679466709,55.695823669433594,-20.57443618774414,-218.9323272705078,-1.282994270324707,0.8315521478652954,24.85546112060547,0.8795530493667352,-0.4652196893275656,-0.09978513923245869,-0.4574123545531888,-0.7690162314736835,-0.4465288049298974,0.13099760017567377,0.438388727491912,-0.8891878048850181,-12.79325008392334,6.055944919586182,-2.076969861984253
7.3,2.8262180267032084,1.315666306305841,3.0386565572894835,1.6425313679466709,55.683082580566406,-20.565956115722656,-218.6837615966797,-1.2655812501907349,0.86700040102005,24.85630989074707,0.895040633711428,-0.4342744607673735,-0.10152810808171644,-0.41090320382726964,-0.7144831524267966,-0.5662794204125314,0.1733805672211596,0.5485613161930707,-0.8179362207938924,-12.234272003173828,6.238458156585693,-2.036926507949829
7.31,2.89140379502265,2.932437872191292,1.1155632719743802,1.5625732893274096,55.67050552368164,-20.557064056396484,-218.4351348876953,-1.2495696544647217,0.9128721952438354,24.874408721923828,0.9097358152944386,-0.40427705192413804,-0.0945558652759852,-0.3579160809080279,-0.6482149499668517,-0.6720963157665051,0.21042059166821214,0.6452731545066782,-0.7344016140198766,-11.646982192993164,6.398719787597656,-1.9973397254943848
7.32,2.89140379502265,2.932437872191292,1.1155632719743802,1.5625732893274096,55.658084869384766,-20.547670364379883,-218.1862335205078,-1.2358275651931763,0.9669656753540039,24.908716201782227,0.923188757994989,-0.37612692087739485,-0.0790636231332694,-0.29864579856825757,-0.5725075090949884,-0.7635743834279537,0.24193636375955854,0.7285353055419771,-0.6408612209126566,-11.316340446472168,6.799905776977539,-1.9586173295974731
7.33,2.2004446869628795,2.6751717139757094,1.5797059413990047,3.0304387504765478,55.64578628540039,-20.537700653076172,-217.93692016601562,-1.2250034809112549,1.0280351638793945,24.958433151245117,0.9349995107089332,-0.35053165966711,-0.053883861638502006,-0.2311530940282902,-0.48710951327091856,-0.8421950897518445,0.2689687009583165,0.7999074181753726,-0.5364736342568993,-11.22115421295166,7.431065559387207,-1.9178401231765747
7.34,2.2004446869628795,2.6751717139757094,1.5797059413990047,3.0304387504765478,55.633575439453125,-20.527069091796875,-217.68702697753906,-1.2175127267837524,1.0998252630233765,25.0246639251709,0.9442943195302339,-0.32851538729644114,-0.01964378813779094,-0.1554103979122873,-0.3925101259500482,-0.9065227020033323,0.29009627078554057,0.8590770869579442,-0.4216997893527762,-11.262718200683594,7.889377593994141,-1.8748974800109863
7.35,1.607334040503304,1.1627811743087793,1.368484235772184,1.9495094908736412,55.621421813964844,-20.515668869018555,-217.4364013671875,-1.2141422033309937,1.1813653707504272,25.103179931640625,0.9502081732666279,-0.31095597884242043,0.020268366472172644,-0.07422420083739595,-0.28902287442501423,-0.9544404361033497,0.30264698159299064,0.9054126999778912,-0.2977123565648518,-11.408968925476074,8.163147926330566,-1.8304733037948608
7.36,1.607334040503304,1.1627811743087793,1.368484235772184,1.9495094908736412,55.609291076660156,-20.503475189208984,-217.18495178222656,-1.2147339582443237,1.2526464462280273,25.183591842651367,0.9522360870622774,-0.2985540717810532,0.06412410404268122,0.010282279503806613,-0.1785250192019442,-0.9838816454468244,0.3051896283043191,0.9375469501533771,-0.16692814931452482,-11.431169509887695,8.352139472961426,-1.7843395471572876
7.37,1.0732077964223532,2.042938146848006,2.3319316890475745,1.92416180770638,55.59712600708008,-20.490650177001953,-216.93272399902344,-1.2182437181472778,1.3118531703948975,25.263587951660156,0.9500781600846653,-0.291722496974577,0.11067734406397439,0.09579076179858717,-0.06487484345283712,-0.9932851476998016,0.29694379886467365,0.9543003926677848,-0.03369185168447136,-11.32807731628418,8.479032516479492,-1.7376232147216797
7.38,1.0732077964223532,2.042938146848006,2.3319316890475745,1.92416180770638,55.58491134643555,-20.477224349975586,-216.67970275878906,-1.2254483699798584,1.3754037618637085,25.340532302856445,0.9435833105569769,-0.2906804524260284,0.158604573123652,0.18025619755380967,0.04910790596081949,-0.9823930561723174,0.27777371956644564,0.9555591494771757,0.09873435353856774,-11.242502212524414,8.549860000610352,-1.6860734224319458
7.39,1.0859935732631472,1.1015448165203703,3.1174110264676598,1.7262861472056352,55.57260513305664,-20.463130950927734,-216.42596435546875,-1.2365782260894775,1.4428702592849731,25.406831741333008,0.9328082710209564,-0.2955781623154019,0.2061608097508929,0.26146257908495907,0.1614025385747131,-0.9516231083154086,0.24800413152432654,0.9415852433549966,0.22784025158644905,-11.188896179199219,8.574277877807617,-1.6302297115325928
7.4,1.0859935732631472,1.1015448165203703,3.1174110264676598,1.7262861472056352,55.56017303466797,-20.44837760925293,-216.171630859375,-1.2504278421401978,1.5064610242843628,25.456493377685547,0.91803493055468,-0.3062207494355892,0.25187441096024504,0.3373395318728415,0.2693993859536975,-0.9020122011833229,0.20836004059626329,0.9130459043568824,0.35061841083982836,-10.994354248046875,8.480125427246094,-1.574223279953003
7.41,2.730469769114172,2.653452281071204,1.1933306455588026,2.5556417000227776,55.54759216308594,-20.433015823364258,-215.91690063476562,-1.2663594484329224,1.5641416311264038,25.48484230041504,0.8999823991754416,-0.3217554647057349,0.29411749711027513,0.40535235040745565,0.3694625148542008,-0.8361739783901201,0.1603781568467708,0.8717630819492221,0.46293409439878863,-10.668240547180176,8.277045249938965,-1.5202327966690063
7.42,2.730469769114172,2.653452281071204,1.1933306455588026,2.5556417000227776,55.53483200073242,-20.417085647583008,-215.66207885742188,-1.2871934175491333,1.6235359907150269,25.483463287353516,0.8790158954824279,-0.34158065343488453,0.3326465281469547,0.46503859983972573,0.46025714171639037,-0.756242331635942,0.10521480954852755,0.8194425060356926,0.5634215323837128,-10.53470516204834,8.349303245544434,-1.4737074375152588
7.43,1.2147176628534508,1.0664038430104759,1.5510967996316452,1.4917162255523737,55.52183532714844,-20.400558471679688,-215.40737915039062,-1.3129734992980957,1.681643009185791,25.449535369873047,0.8542491920678378,-0.3660517454320714,0.36914013262930495,0.5181750640286166,0.5423622682679462,-0.6613151842942879,0.04186789785009576,0.7562071737463105,0.6529914161030232,-10.589841842651367,8.692193031311035,-1.4310916662216187
7.44,1.2147176628534508,1.0664038430104759,1.5510967996316452,1.4917162255523737,55.508583068847656,-20.383525848388672,-215.15313720703125,-1.3343322277069092,1.7195004224777222,25.398683547973633,0.825501683167499,-0.39513802354610394,0.40300485535003755,0.5636328103298052,0.6143604540277201,-0.5521587522140524,-0.029411327874681092,0.6829547385258646,0.7298683435508871,-10.555002212524414,8.902509689331055,-1.38462233543396
7.45,1.2147176628534508,1.0664038430104759,1.5510967996316452,1.4917162255523737,55.49515914916992,-20.366222381591797,-214.8994598388672,-1.3501957654953003,1.7392349243164062,25.334474563598633,0.7937437093889039,-0.42796984598538595,0.43221838777727595,0.5989029574761137,0.6740088666664787,-0.43246652492572496,-0.10623639363187676,0.6021244543964422,0.7913027044601068,-10.419068336486816,8.95682144165039,-1.3356019258499146
7.46,2.683491025327778,2.279221763413454,2.1154318637887792,2.2946459385513194,55.4815788269043,-20.34876823425293,-214.64651489257812,-1.3655328750610352,1.750112533569336,25.25141716003418,0.7597069317045679,-0.46376758129170426,0.45581247071890574,0.6228873606553825,0.720263959877792,-0.30533778678200585,-0.18669952826882627,0.5158870599695293,0.8360644876444596,-10.272534370422363,8.983452796936035,-1.2867218255996704
7.47,2.683491025327778,2.279221763413454,2.1154318637887792,2.2946459385513194,55.46781539916992,-20.33123016357422,-214.39451599121094,-1.3897738456726074,1.757825255393982,25.137248992919922,0.723827731317571,-0.5018366597435169,0.47353287352952406,0.635184464339849,0.7526768225825664,-0.17325789161914515,-0.2694700570322383,0.4261895912437115,0.8635672068105417,-10.126363754272461,9.091989517211914,-1.2391939163208008
7.48,2.509493440298053,1.4381353185604906,2.8942752294338785,2.3434398559132914,55.45375061035156,-20.313644409179688,-214.14382934570312,-1.4227970838546753,1.7582075595855713,24.998838424682617,0.6860709329624204,-0.5415323627875291,0.4858491278142114,0.6356075782875475,0.7710715022233601,-0.03810177006977272,-0.3539910752653421,0.3349499044823967,0.8732118185868307,-9.98098087310791,9.278640747070312,-1.1924182176589966
7.49,2.509493440298053,1.4381353185604906,2.8942752294338785,2.3434398559132914,55.43935012817383,-20.296110153198242,-213.8945770263672,-1.4571542739868164,1.7466059923171997,24.857175827026367,0.6469375569871694,-0.5820857641930822,0.49259309829029135,0.6237723781417356,0.7755368272983614,0.0972144524821039,-0.43861123746077996,0.24437428798412314,0.8648129218191505,-9.729813575744629,9.342151641845703,-1.1456927061080933
7.5,2.0968409888180335,2.653768166727033,2.6007347013418176,2.113670552318583,55.42460632324219,-20.27875328063965,-213.6466827392578,-1.491705298423767,1.7234044075012207,24.721538543701172,0.6077277525057942,-0.6222124640791915,0.49347606667269783,0.5999080173550388,0.7668599227584502,0.22811450979727305,-0.520362709604947,0.15740873041672337,0.8393123030441011,-9.382610321044922,9.28023910522461,-1.1004517078399658
7.51,2.0968409888180335,2.653768166727033,2.6007347013418176,2.113670552318583,55.40951919555664,-20.26167869567871,-213.4001007080078,-1.5271070003509521,1.6891605854034424,24.597190856933594,0.569080019503479,-0.6613311377384835,0.4886604727819132,0.5647934776177822,0.7462807470748801,0.35224050616839997,-0.5976255173955776,0.075539213676618,0.7982089752406862,-9.15694522857666,9.28671932220459,-1.053957462310791
7.52,1.3759116915335934,1.5540510929421922,2.6298250750770436,2.565303526006878,55.394065856933594,-20.2450008392334,-213.15467834472656,-1.5631144046783447,1.6445826292037964,24.489843368530273,0.5309596203759481,-0.6997081652805036,0.478006657872064,0.5188782931515116,0.7144277436717624,0.46942338668652683,-0.6699605946818089,-0.001217584438955116,0.7423956620709276,-9.054720878601074,9.370824813842773,-1.005128264427185
7.53,1.3759116915335934,1.5540510929421922,2.6298250750770436,2.565303526006878,55.378265380859375,-20.22880744934082,-212.91021728515625,-1.5959941148757935,1.594031572341919,24.40926170349121,0.4939871392008244,-0.7370631766972188,0.46120990867628797,0.46296281908986947,0.6719760653082817,0.5780256013302183,-0.7359634056422548,-0.07201417367299529,0.6731803802441434,-8.9764986038208,9.301154136657715,-0.9577040076255798
7.54,2.5160379301429714,2.8980620609290404,1.538696245552567,1.8248093057101102,55.36215591430664,-20.213136672973633,-212.66641235351562,-1.6256835460662842,1.5393201112747192,24.357255935668945,0.45967301975481256,-0.7728415002516918,0.4375119774339967,0.3992102455790295,0.6198819968085616,0.6755571699400145,-0.793304414921676,-0.13587614036814882,0.5934692744737782,-8.909361839294434,9.079520225524902,-0.9127919673919678
7.55,2.5160379301429714,2.8980620609290404,1.538696245552567,1.8248093057101102,55.34574890136719,-20.198047637939453,-212.42298889160156,-1.6554049253463745,1.4768930673599243,24.3293514251709,0.4284012809969153,-0.8064980097197942,0.4074718429023196,0.3287921489957033,0.5591693687502572,0.7610685513212498,-0.8416460450801091,-0.1920691994293967,0.5047190876433756,-8.891133308410645,9.13348388671875,-0.8693146109580994
7.56,3.015773203382545,2.047857551805256,3.0807100627509545,1.4477653013454026,55.32904815673828,-20.183622360229492,-212.1797637939453,-1.6847831010818481,1.4069536924362183,24.325820922851562,0.39910574488343675,-0.8377483398306163,0.3726826042520415,0.25009506427810596,0.49050739885444217,0.8347783840593739,-0.8821377801821932,-0.23995876891686185,0.40528104568945356,-8.914911270141602,9.45994758605957,-0.825069010257721
7.57,3.015773203382545,2.047857551805256,3.0807100627509545,1.4477653013454026,55.31205368041992,-20.169933319091797,-211.93643188476562,-1.7137020826339722,1.3286466598510742,24.34624481201172,0.3719784289306218,-0.8659481787706564,0.33431392446933655,0.16326312161694695,0.4155784017339274,0.894784747932241,-0.913770869272049,-0.27825948985804133,0.29596360379909253,-8.69306468963623,9.714962005615234,-0.7784929275512695
7.58,1.9664863586277224,1.0785032938015955,2.766917705453973,2.338749503691975,55.294776916503906,-20.15707015991211,-211.69276428222656,-1.741295337677002,1.2431226968765259,24.389480590820312,0.3477856339089487,-0.8899102997587647,0.29513524227007604,0.07048807284960756,0.3387129142336881,0.9382456998661229,-0.9349206300175964,-0.30550486103266505,0.18052754762892248,-8.240100860595703,9.870439529418945,-0.7318437695503235
7.59,1.9664863586277224,1.0785032938015955,2.766917705453973,2.338749503691975,55.277244567871094,-20.14505958557129,-211.4485626220703,-1.7642300128936768,1.1605799198150635,24.453901290893555,0.32694130505998137,-0.9096735683074358,0.2561315719869239,-0.025772633078129492,0.2623426778761745,0.9646305462450262,-0.9446931535847478,-0.3219787547146152,0.062325974380906424,-7.857699871063232,9.825470924377441,-0.6891390681266785
7.6,1.9664863586277224,1.0785032938015955,2.766917705453973,2.338749503691975,55.25950622558594,-20.13384437561035,-211.20364379882812,-1.7825590372085571,1.0824183225631714,24.53329086303711,0.3101134005777138,-0.925770058974652,0.2162856368051183,-0.12166244952825761,0.1869859802559487,0.9747997186922583,-0.9428827748754935,-0.3286122960173448,-0.054644594877246155,-7.5680718421936035,9.605558395385742,-0.6507726311683655
7.61,2.8911413669961767,2.5910931612441086,2.6699173988130034,2.669145791108991,55.241600036621094,-20.123411178588867,-210.95787048339844,-1.7974382638931274,1.004661202430725,24.621068954467773,0.2974120203487963,-0.9384288150298936,0.17577670287508668,-0.21493600360832943,0.11357196670416425,0.9700020220246081,-0.9302411539514508,-0.3262710031561763,-0.16792447110095376,-7.295648574829102,9.357564926147461,-0.6150646209716797
7.62,2.8911413669961767,2.5910931612441086,2.6699173988130034,2.669145791108991,55.22356414794922,-20.113788604736328,-210.71119689941406,-1.8106075525283813,0.9155721068382263,24.714494705200195,0.2886207713412623,-0.947859402907027,0.13513179740945175,-0.30468360135527817,0.04287375420120587,0.951488173476619,-0.9076706194515458,-0.31579169324323414,-0.2764229604483289,-7.10784912109375,9.25579833984375,-0.5811190009117126
7.63,1.6817160299540763,2.2599776011380968,2.7925697096747086,1.9990936741882166,55.20540237426758,-20.105125427246094,-210.46356201171875,-1.8207706212997437,0.8173491358757019,24.810482025146484,0.2833455450697968,-0.9543457093915839,0.0945492943124086,-0.39157692705785113,-0.025132338884615385,0.9198020850912001,-0.8754329284902587,-0.29764514527884306,-0.3808208964945416,-6.996384143829346,9.292935371398926,-0.5476613640785217
7.64,1.6817160299540763,2.2599776011380968,2.7925697096747086,1.9990936741882166,55.187171936035156,-20.0974063873291,-210.2150115966797,-1.8250812292099,0.7297544479370117,24.898700714111328,0.2814972702291488,-0.9580234116789229,0.054317856443480306,-0.47481604166225855,-0.08987778436073762,0.8754837008526137,-0.833851913371746,-0.2722372615081956,-0.48018523510495026,-6.904639720916748,9.277722358703613,-0.5113161206245422
7.65,2.5262540800982656,2.712795175555449,1.7514238786328127,1.580634279444161,55.16893768310547,-20.090496063232422,-209.9656219482422,-1.8238418102264404,0.6539848446846008,24.973644256591797,0.2830335072251593,-0.9589994002632447,0.014566539828060998,-0.5526266882603572,-0.1506483429916752,0.8197004453922495,-0.7838978104384623,-0.24005255059798747,-0.5726071914857384,-6.824126243591309,9.197956085205078,-0.47256478667259216
7.66,2.5262540800982656,2.712795175555449,1.7514238786328127,1.580634279444161,55.15072250366211,-20.08431053161621,-209.71556091308594,-1.8177331686019897,0.5845642685890198,25.03476333618164,0.2878438475731922,-0.9573704860805047,-0.024241942913877323,-0.6243842161876517,-0.2068011018544254,0.7532447509591607,-0.7261475538690421,-0.20168058075524858,-0.6572934453927204,-6.766113758087158,9.298670768737793,-0.4358353018760681
7.67,2.765503369218515,2.4567883625220013,1.4890359780785403,2.8471481890299453,55.132598876953125,-20.078784942626953,-209.4649658203125,-1.806901454925537,0.5214049220085144,25.08049774169922,0.2958944641557416,-0.9532583340841103,-0.06119652425729083,-0.6908619121067161,-0.2578083414336968,0.6754588643932792,-0.6596637662341615,-0.15758619097621807,-0.7348539364604155,-6.727227687835693,9.573931694030762,-0.4003746807575226
7.68,2.765503369218515,2.4567883625220013,1.4890359780785403,2.8471481890299453,55.11460494995117,-20.073867797851562,-209.21397399902344,-1.7911756038665771,0.46197932958602905,25.113645553588867,0.30718337216464986,-0.9467970059017711,-0.09598856953302037,-0.7510513682809118,-0.3031394840371139,0.5865392530948652,-0.58443153411578,-0.10808275918551338,-0.8042125957095686,-6.772781848907471,9.80035400390625,-0.36820167303085327
7.69,2.211025003218338,2.8705580619756548,1.075372134695462,1.0935276493038022,55.09679412841797,-20.069522857666016,-208.9627227783203,-1.7705854177474976,0.4081134796142578,25.134492874145508,0.32166464102798153,-0.937979119960825,-0.12933301678170256,-0.8030518517337166,-0.342621149579702,0.48756381252891634,-0.5016369026889753,-0.052970920118493914,-0.8634549782602516,-6.895150661468506,9.962389945983887,-0.3385666012763977
7.7,2.211025003218338,2.8705580619756548,1.075372134695462,1.0935276493038022,55.07920455932617,-20.065658569335938,-208.71141052246094,-1.7472343444824219,0.3680291175842285,25.132143020629883,0.3393312730803572,-0.9268108284513971,-0.16086011119882787,-0.8456638880306658,-0.3754572329347398,0.3793210443909567,-0.4119549436413182,0.0073180941660919985,-0.9111748294961044,-7.00151252746582,10.255111694335938,-0.3035930097103119
7.71,2.17540430834189,1.8521738546989472,3.055811316337247,2.959667474942051,55.061859130859375,-20.06212615966797,-208.46018981933594,-1.7220882177352905,0.3406020998954773,25.108667373657227,0.3602899189047324,-0.9134710974545585,-0.18910771652892877,-0.8781319359805596,-0.4005210937455962,0.26166229471566155,-0.3147625729762922,0.0717872382808792,-0.9464518556552936,-7.085317134857178,10.67538070678711,-0.2626458704471588
7.72,2.17540430834189,1.8521738546989472,3.055811316337247,2.959667474942051,55.04478073120117,-20.05883026123047,-208.209228515625,-1.6920801401138306,0.3195134997367859,25.087451934814453,0.3842052600643187,-0.8982661862118221,-0.2133170805335978,-0.8986410252096332,-0.4168343216423182,0.13672401439091716,-0.21173243952944146,0.1391653944393382,-0.9673687854388597,-7.0842084884643555,10.769728660583496,-0.22124823927879333
7.73,1.331575365419187,2.281920757432507,1.9565010956911162,3.001240869458462,55.02803039550781,-20.055706024169922,-207.9584197998047,-1.657447099685669,0.3075715899467468,25.073400497436523,0.40986930889501433,-0.8816938372099047,-0.23371591099451866,-0.9056690466598484,-0.4238503621713328,0.010698056340846793,-0.10849298386607865,0.20728446134070083,-0.9722460720098234,-7.00823450088501,10.546661376953125,-0.18196262419223785
7.74,1.331575365419187,2.281920757432507,1.9565010956911162,3.001240869458462,55.011634826660156,-20.05263900756836,-207.70777893066406,-1.6225464344024658,0.30734193325042725,25.054758071899414,0.43657802712948995,-0.8639565341944891,-0.2509556400050997,-0.8996314892734997,-0.421690196356229,-0.1133162027451955,-0.00792525931863447,0.2752389603956748,-0.9613431775100091,-7.11246395111084,10.322052001953125,-0.14366424083709717
7.75,1.7807977632404466,1.7724933549606585,2.6001748892074805,2.388788127620367,54.99557876586914,-20.049524307250977,-207.4573211669922,-1.5883784294128418,0.31746384501457214,25.035371780395508,0.4641205487443401,-0.8446234477505267,-0.26683955430795137,-0.8813123229776815,-0.41013979303625453,-0.2346783746659701,0.08877333834511196,0.34408804349786964,-0.9347313585843116,-7.392895698547363,10.13076114654541,-0.10478297621011734
7.76,1.7807977632404466,1.7724933549606585,2.6001748892074805,2.388788127620367,54.97986602783203,-20.046253204345703,-207.20704650878906,-1.5541893243789673,0.3374737799167633,25.024526596069336,0.49234960721345356,-0.8236765900981283,-0.28133385718942105,-0.8515238618240671,-0.3888728623009109,-0.3516887966798535,0.1802747265175698,0.41271633344249453,-0.8928416719042624,-7.529971122741699,9.935491561889648,-0.06471003592014313
7.77,1.7807977632404466,1.7724933549606585,2.6001748892074805,2.388788127620367,54.96449279785156,-20.04273796081543,-206.95680236816406,-1.5202041864395142,0.36699941754341125,25.02618980407715,0.5209654771175625,-0.801828110042739,-0.29268866325322457,-0.8113129277472152,-0.35858744597829656,-0.46172110289329854,0.2652664790770071,0.47800285096644685,-0.8373451913912423,-7.515175819396973,9.732048988342285,-0.024648264050483704
7.78,1.1049135339324334,2.502751391505507,1.9120801288409914,2.8071860246483222,54.949459075927734,-20.03888511657715,-206.70648193359375,-1.4867863655090332,0.4054849147796631,25.042524337768555,0.549588856817915,-0.7795402176106274,-0.3004482278016518,-0.7619011446056208,-0.320148554703545,-0.5630377862718243,0.34272253253940355,0.5383511419592302,-0.7698826622550805,-7.482585906982422,9.524938583374023,0.014535244554281235
7.79,1.1049135339324334,2.502751391505507,1.9120801288409914,2.8071860246483222,54.93475341796875,-20.03460693359375,-206.45591735839844,-1.4545749425888062,0.45161956548690796,25.073617935180664,0.5778912713189532,-0.756913193764451,-0.3051624086263943,-0.7045383867560314,-0.2739709967103784,-0.6546491843336629,0.41190695565937263,0.593314680474721,-0.6915998480426431,-7.6450724601745605,9.337409973144531,0.05362449586391449
7.8,2.258967907944891,1.1751956764123626,3.0605984813396723,3.01841890001225,54.92036437988281,-20.02983283996582,-206.20497131347656,-1.4237427711486816,0.5045537948608398,25.119565963745117,0.605743904979172,-0.7333651424450522,-0.30862580810284085,-0.6403051765177463,-0.2190491750975807,-0.7362246530873893,0.472317268904241,0.6435782988383132,-0.6022651996913164,-7.9912824630737305,9.167703628540039,0.09388632327318192
7.81,2.258967907944891,1.1751956764123626,3.0605984813396723,3.01841890001225,54.90628433227539,-20.02448272705078,-205.95347595214844,-1.392353892326355,0.5682067275047302,25.18303871154785,0.6329671065988709,-0.7089968824748792,-0.31092774499030473,-0.5706613353606161,-0.15588675410090985,-0.8062536574926784,0.523161812719824,0.68776648692473,-0.503268295419971,-8.101362228393555,8.890766143798828,0.13176855444908142
7.82,2.830391046252278,1.9802584410319701,1.6963477433324583,1.6353359581261977,54.89251708984375,-20.018434524536133,-205.7012481689453,-1.3604588508605957,0.6419689655303955,25.260501861572266,0.659006613630778,-0.6849413925420268,-0.31075001524293394,-0.4981254129877787,-0.08789503975633578,-0.8626387047437571,0.5635435707437797,0.7232770912788689,-0.39911012653718686,-7.9717864990234375,8.512256622314453,0.1652732789516449
7.83,2.830391046252278,1.9802584410319701,1.6963477433324583,1.6353359581261977,54.87906265258789,-20.011638641357422,-205.44822692871094,-1.3314090967178345,0.7157416939735413,25.34340476989746,0.6838186212860047,-0.6617190009770012,-0.30744114384465154,-0.42376434638186716,-0.01716168585711103,-0.9056098802873627,0.5939830569284423,0.7495554951333103,-0.29214840029923417,-7.827448844909668,8.404929161071777,0.19693687558174133
7.84,1.331835595901966,2.787409320837863,1.274678545729855,2.5289282917075813,54.865875244140625,-20.004121780395508,-205.19436645507812,-1.3053011894226074,0.7878445386886597,25.428712844848633,0.7081727942720363,-0.6396303468884963,-0.2989386438589673,-0.34555558519418006,0.05522600760406193,-0.9367718108617618,0.6156968661557767,0.7666962289090891,-0.18191828270555338,-7.696719646453857,8.560362815856934,0.22859786450862885
7.85,1.331835595901966,2.787409320837863,1.274678545729855,2.5289282917075813,54.852943420410156,-19.995880126953125,-204.9396514892578,-1.2810444831848145,0.8606253266334534,25.51395606994629,0.73186124302948,-0.6187992985643147,-0.2854234556718436,-0.2635892998958712,0.12918333514313568,-0.9559457865913219,0.6284105361399897,0.7748542404979202,-0.06856459764807471,-7.850736141204834,8.669159889221191,0.26265814900398254
7.86,2.5814175856441963,2.7087628126635517,1.987544041148895,1.9187028553505374,54.84024429321289,-19.986907958984375,-204.68409729003906,-1.2584443092346191,0.9336692094802856,25.5946044921875,0.7542827020071123,-0.5985294214692047,-0.26985206519237365,-0.1797033568712392,0.20711074488598763,-0.9616713798808715,0.6314778768746043,0.7738654088331579,0.048662306043091574,-8.268426895141602,8.704094886779785,0.3002174198627472
7.87,2.5814175856441963,2.7087628126635517,1.987544041148895,1.9187028553505374,54.82777404785156,-19.977188110351562,-204.4277801513672,-1.2355320453643799,1.0122838020324707,25.664657592773438,0.7752506206000689,-0.5789474562091395,-0.25259912550952146,-0.09513857283494814,0.28831552898166024,-0.9527973592044402,0.6244478578857786,0.7626886643296807,0.1684365580415081,-8.52053451538086,8.799447059631348,0.3399931788444519
7.88,1.6178690911357578,1.5908423834870646,2.5560783608957576,3.0965229369953806,54.81553268432617,-19.966651916503906,-204.1708526611328,-1.2124680280685425,1.0946720838546753,25.71714210510254,0.7947211544173156,-0.5610226974400205,-0.23167179301488586,-0.010301761463611336,0.36916070366814474,-0.9293084786969217,0.6068872716018651,0.7409277345493035,0.28760029857995767,-8.590888977050781,8.958760261535645,0.3810644745826721
7.89,1.6178690911357578,1.5908423834870646,2.5560783608957576,3.0965229369953806,54.80351638793945,-19.955307006835938,-203.91351318359375,-1.1909749507904053,1.1732518672943115,25.747175216674805,0.8121696197292203,-0.545298879343101,-0.20743587196059388,0.07293938481738085,0.44766385128677977,-0.89122215097783,0.5788439815108694,0.7086933105640592,0.4033527446669951,-8.674577713012695,8.85715103149414,0.4213612377643585
7.9,1.444706787488835,2.4499654679215825,1.7661370187819851,1.9787960287599566,54.791709899902344,-19.943206787109375,-203.6559600830078,-1.1711276769638062,1.2460139989852905,25.750524520874023,0.826767699961212,-0.5318658085968831,-0.18323190755551017,0.1503577062493706,0.5227993608762304,-0.8390908106032583,0.5420772366298694,0.6661828502093016,0.5122037481459267,-8.789837837219238,8.505372047424316,0.4596032202243805
7.91,1.444706787488835,2.4499654679215825,1.7661370187819851,1.9787960287599566,54.78009033203125,-19.9304256439209,-203.3985595703125,-1.1534383296966553,1.3079854249954224,25.726972579956055,0.8386219250201508,-0.5206379762083169,-0.16015419009568602,0.2206612123148192,0.5935171568994801,-0.7739806288568936,0.49801796780362384,0.6137373071564627,0.61262110765879,-8.965456008911133,8.296152114868164,0.499406635761261
7.92,1.444706787488835,2.4499654679215825,1.7661370187819851,1.9787960287599566,54.768638610839844,-19.917083740234375,-203.1415252685547,-1.137418270111084,1.3589837551116943,25.675249099731445,0.848230911169837,-0.5115339010674081,-0.13724936937832313,0.28478353898959763,0.6590105547055496,-0.6961346311650098,0.4465452465949544,0.5513965513543253,0.7046695579475591,-9.195093154907227,8.245471954345703,0.5420180559158325
7.93,2.449604092032522,2.2713605632257776,1.302757819295778,1.1427549293089663,54.75733947753906,-19.903270721435547,-202.8851776123047,-1.1221596002578735,1.401828646659851,25.592370986938477,0.8557218612026923,-0.5046233601817858,-0.11443496239630671,0.342332486732278,0.7179593612155393,-0.6060881323460061,0.3880058824135211,0.4794680594177456,0.787122490601486,-9.43511962890625,8.212305068969727,0.5858064293861389
7.94,2.449604092032522,2.2713605632257776,1.302757819295778,1.1427549293089663,54.74618911743164,-19.88907814025879,-202.62979125976562,-1.107800841331482,1.4348574876785278,25.480754852294922,0.8611644402430638,-0.5000363382080806,-0.09143012267466895,0.39271513301303285,0.7686577901790707,-0.504915860217902,0.32275475389745517,0.3989095913468141,0.8583125926887658,-9.559266090393066,8.325066566467285,0.6290160417556763
7.95,2.680627299637344,1.8356719229594383,1.6189990090006106,1.963596566654393,54.73517990112305,-19.874605178833008,-202.37567138671875,-1.094377875328064,1.4578964710235596,25.343263626098633,0.8645919178315287,-0.49808372994398975,-0.06628283024646693,0.43586083302338385,0.8090526343435052,-0.39428310780199116,0.2500122994105714,0.3120038987367263,0.9165955582024831,-9.576358795166016,8.571426391601562,0.6720074415206909
7.96,2.680627299637344,1.8356719229594383,1.6189990090006106,1.963596566654393,54.724300384521484,-19.859943389892578,-202.12306213378906,-1.081765055656433,1.4731156826019287,25.179058074951172,0.8657073342735955,-0.4990315153834602,-0.03896611398372456,0.4706651944470432,0.8380459703539629,-0.27595874023051337,0.1703675031249573,0.22055951175946195,0.9603793082170167,-9.570484161376953,8.739388465881348,0.7137101292610168
7.97,1.3285914970996668,1.5494112165082123,2.764608420040836,1.251989091211049,54.71354293823242,-19.845169067382812,-201.87217712402344,-1.0704944133758545,1.479516625404358,24.9942626953125,0.8642210172909682,-0.5029948295857616,-0.010873577265773406,0.49571568202133737,0.8550088780870216,-0.1524000688664313,0.08595345176713037,0.12631713978064626,0.9882590674144874,-9.555137634277344,8.819375991821289,0.7538014054298401
7.98,1.3285914970996668,1.5494112165082123,2.764608420040836,1.251989091211049,54.7028923034668,-19.83038330078125,-201.62319946289062,-1.061087965965271,1.4752117395401,24.80511474609375,0.8600242980242216,-0.5099759443866272,0.016814962233436207,0.5102519746756811,0.8596239518568376,-0.02625992638224412,-0.0010626135291216601,0.03116404243676507,0.9995137184208562,-9.480428695678711,8.73963737487793,0.7992795705795288
7.99,2.698423148162222,2.0269696664635695,2.3466079088498706,2.5590512612470384,54.69232177734375,-19.815692901611328,-201.37608337402344,-1.0535099506378174,1.4616131782531738,24.619579315185547,0.8532148776106839,-0.5198392645057466,0.04232625310501872,0.514187401820787,0.8519768621932609,0.09872558987473305,-0.08738242633718882,-0.062470515969134346,0.9942141349839964,-9.351391792297363,8.520569801330566,0.8486855626106262
8.0,2.698423148162222,2.0269696664635695,2.3466079088498706,2.5590512612470384,54.68181610107422,-19.80118179321289,-201.13082885742188,-1.0484620332717896,1.4380954504013062,24.42819595336914,0.8440989772818933,-0.5322460477903067,0.0648926895979841,0.5080885761731083,0.8326492241789504,0.22032083023757792,-0.17129773878847687,-0.15300135321555397,0.973266495159555,-9.281111717224121,8.346019744873047,0.8921517133712769
8.01,3.00562422579465,1.8447439751452057,2.888422286738904,2.957967778939666,54.67134475708008,-19.786964416503906,-200.88751220703125,-1.0463756322860718,1.4029990434646606,24.238723754882812,0.8329796984631953,-0.5468348746513194,0.0843590055254325,0.4924045958130534,0.8021686601572805,0.3377323713884368,-0.2523539894084255,-0.23978544686145822,0.9374542140836015,-9.271711349487305,8.227569580078125,0.9301406145095825
8.02,3.00562422579465,1.8447439751452057,2.888422286738904,2.957967778939666,54.660892486572266,-19.77315902709961,-200.64599609375,-1.0472136735916138,1.3559544086456299,24.06288719177246,0.820163482042248,-0.56325205420995,0.10039415397625186,0.46771152045557085,0.7611372083789912,0.44935073567779416,-0.3295114510263247,-0.3215855616306619,0.8876964178102886,-9.223316192626953,8.05732250213623,0.9660887718200684
8.03,2.8529257238413805,1.7158852196263408,3.0643425849158334,1.5549562380458881,54.6504020690918,-19.75988006591797,-200.4062042236328,-1.0507895946502686,1.297361969947815,23.907697677612305,0.806054447932006,-0.5810479540809098,0.11251445252685419,0.4350906375323869,0.7106384813999692,0.5528915679273889,-0.40121361405202827,-0.3967067226704562,0.8256218335820436,-9.131402015686035,7.832930088043213,1.0000157356262207
8.04,2.8529257238413805,1.7158852196263408,3.0643425849158334,1.5549562380458881,54.63986587524414,-19.747222900390625,-200.1677703857422,-1.0556336641311646,1.233754277229309,23.786022186279297,0.7909977956988503,-0.599746699038632,0.12093958901792398,0.39555321510992314,0.6521086341673901,0.6467549638468528,-0.4667549048652436,-0.4637437074900377,0.7530482272388879,-8.913508415222168,7.6654815673828125,1.0354013442993164
8.05,1.1894779789259495,2.6965077337362575,1.8155428013917718,2.3459005644956186,54.62928009033203,-19.73521614074707,-199.9303741455078,-1.0613805055618286,1.1671288013458252,23.698806762695312,0.7751239545665045,-0.6188681431966491,0.12722058164273228,0.349656338121602,0.5878957507176221,0.7294648939459357,-0.5262350237950485,-0.5209422306019115,0.6720832478993428,-8.584349632263184,7.557979106903076,1.0718871355056763
8.06,1.1894779789259495,2.6965077337362575,1.8155428013917718,2.3459005644956186,54.61863708496094,-19.723886489868164,-199.6936798095703,-1.0677807331085205,1.0994619131088257,23.645004272460938,0.7585559586707149,-0.6382798773379977,0.13111695447402472,0.29821965659770566,0.5189753250873215,0.801080300824615,-0.579359900220838,-0.5685625824268599,0.5840194310810224,-8.60373306274414,7.442505836486816,1.1085214614868164
8.07,1.6373273904624992,1.229311661774657,1.2206333658754527,2.9727503771968316,54.60792541503906,-19.713228225708008,-199.45738220214844,-1.0746310949325562,1.0313328504562378,23.62246322631836,0.7415933963729712,-0.6582169681825891,0.1295749098109743,0.24221258058184486,0.4428343190194333,0.8632675319427219,-0.6255975545539519,-0.6088088277079395,0.48783143711839627,-8.959187507629395,7.308029651641846,1.1465928554534912
8.08,1.6373273904624992,1.229311661774657,1.2206333658754527,2.9727503771968316,54.597145080566406,-19.7032527923584,-199.22117614746094,-1.0813795328140259,0.9642651081085205,23.629125595092773,0.7247222388894581,-0.6782697986898159,0.12135796901863483,0.18268974896913112,0.35896884322488143,0.9152954851933809,-0.6643810142385521,-0.6411641363793418,0.38406564300948054,-9.308229446411133,7.091063976287842,1.179386019706726
8.09,1.6373273904624992,1.229311661774657,1.2206333658754527,2.9727503771968316,54.58629608154297,-19.693937301635742,-198.98472595214844,-1.0875880718231201,0.8984569311141968,23.6615047454834,0.7085688341328582,-0.6976287380165995,0.10603938508388583,0.12138598496397868,0.26853896997903504,0.9555900084538994,-0.6951227589066025,-0.6642296029958056,0.27496069638060583,-9.612737655639648,6.799376964569092,1.2064599990844727
8.1,2.1903432889770955,1.7618618164656226,1.149575209697398,2.4714700527237,54.57539749145508,-19.685287475585938,-198.74786376953125,-1.0931073427200317,0.8312883377075195,23.714385986328125,0.6936025292931781,-0.7154853415136855,0.08364363357214016,0.05958330823368102,0.17269833044539307,0.9831709495511469,-0.7178895184762317,-0.6769460929353373,0.16241498244172425,-9.909409523010254,6.492178440093994,1.232306718826294
8.11,2.1903432889770955,1.7618618164656226,1.149575209697398,2.4714700527237,54.5644416809082,-19.677324295043945,-198.51039123535156,-1.0975010395050049,0.7605787515640259,23.78321075439453,0.6801484084051411,-0.7310275148809708,0.054744086720897533,-0.002079561976790656,0.07275305449472269,0.9973478172050473,-0.7330714958078359,-0.6784583742195535,0.04796265719726389,-10.168681144714355,6.293290138244629,1.2583787441253662
8.12,2.898711527661203,1.4760896938983543,2.1239356418449744,2.6112348610607103,54.5534553527832,-19.670085906982422,-198.2721710205078,-1.100017786026001,0.6871336698532104,23.863811492919922,0.6683793402773046,-0.7435245918814821,0.020981867360897022,-0.06414262495437634,-0.02951093033678981,0.9975043000682349,-0.7410497831822347,-0.6680570980523539,-0.06741611519088275,-10.395379066467285,6.195956707000732,1.2852416038513184
8.13,2.898711527661203,1.4760896938983543,2.1239356418449744,2.6112348610607103,54.5424690246582,-19.66360855102539,-198.03311157226562,-1.099951982498169,0.6065919995307922,23.952423095703125,0.6585070555066539,-0.7523918148431568,-0.016583570332644126,-0.12603884540127663,-0.13198248513547012,0.9832064041020983,-0.7419451915727131,-0.6453581800632007,-0.18174199329721175,-10.476289749145508,6.060247421264648,1.3119211196899414
8.14,1.1476410391890237,2.418736859592463,3.125110255589896,2.7581359921987136,54.53148651123047,-19.65797233581543,-197.79312133789062,-1.0963611602783203,0.5209137201309204,24.045175552368164,0.6506684590064193,-0.7572606916341705,-0.05645176135382063,-0.18638429630341047,-0.23133063766986972,0.9548544549651186,-0.7361327669284214,-0.6107719549725483,-0.29166105066209536,-10.42452621459961,5.8790740966796875,1.3374300003051758
8.15,1.1476410391890237,2.418736859592463,3.125110255589896,2.7581359921987136,54.52056121826172,-19.65319061279297,-197.5522003173828,-1.088589072227478,0.4355643093585968,24.137409210205078,0.6448379019017649,-0.7579593585310979,-0.09839558468781306,-0.243840524486996,-0.32601963220518726,0.9133745113778362,-0.7243796510731348,-0.5649856725899527,-0.39505102313402796,-10.495460510253906,5.55312442779541,1.368486762046814
8.16,3.0738829895976165,2.438590182342936,1.047037125305156,1.8148598553525348,54.509735107421875,-19.64925193786621,-197.3103790283203,-1.0761603116989136,0.3527172803878784,24.225025177001953,0.6407794309135013,-0.7540480548318138,-0.14426798647838507,-0.29629470885799725,-0.41625315712961736,0.8596177956989844,-0.7082451315899914,-0.508079560879971,-0.4901469100127958,-10.692658424377441,5.094205379486084,1.404127597808838
8.17,3.0738829895976165,2.438590182342936,1.047037125305156,1.8148598553525348,54.499053955078125,-19.646100997924805,-197.0677490234375,-1.0595383644104004,0.27902287244796753,24.30181121826172,0.6385130624862712,-0.7449363651234628,-0.1933154958896102,-0.34396674784404224,-0.5009273970999879,0.7942031347282785,-0.6884678245292195,-0.44061497336254224,-0.5760820252678693,-10.844722747802734,4.957717418670654,1.4331507682800293
8.18,1.0836943054846262,2.3531558707512508,1.7058104031106558,2.430458844131606,54.488555908203125,-19.64363670349121,-196.82440185546875,-1.0388808250427246,0.21491920948028564,24.36502456665039,0.6388176262468963,-0.7304480888022022,-0.2415732393322793,-0.38988483576096405,-0.5780469720118262,0.7168343692873584,-0.6632509745487953,-0.36374068745903165,-0.6540572276543577,-10.945735931396484,5.136003494262695,1.4574187994003296
8.19,1.0836943054846262,2.3531558707512508,1.7058104031106558,2.430458844131606,54.47828674316406,-19.64177131652832,-196.5804901123047,-1.014760136604309,0.16048754751682281,24.412717819213867,0.6418948868301978,-0.7106059208615589,-0.2881148720523522,-0.4336859783985052,-0.6463129717228849,0.6278503123541984,-0.6323665285273872,-0.278062525017718,-0.7230448158855661,-11.186742782592773,5.120319366455078,1.485897421836853
8.2,2.4344633130027615,1.8893026442507768,1.326373163762629,1.6755746165474323,54.4682731628418,-19.640398025512695,-196.336181640625,-0.9874511957168579,0.11549488455057144,24.444982528686523,0.6470084597291914,-0.6848388944617173,-0.3352249120684679,-0.47286451734994006,-0.705284325299778,0.5281791066653858,-0.5981464714183871,-0.18322038401577942,-0.780160938275458,-11.560081481933594,4.885687828063965,1.517797827720642
8.21,2.4344633130027615,1.8893026442507768,1.326373163762629,1.6755746165474323,54.45854949951172,-19.639436721801758,-196.0916290283203,-0.9567542672157288,0.07903841882944107,24.46437644958496,0.6539662526475583,-0.6528125277701682,-0.3823139338088961,-0.506832209575367,-0.7532419953619955,0.41922262314912123,-0.5616486906733253,-0.08038843206209695,-0.823461260931889,-11.780557632446289,4.754177570343018,1.5469286441802979
8.22,1.686600211257183,3.079982055305192,2.3352934576195166,2.663630777292897,54.44915008544922,-19.6387939453125,-195.84690856933594,-0.9228793978691101,0.05123255401849747,24.473798751831055,0.6632685295317231,-0.6152771888481289,-0.4260385412330319,-0.5360442213832642,-0.7878402294127747,0.30325627057067905,-0.5222369677210106,0.027235157461833637,-0.8523654120995252,-11.846399307250977,4.744472980499268,1.573483943939209
8.23,1.686600211257183,3.079982055305192,2.3352934576195166,2.663630777292897,54.440120697021484,-19.638395309448242,-195.6021270751953,-0.8809366226196289,0.029165416955947876,24.487091064453125,0.6748335625185586,-0.5727300920127925,-0.46538146138574166,-0.5601950425675153,-0.8080831043114638,0.18216259442906335,-0.48039689547424225,0.13777495501492987,-0.8661621583683645,-12.040016174316406,4.639355659484863,1.6035386323928833
8.24,1.686600211257183,3.079982055305192,2.3352934576195166,2.663630777292897,54.43155288696289,-19.638181686401367,-195.35714721679688,-0.8310703635215759,0.015582534484565258,24.507535934448242,0.6878756332657583,-0.524744915823627,-0.5014677322385633,-0.5788148003463853,-0.8134481446754112,0.05723235819102988,-0.43795038538538467,0.2508882006818712,-0.8632812813326876,-12.367508888244629,4.427886009216309,1.636690378189087
8.25,2.9802428038033066,2.533097523310697,1.855679892397284,1.9786186187431618,54.42350769042969,-19.638044357299805,-195.11196899414062,-0.777631402015686,0.013682421296834946,24.53131103515625,0.7019680048170451,-0.47126170135093315,-0.5339974991074404,-0.5919602071944315,-0.8029619506115244,-0.06953573878561914,-0.3960101429401811,0.364917134031769,-0.8426217727892731,-12.711600303649902,4.193336009979248,1.6696537733078003
8.26,2.9802428038033066,2.533097523310697,1.855679892397284,1.9786186187431618,54.4160041809082,-19.637868881225586,-194.8665313720703,-0.7228104472160339,0.023507077246904373,24.559589385986328,0.7170829234825415,-0.41285578682019686,-0.5615533635718051,-0.5998304272270821,-0.7758649327984388,-0.19554299943043316,-0.354958503803343,0.4770573396802007,-0.8040029572302219,-12.897801399230957,4.081361293792725,1.698818325996399
8.27,2.517452994514108,2.337073578450794,1.775782972210818,1.525967050169092,54.40904998779297,-19.63753318786621,-194.62074279785156,-0.6673532724380493,0.04447390139102936,24.595626831054688,0.7338939538385022,-0.3513420099499528,-0.5813419446105865,-0.6022690742007933,-0.7323479685894,-0.31770806594151657,-0.3141204017261699,0.5832883034549099,-0.7490681733140737,-12.937580108642578,4.08782958984375,1.7249724864959717
8.28,2.517452994514108,2.337073578450794,1.775782972210818,1.525967050169092,54.402645111083984,-19.636947631835938,-194.37457275390625,-0.6144827604293823,0.07414055615663528,24.638757705688477,0.752394944423649,-0.2881928387671469,-0.5923231679489397,-0.5991001064877164,-0.6731925865728446,-0.4334637283438722,-0.2738264231445563,0.6809967907903065,-0.6791630591552827,-12.950047492980957,4.098857879638672,1.7521045207977295
8.29,2.338155231155752,2.9470750920219,3.0634805520623343,2.454126894357442,54.396751403808594,-19.636028289794922,-194.12791442871094,-0.5646810531616211,0.11103499680757523,24.690980911254883,0.7722241922676203,-0.22471410788311852,-0.5942839107656507,-0.5903588912675175,-0.5995043520876024,-0.5404358531124775,-0.23483223027942546,0.768178430799979,-0.5956137356338189,-12.953346252441406,4.100379943847656,1.780393123626709
8.3,2.338155231155752,2.9470750920219,3.0634805520623343,2.454126894357442,54.39137649536133,-19.634675979614258,-193.88064575195312,-0.5086853504180908,0.1630106419324875,24.762134552001953,0.7927600071522086,-0.16205804079341243,-0.5875957474950193,-0.5764533722055296,-0.5125967393458747,-0.636353747914515,-0.1980734225808775,0.8431973518851786,-0.4997850988584184,-12.989019393920898,3.9727137088775635,1.8108454942703247
8.31,2.00903620213621,2.701000474079004,1.5166878430864659,2.732246219089901,54.386592864990234,-19.63271713256836,-193.63259887695312,-0.44740989804267883,0.2307242453098297,24.848329544067383,0.8127538626963736,-0.10104289856026455,-0.5737782597159499,-0.5588012799921804,-0.4138457962224479,-0.7186604110622129,-0.16484018973304057,0.9047220510187358,-0.3928176704900467,-13.053101539611816,3.724398136138916,1.8421359062194824
8.32,2.00903620213621,2.701000474079004,1.5166878430864659,2.732246219089901,54.382408142089844,-19.63005256652832,-193.3836669921875,-0.39214804768562317,0.3011323809623718,24.937393188476562,0.8317800071901351,-0.0422038919426897,-0.5534987363523682,-0.5383199944287241,-0.3046740509709438,-0.7857387010089378,-0.13547547097920382,0.9515211790442946,-0.2761409831827184,-13.265889167785645,3.5026135444641113,1.8688292503356934
8.33,1.844810152477654,2.2355992369685107,1.6685935786397166,2.0617814487132664,54.37873077392578,-19.626691818237305,-193.13385009765625,-0.3435741066932678,0.37142008543014526,25.02607536315918,0.8499567699439439,0.014617211561443688,-0.526649623898684,-0.5152506304867547,-0.1855606089550631,-0.8367102534254183,-0.10995579570654329,0.9825240951398566,-0.1501869683432847,-13.613729476928711,3.3150038719177246,1.8915507793426514
8.34,1.844810152477654,2.2355992369685107,1.6685935786397166,2.0617814487132664,54.37551498413086,-19.62262725830078,-192.88316345214844,-0.30101069808006287,0.44030269980430603,25.111013412475586,0.8671853888781365,0.06854608033354634,-0.49324531035498187,-0.49008042320077627,-0.05831142492485947,-0.8697246440791364,-0.08837805220541695,0.9959423741332325,-0.01697372364088373,-13.890865325927734,3.116417646408081,1.9140697717666626
8.35,2.330346847780044,3.0338676228113384,1.1566302254848364,2.498668395553803,54.37269973754883,-19.617887496948242,-192.6316680908203,-0.2638794779777527,0.5069305300712585,25.1868839263916,0.8832689102602476,0.11800259245831704,-0.45377463607036395,-0.46349866958051344,0.07372198200865238,-0.8830255107672769,-0.07074613392100607,0.9902729207354064,0.11981037932248945,-14.086572647094727,2.9040722846984863,1.9363383054733276
8.36,2.330346847780044,3.0338676228113384,1.1566302254848364,2.498668395553803,54.3702392578125,-19.612468719482422,-192.37948608398438,-0.22774995863437653,0.5782902836799622,25.246047973632812,0.8982102833947025,0.16199892757509693,-0.40862529812595655,-0.43585462543307985,0.20768767983348474,-0.8757263117743886,-0.057000283267700014,0.9646876049322405,0.25715519165962714,-14.366202354431152,2.778528928756714,1.9564175605773926
8.37,1.9962582913422569,2.970648983792717,1.2572188848295391,3.0001063457845047,54.36813735961914,-19.606311798095703,-192.12681579589844,-0.19332410395145416,0.6526308655738831,25.279956817626953,0.9123409743183336,0.19997154798341588,-0.35727486138404696,-0.40667702701833175,0.34155693243806606,-0.8473208705083508,-0.04741036042264002,0.9183410270158983,0.3929402191478757,-14.734213829040527,2.731787919998169,1.9752699136734009
8.38,1.9962582913422569,2.970648983792717,1.2572188848295391,3.0001063457845047,54.36635971069336,-19.599422454833984,-191.8739776611328,-0.1628473997116089,0.7246875166893005,25.28179359436035,0.9254789417813722,0.2308970038489851,-0.30029202775430736,-0.3764474829820385,0.47242745990584617,-0.7969313569457526,-0.042142862690137006,0.8505873669062294,0.5241422615891685,-15.165925025939941,2.617278575897217,1.9937738180160522
8.39,1.7461923734464397,1.3426459541273468,1.062611644592956,2.211031862743611,54.364864349365234,-19.591835021972656,-191.6212921142578,-0.1371445506811142,0.7915306091308594,25.24609375,0.9371768619211037,0.25382235227362787,-0.23931933262065372,-0.3464646203923711,0.5970432603608551,-0.7235341125849221,-0.040765135791297785,0.760995110854178,0.6474755941037118,-15.645052909851074,2.4279823303222656,2.011392593383789
8.4,1.7461923734464397,1.3426459541273468,1.062611644592956,2.211031862743611,54.363582611083984,-19.583648681640625,-191.36915588378906,-0.1196572408080101,0.841034471988678,25.17932891845703,0.9472596552868856,0.2676848283576404,-0.17619301385954872,-0.3176120733388179,0.7109675365741287,-0.62741352615889,-0.04268156903380971,0.650284548951346,0.7584907969513912,-15.974408149719238,2.1563773155212402,2.0262088775634766
8.41,1.7461923734464397,1.3426459541273468,1.062611644592956,2.211031862743611,54.36244201660156,-19.57506561279297,-191.11781311035156,-0.1089576929807663,0.8739854097366333,25.083284378051758,0.9556549590245007,0.2716139849338311,-0.11379561713987438,-0.2907500089198028,0.808854953988618,-0.5110949967679254,-0.04677640008610029,0.5215165448923319,0.8519580164530115,-16.156875610351562,1.8187963962554932,2.037257432937622
8.42,1.829286726748757,2.5669806214946496,3.1217506816038414,1.1267740830946558,54.361392974853516,-19.566200256347656,-190.8675994873047,-0.10229592025279999,0.8971642255783081,24.954959869384766,0.9625490976675695,0.2656171982162827,-0.05428387045043904,-0.2660376051149932,0.8868792667296879,-0.3777157117591091,-0.05218454985938884,0.37801146841960154,0.9243290012215509,-16.313081741333008,1.4681347608566284,2.0453169345855713
8.43,1.829286726748757,2.5669806214946496,3.1217506816038414,1.1267740830946558,54.360389709472656,-19.557138442993164,-190.61883544921875,-0.09889370203018188,0.9140570759773254,24.790382385253906,0.9682114919621833,0.2501324784790081,0.0005000423098908829,-0.2432361906006676,0.9419798162940074,-0.23132267782641555,-0.058332344496332664,0.22384764663640425,0.9728769545430217,-16.30470085144043,1.1359546184539795,2.0587871074676514
8.44,1.513218860598452,1.3458720461656477,1.6777206831260583,2.307986212516526,54.359397888183594,-19.547948837280273,-190.3718719482422,-0.09934477508068085,0.9215550422668457,24.59966278076172,0.9729132134226709,0.22597104888394615,0.04875411996808393,-0.22184358557515793,0.9719612596957244,-0.07795340396582247,-0.06500232831776619,0.06502610796434276,0.995764180213508,-16.145587921142578,0.8244527578353882,2.0771820545196533
8.45,1.513218860598452,1.3458720461656477,1.6777206831260583,2.307986212516526,54.3583869934082,-19.53874969482422,-190.1268310546875,-0.10303589701652527,0.9161707758903503,24.410987854003906,0.9768716601213036,0.19445701597744597,0.08892822155534448,-0.20145054581450117,0.9763995847678778,0.0778558183834448,-0.07168986848145752,-0.09396978132497541,0.9929905553200636,-16.09304428100586,0.427287220954895,2.0868377685546875
8.46,3.031999216270245,2.412577181681259,3.019130159753304,2.622686512507239,54.35733413696289,-19.529664993286133,-189.88360595703125,-0.10881080478429794,0.900070071220398,24.23646354675293,0.9803626203106798,0.15711344669173857,0.11918262275273236,-0.1814809107641023,0.9552646316638186,0.2335255072158517,-0.07716094689549782,-0.2505690490879332,0.9650188287869615,-16.152507781982422,-0.05304330959916115,2.086435079574585
8.47,3.031999216270245,2.412577181681259,3.019130159753304,2.622686512507239,54.356201171875,-19.52080535888672,-189.64210510253906,-0.11884589493274689,0.8684175610542297,24.061447143554688,0.9835778184999432,0.11569069319269455,0.13852919715167097,-0.16109788656378995,0.9088191385539742,0.3848314492640804,-0.08137656849224456,-0.4008284382458486,0.9125318718783586,-16.10460662841797,-0.48021724820137024,2.08227276802063
8.48,1.3623897587619707,3.118024648259294,1.1985016479771722,3.0628113855929078,54.35494613647461,-19.51236343383789,-189.40231323242188,-0.13280729949474335,0.8176005482673645,23.89754295349121,0.9864908972057256,0.07218041932146035,0.14705678085970986,-0.13981281825515826,0.8387963995172761,0.5261872062378599,-0.08537028512188925,-0.5396393121552878,0.8375567605809024,-15.94457721710205,-0.8455812335014343,2.0757224559783936
8.49,1.3623897587619707,3.118024648259294,1.1985016479771722,3.0628113855929078,54.353553771972656,-19.504480361938477,-189.1639862060547,-0.1461370587348938,0.7587124109268188,23.775959014892578,0.9890191372955965,0.02825204105719383,0.145061946213253,-0.11732442652364372,0.7469652375266955,0.6544294559901667,-0.08986726324959603,-0.6642625656340948,0.7420775693236105,-16.122283935546875,-1.1711565256118774,2.066572427749634
8.5,1.0747380353596259,2.4796282534163048,2.934308418262386,3.0048593573235993,54.35203552246094,-19.497203826904297,-188.9266357421875,-0.15770256519317627,0.6956930160522461,23.700855255126953,0.9910007515463473,-0.015038728668497946,0.13300882329608935,-0.09360988851592097,0.6324095654290436,0.7689573007169417,-0.09568019234205098,-0.7744882040379204,0.6253105809112018,-16.625579833984375,-1.4745831489562988,2.0547471046447754
8.51,1.0747380353596259,2.4796282534163048,2.934308418262386,3.0048593573235993,54.350406646728516,-19.490602493286133,-188.68984985351562,-0.16836971044540405,0.622556746006012,23.665184020996094,0.9923288457406683,-0.05599453356250673,0.11021830211952245,-0.0681455963323286,0.4961151689929838,0.8655783712614211,-0.10314862874272417,-0.8664492779766053,0.4884936121202766,-17.001689910888672,-1.9634228944778442,2.042238712310791
8.52,2.2476322980548264,1.9952720638833505,2.2570477246158456,2.9890715965860686,54.34867858886719,-19.484785079956055,-188.45318603515625,-0.17716650664806366,0.5397156476974487,23.667877197265625,0.9929332400218427,-0.09219890501507305,0.0747190924312349,-0.038844731242444364,0.34242920228765533,0.9387402879792378,-0.11213682586210541,-0.9350088787464329,0.3364278956194184,-17.21809196472168,-2.623917579650879,2.026730537414551
8.53,2.2476322980548264,1.9952720638833505,2.2570477246158456,2.9890715965860686,54.34687423706055,-19.479825973510742,-188.2163543701172,-0.18253421783447266,0.451172411441803,23.70586585998535,0.9922660033952272,-0.12114941583920019,0.027036966321753744,-0.005301872004522042,0.17624901952200167,0.9843313330737679,-0.12401640479916663,-0.9768618644206323,0.1742435915072219,-17.32440757751465,-3.211591958999634,2.0009267330169678
8.54,1.1861414151849445,1.15545934410099,2.1258122838471154,1.4335088715639943,54.34504318237305,-19.475770950317383,-187.97897338867188,-0.18332932889461517,0.3595706820487976,23.77145767211914,0.9895990870552354,-0.1406621978285219,-0.030129603407526663,0.030938310022206567,0.0035655259797137684,0.9995149363553595,-0.14048653982647202,-0.9900512275264035,0.007880291939220185,-17.346731185913086,-3.708824396133423,1.9659714698791504
8.55,1.1861414151849445,1.15545934410099,2.1258122838471154,1.4335088715639943,54.343223571777344,-19.472578048706055,-187.74085998535156,-0.17966577410697937,0.28422266244888306,23.853588104248047,0.984289046483024,-0.14919267217707952,-0.09442785363547204,0.06861903392019916,-0.16953946610773019,0.9831316278178445,-0.162685282547003,-0.9741652406037532,-0.15663838240365446,-17.257366180419922,-4.2025604248046875,1.9291565418243408
8.56,1.1861414151849445,1.15545934410099,2.1258122838471154,1.4335088715639943,54.34145736694336,-19.47003173828125,-187.5019073486328,-0.17262856662273407,0.22590667009353638,23.93741226196289,0.9756941396475807,-0.14583664963319132,-0.1635622740155364,0.10657904931938939,-0.3363613960669097,0.9356825944101423,-0.1914728495206116,-0.9303723356053133,-0.3126427114723321,-17.07213020324707,-4.699557781219482,1.891015648841858
8.57,3.019063791261223,1.751056677573927,3.1149436924253444,2.908772779884538,54.339778900146484,-19.468042373657227,-187.26211547851562,-0.16167908906936646,0.17286965250968933,24.01328468322754,0.9632123473995793,-0.13017655384483337,-0.23510856778534214,0.1432767626210207,-0.4913982583577176,0.8590689849923816,-0.22736258071598173,-0.8611514480694347,-0.45466959473675356,-16.867361068725586,-5.1879706382751465,1.8492906093597412
8.58,3.019063791261223,1.751056677573927,3.1149436924253444,2.908772779884538,54.3382568359375,-19.46662139892578,-187.02163696289062,-0.14042241871356964,0.10632845759391785,24.086387634277344,0.946333599716843,-0.10226841698152814,-0.306584228125085,0.17693021446957438,-0.6299055527599028,0.7562504173949206,-0.2704596407131983,-0.7699091930158605,-0.5780064162749009,-16.596174240112305,-5.667683124542236,1.8005462884902954
8.59,1.8462534892155227,1.9374775420450017,1.9112873319733383,1.4334788964158447,54.33702087402344,-19.46592903137207,-186.78041076660156,-0.10672193020582199,0.033145856112241745,24.156484603881836,0.9246740693970129,-0.06278873667378751,-0.3755468545090984,0.20569491972263806,-0.7476270394979324,0.6314613288332503,-0.32041764212518886,-0.6611439966894251,-0.6783960128541938,-16.265178680419922,-6.135846138000488,1.7454227209091187
8.6,1.8462534892155227,1.9374775420450017,1.9112873319733383,1.4334788964158447,54.33613586425781,-19.465883255004883,-186.53858947753906,-0.07203008979558945,-0.01867975853383541,24.202266693115234,0.8981838672222237,-0.012673366460550492,-0.439437283857762,0.2274957681594757,-0.8419388940385223,0.4892694290211883,-0.37618003154242624,-0.5394240303209954,-0.7533327945742126,-16.006948471069336,-6.471951484680176,1.6903572082519531
8.61,2.9105705350988673,1.936687219996639,1.502601327796874,1.127324848894666,54.33557891845703,-19.46623992919922,-186.2964630126953,-0.03900745511054993,-0.05033157020807266,24.223541259765625,0.8676370850980564,0.04710233573666764,-0.4949618758356024,0.24000794572223402,-0.9115131404717522,0.33397601820717154,-0.4354332033191098,-0.40856476196005215,-0.802167539066363,-15.825016975402832,-6.6863532066345215,1.6366547346115112
8.62,2.9105705350988673,1.936687219996639,1.502601327796874,1.127324848894666,54.33536911010742,-19.466854095458984,-186.0541534423828,-0.002632628194987774,-0.07023825496435165,24.235631942749023,0.8339891042304448,0.11485513462006647,-0.5396947953022215,0.24198428439803005,-0.9551525465263249,0.17066698265525931,-0.49588887881185006,-0.272932062820922,-0.8243799542413941,-15.58010196685791,-6.74982213973999,1.5803948640823364
8.63,1.0386012576210395,2.4400119377754055,2.843103817816733,2.2129367368346085,54.335540771484375,-19.467609405517578,-185.81173706054688,0.03708796948194504,-0.07854083925485611,24.24598503112793,0.7989238385035966,0.1880472468359991,-0.5712783325385968,0.23292326528154034,-0.9724788232978685,0.005629451818612796,-0.5544974776870171,-0.1375615178550808,-0.8207370931328388,-15.271272659301758,-6.682823181152344,1.5231916904449463
8.64,1.0386012576210395,2.4400119377754055,2.843103817816733,2.2129367368346085,54.33612823486328,-19.4683837890625,-185.56919860839844,0.0815248191356659,-0.07459432631731033,24.263776779174805,0.7631997180256278,0.26454989483537783,-0.5895248455732737,0.21327498869731606,-0.9643522152442425,-0.15664796248174284,-0.6099507927708278,-0.006177223981071692,-0.792415214582687,-15.121138572692871,-6.852060317993164,1.4718220233917236
8.65,2.341617997977612,3.053247419524167,1.6007170767020285,2.6296994534559968,54.337181091308594,-19.469057083129883,-185.326416015625,0.12959131598472595,-0.057428114116191864,24.293689727783203,0.7257401074019583,0.34353142795896735,-0.5960599420466592,0.18283523509307825,-0.9315581098797103,-0.31427816457049657,-0.6632288996392217,0.11910350927581496,-0.738878732108005,-15.12126350402832,-7.25684928894043,1.4228919744491577
8.66,2.341617997977612,3.053247419524167,1.6007170767020285,2.6296994534559968,54.3387336730957,-19.469482421875,-185.08326721191406,0.18115699291229248,-0.02549002692103386,24.340177536010742,0.6870651071050309,0.42373922672252945,-0.5902428367505576,0.14129530739130397,-0.8747505312305637,-0.4635160668423951,-0.7127251747398499,0.2350671730557876,-0.6608829317236231,-15.216049194335938,-7.4969658851623535,1.3669657707214355
8.67,1.925912917743022,1.3694913219943636,2.6948077174261877,1.6490445894874028,54.34081268310547,-19.469514846801758,-184.8395538330078,0.23458550870418549,0.021389460191130638,24.40388298034668,0.6494839462026958,0.503724273723942,-0.56958972926683,0.08995111446592374,-0.7947295209574465,-0.6002614309824392,-0.755036026048633,0.3386249320118567,-0.561474625240227,-15.38602352142334,-7.556939601898193,1.3052473068237305
8.68,1.925912917743022,1.3694913219943636,2.6948077174261877,1.6490445894874028,54.34340286254883,-19.46903419494629,-184.59515380859375,0.2809549570083618,0.07465177774429321,24.476396560668945,0.6142400505082304,0.5807827076863881,-0.5342289834931406,0.02997721213520199,-0.6936787960970954,-0.7196604022717142,-0.7885496351557382,0.4260295462732039,-0.4434955451839402,-15.310407638549805,-7.739284992218018,1.2434046268463135
8.69,2.992164376678436,2.8026412106963234,2.747376074340945,2.285609681048828,54.346397399902344,-19.4680118560791,-184.35000610351562,0.3197212517261505,0.13109029829502106,24.556581497192383,0.5813286630893348,0.6511442289560418,-0.48792230792207986,-0.038528555226764793,-0.5769558963852852,-0.8158660699271607,-0.8127561355676778,0.49308527327785234,-0.3103133535212446,-14.996901512145996,-8.049932479858398,1.181726336479187
8.7,2.992164376678436,2.8026412106963234,2.747376074340945,2.285609681048828,54.34979248046875,-19.46635627746582,-184.10398864746094,0.3612843453884125,0.20591115951538086,24.64711570739746,0.5515347117352718,0.7131104459586224,-0.4327620057442491,-0.1141332169435682,-0.44941188512063057,-0.8860037055805319,-0.8263068864176331,0.5380543182402833,-0.16647666527709193,-14.725543975830078,-8.24091625213623,1.1189090013504028
8.71,2.992164376678436,2.8026412106963234,2.747376074340945,2.285609681048828,54.35361862182617,-19.463842391967773,-183.8570556640625,0.4035768508911133,0.2984282672405243,24.737335205078125,0.5263450690558418,0.7659841848978228,-0.36909226050815414,-0.19361321663347625,-0.3147122235902869,-0.9292309393620596,-0.8279340496835721,0.5605572627388528,-0.017342565129908227,-14.521950721740723,-8.305496215820312,1.0558159351348877
8.72,2.8922334045062765,3.029882258847111,2.3561565279116223,3.0120853444644977,54.35783386230469,-19.460371017456055,-183.60926818847656,0.4397786259651184,0.39627256989479065,24.814849853515625,0.5065943992429489,0.8089246176788496,-0.2983338357759677,-0.27435864145837824,-0.17678744390987322,-0.9452372905958196,-0.8173673901696765,0.5607023832559835,0.13237593020738844,-14.331841468811035,-8.343137741088867,0.993150532245636
8.73,2.8922334045062765,3.029882258847111,2.3561565279116223,3.0120853444644977,54.36238479614258,-19.45590591430664,-183.36083984375,0.46889975666999817,0.49705034494400024,24.870481491088867,0.49274275388992633,0.8413426124720174,-0.22214226731473657,-0.35416829858458154,-0.03927794333545326,-0.9343564948375108,-0.7948392257347858,0.5390731412397555,0.2786229596196777,-14.259757995605469,-8.382753372192383,0.9293497204780579
8.74,1.0475075028573924,2.576225528358215,2.063809990745128,1.8944613170655575,54.3671875,-19.45043182373047,-183.1119842529297,0.48983317613601685,0.597305953502655,24.89614486694336,0.48508837876632893,0.8629552658925733,-0.14141242468090398,-0.43107500944818955,0.0952820852451477,-0.897271230153168,-0.7608308622914147,0.49621520865408203,0.41821868165504994,-14.296823501586914,-8.426401138305664,0.863822340965271
8.75,1.0475075028573924,2.576225528358215,2.063809990745128,1.8944613170655575,54.37214660644531,-19.44403076171875,-182.8629608154297,0.4996557831764221,0.6771633625030518,24.894329071044922,0.4838811072483633,0.8732249280853841,-0.05776936055015697,-0.503238626085359,0.22363899977206758,-0.8347074235902481,-0.7159678479260214,0.4329709259883685,0.5476551999067995,-14.397063255310059,-8.525322914123535,0.801697313785553
8.76,1.7267142804585571,1.470507058027973,1.396480621712875,2.351681253692616,54.37714385986328,-19.43695068359375,-182.61415100097656,0.5004717707633972,0.7365356087684631,24.864187240600586,0.48930420584179973,0.8717007569448167,0.026817615243712067,-0.5692384991983086,0.3425200752074009,-0.7474272734590128,-0.6607184916255813,0.35045368941095556,0.6638021440175277,-14.544038772583008,-8.674562454223633,0.7419859766960144
8.77,1.7267142804585571,1.470507058027973,1.396480621712875,2.351681253692616,54.38212585449219,-19.429336547851562,-182.3657989501953,0.4945840537548065,0.7839756608009338,24.801057815551758,0.5014711577891693,0.858158117689812,0.10996055178412448,-0.6271788007223728,0.4481251845747153,-0.6370483269535553,-0.5959642857001052,0.25049643509031494,0.7629404342260326,-14.649852752685547,-8.839115142822266,0.6753281950950623
8.78,2.4755536359375894,2.0408942586195007,2.126645690430029,2.052869300520779,54.38701629638672,-19.421308517456055,-182.11822509765625,0.48274052143096924,0.8201694488525391,24.706462860107422,0.5202609995416213,0.8328995890616805,0.18869755402982083,-0.6751705281299679,0.5364484630238272,-0.5063277638684985,-0.522946699292245,0.13601956131475176,0.8414424690013508,-14.71388053894043,-9.009182929992676,0.6017865538597107
8.79,2.4755536359375894,2.0408942586195007,2.126645690430029,2.052869300520779,54.39175796508789,-19.41295623779297,-181.8717803955078,0.46357083320617676,0.8495391011238098,24.57734489440918,0.5453062704771714,0.7967529070949203,0.2604340154704664,-0.7112864182549393,0.6042120462557972,-0.3591649124920776,-0.44352305755657995,0.010611700861574924,0.8962001390428853,-14.683436393737793,-9.108885765075684,0.5278536081314087
8.8,1.7174949480707742,2.2938957958782202,2.2196685954786224,2.4524133530167855,54.39626693725586,-19.40435028076172,-181.62680053710938,0.43699899315834045,0.8692699670791626,24.422367095947266,0.575806866318465,0.7512299634835993,0.32264530783034745,-0.73382825315281,0.6488671346886471,-0.20116544533204694,-0.3604754465635696,-0.12093379794489001,0.9248959233013301,-14.571334838867188,-9.140342712402344,0.4552786648273468
8.81,1.7174949480707742,2.2938957958782202,2.2196685954786224,2.4524133530167855,54.400482177734375,-19.395614624023438,-181.38339233398438,0.405275821685791,0.8754906058311462,24.25835418701172,0.6108786294822093,0.6979540829576213,0.37374777340436804,-0.742007064778139,0.6693588461950115,-0.037205521630705424,-0.2761391241046215,-0.2545954302482042,0.9267838750407041,-14.555490493774414,-9.222792625427246,0.3843746483325958
8.82,1.2455144067491282,1.2193038316608478,1.3376840851924872,1.6438370671086602,54.404354095458984,-19.386886596679688,-181.14161682128906,0.3697985112667084,0.8678920865058899,24.098005294799805,0.6498526165765054,0.6382065600077885,0.41277592406981994,-0.7353796333116748,0.6652202899325986,0.12922368502861864,-0.19211551639327734,-0.387523357521858,0.901619252088114,-14.638855934143066,-9.35892391204834,0.31366798281669617
8.83,1.2455144067491282,1.2193038316608478,1.3376840851924872,1.6438370671086602,54.40788650512695,-19.378293991088867,-180.9013214111328,0.33822616934776306,0.8499020934104919,23.966115951538086,0.691762595553742,0.5737104360504088,0.4385440080078624,-0.7135972343564994,0.6361533446991303,0.2934074115404466,-0.11065034347667249,-0.5159120638199494,0.8494652693862976,-14.700268745422363,-9.483798027038574,0.24037592113018036
8.84,2.100085235219411,1.4762050603196997,1.1738179936306723,2.7672370427271282,54.4111328125,-19.369909286499023,-180.6621551513672,0.311780720949173,0.8259402513504028,23.86998748779297,0.7353538211760189,0.5067061945480439,0.4500039889695062,-0.676813902359758,0.5827475164888108,0.44980915241764363,-0.0343176230876128,-0.6353378348821695,0.7714714099128065,-14.731948852539062,-9.589884757995605,0.1647709459066391
8.85,2.100085235219411,1.4762050603196997,1.1738179936306723,2.7672370427271282,54.41410446166992,-19.3618106842041,-180.42381286621094,0.2819412648677826,0.7904691100120544,23.79840087890625,0.7792697863568467,0.4393661623842224,0.4468735564151403,-0.6257427926694035,0.5063535368001231,0.5933397451648611,0.03441740102986185,-0.7419996436129653,0.6695162218980076,-14.819153785705566,-9.673134803771973,0.08432255685329437
8.86,1.33199377131747,3.1132871543022596,1.9411244155722767,2.1516230941798016,54.4167594909668,-19.35413932800293,-180.1860809326172,0.24918511509895325,0.742081880569458,23.756269454956055,0.822088950526545,0.37361064025910384,0.42963338663021333,-0.5616752934371011,0.4086182565904568,0.7194108597479759,0.09322350650190228,-0.8327341771935136,0.5457684197251905,-14.963153839111328,-9.734399795532227,-0.0007432904094457626
8.87,1.33199377131747,3.1132871543022596,1.9411244155722767,2.1516230941798016,54.41908645629883,-19.34700584411621,-179.9486083984375,0.21585972607135773,0.6816082000732422,23.748353958129883,0.8624211232596704,0.311375462008469,0.39909288118750125,-0.48645876783952924,0.29183426828715303,0.8235233008514992,0.13995596931740878,-0.9043661213868609,0.4031553610459745,-15.20122241973877,-9.731891632080078,-0.08012238889932632
8.88,1.33199377131747,3.1132871543022596,1.9411244155722767,2.1516230941798016,54.42108154296875,-19.340538024902344,-179.71102905273438,0.18368257582187653,0.6106703877449036,23.77427101135254,0.8988660991900095,0.2542222600535435,0.35694646408138686,-0.4027981109949184,0.1584692985456288,0.9014661187184918,0.1726076982809911,-0.9540746951427468,0.24484292634751254,-15.521062850952148,-9.671138763427734,-0.15389332175254822
8.89,1.2811941039154053,2.335883777007423,2.1182235665108133,1.9598268401265704,54.42277145385742,-19.334815979003906,-179.47300720214844,0.15518471598625183,0.5340206027030945,23.83045196533203,0.930376754167558,0.20396484306455068,0.3046267192783527,-0.3135533696773795,0.012168510497269802,0.9494926075100523,0.18995625725045137,-0.9789025846047863,0.0752751631381115,-15.858134269714355,-9.592204093933105,-0.2278357744216919
8.9,1.2811941039154053,2.335883777007423,2.1182235665108133,1.9598268401265704,54.42420196533203,-19.329856872558594,-179.23434448242188,0.1323835551738739,0.4581350088119507,23.908079147338867,0.9561821818195191,0.1625163946744685,0.2435242423925727,-0.2215432338281113,-0.14214371917415436,0.9647350717395538,0.19140070719787555,-0.9764136339489282,-0.09991088390561664,-16.118497848510742,-9.556912422180176,-0.3033856451511383
8.91,1.9663681458381506,1.0570525882701958,1.285796461981142,1.4246799413020088,54.42543411254883,-19.325641632080078,-178.9948272705078,0.11543694883584976,0.3853279650211334,23.994808197021484,0.9757323693460724,0.1318258566971372,0.17483788753117976,-0.12919354444287623,-0.29808683359856564,0.9457553952843554,0.17679188749653132,-0.9453920790556936,-0.2738219227420751,-16.307249069213867,-9.561566352844238,-0.38058406114578247
8.92,1.9663681458381506,1.0570525882701958,1.285796461981142,1.4246799413020088,54.42653274536133,-19.322114944458008,-178.75445556640625,0.10511206835508347,0.32350924611091614,24.075294494628906,0.9884135744442837,0.11336549750516509,0.10093002442128393,-0.03961631536576101,-0.44922593157099416,0.8925394164747085,0.14652355923575952,-0.8861965506475293,-0.4395298854563883,-16.36312484741211,-9.506330490112305,-0.4629211127758026
8.93,2.8321041187409666,1.0892861315043596,1.4207553116533862,1.8965357404977188,54.427555084228516,-19.31913948059082,-178.5133819580078,0.1003609225153923,0.2731133997440338,24.137130737304688,0.9938250025342418,0.10807756876250443,0.025121772791759887,0.04358816769690447,-0.5884739385518026,0.8073403837800732,0.10203889442090802,-0.8012600469109361,-0.5895510166640742,-16.304872512817383,-9.388396263122559,-0.5485113859176636
8.94,2.8321041187409666,1.0892861315043596,1.4207553116533862,1.8965357404977188,54.42854690551758,-19.316654205322266,-178.2717742919922,0.09989072382450104,0.22349707782268524,24.17997169494629,0.9920257224980193,0.11596070170188974,-0.04937693351239385,0.11757803831961688,-0.7103838671395146,0.6939237466846186,0.04539130761712773,-0.694195849143967,-0.7183535008782886,-16.198423385620117,-9.229959487915039,-0.635414183139801
8.95,2.091440870487286,2.8385559339009223,2.3491534316351856,2.3619825310369316,54.429561614990234,-19.31465721130371,-178.0298309326172,0.10427200794219971,0.17712979018688202,24.2027645111084,0.9834281771073787,0.13635875024551633,-0.11947933588172914,0.18009451815281027,-0.8105625683391022,0.55727397870242,-0.020856294075536172,-0.5695565064495348,-0.8216875324345843,-16.060705184936523,-9.038614273071289,-0.7223814129829407
8.96,2.091440870487286,2.8385559339009223,2.3491534316351856,2.3619825310369316,54.4306526184082,-19.31309700012207,-177.78775024414062,0.11500127613544464,0.13472804427146912,24.213523864746094,0.9687102915355938,0.16815150428716097,-0.18255257510917033,0.22965858163098757,-0.8861915258831468,0.4023947257807223,-0.09411326663264535,-0.4317286775960853,-0.8970802873683423,-16.081113815307617,-8.858720779418945,-0.8018190860748291
8.97,1.5651574779114903,3.0051879459435815,2.3632310411674537,2.5976012475643415,54.431880950927734,-19.311925888061523,-177.54559326171875,0.13244397938251495,0.10149959474802017,24.21706771850586,0.9486829592978762,0.21018781493085523,-0.23626621678186818,0.2653100978516318,-0.9355911909239242,0.23297998936284345,-0.17207903624724816,-0.28370795885936234,-0.9433443694452587,-16.252138137817383,-8.69059944152832,-0.8750040531158447
8.98,1.5651574779114903,3.0051879459435815,2.3632310411674537,2.5976012475643415,54.43331527709961,-19.311012268066406,-177.30343627929688,0.1545226275920868,0.08406826108694077,24.212377548217773,0.9242773334365226,0.2610380621145343,-0.2785148847421979,0.2863788417797848,-0.9566049766244709,0.05379663259131365,-0.25238575608845326,-0.12948377823026458,-0.9589240748353727,-16.519071578979492,-8.555152893066406,-0.946107029914856
8.99,1.1239666918961067,1.9678301610700288,2.127342166143192,1.9293553228679223,54.43498229980469,-19.31018829345703,-177.0613250732422,0.17989706993103027,0.08353198319673538,24.206716537475586,0.8964248931762978,0.3190778126743317,-0.3075902474930367,0.2925285901210391,-0.9473512876397644,-0.13020200370607918,-0.332940587576313,0.02673737582944246,-0.9425686595034309,-16.859479904174805,-8.445369720458984,-1.0166326761245728
9.0,1.1239666918961067,1.9678301610700288,2.127342166143192,1.9293553228679223,54.43690872192383,-19.309289932250977,-176.81932067871094,0.20391397178173065,0.09762012213468552,24.198637008666992,0.8661865448816468,0.382113148128533,-0.32204100902415644,0.2836815594583321,-0.9065292130927132,-0.312617271808189,-0.4113947523842323,0.17942777888835434,-0.8936218606736901,-17.13446044921875,-8.366320610046387,-1.0878989696502686
9.01,1.6722454410830778,2.7006982877621226,2.202603168283167,2.6295535150266725,54.439056396484375,-19.308195114135742,-176.5773162841797,0.22544774413108826,0.1228397935628891,24.197572708129883,0.8345865089190134,0.447356065304088,-0.3214621439081408,0.2601153047706706,-0.8344191980167837,-0.4858854085122223,-0.4855979688532838,0.321896183290005,-0.8127591647154113,-17.341819763183594,-8.310766220092773,-1.159912347793579
9.02,1.6722454410830778,2.7006982877621226,2.202603168283167,2.6295535150266725,54.44142532348633,-19.30677604675293,-176.3352508544922,0.24932438135147095,0.16469025611877441,24.224842071533203,0.8028195052476428,0.5121092916516449,-0.30532755427242475,0.2227211579297147,-0.7326198287371566,-0.6431667531453924,-0.553060690886974,0.44834390811651453,-0.7022190628645972,-17.606990814208984,-8.210311889648438,-1.2331634759902954
9.03,1.6722454410830778,2.7006982877621226,2.202603168283167,2.6295535150266725,54.44404602050781,-19.30484390258789,-176.09274291992188,0.27435237169265747,0.22426927089691162,24.280839920043945,0.7722729550882093,0.5737098983802705,-0.2728579032020597,0.17322754178537503,-0.6033922957713913,-0.7784021815043469,-0.6112173930822986,0.5538724491290659,-0.5653659067271826,-17.933551788330078,-8.061371803283691,-1.307343602180481
9.04,2.842816327370207,2.1063873808536795,2.684355865355731,2.294935506261052,54.446903228759766,-19.30225372314453,-175.84959411621094,0.2966880202293396,0.29606893658638,24.35654640197754,0.7442327605345308,0.6291214534582121,-0.2243296568574437,0.1137622476394381,-0.450351983728298,-0.8855739617694335,-0.6581608839479713,0.6335529082488799,-0.4067369706459095,-18.27185821533203,-7.8906660079956055,-1.381545066833496
9.05,2.842816327370207,2.1063873808536795,2.684355865355731,2.294935506261052,54.44997024536133,-19.298885345458984,-175.60557556152344,0.31526699662208557,0.3799839913845062,24.445573806762695,0.7198517422235569,0.6751243811349905,-0.16130883179418998,0.04689213139197995,-0.27915832935954527,-0.9590994500898774,-0.6925421266834441,0.6828452951776735,-0.2326106309317973,-18.414167404174805,-7.672232627868652,-1.4569802284240723
9.06,3.0567992667867587,3.093263102588394,1.5633727455006259,1.6851338060266698,54.45319366455078,-19.29462432861328,-175.36065673828125,0.328348845243454,0.4728720784187317,24.53661346435547,0.7000387265431456,0.7087446375608277,-0.08733166704364226,-0.024225215813479306,-0.09865512546281563,-0.994826771422395,-0.7136938561166413,0.6985328946790456,-0.05189291659438644,-18.37281036376953,-7.411794185638428,-1.5319112539291382
9.07,3.0567992667867587,3.093263102588394,1.5633727455006259,1.6851338060266698,54.45650863647461,-19.2894287109375,-175.1148681640625,0.3340694010257721,0.5660721659660339,24.6165714263916,0.6853430069034139,0.728203375212044,-0.004980684528732404,-0.09592895441657096,0.08349864828868409,-0.991879837197282,-0.7218743648261319,0.6802557019707737,0.1270810030772465,-18.40572166442871,-6.929836750030518,-1.6032612323760986
9.08,1.8311988914768538,1.375700167835277,2.1720170378075716,1.227433399683708,54.4598503112793,-19.28331756591797,-174.86837768554688,0.3317665755748749,0.6555175185203552,24.67443084716797,0.6759285730963316,0.7320231748990212,0.0852210976385181,-0.16305081018905376,0.2613149170296046,-0.9513826503749707,-0.7187036923299128,0.6291713483213994,0.2959871907410558,-18.52292251586914,-6.243381023406982,-1.6685917377471924
9.09,1.8311988914768538,1.375700167835277,2.1720170378075716,1.227433399683708,54.46312713623047,-19.27637481689453,-174.6214599609375,0.32254350185394287,0.727433443069458,24.705902099609375,0.6714340189865904,0.7188909817787372,0.17992252350586446,-0.2235299396176725,0.4279484478854234,-0.875725123567308,-0.7065484585235713,0.5477735684292009,0.4480328040314737,-18.524871826171875,-5.7338972091674805,-1.7266924381256104
9.1,1.995304082597168,3.009022442440294,2.7219155546710425,1.7723794826993438,54.46628189086914,-19.268821716308594,-174.37442016601562,0.3079981505870819,0.7814479470252991,24.708187103271484,0.6716706162370873,0.6887888310356447,0.2728159260824796,-0.2783201905210263,0.5758726738349098,-0.7687057532492981,-0.6865831740088236,0.4403868864655046,0.5785005923913888,-18.41263198852539,-5.412635803222656,-1.7796533107757568
9.11,1.995304082597168,3.009022442440294,2.7219155546710425,1.7723794826993438,54.46925354003906,-19.2607421875,-174.1274871826172,0.28337225317955017,0.8351771235466003,24.66849136352539,0.6762442915665168,0.6426543781173402,0.36012360157356305,-0.3268321608979813,0.6998328657078492,-0.6351493514740414,-0.6602078435814404,0.3118161483338444,0.6832980995962085,-18.395748138427734,-5.062076091766357,-1.8261799812316895
9.12,1.5334783575452051,1.291598496138562,2.989706695901725,1.2567189804980177,54.47190475463867,-19.252134323120117,-173.8811798095703,0.24736256897449493,0.8844097256660461,24.588245391845703,0.684388844956105,0.5813191783935497,0.4400908107782941,-0.3679384600995687,0.7964605753496156,-0.47986648298596246,-0.629470569986561,0.16648893280217503,0.7589784165410676,-18.477724075317383,-4.66102409362793,-1.8664228916168213
9.13,1.5334783575452051,1.291598496138562,2.989706695901725,1.2567189804980177,54.47417449951172,-19.243118286132812,-173.6357879638672,0.20899051427841187,0.9144738912582397,24.4908447265625,0.6955203604442364,0.5064129046684305,0.5097032452249083,-0.4014547223061686,0.8622308713549345,-0.3088560027271411,-0.5958905387280425,0.01019286357182872,0.8030009784468569,-18.41084861755371,-4.38130521774292,-1.903705358505249
9.14,2.6993513143923105,1.5853432920199255,2.176117207505812,1.0906962945546,54.4760627746582,-19.233896255493164,-173.39138793945312,0.17077964544296265,0.9270868897438049,24.38856315612793,0.7097365089152651,0.42133768515759634,0.564578287732366,-0.4278552621283563,0.8944945803216594,-0.12968932278431455,-0.5596552175954832,-0.14951254409318565,0.8151270064087779,-18.19663429260254,-4.222418785095215,-1.9394079446792603
9.15,2.6993513143923105,1.5853432920199255,2.176117207505812,1.0906962945546,54.477561950683594,-19.2246150970459,-173.14801025390625,0.12877529859542847,0.9269044995307922,24.284706115722656,0.7263241548618491,0.3296348640216302,0.6031534452240677,-0.44706679662123283,0.8930866749117637,0.050273954030681633,-0.5220962568560037,-0.3061650658002824,0.7960392270864916,-17.942550659179688,-3.908445119857788,-1.9757499694824219
9.16,2.8940113541692676,1.8089126158387914,1.8974209256445305,1.1632007889171814,54.47862243652344,-19.21539878845215,-172.9056396484375,0.0835060253739357,0.9142266511917114,24.19015121459961,0.7433417435053332,0.2346124051247866,0.626418447783919,-0.45959065998320975,0.859563726150582,0.22344266813284552,-0.4860241533284628,-0.4539903303460221,0.7467752689622632,-17.66303825378418,-3.4373419284820557,-2.010422468185425
9.17,2.8940113541692676,1.8089126158387914,1.8974209256445305,1.1632007889171814,54.47922134399414,-19.206369400024414,-172.6641387939453,0.03636294603347778,0.8894950151443481,24.115577697753906,0.759633219466407,0.13906076826380104,0.6353105340012728,-0.4668007285200732,0.7967655353234235,0.3837470020389825,-0.452829384797663,-0.5880703907277252,0.670163236691711,-17.401737213134766,-2.900726795196533,-2.040937900543213
9.18,1.7742671070752736,1.849014390215421,1.1052227357856612,1.463775149596298,54.479347229003906,-19.197641372680664,-172.4232635498047,-0.011504502967000008,0.8537608981132507,24.06846809387207,0.7743154396613371,0.04521685561821312,0.6311822524992857,-0.4704373726187576,0.7082455976926099,0.5263808999124096,-0.4232307625227999,-0.7045165784543608,0.5696772001206735,-17.157060623168945,-2.3207943439483643,-2.0665016174316406
9.19,1.7742671070752736,1.849014390215421,1.1052227357856612,1.463775149596298,54.479007720947266,-19.189308166503906,-172.18263244628906,-0.05412497743964195,0.8129576444625854,24.056884765625,0.7870752207351176,-0.0452367094799401,0.6151960963954449,-0.4720624031565622,0.5978047225701006,0.6479094081728838,-0.39707642139872446,-0.8003643881310016,0.44916273418536196,-17.07996368408203,-1.776012659072876,-2.0865578651428223
9.2,1.7742671070752736,1.849014390215421,1.1052227357856612,1.463775149596298,54.478271484375,-19.1813907623291,-171.94195556640625,-0.09122129529714584,0.7696941494941711,24.079259872436523,0.7981071215641862,-0.13174255952362587,0.5879361534373383,-0.4726685006976411,0.4682321377815996,0.7465541866446916,-0.37364356137470583,-0.873729113145852,0.31142884562061585,-17.155414581298828,-1.2652649879455566,-2.1017608642578125
9.21,1.3693416947236738,2.404267653525551,1.970356351659436,1.0467502022718818,54.4771842956543,-19.173925399780273,-171.70094299316406,-0.12590636312961578,0.7222214937210083,24.128873825073242,0.8075252122399634,-0.21283209985176252,0.5500959269704618,-0.4731236797932681,0.3231900848900878,0.8195743728592392,-0.35221728409559827,-0.9220903785971456,0.16028823563472572,-17.24315071105957,-0.755741536617279,-2.1123688220977783
9.22,1.3693416947236738,2.404267653525551,1.970356351659436,1.0467502022718818,54.47575759887695,-19.166963577270508,-171.4593048095703,-0.1595630645751953,0.6689837574958801,24.19881248474121,0.8155126310968963,-0.286739913204747,0.5027120156677696,-0.47405989657377534,0.16729265537982352,0.8644538055422216,-0.3319734371630945,-0.9432886035733189,0.0004973799545705537,-17.298574447631836,-0.2648872137069702,-2.1140172481536865
9.23,1.2586265879883594,1.4747650260039464,2.43715044640398,1.5786591763978173,54.4739990234375,-19.160564422607422,-171.2169189453125,-0.19133201241493225,0.6113541126251221,24.281023025512695,0.8224259002704697,-0.35176699225985886,0.44707451472965887,-0.4756505760206162,0.005873109131588006,0.8796147089040659,-0.3120451379136735,-0.9360691693168731,-0.1624879754285085,-17.321269989013672,0.2068507969379425,-2.1072068214416504
9.24,1.2586265879883594,1.4747650260039464,2.43715044640398,1.5786591763978173,54.47194290161133,-19.154739379882812,-170.9736785888672,-0.2192956507205963,0.5530321002006531,24.365711212158203,0.8287950857414759,-0.4064751585500315,0.3845473330196255,-0.4775079518598309,-0.1555269289708146,0.8647528723719493,-0.2916930951555238,-0.9003273403860588,-0.3229950748726003,-17.27346420288086,0.5319669842720032,-2.097622871398926
9.25,1.223196819674432,1.978002333811816,2.038383058444819,2.7896910115091984,54.46963119506836,-19.14950180053711,-170.7296142578125,-0.24277371168136597,0.49604561924934387,24.442676544189453,0.8355723373586301,-0.44946012642833133,0.31591844484307047,-0.47793317541521296,-0.31111911045474705,0.8214528464539996,-0.2709220346863042,-0.8373711804575528,-0.4747744277660262,-17.165908813476562,0.7210058569908142,-2.0873467922210693
9.26,1.223196819674432,1.978002333811816,2.038383058444819,2.7896910115091984,54.467098236083984,-19.14482879638672,-170.48486328125,-0.2630307078361511,0.43731361627578735,24.506555557250977,0.8430500452009408,-0.47997695484662,0.24267003132413628,-0.4762021837837806,-0.45641647869298674,0.7516085937088884,-0.24999620286366364,-0.7492036577551261,-0.6133480070564263,-17.21415901184082,0.8644911646842957,-2.0778510570526123
9.27,1.4022455791671762,2.0098768558285673,2.653144006195484,1.711250953925953,54.46438217163086,-19.140750885009766,-170.2395477294922,-0.27884307503700256,0.3797023594379425,24.552309036254883,0.8513263258927439,-0.4977858810073205,0.165688573871971,-0.47186538073455536,-0.5884643221859567,0.6565461171756757,-0.22931757304270195,-0.637117695707778,-0.7358630935913397,-17.413761138916016,0.9844497442245483,-2.069082260131836
9.28,1.4022455791671762,2.0098768558285673,2.653144006195484,1.711250953925953,54.461544036865234,-19.137208938598633,-169.99391174316406,-0.28819793462753296,0.3299490213394165,24.57379150390625,0.8603379122732472,-0.502212826237674,0.0871834495055028,-0.4648426373935472,-0.7028447274128783,0.5384520513554836,-0.20914109870210093,-0.503777298327629,-0.8381339001158429,-17.489248275756836,1.1498496532440186,-2.056258201599121
9.29,2.8338802569165393,2.9475183728361123,2.273234618710004,3.027802617703263,54.45864486694336,-19.13411521911621,-169.74815368652344,-0.29109516739845276,0.290089875459671,24.57135772705078,0.8699538131454421,-0.4930123117977579,0.010918947272311103,-0.45534875481115095,-0.7945998865927695,0.4015825341305225,-0.1893089392650001,-0.3543301859037532,-0.9157577435499915,-17.43124008178711,1.3558893203735352,-2.0389068126678467
9.3,2.8338802569165393,2.9475183728361123,2.273234618710004,3.027802617703263,54.455745697021484,-19.13138771057129,-169.5024871826172,-0.28768283128738403,0.2558296322822571,24.564680099487305,0.8801559411316271,-0.4708571913482994,-0.06015832981633667,-0.4433430940603512,-0.8607014470477894,0.25027968355189456,-0.16962435037368534,-0.19361437034846574,-0.966302776232622,-17.44407081604004,1.6642303466796875,-2.0232837200164795
9.31,2.060471840169293,1.9993622308529786,1.5852125656587344,2.1486356131954603,54.452919006347656,-19.12896156311035,-169.25682067871094,-0.2768961787223816,0.23254303634166718,24.560632705688477,0.8910670000046066,-0.4368336688832967,-0.12319069458668165,-0.4286650125599431,-0.8991813334663779,0.08785918593186973,-0.14915062356482006,-0.025480880588890094,-0.9884861234304911,-17.534221649169922,2.0650575160980225,-2.0081562995910645
9.32,2.060471840169293,1.9993622308529786,1.5852125656587344,2.1486356131954603,54.450225830078125,-19.126678466796875,-169.01129150390625,-0.2618720233440399,0.2267334908246994,24.54047966003418,0.902802552611389,-0.392460464508274,-0.17584747594523592,-0.4105773205868797,-0.9082299191399921,-0.0808991829295094,-0.12796020794785823,0.1452349743584975,-0.9810876553117094,-17.600027084350586,2.4669458866119385,-1.9896796941757202
9.33,1.2744217439035828,1.8697583624449678,1.493036403525673,1.3447529098883548,54.44769287109375,-19.124380111694336,-168.76602172851562,-0.24506299197673798,0.23507077991962433,24.512548446655273,0.9153227591669499,-0.33974063338315597,-0.2162418751754944,-0.3882967896963784,-0.8869409224610685,-0.25012277620279927,-0.10681689783217183,0.3129090955730131,-0.9437574096372385,-17.6337890625,2.858025074005127,-1.9674887657165527
9.34,1.2744217439035828,1.8697583624449678,1.493036403525673,1.3447529098883548,54.44532775878906,-19.121946334838867,-168.52102661132812,-0.22810284793376923,0.2532777190208435,24.489282608032227,0.9284462212791764,-0.2810075390238379,-0.2429452144088961,-0.3612147686859598,-0.835559611493216,-0.41396138289030576,-0.08666893950872379,0.4720962811260771,-0.8772762371518796,-17.653018951416016,3.242852210998535,-1.9389581680297852
9.35,1.2744217439035828,1.8697583624449678,1.493036403525673,1.3447529098883548,54.4431266784668,-19.119293212890625,-168.27621459960938,-0.2119629830121994,0.2789383828639984,24.480121612548828,0.9418474616093032,-0.21885082980832504,-0.2550052418134185,-0.32896097640041855,-0.7554150122871593,-0.5666858346710939,-0.06861512271938136,0.617618388249086,-0.7834790944440099,-17.661544799804688,3.6210315227508545,-1.9043484926223755
9.36,1.5273200510159899,2.5565934329808435,3.0281671668657255,2.174121409321258,54.44108581542969,-19.11634063720703,-168.0313720703125,-0.19602306187152863,0.3129342794418335,24.495290756225586,0.9550806055367265,-0.1559710507788286,-0.25198029336943767,-0.2914084172302987,-0.6488680643720073,-0.7028878782604355,-0.05387180426653608,0.7447437588574157,-0.6651725808750655,-17.663732528686523,3.992806911468506,-1.8658661842346191
9.37,1.5273200510159899,2.5565934329808435,3.0281671668657255,2.174121409321258,54.43921661376953,-19.11297035217285,-167.7862091064453,-0.17710600793361664,0.3663736581802368,24.544931411743164,0.9675080717095017,-0.09511034322303709,-0.23426940429547732,-0.249000052940962,-0.519288404179225,-0.8175197409973609,-0.04389880194674871,0.8492900422688294,-0.5260982030863155,-17.640090942382812,4.2578020095825195,-1.8219412565231323
9.38,2.9554045559767133,2.9894283737718137,2.303591443127617,1.7274039237512917,54.43754959106445,-19.108951568603516,-167.54039001464844,-0.1568022072315216,0.43980348110198975,24.62106704711914,0.9782562478114156,-0.03885283542470373,-0.20372817870238652,-0.2034255883352138,-0.3711263928052096,-0.9060260650631778,-0.040407222478200264,0.9277691834410403,-0.37096037339417137,-17.595056533813477,4.421656131744385,-1.7740976810455322
9.39,2.9554045559767133,2.9894283737718137,2.303591443127617,1.7274039237512917,54.43607711791992,-19.104137420654297,-167.2937469482422,-0.13870616257190704,0.5253595113754272,24.708894729614258,0.9868592220061116,0.01056474740699595,-0.16123666473143983,-0.1554778273965365,-0.20960445254565468,-0.9653458544278777,-0.04399455795374192,0.9777291851966283,-0.20520750299438878,-17.489974975585938,4.775244235992432,-1.7266098260879517
9.4,2.3193181032360517,2.2617685865296506,1.3310700383367877,2.9711800337175207,54.43476486206055,-19.098421096801758,-167.04620361328125,-0.12454860657453537,0.6189475059509277,24.796977996826172,0.9930821913601797,0.05086031897086859,-0.10583472566905851,-0.10381617837730645,-0.040820735700951793,-0.9937584558855156,-0.054863123410854545,0.9978711818120686,-0.03525822171622939,-17.32713508605957,5.313432693481445,-1.6774241924285889
9.41,2.3193181032360517,2.2617685865296506,1.3310700383367877,2.9711800337175207,54.43356704711914,-19.091768264770508,-166.79786682128906,-0.11646424233913422,0.7097534537315369,24.873781204223633,0.9960296664832857,0.07997244255512748,-0.039106417848752205,-0.049314773000780514,0.12994639044694606,-0.9902938901021712,-0.07411448339613425,0.9882906171979862,0.13337428278850266,-17.31614875793457,5.75391149520874,-1.6286383867263794
9.42,3.0963544739735975,1.3786940181403748,3.0961194269196377,2.658100105215434,54.43242263793945,-19.084245681762695,-166.548828125,-0.11484233289957047,0.794504702091217,24.930055618286133,0.9947177207318162,0.09635502510228254,0.03538877222565221,0.00497967636694048,0.29905455223433863,-0.9542230229936814,-0.10252735676579752,0.9493587751348054,0.29699504573167734,-17.45413589477539,6.0849738121032715,-1.5803810358047485
9.43,3.0963544739735975,1.3786940181403748,3.0961194269196377,2.658100105215434,54.43125915527344,-19.075878143310547,-166.2993927001953,-0.12019320577383041,0.8798608779907227,24.954307556152344,0.9885397858169911,0.09878052124555294,0.11415559766982264,0.056298965340411775,0.46040584850607014,-0.8859214870195918,-0.14006969107732287,0.8821954790656449,0.4495682577291693,-17.321388244628906,6.285445690155029,-1.529025673866272
9.44,2.415552536417251,1.3774192180532805,2.4166032335618453,1.6988358860673214,54.429996490478516,-19.066661834716797,-166.04991149902344,-0.13345912098884583,0.9620621204376221,24.938919067382812,0.9773976752643394,0.08728617865570498,0.19254845469011042,0.10143549853089912,0.6054761480897214,-0.7893728356944024,-0.18548483502877836,0.7910624230173738,0.5829370625241019,-16.922988891601562,6.369603633880615,-1.4767388105392456
9.45,2.415552536417251,1.3774192180532805,2.4166032335618453,1.6988358860673214,54.428565979003906,-19.056703567504883,-165.80075073242188,-0.15185607969760895,1.0253965854644775,24.890817642211914,0.961490619718413,0.0628589366266965,0.26755287753949425,0.13867879763574092,0.729517357734217,-0.6697556389092906,-0.23728459553837006,0.6810676756759549,0.6927068946311599,-16.5206356048584,6.491634845733643,-1.4230811595916748
9.46,1.3574024491577172,2.6324166454817934,2.5748308083867073,2.0815873965373797,54.42694091796875,-19.046213150024414,-165.55218505859375,-0.17375662922859192,1.0698837041854858,24.814613342285156,0.9409146556603887,0.026666747317289213,0.337592202740241,0.16734916785641227,0.8300481736160543,-0.5319908697472343,-0.2944042574102122,0.5570537802260823,0.7765418334864987,-16.143461227416992,6.6595611572265625,-1.3676764965057373
9.47,1.3574024491577172,2.6324166454817934,2.5748308083867073,2.0815873965373797,54.42506790161133,-19.03533935546875,-165.30455017089844,-0.20151643455028534,1.1029585599899292,24.709014892578125,0.9159446529924238,-0.020155276619060566,0.40079815054338475,0.1864879256045633,0.9057261783849375,-0.3806341332459864,-0.3553415909491815,0.4233838147740483,0.8333537658936204,-15.968269348144531,6.798473834991455,-1.3076958656311035
9.48,1.5811154367348952,2.6388639748099996,2.124668877695777,1.4747619878671014,54.422889709472656,-19.024194717407227,-165.05809020996094,-0.2350868433713913,1.1237763166427612,24.582141876220703,0.8871648156643109,-0.07711282242635739,0.454963957324918,0.19515558891219467,0.9561254484908494,-0.21849124207735712,-0.41815414139243345,0.2826265015273919,0.8632898555356384,-15.979228019714355,6.905496120452881,-1.2430953979492188
9.49,1.5811154367348952,2.6388639748099996,2.124668877695777,1.4747619878671014,54.420352935791016,-19.012914657592773,-164.81292724609375,-0.2709781229496002,1.129961609840393,24.45001220703125,0.8551255652293722,-0.1429223801464132,0.49833067429612476,0.1927785656019976,0.9799806159742297,-0.049743511729724466,-0.48124494006231644,0.13860442117065774,0.8655588495858407,-15.989480972290039,7.089548110961914,-1.1769368648529053
9.5,1.5811154367348952,2.6388639748099996,2.124668877695777,1.4747619878671014,54.4174690246582,-19.00164031982422,-164.56906127929688,-0.30808570981025696,1.1225608587265015,24.32413101196289,0.8199734529903935,-0.21570532233959844,0.5302025559212072,0.17897499857575772,0.9764507768117912,0.12046505862056928,-0.5437016518972685,-0.0038851483909371903,0.8392695748960295,-15.978201866149902,7.346261024475098,-1.1088838577270508
9.51,2.931845224224679,1.53140258423754,2.7711726610900485,2.6192652225568165,54.414207458496094,-18.990501403808594,-164.32638549804688,-0.34699320793151855,1.1028356552124023,24.212993621826172,0.7822570834208267,-0.2934959413407881,0.5494852025800391,0.15332867064608463,0.9456373005414864,0.28681076441185976,-0.6037914989430097,-0.14010791641122738,0.7847328192213311,-15.965789794921875,7.603556156158447,-1.0386892557144165
9.52,2.931845224224679,1.53140258423754,2.7711726610900485,2.6192652225568165,54.410518646240234,-18.979631423950195,-164.08474731445312,-0.3923324644565582,1.068208932876587,24.118745803833008,0.7430314417842239,-0.37388376007441304,0.5550812647465918,0.11589946442960597,0.8887536047984532,0.4434910868356714,-0.659144590105227,-0.2651942003709231,0.7037047999158729,-15.803537368774414,7.742769718170166,-0.9726148247718811
9.53,1.5867661855372348,1.515691540063902,1.0695642279899464,1.770141486857469,54.406349182128906,-18.969188690185547,-163.8439483642578,-0.44281458854675293,1.017726182937622,24.050132751464844,0.7040984308455186,-0.45348311143701947,0.546441641277711,0.06789557280031047,0.8089921994745668,0.5838851020392803,-0.706849058056242,-0.3740116159034408,0.6003996338225907,-15.503815650939941,7.769579887390137,-0.9122868180274963
9.54,1.5867661855372348,1.515691540063902,1.0695642279899464,1.770141486857469,54.401702880859375,-18.95927619934082,-163.6035919189453,-0.4831962585449219,0.9668369293212891,24.02667236328125,0.6666032848656146,-0.5300583350531739,0.5240975310445847,0.010798386217263034,0.7098902051584853,0.7042295729910428,-0.7453344587911356,-0.4637823390996048,0.478938917272155,-15.358183860778809,7.854225158691406,-0.8525398373603821
9.55,2.60769279900932,1.8067012591859406,2.3402217248645836,1.7017801556057,54.3967170715332,-18.949838638305664,-163.36325073242188,-0.5132163166999817,0.9202804565429688,24.044509887695312,0.6310369313140479,-0.6026579980509914,0.48846261750815767,-0.054483252440152063,0.5936774606414335,0.8028565550145815,-0.7738371705477143,-0.5332451688590439,0.34179763511059774,-15.370951652526855,8.004705429077148,-0.7912197113037109
9.56,2.60769279900932,1.8067012591859406,2.3402217248645836,1.7017801556057,54.39142608642578,-18.9409122467041,-163.12261962890625,-0.545592725276947,0.8610415458679199,24.08803367614746,0.598253776163838,-0.6693654425330241,0.4405023537374994,-0.1265908961536828,0.46387636250586045,0.8768086822787162,-0.7912440611573117,-0.5803176928639175,0.19278021431771442,-15.248135566711426,8.163783073425293,-0.7274248003959656
9.57,3.0064803771675246,1.5759613741298395,1.609982324796908,2.921805995459898,54.38580322265625,-18.932659149169922,-162.8814239501953,-0.5792239904403687,0.7884042263031006,24.153268814086914,0.5691243736310986,-0.7276726203507067,0.38287074180582903,-0.20372669245106484,0.3263277425341575,0.9230415154452747,-0.7966133830924249,-0.6033264141776793,0.037474735936953885,-14.982948303222656,8.320239067077637,-0.6621263027191162
9.58,3.0064803771675246,1.5759613741298395,1.609982324796908,2.921805995459898,54.37985610961914,-18.925168991088867,-162.63949584960938,-0.6097351312637329,0.7087002396583557,24.235397338867188,0.5444571938024378,-0.7763602721132252,0.3175391188516046,-0.2837060340838773,0.18580929445742234,0.9407368347830507,-0.7893524246755517,-0.6022787012484452,-0.11909288677882396,-14.804308891296387,8.444340705871582,-0.6016339659690857
9.59,3.1211758362558757,1.941393767267801,2.972447657632171,2.968024884448695,54.373626708984375,-18.918498992919922,-162.3966827392578,-0.6352880001068115,0.6252655982971191,24.32602882385254,0.5250829281645721,-0.8149190014182952,0.24534657054364506,-0.3640216888643586,0.04552446897806495,0.9302772343557622,-0.7692698672029596,-0.5777841671867396,-0.2727440697098048,-14.722373962402344,8.538557052612305,-0.5454978942871094
9.6,3.1211758362558757,1.941393767267801,2.972447657632171,2.968024884448695,54.367164611816406,-18.91268539428711,-162.1529541015625,-0.6558820009231567,0.534736692905426,24.418807983398438,0.5116509934640001,-0.8426035427346724,0.16802538694578495,-0.442099294612354,-0.0905011277789241,0.892388793953623,-0.7367234722679608,-0.5308755180282114,-0.4188194238185681,-14.574856758117676,8.556241035461426,-0.4868382513523102
9.61,1.4327716262737349,2.2837240421063996,1.902327913437551,2.8153148908896597,54.360530853271484,-18.90781021118164,-161.90830993652344,-0.669517993927002,0.44108501076698303,24.507041931152344,0.504598225449553,-0.8588454557063263,0.08811988473525678,-0.5150145299340441,-0.21751655871696085,0.8291239838774095,-0.6929218316880901,-0.4637575119569751,-0.5520763581910554,-14.35729694366455,8.503730773925781,-0.42646217346191406
9.62,1.4327716262737349,2.2837240421063996,1.902327913437551,2.8153148908896597,54.35380554199219,-18.903812408447266,-161.6628875732422,-0.6733996868133545,0.36321064829826355,24.575199127197266,0.5039584346211999,-0.8636972285500337,0.007279668202614331,-0.5806458818572722,-0.33253726826137253,0.7431482524365203,-0.639434325053277,-0.37874273935252445,-0.6690872000953278,-14.363700866699219,8.424951553344727,-0.36472147703170776
9.63,3.127921999479444,1.2636987013708165,1.2257646282568826,1.34580676099719,54.34709167480469,-18.900493621826172,-161.41690063476562,-0.6688519716262817,0.30192047357559204,24.61774444580078,0.5096474060145534,-0.8571133294433607,-0.07494172424726853,-0.637303556816012,-0.4345882535274209,0.6363782101593721,-0.5780170395518602,-0.27656787663519933,-0.7677281495433134,-14.58698558807373,8.32861042022705,-0.30097854137420654
9.64,3.127921999479444,1.2636987013708165,1.2257646282568826,1.34580676099719,54.3404541015625,-18.897722244262695,-161.17063903808594,-0.6576264500617981,0.2549423575401306,24.634103775024414,0.5216163879222062,-0.8387769942557025,-0.1561073276895102,-0.683987239839911,-0.5204846968037091,0.5111331882487493,-0.509978234424932,-0.159840027216341,-0.8452061086577101,-14.572299003601074,8.419842720031738,-0.2403094619512558
9.65,1.644929394968384,2.4297772971107294,2.1774760744075246,2.7476864662831497,54.33395767211914,-18.895349502563477,-160.9243621826172,-0.641003429889679,0.22100219130516052,24.627609252929688,0.5399467001992206,-0.8096687137544232,-0.22998724945359683,-0.7205779148234437,-0.5858717021563,0.3708393416038509,-0.4350000340375515,-0.03450974615579888,-0.8997688857743369,-14.312772750854492,8.685412406921387,-0.18229717016220093
9.66,1.644929394968384,2.4297772971107294,2.1774760744075246,2.7476864662831497,54.32765579223633,-18.89327621459961,-160.6781463623047,-0.6169531345367432,0.19446630775928497,24.616552352905273,0.5641931618119395,-0.7713757969333899,-0.2943899727742517,-0.7455847818381487,-0.6291648213498761,0.21967011782930035,-0.3546680268307352,0.09555630529251474,-0.9300965451300401,-14.264110565185547,8.780844688415527,-0.11972525715827942
9.67,1.644929394968384,2.4297772971107294,2.1774760744075246,2.7476864662831497,54.32163619995117,-18.89142608642578,-160.43202209472656,-0.5854801535606384,0.17821551859378815,24.60800552368164,0.593119513042756,-0.7244709027650185,-0.3512138298740004,-0.7573827394852342,-0.6500374740501558,0.06182773051257205,-0.2730945425631317,0.22933205920091587,-0.9342516670816818,-14.440068244934082,8.697150230407715,-0.052913036197423935
9.68,1.6527796853285968,2.0485624650965013,2.8060773624301776,2.778185513895828,54.31597137451172,-18.889667510986328,-160.1859893798828,-0.5491830706596375,0.17569446563720703,24.602458953857422,0.6257692866388658,-0.669607358028876,-0.40004847952851125,-0.7556978127606623,-0.6475032857923859,-0.09828687947439801,-0.19321908727720488,0.36382067143257873,-0.9112084851174904,-14.65220832824707,8.580436706542969,0.014569483697414398
9.69,1.6527796853285968,2.0485624650965013,2.8060773624301776,2.778185513895828,54.31068801879883,-18.887863159179688,-159.9399871826172,-0.5087623000144958,0.18743233382701874,24.607160568237305,0.6611801133224186,-0.6079241640473936,-0.43962378065140084,-0.7409600053026408,-0.6209691414700232,-0.25568651877619974,-0.11755478845569686,0.4947984803020916,-0.8610199391430354,-14.797404289245605,8.37857437133789,0.08230319619178772
9.7,1.7511279843740695,1.0670820229943503,1.7599297351853567,1.7504987563040233,54.30581283569336,-18.88587188720703,-159.69381713867188,-0.46521955728530884,0.21334344148635864,24.627437591552734,0.6980236761024101,-0.541170903523305,-0.4689317655909518,-0.714404360662644,-0.5710010828582686,-0.40445540278364883,-0.048881050179763685,0.6173263452619322,-0.7851871282559775,-14.877232551574707,8.099329948425293,0.14896000921726227
9.71,1.7511279843740695,1.0670820229943503,1.7599297351853567,1.7504987563040233,54.301368713378906,-18.883575439453125,-159.44740295410156,-0.4265978932380676,0.24596118927001953,24.655437469482422,0.7353315286368254,-0.4711561402645884,-0.48713389790036726,-0.6776148541918666,-0.49925846118176725,-0.5399806462429457,0.011209476846191002,0.727153959233799,-0.6863828867326498,-14.869582176208496,7.884430885314941,0.2116602212190628
9.72,1.4129635289727247,1.9736882664044282,1.1834410590905642,1.697849061873903,54.297271728515625,-18.880939483642578,-159.20066833496094,-0.39376312494277954,0.2815711796283722,24.694950103759766,0.7726314850584678,-0.40015142063694453,-0.49286857158737707,-0.6317993644442159,-0.4085730633259078,-0.6587090518676424,0.06221054078073282,0.8203334032493854,-0.5684918259122552,-14.788341522216797,7.736877918243408,0.2707882225513458
9.73,1.4129635289727247,1.9736882664044282,1.1834410590905642,1.697849061873903,54.293495178222656,-18.877920150756836,-158.95343017578125,-0.3623705208301544,0.32316070795059204,24.75294303894043,0.8092710293644847,-0.3299840571142731,-0.48599477680501046,-0.5782474835289162,-0.3017361380413739,-0.7580139515816006,0.10349033203069549,0.894463987564777,-0.43499876566019724,-14.83790397644043,7.675232887268066,0.3299103379249573
9.74,1.0922957441312409,1.2400988017073713,1.3249875925378747,2.1367491728079653,54.29002380371094,-18.87445640563965,-158.70555114746094,-0.33230575919151306,0.37030383944511414,24.82616424560547,0.8448602252463462,-0.2617290528714151,-0.46659308040274705,-0.517764619417102,-0.1805066163323445,-0.8362638102537446,0.134651396860768,0.9481114197937283,-0.28801690398336727,-15.018152236938477,7.683686256408691,0.39067700505256653
9.75,1.0922957441312409,1.2400988017073713,1.3249875925378747,2.1367491728079653,54.286842346191406,-18.870506286621094,-158.45689392089844,-0.3049776554107666,0.4200167655944824,24.907615661621094,0.8784714272434139,-0.19706619354114405,-0.43526183715106903,-0.45202025235894416,-0.047616211715606926,-0.890735868728329,0.1548084073113466,0.9792331753699212,-0.13090739200161822,-15.211405754089355,7.579076290130615,0.4508274793624878
9.76,3.070182514019744,2.3578376016103446,1.3593675874771303,3.0083740205525693,54.28391647338867,-18.86605453491211,-158.20741271972656,-0.28070545196533203,0.4707344174385071,24.98908233642578,0.908722776580683,-0.13778315776738603,-0.39400344764880113,-0.3841346316248978,0.0932164760846117,-0.9185593466797728,0.16328962033729522,0.9860661691904933,0.03178065241758521,-15.402323722839355,7.36004114151001,0.5090966820716858
9.77,3.070182514019744,2.3578376016103446,1.3593675874771303,3.0083740205525693,54.281246185302734,-18.861032485961914,-157.95716857910156,-0.2520864009857178,0.5395073890686035,25.05895233154297,0.9350905905688182,-0.08543918830046222,-0.34395600377405466,-0.3161025812603162,0.23780368210631997,-0.9184381127203084,0.16026461103507705,0.9675482178575056,0.19536043757767585,-15.593810081481934,7.270139217376709,0.5630916953086853
9.78,2.6151773333080106,2.122488262064982,2.260526374459311,1.9302165138393739,54.27888107299805,-18.855220794677734,-157.7063446044922,-0.22156476974487305,0.6231380701065063,25.102140426635742,0.957686121544996,-0.04158292802948135,-0.28479493095312985,-0.2481903221635148,0.3817238596804913,-0.8903305335295422,0.14573557075907645,0.9233405412127875,0.35525116237445675,-15.787225723266602,7.3115153312683105,0.6146427989006042
9.79,2.6151773333080106,2.122488262064982,2.260526374459311,1.9302165138393739,54.27679443359375,-18.848587036132812,-157.45523071289062,-0.19699156284332275,0.7013504505157471,25.111419677734375,0.9759813134872557,-0.007909964945886347,-0.21771060649000537,-0.18194179864330895,0.520059007359619,-0.8345272977983197,0.1198234435748228,0.8540937075746914,0.5061287198442592,-15.847646713256836,7.327317237854004,0.6709851622581482
9.8,1.527573301686592,2.7768753360223615,2.835595123148248,2.2714051530216395,54.27492141723633,-18.841222763061523,-157.2042236328125,-0.17922860383987427,0.7699983716011047,25.081729888916016,0.9893125435395889,0.013957407185992254,-0.14514090388265308,-0.11960648670004553,0.6470062986444741,-0.7530452428995549,0.08339651991840522,0.7623568982432192,0.641760843435058,-15.785140037536621,7.3033647537231445,0.7311513423919678
9.81,1.527573301686592,2.7768753360223615,2.835595123148248,2.2714051530216395,54.273193359375,-18.83321189880371,-156.95375061035156,-0.16754518449306488,0.8309463262557983,25.008228302001953,0.997277242567867,0.023363006463463124,-0.06994477382349168,-0.0632526138621663,0.7586086989347159,-0.6484689265802801,0.03791053014447192,0.6511274927612605,0.7580209626881036,-15.826200485229492,7.171457290649414,0.7950926423072815
9.82,1.527573301686592,2.7768753360223615,2.835595123148248,2.2714051530216395,54.27154541015625,-18.82463836669922,-156.70420837402344,-0.162273570895195,0.8819326758384705,24.892290115356445,0.9997856857666001,0.020270460527304253,0.004206063030956937,-0.015080152595756742,0.8522811118915148,-0.5228666133065412,-0.014183495122785272,0.5226911274768058,0.8524041375563164,-15.976912498474121,6.940221786499023,0.8615033626556396
9.83,1.831711819935792,1.0408949471700257,1.688033290154726,1.6822143165672114,54.269920349121094,-18.81561851501465,-156.45602416992188,-0.1635112762451172,0.919815182685852,24.7408504486084,0.9972122198989524,0.004941899000615221,0.07445378511849876,0.023750875941291272,0.924886026287479,-0.37950195555514415,-0.07073672579519963,0.38021233016884776,0.9221902729975795,-16.144845962524414,6.685025691986084,0.9269466996192932
9.84,1.831711819935792,1.0408949471700257,1.688033290154726,1.6822143165672114,54.26826095581055,-18.806306838989258,-156.20944213867188,-0.16929839551448822,0.9386111497879028,24.57744598388672,0.9901304267417557,-0.02190863622639437,0.13842597190877143,0.05270340317026552,0.973412369139091,-0.22291413347137543,-0.1298618086061522,0.22800958590752549,0.9649598641393421,-16.20143699645996,6.438263416290283,0.9856847524642944
9.85,3.0284328405524996,2.96245151098665,1.695937447110766,1.2960035513044468,54.26653289794922,-18.796894073486328,-155.96446228027344,-0.17767101526260376,0.9419237971305847,24.41364860534668,0.9791773883994921,-0.058908637521437074,0.19427149680927974,0.07166198557822653,0.9956658081549404,-0.05928033648820749,-0.18993736301774883,0.07196784626857322,0.9791549556803186,-16.1524715423584,6.202422142028809,1.037639856338501
9.86,3.0284328405524996,2.96245151098665,1.695937447110766,1.2960035513044468,54.26469039916992,-18.78750228881836,-155.72120666503906,-0.1916912943124771,0.9345306158065796,24.23844337463379,0.9648508145080229,-0.10446911942028178,0.24114126322708804,0.08080080216593116,0.9910713112708431,0.1060607672291388,-0.2500682629054453,-0.08284841014432572,0.9646771505659345,-16.11587142944336,6.206360816955566,1.0895328521728516
9.87,1.4793237597556208,1.4609866536368163,1.2941769955441762,2.250588790076046,54.26268005371094,-18.77824592590332,-155.4796905517578,-0.21180880069732666,0.9138880968093872,24.064184188842773,0.9468806236776052,-0.15726543061274123,0.2805078766061626,0.07983252633404253,0.9599131147857196,0.2686886298329387,-0.3115186226263744,-0.23202240494522636,0.9214780254354411,-16.105873107910156,6.429749965667725,1.1444634199142456
9.88,1.4793237597556208,1.4609866536368163,1.2941769955441762,2.250588790076046,54.26045227050781,-18.769254684448242,-155.2397918701172,-0.23209263384342194,0.8839136362075806,23.923002243041992,0.9255049068957398,-0.21613238461348117,0.3110103850889846,0.06831579894467006,0.9029791823564308,0.42421874999281123,-0.3725233132657064,-0.3713696117780803,0.8504769206282663,-16.213361740112305,6.423518180847168,1.1986103057861328
9.89,1.2177267370801363,1.5944279990363173,2.877402504839999,1.8076606179641963,54.25802993774414,-18.76058578491211,-155.00108337402344,-0.25119319558143616,0.848314642906189,23.823041915893555,0.9022382975048402,-0.2796746933699552,0.32825008820103774,0.04753479902670875,0.8210415942602697,0.5688858790443344,-0.42860995951687586,-0.497667325010369,0.7540694505282427,-16.424205780029297,6.176945209503174,1.2497142553329468
9.9,1.2177267370801363,1.5944279990363173,2.877402504839999,1.8076606179641963,54.25541305541992,-18.752321243286133,-154.76321411132812,-0.27241113781929016,0.802760660648346,23.757741928100586,0.8784016938584763,-0.34555095574825667,0.3301590544086685,0.019273687480414914,0.7158711336225366,0.6979663638148272,-0.47753428065162723,-0.6067314537976838,0.6354824574880743,-16.521833419799805,5.799162864685059,1.3032442331314087
9.91,3.121604652994171,3.066638211912341,1.5131875599765974,1.1316857820057555,54.25257873535156,-18.74456787109375,-154.52581787109375,-0.2950536906719208,0.7470648884773254,23.728853225708008,0.8553071327682372,-0.4106537166428287,0.31593232446713754,-0.01393721967262529,0.5913092723625775,0.8063244373859919,-0.5179338399289761,-0.6940582608293562,0.5000276672654776,-16.501134872436523,5.325413227081299,1.3574116230010986
9.92,3.121604652994171,3.066638211912341,1.5131875599765974,1.1316857820057555,54.24951171875,-18.7374210357666,-154.28854370117188,-0.3186827003955841,0.6792941093444824,23.734411239624023,0.8334448155792848,-0.47220232979810395,0.2870447684896112,-0.0510031415137879,0.45149244701672914,0.8908160583659068,-0.5502439631106699,-0.7570862104279068,0.3522102369894648,-16.482107162475586,5.210618495941162,1.4066359996795654
9.93,1.5380353882635587,1.3294161196302738,1.8635450258709798,3.0137065521766297,54.24620819091797,-18.731016159057617,-154.051025390625,-0.34166407585144043,0.6009292602539062,23.771595001220703,0.812020373366966,-0.5282000124000918,0.2482491896009254,-0.09465879301542329,0.30052903454691743,0.9490637556556256,-0.5759015767836,-0.7941580738712164,0.19403692319587734,-16.483182907104492,5.43865442276001,1.4546843767166138
9.94,1.5380353882635587,1.3294161196302738,1.8635450258709798,3.0137065521766297,54.242698669433594,-18.725404739379883,-153.81301879882812,-0.3603383004665375,0.5229148268699646,23.836515426635742,0.7915743701214331,-0.5772639905340516,0.20044026990492406,-0.1439780731536815,0.14259084441181485,0.9792538820657688,-0.5938689510471226,-0.8040112787284939,0.029757900792267866,-16.598203659057617,5.318389415740967,1.5005061626434326
9.95,3.1026729836975653,1.8054127723408895,1.0749561883813787,2.0572048925820967,54.23902130126953,-18.720552444458008,-153.5742645263672,-0.37402817606925964,0.44781315326690674,23.918657302856445,0.7737288534029481,-0.6177859051968031,0.1403005229923461,-0.193012554662715,-0.018942950091528077,0.9810134139676187,-0.6033985541533321,-0.7861181463253449,-0.13389714285104004,-16.810344696044922,4.834059238433838,1.540751576423645
9.96,3.1026729836975653,1.8054127723408895,1.0749561883813787,2.0572048925820967,54.23523712158203,-18.71645164489746,-153.3346405029297,-0.3828222453594208,0.37245896458625793,24.007108688354492,0.75893550567913,-0.6475059042830168,0.06894202011977574,-0.23971199382487196,-0.1793749504031617,0.954129334621029,-0.6054379061770641,-0.7406488581551286,-0.2913489500194511,-16.933794021606445,4.556441307067871,1.575329303741455
9.97,1.5459761306753124,2.0471873323135243,2.4386967763701817,3.0681624978665587,54.231388092041016,-18.71310043334961,-153.09413146972656,-0.38578689098358154,0.2985636293888092,24.092409133911133,0.7470884163179833,-0.664671846185254,-0.00838063793357452,-0.28586283198685036,-0.3326398703016987,0.8986841258051279,-0.6001177713515451,-0.6690007874243162,-0.4385163702003604,-16.96771240234375,4.511772632598877,1.607113003730774
9.98,1.5459761306753124,2.0471873323135243,2.4386967763701817,3.0681624978665587,54.227542877197266,-18.710479736328125,-152.85281372070312,-0.3820449709892273,0.22508130967617035,24.168851852416992,0.7383646597863156,-0.6684747280635696,-0.08921416434050941,-0.33041519925781626,-0.4738954598108986,0.8162407054723716,-0.5879144710568505,-0.5732055749126609,-0.5707818704294927,-17.10154151916504,4.235692977905273,1.6420806646347046
9.99,1.5459761306753124,2.0471873323135243,2.4386967763701817,3.0681624978665587,54.22377395629883,-18.708585739135742,-152.6107940673828,-0.37059706449508667,0.15536057949066162,24.231895446777344,0.7325320806748876,-0.6580334535224202,-0.17432362096823514,-0.3698571737612489,-0.599717047742018,0.7096091414750372,-0.5714914013346668,-0.455336619099491,-0.6826903701588178,-17.33285903930664,3.7150521278381348,1.6775308847427368
