time,FL,FR,BL,BR,x,y,z,vx,vy,vz,r1x,r1y,r1z,r2x,r2y,r2z,r3x,r3y,r3z,wx,wy,wz
0.0,1.2994465026094175,2.174451192964931,0.4894477446104749,2.5904573396043458,13.942887306213379,89.26671600341797,-350.0,0.0,0.0,0.0,-0.0489320549083529,-0.2648604463261084,0.9630444423672152,-0.015574309236024528,-0.9638798921502814,-0.26588154204491615,0.9986806771407298,-0.028008882167921176,0.04303960531228051,0.0,0.0,0.0
0.01,1.2994465026094175,2.174451192964931,0.4894477446104749,2.5904573396043458,13.942789077758789,89.26673889160156,-349.9995422363281,-0.029017766937613487,0.008014954626560211,0.09186598658561707,-0.04901737895229777,-0.26559445649957153,0.9628379309298859,-0.015542498892360201,-0.9636771718798033,-0.26661721460911847,0.9986769884646524,-0.028033784518701393,0.04310892757574933,-0.22706401348114014,0.0270532239228487,-0.002350590657442808
0.02,1.2994465026094175,2.174451192964931,0.4894477446104749,2.5904573396043458,13.942224502563477,89.26689910888672,-349.9981689453125,-0.08496236801147461,0.023572195321321487,0.18742075562477112,-0.049510442083286636,-0.26983680851757286,0.9616323688883232,-0.015357449132356232,-0.962493655363257,-0.2708691790175152,0.9986555286388116,-0.02817907298912374,0.043509481318547434,-0.6650434136390686,0.07927163690328598,-0.00687355687841773
0.03,1.2994465026094175,2.174451192964931,0.4894477446104749,2.5904573396043458,13.941078186035156,89.26721954345703,-349.9958190917969,-0.14454372227191925,0.04051080718636513,0.2827722132205963,-0.050513283436580556,-0.2784648789784834,0.9591171562285571,-0.014973648143414342,-0.9600240390615349,-0.2795167871260219,0.9986111345552547,-0.028480793519057662,0.044324331272923914,-1.1322681903839111,0.13503463566303253,-0.011661957018077374
0.04,0.9206546760385655,1.723129645318799,2.817505911718091,2.8754969038113103,13.939332962036133,89.26771545410156,-349.9925231933594,-0.2044420838356018,0.058216094970703125,0.3780348300933838,-0.05203487398144462,-0.29156348342109495,0.9551351250085466,-0.014372233349033786,-0.9561131382746227,-0.2926450165767611,0.9985418422871902,-0.028955171455350925,0.04556080824233839,-1.6034389734268188,0.19136659801006317,-0.016425320878624916
0.05,0.9206546760385655,1.723129645318799,2.817505911718091,2.8754969038113103,13.93696403503418,89.26840209960938,-349.98828125,-0.27193525433540344,0.07930386811494827,0.47282645106315613,-0.05331938641019003,-0.3085747567910714,0.9497045132588199,-0.013785850006446748,-0.9507392815454098,-0.3096849509842508,0.9984823450479435,-0.029604695537181647,0.04643886981516869,-1.9137321710586548,0.011408459395170212,-0.017394086346030235
0.06,0.9206546760385655,1.723129645318799,2.817505911718091,2.8754969038113103,13.93387508392334,89.2693099975586,-349.9830627441406,-0.346248984336853,0.1040264368057251,0.5672563314437866,-0.05153919681375992,-0.32749437457541475,0.9434464191533353,-0.014220443734598437,-0.9443655122786971,-0.32859025883094173,0.9985697222386546,-0.030351504741150614,0.044014724674411844,-2.074209690093994,-0.3881791830062866,-0.01516532339155674
0.07,0.9206546760385655,1.723129645318799,2.817505911718091,2.8754969038113103,13.930037498474121,89.2704849243164,-349.9768981933594,-0.42104095220565796,0.13060739636421204,0.6619132161140442,-0.04583121859549978,-0.34766037031197095,0.9364997417600254,-0.01613524776573494,-0.937104917579464,-0.3486746724784068,0.9988188790674661,-0.031090840498916944,0.0373390741111914,-2.213960647583008,-0.8182380795478821,-0.012936730869114399
0.08,3.538124562710105,2.671205407038102,1.2508692005184223,2.311519429018201,13.925455093383789,89.27193450927734,-349.9698181152344,-0.49538129568099976,0.15885499119758606,0.7571784257888794,-0.03613528882793214,-0.36895351881959193,0.9287451436491944,-0.01974879607541838,-0.928906971570198,-0.36978618581804124,0.9991517532161435,-0.03170392907707739,0.026279933907492743,-2.3509371280670166,-1.252456784248352,-0.011207287199795246
0.09,3.538124562710105,2.671205407038102,1.2508692005184223,2.311519429018201,13.920111656188965,89.27367401123047,-349.9617614746094,-0.5751814246177673,0.1913120001554489,0.8532615900039673,-0.023714167857259553,-0.3911640148359534,0.9200154084254544,-0.024731640394337062,-0.9197630191719804,-0.3916941849543444,0.9994128197127765,-0.03204219188914728,0.012137286875416261,-2.4367005825042725,-1.2960047721862793,-0.015065179206430912
0.1,3.538124562710105,2.671205407038102,1.2508692005184223,2.311519429018201,13.913936614990234,89.27577209472656,-349.9527587890625,-0.6598080992698669,0.2280791997909546,0.9504339098930359,-0.013151199930302185,-0.4136562424756248,0.9103381564019715,-0.0291633565023961,-0.9098709068797339,-0.41386523344123083,0.9994881412892838,-0.03199134062207151,-9.771026161754792e-05,-2.4752097129821777,-0.9761012196540833,-0.023495424538850784
0.11,2.355335085433758,0.19142892703518954,1.7903158765762213,1.5290124398682021,13.906915664672852,89.27825164794922,-349.9427490234375,-0.744258463382721,0.2672402560710907,1.0486005544662476,-0.0058594320476408925,-0.4362089991813101,0.8998263032882063,-0.03227140024522246,-0.8992905588058101,-0.4361594290726115,0.9994619671514728,-0.031594301321181434,-0.00880774328274037,-2.507164716720581,-0.6055923700332642,-0.032143812626600266
0.12,2.355335085433758,0.19142892703518954,1.7903158765762213,1.5290124398682021,13.89910888671875,89.28109741210938,-349.9317932128906,-0.8117141723632812,0.30049729347229004,1.1472296714782715,-0.001261315739006598,-0.45817341128751193,0.8888619320635635,-0.03416177660342956,-0.888324081371133,-0.4579446467373868,0.9994155202426586,-0.030942715544971938,-0.014531560576863257,-2.338371992111206,-0.4629032611846924,-0.04042277857661247
0.13,2.355335085433758,0.19142892703518954,1.7903158765762213,1.5290124398682021,13.890727996826172,89.28424072265625,-349.9198303222656,-0.8635436296463013,0.3276556432247162,1.2459851503372192,0.0033170622249139026,-0.47731575816101157,0.8787255909038809,-0.036083074873700244,-0.8782153146852896,-0.4769023723571486,0.9993432887681064,-0.030125206445703462,-0.020136115085804263,-1.9838837385177612,-0.537367045879364,-0.048577431589365005
0.14,2.355335085433758,0.19142892703518954,1.7903158765762213,1.5290124398682021,13.881845474243164,89.28765106201172,-349.9068603515625,-0.9127493500709534,0.35474923253059387,1.344994068145752,0.008720273411536337,-0.4930028864458099,0.8699839715694353,-0.038480178810888055,-0.8695380798340039,-0.49236450273885046,0.9992213131585566,-0.0291835857065805,-0.026553449022613553,-1.603724718093872,-0.6419715881347656,-0.05671972408890724
0.15,3.3709618867542503,0.4610876389771854,3.0085518303959438,2.3702023376084465,13.872475624084473,89.29133605957031,-349.89288330078125,-0.9611912965774536,0.38248908519744873,1.4443280696868896,0.015054719550974049,-0.5052299818876766,0.8628534179227778,-0.04142653319071324,-0.8625254145367429,-0.5043151312681575,0.9990281266145817,-0.028152702889743503,-0.033915004835051596,-1.220188856124878,-0.7507368326187134,-0.06482426077127457
0.16,3.3709618867542503,0.4610876389771854,3.0085518303959438,2.3702023376084465,13.862580299377441,89.29533386230469,-349.87799072265625,-1.0224242210388184,0.4186244606971741,1.5446195602416992,0.022486753239776988,-0.5138152751432666,0.8576060919549156,-0.04502248954402796,-0.8574731594517843,-0.5125551250890321,0.9987328578573911,-0.027085860688274732,-0.042415030199023776,-0.7506352663040161,-0.9133756756782532,-0.07355252653360367
0.17,3.3709618867542503,0.4610876389771854,3.0085518303959438,2.3702023376084465,13.851993560791016,89.29973602294922,-349.862060546875,-1.0955337285995483,0.4625468850135803,1.6461175680160522,0.03160637163714434,-0.517888611773692,0.8548639792780209,-0.049595857994781806,-0.8550503118204753,-0.5161678168245956,0.9982691461433114,-0.026083520675435262,-0.05271016797049679,-0.20164012908935547,-1.125780701637268,-0.08276394754648209
0.18,2.9018299451520226,3.684436128801086,0.24028358789414464,3.556525246889005,13.840665817260742,89.3045883178711,-349.8451232910156,-1.1701148748397827,0.5076453685760498,1.7485765218734741,0.04261659959027425,-0.5171898550375986,0.8548090308867531,-0.05522302385967631,-0.8554977453644795,-0.514853401768004,0.9975641548668215,-0.02526383823728831,-0.06501919256930427,0.35812851786613464,-1.3454736471176147,-0.09176333993673325
0.19,2.9018299451520226,3.684436128801086,0.24028358789414464,3.556525246889005,13.828574180603027,89.30989837646484,-349.8271179199219,-1.2495287656784058,0.5553795695304871,1.8524693250656128,0.05471518961871996,-0.5133538441506186,0.8564310122366953,-0.061348350802787305,-0.8578237754409582,-0.5102692917881684,0.9966155868130732,-0.024621149120283403,-0.07842940224960987,0.3356921076774597,-1.2686630487442017,-0.10099688172340393
0.2,2.9018299451520226,3.684436128801086,0.24028358789414464,3.556525246889005,13.81566047668457,89.3156967163086,-349.80804443359375,-1.3332939147949219,0.6052871346473694,1.9578523635864258,0.06467132800166417,-0.5127117361616638,0.8561216589577636,-0.0660355843512263,-0.8582359181174957,-0.5089895975876237,0.995719298263267,-0.023617460809992913,-0.08936047566455316,-0.22838923335075378,-0.9150229096412659,-0.11095255613327026
0.21,2.9018299451520226,3.684436128801086,0.24028358789414464,3.556525246889005,13.801907539367676,89.32200622558594,-349.7879638671875,-1.4174569845199585,0.6555410027503967,2.0641534328460693,0.0714214899144192,-0.5172972270536546,0.8528203501681959,-0.06871403586443428,-0.8555243096279895,-0.5131827519614949,0.9950765558757908,-0.021948451383905054,-0.09664840106397317,-0.8672967553138733,-0.5223565101623535,-0.12122904509305954
0.22,2.51760178108416,3.6201558589563514,3.8536926764279666,2.4761543546465035,13.787313461303711,89.32881927490234,-349.7667541503906,-1.5011953115463257,0.7063853144645691,2.1709558963775635,0.07483023817823953,-0.5273262370276055,0.8463613148038449,-0.06930624874307623,-0.8494387991733229,-0.5231160199651179,0.9947849412507963,-0.019513231441469825,-0.10011071101216312,-1.5159611701965332,-0.12364403903484344,-0.13152335584163666
0.23,2.51760178108416,3.6201558589563514,3.8536926764279666,2.4761543546465035,13.771860122680664,89.33616638183594,-349.7445373535156,-1.592195749282837,0.7634111046791077,2.278836727142334,0.07547961274788043,-0.5417779441688708,0.8371257296676421,-0.06813625074473234,-0.8403606489739165,-0.5377280269714322,0.9948167064308285,-0.01645110538201594,-0.10034481420496441,-1.8318653106689453,0.07178673148155212,-0.13200362026691437
0.24,2.51760178108416,3.6201558589563514,3.8536926764279666,2.4761543546465035,13.755452156066895,89.34410858154297,-349.72119140625,-1.689493179321289,0.8268256187438965,2.387467384338379,0.07552249504016761,-0.5570157354284553,0.827060954965234,-0.0666341603246238,-0.8303949030654227,-0.5531764579596636,0.9949151930796615,-0.01333324596879365,-0.09982977076601679,-1.837859869003296,0.07719652354717255,-0.12347602844238281
0.25,2.51760178108416,3.6201558589563514,3.8536926764279666,2.4761543546465035,13.73807144165039,89.35271453857422,-349.69677734375,-1.786508560180664,0.892669677734375,2.496020555496216,0.0756385025559155,-0.5718897598378783,0.8168359195846328,-0.06527777340256952,-0.8202653156762897,-0.5682460947495193,0.9949962960889359,-0.010339946375624631,-0.09937533033025678,-1.8009124994277954,0.05604322999715805,-0.11372081935405731
0.26,1.6919992027885224,1.6958913427194047,0.8497258548489299,2.784235233580162,13.719724655151367,89.36197662353516,-349.6712951660156,-1.8823257684707642,0.9603134393692017,2.6043944358825684,0.07591279843173343,-0.5862534125309866,0.8065631923972454,-0.06413980956076348,-0.8100930833493155,-0.5827823617261492,0.9950494117699744,-0.007492169603793952,-0.09909861518132324,-1.7581754922866821,0.03110208548605442,-0.1038215383887291
0.27,1.6919992027885224,1.6958913427194047,0.8497258548489299,2.784235233580162,13.700494766235352,89.37187957763672,-349.6446838378906,-1.9567456245422363,1.0148601531982422,2.7101175785064697,0.07637920335101858,-0.600543632937556,0.7959356520684481,-0.06322059521856088,-0.7995781499513259,-0.597225199117239,0.995072546920914,-0.004703940749712421,-0.0990378680391927,-1.8835690021514893,0.001847403822466731,-0.10238345712423325
0.28,1.6919992027885224,1.6958913427194047,0.8497258548489299,2.784235233580162,13.680646896362305,89.38224029541016,-349.6170654296875,-2.0115833282470703,1.0568064451217651,2.813417434692383,0.07713325610889654,-0.6164219434013314,0.7836290247913009,-0.06247118404721602,-0.7874142860199005,-0.6132504328049917,0.9950617126418735,-0.0016522303400387517,-0.099244436464344,-2.165761709213257,-0.030632931739091873,-0.108831025660038
0.29,2.3419700471943186,0.005865856281233383,1.2354115748733543,3.702410719969418,13.660273551940918,89.39301300048828,-349.58843994140625,-2.062918186187744,1.0979002714157104,2.916306734085083,0.07820132204733243,-0.6343251338637443,0.7691008892068664,-0.0618849767270242,-0.773064345066444,-0.6313016458417371,0.9950149762116877,0.0017728326861801147,-0.0997098499583754,-2.4697296619415283,-0.06313887238502502,-0.11640973389148712
0.3,2.3419700471943186,0.005865856281233383,1.2354115748733543,3.702410719969418,13.63939094543457,89.40420532226562,-349.55877685546875,-2.1137497425079346,1.140708327293396,3.0192031860351562,0.07999900537090111,-0.653833528024913,0.7523974194334812,-0.0618080586289092,-0.756617934315091,-0.6509293858486416,0.9948768381202729,0.005569479621998219,-0.1009408632247034,-2.638826847076416,-0.2561672329902649,-0.12975971400737762
0.31,2.3419700471943186,0.005865856281233383,1.2354115748733543,3.702410719969418,13.618000984191895,89.41583251953125,-349.5281066894531,-2.16414213180542,1.1855136156082153,3.122225761413574,0.08406486654924741,-0.6735174385745233,0.7343754885261831,-0.06357185156529177,-0.7391078600271034,-0.6705804880360864,0.9944303484410646,0.009686649687507598,-0.10494975425037342,-2.680624008178711,-0.5982003808021545,-0.14865069091320038
0.32,2.3419700471943186,0.005865856281233383,1.2354115748733543,3.702410719969418,13.596113204956055,89.42791748046875,-349.4963684082031,-2.2132928371429443,1.2317187786102295,3.225480318069458,0.09078945386785177,-0.6929032076076854,0.715291842504413,-0.0677174047563619,-0.7208911125247628,-0.6897320907249951,0.993565110176198,0.014182692614258696,-0.1123709173708624,-2.7053287029266357,-0.9604147672653198,-0.16876691579818726
0.33,1.1655600664152455,3.5127202880008133,3.5897239860990275,1.554516328260604,13.573741912841797,89.44046783447266,-349.46356201171875,-2.2610206604003906,1.2791950702667236,3.329176187515259,0.10010075541151453,-0.7118940437644019,0.6951163278321207,-0.07443658874504372,-0.7020256271746932,-0.7082508122451963,0.992189010734369,0.019154353101758337,-0.123264259764166,-2.7284226417541504,-1.3248364925384521,-0.18951326608657837
0.34,1.1655600664152455,3.5127202880008133,3.5897239860990275,1.554516328260604,13.550873756408691,89.45352935791016,-349.42974853515625,-2.315213680267334,1.3362318277359009,3.435035467147827,0.11147858714965841,-0.7304775064846039,0.6737767709910694,-0.08355292757638616,-0.6824917948101801,-0.7261018236516105,0.9902481673300545,0.02464878367820389,-0.1371167552221607,-2.765789270401001,-1.5432871580123901,-0.19314183294773102
0.35,1.1655600664152455,3.5127202880008133,3.5897239860990275,1.554516328260604,13.527422904968262,89.46721649169922,-349.39483642578125,-2.3747754096984863,1.402503252029419,3.5433547496795654,0.12338656664998045,-0.7487481292917955,0.6512695248914745,-0.09396554401018314,-0.6621509024217923,-0.7434558890484873,0.9878999097627251,0.030535574401720667,-0.15205705174952178,-2.816110134124756,-1.6263662576675415,-0.18064658343791962
0.36,3.9704036403145206,3.571714130806467,0.6500907993213687,0.6065471180372519,13.503382682800293,89.48158264160156,-349.3588562011719,-2.4330620765686035,1.4713695049285889,3.6530652046203613,0.13530894469855234,-0.7666987878022666,0.6275862158039313,-0.10531160905178755,-0.6409522128537927,-0.7603221197865742,0.985190821355684,0.03678626945425334,-0.16746885052496033,-2.8681154251098633,-1.6909468173980713,-0.16603349149227142
0.37,3.9704036403145206,3.571714130806467,0.6500907993213687,0.6065471180372519,13.478780746459961,89.49662780761719,-349.32177734375,-2.486182689666748,1.5382229089736938,3.7631890773773193,0.1462107237754009,-0.7841610960148746,0.6030868923710941,-0.11632704227685337,-0.6190373687800159,-0.7766986257803175,0.9823901686642595,0.04340635380523111,-0.18172904270133194,-2.8625078201293945,-1.289570689201355,-0.16012147068977356
0.38,3.9704036403145206,3.571714130806467,0.6500907993213687,0.6065471180372519,13.453675270080566,89.51233673095703,-349.2835998535156,-2.53440260887146,1.6030353307724,3.8734090328216553,0.15272883422845127,-0.8006727946630299,0.5793073269705056,-0.12227952060542319,-0.5969901736421799,-0.7928748018541062,0.9806740651387322,0.050257421951129366,-0.18908349875941052,-2.8024189472198486,-0.4572034478187561,-0.16158565878868103
0.39,3.9704036403145206,3.571714130806467,0.6500907993213687,0.6065471180372519,13.4281005859375,89.52869415283203,-349.24432373046875,-2.580200672149658,1.6686487197875977,3.9837429523468018,0.15412991193872178,-0.8161478014313258,0.5569081939283848,-0.12141775477131678,-0.5750165621529113,-0.8090819995996326,0.9805619302583873,0.05708519482896268,-0.1877220856992728,-2.7335522174835205,0.43489012122154236,-0.16290554404258728
0.4,3.9225033632000406,0.05020049451740484,0.25757797972449065,1.1465288768103752,13.402077674865723,89.54571533203125,-349.20391845703125,-2.624051332473755,1.735491156578064,4.093596458435059,0.1506545075002259,-0.8306404700727776,0.5360406970064304,-0.11325543381940578,-0.5531613001427397,-0.8253397983465793,0.9820776069538715,0.06363163915591974,-0.17741079002723653,-2.6622512340545654,1.3349663019180298,-0.16309493780136108
0.41,3.9225033632000406,0.05020049451740484,0.25757797972449065,1.1465288768103752,13.375652313232422,89.56336212158203,-349.1624755859375,-2.6578822135925293,1.7905423641204834,4.199638366699219,0.14310393935693208,-0.8438803871017813,0.5170949185647409,-0.09818413437141765,-0.5319998864501094,-0.8410326964956871,0.9848254354444057,0.06958457502937804,-0.15898694480905648,-2.395556926727295,1.9807054996490479,-0.17068861424922943
0.42,3.9225033632000406,0.05020049451740484,0.25757797972449065,1.1465288768103752,13.348945617675781,89.58148956298828,-349.1199951171875,-2.6830029487609863,1.8343110084533691,4.302077293395996,0.1334689731020099,-0.8547180244078367,0.5016404409250308,-0.07867126754816467,-0.5137092891147154,-0.8543498100541831,0.987925536101512,0.0745645024768366,-0.13580600166753232,-1.947659969329834,2.3891265392303467,-0.1858789026737213
0.43,1.8111904108122612,3.3106197639790693,3.9084099891157322,2.048896994545027,13.32199764251709,89.60005187988281,-349.0765075683594,-2.7064197063446045,1.8770432472229004,4.403010845184326,0.12236557621811625,-0.8629559136650848,0.49023846934656923,-0.0555247431805157,-0.4991291778778749,-0.8647468223044792,0.9909307082998015,0.07859487808639515,-0.10899163494066191,-1.4737069606781006,2.7641406059265137,-0.20233438909053802
0.44,1.8111904108122612,3.3106197639790693,3.9084099891157322,2.048896994545027,13.294776916503906,89.61911010742188,-349.0320129394531,-2.742004871368408,1.9428315162658691,4.505061149597168,0.1101914846577759,-0.8690470292892893,0.4823018739258398,-0.02956937401736942,-0.4879085235220333,-0.8723937899794856,0.9934704267511623,0.08186900242467215,-0.0794605412318149,-1.195624828338623,2.900273084640503,-0.20371337234973907
0.45,1.8111904108122612,3.3106197639790693,3.9084099891157322,2.048896994545027,13.26712417602539,89.63896942138672,-348.9864807128906,-2.788757562637329,2.03039288520813,4.606681823730469,0.09819736416813413,-0.8743216788840886,0.4753092461795159,-0.0035331553771612567,-0.4779208775350897,-0.878395783021054,0.9951606877703278,0.08457680917011817,-0.05001968479598545,-1.1032065153121948,2.81819224357605,-0.19089412689208984
0.46,1.8111904108122612,3.3106197639790693,3.9084099891157322,2.048896994545027,13.238995552062988,89.65972137451172,-348.93994140625,-2.836435556411743,2.1214728355407715,4.705520153045654,0.08676960562009028,-0.879198759011329,0.4684875427302986,0.021671470317919106,-0.4684840876129258,-0.8832060954430423,0.9959926620787896,0.0867882584594471,-0.02159664971199604,-1.037087082862854,2.705622434616089,-0.17624512314796448
0.47,0.4293251232750687,1.1093809515499744,3.0654949308167225,0.5184403970571858,13.210393905639648,89.681396484375,-348.89239501953125,-2.8836417198181152,2.213409185409546,4.801445007324219,0.07594409253375783,-0.8837404565648819,0.4617740792202595,0.04588793421908405,-0.4595232052953546,-0.8869795495321123,0.9960556170728266,0.08855071555655492,0.005654951113233275,-0.9750368595123291,2.588693618774414,-0.16148021817207336
0.48,0.4293251232750687,1.1093809515499744,3.0654949308167225,0.5184403970571858,13.181367874145508,89.70391845703125,-348.84393310546875,-2.9176480770111084,2.281428575515747,4.895064353942871,0.06583584688527053,-0.8877860831000899,0.4555233385005644,0.06881855001531484,-0.4513869101176038,-0.8896706494811842,0.9954544934042386,0.08992067631130662,0.03137871146220603,-0.799068033695221,2.387840509414673,-0.14713235199451447
0.49,0.4293251232750687,1.1093809515499744,3.0654949308167225,0.5184403970571858,13.152077674865723,89.72696685791016,-348.7945251464844,-2.9397010803222656,2.3270325660705566,4.987691402435303,0.05688456342631945,-0.8906949362716818,0.45102846577991257,0.08948584461439302,-0.4453929788458647,-0.8908520516945875,0.9943623233296028,0.09103639324353685,0.05436860351123943,-0.517036497592926,2.109283924102783,-0.13342009484767914
0.5,0.4293251232750687,1.1093809515499744,3.0654949308167225,0.5184403970571858,13.122577667236328,89.75045013427734,-348.74420166015625,-2.9600331783294678,2.3695735931396484,5.079435348510742,0.049178532585180956,-0.8922888241607172,0.44877848233917533,0.10755008575223962,-0.4419787094824446,-0.8905547705890521,0.992982603567381,0.09206234106364031,0.07422987518801155,-0.22085411846637726,1.8195496797561646,-0.12014686316251755
0.51,2.993301533279062,0.4326294057745809,0.6912198848528512,4.1645166303759495,13.092876434326172,89.77436065673828,-348.6929626464844,-2.9801318645477295,2.4116837978363037,5.1703410148620605,0.04268334955983083,-0.8925600419113875,0.448903890887009,0.12294684252897464,-0.44120579138510996,-0.8889440497356369,0.9914949347235763,0.09313442559752694,0.09090529789902185,0.07675303518772125,1.5279791355133057,-0.10720337927341461
0.52,2.993301533279062,0.4326294057745809,0.6912198848528512,4.1645166303759495,13.062952041625977,89.7987289428711,-348.64080810546875,-3.0068089962005615,2.4665491580963135,5.259092807769775,0.037356010709812926,-0.8918229415050059,0.45083962721704895,0.13581329719777036,-0.4424375239952485,-0.8864557437713539,0.9900299373090284,0.09434446653785888,0.10459371331761952,0.16210095584392548,1.2782295942306519,-0.11221510916948318
0.53,2.993301533279062,0.4326294057745809,0.6912198848528512,4.1645166303759495,13.032719612121582,89.82373046875,-348.5877990722656,-3.0396900177001953,2.5331878662109375,5.345573425292969,0.03315538780948393,-0.8912773504304903,0.4522448505719085,0.14673202457373807,-0.44324974593938044,-0.8843072857831529,0.9886204697575782,0.09567835353035636,0.11608281286230754,0.05039461329579353,1.067734956741333,-0.13369038701057434
0.54,0.992854841840799,2.363869198063189,2.95072919618596,3.4404191116197547,13.002154350280762,89.84940338134766,-348.5339050292969,-3.07348370552063,2.6012980937957764,5.430957794189453,0.03008535539340143,-0.8913148820867307,0.45238551298817004,0.15590410822871198,-0.4428667158742552,-0.8829286386838755,0.9873139219256775,0.09709198185982554,0.12563584930372587,-0.08866024762392044,0.8628384470939636,-0.15737506747245789
0.55,0.992854841840799,2.363869198063189,2.95072919618596,3.4404191116197547,12.971240997314453,89.87576293945312,-348.47918701171875,-3.1103947162628174,2.675452470779419,5.514678955078125,0.028284313157900615,-0.892099386258974,0.45095308255465766,0.16302226981648793,-0.4409768791649624,-0.8825888802754147,0.986216881407465,0.09847881537819309,0.13295933870413826,-0.3039501905441284,0.5487281680107117,-0.16804544627666473
0.56,0.992854841840799,2.363869198063189,2.95072919618596,3.4404191116197547,12.93993854522705,89.90290069580078,-348.42364501953125,-3.1499154567718506,2.7551169395446777,5.5969367027282715,0.028236947969754927,-0.89404576462724,0.4470848303414549,0.16678945844582665,-0.43677913397313917,-0.8839713030845644,0.9855881245838454,0.09952968842395088,0.1367840992276883,-0.5875317454338074,0.1327524185180664,-0.16642484068870544
0.57,0.992854841840799,2.363869198063189,2.95072919618596,3.4404191116197547,12.908242225646973,89.93086242675781,-348.36724853515625,-3.189332962036133,2.835653066635132,5.678714275360107,0.030074214769057694,-0.8972557472072389,0.4404857156703316,0.16677875952203797,-0.4300028649084128,-0.8872893448829687,0.9855355838214646,0.10014819156698185,0.1367112019826768,-0.8811978101730347,-0.29695966839790344,-0.16320766508579254
0.58,4.118795537230422,0.6826524327165142,1.9292814598744965,0.6262381830611644,12.876153945922852,89.95962524414062,-348.31005859375,-3.228032112121582,2.9165570735931396,5.760443687438965,0.03375878065973084,-0.9016883409245073,0.43106667763720447,0.1629041483997224,-0.42057994386363085,-0.8925103636674627,0.9860641881553804,0.10035261162757297,0.13269050522549122,-1.176816463470459,-0.7281519174575806,-0.16000127792358398
0.59,4.118795537230422,0.6826524327165142,1.9292814598744965,0.6262381830611644,12.84369945526123,89.98917388916016,-348.2520446777344,-3.261017322540283,2.9880449771881104,5.843891620635986,0.0387067023932528,-0.9065511254855038,0.42031755622482214,0.1562075378505886,-0.4099719107179056,-0.8986224109941653,0.9869655497070285,0.10043948079951426,0.1257414585100194,-0.9694722294807434,-0.7966832518577576,-0.1627802550792694
0.6,4.118795537230422,0.6826524327165142,1.9292814598744965,0.6262381830611644,12.810948371887207,90.01937103271484,-348.19317626953125,-3.28883695602417,3.050699234008789,5.9289937019348145,0.04301909063512016,-0.9091694175383068,0.4141984162861845,0.15083766799044096,-0.40391949947758743,-0.9022732600808809,0.9876220713188486,0.10129169835100665,0.11976074519238694,-0.29414740204811096,-0.5290603637695312,-0.17067505419254303
0.61,3.540381007554309,2.7590140971165975,4.012410159337823,3.678336440694495,12.777925491333008,90.05018615722656,-348.1334533691406,-3.315683364868164,3.112161874771118,6.014470100402832,0.046154832720148864,-0.9087824944240787,0.41470966861760566,0.1481716490485555,-0.40433138498719157,-0.9025304945167065,0.9878840487804257,0.10310435947470248,0.11599395338768548,0.4465116262435913,-0.21589183807373047,-0.17906273901462555
0.62,3.540381007554309,2.7590140971165975,4.012410159337823,3.678336440694495,12.74459171295166,90.08169555664062,-348.0728759765625,-3.3552608489990234,3.200777530670166,6.096487522125244,0.04839537440085656,-0.905651666061281,0.4212516439101774,0.1476454562523286,-0.410626328189876,-0.8997704361921113,0.9878556103928562,0.10574061829650089,0.11384293854970134,0.9198243618011475,-0.14743255078792572,-0.18426285684108734
0.63,3.540381007554309,2.7590140971165975,4.012410159337823,3.678336440694495,12.710783004760742,90.11427307128906,-348.01153564453125,-3.407419443130493,3.314328670501709,6.175264835357666,0.05102180800161485,-0.9011509894422639,0.43049235688392323,0.1464116996248902,-0.41964711223920825,-0.8958012700383073,0.9879070752460464,0.10873451805439732,0.11052789359379236,1.1373242139816284,-0.31080180406570435,-0.18640665709972382
0.64,3.540381007554309,2.7590140971165975,4.012410159337823,3.678336440694495,12.676435470581055,90.14799499511719,-347.9493713378906,-3.462340831756592,3.4306180477142334,6.253784656524658,0.0544832300101053,-0.8956944615436124,0.4413196225047834,0.1435634448579282,-0.43035721232641955,-0.8911690115231555,0.9881402304066923,0.11191113152288146,0.10514173145368005,1.3190191984176636,-0.5066178441047668,-0.18799491226673126
0.65,2.992599526082867,0.5972555701050184,2.6919855110863518,1.8844416140912477,12.641530990600586,90.1828842163086,-347.8864440917969,-3.518773317337036,3.5464680194854736,6.332671165466309,0.05888338002701529,-0.8892901996435836,0.45353686550761185,0.13899664447734056,-0.4425957559854059,-0.8858831354121981,0.9885406822081902,0.11520389577432927,0.09754681961900966,1.4955445528030396,-0.7071191072463989,-0.18934185802936554
0.66,2.992599526082867,0.5972555701050184,2.6919855110863518,1.8844416140912477,12.606096267700195,90.21884155273438,-347.82269287109375,-3.5643744468688965,3.6377007961273193,6.414729595184326,0.06424917389007001,-0.8816345950692096,0.46753875179667614,0.13280466519331335,-0.4567857274694241,-0.8796077080625888,0.9890576143771076,0.11860539598761644,0.08773708158632365,1.8303526639938354,-0.8808560967445374,-0.1926315277814865
0.67,2.992599526082867,0.5972555701050184,2.6919855110863518,1.8844416140912477,12.57027530670166,90.25556182861328,-347.75811767578125,-3.599651336669922,3.706101655960083,6.499619960784912,0.07051159592379205,-0.8716544409758281,0.48502231945282276,0.1253438350609214,-0.4746362489335193,-0.8712114291092252,0.989604485566077,0.12222506586389931,0.07578915108420922,2.3127124309539795,-1.029731035232544,-0.19760215282440186
0.68,3.6579969362769438,3.2020327130755306,3.6712999273138487,3.574942906374795,12.534104347229004,90.2929458618164,-347.69268798828125,-3.6345341205596924,3.770475387573242,6.585343360900879,0.07770930381019683,-0.8587981144977592,0.5063862780886027,0.11676581377618284,-0.49658667153549185,-0.8600973330888121,0.9901146442884884,0.12596617080944672,0.061688856182336355,2.815251350402832,-1.1760997772216797,-0.2024071365594864
0.69,3.6579969362769438,3.2020327130755306,3.6712999273138487,3.574942906374795,12.49753189086914,90.33103942871094,-347.6264343261719,-3.6847968101501465,3.856505870819092,6.670236587524414,0.08585310095730159,-0.8430715522696351,0.530904513834346,0.10726057456619054,-0.5219537164286366,-0.8462029821798462,0.9905172457861326,0.12959427325311207,0.04561699398526475,3.1179797649383545,-1.2817236185073853,-0.20442399382591248
0.7,3.6579969362769438,3.2020327130755306,3.6712999273138487,3.574942906374795,12.460360527038574,90.37013244628906,-347.5592956542969,-3.7508420944213867,3.9619264602661133,6.755122661590576,0.0947151158618782,-0.8255978354141185,0.5562528750368785,0.09731567413826164,-0.5484100028943066,-0.8305276204272091,0.9907364464852835,0.13279564332081317,0.028400892956467305,3.2330172061920166,-1.3493860960006714,-0.20399470627307892
0.71,3.6579969362769438,3.2020327130755306,3.6712999273138487,3.574942906374795,12.422500610351562,90.4102783203125,-347.4913330078125,-3.821741819381714,4.067652702331543,6.8414764404296875,0.10423387090142586,-0.8067424763337383,0.581637238350342,0.08710922325053305,-0.5751699008022454,-0.813382793299578,0.9907306815586129,0.13544800511651278,0.010322525290036272,3.321927309036255,-1.4118927717208862,-0.2030814290046692
0.72,0.07180362651758841,2.3559774104913456,1.7402586219443166,2.053135816844132,12.383914947509766,90.45147705078125,-347.4224853515625,-3.895860433578491,4.170876502990723,6.929516315460205,0.11442355685609826,-0.7865241636488323,0.606866533624078,0.07669874013492656,-0.602061163594232,-0.7947576099373157,0.9904668358396026,0.13748489112649598,-0.008564567345831026,3.4072072505950928,-1.4738202095031738,-0.2019529789686203
0.73,0.07180362651758841,2.3559774104913456,1.7402586219443166,2.053135816844132,12.344648361206055,90.49359893798828,-347.35272216796875,-3.9505081176757812,4.242570400238037,7.018710613250732,0.1254343858430491,-0.7654271889174245,0.6311793986769104,0.06594202812643252,-0.6283649473797241,-0.7751187920770913,0.9899080077334205,0.1388477992999736,-0.02834475003954652,3.2515339851379395,-1.6028743982315063,-0.1961914598941803
0.74,0.07180362651758841,2.3559774104913456,1.7402586219443166,2.053135816844132,12.304963111877441,90.53624725341797,-347.2821044921875,-3.9857285022735596,4.285911560058594,7.10811710357666,0.13777559772722694,-0.7454884609060846,0.6521233313774188,0.054178454074310545,-0.6517441144329014,-0.7565013578416044,0.9889805760403101,0.13955846071790373,-0.0494050225890664,2.8723456859588623,-1.7935903072357178,-0.18623973429203033
0.75,0.07180362651758841,2.3559774104913456,1.7402586219443166,2.053135816844132,12.26494026184082,90.57931518554688,-347.2105712890625,-4.018805980682373,4.324152946472168,7.197965621948242,0.1516203305426885,-0.7275995388840661,0.669036760112492,0.04122310393535411,-0.6716185019396896,-0.7397494464710482,0.9875788227114133,0.13974082749140104,-0.07183710784794736,2.4620063304901123,-1.9919602870941162,-0.1757897138595581
0.76,0.7621263858161539,2.527443246492941,1.994184047363394,1.5642560083719539,12.22458553314209,90.62273406982422,-347.1381530761719,-4.05202054977417,4.360541343688965,7.2883992195129395,0.16698358862841545,-0.7120942565530756,0.6819371312026489,0.02707193288580867,-0.6880759208266062,-0.7251335308951339,0.9855879420825938,0.13954675547192247,-0.09561961858665342,2.0473296642303467,-2.190528392791748,-0.16543447971343994
0.77,0.7621263858161539,2.527443246492941,1.994184047363394,1.5642560083719539,12.183891296386719,90.6665267944336,-347.0648193359375,-4.087443828582764,4.397667407989502,7.3797807693481445,0.18366585593228818,-0.6989589105952243,0.6911752995182895,0.011912858519032066,-0.7015022031759233,-0.7125677109869848,0.9829165463896542,0.13910823210314688,-0.12051540397215417,1.7283059358596802,-2.313072443008423,-0.1548880934715271
0.78,0.7621263858161539,2.527443246492941,1.994184047363394,1.5642560083719539,12.142830848693848,90.71070098876953,-346.9905700683594,-4.124795913696289,4.435460090637207,7.472209453582764,0.20096486393910912,-0.6874796338303759,0.6978430171108596,-0.003575389079540414,-0.7128866217227767,-0.7012701912683987,0.9795919252703471,0.13843560827019502,-0.14572317011373254,1.4987635612487793,-2.365067481994629,-0.1441887766122818
0.79,0.7612671591339342,3.179755339637286,3.813282362794082,0.6477525118705041,12.101393699645996,90.7552490234375,-346.9153747558594,-4.162338733673096,4.472311973571777,7.565456390380859,0.21862249460934788,-0.6774560014577113,0.70232298192478,-0.01918751581828021,-0.7225789901264295,-0.6910220273367502,0.9756208505805464,0.13759712612114589,-0.17097071911790204,1.2817946672439575,-2.406883716583252,-0.13367508351802826
0.8,0.7612671591339342,3.179755339637286,3.813282362794082,0.6477525118705041,12.059566497802734,90.80016326904297,-346.8392333984375,-4.2047224044799805,4.512949466705322,7.660755157470703,0.23659374822314655,-0.6685301066520928,0.7050467323528732,-0.0349638352559557,-0.73103702888027,-0.6814414080682959,0.9709793656540374,0.13657363913160114,-0.19633316726532601,1.2256659269332886,-2.4642560482025146,-0.1168377622961998
0.81,0.7612671591339342,3.179755339637286,3.813282362794082,0.6477525118705041,12.017285346984863,90.84551239013672,-346.76214599609375,-4.251457691192627,4.556849479675293,7.75825834274292,0.2549519795514637,-0.6593172359871273,0.7073190725924793,-0.0510984735620863,-0.7396565693520532,-0.6710418060106065,0.9656026274417521,0.13494051187336725,-0.2222670108966665,1.3178174495697021,-2.5372610092163086,-0.09387381374835968
0.82,0.7612671591339342,3.179755339637286,3.813282362794082,0.6477525118705041,11.974536895751953,90.89130401611328,-346.68408203125,-4.2984724044799805,4.599936008453369,7.857007026672363,0.27372813625265346,-0.6493682818944062,0.7095024608083861,-0.06761770161794739,-0.7488437936686042,-0.6592881154032119,0.9594273051417469,0.1324907813907047,-0.24888840671056878,1.4309883117675781,-2.6122655868530273,-0.06987924873828888
0.83,2.0249421412316706,0.6126665627239055,3.798123401820643,0.8965456574463344,11.931318283081055,90.93750762939453,-346.60498046875,-4.3451762199401855,4.641533374786377,7.956860542297363,0.2929285117641446,-0.6386238393171741,0.7115844846899315,-0.0844795687194636,-0.7586070170335003,-0.646048447236357,0.9523949230569306,0.12913165980241537,-0.27616829103294316,1.547500729560852,-2.6873154640197754,-0.04555497691035271
0.84,2.0249421412316706,0.6126665627239055,3.798123401820643,0.8965456574463344,11.887645721435547,90.98412322998047,-346.5248718261719,-4.387966632843018,4.678285598754883,8.056390762329102,0.3128270268013105,-0.6264168823735059,0.7139615821457829,-0.1018296625271336,-0.7694754273530581,-0.63050637310771,0.9443357300940499,0.12453696711131923,-0.3045005298689181,1.937162160873413,-2.8677456378936768,-0.02869843877851963
0.85,2.0249421412316706,0.6126665627239055,3.798123401820643,0.8965456574463344,11.843568801879883,91.03106689453125,-346.44384765625,-4.427116870880127,4.7102861404418945,8.155547142028809,0.3344806836181175,-0.6102168314898095,0.7181629974127701,-0.12028976534476563,-0.7834667034590536,-0.6096804875705839,0.9346940914757396,0.11753868783316043,-0.3354573180343527,2.5800397396087646,-3.146165132522583,-0.018059734255075455
0.86,3.3736426926339043,3.8566483033698713,2.025653727594465,2.349565484516365,11.799108505249023,91.07832336425781,-346.36181640625,-4.4655327796936035,4.739662170410156,8.255526542663574,0.3582939843158896,-0.5891271267198789,0.7242614509732137,-0.13982051026881415,-0.8008764397929935,-0.5822775567482126,0.9230794362952808,0.10735994014193218,-0.3693212660293301,3.258277177810669,-3.4380476474761963,-0.006938696373254061
0.87,3.3736426926339043,3.8566483033698713,2.025653727594465,2.349565484516365,11.754216194152832,91.12589263916016,-346.2787170410156,-4.517983913421631,4.77741003036499,8.36419677734375,0.3835695684864246,-0.5638739610797059,0.7313826236296708,-0.15945421365684903,-0.8205006156873992,-0.5489563674862286,0.9096420943855965,0.09394091586141551,-0.4046311461675986,3.5507726669311523,-3.394003391265869,0.0028301088605076075
0.88,3.3736426926339043,3.8566483033698713,2.025653727594465,2.349565484516365,11.708710670471191,91.17388916015625,-346.1944885253906,-4.583698749542236,4.821320533752441,8.482078552246094,0.40721572697293773,-0.5379977024636422,0.7380608537578351,-0.17665413607133723,-0.8392324059570826,-0.5142784119524912,0.8960851900990171,0.07904075490105775,-0.43678815362813983,3.481119155883789,-3.0364503860473633,0.009917914867401123
0.89,3.3736426926339043,3.8566483033698713,2.025653727594465,2.349565484516365,11.66253662109375,91.22230529785156,-346.1090393066406,-4.651290416717529,4.862136363983154,8.603128433227539,0.4281721455280131,-0.5126865322612567,0.7441915972596478,-0.19087792028490055,-0.8562249686834992,-0.48004627126002397,0.8833086851954133,0.06349269753970718,-0.46447222093197593,3.3613674640655518,-2.635244846343994,0.01580493152141571
0.9,3.351621200571581,3.814856122402633,2.1887313265099646,4.011663361110176,11.615684509277344,91.2711181640625,-346.0223693847656,-4.719175815582275,4.898805141448975,8.726096153259277,0.44624699934009027,-0.4881247469765635,0.750065228476185,-0.20231459682604125,-0.8714737884514284,-0.44676866491869316,0.8717410277663212,0.0476200318267532,-0.4876473244853673,3.234891653060913,-2.2279863357543945,0.02074943669140339
0.91,3.351621200571581,3.814856122402633,2.1887313265099646,4.011663361110176,11.568131446838379,91.3202896118164,-345.9344787597656,-4.79327392578125,4.934872150421143,8.854500770568848,0.46170809634334875,-0.464633874544386,0.7556063766253382,-0.21141858950847145,-0.884930040923002,-0.4149710865617775,0.8614684055618345,0.03184627604423343,-0.5068116029856312,2.9945976734161377,-1.9496413469314575,0.021948976442217827
0.92,3.351621200571581,3.814856122402633,2.1887313265099646,4.011663361110176,11.519800186157227,91.36981201171875,-345.84527587890625,-4.873115062713623,4.969900608062744,8.987918853759766,0.4757647464621636,-0.443329017560107,0.7596757783508591,-0.2190824019104506,-0.8961955425969984,-0.3857932744390698,0.8518513997153149,0.017115245206014595,-0.5235038311078507,2.6492373943328857,-1.7917993068695068,0.019794443622231483
0.93,3.351621200571581,3.814856122402633,2.1887313265099646,4.011663361110176,11.470666885375977,91.41967010498047,-345.75469970703125,-4.953641891479492,5.001343250274658,9.122941970825195,0.4887812435248124,-0.4246238557619695,0.7620941392611391,-0.22566045783809321,-0.9053616759045982,-0.3597187701128754,0.8427159982738197,0.003849275393591145,-0.5383446194885801,2.2892396450042725,-1.6507995128631592,0.016716618090867996
0.94,2.3693982876177673,3.10038071688256,0.40097596355330817,3.379526620253591,11.420729637145996,91.4698257446289,-345.6628112792969,-5.0339741706848145,5.0292487144470215,9.258893966674805,0.5007800936781391,-0.40861868048344463,0.7630531251070812,-0.2313031455301232,-0.9126721732851927,-0.33693969635344845,0.8340972081499763,-0.00776389534009489,-0.5515628425533786,1.9271870851516724,-1.512190580368042,0.01309908926486969
0.95,2.3693982876177673,3.10038071688256,0.40097596355330817,3.379526620253591,11.370039939880371,91.52022552490234,-345.569580078125,-5.099416732788086,5.047828197479248,9.384984970092773,0.5116212456257078,-0.3956280924140969,0.7627070954941891,-0.23606779986485082,-0.9182463836609563,-0.31795529994095806,0.826145081018684,-0.017377899365535382,-0.5631894119408437,1.4561376571655273,-1.324349284172058,0.007300442550331354
0.96,2.3693982876177673,3.10038071688256,0.40097596355330817,3.379526620253591,11.3187837600708,91.57076263427734,-345.47515869140625,-5.150943279266357,5.0586628913879395,9.501509666442871,0.5208174726290153,-0.3867093750607724,0.7610552013122515,-0.2398565028757764,-0.9218876002284762,-0.3042895176853516,0.8192789624007976,-0.024064741533789707,-0.5728899283303768,0.8840145468711853,-1.090533971786499,-0.0006216094479896128
0.97,4.122110231447839,3.3022169184910517,2.142531508716136,1.8467945061142117,11.267027854919434,91.62139129638672,-345.3795471191406,-5.200024127960205,5.067409992218018,9.616633415222168,0.5282108894390463,-0.38219047354126723,0.7582372308270768,-0.242724028878316,-0.9236762985019691,-0.29649138501949746,0.8136819415982453,-0.02743241731972229,-0.5806626907223389,0.29780566692352295,-0.8503693342208862,-0.009217323735356331
0.98,4.122110231447839,3.3022169184910517,2.142531508716136,1.8467945061142117,11.214761734008789,91.67211151123047,-345.2828063964844,-5.255677223205566,5.078171253204346,9.737123489379883,0.5334771147897024,-0.3811597120624707,0.7550625417116847,-0.24464223433502055,-0.9240828831969827,-0.29363412976342007,0.8096618708913148,-0.028073098917051814,-0.5862248339519318,0.07796522229909897,-0.4894007742404938,-0.014810125343501568
0.99,4.122110231447839,3.3022169184910517,2.142531508716136,1.8467945061142117,11.161896705627441,91.72296142578125,-345.184814453125,-5.317542552947998,5.091100692749023,9.862516403198242,0.5354702431012512,-0.3800909733155623,0.7541899434208308,-0.24524292587466967,-0.9245034978439723,-0.29180334093819393,0.8081630566052365,-0.028707742479844117,-0.5882587351329283,0.20003972947597504,-0.016897257417440414,-0.017375856637954712
1.0,4.122110231447839,3.3022169184910517,2.142531508716136,1.8467945061142117,11.108409881591797,91.77394104003906,-345.0855712890625,-5.379940986633301,5.103952407836914,9.987902641296387,0.5338275908588908,-0.3778502319847429,0.7564769034325299,-0.24441362059225058,-0.9253732573385705,-0.28973490758207177,0.8094998982747191,-0.03022477116009817,-0.5863415198513062,0.36960530281066895,0.4710597097873688,-0.019565362483263016
1.01,3.699234293377926,2.8884628039505964,2.0247921438666405,2.587123060954623,11.05429744720459,91.82504272460938,-344.9850769042969,-5.442460536956787,5.116440773010254,10.112338066101074,0.5284685649514544,-0.3742674538236389,0.7620005569988262,-0.24215725461171855,-0.9267431418709944,-0.2872403401926578,0.8136835010598815,-0.03272647251765465,-0.5803861973716169,0.5456966161727905,0.9610704183578491,-0.02183261141180992
1.02,3.699234293377926,2.8884628039505964,2.0247921438666405,2.587123060954623,10.999561309814453,91.87626647949219,-344.8833312988281,-5.504665374755859,5.128275394439697,10.234886169433594,0.5195715057870821,-0.3694551375981516,0.77042089254931,-0.2385879444176196,-0.9285487764269319,-0.2843817198320297,0.820439664541348,-0.036056498698279885,-0.5705950277989652,0.6565837264060974,1.351060152053833,-0.025925246998667717
1.03,3.699234293377926,2.8884628039505964,2.0247921438666405,2.587123060954623,10.944204330444336,91.92760467529297,-344.7803649902344,-5.566937446594238,5.1395263671875,10.355359077453613,0.5080289908768334,-0.36401120692531075,0.7806422904643617,-0.23407155217696005,-0.930549197175107,-0.28158249252791373,0.8289252396266715,-0.039674083096430945,-0.557950637816933,0.7062509059906006,1.6479138135910034,-0.03169470652937889
1.04,2.621486706392809,0.8732486861058133,2.2405461286787203,0.2240116726624935,10.888219833374023,91.97905731201172,-344.67620849609375,-5.630113124847412,5.150492191314697,10.474053382873535,0.49407499361649654,-0.35811925876701645,0.7922376519599542,-0.22873151210863454,-0.9326672340866815,-0.2789511172761218,0.8387918669439735,-0.04338694459467997,-0.5427207173006958,0.7475899457931519,1.9317874908447266,-0.03782019764184952
1.05,2.621486706392809,0.8732486861058133,2.2405461286787203,0.2240116726624935,10.83166217803955,92.03060150146484,-344.5709228515625,-5.675280570983887,5.154601573944092,10.57804012298584,0.4778347939285561,-0.3510710237003743,0.8052471956046949,-0.22266810023014766,-0.9351368055143915,-0.27556863412267407,0.8497604526283578,-0.0476265817617699,-0.5250132206511929,1.0564031600952148,2.148855209350586,-0.04105699062347412
1.06,2.621486706392809,0.8732486861058133,2.2405461286787203,0.2240116726624935,10.774763107299805,92.08214569091797,-344.4646911621094,-5.703685760498047,5.152498245239258,10.669078826904297,0.4598675210986918,-0.34006940978972217,0.8202893755034342,-0.21621360623307334,-0.9388422765536772,-0.2680053287440338,0.8612627586969226,-0.054110777861514345,-0.5052707038815809,1.6145150661468506,2.3051366806030273,-0.041993748396635056
1.07,2.621486706392809,0.8732486861058133,2.2405461286787203,0.2240116726624935,10.717591285705566,92.1336441040039,-344.3575744628906,-5.730846881866455,5.14944314956665,10.757866859436035,0.44029182189440574,-0.324041599772127,0.8373411211627109,-0.2095805732386132,-0.9439309907983389,-0.25508874520731195,0.8730515992161514,-0.06317694379745882,-0.4835179199145916,2.2072789669036865,2.45275616645813,-0.04335861653089523
1.08,3.640225201656928,1.1817737528611532,1.3173616929476248,1.310597485355263,10.660143852233887,92.18514251708984,-344.2495422363281,-5.759155750274658,5.145983695983887,10.845959663391113,0.4190450905529593,-0.3026269215456059,0.8560479883974332,-0.2029410956311467,-0.9501854237094477,-0.23656409760174357,0.8849949851764654,-0.0745962929771125,-0.4595859759463738,2.804827928543091,2.5989444255828857,-0.045611388981342316
1.09,3.640225201656928,1.1817737528611532,1.3173616929476248,1.310597485355263,10.602384567260742,92.23656463623047,-344.140625,-5.795051097869873,5.14355993270874,10.936739921569824,0.39581457455655916,-0.2758301905530564,0.8759272393002028,-0.19640724642291765,-0.957182253266563,-0.21266482451057217,0.8970813876796114,-0.08786262010098345,-0.4330417345566278,3.30399489402771,2.8245904445648193,-0.054111234843730927
1.1,3.640225201656928,1.1817737528611532,1.3173616929476248,1.310597485355263,10.544219017028809,92.2879867553711,-344.0307922363281,-5.8385396003723145,5.141608715057373,11.029780387878418,0.3696278873879657,-0.24448456716877756,0.8964387995180736,-0.18991225118176427,-0.9642753444716687,-0.18467917287858732,0.9095650398493689,-0.1019821379474865,-0.4028536729675877,3.7115705013275146,3.123873233795166,-0.06859216839075089
1.11,3.2686865884430114,0.5288447431110838,0.6489800171113019,3.400330624452365,10.485602378845215,92.33940887451172,-343.9200439453125,-5.885125637054443,5.138660907745361,11.122570037841797,0.34007299209388714,-0.20875717155910525,0.9169355502819998,-0.1836341473491326,-0.9710202944774569,-0.15296433453674926,0.9222954298789887,-0.11636163902058008,-0.3685527221291089,4.107054233551025,3.432640314102173,-0.0850035697221756
1.12,3.2686865884430114,0.5288447431110838,0.6489800171113019,3.400330624452365,10.42650032043457,92.39076232910156,-343.808349609375,-5.935976028442383,5.134674072265625,11.21544361114502,0.3075259786192962,-0.1691388089491102,0.9363865845800659,-0.17791484192056994,-0.9769413156139093,-0.11803378698890604,0.9347588360099213,-0.13029861531819992,-0.3305271385946047,4.312573432922363,3.5737016201019287,-0.10850799083709717
1.13,3.2686865884430114,0.5288447431110838,0.6489800171113019,3.400330624452365,10.36686897277832,92.44209289550781,-343.69573974609375,-5.990922451019287,5.129401683807373,11.308192253112793,0.273972037134397,-0.12783929531071453,0.9532032508562317,-0.17313973723870518,-0.9814887514348047,-0.08186856659219083,0.946024288407724,-0.142607662421792,-0.29103453465396767,4.343204975128174,3.557600259780884,-0.1377384513616562
1.14,3.2686865884430114,0.5288447431110838,0.6489800171113019,3.400330624452365,10.306673049926758,92.49335479736328,-343.5821838378906,-6.048443794250488,5.122559547424316,11.400264739990234,0.2401510530893886,-0.08569844247338995,0.9669453183389908,-0.16938800672815782,-0.9845130349695634,-0.04518613893308542,0.9558426517354824,-0.1529374412387418,-0.25094813047844605,4.350436687469482,3.5185844898223877,-0.16768446564674377
1.15,1.9405611799238178,0.3293901519080986,0.8458350975188136,1.8466073930768447,10.245891571044922,92.5445327758789,-343.46771240234375,-6.108129501342773,5.114081859588623,11.491584777832031,0.20625740531299241,-0.04295915567588465,0.977554291943505,-0.1666529178383969,-0.9859817987189827,-0.008166858075675937,0.9642015804433743,-0.16122780014158478,-0.21052531613087466,4.3553385734558105,3.475362777709961,-0.19764773547649384
1.16,1.9405611799238178,0.3293901519080986,0.8458350975188136,1.8466073930768447,10.184547424316406,92.59561920166016,-343.35235595703125,-6.156708240509033,5.104052543640137,11.57958984375,0.1724472516209488,0.0003713623237410618,0.9850186838321424,-0.1649346256391669,-0.9858707797315784,0.02924679361430596,0.9711119990370058,-0.16750721704295146,-0.16994945591226981,4.408147811889648,3.41874623298645,-0.22202464938163757
1.17,1.9405611799238178,0.3293901519080986,0.8458350975188136,1.8466073930768447,10.122787475585938,92.64661407470703,-343.2361145019531,-6.19477653503418,5.093233108520508,11.66537094116211,0.13897242696922787,0.04472848952166495,0.9892856143538087,-0.16428491197888725,-0.984095761397999,0.0675721843259611,0.9765741816361784,-0.1719153705274857,-0.12941396036759475,4.505579948425293,3.3500869274139404,-0.24126623570919037
1.18,1.9405611799238178,0.3293901519080986,0.8458350975188136,1.8466073930768447,10.060652732849121,92.6974868774414,-343.1190185546875,-6.232532978057861,5.081698894500732,11.751205444335938,0.10598653857771818,0.09015551452970948,0.9902721024244784,-0.16470988035563405,-0.9805323146645336,0.10689731152767157,0.980631178860608,-0.17443727554194,-0.08907372198330281,4.6095733642578125,3.2788443565368652,-0.2598094046115875
1.19,1.1195296498580727,1.6356841938624804,3.226321594647184,1.1333910282536281,9.998135566711426,92.74825286865234,-343.0010986328125,-6.271224021911621,5.069311618804932,11.837274551391602,0.07359896616327023,0.13652197496082324,0.987899257279048,-0.16619285015205199,-0.9750554579814569,0.14712848269084272,0.9833428337757061,-0.17501029744951685,-0.04907409753216284,4.714807510375977,3.2062923908233643,-0.27826306223869324
1.2,1.1195296498580727,1.6356841938624804,3.226321594647184,1.1333910282536281,9.935193061828613,92.79887390136719,-342.8822937011719,-6.3205695152282715,5.05429744720459,11.923794746398926,0.04218293965764855,0.18390275087364175,0.9820388881418833,-0.1686952459572478,-0.9674906192296806,0.18842456234257987,0.9847652073429802,-0.17361359371799306,-0.009788078619463264,4.894162654876709,3.051405191421509,-0.28665682673454285
1.21,1.1195296498580727,1.6356841938624804,3.226321594647184,1.1333910282536281,9.871694564819336,92.84931945800781,-342.76263427734375,-6.379495143890381,5.035928249359131,12.009974479675293,0.012865924532211852,0.23301411322453883,0.9723882408915243,-0.1720962099170499,-0.9574412001394517,0.23170939300708784,0.984996123098014,-0.17032548638917247,0.027782479518100915,5.141597747802734,2.8203213214874268,-0.2855765223503113
1.22,2.4934520696292215,4.034796556989716,3.8275660903740953,0.3291125287006654,9.807599067687988,92.89957427978516,-342.64208984375,-6.439798831939697,5.015072345733643,12.09529972076416,-0.013946450396365405,0.28390797702307524,0.9587501014883945,-0.1762462339879047,-0.9445287681642694,0.2771329484474351,0.984247307096353,-0.16511107380413031,0.06321053536258472,5.397824764251709,2.5781607627868652,-0.28293752670288086
1.23,2.4934520696292215,4.034796556989716,3.8275660903740953,0.3291125287006654,9.74284553527832,92.94959259033203,-342.5207214355469,-6.515624046325684,4.98677396774292,12.178383827209473,-0.03902277960636549,0.33643282048867645,0.9408986023848831,-0.18128631470795104,-0.9283732350712673,0.3244355228746053,0.9826558373975103,-0.15791166423460556,0.0972183703178284,5.6838154792785645,2.6073224544525146,-0.27536264061927795
1.24,2.4934520696292215,4.034796556989716,3.8275660903740953,0.3291125287006654,9.67724609375,92.99928283691406,-342.3985290527344,-6.604763507843018,4.949915885925293,12.258206367492676,-0.06549940123064288,0.39059614686367095,0.9182289902272097,-0.1883783024553033,-0.9084987436187358,0.3730196348816468,0.979909916064985,-0.14854185571222814,0.13308596281757915,5.997189998626709,2.889880657196045,-0.26440155506134033
1.25,2.4934520696292215,4.034796556989716,3.8275660903740953,0.3291125287006654,9.610751152038574,93.04857635498047,-342.2755432128906,-6.693946838378906,4.907839775085449,12.335105895996094,-0.09414665719331275,0.4460696598604133,0.8900327328201701,-0.19818540151894687,-0.8845078468916587,0.4223368506439573,0.9756325914831355,-0.13662989182129096,0.1716779516909602,6.314816474914551,3.2074010372161865,-0.2542838454246521
1.26,1.2399870093707863,1.5404680454479927,1.1901402313006602,2.888375152891001,9.543374061584473,93.09741973876953,-342.1518249511719,-6.780727386474609,4.860956192016602,12.408721923828125,-0.12473998044050041,0.5023307137351413,0.8556306395390751,-0.21108243816248287,-0.8560604915421893,0.4718099608104163,0.969476220223624,-0.12175503627730794,0.2128181607899717,6.633461952209473,3.529482126235962,-0.24569420516490936
1.27,1.2399870093707863,1.5404680454479927,1.1901402313006602,2.888375152891001,9.475196838378906,93.14580535888672,-342.0273742675781,-6.849298477172852,4.817921161651611,12.48258113861084,-0.1561819882502856,0.5579110781622815,0.8150720308107672,-0.2269108680978804,-0.8233945652794722,0.5201277225906105,0.9613108989735079,-0.10371412021527895,0.2551954873870552,6.650589466094971,3.599705696105957,-0.25074052810668945
1.28,1.2399870093707863,1.5404680454479927,1.1901402313006602,2.888375152891001,9.406438827514648,93.19379425048828,-341.9021911621094,-6.901094436645508,4.779502868652344,12.557114601135254,-0.1856480087906634,0.6092449609164803,0.7709444820672487,-0.24394249220073833,-0.7885972202102547,0.564452376003106,0.9518544412518936,-0.08327665864175657,0.2950222377965937,6.387386798858643,3.435354471206665,-0.26673322916030884
1.29,0.9658389083926073,3.4932179630258413,3.649231557578715,4.022042822280527,9.337190628051758,93.24139404296875,-341.7762451171875,-6.947799205780029,4.739269733428955,12.629141807556152,-0.21236219163703401,0.6553645928649079,0.7248445005531384,-0.2613306756182244,-0.7528345331849237,0.6041079734825225,0.9415989472933993,-0.061134409813550394,0.3311404632368428,6.0853424072265625,3.2382404804229736,-0.283169686794281
1.3,0.9658389083926073,3.4932179630258413,3.649231557578715,4.022042822280527,9.267437934875488,93.28852844238281,-341.6496276855469,-7.007742404937744,4.681316375732422,12.689606666564941,-0.23602459538281478,0.6961740059627157,0.677963231891084,-0.278441743031636,-0.7168714714146588,0.6391912774821689,0.9310008518319861,-0.03790840135916124,0.3630432026557029,5.708978652954102,2.905217409133911,-0.2916802167892456
1.31,0.9658389083926073,3.4932179630258413,3.649231557578715,4.022042822280527,9.19700813293457,93.33495330810547,-341.5224914550781,-7.077907562255859,4.605477333068848,12.737920761108398,-0.25568568060648944,0.7314246052711406,0.6321731404739943,-0.2939438116556515,-0.6817673965082066,0.6699180939844578,0.9209896135799487,-0.01453491872623125,0.38931589720364457,5.266914367675781,2.450347900390625,-0.2920168340206146
1.32,0.9658389083926073,3.4932179630258413,3.649231557578715,4.022042822280527,9.12589168548584,93.38060760498047,-341.3948974609375,-7.144206523895264,4.5238165855407715,12.78096866607666,-0.27139390480706155,0.7614341290587687,0.5886963695642176,-0.3071441584800876,-0.6481892893599525,0.6967877087539636,0.9121446235905435,0.008289286070219504,0.4097846671012858,4.814530849456787,1.979772925376892,-0.28958794474601746
1.33,2.1751079604590062,3.476264251717547,1.989075371111742,0.6371794719707067,9.054140090942383,93.4254150390625,-341.2668762207031,-7.2050862312316895,4.4384965896606445,12.820390701293945,-0.2835469307729383,0.7867163524449778,0.5483416078002071,-0.3176783326499517,-0.6165824697437947,0.7203516745100198,0.9048102646488895,0.03005725869589909,0.42475280597742343,4.359530448913574,1.5083131790161133,-0.28534820675849915
1.34,2.1751079604590062,3.476264251717547,1.989075371111742,0.6371794719707067,8.98183822631836,93.46939849853516,-341.13848876953125,-7.251319408416748,4.36311674118042,12.864638328552246,-0.29330146792062417,0.808183320732363,0.5106994899210471,-0.32633582752367674,-0.5867439458530462,0.7411048978918131,0.8985984512506375,0.050707613775528626,0.43583203337426635,4.128652572631836,1.4665881395339966,-0.2789842188358307
1.35,2.1751079604590062,3.476264251717547,1.989075371111742,0.6371794719707067,8.909152030944824,93.51270294189453,-341.00958251953125,-7.284802436828613,4.297660827636719,12.913713455200195,-0.3035803544350827,0.8275796068807556,0.4721768341163755,-0.33703351688135064,-0.5567968593741128,0.7592006756383403,0.8912055749935912,0.07133899120549747,0.44795465332344087,4.107501983642578,1.8236359357833862,-0.27207720279693604
1.36,2.920202179798801,2.4943804516310073,2.9415001679766872,0.20376103114442878,8.83615779876709,93.55535125732422,-340.8802185058594,-7.313172817230225,4.232117176055908,12.96126937866211,-0.3149855554196789,0.8453315181474663,0.4315075020245376,-0.3511426963806947,-0.526185454031328,0.774485425779169,0.8817499116276972,0.09243101423410383,0.4625728061097012,4.116302967071533,2.23620343208313,-0.26589643955230713
1.37,2.920202179798801,2.4943804516310073,2.9415001679766872,0.20376103114442878,8.762901306152344,93.59733581542969,-340.7503662109375,-7.3376593589782715,4.164174556732178,13.005374908447266,-0.32717904916874896,0.8617089557843219,0.38782927340020007,-0.36876908752037985,-0.49430748223361476,0.7871908746277814,0.8700363382493976,0.11453291460954967,0.479498677366916,4.367676258087158,2.6043055057525635,-0.26133766770362854
1.38,2.920202179798801,2.4943804516310073,2.9415001679766872,0.20376103114442878,8.689421653747559,93.63863372802734,-340.6201171875,-7.357776165008545,4.0937676429748535,13.045446395874023,-0.33948578783074795,0.8775504822669923,0.33860677922024207,-0.3894641681208669,-0.45881969425648234,0.7986251623335627,0.8561933552713765,0.13924668482717079,0.49753723393710453,4.8411784172058105,2.924340009689331,-0.25870341062545776
1.39,2.920202179798801,2.4943804516310073,2.9415001679766872,0.20376103114442878,8.615765571594238,93.67920684814453,-340.4894714355469,-7.372389316558838,4.021681785583496,13.08149528503418,-0.3513459314059403,0.8924892468667189,0.28287626395964977,-0.41309528270249735,-0.4189159190371471,0.8086171777709195,0.8401835060827108,0.16724950524452864,0.515867501498228,5.346128463745117,3.236656904220581,-0.2577207386493683
1.4,2.2446449138724134,4.166312662934515,3.0950784746689046,2.1724210986013834,8.541996002197266,93.71907043457031,-340.3584899902344,-7.380686283111572,3.948072671890259,13.113181114196777,-0.36220388444437945,0.9056677009700776,0.2203959199100025,-0.4396395442004052,-0.37449219053200233,0.8163777743213017,0.8219035328240549,0.19880043926037,0.5338098613562897,5.856020927429199,3.5468199253082275,-0.25849640369415283
1.41,2.2446449138724134,4.166312662934515,3.0950784746689046,2.1724210986013834,8.468168258666992,93.75814056396484,-340.2272644042969,-7.384631633758545,3.861345052719116,13.132428169250488,-0.3714107059929114,0.9159099810959396,0.15219393549903,-0.46882947582871426,-0.32649355643572225,0.820731917376269,0.80140689419796,0.23347561785931648,0.5506687986414249,6.049357891082764,3.7783398628234863,-0.25990989804267883
1.42,2.2446449138724134,4.166312662934515,3.0950784746689046,2.1724210986013834,8.394327163696289,93.79625701904297,-340.095947265625,-7.381965160369873,3.762627363204956,13.139368057250977,-0.3783265152536205,0.9219884717232959,0.08250033857744576,-0.4997277491243043,-0.27844982653928174,0.8202059929404321,0.7791926748957593,0.2690779665999893,0.5660881762404215,5.948002815246582,3.937838315963745,-0.26100578904151917
1.43,2.2446449138724134,4.166312662934515,3.0950784746689046,2.1724210986013834,8.320560455322266,93.83338928222656,-339.96441650390625,-7.369930267333984,3.661903142929077,13.140250205993652,-0.3826465790715752,0.9238039879429059,0.012953277021829246,-0.531877430398259,-0.23172827945431915,0.8144988665026406,0.7554389416476796,0.3047756492273036,0.5800205247060741,5.8061370849609375,4.087627410888672,-0.26219192147254944
1.44,0.47960628099073327,0.18507031956678502,0.4632379990121353,1.8273550374193104,8.24696159362793,93.86949920654297,-339.8329772949219,-7.348345756530762,3.561124086380005,13.136157989501953,-0.38416689318728303,0.9215681161659001,-0.05592857449698152,-0.5650181700773284,-0.18676160088210558,0.8036632204589309,0.7301850900020471,0.34034146338991206,0.5924503545752295,5.659162998199463,4.236367225646973,-0.26350605487823486
1.45,0.47960628099073327,0.18507031956678502,0.4632379990121353,1.8273550374193104,8.173614501953125,93.90472412109375,-339.70159912109375,-7.320847511291504,3.493053436279297,13.15140438079834,-0.3828062914410071,0.9155322941992624,-0.1235312167487147,-0.5983932317574964,-0.1438546436283487,0.7881823276966948,0.7038358355611072,0.37564139785811146,0.6029167909381874,5.506446361541748,4.194718360900879,-0.2734123766422272
1.46,0.47960628099073327,0.18507031956678502,0.4632379990121353,1.8273550374193104,8.10054874420166,93.939453125,-339.5699157714844,-7.291762828826904,3.454704523086548,13.185074806213379,-0.378993825223981,0.9059834250181151,-0.18856753176127578,-0.6299161961500181,-0.10329318546253002,0.7697636674102613,0.6779153828244249,0.4105174191547158,0.6098411123403906,5.348809242248535,3.9758400917053223,-0.2905727028846741
1.47,0.9703148393102157,0.8975669805757948,2.1209596433973994,0.42145558613299994,8.027788162231445,93.97383117675781,-339.4378967285156,-7.259936809539795,3.4203040599823,13.2185697555542,-0.3732269121814108,0.8932829577050981,-0.25049397097966497,-0.6589524142660733,-0.06518644944833996,0.7493546840723907,0.6530569559819747,0.4447429418011609,0.6129602988461866,5.190476417541504,3.7319631576538086,-0.30784761905670166
1.48,0.9703148393102157,0.8975669805757948,2.1209596433973994,0.42145558613299994,7.9553656578063965,94.00785827636719,-339.3055725097656,-7.22336483001709,3.381545305252075,13.245644569396973,-0.3658430961257986,0.8775901221533672,-0.30982964111899924,-0.6856175528444365,-0.02901524717473669,0.7273834522884031,0.6293547491269897,0.47853285459853967,0.6123062198125027,5.248974800109863,3.549675941467285,-0.31814345717430115
1.49,0.9703148393102157,0.8975669805757948,2.1209596433973994,0.42145558613299994,7.883336544036865,94.04145812988281,-339.17303466796875,-7.181774616241455,3.338766574859619,13.266865730285645,-0.35679641942068485,0.858179371567035,-0.3690860080054338,-0.7105386945961184,0.007200255799212185,0.7036212900403664,0.6064907901775776,0.5132994472364394,0.6072006249144866,5.508862018585205,3.4267866611480713,-0.32252833247184753
1.5,0.9703148393102157,0.8975669805757948,2.1209596433973994,0.42145558613299994,7.811740875244141,94.07463073730469,-339.040283203125,-7.136711120605469,3.2961585521698,13.286144256591797,-0.34611016829894004,0.834478458028704,-0.42878135976988985,-0.7338997359572389,0.043900477365111046,0.677837683851385,0.5844646515932116,0.5492890415556747,0.5972291184000275,5.796473026275635,3.3111722469329834,-0.3262622058391571
1.51,0.4058339287107887,1.6008017133273482,1.3230714516311477,2.946500270884984,7.740611553192139,94.10738372802734,-338.90728759765625,-7.088681697845459,3.254481077194214,13.304658889770508,-0.3338851797638106,0.8060920504532612,-0.4886064806468955,-0.7557116665236558,0.08090687727991974,0.6498876474351941,0.5634008908531534,0.5862334717541035,0.5821595595547702,6.087622165679932,3.195549249649048,-0.33004230260849
1.52,0.4058339287107887,1.6008017133273482,1.3230714516311477,2.946500270884984,7.669990539550781,94.13970947265625,-338.77423095703125,-7.033633232116699,3.208587169647217,13.318361282348633,-0.32046204973921394,0.7733169185757638,-0.547069481986911,-0.7757400898757023,0.11719478829133465,0.6200747491689906,0.5436279864361097,0.6230941542350039,0.5623364538437697,6.0283203125,2.969970941543579,-0.3376038670539856
1.53,0.4058339287107887,1.6008017133273482,1.3230714516311477,2.946500270884984,7.599960803985596,94.17154693603516,-338.64093017578125,-6.971590042114258,3.1595349311828613,13.328758239746094,-0.30693882391483795,0.7387091309338625,-0.6000811430537655,-0.7932051238143869,0.14987744213060222,0.5902223173474478,0.5259412418972099,0.6571495813095568,0.5399446618462813,5.642704963684082,2.6432688236236572,-0.34752342104911804
1.54,1.0422963663802745,2.8119891524744993,0.2228552197653155,3.3266637602148346,7.5305681228637695,94.2029037475586,-338.507568359375,-6.906497478485107,3.1119329929351807,13.340551376342773,-0.2940578417379803,0.7038021617345429,-0.6466780519317051,-0.8080338086680205,0.17831964305470924,0.5615010854399961,0.510501077140738,0.6876515266024102,0.516259651918994,5.211030006408691,2.303377866744995,-0.3563636541366577
1.55,1.0422963663802745,2.8119891524744993,0.2228552197653155,3.3266637602148346,7.461848258972168,94.2337875366211,-338.3741760253906,-6.836015224456787,3.063538074493408,13.352124214172363,-0.2819104218349341,0.6698216314589612,-0.6869246655132607,-0.820734772718901,0.20245109697261615,0.5342358900192294,0.4969114075073175,0.7143896243397156,0.49267283030917863,4.615445137023926,2.139362335205078,-0.3656099736690521
1.56,1.0422963663802745,2.8119891524744993,0.2228552197653155,3.3266637602148346,7.393863201141357,94.26417541503906,-338.2405090332031,-6.760652542114258,3.0148332118988037,13.364072799682617,-0.269291282427121,0.6389016083457966,-0.7206156673719432,-0.8326468122374628,0.22152996451434384,0.5075665088370834,0.4839230220598604,0.7367015743674151,0.47232329928241323,3.873187780380249,2.141083002090454,-0.3755294382572174
1.57,1.0422963663802745,2.8119891524744993,0.2228552197653155,3.3266637602148346,7.32664155960083,94.2940902709961,-338.1068420410156,-6.683504581451416,2.9681129455566406,13.378241539001465,-0.25584107457222044,0.612255441739632,-0.748123397991227,-0.8441667701029338,0.2356276219275279,0.4815205998072756,0.4710921447187503,0.7547336602040393,0.4565624747384545,3.1108453273773193,2.1679182052612305,-0.3848489820957184
1.58,2.098527023962687,3.910348242626967,1.731166401917581,3.8474468658774232,7.260196685791016,94.32354736328125,-337.9729309082031,-6.605291366577148,2.9235823154449463,13.394390106201172,-0.2415929016754224,0.590578266190021,-0.7699676495568097,-0.8553425358601738,0.2451296535974594,0.45639960481520647,0.45828159051868633,0.7688489867530411,0.4459251275275759,2.346054792404175,2.200425386428833,-0.39337000250816345
1.59,2.098527023962687,3.910348242626967,1.731166401917581,3.8474468658774232,7.194587707519531,94.3525390625,-337.8389587402344,-6.511367321014404,2.8725826740264893,13.403428077697754,-0.22660527975036726,0.5741794109718565,-0.7867452263631914,-0.8661934068845927,0.2505608333371532,0.43235199856951456,0.4453751554127373,0.7794467735601982,0.4405720124198504,1.6534008979797363,2.244666337966919,-0.3990955650806427
1.6,2.098527023962687,3.910348242626967,1.731166401917581,3.8474468658774232,7.130013942718506,94.3809814453125,-337.7049865722656,-6.4026570320129395,2.8163928985595703,13.405586242675781,-0.21085927336744453,0.5626857560385561,-0.7993266583733286,-0.8767586081663725,0.2527129549349266,0.4091827286362698,0.4322414948164034,0.7870965013004291,0.4400527102512891,1.0280693769454956,2.2994518280029297,-0.40225332975387573
1.61,2.098527023962687,3.910348242626967,1.731166401917581,3.8474468658774232,7.066542625427246,94.40886688232422,-337.5710144042969,-6.291335105895996,2.7619621753692627,13.406990051269531,-0.19439325353816245,0.5560844144233253,-0.8080726372142019,-0.8870422460333548,0.25203112330328914,0.38682860111240963,0.41876881059953497,0.7919914374044392,0.44427721790240515,0.4122941792011261,2.3577816486358643,-0.4044327735900879
1.62,2.8012614977695374,1.2347428143038015,4.052110838825429,2.232727699495926,7.0041890144348145,94.43623352050781,-337.4370422363281,-6.179371356964111,2.7100675106048584,13.407769203186035,-0.17727675561464984,0.5544815897795435,-0.8130947783095729,-0.8970352957674698,0.2488226715667656,0.3652601213679713,0.4048464277551568,0.7941268442194402,0.453279080946784,-0.20194841921329498,2.4186935424804688,-0.40582311153411865
1.63,2.8012614977695374,1.2347428143038015,4.052110838825429,2.232727699495926,6.942939281463623,94.46308898925781,-337.3030700683594,-6.072005271911621,2.66274356842041,13.409923553466797,-0.1600840343461853,0.5564149151707185,-0.8153376871720155,-0.906511229580381,0.24402260817757981,0.3445146692709569,0.3906539294466585,0.7942640674698644,0.4653322453195261,-0.2572518587112427,2.297208070755005,-0.40556666254997253
1.64,2.8012614977695374,1.2347428143038015,4.052110838825429,2.232727699495926,6.882735252380371,94.489501953125,-337.1690368652344,-5.969099044799805,2.6195356845855713,13.413224220275879,-0.14473959725055408,0.5561161416021541,-0.8184041092499967,-0.9147075383866128,0.24019490703070037,0.32498696259268123,0.3773069946428915,0.7956388902548984,0.47391791283670937,0.2055801898241043,2.0035810470581055,-0.4046400785446167
1.65,0.6125126403744646,2.5419466605512526,3.5613956409889282,0.26146808401138305,6.823555946350098,94.51548767089844,-337.0347595214844,-5.866868495941162,2.578648567199707,13.416305541992188,-0.131840908958253,0.5516924920959232,-0.8235613935160219,-0.9215045101641113,0.237960741918911,0.3069269018066077,0.3653045475658129,0.7993810602399782,0.4770141591791019,0.7391425371170044,1.6842172145843506,-0.40408357977867126
1.66,0.6125126403744646,2.5419466605512526,3.5613956409889282,0.26146808401138305,6.765354633331299,94.54109954833984,-336.9004821777344,-5.777441501617432,2.544370651245117,13.427112579345703,-0.12114642916540747,0.5432579249646522,-0.8307793748424255,-0.9271116595223862,0.23711192210618756,0.29024456441552243,0.3546653542117104,0.8053873374707412,0.47493549368695565,1.127303957939148,1.4683765172958374,-0.39429986476898193
1.67,0.6125126403744646,2.5419466605512526,3.5613956409889282,0.26146808401138305,6.707970142364502,94.56639862060547,-336.76617431640625,-5.699889659881592,2.515831708908081,13.445624351501465,-0.11146694417534003,0.5323404896097513,-0.8391595339852023,-0.9319987080603723,0.2370653307084623,0.2741868653854231,0.34489640260520016,0.8126583735482811,0.4697157005805256,1.3729444742202759,1.3520427942276,-0.37578946352005005
1.68,0.6125126403744646,2.5419466605512526,3.5613956409889282,0.26146808401138305,6.651350498199463,94.59142303466797,-336.631591796875,-5.624052047729492,2.489194631576538,13.466299057006836,-0.10242288212168932,0.5194085905053234,-0.8483656460083469,-0.9363311869792237,0.23760173947885987,0.2585136779489587,0.3358473782955056,0.8208289282828019,0.46200260712050334,1.598264217376709,1.249047040939331,-0.35613813996315
1.69,1.2714526705078288,3.5765919594107753,1.0670832578189458,0.27186440646454607,6.595487594604492,94.61618041992188,-336.4967956542969,-5.548511028289795,2.4639554023742676,13.488656997680664,-0.09397307824169637,0.5044806931186707,-0.8582938254678787,-0.9401623251664946,0.23863775609752652,0.2432012000428198,0.32751162254691085,0.8297898840280247,0.45186821691887863,1.8203359842300415,1.1474586725234985,-0.3363827168941498
1.7,1.2714526705078288,3.5765919594107753,1.0670832578189458,0.27186440646454607,6.540369510650635,94.64070129394531,-336.3617858886719,-5.4762187004089355,2.4409091472625732,13.5145263671875,-0.08529714379061787,0.4881500412074078,-0.8685815646963555,-0.9437541639724609,0.23992379267022917,0.2275184645152445,0.31945653107395433,0.8391341436146783,0.4402288197906365,1.8216992616653442,1.3332016468048096,-0.32077643275260925
1.71,1.2714526705078288,3.5765919594107753,1.0670832578189458,0.27186440646454607,6.485954761505127,94.66500854492188,-336.22650146484375,-5.406958103179932,2.419957160949707,13.543731689453125,-0.07324234362756504,0.47282755236100926,-0.8781057253134379,-0.9478957825218748,0.24071879390136391,0.20868168999678738,0.3100470038190731,0.8476370496804453,0.43056043412260486,1.6195263862609863,1.7864421606063843,-0.3092029392719269
1.72,2.8214386646333547,1.8163952705636344,3.5237493690382444,2.9309193971183007,6.432229042053223,94.68911743164062,-336.0909118652344,-5.3382062911987305,2.4005544185638428,13.574645042419434,-0.05673340137639704,0.4593464280555302,-0.8864435572561236,-0.9526306105246067,0.2408108904484052,0.1857553092995236,0.29879130017418526,0.8549917976647916,0.42392544729722,1.3902394771575928,2.2775490283966064,-0.29836007952690125
1.73,2.8214386646333547,1.8163952705636344,3.5237493690382444,2.9309193971183007,6.379257678985596,94.71302032470703,-335.955078125,-5.249540328979492,2.378896951675415,13.597264289855957,-0.03668247155508375,0.4471570550396245,-0.8937029508784788,-0.9574896305909395,0.24032937122755005,0.1595474870883179,0.2861258527142156,0.8615639044514695,0.4193323681221167,1.3955092430114746,2.4080028533935547,-0.29444462060928345
1.74,2.8214386646333547,1.8163952705636344,3.5237493690382444,2.9309193971183007,6.32729434967041,94.7366943359375,-335.8189697265625,-5.142240524291992,2.356379985809326,13.61256217956543,-0.017239319488413007,0.4335948901673676,-0.9009429932489207,-0.9615913618544623,0.2396906305360446,0.13375520341322655,0.27394316686213716,0.8686448485163436,0.41280899757098505,1.6206010580062866,2.198517322540283,-0.2969191074371338
1.75,2.8214386646333547,1.8163952705636344,3.5237493690382444,2.9309193971183007,6.2764201164245605,94.7601547241211,-335.68280029296875,-5.032376766204834,2.336376905441284,13.628713607788086,0.000225330532392376,0.4177594706449773,-0.9085576337869707,-0.9648283146341455,0.23893311941408094,0.10962339042052327,0.26288071916058264,0.8765774290577442,0.40312000491185,1.8755989074707031,1.941175103187561,-0.30034345388412476
1.76,0.3945400618712735,1.9633546609968962,3.282998235108411,2.9135906197527643,6.22664737701416,94.78343200683594,-335.54638671875,-4.922212600708008,2.3191397190093994,13.647334098815918,0.015497783913051233,0.3994877459090506,-0.916607527550527,-0.9673327450889675,0.23798071752630856,0.08736439986805777,0.2530359242724775,0.8853105212038141,0.3901257516153015,2.1340293884277344,1.6766297817230225,-0.30389338731765747
1.77,0.3945400618712735,1.9633546609968962,3.282998235108411,2.9135906197527643,6.1779398918151855,94.80654907226562,-335.4097900390625,-4.822796821594238,2.3054354190826416,13.673555374145508,0.028094207771426183,0.3793771325239469,-0.9248154987929236,-0.9692169502831226,0.23672703210025067,0.06766694582209593,0.24460012014220167,0.8944458080794582,0.37434940581695325,2.178428888320923,1.2715415954589844,-0.3027825951576233
1.78,0.3945400618712735,1.9633546609968962,3.282998235108411,2.9135906197527643,6.130160331726074,94.82955169677734,-335.27288818359375,-4.733513832092285,2.2945005893707275,13.706982612609863,0.03634103284556889,0.35992035286609225,-0.9322749964063528,-0.9705342403476102,0.2350794451844527,0.05292393376023341,0.2382070898285879,0.9028814950172132,0.3578580560933028,2.022885799407959,0.7374730110168457,-0.2968844473361969
1.79,2.1825251637056873,2.3277021385704773,3.447561158034089,3.1270649986128554,6.083264350891113,94.85245513916016,-335.1356506347656,-4.645814895629883,2.285034656524658,13.74388313293457,0.039633179332703605,0.3419633227561699,-0.9388771469076993,-0.9714468293269111,0.2331579105432714,0.043914081361079715,0.2339236390078468,0.9103287728291662,0.34143997491897626,1.8381879329681396,0.18609820306301117,-0.28974997997283936
1.8,2.1825251637056873,2.3277021385704773,3.447561158034089,3.1270649986128554,6.037280082702637,94.87525177001953,-334.998046875,-4.547546863555908,2.275970697402954,13.779780387878418,0.03820804905123648,0.32532315633128267,-0.9448306668087936,-0.9720932035708008,0.23111346478219202,0.040266238560706935,0.23146262886080676,0.9169249753120601,0.3250748238326403,1.7533177137374878,-0.24510979652404785,-0.28483152389526367
1.81,2.1825251637056873,2.3277021385704773,3.447561158034089,3.1270649986128554,5.992343902587891,94.89796447753906,-334.86004638671875,-4.439264297485352,2.266979217529297,13.815235137939453,0.03345095142683274,0.3087791385762986,-0.9505453579018303,-0.9725826686902705,0.22905968766463725,0.040182235506377284,0.2301390588577933,0.9231398068911651,0.3079755031183346,1.7644976377487183,-0.5631539821624756,-0.28218889236450195
1.82,2.1825251637056873,2.3277021385704773,3.447561158034089,3.1270649986128554,5.948498725891113,94.92058563232422,-334.7216796875,-4.3296990394592285,2.258118152618408,13.853553771972656,0.025791888246440853,0.29193073515526435,-0.9560916401540127,-0.9729268041901994,0.2270620109873399,0.043084531500652834,0.22966978945635996,0.9290959525463945,0.28988359521190443,1.7882893085479736,-0.865533173084259,-0.27961429953575134
1.83,0.02964943983371088,2.8279048122066697,2.9096389564375196,1.1103248376046095,5.905747890472412,94.94312286376953,-334.58294677734375,-4.220067501068115,2.2491235733032227,13.89526653289795,0.015263839224873232,0.2747233920303781,-0.9614021391090413,-0.9730898562885247,0.2251784088362601,0.04889596897851911,0.2299198703907417,0.9347843291718647,0.27076763309932617,1.8131225109100342,-1.1658155918121338,-0.27679213881492615
1.84,0.02964943983371088,2.8279048122066697,2.9096389564375196,1.1103248376046095,5.864031791687012,94.96556854248047,-334.4437255859375,-4.1291913986206055,2.240708351135254,13.94556713104248,0.0020553953560589755,0.2574435461765861,-0.9662911548192679,-0.9730136161554572,0.22347643183031848,0.057469880741737644,0.23073854928470627,0.9400963274837387,0.25095540824133716,1.747754454612732,-1.4036798477172852,-0.26577329635620117
1.85,0.02964943983371088,2.8279048122066697,2.9096389564375196,1.1103248376046095,5.823111534118652,94.9879379272461,-334.3039855957031,-4.055859088897705,2.2327983379364014,14.003347396850586,-0.013063191033820143,0.24120548698111605,-0.9703861427752445,-0.9726464009385729,0.22202814194531081,0.06828237639064894,0.23192311609939892,0.9447345750180397,0.23170725276570253,1.5987557172775269,-1.5833169221878052,-0.2472812831401825
1.86,0.02964943983371088,2.8279048122066697,2.9096389564375196,1.1103248376046095,5.782907485961914,95.01022338867188,-334.16363525390625,-3.985170602798462,2.224494695663452,14.064177513122559,-0.02984325373515556,0.2263924740888154,-0.9735788760457185,-0.9719263559849949,0.2208487432013168,0.0811479584963663,0.2333849582732963,0.948668688374579,0.21344596728312265,1.4380760192871094,-1.7542812824249268,-0.22774852812290192
1.87,2.5339914971771105,1.6043705979990224,2.4978095943544134,0.5444157167514508,5.743406772613525,95.03242492675781,-334.0226745605469,-3.9150569438934326,2.215524673461914,14.127336502075195,-0.04824798891172721,0.21308065388916958,-0.9758425930979533,-0.9707784818371465,0.21992997766086073,0.0960205401362545,0.23507715917957356,0.9519597889954475,0.19624293456785685,1.2757877111434937,-1.9235241413116455,-0.2080964744091034
1.88,2.5339914971771105,1.6043705979990224,2.4978095943544134,0.5444157167514508,5.7046098709106445,95.05452728271484,-333.8810729980469,-3.8438942432403564,2.205583333969116,14.192338943481445,-0.06776328675071525,0.20032584088948208,-0.9773830847936043,-0.9691827061067508,0.21933381647260855,0.1121497174992217,0.23683964860710177,0.954862416489141,0.17928956027661652,1.4099993705749512,-1.9368784427642822,-0.19527800381183624
1.89,2.5339914971771105,1.6043705979990224,2.4978095943544134,0.5444157167514508,5.666531085968018,95.07653045654297,-333.73883056640625,-3.7717673778533936,2.1946206092834473,14.259324073791504,-0.08647599869889933,0.18444872416553992,-0.9790304233284746,-0.9673611739070287,0.2194057663923088,0.12678118508287606,0.2381895481885022,0.9580395491980004,0.1594552015653582,1.8200496435165405,-1.8063514232635498,-0.18858656287193298
1.9,0.019685403655244512,2.1995431609046823,0.8451488591852787,3.774315045583666,5.629173278808594,95.09841918945312,-333.5959167480469,-3.699777603149414,2.182891845703125,14.328907012939453,-0.10377145498787232,0.1642469896179194,-0.9809456720589329,-0.965465258808004,0.22033716090558716,0.13902650667717903,0.2389734695829105,0.961495950030741,0.13571005456483026,2.268688201904297,-1.656494379043579,-0.182499498128891
1.91,0.019685403655244512,2.1995431609046823,0.8451488591852787,3.774315045583666,5.592529296875,95.12019348144531,-333.4522399902344,-3.6296303272247314,2.1708197593688965,14.401717185974121,-0.12035778879212367,0.1415539487485487,-0.9825866283797902,-0.9634648338371654,0.22190204335364472,0.14998332278823756,0.23926871219654705,0.9647393237290426,0.1096746124435164,2.1119933128356934,-1.7448242902755737,-0.1797812581062317
1.92,0.019685403655244512,2.1995431609046823,0.8451488591852787,3.774315045583666,5.556575775146484,95.14183044433594,-333.3078308105469,-3.561246871948242,2.1583924293518066,14.477595329284668,-0.13921252235986165,0.12397859415584617,-0.9824709572345358,-0.9608919452516365,0.22292758347242975,0.1642862199871577,0.23938785092132586,0.9669191283237097,0.08809572130918869,1.3882876634597778,-2.0553054809570312,-0.1804763227701187
1.93,0.019685403655244512,2.1995431609046823,0.8451488591852787,3.774315045583666,5.521302700042725,95.16334533691406,-333.1626281738281,-3.493420124053955,2.145124673843384,14.55567455291748,-0.1612632344629119,0.11399886929503827,-0.9803052723565312,-0.9574320918597452,0.22289176496329302,0.18342042031524453,0.23941169287992736,0.9681546978200339,0.0732019289456663,0.585369348526001,-2.3953726291656494,-0.18220464885234833
1.94,1.4527433279401536,0.0318230741543189,0.2578749736419696,0.27964991286031116,5.486705780029297,95.18473052978516,-333.0166931152344,-3.426017999649048,2.1306159496307373,14.635138511657715,-0.18658077943443624,0.11192985205243222,-0.9760426839873135,-0.952825947247579,0.22147165309716493,0.20754040841764504,0.2393957539251525,0.9687218460909868,0.06532731364963801,-0.22885039448738098,-2.738194465637207,-0.1849018931388855
1.95,1.4527433279401536,0.0318230741543189,0.2578749736419696,0.27964991286031116,5.4527082443237305,95.20597076416016,-332.86993408203125,-3.3806536197662354,2.119382381439209,14.716617584228516,-0.21435058641923782,0.11612695494804426,-0.9698290346428198,-0.9469655280778154,0.21864675150360874,0.2354779961890776,0.2393953105932381,0.9688695105076917,0.06310116381298353,-0.5477367043495178,-2.850099563598633,-0.18990342319011688
1.96,1.4527433279401536,0.0318230741543189,0.2578749736419696,0.27964991286031116,5.419032573699951,95.22712707519531,-332.72235107421875,-3.3555729389190674,2.1118931770324707,14.799459457397461,-0.24168227531622893,0.1204047892206404,-0.9628563571637796,-0.9403933652693826,0.2156111123585868,0.2630060204345499,0.2392697146638007,0.9690276234247537,0.061118480711462364,-0.4049268066883087,-2.74808669090271,-0.19620192050933838
1.97,2.6421840721396967,0.9686491280461226,1.4537175571555812,1.6529676863041236,5.3855881690979,95.24820709228516,-332.5739440917969,-3.333437919616699,2.104569673538208,14.882522583007812,-0.26766435902468716,0.12280503729440673,-0.9556540763911506,-0.9334162014209408,0.21291128374160323,0.2887957412781645,0.2389351079954668,0.9693233248357445,0.05763944913488256,-0.1979997754096985,-2.616743803024292,-0.2023821771144867
1.98,2.6421840721396967,0.9686491280461226,1.4537175571555812,1.6529676863041236,5.352431297302246,95.26919555664062,-332.4247131347656,-3.291285276412964,2.090402126312256,14.964577674865723,-0.292286071765154,0.12307212823478941,-0.9483786709452375,-0.9261513670960407,0.21073735558882076,0.3127833310545271,0.23835372344108713,0.9697644137682051,0.05238782597683664,0.023423347622156143,-2.512265920639038,-0.20909985899925232
1.99,2.6421840721396967,0.9686491280461226,1.4537175571555812,1.6529676863041236,5.319817066192627,95.29000091552734,-332.274658203125,-3.2305731773376465,2.0690019130706787,15.046107292175293,-0.3159129703012733,0.12113029109096446,-0.9410241483488323,-0.9185815540516145,0.20922434984279778,0.3353104531460057,0.23750141842007577,0.9703363458167878,0.0451713652148715,0.25135383009910583,-2.4360060691833496,-0.2162870317697525
2.0,2.6421840721396967,0.9686491280461226,1.4537175571555812,1.6529676863041236,5.287825107574463,95.31057739257812,-332.123779296875,-3.1678483486175537,2.045391321182251,15.1283597946167,-0.33867054905790034,0.11698404652790084,-0.9336043016496753,-0.9107377227771325,0.20848285508578884,0.3564992278336666,0.23634521258435282,0.9710044448885059,0.03593478113501175,0.4801786541938782,-2.364100456237793,-0.22329463064670563
2.01,2.2395131157083314,0.09237457005186975,3.10909970923762,3.459599060347198,5.2564592361450195,95.3309097290039,-331.97210693359375,-3.10540771484375,2.0204074382781982,15.211669921875,-0.3605825073821104,0.11066329316758244,-0.9261392394857999,-0.9026760828999791,0.20861081680751045,0.37637403798781505,0.2348534537331317,0.9717176352501835,0.02467169660584309,0.7091137766838074,-2.2932419776916504,-0.23004689812660217
2.02,2.2395131157083314,0.09237457005186975,3.10909970923762,3.459599060347198,5.225745677947998,95.3509750366211,-331.8195495605469,-3.034296751022339,1.9903721809387207,15.296067237854004,-0.3826651500929719,0.10212478884501641,-0.918225413723495,-0.8940217451801397,0.20972616264313704,0.3959040993069424,0.2330075150062335,0.9724121884295489,0.011046888443115743,0.9624934196472168,-2.5492072105407715,-0.23769551515579224
2.03,2.2395131157083314,0.09237457005186975,3.10909970923762,3.459599060347198,5.195796012878418,95.3707046508789,-331.6661682128906,-2.9554433822631836,1.9552021026611328,15.382095336914062,-0.40866375344533035,0.09112773935107404,-0.9081242600771863,-0.8830401704095512,0.21205671580513633,0.4186549972531206,0.23072493160264462,0.9729993239477108,-0.006190438938607129,1.2375675439834595,-3.1088685989379883,-0.2458699643611908
2.04,2.409079848963635,0.5739219754062738,3.1465585800034317,2.9859029614437866,5.166636943817139,95.39008331298828,-331.5119323730469,-2.8765392303466797,1.9175975322723389,15.47037410736084,-0.43960939130256005,0.07766470499964989,-0.894824997793373,-0.8688416249007216,0.21581606145339208,0.4455756484129485,0.22772310800282536,0.9733404446626386,-0.02739643891951052,1.5141723155975342,-3.711320161819458,-0.2533658444881439
2.05,2.409079848963635,0.5739219754062738,3.1465585800034317,2.9859029614437866,5.138263702392578,95.4090576171875,-331.3567810058594,-2.7980263233184814,1.877193570137024,15.561333656311035,-0.4751604303416619,0.061806192411145267,-0.8777257886248776,-0.8510048077894502,0.22125359894520788,0.47627477581017696,0.2236367200545738,0.9732557934753997,-0.05253358839640207,1.8047388792037964,-4.245443344116211,-0.2582891583442688
2.06,2.409079848963635,0.5739219754062738,3.1465585800034317,2.9859029614437866,5.110672473907471,95.42761993408203,-331.20068359375,-2.720452308654785,1.8337390422821045,15.655330657958984,-0.5141563607389632,0.04355802140922921,-0.8565897124543219,-0.8295000922820086,0.2287186032973352,0.5095266405300661,0.21811197494819978,0.9725176087231681,-0.08146574192607922,2.1081244945526123,-4.711672306060791,-0.26061102747917175
2.07,2.409079848963635,0.5739219754062738,3.1465585800034317,2.9859029614437866,5.083847999572754,95.44572448730469,-331.0436706542969,-2.6448874473571777,1.7873769998550415,15.752594947814941,-0.5559401380253334,0.02308792711872165,-0.8309016250758773,-0.8040623594805543,0.23850363730493432,0.544609710764397,0.21074696913345414,0.9708671189270326,-0.11402961188825486,2.412221908569336,-5.1691813468933105,-0.2614614963531494
2.08,3.284461945145836,1.3832506663659367,2.2179493287583485,2.9142983212547358,5.057767391204834,95.46334838867188,-330.8856506347656,-2.571810722351074,1.7379951477050781,15.853275299072266,-0.6000000663606055,0.0006667069851004626,-0.7999996724180984,-0.7743147524344922,0.2508765763066313,0.580945442897157,0.2010884992474209,0.9680188525862803,-0.15000972137818594,2.7154064178466797,-5.626190662384033,-0.2608734667301178
2.09,3.284461945145836,1.3832506663659367,2.2179493287583485,2.9142983212547358,5.032411098480225,95.48046112060547,-330.7265930175781,-2.499188184738159,1.6835979223251343,15.957942962646484,-0.6452759283757431,-0.02321254258919847,-0.7635968531400372,-0.740262812892789,0.26596765222613417,0.6174724089523141,0.18875895768645928,0.9637024363546368,-0.1888059057796092,2.957186222076416,-5.899003505706787,-0.2606375515460968
2.1,3.284461945145836,1.3832506663659367,2.2179493287583485,2.9142983212547358,5.007779121398926,95.49700164794922,-330.5664978027344,-2.427793502807617,1.6241425275802612,16.066633224487305,-0.6894512161674994,-0.04763454195843436,-0.7227641184629783,-0.703167752012303,0.28346415721400225,0.6520760569940596,0.1738163774076555,0.9577990509430283,-0.22892978171813722,3.142357587814331,-6.000736236572266,-0.2611377537250519
2.11,3.284461945145836,1.3832506663659367,2.2179493287583485,2.9142983212547358,4.983843803405762,95.51293182373047,-330.4052734375,-2.359999179840088,1.5612517595291138,16.178668975830078,-0.731615425739547,-0.07212371241314985,-0.6778916129645556,-0.6635666929601461,0.3032749451201524,0.683888552072853,0.1562629604668892,0.9501697099834923,-0.2697395214202204,3.3195149898529053,-6.079140663146973,-0.26114752888679504
2.12,0.5709846055809131,3.613209435173351,3.6609090841544196,1.4024521051738348,4.960565567016602,95.52821350097656,-330.242919921875,-2.296389579772949,1.4953761100769043,16.29358673095703,-0.7713849850782919,-0.09635557997455074,-0.6290316422911736,-0.6216587227946757,0.32540269580713127,0.7124980827586442,0.13603542615457034,0.9406533302812567,-0.3109110404307394,3.4954371452331543,-6.154767036437988,-0.26048487424850464
2.13,0.5709846055809131,3.613209435173351,3.6609090841544196,1.4024521051738348,4.93789529800415,95.54283905029297,-330.07940673828125,-2.238849639892578,1.4286643266677856,16.410051345825195,-0.8085002748956114,-0.11966578476092155,-0.576200837773839,-0.5775266506070933,0.34949744723946835,0.737776729242423,0.11309409061605927,0.9292640283206103,-0.35167896203366883,3.5193188190460205,-6.258641719818115,-0.2440667450428009
2.14,0.5709846055809131,3.613209435173351,3.6609090841544196,1.4024521051738348,4.915769100189209,95.55679321289062,-329.91473388671875,-2.1873648166656494,1.3613594770431519,16.527393341064453,-0.8428540655637835,-0.14055495893250855,-0.5194625373230316,-0.5309791350965306,0.3741833395633089,0.7602946708253251,0.08751104075910324,0.9166412231144365,-0.3900136995446804,3.4032018184661865,-6.387962341308594,-0.21353070437908173
2.15,3.9247319063784563,2.0996082779086573,0.23583744516343658,2.8968931263695783,4.894132137298584,95.57006072998047,-329.7488708496094,-2.1409363746643066,1.2922475337982178,16.645597457885742,-0.8741466357417995,-0.1585899255457718,-0.4590390993550336,-0.4820172959676654,0.398885031941014,0.7800961848909636,0.059388429928008274,0.9031832409919944,-0.4251270957982838,3.269197702407837,-6.5196309089660645,-0.18123361468315125
2.16,3.9247319063784563,2.0996082779086573,0.23583744516343658,2.8968931263695783,4.8729329109191895,95.58262634277344,-329.5818176269531,-2.099863290786743,1.2216968536376953,16.76397705078125,-0.9016539151360916,-0.17380333198272385,-0.3959957311783302,-0.43147244505528143,0.4233406378309625,0.7966267843343524,0.029184695951379486,0.8891429053603119,-0.4566980921458384,3.1301562786102295,-6.3912034034729,-0.16784533858299255
2.17,3.9247319063784563,2.0996082779086573,0.23583744516343658,2.8968931263695783,4.85211706161499,95.59449005126953,-329.41357421875,-2.0641937255859375,1.150004506111145,16.882015228271484,-0.9240250353936126,-0.18651818886917598,-0.333749455710112,-0.38232878257368424,0.4472124111261049,0.8085949303269844,-0.0015607631332423821,0.874763982200764,-0.48454673609746224,2.987666130065918,-6.021491527557373,-0.17281889915466309
2.18,3.9247319063784563,2.0996082779086573,0.23583744516343658,2.8968931263695783,4.831632137298584,95.60562896728516,-329.2441711425781,-2.0336453914642334,1.0773288011550903,16.999420166015625,-0.9413755940120798,-0.19702908009591735,-0.2738458190204131,-0.3358377291377741,0.47027772299190596,0.8161200174883175,-0.03201578807381371,0.860243224241903,-0.5088777696656712,2.8448662757873535,-5.61831521987915,-0.18128733336925507
2.19,3.246696855741438,3.9624354059664126,2.9097643304677416,1.3249126030388547,4.811428546905518,95.61604309082031,-329.0735778808594,-2.00797963142395,1.004033088684082,17.115882873535156,-0.9542919224405526,-0.20559907152661858,-0.2169238312221754,-0.29243063688763316,0.492387675354358,0.8197796653788287,-0.06173531707384121,0.8457442869724416,-0.5300050487299801,2.702207088470459,-5.210611820220947,-0.19112490117549896
2.2,3.246696855741438,3.9624354059664126,2.9097643304677416,1.3249126030388547,4.791464805603027,95.62568664550781,-328.9018249511719,-1.9849082231521606,0.9218268990516663,17.236804962158203,-0.9634097227205185,-0.21251964703498233,-0.1633312762201427,-0.2523509924583445,0.5138025043754377,0.819954854307734,-0.09033649745735428,0.8311692884855979,-0.548631872119623,2.6903154850006104,-4.796567916870117,-0.18885168433189392
2.21,3.246696855741438,3.9624354059664126,2.9097643304677416,1.3249126030388547,4.7717180252075195,95.63446044921875,-328.7288513183594,-1.9651786088943481,0.8317046165466309,17.361814498901367,-0.9693615627099574,-0.2180582280407376,-0.11308744370726077,-0.21576372315350562,0.5358200699430589,0.8162982717225076,-0.11740603268762036,0.8156883362105585,-0.5664524354776879,2.8007023334503174,-4.377004146575928,-0.174916073679924
2.22,1.1950987471016477,1.366565608147713,0.670739677391315,2.367388107665322,4.752144813537598,95.64231872558594,-328.5545959472656,-1.9503101110458374,0.7410270571708679,17.486244201660156,-0.9727347435376122,-0.2222390168350361,-0.0663094119338441,-0.18280422544963798,0.5587712693023431,0.8089235339387811,-0.14272257660431165,0.7989896670160667,-0.5841624586782187,2.9292495250701904,-3.9564883708953857,-0.1596423238515854
2.23,1.1950987471016477,1.366565608147713,0.670739677391315,2.367388107665322,4.732692241668701,95.64935302734375,-328.3791809082031,-1.94134521484375,0.6728190779685974,17.593395233154297,-0.974088939256847,-0.22504138152692568,-0.022519214416216418,-0.15292774588287608,0.5820263841126982,0.7986603738360135,-0.16662485695913842,0.7814100490761243,-0.6013605343271173,2.851861000061035,-3.773101568222046,-0.15188203752040863
2.24,1.1950987471016477,1.366565608147713,0.670739677391315,2.367388107665322,4.713305950164795,95.65583801269531,-328.2027893066406,-1.93607497215271,0.6254096031188965,17.683700561523438,-0.9737829793739406,-0.22655299840076212,0.020504828632189748,-0.12379558703079954,0.6034043959874379,0.7877675974135613,-0.19084381497263916,0.7645762707661409,-0.6156311919225906,2.5805838108062744,-3.809921979904175,-0.1513897180557251
2.25,1.1950987471016477,1.366565608147713,0.670739677391315,2.367388107665322,4.693963050842285,95.66187286376953,-328.0255126953125,-1.932920217514038,0.5813720226287842,17.76985740661621,-0.9718236356470669,-0.22701997770111182,0.06340939143615895,-0.0946621044720492,0.6222697256975969,0.7770582181903496,-0.21586548398166897,0.7491610762745384,-0.6262266160269263,2.282299041748047,-3.8769147396087646,-0.15234695374965668
2.26,0.6975420725235094,2.823355702681041,0.5453513240633182,2.6670332851449268,4.6746416091918945,95.66747283935547,-327.8473815917969,-1.931823968887329,0.5383142232894897,17.853836059570312,-0.9681554897703436,-0.2267082907522518,0.10619933395148155,-0.06543123382970968,0.6386008149344949,0.7667514283028891,-0.24164788694931244,0.7353858511483553,-0.6330986879339912,1.980212926864624,-3.9476284980773926,-0.15396547317504883
2.27,0.6975420725235094,2.823355702681041,0.5453513240633182,2.6670332851449268,4.655318737030029,95.6726303100586,-327.6684265136719,-1.9334816932678223,0.4919338822364807,17.93941879272461,-0.9627532707247842,-0.22596017200522028,0.14848616223777195,-0.03621684502957767,0.6519953930809147,0.7573574767158289,-0.2679449194234409,0.7237706874892316,-0.6358942617185116,1.4955601692199707,-3.9643657207489014,-0.15334607660770416
2.28,0.6975420725235094,2.823355702681041,0.5453513240633182,2.6670332851449268,4.635961532592773,95.67730712890625,-327.48858642578125,-1.9382092952728271,0.4425034821033478,18.026704788208008,-0.9557407621626518,-0.22546107088366457,0.18901561061654298,-0.007456537937408095,0.6608070960406575,0.7505187418474646,-0.2941156160130594,0.7158919522793257,-0.6332414366408393,0.8419268131256104,-3.9300856590270996,-0.1512383371591568
2.29,0.6975420725235094,2.823355702681041,0.5453513240633182,2.6670332851449268,4.6165452003479,95.68148040771484,-327.3078918457031,-1.9455434083938599,0.3930736780166626,18.113447189331055,-0.9472566612704263,-0.22586543931479042,0.22735351548181904,0.020803321342145978,0.6645913223351865,0.746917395766027,-0.31979999921816826,0.7122521867989632,-0.6248398057903757,0.16496270895004272,-3.8878445625305176,-0.1501631736755371
2.3,1.3932867413108092,0.6985641212001199,0.6838788161023713,0.13894741256831253,4.597042560577393,95.68516540527344,-327.1263122558594,-1.9553369283676147,0.3438901901245117,18.1997127532959,-0.9374243077846888,-0.22773090584965655,0.26339001821498875,0.04866590179627911,0.6633371081535296,0.7467365739997388,-0.3447713694272657,0.7128271287397859,-0.6107455995386627,-0.5151053667068481,-3.843658685684204,-0.15044279396533966
2.31,1.3932867413108092,0.6985641212001199,0.6838788161023713,0.13894741256831253,4.577446937561035,95.68841552734375,-326.9438781738281,-1.9625959396362305,0.30795496702194214,18.275304794311523,-0.9264267752991555,-0.23115066079848967,0.29715787390077625,0.07607755255365221,0.6580870900780804,0.7490885046975497,-0.3687080633865421,0.7165826915890352,-0.5920841241823322,-0.7759615778923035,-3.732401132583618,-0.1521347016096115
2.32,1.3932867413108092,0.6985641212001199,0.6838788161023713,0.13894741256831253,4.557800769805908,95.69137573242188,-326.76080322265625,-1.966649055480957,0.28426840901374817,18.34188461303711,-0.9146483390586694,-0.2348169879774211,0.32905835047059473,0.10242950457679592,0.6528132877032801,0.7505617949177712,-0.391058323590445,0.720205382897994,-0.5730424015684917,-0.6469751596450806,-3.559659481048584,-0.15410198271274567
2.33,1.2797635927554936,3.1168564468565902,3.040155312430649,3.5556001620927353,4.538113117218018,95.6941146850586,-326.5770568847656,-1.9710755348205566,0.26233986020088196,18.40810775756836,-0.9023415035510474,-0.23813702156724825,0.3592639279531353,0.12745988769847533,0.6488130179005125,0.7501970706625838,-0.4117448093141281,0.7227256926122867,-0.55509799607003,-0.46373695135116577,-3.378629446029663,-0.15574045479297638
2.34,1.2797635927554936,3.1168564468565902,3.040155312430649,3.5556001620927353,4.518331050872803,95.696533203125,-326.3925476074219,-1.9902443885803223,0.2128666490316391,18.495328903198242,-0.889378378935417,-0.24125477729063324,0.3883326299921972,0.15169010203364316,0.6455775065609535,0.7484783203056486,-0.4312727814588265,0.7245866514482511,-0.5375667144790293,-0.5477453470230103,-3.435338020324707,-0.15432776510715485
2.35,1.2797635927554936,3.1168564468565902,3.040155312430649,3.5556001620927353,4.498260498046875,95.69831848144531,-326.2070617675781,-2.024955987930298,0.13783439993858337,18.600881576538086,-0.8746144421806936,-0.24547277082340263,0.4180821645481133,0.17739370505745305,0.640516458035814,0.747174772319867,-0.45119956885500656,0.7276549908916567,-0.5166596203454648,-0.8861192464828491,-3.7133021354675293,-0.1507834941148758
2.36,1.2797635927554936,3.1168564468565902,3.040155312430649,3.5556001620927353,4.477814197540283,95.69929504394531,-326.0205078125,-2.0647878646850586,0.05952714383602142,18.708114624023438,-0.8574775353847341,-0.25142159821597054,0.4489091848704461,0.2053212065151662,0.6327943439629473,0.7466019825875488,-0.47177905683240934,0.7323650033958676,-0.4909847485770735,-1.260063886642456,-4.021498203277588,-0.14772050082683563
2.37,3.8275597573805134,2.523838544536435,0.3117359780557539,0.788427970095613,4.456952095031738,95.6994857788086,-325.8328857421875,-2.108316659927368,-0.01903434656560421,18.81480598449707,-0.8376828479527275,-0.25941002421015347,0.48061823268067466,0.23558610931917676,0.6222964504383525,0.7464893253541406,-0.49273383417587674,0.7385482835340657,-0.4601736645520088,-1.6391427516937256,-4.3333516120910645,-0.1456146240234375
2.38,3.8275597573805134,2.523838544536435,0.3117359780557539,0.788427970095613,4.435663223266602,95.69894409179688,-325.64422607421875,-2.1473636627197266,-0.08531361818313599,18.91342544555664,-0.8158679753600306,-0.26930350166554984,0.511698222366072,0.2669078407436123,0.609621252285852,0.7464061450115566,-0.5129518996275453,0.7455451379709369,-0.42549124070465855,-1.7759487628936768,-4.132447719573975,-0.15029244124889374
2.39,3.8275597573805134,2.523838544536435,0.3117359780557539,0.788427970095613,4.4140191078186035,95.69781494140625,-325.4546203613281,-2.18151593208313,-0.1401699185371399,19.005380630493164,-0.795469217720548,-0.27967324749475025,0.5375979894817314,0.29437623963463705,0.5970935298880233,0.7462050295357375,-0.5296898651075271,0.7518392056827047,-0.39264036420211473,-1.6865451335906982,-3.455059051513672,-0.16006694734096527
2.4,1.0940722204522269,2.659291890368957,1.4629770686311832,3.6042388528827156,4.392029762268066,95.6961441040039,-325.26409912109375,-2.216542959213257,-0.19336874783039093,19.096614837646484,-0.778107832017329,-0.28988150431309084,0.5572404464954708,0.3164224153114807,0.585459538698662,0.7464006857145825,-0.5426094883447403,0.7571035873669664,-0.36382564664180783,-1.565041422843933,-2.7116010189056396,-0.16976788640022278
2.41,1.0940722204522269,2.659291890368957,1.4629770686311832,3.6042388528827156,4.369670867919922,95.69392395019531,-325.0726623535156,-2.2564384937286377,-0.2510279417037964,19.189970016479492,-0.7635529373854212,-0.3003608966571433,0.5716382103825918,0.3339932278074004,0.5739372091217506,0.7476928538941175,-0.5526621351141122,0.7618263658766696,-0.33791293651805904,-1.7852486371994019,-2.411044120788574,-0.1766839623451233
2.42,1.0940722204522269,2.659291890368957,1.4629770686311832,3.6042388528827156,4.346885681152344,95.69110107421875,-324.8802795410156,-2.3009002208709717,-0.31311658024787903,19.285057067871094,-0.7487908873304525,-0.3135571944043418,0.58394699493032,0.35139818993338356,0.5592090870522983,0.7508691690765287,-0.561988895942273,0.7674419084174467,-0.308547237942867,-2.327022075653076,-2.528285026550293,-0.18196234107017517
2.43,1.0940722204522269,2.659291890368957,1.4629770686311832,3.6042388528827156,4.3236470222473145,95.68766021728516,-324.68695068359375,-2.3470404148101807,-0.376068115234375,19.37999725341797,-0.7327839937914404,-0.33037346805223283,0.594878970926193,0.3700717022562731,0.5401445135624936,0.7558378395247763,-0.5710293807083926,0.7740137441127758,-0.2735473821704606,-2.913806676864624,-2.7024495601654053,-0.1878957897424698
2.44,2.875125937503089,3.367617416669575,1.553380941333998,2.86286919778896,4.299941539764404,95.68357849121094,-324.49267578125,-2.3943910598754883,-0.4395240247249603,19.474428176879883,-0.7153839174264971,-0.3510145818629124,0.6041643931970203,0.3902560304948887,0.5165051468392403,0.7621828284282895,-0.5795913054471155,0.7810321354516597,-0.2325139179531605,-3.507136106491089,-2.883209705352783,-0.1949073076248169
2.45,2.875125937503089,3.367617416669575,1.553380941333998,2.86286919778896,4.2757391929626465,95.67884826660156,-324.2974548339844,-2.447930097579956,-0.510023295879364,19.569852828979492,-0.6970275121578532,-0.3752511264500863,0.6110149256711943,0.4114693350168306,0.4885429304205767,0.769427573899508,-0.5872355861456635,0.7877260927721113,-0.18612353190862826,-3.9560580253601074,-2.847511053085327,-0.20342077314853668
2.46,2.875125937503089,3.367617416669575,1.553380941333998,2.86286919778896,4.2509660720825195,95.67339324951172,-324.1012878417969,-2.5071051120758057,-0.5872775912284851,19.665050506591797,-0.6794662763862052,-0.40190786412667767,0.6138368252288201,0.4316269526754303,0.4575841121387533,0.7773769703575677,-0.5933158964480784,0.7931499537107223,-0.13743870615911757,-4.269725322723389,-2.610044002532959,-0.2125881463289261
2.47,0.4648706376131664,2.7002464870825857,0.6601472672996115,0.4327700798777369,4.225593566894531,95.66710662841797,-323.9041748046875,-2.5673673152923584,-0.6662049889564514,19.757917404174805,-0.6633657306271876,-0.430459835138863,0.6120867894030065,0.4500333877672237,0.42401154574414873,0.7859288510866701,-0.5978426693739861,0.7968177579646932,-0.08755343093166729,-4.564355373382568,-2.3437342643737793,-0.2216600626707077
2.48,0.4648706376131664,2.7002464870825857,0.6601472672996115,0.4327700798777369,4.199678897857666,95.66012573242188,-323.7061462402344,-2.609652280807495,-0.7228381037712097,19.845918655395508,-0.6489471254725858,-0.4606558692965669,0.6055277024410132,0.46653218442996813,0.3877633297062988,0.7949763021789304,-0.6010119376783377,0.7983957478705084,-0.03672710920316788,-4.871779441833496,-2.0557663440704346,-0.2241438925266266
2.49,0.4648706376131664,2.7002464870825857,0.6601472672996115,0.4327700798777369,4.173450469970703,95.65271759033203,-323.50726318359375,-2.6350483894348145,-0.7583590745925903,19.931156158447266,-0.6364601088041888,-0.4922787834650419,0.5937845815202167,0.4809348497754978,0.34857399055423394,0.8044860740749442,-0.6030092869702588,0.7975949927496258,0.014900582818966723,-5.192835330963135,-1.750940203666687,-0.22034911811351776
2.5,0.4648706376131664,2.7002464870825857,0.6601472672996115,0.4327700798777369,4.1469855308532715,95.64497375488281,-323.3075256347656,-2.6577465534210205,-0.7912778854370117,20.015321731567383,-0.6259937157046361,-0.5250052127651512,0.5766293388891357,0.49314569977285005,0.30629968816447406,0.8142406399989454,-0.6041019671329082,0.7940718025466994,0.06716238312021405,-5.515136241912842,-1.4433904886245728,-0.2152017205953598
2.51,3.712315251489052,3.7420160942322704,3.46653649091582,0.6060016729347375,4.120299339294434,95.63689422607422,-323.1069641113281,-2.6794350147247314,-0.824184238910675,20.09788703918457,-0.6175441521783209,-0.5584302807077504,0.5538906405591473,0.5031010111319558,0.260861972452872,0.823917716720548,-0.6045896068477881,0.7874685091587224,0.11985305325679771,-5.836983680725098,-1.1351457834243774,-0.2092949002981186
2.52,3.712315251489052,3.7420160942322704,3.46653649091582,0.6060016729347375,4.093338966369629,95.62840270996094,-322.9056091308594,-2.7181928157806396,-0.885145902633667,20.17329216003418,-0.6112159003448321,-0.5914272354337283,0.5259552721980013,0.5104868045452368,0.2132409604181572,0.8330255189279229,-0.6048291870857835,0.7776516687998293,0.17157953392520675,-5.787951469421387,-0.7366035580635071,-0.201661616563797
2.53,3.712315251489052,3.7420160942322704,3.46653649091582,0.6060016729347375,4.065894603729248,95.61911010742188,-322.70355224609375,-2.770871162414551,-0.9726330041885376,20.238615036010742,-0.6074663790667251,-0.6212342934007011,0.4950278285172387,0.5142779535025368,0.16737265660479747,0.8411329148013972,-0.6053947347349526,0.7655418646448954,0.2178138393932125,-5.394131660461426,-0.25527918338775635,-0.19180232286453247
2.54,3.712315251489052,3.7420160942322704,3.46653649091582,0.6060016729347375,4.037927627563477,95.60893249511719,-322.5008850097656,-2.8221449851989746,-1.0644696950912476,20.297082901000977,-0.6062255590063034,-0.6471484540520398,0.46226556223187315,0.5140847627756355,0.12461612495499294,0.8486387205891092,-0.6068009791434202,0.7521101646828451,0.2571436794699222,-4.9516754150390625,0.23631137609481812,-0.18037548661231995
2.55,1.1278982116492446,0.4263977376492594,3.4413334899230676,4.13210662526216,4.009465217590332,95.59782409667969,-322.2976379394531,-2.8698174953460693,-1.15748131275177,20.349891662597656,-0.6072131293419496,-0.6692681953966702,0.4282199180155463,0.5097884584580237,0.0852204252642356,0.8560684591437618,-0.6094324763070544,0.7381175798937912,0.2894382405177036,-4.501923084259033,0.728094756603241,-0.1676860898733139
2.56,1.1278982116492446,0.4263977376492594,3.4413334899230676,4.13210662526216,3.980560541152954,95.5858154296875,-322.0939025878906,-2.9089515209198,-1.2417219877243042,20.401222229003906,-0.6092156013924543,-0.6881443893031987,0.39409852891194386,0.5031775426613823,0.04866595280997135,0.8628116744680445,-0.6129181932209904,0.7239398624938578,0.31661074509733755,-4.266581058502197,0.5716054439544678,-0.1626097708940506
2.57,1.1278982116492446,0.4263977376492594,3.4413334899230676,4.13210662526216,3.9513094425201416,95.57303619384766,-321.8896179199219,-2.9405252933502197,-1.317500114440918,20.45151138305664,-0.6088782526980415,-0.7052028705671298,0.36325773871351996,0.5013307187231455,0.012800680779802925,0.8651610561254524,-0.6147640066366236,0.7088900153870512,0.34574580580049263,-4.232367515563965,-0.18640905618667603,-0.16639159619808197
2.58,0.019017874903962728,2.682437261274539,0.1976209178265515,1.5552372463951836,3.9217612743377686,95.55949401855469,-321.68487548828125,-2.968636989593506,-1.3919098377227783,20.497543334960938,-0.6055723063392767,-0.7210192650327181,0.33676906218744096,0.5065640182705349,-0.02288477044447093,0.861898591874539,-0.6137386065651553,0.6925370074829094,0.37910079936354457,-4.227248191833496,-1.0276341438293457,-0.1730521321296692
2.59,0.019017874903962728,2.682437261274539,0.1976209178265515,1.5552372463951836,3.8919689655303955,95.5452651977539,-321.4796447753906,-2.987039566040039,-1.4469757080078125,20.546466827392578,-0.6001006260755968,-0.7361436163844911,0.3130044961978023,0.5177227467216453,-0.059140358179713415,0.8535019481883861,-0.6097888127136082,0.6742366009723431,0.4166084610261649,-4.535607814788818,-1.3999192714691162,-0.1763228178024292
2.6,0.019017874903962728,2.682437261274539,0.1976209178265515,1.5552372463951836,3.8620450496673584,95.5306167602539,-321.2738952636719,-2.9971137046813965,-1.4840724468231201,20.597820281982422,-0.5946702003697226,-0.7516413255761146,0.2853115323263597,0.5295244077734468,-0.09914691118656152,0.8424807366191496,-0.6049555804886957,0.6520776086389912,0.45697214132509223,-5.131205081939697,-1.327141523361206,-0.17538195848464966
2.61,0.019017874903962728,2.682437261274539,0.1976209178265515,1.5552372463951836,3.8320353031158447,95.5156021118164,-321.06768798828125,-3.0044162273406982,-1.5179369449615479,20.64418601989746,-0.5899489048932984,-0.7673069340801901,0.25139681487174226,0.5402800790145195,-0.14375019721104335,0.8291159852649395,-0.6000481029344756,0.6249607585394825,0.49936592239608435,-5.766415119171143,-1.1917471885681152,-0.17390887439250946
2.62,0.13362545566000572,0.290241112968671,2.6439401996229317,0.7299250839358544,3.801964282989502,95.50025939941406,-320.86102294921875,-3.0093085765838623,-1.5504399538040161,20.683597564697266,-0.5860085071093691,-0.7824033712218581,0.21080558411987155,0.5497677232159706,-0.19278119148367853,0.8127674099765945,-0.5952726099069039,0.5921827225703271,0.5431115382532565,-6.406766891479492,-1.0470070838928223,-0.17232203483581543
2.63,0.13362545566000572,0.290241112968671,2.6439401996229317,0.7299250839358544,3.771859884262085,95.48461151123047,-320.6540222167969,-3.010897397994995,-1.5792014598846436,20.716630935668945,-0.5826630875904774,-0.7957691182500389,0.16509160123727346,0.5586819457003701,-0.2446594318025607,0.7924747604677997,-0.5902357240187857,0.5539794877697217,0.5871358592544117,-6.60558557510376,-1.1688997745513916,-0.16932639479637146
2.64,0.13362545566000572,0.290241112968671,2.6439401996229317,0.7299250839358544,3.7417571544647217,95.46868896484375,-320.44671630859375,-3.009223699569702,-1.6042914390563965,20.742595672607422,-0.5794110628186617,-0.8060386372394717,0.12076645047563439,0.5696460437434285,-0.2945195699931744,0.7673080266349982,-0.5829118330680965,0.5133808899522562,0.6298046178784502,-6.394217491149902,-1.5403623580932617,-0.1658700704574585
2.65,1.6519697789808094,0.41180477559665996,3.259530798486946,2.8238503582637553,3.711684465408325,95.45252990722656,-320.23919677734375,-3.004840850830078,-1.6274667978286743,20.759769439697266,-0.5763475494376005,-0.8132672132663334,0.08012454108002662,0.5832771078868049,-0.34071150764949754,0.7373625186910513,-0.572373407551816,0.47171189128663965,0.6707283905921265,-6.126490116119385,-1.9469952583312988,-0.16335682570934296
2.66,1.6519697789808094,0.41180477559665996,3.259530798486946,2.8238503582637553,3.681663990020752,95.43609619140625,-320.03167724609375,-2.9991719722747803,-1.6632516384124756,20.753923416137695,-0.5736807770912384,-0.8179087456732288,0.0437681362093334,0.5995466438558308,-0.38291356125277004,0.7027951525515319,-0.5580628887833367,0.42942110842384884,0.7100445928269792,-5.857982158660889,-2.4324519634246826,-0.16747325658798218
2.67,1.6519697789808094,0.41180477559665996,3.259530798486946,2.8238503582637553,3.65170955657959,95.41923522949219,-319.82427978515625,-2.9911582469940186,-1.7091953754425049,20.724742889404297,-0.5715333001724611,-0.8204858875296677,0.01235294129464054,0.618730294224872,-0.42100864941677274,0.6632680756109616,-0.5390014005569732,0.3867229311547459,0.7482799374009054,-5.59527587890625,-2.98697829246521,-0.17802351713180542
2.68,1.6519697789808094,0.41180477559665996,3.259530798486946,2.8238503582637553,3.621852159500122,95.40192413330078,-319.6172180175781,-2.9797961711883545,-1.7529206275939941,20.682817459106445,-0.570072166784074,-0.8214776628339137,-0.013862688160735381,0.6404830744554441,-0.45491067386505474,0.6187388060722746,-0.5145863931296795,0.3438469547176076,0.7854744526317927,-5.334531784057617,-3.5509042739868164,-0.19054217636585236
2.69,3.84199532326597,0.1749238403265614,1.0560781112110689,0.7039373850426522,3.5921242237091064,95.38418579101562,-319.4106750488281,-2.965376615524292,-1.7924144268035889,20.629671096801758,-0.569410377771952,-0.8213172752929812,-0.03478153232558781,0.6641739762972938,-0.48457213766899077,0.5692651162721516,-0.48440143568639893,0.30104447628252157,0.8214179645008609,-5.075382709503174,-4.11594295501709,-0.20427373051643372
2.7,3.84199532326597,0.1749238403265614,1.0560781112110689,0.7039373850426522,3.5625522136688232,95.36609649658203,-319.20465087890625,-2.9487812519073486,-1.8211328983306885,20.574769973754883,-0.5694952996726853,-0.8204310823684183,-0.05067487281191696,0.6883170346643964,-0.5096726041472498,0.5161913369793927,-0.44932701169808453,0.25908816195562917,0.8549728421961268,-4.638401508331299,-4.248685359954834,-0.22336941957473755
2.71,3.84199532326597,0.1749238403265614,1.0560781112110689,0.7039373850426522,3.533153772354126,95.34778594970703,-318.9991760253906,-2.9306745529174805,-1.8403311967849731,20.518775939941406,-0.5699214947961158,-0.8192981413636247,-0.06276978036819181,0.7097678819634818,-0.5293393163745896,0.4647896748779548,-0.41402782938159355,0.2203416522090002,0.8831933609348375,-4.035463809967041,-3.9800586700439453,-0.24550577998161316
2.72,4.155283042153564,0.30543789466596716,2.7669213155349865,1.7733080252119515,3.503943681716919,95.32929992675781,-318.7943115234375,-2.9111528396606445,-1.8553192615509033,20.456022262573242,-0.5703970183031211,-0.8182532882001448,-0.07147585508799556,0.7279885208219332,-0.5439296933090481,0.41734063100567964,-0.3803681835569359,0.18601624952238996,0.9059348761645183,-3.4095325469970703,-3.6563456058502197,-0.2663099467754364
2.73,4.155283042153564,0.30543789466596716,2.7669213155349865,1.7733080252119515,3.474937915802002,95.3106689453125,-318.59014892578125,-2.8894386291503906,-1.872982382774353,20.373493194580078,-0.5707767803061887,-0.8175444173836302,-0.07638712370656209,0.7435311045515165,-0.5540829335336792,0.37437093814973715,-0.34838967210252186,0.15688603625426084,0.9241273765021378,-2.717371702194214,-3.487051248550415,-0.2845333218574524
2.74,4.155283042153564,0.30543789466596716,2.7669213155349865,1.7733080252119515,3.446160078048706,95.29183959960938,-318.386962890625,-2.8659701347351074,-1.8922905921936035,20.27322006225586,-0.5710435158664546,-0.8174209270454106,-0.07571215896472686,0.7574765958726298,-0.5602178186572113,0.3352390227347779,-0.31644669328670694,0.1340858817593332,0.9390859740304566,-1.9665460586547852,-3.4677982330322266,-0.30047082901000977
2.75,4.155283042153564,0.30543789466596716,2.7669213155349865,1.7733080252119515,3.417618989944458,95.27283477783203,-318.1847839355469,-2.842242479324341,-1.908617615699768,20.1672420501709,-0.57105244916476,-0.8180185224248486,-0.06888248886906563,0.7702093798477505,-0.562924292609501,0.299822867681297,-0.28403628552963606,0.11816064387079378,0.9515048348498112,-1.2080261707305908,-3.471067190170288,-0.3148971498012543
2.76,3.20090495149935,0.6769562665840348,0.06389743011646515,1.3181685548358217,3.389313220977783,95.2536849975586,-317.983642578125,-2.819040298461914,-1.9217488765716553,20.058183670043945,-0.5706047488847825,-0.8193251391792705,-0.055825951483193095,0.7818777628079264,-0.5627985824372943,0.26818821680499827,-0.25115211441794977,0.10938040005157078,0.9617476506381246,-0.4488702714443207,-3.4792940616607666,-0.327913761138916
2.77,3.20090495149935,0.6769562665840348,0.06389743011646515,1.3181685548358217,3.3612313270568848,95.23442840576172,-317.7835693359375,-2.7978336811065674,-1.9276318550109863,19.963851928710938,-0.5694722468427474,-0.8211492173437416,-0.037620777924354226,0.7924586171185939,-0.5605853169127794,0.24031945950397898,-0.21842779179939278,0.10704235291490609,0.9699645531936112,0.036626510322093964,-3.3125948905944824,-0.3414480984210968
2.78,3.20090495149935,0.6769562665840348,0.06389743011646515,1.3181685548358217,3.333350896835327,95.21512603759766,-317.5843200683594,-2.7784268856048584,-1.9277335405349731,19.88388442993164,-0.5674928303020275,-0.8231728513769656,-0.018394137971379634,0.8015974707054243,-0.5574473982853774,0.2160876977144465,-0.1881312906309326,0.10788352469575571,0.9762006774146184,0.26850539445877075,-2.9822466373443604,-0.3560425043106079
2.79,3.20090495149935,0.6769562665840348,0.06389743011646515,1.3181685548358217,3.305659294128418,95.19583892822266,-317.3858947753906,-2.7600913047790527,-1.926071286201477,19.80557632446289,-0.5647535727937857,-0.8252594263138581,0.0005303741848005916,0.809389546890619,-0.5537676062088351,0.1955249336988374,-0.16106509057164572,0.11085268419780474,0.9806985872352877,0.465921550989151,-2.6298153400421143,-0.37057605385780334
2.8,2.46977660450468,3.9923289290324337,1.1572091621529277,0.0656076642226875,3.2781457901000977,95.1766128540039,-317.1882019042969,-2.7427875995635986,-1.9233530759811401,19.72760009765625,-0.5613972273301777,-0.8273285109709871,0.018991789818720066,0.8160598504509529,-0.5496485965982587,0.17869734396328807,-0.13740259687486883,0.11581863059151759,0.9837207790729787,0.6594814658164978,-2.2750563621520996,-0.3849524259567261
2.81,2.46977660450468,3.9923289290324337,1.1572091621529277,0.0656076642226875,3.2507989406585693,95.15738677978516,-316.9913330078125,-2.726839542388916,-1.9217967987060547,19.639202117919922,-0.5576245473000178,-0.8293000647561962,0.03628039200200229,0.8216874318897499,-0.5452461667155079,0.16594089898657408,-0.11783305360923962,0.12234386080802502,0.9854680873573272,0.7235223054885864,-1.7315027713775635,-0.3869834542274475
2.82,2.46977660450468,3.9923289290324337,1.1572091621529277,0.0656076642226875,3.2236037254333496,95.1381607055664,-316.7954406738281,-2.7124621868133545,-1.9213289022445679,19.541658401489258,-0.5538584402983343,-0.831124023596664,0.04973615898708074,0.8259960115240358,-0.5409621791556282,0.15839984112864133,-0.10474453234742674,0.12881295790286726,0.9861215973801775,0.6690842509269714,-1.0122426748275757,-0.37783753871917725
2.83,2.852161505904879,2.905530993393185,2.715430827080112,1.8562549492662457,3.1965463161468506,95.11893463134766,-316.6004943847656,-2.6992275714874268,-1.9207522869110107,19.44410514831543,-0.5504140364554071,-0.8328355615808718,0.058560360647280395,0.8290115224267434,-0.5368811398918183,0.15652008597031522,-0.09891554052098595,0.13469806603932963,0.9859371921419262,0.6006829738616943,-0.2683117985725403,-0.3674028515815735
2.84,2.852161505904879,2.905530993393185,2.715430827080112,1.8562549492662457,3.169614553451538,95.0997085571289,-316.40655517578125,-2.6875171661376953,-1.9222129583358765,19.335988998413086,-0.5473944577982888,-0.8344632789919897,0.06348498708871822,0.8309351845604287,-0.5329213845628191,0.15981713592470242,-0.09952902406456327,0.1402349239297584,0.9851031110899869,0.6271111369132996,0.19985921680927277,-0.36025571823120117
2.85,2.852161505904879,2.905530993393185,2.715430827080112,1.8562549492662457,3.142791986465454,95.08048248291016,-316.21380615234375,-2.677159070968628,-1.9259761571884155,19.218706130981445,-0.544607444547218,-0.8359714309276162,0.06748702109726566,0.832329440490417,-0.5288316928524959,0.16602633263332936,-0.10310399525070961,0.146590611253236,0.9838093102099331,0.7422805428504944,0.40882375836372375,-0.35623323917388916
2.86,2.852161505904879,2.905530993393185,2.715430827080112,1.8562549492662457,3.1160695552825928,95.06118774414062,-316.0221862792969,-2.667551040649414,-1.9307835102081299,19.102115631103516,-0.541987045695111,-0.8373367013399917,0.07153524227782562,0.8333516763027091,-0.5245081076230276,0.17440249035256117,-0.10851279142179618,0.15413790457500115,0.9820725433852011,0.8702435493469238,0.581468939781189,-0.3527274429798126
2.87,1.781339848003261,0.7156522881281314,2.814177668846589,2.356989430640655,3.0894389152526855,95.04185485839844,-315.8317565917969,-2.6586315631866455,-1.9366378784179688,18.987716674804688,-0.539535808192891,-0.8385459175641123,0.07577503424086944,0.8339897012135336,-0.5199018585230185,0.18483299427881508,-0.11559537165217794,0.16291961711492045,0.9798443286623252,1.00041925907135,0.7488364577293396,-0.3493950366973877
2.88,1.781339848003261,0.7156522881281314,2.814177668846589,2.356989430640655,3.062897205352783,95.02247619628906,-315.64239501953125,-2.6494698524475098,-1.941379189491272,18.8878173828125,-0.5371897347338944,-0.8395752983885606,0.08087340250222841,0.8343785050422144,-0.5149231406054563,0.1966384234897457,-0.12344917666816277,0.17311117123043435,0.9771350076500073,1.1860052347183228,0.6490785479545593,-0.349097341299057
2.89,1.781339848003261,0.7156522881281314,2.814177668846589,2.356989430640655,3.0364491939544678,95.0030288696289,-315.4539489746094,-2.640170097351074,-1.9450098276138306,18.80146598815918,-0.5346538863321337,-0.8403466834892164,0.08923381297815658,0.8352016841150349,-0.5093647629972198,0.2073298942945656,-0.12877642905965103,0.1853779646167824,0.9741928153877875,1.4217755794525146,0.3013959527015686,-0.35143211483955383
2.9,1.8669805472631649,2.2531694578359533,2.6155576885905774,2.9769985159556125,3.0100905895233154,94.98357391357422,-315.2663269042969,-2.631732225418091,-1.9492239952087402,18.71904182434082,-0.5317909524113883,-0.8407581591984381,0.10160758177735943,0.8367550433599866,-0.5031469528400562,0.21606513198430094,-0.13053497747736317,0.19992213881664145,0.9710776272090529,1.663366436958313,-0.08143182098865509,-0.35390740633010864
2.91,1.8669805472631649,2.2531694578359533,2.6155576885905774,2.9769985159556125,2.983806848526001,94.96404266357422,-315.0795593261719,-2.6255879402160645,-1.9562119245529175,18.630157470703125,-0.5285348569195396,-0.8407504183209856,0.11742929410555741,0.8390724683950027,-0.49638695334158817,0.22261488120467812,-0.12887318496319866,0.21619141205270767,0.9678083361658432,1.7308411598205566,-0.38678908348083496,-0.3549007773399353
2.92,1.8669805472631649,2.2531694578359533,2.6155576885905774,2.9769985159556125,2.9575698375701904,94.9444351196289,-314.89373779296875,-2.6221251487731934,-1.965774416923523,18.535449981689453,-0.5249163415463555,-0.8404970562809996,0.13426664798290056,0.8419537793457103,-0.4896107246881113,0.22670503240082204,-0.12480652155662808,0.23204748792727067,0.964664343449875,1.6360772848129272,-0.6157557368278503,-0.3545415997505188
2.93,1.8669805472631649,2.2531694578359533,2.6155576885905774,2.9769985159556125,2.9313573837280273,94.92472076416016,-314.7088623046875,-2.6206414699554443,-1.9760475158691406,18.4421329498291,-0.5209015055704823,-0.8400983453264492,0.15131553679039916,0.8453275242247411,-0.48303026398874527,0.22826112428320516,-0.11867180913121043,0.24681275139409842,0.961769446107954,1.5181678533554077,-0.8337541818618774,-0.35386794805526733
2.94,0.2782501617834072,1.4064799043510081,1.1740988360167341,3.032597485259252,2.905150890350342,94.90491485595703,-314.52490234375,-2.6210036277770996,-1.9865485429763794,18.351041793823242,-0.5164240076068531,-0.8396033769688975,0.16844112843869355,0.849170752555775,-0.4767128491722843,0.22727492698910257,-0.11052274594460584,0.26040550842189664,0.959152591516281,1.3964793682098389,-1.0498994588851929,-0.35305023193359375
2.95,0.2782501617834072,1.4064799043510081,1.1740988360167341,3.032597485259252,2.878941774368286,94.885009765625,-314.341796875,-2.6200575828552246,-1.99301278591156,18.278949737548828,-0.5113651086281042,-0.8391617933819648,0.18523825254447723,0.8535088671851485,-0.47082372454317756,0.22326583716192322,-0.10014159632286473,0.2722728501618447,0.9569948567002092,1.102136492729187,-1.3375818729400635,-0.35360777378082275
2.96,0.2782501617834072,1.4064799043510081,1.1740988360167341,3.032597485259252,2.8527543544769287,94.86508178710938,-314.1593017578125,-2.6174356937408447,-1.9955368041992188,18.224018096923828,-0.5054666808522358,-0.8392744496286428,0.2003043502991456,0.8584837159309671,-0.4658582262542036,0.21443372522214388,-0.08665531737627377,0.28034712631276604,0.9559792595755368,0.6473398208618164,-1.6910902261734009,-0.35560327768325806
2.97,1.6568402013159944,3.4989932656838345,4.147468150644505,3.1621893716143123,2.8265910148620605,94.8450927734375,-313.977294921875,-2.615300416946411,-1.9970139265060425,18.172130584716797,-0.49859434323290663,-0.840224958587928,0.21313305670885718,0.8640230260261634,-0.46193017473220965,0.20021169838064362,-0.06977027585396268,0.28397628886543447,0.9562894833519174,0.1691589057445526,-2.052295684814453,-0.3580761253833771
2.98,1.6568402013159944,3.4989932656838345,4.147468150644505,3.1621893716143123,2.8004236221313477,94.8250961303711,-313.7959289550781,-2.620438814163208,-2.0033512115478516,18.091983795166016,-0.49072346164370784,-0.8420324771205692,0.22399060620172123,0.8699082167802803,-0.4588612984431696,0.18084801123927632,-0.0494992784853419,0.2835976309231911,0.9576649754293951,-0.15019525587558746,-2.3878796100616455,-0.35415133833885193
2.99,1.6568402013159944,3.4989932656838345,4.147468150644505,3.1621893716143123,2.7741596698760986,94.80500793457031,-313.6155090332031,-2.6328208446502686,-2.0128467082977295,17.985427856445312,-0.4819447594975716,-0.844279907478881,0.23435163029149195,0.875812798154528,-0.45621353292164163,0.15754731025279511,-0.026099643322548466,0.28117725762693957,0.9593008695981826,-0.3194170594215393,-2.699286699295044,-0.3441755175590515
3.0,1.6568402013159944,3.4989932656838345,4.147468150644505,3.1621893716143123,2.747760534286499,94.78484344482422,-313.43621826171875,-2.647265672683716,-2.020110607147217,17.87567710876465,-0.47224356635663256,-0.8468428057792717,0.2446288542561157,0.881468033281387,-0.45380236397811313,0.13068098848310028,0.00034689740964526095,0.2773457711012866,0.9607701092948409,-0.46846112608909607,-3.0069544315338135,-0.3335917592048645
3.01,2.2854573344790774,3.9008869451712975,3.5367465224249295,3.5387793471950637,2.721210241317749,94.7646255493164,-313.2580261230469,-2.6630032062530518,-2.0241074562072754,17.76598358154297,-0.461563259130802,-0.8497309456758881,0.25478751496357316,0.8866057494726742,-0.45152291820098667,0.10028608747609452,0.029826210328333436,0.27218444904150185,0.961782731638193,-0.6153615117073059,-3.3137481212615967,-0.32319796085357666
3.02,2.2854573344790774,3.9008869451712975,3.5367465224249295,3.5387793471950637,2.694493293762207,94.7444076538086,-313.0809020996094,-2.680856943130493,-2.024677038192749,17.653348922729492,-0.4499184497592511,-0.853026260017602,0.26442312358531533,0.8909122015581235,-0.44927495358766334,0.06653920042847317,0.06203900129023543,0.2655150010812678,0.962108593932995,-0.8207129240036011,-3.5328609943389893,-0.3155021369457245
3.03,2.2854573344790774,3.9008869451712975,3.5367465224249295,3.5387793471950637,2.6675868034362793,94.72418975830078,-312.9049377441406,-2.7006871700286865,-2.0212292671203613,17.538244247436523,-0.4375650804520718,-0.856965538191806,0.2722992227689979,0.8940593646623114,-0.44693475801884114,0.030119338210925647,0.09588875235707363,0.25663084075431825,0.9617411079626033,-1.0804280042648315,-3.670318126678467,-0.310491144657135
3.04,2.2854573344790774,3.9008869451712975,3.5367465224249295,3.5387793471950637,2.6404764652252197,94.70401000976562,-312.7301330566406,-2.7215003967285156,-2.013150930404663,17.423633575439453,-0.42463595716326463,-0.8616386336243831,0.2779625315216854,0.8958366000470839,-0.4442982992353356,-0.008706739497027743,0.13100034312977565,0.24531181451877546,0.9605524575770897,-1.3478717803955078,-3.795787811279297,-0.30636829137802124
3.05,3.2198019072424944,2.4570241112429883,0.6707100236506498,3.8050723571919205,2.613154888153076,94.6839370727539,-312.55645751953125,-2.742905855178833,-2.000140905380249,17.310070037841797,-0.4112091069945839,-0.8670598909318936,0.28127249396606435,0.896059161563572,-0.4411286044201045,-0.04983506135602944,0.16728732558895534,0.23154416403689332,0.958333058387193,-1.616570234298706,-3.9189810752868652,-0.3029133677482605
3.06,3.2198019072424944,2.4570241112429883,0.6707100236506498,3.8050723571919205,2.5856308937072754,94.66401672363281,-312.3838806152344,-2.7605509757995605,-1.9829429388046265,17.211502075195312,-0.39747475757287204,-0.8732826640063105,0.2817644509842007,0.8945987740854877,-0.4371245144976718,-0.09281805982629296,0.204222551392174,0.21517329660349635,0.9549835610792756,-1.9434012174606323,-3.8970351219177246,-0.3107275664806366
3.07,3.2198019072424944,2.4570241112429883,0.6707100236506498,3.8050723571919205,2.557954788208008,94.644287109375,-312.2121887207031,-2.7743492126464844,-1.962332844734192,17.126850128173828,-0.38396042793738905,-0.880505997761011,0.27799924043965085,0.8916162048835821,-0.43181452811013055,-0.13622318635982267,0.23998944344936243,0.1955643147916078,0.9508731071036521,-2.3241119384765625,-3.7398674488067627,-0.3290265202522278
3.08,2.821860237912987,0.15193938825190942,2.510536796604095,0.6289682444613606,2.530146837234497,94.6247787475586,-312.04132080078125,-2.7871017456054688,-1.9378165006637573,17.045093536376953,-0.3709486654065139,-0.8886859889194071,0.2695075151669465,0.8873097710700532,-0.4248089948971178,-0.1794956490227847,0.27400448499383445,0.1725529801331641,0.9461220910910111,-2.7124407291412354,-3.562448024749756,-0.3492507040500641
3.09,2.821860237912987,0.15193938825190942,2.510536796604095,0.6289682444613606,2.502232789993286,94.60552978515625,-311.8712158203125,-2.7938976287841797,-1.913009524345398,16.982290267944336,-0.35851711400367503,-0.8971875633466706,0.25791462762422057,0.8817782155988696,-0.41616911526820666,-0.22196947085613372,0.3064843510878652,0.14784364603506817,0.940324198808745,-2.5717504024505615,-3.475452423095703,-0.3639158010482788
3.1,2.821860237912987,0.15193938825190942,2.510536796604095,0.6289682444613606,2.4742846488952637,94.58651733398438,-311.70166015625,-2.7954294681549072,-1.8890286684036255,16.93695068359375,-0.3463967667636785,-0.9042367688092801,0.24973014617587277,0.874882890884582,-0.4074629142675239,-0.26182799837689913,0.3385102763774045,0.12778826014141326,0.9322451144183723,-1.9389746189117432,-3.4769043922424316,-0.37219563126564026
3.11,2.821860237912987,0.15193938825190942,2.510536796604095,0.6289682444613606,2.446326732635498,94.56776428222656,-311.532470703125,-2.7961063385009766,-1.8635257482528687,16.895536422729492,-0.3343515478927863,-0.9094594269188245,0.24716915909995862,0.8666249752705084,-0.39975431062116074,-0.29859277181002036,0.37036494793526054,0.11436801094835618,0.921818725896056,-1.2381908893585205,-3.4927620887756348,-0.3784734308719635
3.12,0.861336700544693,2.362467732103524,1.013005029464854,1.23936987460008,2.4183621406555176,94.54926300048828,-311.36370849609375,-2.796903371810913,-1.8363031148910522,16.856782913208008,-0.3221788858206805,-0.9129028746494581,0.2506174514835334,0.8570783209032222,-0.3937004192509928,-0.33229013184159717,0.40201681229652386,0.1077419200606188,0.9092712253737019,-0.5284116268157959,-3.5128090381622314,-0.3833501935005188
3.13,0.861336700544693,2.362467732103524,1.013005029464854,1.23936987460008,2.3903892040252686,94.53103637695312,-311.1953125,-2.797574281692505,-1.8085432052612305,16.823692321777344,-0.3097679971577368,-0.9149657643729785,0.2586144581462057,0.8464117642597033,-0.3892714920629808,-0.3633934930482895,0.4331638411267276,0.10632664526087457,0.895021637307114,-0.29835084080696106,-3.45680832862854,-0.38318106532096863
3.14,0.861336700544693,2.362467732103524,1.013005029464854,1.23936987460008,2.362410306930542,94.5130844116211,-311.0271911621094,-2.798344373703003,-1.7804521322250366,16.796247482299805,-0.29737615183973615,-0.9171601083489472,0.2653012626625384,0.835043989951025,-0.38456508734349154,-0.3934605805454528,0.46289195193226496,0.10453243156953568,0.880229522105739,-0.5143501162528992,-3.3278958797454834,-0.3793669641017914
3.15,3.1047033885288546,3.156058535963394,2.920082400799516,0.5549845424774926,2.334420919418335,94.49542236328125,-310.8593444824219,-2.7996833324432373,-1.7512949705123901,16.772258758544922,-0.28519953916962604,-0.9200019350829624,0.26880785386784667,0.8231862378795886,-0.37876912191357825,-0.4229637928362975,0.49094362265242053,0.10064984713560968,0.8653577108043217,-0.7916478514671326,-3.1879615783691406,-0.37545156478881836
3.16,3.1047033885288546,3.156058535963394,2.920082400799516,0.5549845424774926,2.3063976764678955,94.47808837890625,-310.6918029785156,-2.8067824840545654,-1.7124090194702148,16.734477996826172,-0.2734813207343821,-0.923279010521276,0.2697477264783363,0.8111446222670589,-0.3720932947583882,-0.4512105736383817,0.5169645722644911,0.09540675409372523,0.8506733699233162,-0.7670295834541321,-2.9209022521972656,-0.3695261776447296
3.17,3.1047033885288546,3.156058535963394,2.920082400799516,0.5549845424774926,2.278269052505493,94.4612045288086,-310.52471923828125,-2.8192083835601807,-1.6636863946914673,16.684656143188477,-0.26271318686290945,-0.9259302073351987,0.2713577575683621,0.7998297566123038,-0.3662887060001411,-0.4755049361407775,0.5396796659925559,0.0921185920481756,0.8368154056380804,-0.45461058616638184,-2.5382349491119385,-0.36111995577812195
3.18,3.1047033885288546,3.156058535963394,2.920082400799516,0.5549845424774926,2.250009536743164,94.44482421875,-310.3581237792969,-2.8328278064727783,-1.612111210823059,16.63631820678711,-0.2530240805027042,-0.927609430239256,0.2748082233430501,0.7897701075732723,-0.36210651040908703,-0.49511822053228405,0.5587861772354993,0.09175848762134417,0.8242198663463413,-0.10085827857255936,-2.1406540870666504,-0.35187608003616333
3.19,1.3049086153827827,3.0178715571958783,2.2113125130350295,2.3202706760084952,2.221609592437744,94.42897033691406,-310.1919860839844,-2.847214460372925,-1.5590846538543701,16.591073989868164,-0.24441946875366122,-0.9282510336929699,0.2803732186606115,0.7812626959291311,-0.3597834605249866,-0.510082798653524,0.5743585319673802,0.09437097000984204,0.8131459873698434,0.259853720664978,-1.7421358823776245,-0.34215861558914185
3.2,1.3049086153827827,3.0178715571958783,2.2113125130350295,2.3202706760084952,2.193065881729126,94.41363525390625,-310.0262756347656,-2.861304521560669,-1.5072427988052368,16.55214500427246,-0.23670801455723722,-0.928112681678787,0.28736068964174916,0.7741596463799063,-0.3588846169918015,-0.5214198630696634,0.5870657184347503,0.09903878933861604,0.80345825059242,0.3058321475982666,-1.5506516695022583,-0.3337726593017578
3.21,1.3049086153827827,3.0178715571958783,2.2113125130350295,2.3202706760084952,2.164383888244629,94.39881134033203,-309.8609313964844,-2.8751468658447266,-1.4567312002182007,16.518972396850586,-0.22915597347095684,-0.928333315461876,0.29271965295507374,0.7671973648518249,-0.3573350556670877,-0.5326536035321782,0.5990790792432945,0.1025129913472439,0.7941003358631994,0.05803599953651428,-1.5504709482192993,-0.3269578218460083
3.22,1.3049086153827827,3.0178715571958783,2.2113125130350295,2.3202706760084952,2.135561466217041,94.38449096679688,-309.6958923339844,-2.8894596099853516,-1.4058470726013184,16.48875617980957,-0.22155019387619074,-0.9293143426024735,0.29544942752822423,0.7599318123495589,-0.35440111502314536,-0.5448885117613205,0.6110803156480641,0.10380126349753355,0.7847331683596523,-0.23050647974014282,-1.5760140419006348,-0.3205687403678894
3.23,0.9825259972390932,4.023860442656014,2.080654013145885,0.8392166472683166,2.106593608856201,94.37068176269531,-309.5311279296875,-2.9041290283203125,-1.354250192642212,16.461029052734375,-0.2138954394695305,-0.9311216232667838,0.2954001754555435,0.7522812359684554,-0.34991539312785114,-0.5582402347215351,0.6231546220513089,0.10281896876165822,0.775310632378326,-0.5245683789253235,-1.6042252779006958,-0.31445398926734924
3.24,0.9825259972390932,4.023860442656014,2.080654013145885,0.8392166472683166,2.0774824619293213,94.3573989868164,-309.36663818359375,-2.9176597595214844,-1.3042194843292236,16.438936233520508,-0.2064022414931777,-0.9337469632271872,0.2924290056930021,0.744510955842448,-0.34379815072310743,-0.5722816336297506,0.6349027888875245,0.09959638659799563,0.7661455530377149,-0.8175209760665894,-1.4738119840621948,-0.303425133228302
3.25,0.9825259972390932,4.023860442656014,2.080654013145885,0.8392166472683166,2.0482444763183594,94.34459686279297,-309.2023620605469,-2.929884433746338,-1.2556238174438477,16.421873092651367,-0.1997585378675606,-0.9371343260012319,0.2861394442911206,0.7377695808993807,-0.33602795683427633,-0.5854752409157318,0.6448197981208136,0.09415129981045733,0.7585136522801912,-1.1081695556640625,-1.1956868171691895,-0.2877371311187744
3.26,2.937596640414568,1.7023402388404134,2.994876874014689,3.4462758763203003,2.0188872814178467,94.33229064941406,-309.0381774902344,-2.941509962081909,-1.2066055536270142,16.406721115112305,-0.1941830449980087,-0.9412106504724977,0.27643345758507437,0.7325081566727789,-0.32655813106627624,-0.5973203390496162,0.6524758581305128,0.08650028018242822,0.7528565308777049,-1.3976058959960938,-0.8965377807617188,-0.2714013159275055
3.27,2.937596640414568,1.7023402388404134,2.994876874014689,3.4462758763203003,1.9894037246704102,94.32050323486328,-308.8742370605469,-2.956315517425537,-1.1482070684432983,16.381746292114258,-0.18940446624062607,-0.9457113360510506,0.26411364416220484,0.7283309959724124,-0.31571233617254074,-0.6081609006622426,0.6585285935127927,0.07717376272421156,0.7485882058068039,-1.4883744716644287,-0.862231969833374,-0.2664284408092499
3.28,2.937596640414568,1.7023402388404134,2.994876874014689,3.4462758763203003,1.9597539901733398,94.30935668945312,-308.7105712890625,-2.973611354827881,-1.080827236175537,16.347814559936523,-0.1843711467812788,-0.9499484348382905,0.25220081558717866,0.7232525565072461,-0.30488035156963794,-0.6196399847754395,0.6655171070230194,0.06816115004205753,0.7432637740968243,-1.3956034183502197,-1.076602578163147,-0.2721985876560211
3.29,2.937596640414568,1.7023402388404134,2.994876874014689,3.4462758763203003,1.929933786392212,94.29889678955078,-308.5472412109375,-2.9902830123901367,-1.0113334655761719,16.31409454345703,-0.1787854584561001,-0.9537511139926732,0.24164968943157508,0.716564484483785,-0.29452536726537504,-0.6322896073902238,0.6742188809438144,0.060113397798914614,0.7360810281374869,-1.278031826019287,-1.325650930404663,-0.2795606553554535
3.3,1.5833134367945547,2.4787842728024394,2.599920367084005,0.7601328157253727,1.8999511003494263,94.28913879394531,-308.3842468261719,-3.006101131439209,-0.940594494342804,16.28226089477539,-0.17263774836093448,-0.9571362960310319,0.23256465479703364,0.7080987099901794,-0.2847239037280478,-0.6461644647890387,0.684684178838032,0.05312635377906294,0.7269010701484979,-1.157793641090393,-1.5795910358428955,-0.2872113883495331
3.31,1.5833134367945547,2.4787842728024394,2.599920367084005,0.7601328157253727,1.8698272705078125,94.2800521850586,-308.2215881347656,-3.0173497200012207,-0.8796467781066895,16.26508331298828,-0.1661057738302142,-0.9601253360518052,0.224873766748533,0.6981282081523126,-0.27555257659445254,-0.660823563830921,0.6964379921301729,0.04722411040523938,0.7160614544256148,-1.025442361831665,-1.6618491411209106,-0.28640055656433105
3.32,1.5833134367945547,2.4787842728024394,2.599920367084005,0.7601328157253727,1.839616298675537,94.2715072631836,-308.0589294433594,-3.0246570110321045,-0.8280442953109741,16.26149559020996,-0.15978785671061557,-0.9626987032578304,0.21835532417030576,0.6880279255808236,-0.26722861024329586,-0.6746898869024087,0.7078738690393763,0.04242730975596026,0.7050634786443666,-0.8814799189567566,-1.584296464920044,-0.2775571048259735
3.33,2.401875891285836,1.6510103183881024,0.05802209416727105,2.766245721498552,1.809336543083191,94.26347351074219,-307.8962707519531,-3.0312626361846924,-0.7771376967430115,16.26158332824707,-0.15385117495793404,-0.9648697820434712,0.21296976232190185,0.6782910266140781,-0.25986086715996376,-0.6873089646830539,0.718506158066083,0.03871218694746997,0.694442414749316,-0.7355270981788635,-1.4849947690963745,-0.26745229959487915
3.34,2.401875891285836,1.6510103183881024,0.05802209416727105,2.766245721498552,1.7789937257766724,94.25594329833984,-307.7336120605469,-3.0371320247650146,-0.7275080680847168,16.265642166137695,-0.1482847896481197,-0.9668232477344314,0.2080010307648955,0.669119968726632,-0.2529591386591662,-0.6987776052651398,0.7282101953490376,0.035559552992956045,0.6844307339538876,-0.8112632036209106,-1.3466345071792603,-0.26901528239250183
3.35,2.401875891285836,1.6510103183881024,0.05802209416727105,2.766245721498552,1.748595952987671,94.24891662597656,-307.5709533691406,-3.042327880859375,-0.678959846496582,16.27312660217285,-0.14304087769419338,-0.9691594714195791,0.20067193691744034,0.6609257874307229,-0.24445915178382305,-0.7095187288706428,0.7366928877202181,0.031139076204282412,0.6755101384254645,-1.0931520462036133,-1.1735299825668335,-0.28170832991600037
3.36,2.401875891285836,1.6510103183881024,0.05802209416727105,2.766245721498552,1.7181487083435059,94.24237060546875,-307.40826416015625,-3.0470709800720215,-0.6301186680793762,16.282323837280273,-0.1381145614015037,-0.9720035639432654,0.1900879786058569,0.6538692037336684,-0.23364287112941323,-0.7196291219642954,0.7438947723553169,0.024901414658506427,0.6678326790524978,-1.4033511877059937,-0.9947279095649719,-0.29602137207984924
3.37,2.2191309498391245,1.5077478108500748,2.064894633756706,0.42568898563038565,1.6876569986343384,94.23632049560547,-307.24530029296875,-3.051165819168091,-0.5808159112930298,16.292736053466797,-0.1335007966041799,-0.9752728060053033,0.17612635002347327,0.6480068505015648,-0.2203648663400664,-0.7290586035333285,0.7498430895921437,0.01680117702621675,0.6614023445992927,-1.717052936553955,-0.8141885995864868,-0.3105761408805847
3.38,2.2191309498391245,1.5077478108500748,2.064894633756706,0.42568898563038565,1.657130241394043,94.23075103759766,-307.08233642578125,-3.053853750228882,-0.5332931280136108,16.30605697631836,-0.1292056139509825,-0.9786489458608899,0.15985039908901738,0.6433740468711303,-0.2053999442776358,-0.7374826768836054,0.75456990738845,0.0075566961109060915,0.6561761586705761,-1.700778841972351,-0.6321678757667542,-0.3166501224040985
3.39,2.2191309498391245,1.5077478108500748,2.064894633756706,0.42568898563038565,1.6265842914581299,94.22564697265625,-306.919189453125,-3.0551576614379883,-0.487496942281723,16.321870803833008,-0.12528296323633736,-0.9814119532143899,0.14537798048755046,0.639992647166592,-0.19191286579274924,-0.7440288055686501,0.7580986681794267,-0.00017329492287265769,0.6521398464083061,-1.3774315118789673,-0.4502421021461487,-0.3146545886993408
3.4,0.42496483743077645,3.04839436031766,0.5643888801103506,1.230853480165252,1.5960296392440796,94.22100067138672,-306.75592041015625,-3.0556421279907227,-0.4417639970779419,16.338401794433594,-0.12170392893299625,-0.9834688261247809,0.13407916215063997,0.6378913033037302,-0.180991698576284,-0.7485564041646693,0.7604491033933438,-0.005574323924652236,0.6493736120763165,-1.0109963417053223,-0.2693595886230469,-0.3113526999950409
3.41,0.42496483743077645,3.04839436031766,0.5643888801103506,1.230853480165252,1.5654752254486084,94.216796875,-306.5924072265625,-3.054966449737549,-0.3992414176464081,16.35810089111328,-0.11844314174134868,-0.9850948627095674,0.12473705799664037,0.6371684630078637,-0.17174868976068142,-0.7513446195413165,0.7615691511101504,-0.009513097745089738,0.6480138339948129,-1.0703846216201782,-0.058781616389751434,-0.30577293038368225
3.42,0.42496483743077645,3.04839436031766,0.5643888801103506,1.230853480165252,1.5349335670471191,94.21300506591797,-306.4287414550781,-3.053234100341797,-0.35975179076194763,16.380443572998047,-0.11553405643858022,-0.9869748882385224,0.11194843361745882,0.6381240766999142,-0.16011899331284857,-0.7530999739187099,0.7612158330846308,-0.015571704050475033,0.6483116360935036,-1.5297534465789795,0.18092097342014313,-0.2982028126716614
3.43,0.42496483743077645,3.04839436031766,0.5643888801103506,1.230853480165252,1.50441312789917,94.20960998535156,-306.2648620605469,-3.050661087036133,-0.3207080662250519,16.402774810791016,-0.11293719034164756,-0.9891495221004072,0.09395964009227892,0.6408584261499841,-0.14478221991279877,-0.7538823425639357,0.7593060441418202,-0.02492652654619354,0.6502561030886539,-2.04400372505188,0.4258809983730316,-0.2901345491409302
3.44,3.83331022309991,1.8643901194851165,2.15255971888161,2.7248538877787984,1.4739238023757935,94.20659637451172,-306.1006774902344,-3.0469911098480225,-0.28179076313972473,16.424413681030273,-0.11055516247436165,-0.9913645569478535,0.07052567814529437,0.645385418861186,-0.12557367648828605,-0.7534646062653418,0.7558142742576637,-0.037783157634075804,0.65369504803659,-2.5651168823242188,0.6726853251457214,-0.2816537320613861
3.45,3.83331022309991,1.8643901194851165,2.15255971888161,2.7248538877787984,1.443472981452942,94.20402526855469,-305.9364929199219,-3.0433385372161865,-0.2245851755142212,16.4289608001709,-0.10821192892932885,-0.9932048382882949,0.04282905133336512,0.6515520450734346,-0.10339538054540509,-0.751524668818327,0.7508462632243827,-0.05341857806599709,0.6583132571347687,-2.7275545597076416,0.8614138960838318,-0.281387060880661
3.46,3.83331022309991,1.8643901194851165,2.15255971888161,2.7248538877787984,1.4130624532699585,94.20215606689453,-305.7723083496094,-3.0383474826812744,-0.15064966678619385,16.417375564575195,-0.10564645254181348,-0.9942830243292751,0.015494986155541068,0.6587866323505149,-0.08165375991271295,-0.747885577162967,0.7448751573932357,-0.06880356838672741,0.6636467952726474,-2.556093692779541,0.9952074885368347,-0.2889646291732788
3.47,3.83331022309991,1.8643901194851165,2.15255971888161,2.7248538877787984,1.382715106010437,94.2010498046875,-305.6081237792969,-3.0306477546691895,-0.0749606341123581,16.40241241455078,-0.1027549386250059,-0.994656879442853,-0.009955639867818,0.6668841258922547,-0.06146074770007476,-0.7426224741583516,0.7380426716803677,-0.08294738494463927,0.6696362789677327,-2.3379404544830322,1.121031403541565,-0.29758790135383606
3.48,3.101518855538591,2.9053309669202267,0.4806507949118916,3.7632224622925325,1.352458119392395,94.2007064819336,-305.4442443847656,-3.0203115940093994,0.0002592550590634346,16.38576889038086,-0.09949145444625784,-0.9944814174589935,-0.03328904956468032,0.6757890789093852,-0.04297695992428663,-0.7358410845708953,0.730349622659568,-0.09570627588835434,0.6763355213476587,-2.113067150115967,1.2453789710998535,-0.30633801221847534
3.49,3.101518855538591,2.9053309669202267,0.4806507949118916,3.7632224622925325,1.3223167657852173,94.20106506347656,-305.2804260253906,-3.0076003074645996,0.07347991317510605,16.36858367919922,-0.0958035807852145,-0.9938452629643675,-0.0556171483628794,0.6856214807382777,-0.02537884419024211,-0.7275157038977367,0.7216265371083457,-0.10783092112587683,0.6838330449679677,-2.230328321456909,1.4344357252120972,-0.3168308436870575
3.5,3.101518855538591,2.9053309669202267,0.4806507949118916,3.7632224622925325,1.2923139333724976,94.20216369628906,-305.1168518066406,-2.99251127243042,0.14459139108657837,16.350610733032227,-0.09153241765535819,-0.9924769166850321,-0.08131043208307648,0.6969270943893998,-0.0055235813170250725,-0.7171207117043702,0.711276628059796,-0.12230723566823731,0.6921896405459133,-2.665724754333496,1.6850768327713013,-0.3284950256347656
3.51,2.029328983485429,0.7934259711674688,0.16868485707736938,1.413550244133653,1.2624757289886475,94.2039566040039,-304.9534606933594,-2.9745943546295166,0.21424783766269684,16.330766677856445,-0.0864690397120938,-0.989971287404775,-0.11171372022003617,0.7098084407172283,0.01746506521336383,-0.7041782082567378,0.699067294799181,-0.14018495501024753,0.7011797884501019,-3.144355297088623,1.9458889961242676,-0.3396208584308624
3.52,2.029328983485429,0.7934259711674688,0.16868485707736938,1.413550244133653,1.232822060585022,94.20637512207031,-304.7901916503906,-2.956787109375,0.2634972333908081,16.32767677307129,-0.08040276197801116,-0.9859950878037531,-0.1461132529689787,0.7240880528269762,0.04296271795368306,-0.6883681403284658,0.6850050274410733,-0.161145560574599,0.7104929420392246,-3.3921215534210205,2.173485279083252,-0.34802335500717163
3.53,2.029328983485429,0.7934259711674688,0.16868485707736938,1.413550244133653,1.2033371925354004,94.20916748046875,-304.6269226074219,-2.940028667449951,0.29422619938850403,16.3399658203125,-0.07322339151635765,-0.9806766803372624,-0.1814154998271339,0.7393214018737364,0.06871106144091238,-0.669837782427295,0.6693595443902292,-0.18317215584894386,0.7200040011384345,-3.4207823276519775,2.3683838844299316,-0.35414305329322815
3.54,2.029328983485429,0.7934259711674688,0.16868485707736938,1.413550244133653,1.1740257740020752,94.21224975585938,-304.4634094238281,-2.921994924545288,0.3216134011745453,16.352354049682617,-0.06482547882799716,-0.9741165079396944,-0.21655180963015663,0.7552749321732809,0.0939348311513602,-0.6486416763724105,0.6521943223651724,-0.20560466058905416,0.729636409055012,-3.4183731079101562,2.5588881969451904,-0.35965514183044434
3.55,1.9482257022546545,2.7969143050877987,1.35321339723908,0.6499328555241045,1.1449028253555298,94.21559143066406,-304.2998352050781,-2.9022741317749023,0.3476254343986511,16.362638473510742,-0.05509631172960533,-0.9663449685903744,-0.2512803178003846,0.7717895210964172,0.11845064375042552,-0.6247482533956159,0.6334866467097449,-0.22835684065772568,0.7392887269296515,-3.4110631942749023,2.7489330768585205,-0.36479613184928894
3.56,1.9482257022546545,2.7969143050877987,1.35321339723908,0.6499328555241045,1.1159955263137817,94.2192153930664,-304.1362609863281,-2.8779327869415283,0.3790408968925476,16.36248207092285,-0.043853144903959806,-0.9573713811329684,-0.28551171651892915,0.7889135202849066,0.14215266192206272,-0.5978361633592839,0.6129374839196156,-0.2514610492621567,0.749049385227881,-3.4128003120422363,3.042546033859253,-0.36177319288253784
3.57,1.9482257022546545,2.7969143050877987,1.35321339723908,0.6499328555241045,1.0873600244522095,94.22318267822266,-303.9726867675781,-2.8486087322235107,0.4147448241710663,16.352270126342773,-0.030662945929518126,-0.9471680074769279,-0.31926877291572003,0.8072048351032516,0.16491222150610346,-0.566766542223387,0.5894744591013725,-0.2750940290339069,0.7595019007593307,-3.4231648445129395,3.4321327209472656,-0.35088634490966797
3.58,2.26092664051947,4.038315776543817,1.046490382525494,3.0617669262618703,1.0590325593948364,94.22750854492188,-303.8092041015625,-2.8164596557617188,0.4489955008029938,16.338253021240234,-0.015203269996522828,-0.9357313448816168,-0.3523857414644551,0.8265440873135476,0.18656025583182273,-0.5310556869773451,0.5626666262614373,-0.29933613405335124,0.7705868844858226,-3.433892250061035,3.8347108364105225,-0.33825698494911194
3.59,2.26092664051947,4.038315776543817,1.046490382525494,3.0617669262618703,1.0310593843460083,94.23218536376953,-303.6459655761719,-2.775665521621704,0.48941200971603394,16.308149337768555,0.002739053826511517,-0.9227160504654554,-0.38547060562067137,0.8464462700837058,0.2073912523129715,-0.49042591726522783,0.5324670970543797,-0.3249368533692187,0.7815976150660857,-3.7234785556793213,4.200976371765137,-0.32802703976631165
3.6,2.26092664051947,4.038315776543817,1.046490382525494,3.0617669262618703,1.0035476684570312,94.2373046875,-303.4831237792969,-2.725799083709717,0.5337361097335815,16.263015747070312,0.023320668475897754,-0.9065677165630531,-0.42141561635455516,0.8661627115147449,0.22881478158199253,-0.4443038970243346,0.49921769159682505,-0.35465302905126495,0.7905712652136432,-4.272005081176758,4.533287048339844,-0.3193055987358093
3.61,2.26092664051947,4.038315776543817,1.046490382525494,3.0617669262618703,0.9765585064888,94.24284362792969,-303.3207092285156,-2.67132568359375,0.5741151571273804,16.21383285522461,0.04685752729648701,-0.8863254710880579,-0.46068593579160944,0.8850678686206201,0.2506505847958433,-0.39221059684416265,0.4630974412270181,-0.38936030054697873,0.7962030622190261,-4.855945110321045,4.862126350402832,-0.30891478061676025
3.62,3.6093566805988235,3.5987542112401205,1.0493909085838953,1.3045757655564156,0.950134813785553,94.2487564086914,-303.1588134765625,-2.612741708755493,0.6090282797813416,16.162878036499023,0.073719688104943,-0.8613267020771566,-0.5026745665682707,0.9025348401244292,0.27205105002376495,-0.33379497980427675,0.42425967277986787,-0.429074047770144,0.7974328759104826,-5.444310665130615,5.191551685333252,-0.29623180627822876
3.63,3.6093566805988235,3.5987542112401205,1.0493909085838953,1.3045757655564156,0.9243106842041016,94.25498962402344,-302.9974365234375,-2.552072525024414,0.6365721821784973,16.114517211914062,0.10459092127768033,-0.8314519520302203,-0.5456632575603952,0.9180433314026281,0.2917074397010928,-0.2685204113101979,0.38243585194572255,-0.47285771759396034,0.7938188698049322,-5.760988235473633,5.705392360687256,-0.2811116874217987
3.64,3.6093566805988235,3.5987542112401205,1.0493909085838953,1.3045757655564156,0.8991000056266785,94.26145935058594,-302.83648681640625,-2.489583969116211,0.656585156917572,16.069507598876953,0.1410377294009464,-0.798295548482067,-0.5855190655812508,0.9312374761656522,0.30771106523487834,-0.19521952596152478,0.3360135739372019,-0.5177239782024124,0.7868016017549888,-5.82435417175293,6.3894524574279785,-0.2636803090572357
3.65,2.2137106992411844,2.7291547457350376,1.5012987333781724,2.825941086504097,0.874528706073761,94.26809692382812,-302.6760559082031,-2.424177646636963,0.6694512367248535,16.02617835998535,0.18372011823529566,-0.7626550919994938,-0.6201645981534685,0.9408536744437231,0.31914689254833173,-0.11375246925886268,0.2846775042769517,-0.5625855238308106,0.7761805504743461,-5.852041721343994,7.096249580383301,-0.24396094679832458
3.66,2.2137106992411844,2.7291547457350376,1.5012987333781724,2.825941086504097,0.8506218791007996,94.27481079101562,-302.5159912109375,-2.357090950012207,0.6745206713676453,15.986222267150879,0.23215262785765356,-0.7246768781665796,-0.6488055021572539,0.9452136136590921,0.3254692635951886,-0.02531764223474242,0.22951335894083938,-0.6073822360800043,0.7605329955775406,-5.997183322906494,7.512794494628906,-0.22312192618846893
3.67,2.2137106992411844,2.7291547457350376,1.5012987333781724,2.825941086504097,0.8273905515670776,94.28152465820312,-302.3562927246094,-2.288945436477661,0.6715494394302368,15.950928688049316,0.28383629860550774,-0.6836476013590607,-0.6723562394667932,0.9429635028618502,0.32620972366735357,0.06638560427817353,0.17394478395293855,-0.652850038937635,0.7372448974355088,-6.25626277923584,7.6573615074157715,-0.20160341262817383
3.68,2.2137106992411844,2.7291547457350376,1.5012987333781724,2.825941086504097,0.8048467636108398,94.28820037841797,-302.1969299316406,-2.2196757793426514,0.6605267524719238,15.921299934387207,0.3376889537036747,-0.6394484355867077,-0.6907038936999195,0.9336342718965279,0.3207578365479772,0.1595037825046831,0.11955424244566798,-0.6987274923164061,0.7053273527905104,-6.532430648803711,7.763491630554199,-0.1787252575159073
3.69,3.1776437573636978,0.336913465767396,3.8416109545636723,3.8014283576476364,0.7829991579055786,94.29471588134766,-302.037841796875,-2.1497995853424072,0.6414393782615662,15.899125099182129,0.3932175539202536,-0.5922999679737384,-0.7032501000549383,0.9169875200229352,0.30852028951729116,0.2528816305672551,0.06718514278588167,-0.7443090614082802,0.66444727232066,-6.812344551086426,7.863516807556152,-0.15436513721942902
3.7,3.1776437573636978,0.336913465767396,3.8416109545636723,3.8014283576476364,0.761871337890625,94.30099487304688,-301.87890625,-2.073787212371826,0.611789882183075,15.880607604980469,0.44918161806079365,-0.5434106740118649,-0.7091831310502654,0.893253064594199,0.28940221940152017,0.34401354333593603,0.018298540634675065,-0.7880045651996218,0.6153974070754573,-6.732474327087402,7.634221076965332,-0.13309995830059052
3.71,3.1776437573636978,0.336913465767396,3.8416109545636723,3.8014283576476364,0.7415382266044617,94.3069076538086,-301.72021484375,-1.9927030801773071,0.5709151029586792,15.86813735961914,0.5021323373631608,-0.49647821930568736,-0.7080766155786128,0.8644533128992231,0.26529040612107696,0.4270146019021735,-0.02415751625823026,-0.8265170162647395,0.5623931331667071,-6.318368434906006,7.0992045402526855,-0.11798310279846191
3.72,3.1776437573636978,0.336913465767396,3.8416109545636723,3.8014283576476364,0.7220152020454407,94.3123779296875,-301.5615234375,-1.912119746208191,0.5214208960533142,15.866744041442871,0.5506880704011876,-0.4529502190747874,-0.7011267703902901,0.8325735658944613,0.2379877266556829,0.5001830658219457,-0.05969846305892301,-0.8591844627327487,0.5081713810389565,-5.85921573638916,6.520656108856201,-0.10691395401954651
3.73,0.08611490267664078,0.20438113109065303,0.4928479067219528,1.6865412137674742,0.7032902836799622,94.31731414794922,-301.40283203125,-1.8332024812698364,0.46465569734573364,15.87675952911377,0.5944736200321421,-0.4132040331303146,-0.689828632408602,0.7991972894936057,0.20887624821847373,0.5636083794588654,-0.08879643884725452,-0.8863594868533965,0.45440296270274183,-5.394989490509033,5.9353532791137695,-0.09933716058731079
3.74,0.08611490267664078,0.20438113109065303,0.4928479067219528,1.6865412137674742,0.6852520704269409,94.32173156738281,-301.2439270019531,-1.783752679824829,0.42531195282936096,15.91483211517334,0.6337410781937057,-0.3766200945510979,-0.675669704952206,0.765346822948083,0.17844971007546528,0.6183849461114475,-0.11232313391797255,-0.909017604534865,0.40133590448966905,-5.252263069152832,5.503050327301025,-0.09120404720306396
3.75,0.08611490267664078,0.20438113109065303,0.4928479067219528,1.6865412137674742,0.6675358414649963,94.32588958740234,-301.08447265625,-1.7609398365020752,0.4058822691440582,15.975547790527344,0.6698167972422371,-0.340511387507065,-0.6598465375450302,0.7307777588388132,0.144851691078217,0.6670696026490054,-0.13156490914629548,-0.9290155986687166,0.3458622444146409,-5.408817768096924,5.213728427886963,-0.08085920661687851
3.76,0.8120514973004185,0.33320185638566907,1.5816327660500271,4.030455024129798,0.6500202417373657,94.32986450195312,-300.92437744140625,-1.7424954175949097,0.38866421580314636,16.043745040893555,0.7031444452264695,-0.30412274608995116,-0.6427264149370767,0.6956954024163686,0.10743361735636903,0.7102576468567247,-0.14695508226627316,-0.9465555309502091,0.2871181474997365,-5.607528209686279,4.943885803222656,-0.070377878844738
3.77,0.8120514973004185,0.33320185638566907,1.5816327660500271,4.030455024129798,0.6327241659164429,94.33362579345703,-300.7635803222656,-1.7128040790557861,0.35662442445755005,16.112234115600586,0.7334495413113347,-0.26735252965374234,-0.6249595148791144,0.6610003268625064,0.06610353551611658,0.7474683207199685,-0.15852551289257186,-0.9613287405877423,0.22520371729199473,-5.862952709197998,4.498476505279541,-0.06379420310258865
3.78,0.8120514973004185,0.33320185638566907,1.5816327660500271,4.030455024129798,0.6157940030097961,94.33695983886719,-300.60211181640625,-1.67288076877594,0.3094315230846405,16.182918548583984,0.7594952415621109,-0.2298107409948357,-0.608567170793755,0.6289621284945118,0.020617657613079765,0.7771625010988391,-0.16605306068893774,-0.9730169245794004,0.16020126565630366,-6.166537284851074,3.888120174407959,-0.061533693224191666
3.79,0.8120514973004185,0.33320185638566907,1.5816327660500271,4.030455024129798,0.5992666482925415,94.33980560302734,-300.4399108886719,-1.632720947265625,0.25866448879241943,16.26009178161621,0.7811097041197446,-0.19133257617269336,-0.5943563539031826,0.6008030214049114,-0.028869800790979394,0.7988756249085451,-0.17000988089136,-0.9811005962170287,0.09240270830390168,-6.4771575927734375,3.2549889087677,-0.061131056398153305
3.8,3.6842397607568653,1.3362391121325672,0.6788061118074844,1.7815542628209453,0.5831365585327148,94.34213256835938,-300.27691650390625,-1.5934641361236572,0.20644627511501312,16.343698501586914,0.7984987399448151,-0.15182982968171788,-0.582535376715752,0.5771609868613182,-0.08199714926260043,0.8125033309212192,-0.17112848258490385,-0.9849995788484519,0.022155633968832855,-6.7890543937683105,2.6189656257629395,-0.062425289303064346
3.81,3.6842397607568653,1.3362391121325672,0.6788061118074844,1.7815542628209453,0.5674011707305908,94.34392547607422,-300.113037109375,-1.5531165599822998,0.1507774144411087,16.43309211730957,0.8128063485614336,-0.1116969557939329,-0.5717251348371856,0.5571258011421142,-0.13764189449436165,0.818941725998719,-0.17016662845572053,-0.9841638577728667,-0.04964694969121003,-6.854798793792725,2.4677419662475586,-0.06615292280912399
3.82,3.6842397607568653,1.3362391121325672,0.6788061118074844,1.7815542628209453,0.5520767569541931,94.34513854980469,-299.9482421875,-1.5118507146835327,0.09223417937755585,16.527721405029297,0.8275791182942825,-0.07285771924740472,-0.556600894456094,0.535852765226951,-0.19290042372359018,0.8219800730710503,-0.16725614177628167,-0.9785096725497022,-0.12059935225691165,-6.691415309906006,2.767151117324829,-0.07048753648996353
3.83,2.0088054863221236,1.1283698063154606,1.932508213071692,1.0877532645823835,0.537161111831665,94.34577178955078,-299.782470703125,-1.4714967012405396,0.033192917704582214,16.626558303833008,0.8437175735255957,-0.03620558382657796,-0.5355649464106644,0.5117727351939527,-0.24676833314908847,0.8229180136969423,-0.16195469624614622,-0.9683979272254755,-0.18967374860328295,-6.495944023132324,3.1291720867156982,-0.07402250170707703
3.84,2.0088054863221236,1.1283698063154606,1.932508213071692,1.0877532645823835,0.5226311683654785,94.3458251953125,-299.6156921386719,-1.4358123540878296,-0.020860375836491585,16.72709083557129,0.8607535514818163,-0.0022115124437599165,-0.5090171242936251,0.4851772854373444,-0.29891194739820004,0.8217387963326703,-0.15396858545524902,-0.9542781339396431,-0.256216544699172,-6.259112358093262,3.330970287322998,-0.07023745775222778
3.85,2.0088054863221236,1.1283698063154606,1.932508213071692,1.0877532645823835,0.508431077003479,94.34536743164062,-299.4479064941406,-1.4045969247817993,-0.07008583843708038,16.827646255493164,0.8773400717889622,0.028633027361227525,-0.47901414193890973,0.45785538514497776,-0.3488215062607679,0.8177359005594124,-0.14367618009636413,-0.9367516781485371,-0.3191448711146977,-5.987668037414551,3.3766543865203857,-0.06042993441224098
3.86,2.0088054863221236,1.1283698063154606,1.932508213071692,1.0877532645823835,0.4945327937602997,94.34442138671875,-299.2790832519531,-1.3753418922424316,-0.11831945925951004,16.928112030029297,0.893005310185386,0.056211465116210585,-0.4465218775941344,0.4304556120846398,-0.3962279498524267,0.8109940676605351,-0.13133728337962627,-0.9164298570786699,-0.37803020388485875,-5.711711883544922,3.4000093936920166,-0.05016249045729637
3.87,2.952414036843596,2.6242894121798375,1.2658428841627116,1.2568252507725723,0.48091861605644226,94.34300231933594,-299.1092834472656,-1.3477990627288818,-0.16594110429286957,17.02777862548828,0.9076169380467929,0.0805593554469673,-0.411997189335721,0.40313888681423565,-0.44099885424807345,0.8018722145641821,-0.11709197969435675,-0.89388489236694,-0.43273463865214296,-5.435427665710449,3.419738531112671,-0.04021388664841652
3.88,2.952414036843596,2.6242894121798375,1.2658428841627116,1.2568252507725723,0.4675831198692322,94.3410873413086,-298.93853759765625,-1.3184717893600464,-0.22001275420188904,17.13002586364746,0.9213516647166947,0.10189455248043039,-0.3751381213614372,0.3754505822144586,-0.4833391051416279,0.7908351090813523,-0.10073713435769172,-0.8694830703445027,-0.48358165819817567,-5.265773773193359,3.641169786453247,-0.03102020174264908
3.89,2.952414036843596,2.6242894121798375,1.2658428841627116,1.2568252507725723,0.454550564289093,94.33859252929688,-298.7666931152344,-1.2883377075195312,-0.27971452474594116,17.23458480834961,0.9349372499886158,0.12069201044448785,-0.3336551770894498,0.34544701678716216,-0.5242684371776746,0.7783373075808,-0.08098578379304966,-0.8429567274742793,-0.5318507858688178,-5.195195198059082,4.050343990325928,-0.02160947397351265
3.9,2.952414036843596,2.6242894121798375,1.2658428841627116,1.2568252507725723,0.4418076276779175,94.33549499511719,-298.59381103515625,-1.2607685327529907,-0.3391171991825104,17.337739944458008,0.9481563190221731,0.13690093458790692,-0.2868060822355086,0.31262327925763805,-0.5640711173078159,0.7642581107749618,-0.057151377625780306,-0.8142984150347281,-0.5776260133576099,-5.138628959655762,4.485118389129639,-0.011229329742491245
3.91,3.8334722995021204,3.853126515785691,1.011706703331416,0.5225443669900357,0.42932409048080444,94.3318099975586,-298.419921875,-1.2365543842315674,-0.3972564935684204,17.438440322875977,0.9604126936744208,0.15030375514768815,-0.2345554071377306,0.27707818958435426,-0.6027202875130002,0.7483020325222316,-0.028898696955042935,-0.7836689583036642,-0.6205061072266336,-5.08434534072876,4.922879695892334,0.0002021072432398796
3.92,3.8334722995021204,3.853126515785691,1.011706703331416,0.5225443669900357,0.4170677065849304,94.3275375366211,-298.2449951171875,-1.2150816917419434,-0.45766720175743103,17.539457321166992,0.9711340455313265,0.16065386756882805,-0.1763207317507992,0.23849262222444284,-0.6401121457856019,0.7303271253091055,0.00446483532384033,-0.7512967294304762,-0.6599494598774979,-5.020753860473633,5.574358940124512,0.014427468180656433
3.93,3.8334722995021204,3.853126515785691,1.011706703331416,0.5225443669900357,0.4050092101097107,94.3226547241211,-298.0690612792969,-1.1974834203720093,-0.5197027921676636,17.64046287536621,0.9797401395244828,0.16759792279173338,-0.10963665117306146,0.1951619536348521,-0.6760833703841317,0.7105090345262761,0.0449563216686511,-0.7175111236530967,-0.6950947536675095,-4.948763847351074,6.423790454864502,0.03198322281241417
3.94,0.6383477513399158,1.8163525695518759,3.265753193775763,3.4054035944236016,0.39309921860694885,94.31714630126953,-297.89215087890625,-1.1855610609054565,-0.5800334811210632,17.738651275634766,0.9847307325467245,0.17075449981402166,-0.03388635671261859,0.14688769535297655,-0.710524306633417,0.68817091963915,0.09343120106197239,-0.6826405426550387,-0.7247568559122102,-4.876882553100586,7.299914836883545,0.051775455474853516
3.95,0.6383477513399158,1.8163525695518759,3.265753193775763,3.4054035944236016,0.3812761902809143,94.31106567382812,-297.71429443359375,-1.1802221536636353,-0.6376696228981018,17.83329963684082,0.9842959619260544,0.16978354679082303,0.04832190574875335,0.09578147879458919,-0.7436101392656084,0.6617173634576202,0.148281380004317,-0.6466973851969026,-0.7481945765130246,-4.943671226501465,7.463072776794434,0.07424376904964447
3.96,0.6383477513399158,1.8163525695518759,3.265753193775763,3.4054035944236016,0.3694719672203064,94.30441284179688,-297.5354919433594,-1.1817585229873657,-0.6921578049659729,17.92451286315918,0.9780778227071452,0.1644699406308704,0.1277239654776221,0.048432553788490276,-0.7761986339726736,0.6286254595166195,0.20252915953505518,-0.6086586229142196,-0.767148369150447,-5.139225482940674,6.960676670074463,0.09760456532239914
3.97,0.6383477513399158,1.8163525695518759,3.265753193775763,3.4054035944236016,0.35761943459510803,94.2972412109375,-297.3558044433594,-1.1898049116134644,-0.7431524395942688,18.01276969909668,0.9672972386919444,0.15474570094051548,0.20097218727816138,0.006938910070963644,-0.8081824596810049,0.5888913001488377,0.25355059366123933,-0.5682384005893916,-0.782826428111394,-5.353501796722412,6.364768981933594,0.12033947557210922
3.98,2.488121893912561,0.880823143127209,0.805735908799222,2.8519541532322634,0.3456561863422394,94.2895736694336,-297.17523193359375,-1.2038049697875977,-0.7901374101638794,18.098360061645508,0.9533003219198993,0.1406525180399678,0.26727395196021786,-0.02849923704400706,-0.8391025406232738,0.543226214212345,0.3006763870265269,-0.5254748285965594,-0.7959082326475148,-5.570859432220459,5.754960060119629,0.14211203157901764
3.99,2.488121893912561,0.880823143127209,0.805735908799222,2.8519541532322634,0.3335350453853607,94.28147888183594,-296.993896484375,-1.2202883958816528,-0.8276028633117676,18.1738224029541,0.9370280177537229,0.12239633182321918,0.3271049249105694,-0.05849824261385337,-0.8683478573031929,0.4924936084133932,0.344320271775595,-0.48061537290558476,-0.8065063011354632,-5.721503257751465,5.413295269012451,0.153889462351799
4.0,2.488121893912561,0.880823143127209,0.805735908799222,2.8519541532322634,0.3212455213069916,94.27305603027344,-296.8117980957031,-1.2380849123001099,-0.8563958406448364,18.24004554748535,0.9181483147392181,0.10044864959288076,0.3832932831873011,-0.08483005886560631,-0.895074479470699,0.4377733857980809,0.38704978136460916,-0.4344556881837597,-0.8132900600341703,-5.809659004211426,5.322717666625977,0.15701651573181152
4.01,2.2933718873934597,2.060273383668932,1.071565428858596,0.6832788497114031,0.30876290798187256,94.26437377929688,-296.62908935546875,-1.2590076923370361,-0.880607008934021,18.303775787353516,0.8965771070921387,0.07501898416814362,0.4364878498339574,-0.1079160489244396,-0.9188401086238582,0.37958790967130956,0.4295388427404785,-0.3874338740978596,-0.8157152541044541,-5.889158725738525,5.266773223876953,0.15899862349033356
4.02,2.2933718873934597,2.060273383668932,1.071565428858596,0.6832788497114031,0.29606083035469055,94.25546264648438,-296.4457702636719,-1.2812926769256592,-0.8991261720657349,18.3630428314209,0.8721526247648729,0.04632555467425625,0.487035668200867,-0.12795420922846193,-0.9392568054699076,0.31847193552836417,0.4722049549257838,-0.34007439827570973,-0.8132477385034355,-5.886386394500732,5.414567470550537,0.16833466291427612
4.03,2.2933718873934597,2.060273383668932,1.071565428858596,0.6832788497114031,0.28313273191452026,94.24639892578125,-296.2618713378906,-1.3047196865081787,-0.9124613404273987,18.41904067993164,0.8436468679451665,0.0148696623829698,0.5366925147111031,-0.14561770802240043,-0.9558109951640594,0.25538368122061733,0.5167740757009914,-0.29360557669108983,-0.8042016662624363,-5.809067726135254,5.747468948364258,0.1851375699043274
4.04,2.2933718873934597,2.060273383668932,1.071565428858596,0.6832788497114031,0.26995760202407837,94.23722076416016,-296.077392578125,-1.3307914733886719,-0.9219269156455994,18.47548484802246,0.8103706372279939,-0.01909539667748089,0.5856063491326107,-0.16069555410535902,-0.9683872725670478,0.19079577883414003,0.5634504141532484,-0.24871963363571462,-0.787821156503587,-5.722883701324463,6.105276584625244,0.20370452105998993
4.05,1.4882468266020714,0.8642623839685886,3.3916676925004703,2.1397382937756126,0.2565073072910309,94.22797393798828,-295.8923645019531,-1.3597743511199951,-0.9276850819587708,18.533700942993164,0.7719627939903064,-0.05540295203943833,0.6332487328056772,-0.17268338329655625,-0.9770095261223128,0.12503133607023914,0.6117629392403031,-0.20587107317826403,-0.7637821727433127,-5.63712215423584,6.465688705444336,0.22321340441703796
4.06,1.4882468266020714,0.8642623839685886,3.3916676925004703,2.1397382937756126,0.24273453652858734,94.21866607666016,-295.70672607421875,-1.397067666053772,-0.9305490255355835,18.60073471069336,0.7290683387961094,-0.09364282762294965,0.6780047036708964,-0.18096036274856983,-0.9817191451377074,0.058998874429900865,0.6600853766589497,-0.16570618849297009,-0.7326859863653357,-5.456728458404541,6.426820755004883,0.24400049448013306
4.07,1.4882468266020714,0.8642623839685886,3.3916676925004703,2.1397382937756126,0.22853997349739075,94.20935821533203,-295.52032470703125,-1.4426542520523071,-0.9296743273735046,18.6761474609375,0.6853194537168646,-0.13257734651622474,0.7160729666367355,-0.18515425309997105,-0.98269804190289,-0.004739303663826709,0.7043118264775982,-0.12933601830481317,-0.6980093448177086,-5.187588691711426,6.016945838928223,0.26409634947776794
4.08,1.5400296445260881,3.0348173162232857,3.70327646504808,3.7903430598267294,0.2138695865869522,94.20008087158203,-295.33319091796875,-1.4919153451919556,-0.9244002103805542,18.754934310913086,0.642548251116234,-0.1713313952430552,0.7468448955382483,-0.18582379874030894,-0.9804279031427666,-0.0650433898317041,0.7433715496366471,-0.09698803917569357,-0.661809685217483,-4.906044006347656,5.555411338806152,0.28220808506011963
4.09,1.5400296445260881,3.0348173162232857,3.70327646504808,3.7903430598267294,0.19864436984062195,94.19088745117188,-295.14520263671875,-1.5583630800247192,-0.9131625294685364,18.848726272583008,0.6015488888871173,-0.20999453986511463,0.7707407005637585,-0.1836934774823366,-0.975337123359579,-0.12236912244151943,0.7774288653048076,-0.0679690298849415,-0.6252875901274381,-4.887740135192871,5.104588031768799,0.3000122904777527
4.1,1.5400296445260881,3.0348173162232857,3.70327646504808,3.7903430598267294,0.1826533079147339,94.18184661865234,-294.9561767578125,-1.6409438848495483,-0.8944310545921326,18.95500373840332,0.5627407384098279,-0.2507488920208013,0.7876851239450334,-0.17933989376950843,-0.9672214597312089,-0.1797772241919744,0.806944895167386,-0.04009539856106355,-0.5892641981128043,-5.11519718170166,4.668227672576904,0.3184061646461487
4.11,1.5400296445260881,3.0348173162232857,3.70327646504808,3.7903430598267294,0.16581372916698456,94.17302703857422,-294.76611328125,-1.7273221015930176,-0.8690065145492554,19.06317901611328,0.5265498851307923,-0.2941381135300923,0.7976390089744285,-0.17321517797637406,-0.9556771167137178,-0.23807089429068923,0.8323110720081544,-0.012806980858656891,-0.5541608617124846,-5.376277446746826,4.232360363006592,0.33642905950546265
4.12,2.115343330976717,3.411090080575331,2.583514674671563,0.3348947396710365,0.14810258150100708,94.16448974609375,-294.5749206542969,-1.815037727355957,-0.8370230197906494,19.171722412109375,0.493357264865727,-0.3399519194299133,0.8006443040952249,-0.1657710736681669,-0.9403406509815249,-0.2971185138064365,0.8538843951842148,0.013861911396345544,-0.5202780862897531,-5.641295433044434,3.7949864864349365,0.3538307249546051
4.13,2.115343330976717,3.411090080575331,2.583514674671563,0.3348947396710365,0.12955690920352936,94.15628814697266,-294.3827209472656,-1.8896923065185547,-0.8038809299468994,19.27190589904785,0.4624249896917985,-0.38732748935133166,0.7975841929861284,-0.1570562971677255,-0.9210967793779455,-0.3562499719853166,0.8726376386728357,0.039473269593103655,-0.48677038997778727,-5.712068557739258,3.7375175952911377,0.3748157322406769
4.14,2.115343330976717,3.411090080575331,2.583514674671563,0.3348947396710365,0.1103459894657135,94.1484146118164,-294.1895446777344,-1.951827049255371,-0.7708490490913391,19.365318298339844,0.43002536919838114,-0.43405962478569643,0.7916251789683656,-0.1456363284890691,-0.8987068631215042,-0.4136617386253294,0.8909928404145683,0.0625956572711465,-0.4496816007140754,-5.603751182556152,4.033377647399902,0.4000178575515747
4.15,2.115343330976717,3.411090080575331,2.583514674671563,0.3348947396710365,0.09052598476409912,94.14089965820312,-293.99542236328125,-2.0120468139648438,-0.7342463731765747,19.459026336669922,0.3950170677164168,-0.4793990825754745,0.7836695960916928,-0.1307270982432551,-0.8736965290499938,-0.46857742253643797,0.9093249925068716,0.0826492271699294,-0.4077954919449101,-5.472681522369385,4.377458095550537,0.426456481218338
4.16,0.6515383290142016,3.9312562966223297,3.1283158620881863,2.07880080261953,0.07010672241449356,94.1337661743164,-293.80035400390625,-2.071732521057129,-0.693636417388916,19.553804397583008,0.3573567043951951,-0.5231652055773968,0.7736887962850213,-0.11196932335985862,-0.8464124605218654,-0.5206234890010792,0.9272319323934765,0.09941888324901652,-0.36104962152504455,-5.340813636779785,4.727314472198486,0.453672856092453
4.17,0.6515383290142016,3.9312562966223297,3.1283158620881863,2.07880080261953,0.049076806753873825,94.12705993652344,-293.6043395996094,-2.1357192993164062,-0.6457617878913879,19.651548385620117,0.317752063552623,-0.5658699494236263,0.7608053801382801,-0.08952583120151952,-0.816710655691811,-0.5700603743702327,0.943937896079889,0.11302612626625466,-0.3101714737456006,-5.455222129821777,4.853663444519043,0.48308080434799194
4.18,0.6515383290142016,3.9312562966223297,3.1283158620881863,2.07880080261953,0.027382170781493187,94.1208724975586,-293.4073486328125,-2.203225612640381,-0.5904916524887085,19.751096725463867,0.27859136842300164,-0.6096181482664571,0.7421270529662526,-0.06488240450310495,-0.7829003372935219,-0.6187546649937959,0.9582155931866766,0.12422872119548398,-0.25766276759368995,-5.797840595245361,4.769956588745117,0.5145397782325745
4.19,0.18715032276801755,2.5659506549388857,4.175830611179045,2.637738721013481,0.005015667527914047,94.11526489257812,-293.2093505859375,-2.269782304763794,-0.5303947925567627,19.85003089904785,0.24083310891883897,-0.6546685641374794,0.7165252855124219,-0.0386400918582791,-0.7441367115873833,-0.6669089126478214,0.9697970699840613,0.13292714394767763,-0.2045092111672308,-6.172883987426758,4.653872966766357,0.5467948913574219
4.2,0.18715032276801755,2.5659506549388857,4.175830611179045,2.637738721013481,-0.01800379902124405,94.11028289794922,-293.0103454589844,-2.333432912826538,-0.46660077571868896,19.94734001159668,0.2053872289272759,-0.7002480364495977,0.6837168812030736,-0.011559050412549232,-0.70029764494525,-0.7137573795329172,0.9786125252351592,0.13869353241092253,-0.15192639507421174,-6.446038722991943,4.292815685272217,0.5785154104232788
4.21,0.18715032276801755,2.5659506549388857,4.175830611179045,2.637738721013481,-0.041641347110271454,94.10594940185547,-292.8103942871094,-2.3934860229492188,-0.3993220925331116,20.042530059814453,0.17445871116297568,-0.7447902697740041,0.6440897547309066,0.0138938647078935,-0.6521939414875545,-0.7579248136922334,0.9845664622679529,0.14117548206715708,-0.10343289921622441,-6.619246482849121,3.707667827606201,0.6083017587661743
4.22,0.18715032276801755,2.5659506549388857,4.175830611179045,2.637738721013481,-0.06586132943630219,94.1023178100586,-292.6094970703125,-2.4498374462127686,-0.32825174927711487,20.13538360595703,0.1485325656433823,-0.7874271922735807,0.5982445100554956,0.036446631274126395,-0.6001850484089646,-0.7990303816095461,0.9882356601601474,0.14048602967723972,-0.060447956568965275,-6.776263236999512,3.0890095233917236,0.6361892223358154
4.23,0.05766021503933562,2.498117987822249,2.795463225721345,1.5018210802014913,-0.09062404930591583,94.09938049316406,-292.4076843261719,-2.5019352436065674,-0.25357088446617126,20.22574806213379,0.1273526607751887,-0.827574496060555,0.5467190807568345,0.05543023429072236,-0.5444075420133088,-0.8369874057149862,0.990307421420215,0.1368973398906856,-0.023459100811812128,-6.928386688232422,2.463419198989868,0.6620835065841675
4.24,0.05766021503933562,2.498117987822249,2.795463225721345,1.5018210802014913,-0.11586186289787292,94.0971908569336,-292.20501708984375,-2.542686939239502,-0.1862514764070511,20.313520431518555,0.11019648989203895,-0.8647351546503617,0.48998963859176525,0.07077404271240739,-0.4849135762969456,-0.8716936723419808,0.9913867905583653,0.13073613056351802,0.007765028761226034,-7.100614547729492,1.9947048425674438,0.6857003569602966
4.25,0.05766021503933562,2.498117987822249,2.795463225721345,1.5018210802014913,-0.14144647121429443,94.09562683105469,-292.00146484375,-2.573256015777588,-0.1265038698911667,20.399404525756836,0.09562492322675326,-0.8985137826595745,0.4284026802304814,0.08384702589863668,-0.42157473743076856,-0.9029088641762975,0.9918798063807077,0.12226088144194397,0.03502465650378345,-7.2925333976745605,1.671854019165039,0.7077547311782837
4.26,1.150851755768813,1.732643099264191,3.494152983845546,2.0049709276473187,-0.16731101274490356,94.09466552734375,-291.7970275878906,-2.5988829135894775,-0.06621655076742172,20.483633041381836,0.08303305437531591,-0.9283816154078538,0.3622334717468963,0.09498003291077184,-0.3544614765482278,-0.9302343011260759,0.9920102344378179,0.11164514237508882,0.05874569732900964,-7.485677242279053,1.3667418956756592,0.7287322878837585
4.27,1.150851755768813,1.732643099264191,3.494152983845546,2.0049709276473187,-0.19341717660427094,94.0943374633789,-291.591796875,-2.622281312942505,0.002212784718722105,20.56572151184082,0.07215610649932283,-0.9536058074155837,0.2922831852127849,0.10386679046551672,-0.28426938855575856,-0.9531015709611057,0.9919703554709942,0.09913061481403163,0.07853620231040762,-7.519582748413086,1.001570224761963,0.7453312277793884
4.28,1.150851755768813,1.732643099264191,3.494152983845546,2.0049709276473187,-0.21974462270736694,94.09475708007812,-291.3857421875,-2.642329454421997,0.0784054547548294,20.64563751220703,0.06285344246322982,-0.9732789643288189,0.22085629347053526,0.10961636106171202,-0.21322275423253817,-0.9708348523127295,0.9919847267766323,0.08522977573895402,0.09328551425263071,-7.404362201690674,0.5800508260726929,0.7573359608650208
4.29,1.150851755768813,1.732643099264191,3.494152983845546,2.0049709276473187,-0.24624532461166382,94.09593963623047,-291.17889404296875,-2.656829833984375,0.1567232757806778,20.72405242919922,0.05467368394350647,-0.9873051242908966,0.1491287357720928,0.11183201856742708,-0.14235769296934397,-0.983477446043162,0.9922219448828877,0.07044770259833244,0.10262910547908288,-7.265747547149658,0.1509595364332199,0.7672114968299866
4.3,0.3840317417256396,2.1631253407116424,1.9251730884797165,1.5821193988868125,-0.27286210656166077,94.09788513183594,-290.9713134765625,-2.665541887283325,0.23601359128952026,20.80150032043457,0.04706790841496494,-0.9958623827296382,0.07773497707909832,0.11037177417979405,-0.07215974884773163,-0.9912673918326159,0.9927752431753347,0.05523663014956448,0.10651868957077543,-7.1211748123168945,-0.27877020835876465,0.7753605246543884
4.31,0.3840317417256396,2.1631253407116424,1.9251730884797165,1.5821193988868125,-0.29953518509864807,94.10060119628906,-290.76287841796875,-2.668008804321289,0.30509647727012634,20.879657745361328,0.039469588168664166,-0.9991989234098002,0.006607803454421857,0.10555970878696236,-0.002406395669608763,-0.994410054826827,0.9936293572004642,0.03994647314316391,0.10538016792933447,-7.15302848815918,-0.5941062569618225,0.7821043729782104
4.32,0.3840317417256396,2.1631253407116424,1.9251730884797165,1.5821193988868125,-0.3262064456939697,94.10395050048828,-290.5536804199219,-2.665513277053833,0.3643282353878021,20.958839416503906,0.03140876473404075,-0.9973238864546874,-0.06601935325947772,0.09884241209488609,0.0688274392397562,-0.9927199812530031,0.9946072928895839,0.024654596216845737,0.10073968342335565,-7.349908351898193,-0.8046997785568237,0.7879372835159302
4.33,0.7647252905679534,2.429494460484372,0.16401546792460125,3.3741700698541854,-0.3528314232826233,94.10787963867188,-290.3437194824219,-2.658745288848877,0.42195630073547363,21.03838539123535,0.022607065761790945,-0.9898359122811384,-0.1404057952372636,0.09073063499730072,0.14189347900032784,-0.9857150665837313,0.9956188389391939,0.009545018373468606,0.09301623607532986,-7.568347454071045,-1.0025818347930908,0.7929049134254456
4.34,0.7647252905679534,2.429494460484372,0.16401546792460125,3.3741700698541854,-0.37936535477638245,94.11239624023438,-290.1329040527344,-2.647088050842285,0.4819294512271881,21.11814308166504,0.012861900847026042,-0.9760904536601775,-0.21698386525285723,0.08150064127788137,0.2173031524219685,-0.9726957311609673,0.9965902954463761,-0.005173608116543327,0.08234692951872016,-8.052370071411133,-1.158401608467102,0.7898966073989868
4.35,0.7647252905679534,2.429494460484372,0.16401546792460125,3.3741700698541854,-0.4057553708553314,94.11752319335938,-289.9213562011719,-2.630005359649658,0.5437314510345459,21.198396682739258,0.0021356446459083744,-0.9544670936644548,-0.29830857536060706,0.07177828898035593,0.2976861105361051,-0.9519615836917675,0.9974183256051589,-0.01937902746823017,0.06914576661941535,-8.781020164489746,-1.2787244319915771,0.7793605923652649
4.36,0.7647252905679534,2.429494460484372,0.16401546792460125,3.3741700698541854,-0.43194761872291565,94.12326049804688,-289.7089538574219,-2.6075050830841064,0.6043705940246582,21.27958106994629,-0.009702418664519485,-0.9231468153992431,-0.384325149177482,0.06186085979930944,0.3830529451227636,-0.921652686893315,0.9980376230868997,-0.03271694440213513,0.053390115677333316,-9.542975425720215,-1.3982592821121216,0.7668539881706238
4.37,1.4211651053035612,3.505745653171902,2.3257374892059923,2.1622910056166416,-0.4578869342803955,94.12960052490234,-289.4957580566406,-2.5793838500976562,0.6628571152687073,21.361923217773438,-0.022832260681353966,-0.8804057067797109,-0.4736712777252768,0.05194910786090967,0.47210990057024316,-0.8800076885891455,0.9983886908737669,-0.04469936524462842,0.03495695470279164,-10.30882453918457,-1.5215725898742676,0.7530474066734314
4.38,1.4211651053035612,3.505745653171902,2.3257374892059923,2.1622910056166416,-0.4834953546524048,94.13653564453125,-289.28173828125,-2.5390877723693848,0.7290037274360657,21.445302963256836,-0.03735446479678145,-0.82505959720428,-0.5638096354452073,0.04244287307127337,0.5623843854073476,-0.825785932052282,0.9984003437926101,-0.0547764923220862,0.014010332033418782,-10.847987174987793,-1.5946755409240723,0.7453886270523071
4.39,1.4211651053035612,3.505745653171902,2.3257374892059923,2.1622910056166416,-0.5086256265640259,94.1441879272461,-289.0668640136719,-2.48531174659729,0.8000382781028748,21.530338287353516,-0.05302771437698439,-0.757766893392871,-0.6503671246193727,0.03419239981484362,0.6495237384455144,-0.7595721117778518,0.9980074855945997,-0.06251598574349454,-0.00853289069801888,-11.176401138305664,-1.6201508045196533,0.7439248561859131
4.4,1.4211651053035612,3.505745653171902,2.3257374892059923,2.1622910056166416,-0.5331737995147705,94.15251922607422,-288.85113525390625,-2.423007011413574,0.866055965423584,21.617507934570312,-0.06964685101993778,-0.6790031065486157,-0.7308242589298304,0.0275636083437657,0.7310136752098495,-0.6818058771756519,0.9971908361181816,-0.06762978599343522,-0.03219702483777126,-11.475482940673828,-1.6408147811889648,0.7430051565170288
4.41,2.8981544817469986,0.15134453725128424,0.14796905982200387,0.9705654922963316,-0.5570622682571411,94.16148376464844,-288.6344909667969,-2.353531837463379,0.9248641133308411,21.706865310668945,-0.08704330109787978,-0.5891609052203197,-0.803313694327414,0.02273146639414969,0.8049896856389461,-0.5928531744458174,0.995945151185323,-0.06986439561668495,-0.05667646826999595,-11.770482063293457,-1.6625850200653076,0.7418271899223328
4.42,2.8981544817469986,0.15134453725128424,0.14796905982200387,0.9705654922963316,-0.5802908539772034,94.17094421386719,-288.4169616699219,-2.2979965209960938,0.9620377421379089,21.796733856201172,-0.10471874422463179,-0.48971575445199955,-0.865570600499766,0.01998267516002117,0.8691440876612264,-0.49415508454025203,0.9943010999196701,-0.06904371604312323,-0.08122984656818788,-11.769935607910156,-1.5821219682693481,0.7293075919151306
4.43,2.8981544817469986,0.15134453725128424,0.14796905982200387,0.9705654922963316,-0.6030687689781189,94.18067169189453,-288.19854736328125,-2.2582383155822754,0.9817699193954468,21.88614845275879,-0.12118535263641383,-0.3851629624934946,-0.9148571487558168,0.01978790922907464,0.9205292658557631,-0.390172153480219,0.9924326420239964,-0.06538626022555943,-0.1039330939546469,-11.496421813964844,-1.4025986194610596,0.7073654532432556
4.44,0.3902916711885632,2.121674545156505,1.9511588568583447,1.1554420885025276,-0.6254575252532959,94.19055938720703,-287.979248046875,-2.2193763256073,0.9957349300384521,21.975971221923828,-0.13567684102731614,-0.2783465560113797,-0.9508496145897376,0.021921876821312636,0.9586456740335765,-0.2837567672732077,0.9905105885983652,-0.05934362993038096,-0.12396413780285975,-11.186492919921875,-1.205220341682434,0.6853559613227844
4.45,0.3902916711885632,2.121674545156505,1.9511588568583447,1.1554420885025276,-0.6474316716194153,94.20057678222656,-287.759033203125,-2.1731557846069336,1.0068107843399048,22.067142486572266,-0.14840247671458728,-0.17040141303504855,-0.9741355466980122,0.025844665700386238,0.9840381586539166,-0.1760708822260069,0.9885892767776776,-0.051305562550934936,-0.14162973237113885,-11.092166900634766,-1.1768656969070435,0.6759716868400574
4.46,0.3902916711885632,2.121674545156505,1.9511588568583447,1.1554420885025276,-0.6688995957374573,94.21068572998047,-287.53790283203125,-2.120004653930664,1.0137758255004883,22.159692764282227,-0.16133748521507113,-0.060096956689616274,-0.9850678005402081,0.03106185322625074,0.997340457633257,-0.06593309367864147,0.9864103492657749,-0.0412355109648473,-0.15904167848976064,-11.200641632080078,-1.3102012872695923,0.6770673990249634
4.47,0.3902916711885632,2.121674545156505,1.9511588568583447,1.1554420885025276,-0.6898279786109924,94.22083282470703,-287.3158264160156,-2.0656306743621826,1.0148910284042358,22.252883911132812,-0.17503926013622112,0.05205545038042605,-0.9831843608889712,0.03770902197425544,0.9982230676766457,0.04613823598677726,0.9838390554723415,-0.02899891797839066,-0.17669118733930417,-11.336304664611816,-1.4669967889785767,0.6787121891975403
4.48,0.13231723415912794,3.509175315056745,0.8182407307615542,4.128126466607297,-0.7102128267288208,94.23097229003906,-287.09283447265625,-2.011446952819824,1.0099267959594727,22.346511840820312,-0.18941305161988398,0.1646899924400449,-0.9679875527433922,0.046056108916932,0.9862387022260595,0.15878305030099965,0.9808167671423013,-0.01450615805635827,-0.19439146244361938,-11.474710464477539,-1.6278891563415527,0.6794982552528381
4.49,0.13231723415912794,3.509175315056745,0.8182407307615542,4.128126466607297,-0.7300159335136414,94.24101257324219,-286.868896484375,-1.945142388343811,0.9959604740142822,22.443204879760742,-0.20438283943809737,0.2776209425266295,-0.938698176845916,0.05639438434517967,0.9606871139444655,0.2718454386510498,0.977265229278904,0.0026232368706286813,-0.2120042222946788,-12.053971290588379,-1.8399168252944946,0.6742543578147888
4.5,0.13231723415912794,3.509175315056745,0.8182407307615542,4.128126466607297,-0.7490881085395813,94.2508544921875,-286.6439208984375,-1.8692703247070312,0.9705448150634766,22.54295539855957,-0.22019125123071692,0.3939826410123169,-0.8923527841960326,0.06921044459828701,0.9188096072034135,0.38858566631981717,0.9729983182102417,0.023803031144555675,-0.22958155080139275,-13.041980743408203,-2.1019890308380127,0.6622506380081177
4.51,0.4472311260374674,1.9117515688283955,4.098642217345592,3.1578193018770944,-0.7674105167388916,94.26039123535156,-286.4179992675781,-1.7960171699523926,0.9349218606948853,22.643436431884766,-0.23647730251441867,0.5121691759652132,-0.825688331385771,0.08509121245572177,0.857442377457792,0.5074958668820317,0.9679039058492942,0.04975243240932231,-0.24634675664809658,-14.085437774658203,-2.3752827644348145,0.6466510891914368
4.52,0.4472311260374674,1.9117515688283955,4.098642217345592,3.1578193018770944,-0.7850148677825928,94.26951599121094,-286.19110107421875,-1.7248238325119019,0.8867324590682983,22.745256423950195,-0.25313452175016943,0.6268556158497699,-0.7368683401910541,0.10507064174023195,0.7749836607333798,0.6231857554859431,0.9617084143037375,0.08032659879451864,-0.2620392401597433,-14.661649703979492,-2.901311159133911,0.6317447423934937
4.53,0.4472311260374674,1.9117515688283955,4.098642217345592,3.1578193018770944,-0.8019249439239502,94.27809143066406,-285.963134765625,-1.658669352531433,0.8258891105651855,22.84806251525879,-0.27122294576816414,0.7293091871543731,-0.6281291453364243,0.13180075433042454,0.6745842474514874,0.7263364607729956,0.9534498806160555,0.11421121933740891,-0.2790862277696477,-14.795729637145996,-3.6578917503356934,0.6154075860977173
4.54,0.4472311260374674,1.9117515688283955,4.098642217345592,3.1578193018770944,-0.8182214498519897,94.28599548339844,-285.7341003417969,-1.6025171279907227,0.75557941198349,22.95058822631836,-0.2894052820377052,0.8150092691908805,-0.5020004719735066,0.1668174186801079,0.5593612358891413,0.8119648739997797,0.9425585029872586,0.15124450045379978,-0.2978398387202401,-14.864992141723633,-4.444350719451904,0.5933883190155029
4.55,3.3826575467397317,0.7248587877270046,0.4389448700114485,3.685327995371231,-0.8340146541595459,94.29318237304688,-285.5040588378906,-1.5582727193832397,0.6778429746627808,23.052284240722656,-0.3053199856100768,0.8811642704323646,-0.36101140549913585,0.21068594970062665,0.4322280583407856,0.876806897886701,0.9286501693241691,0.19164663862524006,-0.3176167957111826,-14.922524452209473,-5.2318902015686035,0.5650888681411743
4.56,3.3826575467397317,0.7248587877270046,0.4389448700114485,3.685327995371231,-0.8494372963905334,94.29955291748047,-285.2730407714844,-1.5290987491607666,0.600489616394043,23.150562286376953,-0.3160860828857376,0.9255353827934826,-0.2085038210759519,0.26226241150394614,0.29644849991779265,0.9183336618074205,0.9117609421981651,0.23558977501965672,-0.3364363865400145,-14.981924057006836,-5.677824020385742,0.515160083770752
4.57,3.3826575467397317,0.7248587877270046,0.4389448700114485,3.685327995371231,-0.8646425604820251,94.30516052246094,-285.0410461425781,-1.5141494274139404,0.525648832321167,23.2449951171875,-0.31898187802770717,0.9464740257567315,-0.049370842182034136,0.31677113034259313,0.15556524457195176,0.9356577930326584,0.89325618524105,0.2828186225288483,-0.3494381408482651,-15.047809600830078,-5.801987171173096,0.4481223523616791
4.58,3.3826575467397317,0.7248587877270046,0.4389448700114485,3.685327995371231,-0.8797619938850403,94.3100357055664,-284.8081359863281,-1.5118684768676758,0.4508180618286133,23.337039947509766,-0.31323342625509865,0.9430566153461595,0.111933198508474,0.37166958321441684,0.013270764014548408,0.9282702234455718,0.8739259359864044,0.3323674278179436,-0.3546623060546056,-15.117796897888184,-5.872872352600098,0.37806370854377747
4.59,2.0801328261778957,0.8500656204033611,0.4316969925905944,3.9785523016509847,-0.8949215412139893,94.31419372558594,-284.5743103027344,-1.5221887826919556,0.3773350417613983,23.427021026611328,-0.29871100960601377,0.9150191644398045,0.2711303403310634,0.42543253171142603,-0.1266364294405565,0.8960861430131334,0.8542709720584931,0.38301846358423675,-0.3514512240010102,-15.191693305969238,-5.927666664123535,0.3069981634616852
4.6,2.0801328261778957,0.8500656204033611,0.4316969925905944,3.9785523016509847,-0.9102420806884766,94.31761932373047,-284.339599609375,-1.54346764087677,0.31068381667137146,23.513839721679688,-0.275420095914469,0.862563918121403,0.4244140171124401,0.47695625253520746,-0.2607082688628482,0.8393711525386779,0.8346595137743512,0.43360660246540383,-0.33960095754336894,-15.402177810668945,-6.0725908279418945,0.23707127571105957
4.61,2.0801328261778957,0.8500656204033611,0.4316969925905944,3.9785523016509847,-0.9258226156234741,94.32042694091797,-284.1040344238281,-1.5743234157562256,0.25210094451904297,23.598146438598633,-0.24293815059745041,0.7855826583294006,0.5690702433939091,0.5258169983669954,-0.3863374983095945,0.7577993280732094,0.8151671848232201,0.48332517452745677,-0.3192165980261516,-15.73963451385498,-6.3014607429504395,0.1666284054517746
4.62,2.500150965381148,1.9977934602275293,4.117337295778239,3.4625051894086,-0.9417608976364136,94.32269287109375,-283.8676452636719,-1.6149295568466187,0.20034168660640717,23.681644439697266,-0.20111902161111597,0.6845708835675619,0.7006524420265121,0.5705860281979389,-0.499527628643125,0.6518464026497938,0.7962303206808243,0.5308812047847463,-0.2901420735343426,-16.098224639892578,-6.53286600112915,0.09336013346910477
4.63,2.500150965381148,1.9977934602275293,4.117337295778239,3.4625051894086,-0.9582051634788513,94.32442474365234,-283.6304016113281,-1.6810487508773804,0.1436731070280075,23.77093505859375,-0.150001692538285,0.561786100925592,0.8135698304647675,0.609614252195158,-0.5952863705760811,0.5234544875410801,0.7783764871552764,0.5744828229052433,-0.25317885067800344,-16.19672966003418,-6.865729808807373,0.026447949931025505
4.64,2.500150965381148,1.9977934602275293,4.117337295778239,3.4625051894086,-0.9754660725593567,94.32557678222656,-283.3922119140625,-1.7737947702407837,0.0893607810139656,23.864328384399414,-0.08913174708901497,0.4230950497701804,0.9016906955940205,0.6415440280675133,-0.6681037053298928,0.3769067510344932,0.7618902753755095,0.6120686381317346,-0.2118848519922887,-16.05187225341797,-7.291679859161377,-0.034788552671670914
4.65,2.500150965381148,1.9977934602275293,4.117337295778239,3.4625051894086,-0.9937188625335693,94.32626342773438,-283.1531066894531,-1.8782052993774414,0.05115202069282532,23.956457138061523,-0.01920821064504416,0.273945944011312,0.9615532561452679,0.6643112217328337,-0.7152497578107588,0.21704466045374393,0.7472092379806649,0.6429396579084248,-0.16824669674306322,-15.877232551574707,-7.722240447998047,-0.09783300757408142
4.66,1.6143570656438686,0.6089895335499267,4.152648115209936,1.7194744034160172,-1.013051152229309,94.32666778564453,-282.9130859375,-1.9889849424362183,0.031730324029922485,24.046476364135742,0.058225117076803216,0.11940809497790217,0.9911364903963232,0.6757912795629883,-0.7354687705149224,0.04890638060506319,0.7347897537445739,0.6669538173299683,-0.12351770456485922,-15.703187942504883,-8.14488410949707,-0.16359879076480865
4.67,1.6143570656438686,0.6089895335499267,4.152648115209936,1.7194744034160172,-1.0334455966949463,94.32697296142578,-282.67218017578125,-2.0839784145355225,0.03141719475388527,24.13215446472168,0.1412084579488213,-0.034879877419561334,0.9893652336497945,0.6741133861491452,-0.7285000350191114,-0.121896848161415,0.7250043544822675,0.6841572137515982,-0.0793573742849434,-15.359261512756348,-8.597134590148926,-0.22949427366256714
4.68,1.6143570656438686,0.6089895335499267,4.152648115209936,1.7194744034160172,-1.0546777248382568,94.32734680175781,-282.4304504394531,-2.1612472534179688,0.045205503702163696,24.214679718017578,0.22769349968903357,-0.18183073221435236,0.9566050674242491,0.6577216901834766,-0.6957024327170587,-0.28879110681209863,0.7180235709651533,0.694935759573472,-0.03881290512819861,-14.859034538269043,-9.0769624710083,-0.2949307858943939
4.69,0.4218986008263592,0.5463271082566353,0.9920795059085555,0.3940812180514164,-1.0766531229019165,94.32791900634766,-282.1878967285156,-2.233020782470703,0.0714978575706482,24.295679092407227,0.31495055137524214,-0.3164630933191244,0.8947945354970167,0.6255158244585826,-0.6398436790731985,-0.4464639063821096,0.7138179764760274,0.7003221950766407,-0.003566446789841915,-14.343427658081055,-9.553689956665039,-0.36138054728507996
4.7,0.4218986008263592,0.5463271082566353,0.9920795059085555,0.3940812180514164,-1.099241852760315,94.32876586914062,-281.94451904296875,-2.276350498199463,0.09597516804933548,24.375429153442383,0.39927354991738984,-0.43584943717031127,0.8066076496380927,0.5773770449763623,-0.5638744468400616,-0.5904924691604271,0.7121912525935215,0.7014847655645396,0.026509307990469133,-14.060154914855957,-9.799816131591797,-0.4300239384174347
4.71,0.4218986008263592,0.5463271082566353,0.9920795059085555,0.3940812180514164,-1.1221078634262085,94.3298110961914,-281.70037841796875,-2.2953810691833496,0.11257066577672958,24.455026626586914,0.47546489968603073,-0.5393440617831525,0.6950115914039158,0.5154197132603101,-0.46945136093514384,-0.7169085987061397,0.7129345330037059,0.6990875501218656,0.05478091743842478,-13.995112419128418,-9.829578399658203,-0.5000177025794983
4.72,0.4218986008263592,0.5463271082566353,0.9920795059085555,0.3940812180514164,-1.1451328992843628,94.33102416992188,-281.4554138183594,-2.3089728355407715,0.1298573762178421,24.53419303894043,0.540573607188535,-0.6247898223352611,0.5633984851927176,0.441830984722959,-0.3590543823245011,-0.8221102915499306,0.7159368381009015,0.6933380333140858,0.08195617981726402,-13.966120719909668,-9.821171760559082,-0.5700158476829529
4.73,0.894645123152186,3.2166763511279775,4.160697611820742,1.2493319798190918,-1.168276309967041,94.33241271972656,-281.2096862792969,-2.3191022872924805,0.14901837706565857,24.612346649169922,0.5927120752673039,-0.6898401746081471,0.4157077450913404,0.3587903202180081,-0.23595030660393107,-0.9031040687159867,0.721083838364295,0.6844326017294265,0.10765738125973118,-13.947732925415039,-9.79941463470459,-0.6398031711578369
4.74,0.894645123152186,3.2166763511279775,4.160697611820742,1.2493319798190918,-1.1915441751480103,94.33411407470703,-280.9631652832031,-2.337035894393921,0.2006465196609497,24.685026168823242,0.6305201278561373,-0.7326655774082969,0.2562138170537392,0.2684818378679867,-0.10384720836924477,-0.9576707472033081,0.7282594806134062,0.6726194384604725,0.13122964566671014,-13.927387237548828,-9.828944206237793,-0.7007289528846741
4.75,0.894645123152186,3.2166763511279775,4.160697611820742,1.2493319798190918,-1.2150044441223145,94.33653259277344,-280.7159729003906,-2.3528707027435303,0.2842925190925598,24.750953674316406,0.653008391169126,-0.7520823831397365,0.08917471633576346,0.1726835697625103,0.033212707239587136,-0.9844172391886956,0.7374011295060413,0.6582317259511818,0.1515604471969597,-13.904681205749512,-9.907435417175293,-0.7538893222808838
4.76,1.7611077308443606,2.180007243233434,2.3401248246424884,3.4386508319021645,-1.2385532855987549,94.3398208618164,-280.4681396484375,-2.354252338409424,0.3736080527305603,24.812929153442383,0.6592869746727752,-0.7475482135907481,-0.08069915355256713,0.07381212491237549,0.17115721110517346,-0.9824749255337863,0.7482596175410907,0.641776345344685,0.16801984202254283,-13.886528015136719,-9.986736297607422,-0.8064086437225342
4.77,1.7611077308443606,2.180007243233434,2.3401248246424884,3.4386508319021645,-1.2620371580123901,94.34400939941406,-280.2196960449219,-2.3398525714874268,0.4633081555366516,24.871490478515625,0.6488541227584298,-0.7190399465236021,-0.24893750758518424,-0.02548908892201135,0.3064335530617618,-0.9515507258700768,0.7604857879837821,0.6237628017614385,0.18050300112021989,-14.036232948303223,-10.096451759338379,-0.871004581451416
4.78,1.7611077308443606,2.180007243233434,2.3401248246424884,3.4386508319021645,-1.2852976322174072,94.34907531738281,-279.970703125,-2.3096253871917725,0.5500932931900024,24.927040100097656,0.6214934473524325,-0.6662347788307942,-0.41216151491165687,-0.12276194413373998,0.4367857405658419,-0.8911496630257195,0.7737411711745044,0.6044414250484754,0.18967119895986972,-14.344415664672852,-10.228939056396484,-0.9484226107597351
4.79,1.7611077308443606,2.180007243233434,2.3401248246424884,3.4386508319021645,-1.3081797361373901,94.35498809814453,-279.72119140625,-2.2642390727996826,0.6304028630256653,24.98008155822754,0.5772886517154636,-0.5891685985627722,-0.5653478354677952,-0.21503131125776226,0.5582374776070459,-0.8013316752591841,0.7877178097385571,0.5841671687646457,0.1955744644839617,-14.682602882385254,-10.35205364227295,-1.0300534963607788
4.8,0.0680089956965288,2.079848177055331,1.7255426483903766,2.4395915271707755,-1.3305366039276123,94.36166381835938,-279.47113037109375,-2.2048563957214355,0.7014087438583374,25.0311336517334,0.5169170138213834,-0.4888211380188834,-0.7027451144247872,-0.2990988465332115,0.6660556145119287,-0.6833079820839497,0.8020827144531204,0.5634037747504542,0.19808964074997293,-15.033197402954102,-10.460406303405762,-1.1146806478500366
4.81,0.0680089956965288,2.079848177055331,1.7255426483903766,2.4395915271707755,-1.3522756099700928,94.36894989013672,-279.2205505371094,-2.1451351642608643,0.7507739663124084,25.083940505981445,0.44169186471122035,-0.3669551889298466,-0.8186893097905859,-0.3718126314162946,0.7556037265196132,-0.5392757880611408,0.8164947420328046,0.5425927550079658,0.19730544454132515,-15.486848831176758,-10.564579010009766,-1.1984721422195435
4.82,0.0680089956965288,2.079848177055331,1.7255426483903766,2.4395915271707755,-1.3734488487243652,94.37662506103516,-278.9694519042969,-2.0891273021698,0.7808283567428589,25.138826370239258,0.3534737284743549,-0.22554871049135752,-0.9078458583229443,-0.43016217794363576,0.8226072630487166,-0.37185721916655995,0.8306725130550701,0.5219627093722164,0.19374753180257342,-16.03662109375,-10.661663055419922,-1.2824217081069946
4.83,0.0680089956965288,2.079848177055331,1.7255426483903766,2.4395915271707755,-1.3940470218658447,94.38453674316406,-278.7178039550781,-2.0299715995788574,0.7992038130760193,25.19387435913086,0.2549098595548855,-0.06820738843029403,-0.9645562273217813,-0.4713249093822445,0.8622244134454449,-0.18553137377402723,0.844318537814685,0.5019131528682803,0.18764166296506396,-16.608394622802734,-10.739889144897461,-1.3698108196258545
4.84,2.8035047676529814,0.3279540568850533,1.6919544113339604,0.7320525479947586,-1.414039969444275,94.392578125,-278.465576171875,-1.9683668613433838,0.8058896064758301,25.24938201904297,0.14941017011672542,0.09984333010295515,-0.9837214598145366,-0.49296018420817506,0.8699483080191172,0.013423790825132453,0.8571270955063389,0.48292986116891456,0.17919791109340422,-17.19208335876465,-10.796091079711914,-1.461024522781372
4.85,2.8035047676529814,0.3279540568850533,1.6919544113339604,0.7320525479947586,-1.4334250688552856,94.40062713623047,-278.2127990722656,-1.9099245071411133,0.8007702827453613,25.306581497192383,0.0416326642665622,0.2704494759375843,-0.9618335626454059,-0.4936069213110994,0.8425514817242414,0.2155439813079079,0.8686880501652167,0.46579403346261494,0.16857339615367106,-17.31242561340332,-10.641648292541504,-1.5601580142974854
4.86,2.8035047676529814,0.3279540568850533,1.6919544113339604,0.7320525479947586,-1.4522544145584106,94.4085693359375,-277.95941162109375,-1.8566675186157227,0.7850760817527771,25.366010665893555,-0.06192443167693856,0.4306592253716683,-0.9003876922547104,-0.4740649202450053,0.7811721776472551,0.40624189870438315,0.8783096356949439,0.45199851821894294,0.15578678818595293,-16.999513626098633,-10.297232627868652,-1.6611188650131226
4.87,3.06587879276794,4.107839309904039,2.2777074745172925,0.9877779262424188,-1.470572829246521,94.41630554199219,-277.7054748535156,-1.8078709840774536,0.7596612572669983,25.427692413330078,-0.1570165335200186,0.5725923144717712,-0.8046638115444344,-0.4368568812376977,0.6904540499676015,0.5765667959556887,0.8857211036870629,0.44205344279984626,0.1417281912400425,-16.62970733642578,-9.917651176452637,-1.7575900554656982
4.88,3.06587879276794,4.107839309904039,2.2777074745172925,0.9877779262424188,-1.4883729219436646,94.4236831665039,-277.45086669921875,-1.7479476928710938,0.7110358476638794,25.48879051208496,-0.24037121866806704,0.6920687874760302,-0.6806338741478313,-0.3855302455433586,0.5754469890740151,0.7212677675710514,0.8908356228885923,0.4357769569023905,0.12849255552593744,-16.497739791870117,-9.303537368774414,-1.8411463499069214
4.89,3.06587879276794,4.107839309904039,2.2777074745172925,0.9877779262424188,-1.5055264234542847,94.43043518066406,-277.1956481933594,-1.684441089630127,0.636735200881958,25.549720764160156,-0.3085422285949256,0.7875421928122661,-0.5334594527366856,-0.32563261748482053,0.4394849807186191,0.8371477469077604,0.893736589607733,0.43200722941080794,0.12084975024027278,-16.58576774597168,-8.470871925354004,-1.9112939834594727
4.9,3.06587879276794,4.107839309904039,2.2777074745172925,0.9877779262424188,-1.522107481956482,94.4363784790039,-276.9398193359375,-1.6344120502471924,0.5497397184371948,25.611984252929688,-0.36104315487387423,0.8562981423545736,-0.36932550916342954,-0.2618906622263003,0.28699837116771376,0.921436495905035,0.8950201793017798,0.42940124166935756,0.12063769019433557,-16.694759368896484,-7.596865653991699,-1.9734153747558594
4.91,0.3556599662978367,3.5636802449549436,1.120568690520329,1.1492375556029522,-1.538270115852356,94.44140625,-276.6833801269531,-1.6010910272598267,0.4550422430038452,25.674631118774414,-0.3989803050012456,0.8959967006102401,-0.19494775894243155,-0.19810531313466484,0.12335392547140822,0.9723878310523071,0.8953038596638176,0.4265837802429408,0.12828592013433482,-16.79538345336914,-6.707324504852295,-2.0280275344848633
4.92,0.3556599662978367,3.5636802449549436,1.120568690520329,1.1492375556029522,-1.554196834564209,94.44552612304688,-276.42633056640625,-1.5876637697219849,0.3756405711174011,25.739051818847656,-0.4242958950348422,0.9053821432792228,-0.016005251878771887,-0.13683024041751768,-0.04663154853389043,0.9894963284361472,0.8951259569266588,0.42202923277002047,0.14366923095667122,-17.150890350341797,-5.961648941040039,-2.074009656906128
4.93,0.3556599662978367,3.5636802449549436,1.120568690520329,1.1492375556029522,-1.5700682401657104,94.44896697998047,-276.1686096191406,-1.5885297060012817,0.31368130445480347,25.80435562133789,-0.43896660925573155,0.8832472407042598,0.16487154923405373,-0.0784319979893699,-0.22046287729127584,0.9722368751635824,0.8950735934267757,0.41384831946591616,0.16605068751834678,-17.744237899780273,-5.343622207641602,-2.113985776901245
4.94,1.4036137722088793,4.075823648821415,2.5400174611323165,3.853582916326791,-1.5860023498535156,94.45181274414062,-275.91021728515625,-1.6001179218292236,0.2559397518634796,25.86766815185547,-0.44456193446043857,0.8278545857618347,0.3420840119939748,-0.02407128959988608,-0.3928007721789024,0.9193085044709728,0.8954246252174392,0.4004551637933505,0.19455179861787375,-18.361400604248047,-4.726462364196777,-2.149709701538086
4.95,1.4036137722088793,4.075823648821415,2.5400174611323165,3.853582916326791,-1.6021391153335571,94.45402526855469,-275.6512756347656,-1.6330152750015259,0.17917212843894958,25.922325134277344,-0.44258363564145514,0.7384262709260971,0.5087694643633496,0.025519330527285777,-0.5567610489938125,0.8302806140653582,0.8963640383414713,0.3804520688989446,0.22756918516943775,-19.030399322509766,-4.269763946533203,-2.1849524974823
4.96,1.4036137722088793,4.075823648821415,2.5400174611323165,3.853582916326791,-1.6187494993209839,94.45538330078125,-275.39178466796875,-1.6925915479660034,0.09137576073408127,25.966659545898438,-0.4335279623262395,0.6151851102813035,0.6584837021289436,0.07117984547208617,-0.7050623975110958,0.7055639200061719,0.8983245156845208,0.35275245669461497,0.26187548341928696,-19.747177124023438,-3.9564692974090576,-2.22135066986084
4.97,1.4036137722088793,4.075823648821415,2.5400174611323165,3.853582916326791,-1.636049509048462,94.45588684082031,-275.1319274902344,-1.7699929475784302,0.016261862590909004,26.004308700561523,-0.4181560304498428,0.46013512461232786,0.7832121049220496,0.11236838077104072,-0.8293875672819646,0.5472564391955559,0.9013982922112315,0.31684685628249853,0.2951087739505099,-20.46613883972168,-3.643465757369995,-2.2564778327941895
4.98,3.659119306332794,4.093136610829767,2.5027307692026644,1.469294021968009,-1.6541929244995117,94.45574951171875,-274.8717346191406,-1.860617756843567,-0.03997364640235901,26.035940170288086,-0.3976620823999189,0.2775465855777616,0.8745471748599308,0.14824248201406187,-0.9211942516140212,0.3597573033582416,0.9054772414299935,0.2727068822516396,0.3251798296710909,-21.18026351928711,-3.3108229637145996,-2.2895724773406982
4.99,3.659119306332794,4.093136610829767,2.5027307692026644,1.469294021968009,-1.6732889413833618,94.45515441894531,-274.6112365722656,-1.9594650268554688,-0.07376807928085327,26.062274932861328,-0.37443680108466765,0.07520345424651022,0.9241977723749795,0.17803801078854886,-0.9723298664186169,0.1512517688650664,0.9099997520372947,0.22117656146108236,0.35068701138239283,-21.533376693725586,-2.6335973739624023,-2.3186392784118652
5.0,3.659119306332794,4.093136610829767,2.5027307692026644,1.469294021968009,-1.6933929920196533,94.454345703125,-274.35052490234375,-2.061447858810425,-0.08345441520214081,26.08374786376953,-0.35380023397018734,-0.13345431042942518,0.9257512308770902,0.20195086533258022,-0.9773214288375935,-0.06370771323997645,0.9132585846484352,0.16441645830832033,0.3727277636604036,-21.540246963500977,-1.6461021900177002,-2.337905168533325
5.01,4.0262322238153265,1.8372469580368072,2.0238368792831722,1.1230199190617203,-1.7145116329193115,94.45355987548828,-274.089599609375,-2.1615333557128906,-0.06899038702249527,26.100343704223633,-0.3379789061229367,-0.33651567881273364,0.8789354111248152,0.22271496050604037,-0.9359636324693673,-0.2727088650219126,0.9144223889334381,0.10358222148588996,0.39128304078928855,-21.478757858276367,-0.6145021319389343,-2.3455302715301514
5.02,4.0262322238153265,1.8372469580368072,2.0238368792831722,1.1230199190617203,-1.7365634441375732,94.45303344726562,-273.8285217285156,-2.2438316345214844,-0.03604588285088539,26.117244720458984,-0.3267630878797645,-0.5231034262830092,0.7871395618378343,0.24346381681705964,-0.8513397126246809,-0.4646999716042548,0.9132093157103418,0.039793204433701906,0.40554315008485486,-21.196470260620117,0.3469885587692261,-2.3469016551971436
5.03,4.0262322238153265,1.8372469580368072,2.0238368792831722,1.1230199190617203,-1.7593268156051636,94.45289611816406,-273.5672912597656,-2.306488513946533,0.009643207304179668,26.13479232788086,-0.31821034218990407,-0.6827346630447948,0.6577351731513943,0.26654893234799565,-0.7302437123967636,-0.6290435495012541,0.9097768104252426,-0.024849554967917686,0.4143532971153586,-20.71445655822754,1.2316372394561768,-2.342970132827759
5.04,4.0262322238153265,1.8372469580368072,2.0238368792831722,1.1230199190617203,-1.7826488018035889,94.45327758789062,-273.3058166503906,-2.3555166721343994,0.0678754523396492,26.149749755859375,-0.31025872699016765,-0.8089046346852493,0.4994124691186271,0.2936158513046423,-0.5811896765506127,-0.7589521010799325,0.9041732434600631,-0.08883609545515381,0.41782639212380057,-20.187715530395508,2.0937068462371826,-2.3304343223571777
5.05,2.1036491989676476,1.4991784993202277,2.541675566953111,1.3863731721331691,-1.8063887357711792,94.45429229736328,-273.0442810058594,-2.3898208141326904,0.13613192737102509,26.162322998046875,-0.30061879854445195,-0.8980433141706643,0.32116435642060176,0.3255919491357999,-0.41314306363893194,-0.8504720404722237,0.8964475559783966,-0.15109935420247994,0.41659424448731,-19.638442993164062,2.9389681816101074,-2.3094098567962646
5.06,2.1036491989676476,1.4991784993202277,2.541675566953111,1.3863731721331691,-1.8303864002227783,94.45600128173828,-272.7825927734375,-2.4064934253692627,0.20510312914848328,26.176061630249023,-0.2867202544306527,-0.9488981154084785,0.13184787549846722,0.3619530855629961,-0.23472210905327645,-0.9021615683307552,0.887007023394205,-0.2109452490477549,0.4107561835852657,-19.174100875854492,3.556697130203247,-2.2775299549102783
5.07,2.1036491989676476,1.4991784993202277,2.541675566953111,1.3863731721331691,-1.8544669151306152,94.45838165283203,-272.520751953125,-2.4071500301361084,0.27140718698501587,26.19175910949707,-0.2663509976664527,-0.9619733146827186,-0.06053501367331732,0.3995531198248222,-0.05303813932966578,-0.9151744425051971,0.8771627274801048,-0.2679445793719111,0.3984862003945345,-18.79486656188965,3.9629054069519043,-2.2380781173706055
5.08,2.1036491989676476,1.4991784993202277,2.541675566953111,1.3863731721331691,-1.8784834146499634,94.46142578125,-272.2587585449219,-2.3938021659851074,0.33690810203552246,26.208650588989258,-0.23872685326482007,-0.9387721981193216,-0.24842755396391525,0.436316326732853,0.12485519553590652,-0.8910887964586023,0.8675468589976146,-0.321119822162861,0.3797953491782978,-18.421981811523438,4.3261590003967285,-2.1951286792755127
5.09,2.0994161059415966,1.298179489432651,1.1780188678527157,0.8336587225644065,-1.902299165725708,94.4651107788086,-271.9966125488281,-2.367182970046997,0.3996734321117401,26.22796630859375,-0.20363556979495812,-0.8820383122479938,-0.4249011301950062,0.47064810559447007,0.29236630364048555,-0.8324736063058913,0.8585003875448277,-0.3695001491505927,0.35559348189058587,-18.04511833190918,4.669675350189209,-2.149509906768799
5.1,2.0994161059415966,1.298179489432651,1.1780188678527157,0.8336587225644065,-1.92580246925354,94.4693832397461,-271.73419189453125,-2.3332793712615967,0.44959914684295654,26.254350662231445,-0.16101761149724952,-0.7955245594462764,-0.5841352618234315,0.5012703877167536,0.44391836539919094,-0.7427411953430387,0.8501772328085577,-0.41240412240800683,0.3272942294554936,-17.710020065307617,5.115175247192383,-2.103184461593628
5.11,2.0994161059415966,1.298179489432651,1.1780188678527157,0.8336587225644065,-1.9489513635635376,94.47407531738281,-271.47149658203125,-2.2955663204193115,0.4867440164089203,26.287919998168945,-0.11027613045641527,-0.6833958760393966,-0.7216711520241785,0.5275311896032764,0.5751363882182106,-0.6252431358624126,0.8423479204267743,-0.4496534349470236,0.2970888240796532,-17.41075325012207,5.655981063842773,-2.0547659397125244
5.12,2.591200417470407,2.7185004693967727,0.7889352018321568,3.9582793289911278,-1.9716945886611938,94.47909545898438,-271.20843505859375,-2.252136707305908,0.5164391994476318,26.32622718811035,-0.05144963103333772,-0.5504842600249631,-0.8332586722808842,0.5476660516511251,0.682160310944691,-0.4844782823210029,0.8351136637221309,-0.4812737159212116,0.2663846448802716,-17.109384536743164,6.197429656982422,-2.00246524810791
5.13,2.591200417470407,2.7185004693967727,0.7889352018321568,3.9582793289911278,-1.9939155578613281,94.48441314697266,-270.9449768066406,-2.184974431991577,0.5472819805145264,26.363679885864258,0.014536699246648133,-0.40114321160934596,-0.9158999989926586,0.5594656206133098,0.7624537385032537,-0.32505771179003895,0.8287260727929202,-0.5076892951620622,0.23550939652394332,-17.14333724975586,6.671027660369873,-1.9511194229125977
5.14,2.591200417470407,2.7185004693967727,0.7889352018321568,3.9582793289911278,-2.0153214931488037,94.49002075195312,-270.68115234375,-2.0944254398345947,0.5719607472419739,26.40214729309082,0.08571863432545967,-0.23668233320635845,-0.9677984236799375,0.560585380012997,0.8144831937595449,-0.14953647982661286,0.8236481939791171,-0.5297155842820235,0.2024970427529562,-17.489538192749023,7.087662696838379,-1.899623990058899
5.15,2.591200417470407,2.7185004693967727,0.7889352018321568,3.9582793289911278,-2.0357844829559326,94.49579620361328,-270.41693115234375,-1.9977104663848877,0.5802457332611084,26.446857452392578,0.15995781449923713,-0.06118159981985219,-0.9852260194615805,0.5491742082657665,0.8348743165253676,0.03731708163788189,0.8202567808657821,-0.5470298780229315,0.16714402769444242,-17.875812530517578,7.494744300842285,-1.8435662984848022
5.16,1.8571936046324977,2.057673319607412,2.567340603801445,2.7878237580129044,-2.055274486541748,94.5015640258789,-270.1521911621094,-1.9004340171813965,0.5703992247581482,26.498689651489258,0.23472791309531638,0.11916248161295812,-0.9647295526673572,0.5238106179945468,0.8205322825549813,0.22879949685539797,0.818856057735478,-0.559041211594417,0.13018325717601986,-18.26500701904297,7.8976287841796875,-1.7822152376174927
5.17,1.8571936046324977,2.057673319607412,2.567340603801445,2.7878237580129044,-2.0738167762756348,94.50714111328125,-269.88690185546875,-1.810036301612854,0.5433142185211182,26.558055877685547,0.30658857870652256,0.29632473497357714,-0.9045413726577429,0.48379091449624323,0.7698903139478463,0.41619136889197444,0.8197254384594901,-0.5652084181362891,0.09268036259246493,-18.432636260986328,8.15577507019043,-1.7102024555206299
5.18,1.8571936046324977,2.057673319607412,2.567340603801445,2.7878237580129044,-2.0915069580078125,94.51237487792969,-269.6210021972656,-1.7296035289764404,0.5007233619689941,26.624237060546875,0.37081023927670953,0.46015116520846994,-0.8066973853960584,0.4301581292308578,0.684731357189179,0.5883085519848182,0.823081861241127,-0.5651582730874177,0.05596763401011068,-18.398099899291992,8.272143363952637,-1.630853295326233
5.19,1.2647484431604648,2.1857216872743717,2.866757543707931,3.1687905640948633,-2.108442544937134,94.51710510253906,-269.3544006347656,-1.6594706773757935,0.4436403214931488,26.696029663085938,0.4241643190720742,0.6031009010322975,-0.6755397350268558,0.3648435407055385,0.5689431427019721,0.7370162082192288,0.8288388391186611,-0.5590822869188706,0.021287912579583956,-18.339982986450195,8.355385780334473,-1.5500054359436035
5.2,1.2647484431604648,2.1857216872743717,2.866757543707931,3.1687905640948633,-2.1247363090515137,94.52118682861328,-269.0870666503906,-1.6014158725738525,0.3733622133731842,26.7723331451416,0.46418152669581053,0.7194691500376477,-0.5166233177262243,0.2904475792138882,0.427377986072834,0.8561473358885844,0.8367650291468558,-0.5474597694483433,-0.010587106896039533,-18.34556007385254,8.341670989990234,-1.4674925804138184
5.21,1.2647484431604648,2.1857216872743717,2.866757543707931,3.1687905640948633,-2.140519380569458,94.52450561523438,-268.8189697265625,-1.5579544305801392,0.2925082743167877,26.85210418701172,0.4887931880786108,0.8049294552744968,-0.3364071808381168,0.21071289319951597,0.26526551520041064,0.9408688979262465,0.8465703136346305,-0.5307756385488716,-0.03994903748027573,-18.41560935974121,8.239665031433105,-1.384257197380066
5.22,1.2647484431604648,2.1857216872743717,2.866757543707931,3.1687905640948633,-2.1559510231018066,94.5270004272461,-268.550048828125,-1.531335473060608,0.20489084720611572,26.93429946899414,0.49726308011200804,0.8558760034795765,-0.14214674046683828,0.12919174352921642,0.08896704421003215,0.9876205538811004,0.857927107953467,-0.5094714238427492,-0.06633208670200241,-18.501798629760742,8.113458633422852,-1.3016363382339478
5.23,3.7962908855277138,0.17950589928516433,3.5988364982921497,2.7811498010893065,-2.1712050437927246,94.52860260009766,-268.2802734375,-1.5226364135742188,0.11413711309432983,27.017911911010742,0.48975616115497533,0.8699082782309835,0.05829657001871957,0.04922518300080658,-0.09434773274513497,0.9943215710646076,0.8704687151008236,-0.48410545627069546,-0.08902877759276967,-18.5972957611084,7.972089767456055,-1.2199122905731201
5.24,3.7962908855277138,0.17950589928516433,3.5988364982921497,2.7811498010893065,-2.186464786529541,94.52926635742188,-268.0096740722656,-1.5327593088150024,0.019984526559710503,27.1024227142334,0.46713950178457764,0.8464498866741355,0.25554505516992426,-0.02607711396634188,-0.2757030347228663,0.9608890782872851,0.8837989986414574,-0.4555331228285656,-0.10671880811933732,-18.26578140258789,7.828323841094971,-1.1463218927383423
5.25,3.7962908855277138,0.17950589928516433,3.5988364982921497,2.7811498010893065,-2.2019236087799072,94.52899932861328,-267.73822021484375,-1.5622607469558716,-0.07337701320648193,27.18717384338379,0.43102565180789637,0.7892218715921033,0.43743082297002794,-0.09411124778114105,-0.44281104461470155,0.8916621848033669,0.8974184979844437,-0.4254964349649649,-0.11658826402108682,-17.537002563476562,7.677495002746582,-1.0826386213302612
5.26,1.8736147329433974,0.5363926035533163,0.4400780800530626,0.4482040751355821,-2.2177677154541016,94.52783203125,-267.4659423828125,-1.60928475856781,-0.1593419313430786,27.271358489990234,0.38372150020475637,0.7045856130703352,0.5969228795538928,-0.15283449142441285,-0.5890357024946776,0.7935228789503443,0.9107136918437388,-0.39572219427383865,-0.11834067959685748,-16.758438110351562,7.509631156921387,-1.0243808031082153
5.27,1.8736147329433974,0.5363926035533163,0.4400780800530626,0.4482040751355821,-2.234088897705078,94.52594757080078,-267.19281005859375,-1.64975905418396,-0.21061907708644867,27.350908279418945,0.3271748986613576,0.5986344415410891,0.731158936953327,-0.20152525110953196,-0.7117409273748554,0.6729133863022947,0.9232248690601715,-0.36750735734182194,-0.11222380963262665,-16.216323852539062,7.597137451171875,-0.9671521186828613
5.28,1.8736147329433974,0.5363926035533163,0.4400780800530626,0.4482040751355821,-2.250720739364624,94.52371215820312,-266.9189147949219,-1.6761205196380615,-0.2336682677268982,27.426658630371094,0.26099093738910134,0.47495930358250854,0.8404150108971025,-0.2412164718059165,-0.8108845273006736,0.5331799856651305,0.9347183235233296,-0.3418770880371799,-0.0970655054329533,-15.89721965789795,7.923864841461182,-0.9069811105728149
5.29,1.8736147329433974,0.5363926035533163,0.4400780800530626,0.4482040751355821,-2.267612934112549,94.52129364013672,-266.6442565917969,-1.7026593685150146,-0.2492697536945343,27.502286911010742,0.18580618555378986,0.33770352194877373,0.9227309427310566,-0.27072860813524324,-0.8851401226260561,0.37846133759564365,0.9445539064273167,-0.3201301213271314,-0.07303850540620033,-15.610424995422363,8.273390769958496,-0.8448164463043213
5.3,2.4262749450753867,0.14490829790374885,2.7942134179667493,2.902384014938498,-2.284780263900757,94.51874542236328,-266.36883544921875,-1.731132984161377,-0.2595479488372803,27.57849884033203,0.10323907759266054,0.19164768777004543,0.9760188812877607,-0.2883343176696535,-0.9333624481620825,0.21377058173392183,0.9519480101937249,-0.30348921584346156,-0.04110087292173808,-15.329978942871094,8.615643501281738,-0.7809667587280273
5.31,2.4262749450753867,0.14490829790374885,2.7942134179667493,2.902384014938498,-2.302316188812256,94.51610565185547,-266.0926513671875,-1.7838163375854492,-0.26763829588890076,27.655807495117188,0.016476529554399065,0.04192083544158748,0.998985068722112,-0.2924668602445437,-0.9552206035877335,0.04490806319788568,0.956133703847188,-0.29290995551084653,-0.003478265385554881,-14.988608360290527,8.624903678894043,-0.7184897661209106
5.32,2.4262749450753867,0.14490829790374885,2.7942134179667493,2.902384014938498,-2.3205225467681885,94.51343536376953,-265.8157043457031,-1.8585394620895386,-0.2669447958469391,27.732219696044922,-0.06796279944461338,-0.10586940104117024,0.992054800812352,-0.2826560563072851,-0.9515700801981111,-0.12091292860804248,0.956810645699798,-0.2886278787555779,0.03474673913608737,-14.593277931213379,8.323848724365234,-0.6609784364700317
5.33,2.4262749450753867,0.14490829790374885,2.7942134179667493,2.902384014938498,-2.339491367340088,94.51081848144531,-265.5379943847656,-1.934996485710144,-0.253374308347702,27.80620002746582,-0.14647931589022234,-0.2472061569842368,0.9578271900324284,-0.260399035871651,-0.9244851325230973,-0.2784233859805356,0.9543249719741422,-0.29020054392236505,0.07104570482243355,-14.19626522064209,7.9707865715026855,-0.6080504655838013
5.34,2.020129059487735,1.152807464568732,0.5951502934021137,1.1604095504984329,-2.3592123985290527,94.5083999633789,-265.25958251953125,-2.0084779262542725,-0.2274988740682602,27.877193450927734,-0.21714435815950275,-0.37857167625238825,0.8997398588808628,-0.22774521031612965,-0.8766466086006727,-0.42381935161929685,0.9491998982814737,-0.29694142447357574,0.10414097912946793,-13.804252624511719,7.6026387214660645,-0.5595542788505554
5.35,2.020129059487735,1.152807464568732,0.5951502934021137,1.1604095504984329,-2.379598617553711,94.50627899169922,-264.9804382324219,-2.063387870788574,-0.19790954887866974,27.946666717529297,-0.2796246773101734,-0.4976648657126157,0.8210601203775677,-0.1863257268017013,-0.8107868358190264,-0.5548940713274827,0.9418560205100351,-0.3081466993135183,0.13398823952565755,-13.561128616333008,7.539930820465088,-0.5127009153366089
5.36,2.020129059487735,1.152807464568732,0.5951502934021137,1.1604095504984329,-2.400428295135498,94.50444793701172,-264.70062255859375,-2.1011881828308105,-0.16839304566383362,28.014789581298828,-0.3360477157399235,-0.6036434344170365,0.7229706334500627,-0.13556789463688548,-0.7286163868328807,-0.6713713627958231,0.9320371659379802,-0.32362441954185617,0.16301520293056943,-13.454699516296387,7.762130260467529,-0.46399956941604614
5.37,0.6851316861207745,1.9254687221514877,0.5941423215842863,1.8437426842795108,-2.421600580215454,94.5029296875,-264.4201354980469,-2.132246494293213,-0.1346941590309143,28.07966423034668,-0.3857528313565407,-0.6946184665535542,0.6072066691195026,-0.07552864281311567,-0.6321606538088259,-0.771147412555347,0.9195053981436003,-0.3433337934121641,0.19139417202723896,-13.36945629119873,8.017881393432617,-0.41370660066604614
5.38,0.6851316861207745,1.9254687221514877,0.5941423215842863,1.8437426842795108,-2.44305419921875,94.50178527832031,-264.1390380859375,-2.1574547290802,-0.0962722972035408,28.140296936035156,-0.42695776268538266,-0.7689190398385909,0.47588925083089684,-0.007267198395918384,-0.5233334119892707,-0.8520970177879648,0.9042423661331994,-0.36726781790590923,0.21785337550854045,-13.504631996154785,8.186019897460938,-0.35906949639320374
5.39,0.6851316861207745,1.9254687221514877,0.5941423215842863,1.8437426842795108,-2.4647278785705566,94.50103759765625,-263.85736083984375,-2.176081418991089,-0.05385932698845863,28.196285247802734,-0.45757805169963883,-0.8255812877546697,0.3302088186467834,0.06704926363380259,-0.4023472305665736,-0.9130285331256487,0.8866378758258232,-0.3956415591981588,0.2394598792831952,-13.843825340270996,8.268167495727539,-0.29991447925567627
5.4,0.6851316861207745,1.9254687221514877,0.5941423215842863,1.8437426842795108,-2.4865505695343018,94.50072479248047,-263.57513427734375,-2.187197685241699,-0.008788619190454483,28.247892379760742,-0.47623814061003106,-0.8621868292110594,0.17271683462615744,0.14552005983977934,-0.2709916862478556,-0.9515184802034958,0.8671915276411128,-0.4280156276580599,0.2545220557593187,-14.215412139892578,8.332184791564941,-0.23830345273017883
5.41,3.6560108074448077,0.10165518834008473,2.269143856794166,3.9216901939752145,-2.5084447860717773,94.50086975097656,-263.2923889160156,-2.190284490585327,0.03774908185005188,28.295806884765625,-0.4819893773662702,-0.8761484982913754,0.007074535167987894,0.22624238455949747,-0.13225350883587478,-0.9650509793940586,0.8464635984700746,-0.4635437609787959,0.2619667118599713,-14.595725059509277,8.386882781982422,-0.1745326668024063
5.42,3.6560108074448077,0.10165518834008473,2.269143856794166,3.9216901939752145,-2.530325174331665,94.50154113769531,-263.0092468261719,-2.1834616661071777,0.10633039474487305,28.335233688354492,-0.4742935475599998,-0.8655117927324152,-0.16104337112737815,0.3065577782726396,0.009109139342633465,-0.9518084640099495,0.8252684165309447,-0.5008057110512586,0.26100896623478265,-14.643681526184082,8.252626419067383,-0.11955588310956955
5.43,3.6560108074448077,0.10165518834008473,2.269143856794166,3.9216901939752145,-2.55206036567688,94.50303649902344,-262.7257080078125,-2.16080904006958,0.1931641548871994,28.368408203125,-0.4538580762980614,-0.8307922541746502,-0.322175537529507,0.3821998022517825,0.14511174962941112,-0.9126148647037204,0.8049448165791999,-0.5373330536295855,0.25166849572281336,-14.382019996643066,7.943572521209717,-0.0763564482331276
5.44,3.0577987956361397,3.5342965846420764,3.4760785161653436,1.6052651524076105,-2.5734903812408447,94.50540161132812,-262.44183349609375,-2.122645854949951,0.2782318592071533,28.402162551879883,-0.4225186729092955,-0.7744817426728169,-0.4708035697713482,0.4507841093216153,0.2710755577762521,-0.8504773534665178,0.7863025230953327,-0.571573330590897,0.23458957762684912,-14.080252647399902,7.605283260345459,-0.03814978525042534
5.45,3.0577987956361397,3.5342965846420764,3.4760785161653436,1.6052651524076105,-2.594454526901245,94.50860595703125,-262.1576232910156,-2.0664374828338623,0.36353129148483276,28.437210083007812,-0.3818709610255476,-0.6994683354508413,-0.6040849417317521,0.5117642769617339,0.384234475819479,-0.7684147268354272,0.7695920308522294,-0.6025843636316494,0.21123491840929542,-13.814814567565918,7.531240463256836,0.011326192878186703
5.46,3.0577987956361397,3.5342965846420764,3.4760785161653436,1.6052651524076105,-2.6147615909576416,94.51266479492188,-261.8730773925781,-1.9925013780593872,0.44525644183158875,28.47533416748047,-0.331587483535989,-0.6083684908078342,-0.7210669318131768,0.5667064937634854,0.48260754859786753,-0.667782677195698,0.7542502838505047,-0.6300616901768868,0.18473975176685137,-13.589106559753418,7.702777862548828,0.07391700148582458
5.47,3.0577987956361397,3.5342965846420764,3.4760785161653436,1.6052651524076105,-2.6342620849609375,94.51748657226562,-261.588134765625,-1.9056493043899536,0.5158352255821228,28.518632888793945,-0.2719251785318721,-0.5039924166634131,-0.8197855458753721,0.6148849201348694,0.5643057475682741,-0.5508861572522461,0.7402521410108481,-0.6538735865648526,0.15644839571459804,-13.373266220092773,7.901082992553711,0.13885053992271423
5.48,0.3866450334303362,0.8447233058169554,0.6360056127826426,3.9973797178023607,-2.6528406143188477,94.52294158935547,-261.30267333984375,-1.8085321187973022,0.572858989238739,28.5674991607666,-0.20382078833927686,-0.38939434963807495,-0.8982366763335243,0.6548317619644113,0.6278214484431957,-0.4207559772567382,0.7277722513007352,-0.6739527204074696,0.1270247255144878,-13.1633882522583,8.095853805541992,0.20454895496368408
5.49,0.3866450334303362,0.8447233058169554,0.6360056127826426,3.9973797178023607,-2.670489549636841,94.52886199951172,-261.0167236328125,-1.7285131216049194,0.6052873134613037,28.625011444091797,-0.12960854514631842,-0.2664811882970216,-0.9550860701051304,0.6847578812333867,0.6725908380167371,-0.2805854748640888,0.7171528910307884,-0.6903689889470344,0.09530157389273114,-13.35995864868164,7.9429426193237305,0.2603897452354431
5.5,0.3866450334303362,0.8447233058169554,0.6360056127826426,3.9973797178023607,-2.687469482421875,94.53499603271484,-260.73016357421875,-1.6683474779129028,0.6191093325614929,28.689870834350586,-0.05503900179061422,-0.13335432034328348,-0.9895389499800771,0.7027632271991822,0.6988305501009142,-0.13326555722407796,0.7092915865696443,-0.7027463891699725,0.055253576627059264,-13.932263374328613,7.4663405418396,0.30610203742980957
5.51,0.3866450334303362,0.8447233058169554,0.6360056127826426,3.9973797178023607,-2.703861713409424,94.54122161865234,-260.44293212890625,-1.6101418733596802,0.6235861778259277,28.759740829467773,0.016562647292398036,0.008688245606213674,-0.9998250812531929,0.7093038633991098,0.7046762151637114,0.017873476148863143,0.7047082432338682,-0.7094758249375613,0.005508697432450804,-14.558021545410156,6.9380364418029785,0.3491639196872711
5.52,1.2006049636722076,0.03587311003598407,4.161075156650123,2.775080908498738,-2.7196736335754395,94.54745483398438,-260.15496826171875,-1.552397608757019,0.6194794774055481,28.8342227935791,0.08317094615397691,0.15638019444146667,-0.9841889191117229,0.7057132207579521,0.6880551098675921,0.16896454016311763,0.7035989225143046,-0.7086080726124597,-0.053133376188276016,-15.191850662231445,6.395627021789551,0.39024847745895386
5.53,1.2006049636722076,0.03587311003598407,4.161075156650123,2.775080908498738,-2.7348790168762207,94.5535888671875,-259.8662414550781,-1.4857622385025024,0.6043677926063538,28.913131713867188,0.14271197306849742,0.3040145239624493,-0.9419174390374041,0.6938410116378304,0.6479413242254126,0.3142557731059382,0.7058455520241582,-0.6983890102091413,-0.11846876004587553,-15.336698532104492,5.685182094573975,0.4342891573905945
5.54,1.2006049636722076,0.03587311003598407,4.161075156650123,2.775080908498738,-2.7493717670440674,94.55950164794922,-259.5766906738281,-1.4131836891174316,0.5764420628547668,28.995498657226562,0.19235474453922724,0.4416477526315839,-0.8763258040527622,0.6767360193425247,0.586991883886747,0.444374716174899,0.7106532293444412,-0.6785188212913178,-0.18596826819583517,-15.025328636169434,4.82063102722168,0.4770732522010803
5.55,2.0090988394470646,1.5607613211255875,2.2263882771385917,2.033532373323634,-2.7631564140319824,94.56507110595703,-259.28631591796875,-1.3447569608688354,0.5382156372070312,29.078266143798828,0.23149395807991363,0.5646149818059696,-0.7922250120342959,0.657590077872722,0.5093117949499959,0.5551367264090543,0.7169280555647429,-0.6494701054283087,-0.25338260654413314,-14.6486177444458,3.931304454803467,0.512721061706543
5.56,2.0090988394470646,1.5607613211255875,2.2263882771385917,2.033532373323634,-2.776292324066162,94.57023620605469,-258.9951171875,-1.284049391746521,0.4925225079059601,29.157949447631836,0.26159419286951935,0.67124770843699,-0.6935380250390274,0.6384016807564662,0.41858762782728864,0.6459316464125617,0.7238865741704733,-0.611727808545609,-0.3190255726234544,-14.407660484313965,3.383336067199707,0.5406433343887329
5.57,2.0090988394470646,1.5607613211255875,2.2263882771385917,2.033532373323634,-2.788865089416504,94.57491302490234,-258.703125,-1.2318774461746216,0.4410806894302368,29.231666564941406,0.28640931964680694,0.7613856410056785,-0.5816026197411986,0.6181446465538702,0.31695232083715863,0.7193319277306754,0.7320293010230151,-0.5655379138362971,-0.37986835937919994,-14.301066398620605,3.1545934677124023,0.5646895170211792
5.58,2.0090988394470646,1.5607613211255875,2.2263882771385917,2.033532373323634,-2.8009579181671143,94.57904815673828,-258.41046142578125,-1.1881388425827026,0.3845394551753998,29.297595977783203,0.30697353066766875,0.8339463537281271,-0.45858557606294903,0.5967466141159408,0.2067025995798599,0.7753499299465294,0.7413910776443063,-0.511671295296589,-0.43420243615037957,-14.212845802307129,2.967787742614746,0.5869163274765015
5.59,3.97968051654866,1.9650034577202704,0.24803119702874957,1.6486288877179236,-2.8126578330993652,94.58259582519531,-258.1171875,-1.1534698009490967,0.3241618275642395,29.35445213317871,0.32346481028992735,0.8878300907961085,-0.3273045162857908,0.5747497697775661,0.09043502320887217,0.8133167948086686,0.7516869153076542,-0.4511975581208136,-0.48102759266083583,-14.126734733581543,2.7845189571380615,0.6075993180274963
5.6,3.97968051654866,1.9650034577202704,0.24803119702874957,1.6486288877179236,-2.824059009552002,94.58552551269531,-257.82342529296875,-1.1284146308898926,0.2613174021244049,29.40181541442871,0.3362922924811,0.9223205518618335,-0.19034782276424755,0.5518211046301663,-0.029195425539503883,0.8334513156821521,0.7631519917438134,-0.3853211994438541,-0.5187741423361425,-14.043052673339844,2.9283270835876465,0.6213715076446533
5.61,3.97968051654866,1.9650034577202704,0.24803119702874957,1.6486288877179236,-2.8352596759796143,94.58781433105469,-257.5291748046875,-1.113436222076416,0.19737353920936584,29.440526962280273,0.34584841786969467,0.9369997541033966,-0.04919687660008221,0.5249409236108645,-0.14976519470237393,0.837858826518127,0.7777055346180854,-0.31559760339067,-0.5436655719819525,-13.963659286499023,3.376176118850708,0.6317623257637024
5.62,2.9515211337896043,3.275571169067892,3.8590075079230943,3.5538212942580256,-2.846362352371216,94.58946990966797,-257.2345886230469,-1.108918309211731,0.13360334932804108,29.47284698486328,0.3509563755000772,0.9316843234042783,0.09377603115168176,0.49342704859386843,-0.26911916054197305,0.8271061752551047,0.7958387840585511,-0.24400655514124214,-0.5541673310799825,-13.887838363647461,3.8652799129486084,0.6447330117225647
5.63,2.9515211337896043,3.275571169067892,3.8590075079230943,3.5538212942580256,-2.857485294342041,94.59040832519531,-256.9396667480469,-1.1193528175354004,0.04926470294594765,29.51667022705078,0.35039459674790846,0.9065184748766493,0.2354737379776875,0.4587495565016331,-0.38530151116530204,0.8006819530270991,0.8165613700019281,-0.1725311571892123,-0.5508725159413255,-13.863840103149414,3.9955477714538574,0.6681565046310425
5.64,2.9515211337896043,3.275571169067892,3.8590075079230943,3.5538212942580256,-2.8688175678253174,94.59040832519531,-256.64422607421875,-1.150465726852417,-0.051256634294986725,29.573074340820312,0.3446031694987325,0.8619240956094024,0.3719348181863877,0.42529940541118394,-0.49655474702823665,0.7566728480397702,0.8368805597744047,-0.10256820468175021,-0.537690145027823,-13.885701179504395,3.785900115966797,0.6983115673065186
5.65,2.9515211337896043,3.275571169067892,3.8590075079230943,3.5538212942580256,-2.8805551528930664,94.58940124511719,-256.34820556640625,-1.1999763250350952,-0.14771588146686554,29.631656646728516,0.33458808917443494,0.7987876891633815,0.49998903810346196,0.39476435186341263,-0.6005784337691258,0.6953176622158275,0.8556938220417745,-0.03526715940430464,-0.5162792949432422,-13.913315773010254,3.5253586769104004,0.7277570366859436
5.66,4.165184425426686,0.6754958047808473,1.20312151126673,3.392311533382566,-2.892871856689453,94.58747863769531,-256.0516052246094,-1.2660820484161377,-0.2355092167854309,29.692169189453125,0.3212804243605657,0.7184284059879633,0.6169598969076429,0.36762863303994986,-0.6950251577006513,0.6178909437209474,0.8727130554150504,0.02829585893340869,-0.4874128304377593,-13.940881729125977,3.2543933391571045,0.755424976348877
5.67,4.165184425426686,0.6754958047808473,1.20312151126673,3.392311533382566,-2.905883312225342,94.58478546142578,-255.75439453125,-1.3341580629348755,-0.30112606287002563,29.746389389038086,0.3053249021836096,0.6227877788552972,0.7203555279270469,0.3439210107544418,-0.7775379851651324,0.5264532457749587,0.8879724333943099,0.08700611549673648,-0.4515915116540126,-13.865926742553711,3.0785677433013916,0.7690941095352173
5.68,4.165184425426686,0.6754958047808473,1.20312151126673,3.392311533382566,-2.919551372528076,94.58153533935547,-255.4566650390625,-1.400256633758545,-0.34681984782218933,29.797256469726562,0.28649085724865253,0.51500632700516,0.8078932304813466,0.32320380774827523,-0.8457607171296824,0.42453281147315514,0.901921441906083,0.13948939925650142,-0.40875471878023895,-13.695908546447754,2.9948737621307373,0.7703187465667725
5.69,3.595437608686381,1.7985703935901607,3.6911526942841566,0.46181247571553535,-2.9339091777801514,94.577880859375,-255.15841674804688,-1.4723492860794067,-0.3816991448402405,29.853221893310547,0.26501894568475226,0.3979965237564565,0.8782731497125018,0.305513787698835,-0.898572339199331,0.31500647096806333,0.9145634389992054,0.18484187378302175,-0.3597321194198928,-13.512228012084961,2.925309419631958,0.7691380977630615
5.7,3.595437608686381,1.7985703935901607,3.6911526942841566,0.46181247571553535,-2.9490199089050293,94.57392883300781,-254.85958862304688,-1.5509109497070312,-0.40652531385421753,29.915481567382812,0.24120917194443917,0.27535479781291894,0.930590065867503,0.2908890838430226,-0.9353279748940315,0.20135818901051997,0.9258518651873227,0.2221290496581567,-0.30570739118823925,-13.039583206176758,2.9282243251800537,0.7807469964027405
5.71,3.595437608686381,1.7985703935901607,3.6911526942841566,0.46181247571553535,-2.9649438858032227,94.56977844238281,-254.56008911132812,-1.6345490217208862,-0.42115896940231323,29.98349380493164,0.21479750933890523,0.15325649694338514,0.9645592133852876,0.27909231586851535,-0.9560604042176194,0.0897551263738782,0.9359324276917387,0.2499218870605057,-0.24813210425731697,-12.301056861877441,2.99792218208313,0.8044186234474182
5.72,3.595437608686381,1.7985703935901607,3.6911526942841566,0.46181247571553535,-2.9817211627960205,94.5655288696289,-254.25987243652344,-1.721291184425354,-0.4257907569408417,30.05592155456543,0.1859526629135705,0.035517527663517734,0.9819165506212953,0.27015569289420444,-0.9626779916392825,-0.01633970655212849,0.9446891069300015,0.26830875804197785,-0.1886077983694392,-11.526830673217773,3.079587697982788,0.8291503190994263
5.73,4.06890085161953,2.974686187566664,3.1557458134448306,3.2077817929605974,-2.9993748664855957,94.561279296875,-253.95896911621094,-1.8095881938934326,-0.42096996307373047,30.131134033203125,0.15503411267366354,-0.07557425511664144,0.9850141906952685,0.2641497400426716,-0.9575956176509238,-0.11504585125564078,0.9519397768466653,0.2780272738767023,-0.1284970670397204,-10.748992919921875,3.1659929752349854,0.8533686995506287
5.74,4.06890085161953,2.974686187566664,3.1557458134448306,3.2077817929605974,-3.017972946166992,94.55714416503906,-253.65728759765625,-1.9157061576843262,-0.4045577049255371,30.20907211303711,0.12254208795241618,-0.17947306881339586,0.9761008422550224,0.261092655626383,-0.9430395392402954,-0.20617238565679488,0.9575040792906446,0.2801175556800274,-0.06870293401028414,-10.278610229492188,3.217036008834839,0.8719180822372437
5.75,4.06890085161953,2.974686187566664,3.1557458134448306,3.2077817929605974,-3.0377330780029297,94.55323791503906,-253.3547821044922,-2.036818027496338,-0.3747391998767853,30.285890579223633,0.08932874893324912,-0.27884032998043795,0.956173857094211,0.26095832514145934,-0.9199226829250559,-0.2926482700774618,0.9612081601575097,0.2756634321348537,-0.009409836887426401,-10.093881607055664,3.232966661453247,0.885490357875824
5.76,4.06890085161953,2.974686187566664,3.1557458134448306,3.2077817929605974,-3.0587058067321777,94.54969024658203,-253.0515594482422,-2.157266139984131,-0.3334905505180359,30.357728958129883,0.05591166281454062,-0.37386731446766663,0.9257953970149386,0.26370889655704033,-0.8887889486688919,-0.3748490664263602,0.9629805313909421,0.26509891719277257,0.048898468945747224,-9.949185371398926,3.2439777851104736,0.8982143402099609
5.77,3.830098785254715,2.6755637156663843,3.511132270417367,1.5307921632416681,-3.080864429473877,94.54661560058594,-252.7476348876953,-2.2736494541168213,-0.28175005316734314,30.422636032104492,0.02266467426454627,-0.46378582493100207,0.8856573948957643,0.269289617971639,-0.8503104460739317,-0.4521672776199537,0.9627925083802692,0.24874656558558028,0.10562069833232429,-9.810324668884277,3.254324197769165,0.9106640815734863
5.78,3.830098785254715,2.6755637156663843,3.511132270417367,1.5307921632416681,-3.1041347980499268,94.54407501220703,-252.443115234375,-2.376889944076538,-0.22443939745426178,30.48007583618164,-0.010231542805646185,-0.5473490382974899,0.8368418881763922,0.27769873523729616,-0.8055213041422274,-0.5234680897825686,0.9606137246466044,0.22703404777217473,0.16023986137275448,-9.511665344238281,3.3192851543426514,0.9267345666885376
5.79,3.830098785254715,2.6755637156663843,3.511132270417367,1.5307921632416681,-3.128361463546753,94.5421371459961,-252.1380615234375,-2.467036247253418,-0.16310188174247742,30.529224395751953,-0.04304833941189112,-0.6223522056780253,0.7815526678104142,0.2891533235210623,-0.7565588531546773,-0.5865228531012269,0.9563143813467424,0.20073971655100165,0.21252381096813844,-9.064824104309082,3.4365341663360596,0.9461485147476196
5.8,0.2822773254372351,1.3152815733096481,1.8130098907696308,3.3925543840860612,-3.1534504890441895,94.54084014892578,-251.8325653076172,-2.54945969581604,-0.09565688669681549,30.56805419921875,-0.07562723003862322,-0.6882159906395748,0.7215533745362667,0.3036713756638916,-0.7051487215197846,-0.6407409586887772,0.9497706131898823,0.17065764198242714,0.26231994120522545,-8.599014282226562,3.563295841217041,0.96580970287323
5.81,0.2822773254372351,1.3152815733096481,1.8130098907696308,3.3925543840860612,-3.179274082183838,94.54019927978516,-251.52671813964844,-2.6091103553771973,-0.03719746693968773,30.601552963256836,-0.1068501561337267,-0.7460597377632251,0.6572502657457553,0.3203732696571667,-0.6516126773425923,-0.6875768224828371,0.9412459892203389,0.13709772578378648,0.30864251385954444,-8.573987007141113,3.340959310531616,0.9823748469352722
5.82,0.2822773254372351,1.3152815733096481,1.8130098907696308,3.3925543840860612,-3.2055723667144775,94.54006958007812,-251.22055053710938,-2.648939371109009,0.01110076904296875,30.630340576171875,-0.13365205321734772,-0.799317309729998,0.5858574630716803,0.33601570703408956,-0.5926936720978435,-0.7319888357629196,0.9323253580682914,0.09902549884333861,0.3477978971783179,-8.956267356872559,2.7887580394744873,0.9949398636817932
5.83,0.2822773254372351,1.3152815733096481,1.8130098907696308,3.3925543840860612,-3.232229471206665,94.5404281616211,-250.9141387939453,-2.681382179260254,0.060252975672483444,30.650415420532227,-0.15554684479666722,-0.8480014488170302,0.5066544403022823,0.3491464502731667,-0.5269873898164199,-0.7748425951353756,0.9240681443137451,0.0563722784593107,0.378047921414544,-9.390188217163086,2.186204671859741,1.0050175189971924
5.84,0.29691175114963636,3.948668807998882,4.032512306311054,1.2724138736382882,-3.2591800689697266,94.54129028320312,-250.6075897216797,-2.707643747329712,0.1117895171046257,30.662458419799805,-0.17309042055970728,-0.8908830408396715,0.41996084800219585,0.359122034820704,-0.45412944877775074,-0.8153513401344559,0.9170992696631595,0.009687687911783038,0.39854118769108815,-9.826045989990234,1.5723912715911865,1.0125350952148438
5.85,0.29691175114963636,3.948668807998882,4.032512306311054,1.2724138736382882,-3.2863783836364746,94.54271697998047,-250.30088806152344,-2.7323873043060303,0.17637060582637787,30.663373947143555,-0.18733961831567603,-0.9263894339299239,0.3266595844489065,0.3659103605084917,-0.37442716763420913,-0.8520058123099687,0.9115994051566086,-0.04008631737163365,0.40912053441216834,-10.124932289123535,1.1295534372329712,1.0309315919876099
5.86,0.29691175114963636,3.948668807998882,4.032512306311054,1.2724138736382882,-3.313812732696533,94.54489135742188,-249.9943084716797,-2.7530694007873535,0.25364425778388977,30.65585708618164,-0.1999285770346523,-0.9527468774325403,0.2286961994162635,0.37096919378251414,-0.2896372954727301,-0.8823219901688919,0.9068684697072948,-0.09156213526227258,0.4113465133399853,-10.297599792480469,0.8460138440132141,1.0601279735565186
5.87,3.710379493495372,3.326978936452212,0.2989839205773841,0.34217084114672375,-3.3414108753204346,94.5478286743164,-249.68777465820312,-2.7650201320648193,0.3347204625606537,30.6464786529541,-0.2115611458602227,-0.9690193585032739,0.127449458249977,0.3747046464162632,-0.20085341890869526,-0.9051266939311595,0.9026839477449304,-0.14373373632724928,0.4055888355527505,-10.450640678405762,0.5805542469024658,1.0896505117416382
5.88,3.710379493495372,3.326978936452212,0.2989839205773841,0.34217084114672375,-3.369079351425171,94.55155944824219,-249.38137817382812,-2.7669641971588135,0.409760445356369,30.6417293548584,-0.2227053988903181,-0.9745896872221593,0.02402596231824744,0.37867241621472,-0.10918838398535419,-0.9190675154746644,0.8983370784417228,-0.1955833284379842,0.39336707428801077,-10.505414009094238,0.8313029408454895,1.1055718660354614
5.89,3.710379493495372,3.326978936452212,0.2989839205773841,0.34217084114672375,-3.3967223167419434,94.55599975585938,-249.07498168945312,-2.7602946758270264,0.4781542420387268,30.642417907714844,-0.2330935756663295,-0.969095504023419,-0.08075449872719559,0.38888421282405794,-0.016779266075785115,-0.9211338259157411,0.8913116480778751,-0.2461145268194333,0.38077708136014243,-10.47761058807373,1.561714768409729,1.1122175455093384
5.9,3.710379493495372,3.326978936452212,0.2989839205773841,0.34217084114672375,-3.424259662628174,94.56111907958984,-248.76858520507812,-2.7459280490875244,0.5452579259872437,30.645397186279297,-0.24114949438386502,-0.9524936356604481,-0.18601826626637458,0.4071575216174675,0.07469480503649123,-0.9102985437156768,0.8809481675721493,-0.29525676982399934,0.36980233358426784,-10.446045875549316,2.3583946228027344,1.121421217918396
5.91,3.086924574970293,1.7642441743900652,0.5634845891552779,1.7712778069935167,-3.45161509513855,94.56690979003906,-248.4621124267578,-2.7238640785217285,0.6109922528266907,30.649682998657227,-0.24509184315302474,-0.9248676671092793,-0.29077446028785403,0.4333194389229509,0.16379662860247635,-0.8862307421377131,0.8672740352802869,-0.3432061520344618,0.360617920983339,-10.421880722045898,3.163311243057251,1.1348062753677368
5.92,3.086924574970293,1.7642441743900652,0.5634845891552779,1.7712778069935167,-3.4787139892578125,94.57333374023438,-248.1555633544922,-2.6949100494384766,0.6725020408630371,30.655492782592773,-0.24349539146455906,-0.8863882302629577,-0.3937332848348275,0.46585713578015475,0.2491750986255987,-0.8490517647750542,0.8506980212615002,-0.3901636521720411,0.35225729395648137,-10.423357009887695,3.6991000175476074,1.148085594177246
5.93,3.086924574970293,1.7642441743900652,0.5634845891552779,1.7712778069935167,-3.5054922103881836,94.5803451538086,-247.84901428222656,-2.65958309173584,0.7291754484176636,30.662811279296875,-0.23635145999018653,-0.837313726020028,-0.49299463646064623,0.5009586152792077,0.32973394760654157,-0.8001974691120595,0.8325733920430355,-0.43609775052648914,0.34152642481613343,-10.445691108703613,3.9837236404418945,1.159737229347229
5.94,0.4181139145954077,2.4219291398317306,2.0993415088570937,3.106075084691212,-3.5318844318389893,94.58789825439453,-247.5423126220703,-2.6177432537078857,0.7818837761878967,30.671823501586914,-0.22354911322137905,-0.7780917215532429,-0.5870256100275743,0.5369212764673629,0.40434435264439866,-0.7404196022264942,0.8134748532404629,-0.4807066853444966,0.32738317887532714,-10.473712921142578,4.2321929931640625,1.1723743677139282
5.95,0.4181139145954077,2.4219291398317306,2.0993415088570937,3.106075084691212,-3.5578184127807617,94.5959701538086,-247.2355499267578,-2.567258596420288,0.8329617977142334,30.682254791259766,-0.20557965363662556,-0.7087915516592903,-0.674797408343468,0.5720562588570764,0.47242134887714976,-0.6704995942038594,0.7940331496311039,-0.5238631552433426,0.30834842607900387,-10.745184898376465,4.134650707244873,1.1928083896636963
5.96,0.4181139145954077,2.4219291398317306,2.0993415088570937,3.106075084691212,-3.5832018852233887,94.60454559326172,-246.9286651611328,-2.508309841156006,0.8811361193656921,30.696277618408203,-0.1855124216583005,-0.6277389009278134,-0.755995379398852,0.6030190862618832,0.534722641806729,-0.5919794573658079,0.7758563804044899,-0.565699185611199,0.27934084625143857,-11.238016128540039,3.7146496772766113,1.218801498413086
5.97,0.4181139145954077,2.4219291398317306,2.0993415088570937,3.106075084691212,-3.6079654693603516,94.61357879638672,-246.62159729003906,-2.4434306621551514,0.9234395623207092,30.717798233032227,-0.1651002563140802,-0.5343447224190647,-0.8289859003553186,0.629112044194537,0.5902691737148288,-0.5057670792087844,0.7595787919724961,-0.6050272887935771,0.2387091087510016,-11.757462501525879,3.2419965267181396,1.2439990043640137
5.98,0.7705236445632746,1.411696565396214,1.114448603619356,3.180129372128426,-3.6320548057556152,94.62299346923828,-246.31427001953125,-2.3737165927886963,0.9590645432472229,30.749479293823242,-0.14535426645284544,-0.42887248324497235,-0.8915943754528992,0.6506574311530411,0.6374389263240978,-0.4126942239626164,0.7453301580570051,-0.6401093721560962,0.1863946006960709,-12.276053428649902,2.7542786598205566,1.267224669456482
5.99,0.7705236445632746,1.411696565396214,1.114448603619356,3.180129372128426,-3.6554489135742188,94.63272094726562,-246.00656127929688,-2.3067760467529297,0.984840452671051,30.794118881225586,-0.12705778394413042,-0.31216893602515533,-0.9414918347602006,0.6682175760405762,0.6745328888132787,-0.31383220513463767,0.7330358726622204,-0.6689962162001628,0.1228921156958474,-12.766352653503418,2.274474620819092,1.2833619117736816
6.0,0.7705236445632746,1.411696565396214,1.114448603619356,3.180129372128426,-3.6782009601593018,94.64265441894531,-245.69834899902344,-2.24363112449646,1.0017462968826294,30.851186752319336,-0.11070720367779219,-0.18580333098640717,-0.9763303934878804,0.6824774572749972,0.699912949090298,-0.21058581150489808,0.7224738302286793,-0.689636850733832,0.049321179473164056,-13.229338645935059,1.8033380508422852,1.2925223112106323
6.01,0.7705236445632746,1.411696565396214,1.114448603619356,3.180129372128426,-3.700319528579712,94.65272521972656,-245.38951110839844,-2.179950475692749,1.0119991302490234,30.91828155517578,-0.096808160506765,-0.051679932239092896,-0.9939604442144865,0.694152174748133,0.7121824458420706,-0.10463709727837384,0.7132888183279855,-0.7000895288733928,-0.03307133517257721,-13.683485984802246,1.327647089958191,1.2982087135314941
6.02,1.5914430973341596,0.7419966460651422,3.916530989449701,1.13785842221245,-3.7217986583709717,94.66287231445312,-245.07998657226562,-2.1158359050750732,1.0156359672546387,30.992507934570312,-0.08575933420783244,0.0878677693153378,-0.9924336711900578,0.7040113715119148,0.7101857627462369,0.002042345332749773,0.7049917200777197,-0.6985094398131582,-0.12276496696438244,-14.131216049194336,0.8459379076957703,1.3006683588027954
6.03,1.5914430973341596,0.7419966460651422,3.916530989449701,1.13785842221245,-3.7426233291625977,94.67301940917969,-244.7696990966797,-2.047919988632202,1.0123212337493896,31.070261001586914,-0.07789559863660983,0.22842379043871516,-0.970440543090948,0.712892267345841,0.6932238648366287,0.10594946144022344,0.6969339214527803,-0.6835665623643227,-0.21684064182222035,-14.084304809570312,0.31777846813201904,1.3060654401779175
6.04,1.5914430973341596,0.7419966460651422,3.916530989449701,1.13785842221245,-3.7627501487731934,94.68309783935547,-244.45860290527344,-1.9776082038879395,1.001511573791504,31.146703720092773,-0.0736585043920095,0.36113862058637325,-0.9295984732408413,0.721773537885147,0.6625429407050059,0.2001994298960939,0.6881986520907246,-0.656213188257394,-0.3094622219554029,-13.576783180236816,-0.2464788556098938,1.3133509159088135
6.05,1.877685906466588,1.9199160006079095,3.31816123623541,0.820724149609349,-3.782182216644287,94.69303131103516,-244.14678955078125,-1.9092504978179932,0.9837651252746582,31.21586036682129,-0.07284207374143897,0.48207187740046764,-0.8730983548905791,0.7315445471384171,0.6208482462878488,0.28176236553761214,0.6778912950061353,-0.6181861856276725,-0.39788092697943406,-12.999066352844238,-0.8099105358123779,1.3174635171890259
6.06,1.877685906466588,1.9199160006079095,3.31816123623541,0.820724149609349,-3.800938844680786,94.7027587890625,-243.83433532714844,-1.8419855833053589,0.9591312408447266,31.273677825927734,-0.07441615078033076,0.5899678513911809,-0.8039901559272432,0.7427064624651237,0.5707988330294567,0.3501082730024421,0.6654692683479689,-0.571074974532315,-0.48064958789885065,-12.49659252166748,-1.202103614807129,1.3195422887802124
6.07,1.877685906466588,1.9199160006079095,3.31816123623541,0.820724149609349,-3.81903076171875,94.71220397949219,-243.5213623046875,-1.7770498991012573,0.9282559156417847,31.31633949279785,-0.07609230598621239,0.6849616584201487,-0.7245947056555277,0.754907537584614,0.5143264298393599,0.40691882884259983,0.651402003886721,-0.5160386129574203,-0.5562190029739605,-12.073064804077148,-1.4353629350662231,1.3210293054580688
6.08,1.877685906466588,1.9199160006079095,3.31816123623541,0.820724149609349,-3.836495876312256,94.7213134765625,-243.2080535888672,-1.7169522047042847,0.8925573229789734,31.340299606323242,-0.07696353977806783,0.766863325710188,-0.6371791374688441,0.7679432722788191,0.45317639825807776,0.45265249653960365,0.6358771454506992,-0.4544796934325522,-0.6237855914903166,-11.658185005187988,-1.6420719623565674,1.3215856552124023
6.09,2.262595677536282,2.7760445987076867,2.7599215575966882,2.620244647352846,-3.853388547897339,94.73004913330078,-242.89463806152344,-1.6625189781188965,0.8530279397964478,31.344045639038086,-0.07663963948427605,0.8355812968431834,-0.5439947261008912,0.7817193661961105,0.38902533366328246,0.48741575916472235,0.6189032219771288,-0.38789584444027636,-0.6830048430957817,-11.242222785949707,-1.8405448198318481,1.321266770362854
6.1,2.262595677536282,2.7760445987076867,2.7599215575966882,2.620244647352846,-3.8697469234466553,94.73835754394531,-242.5812225341797,-1.6085093021392822,0.8048522472381592,31.335529327392578,-0.07481867009114707,0.891646196423863,-0.44650781293125213,0.7961183155200448,0.3230458575679803,0.5117001090499148,0.600497955283212,-0.31718832625275817,-0.7340257293785112,-11.042060852050781,-2.033872604370117,1.3164626359939575
6.11,2.262595677536282,2.7760445987076867,2.7599215575966882,2.620244647352846,-3.885571002960205,94.74613189697266,-242.26795959472656,-1.5576982498168945,0.7489888668060303,31.315574645996094,-0.07122508027085099,0.9362753379166486,-0.3439701724706322,0.8109878818561758,0.25512338868563983,0.5265080360526224,0.5807113253784918,-0.24145506446256532,-0.7774791369693043,-11.042184829711914,-2.225332498550415,1.3072171211242676
6.12,2.8096276782116925,3.0334962102930487,1.6121336177343977,3.5986972160295236,-3.900930881500244,94.75333404541016,-241.95497131347656,-1.5158897638320923,0.691002368927002,31.27919578552246,-0.06553928472243671,0.9693106637867729,-0.2369418477756025,0.8261604784754925,0.1858777333984908,0.5318912783941702,0.5596101017344277,-0.16089221639310267,-0.8129884554782426,-11.068178176879883,-2.415907859802246,1.2963616847991943
6.13,2.8096276782116925,3.0334962102930487,1.6121336177343977,3.5986972160295236,-3.9159207344055176,94.75994873046875,-241.6424102783203,-1.4836852550506592,0.6310844421386719,31.23011589050293,-0.05741326048026235,0.9903368110974835,-0.12624071493101044,0.8413115162208236,0.11607177882127823,0.5279415449038684,0.5374929303676882,-0.07589692185149124,-0.8398458233855927,-11.23772144317627,-2.5383780002593994,1.279668927192688
6.14,2.8096276782116925,3.0334962102930487,1.6121336177343977,3.5986972160295236,-3.930640459060669,94.76596069335938,-241.3303985595703,-1.4622608423233032,0.5705505013465881,31.171289443969727,-0.04655167917158354,0.9988492175776318,-0.011540438070482328,0.8557650382918991,0.045837183685355616,0.5153301386771973,0.5152660869915373,0.014113579855856984,-0.8569140367972051,-11.538744926452637,-2.5990004539489746,1.2577768564224243
6.15,2.8096276782116925,3.0334962102930487,1.6121336177343977,3.5986972160295236,-3.945204973220825,94.77136993408203,-241.01901245117188,-1.4527987241744995,0.5117365717887878,31.1048526763916,-0.03287735060638444,0.9938018080356587,0.10619343747219578,0.8691701179898373,-0.024024945872372055,0.49392925401251764,0.4934190772666147,0.10853924783637425,-0.8629929581801216,-11.857977867126465,-2.652210235595703,1.2345083951950073
6.16,1.2990371103488185,1.5251898816493772,1.1012020840453798,0.8335634863811267,-3.959737777709961,94.77620697021484,-240.70831298828125,-1.4558041095733643,0.4558783769607544,31.035356521606445,-0.016388542019109227,0.9741593082910814,0.2252666370333829,0.8812999122737469,-0.09234217666725764,0.4634472861444321,0.4722730992940145,0.20612269277834247,-0.8570131592951366,-12.17967414855957,-2.7053754329681396,1.2103736400604248
6.17,1.2990371103488185,1.5251898816493772,1.1012020840453798,0.8335634863811267,-3.9743380546569824,94.7805404663086,-240.39837646484375,-1.463380217552185,0.4170643985271454,30.943336486816406,0.002861639254219538,0.9392886405688854,0.34311610384683744,0.8919118635645258,-0.15755584232337594,0.42387425515431587,0.4522002196523497,0.3048163483936295,-0.8382135498179087,-12.328109741210938,-2.74100399017334,1.1899017095565796
6.18,1.2990371103488185,1.5251898816493772,1.1012020840453798,0.8335634863811267,-3.9890053272247314,94.78458404541016,-240.0894775390625,-1.4706250429153442,0.39317843317985535,30.83754539489746,0.024682835155571226,0.8898342561710622,0.4556157966896842,0.9007082511641651,-0.21752627683679637,0.37604117483370497,0.43372272701978,0.4010951451090055,-0.8068502219349707,-12.315484046936035,-2.7584452629089355,1.1732511520385742
6.19,1.2990371103488185,1.5251898816493772,1.1012020840453798,0.8335634863811267,-4.00376558303833,94.78841400146484,-239.78158569335938,-1.48233163356781,0.37356334924697876,30.74350929260254,0.048764431392674494,0.8268500960325526,0.560304335983497,0.9075072412045454,-0.27099271671568986,0.32092608907404974,0.41719616176597807,0.4928304639305573,-0.7635872552824119,-12.280760765075684,-2.7713053226470947,1.1571036577224731
6.2,3.718222989831905,2.225499545830526,1.9380771071540568,1.5849593369724562,-4.018669128417969,94.79206848144531,-239.47454833984375,-1.499381422996521,0.35714200139045715,30.668060302734375,0.07474804862160797,0.7515000031160151,0.6554849155731127,0.9121929978162902,-0.3170977907116698,0.2595244224744703,0.402885422871306,0.5785298060103792,-0.7092154817792697,-12.243317604064941,-2.781492233276367,1.141010046005249
6.21,3.718222989831905,2.225499545830526,1.9380771071540568,1.5849593369724562,-4.033820152282715,94.79556274414062,-239.1680908203125,-1.5368621349334717,0.33900851011276245,30.62914276123047,0.10197797918376916,0.6654504732694007,0.739443141415975,0.9146211791359717,-0.35505941610525404,0.19339314804542782,0.39123981192808,0.6565885154802259,-0.6448433382628325,-12.067012786865234,-2.6824328899383545,1.1220157146453857
6.22,3.718222989831905,2.225499545830526,1.9380771071540568,1.5849593369724562,-4.049474239349365,94.79886627197266,-238.86184692382812,-1.5959858894348145,0.3220768868923187,30.624248504638672,0.12890108459895455,0.5716996066184911,0.8102740710287325,0.9146383015327925,-0.3842617337553642,0.12561726529633593,0.3831726605049238,0.7249154983607289,-0.5724301114354434,-11.763673782348633,-2.4794492721557617,1.101464033126831
6.23,3.4048551408129275,3.5330893392551976,3.46754199554861,4.137158699179209,-4.065769672393799,94.8020248413086,-238.5555419921875,-1.6643387079238892,0.3111346364021301,30.640138626098633,0.1544984526709613,0.4726818753873858,0.8675840436537215,0.9125101116785319,-0.4049063693021898,0.05810445923465779,0.37875522993974886,0.7827021635199322,-0.4938843984319664,-11.445192337036133,-2.2570619583129883,1.0822538137435913
6.24,3.4048551408129275,3.5330893392551976,3.46754199554861,4.137158699179209,-4.082850933074951,94.80509948730469,-238.2489471435547,-1.759894609451294,0.3059332072734833,30.68419647216797,0.17875362901472053,0.3697611632497634,0.9117696102998002,0.908635950562002,-0.4174958596978354,-0.008827031293267229,0.377396143939435,0.8300445104254031,-0.410607186069969,-11.330313682556152,-2.242338180541992,1.0654665231704712
6.25,3.4048551408129275,3.5330893392551976,3.46754199554861,4.137158699179209,-4.101046085357666,94.80815124511719,-237.9417724609375,-1.8811203241348267,0.30913594365119934,30.7493896484375,0.20372716993670226,0.26222906364614196,0.9432556166855566,0.9031763391685028,-0.422178511973774,-0.07770331005685305,0.37784618642479845,0.8677564302307863,-0.322848319180012,-11.403809547424316,-2.424623489379883,1.049129605293274
6.26,3.4048551408129275,3.5330893392551976,3.46754199554861,4.137158699179209,-4.12049674987793,94.8113021850586,-237.63392639160156,-2.009878635406494,0.32230907678604126,30.822711944580078,0.2299920337001326,0.15077579712466538,0.961441794096709,0.895924273350233,-0.41858734401464287,-0.1486752563563417,0.3800307367257732,0.895573165314922,-0.2313554510087828,-11.5018892288208,-2.6335220336914062,1.0316251516342163
6.27,2.338383300492267,3.0578630134267644,3.5252883000701423,3.0686354545290606,-4.141253471374512,94.81462860107422,-237.3253173828125,-2.1417930126190186,0.34567615389823914,30.89907455444336,0.2573817102414162,0.03684207258881361,0.9656072270444978,0.8866277649052241,-0.4063586037516719,-0.22082547782391088,0.3842471362708777,0.9129706166379903,-0.13725447687881512,-11.601865768432617,-2.8451099395751953,1.01271653175354
6.28,2.338383300492267,3.0578630134267644,3.5252883000701423,3.0686354545290606,-4.163296222686768,94.81822967529297,-237.0159454345703,-2.262949228286743,0.3762734830379486,30.972734451293945,0.2856685763137973,-0.07779133747583966,0.9551659396777967,0.8750174472568336,-0.38529235546317836,-0.2930772386552232,0.39081700513537404,0.919509819760157,-0.04199714111295161,-11.659360885620117,-3.092827796936035,0.9956428408622742
6.29,2.338383300492267,3.0578630134267644,3.5252883000701423,3.0686354545290606,-4.18647575378418,94.8221664428711,-236.70587158203125,-2.37211275100708,0.4128398895263672,31.04075050354004,0.31483894096079235,-0.19087833944426846,0.9297536774789789,0.8607038068074943,-0.35549011435711597,-0.36443893252704485,0.40008173940055547,0.914982097161121,0.052367582270549606,-11.67646312713623,-3.3733627796173096,0.9799533486366272
6.3,0.9216718744508875,0.18727727322432008,1.2220799508875915,1.9885856202496806,-4.210721969604492,94.82650756835938,-236.39515686035156,-2.4763877391815186,0.457148015499115,31.099613189697266,0.3444576383610789,-0.3004784087991886,0.8894164723121647,0.8433756773322483,-0.31712329623287827,-0.43376293279943323,0.41239107926709523,0.8995251752073989,0.1441806398550738,-11.686075210571289,-3.6569273471832275,0.9629186987876892
6.31,0.9216718744508875,0.18727727322432008,1.2220799508875915,1.9885856202496806,-4.235879421234131,94.83126831054688,-236.0839080810547,-2.544084310531616,0.49264171719551086,31.151315689086914,0.3740472566335823,-0.4047439746636724,0.8344285258656634,0.8227106805680672,-0.2704755389891922,-0.49999011879009586,0.4280604932531374,0.8735131926776829,0.23181655750597752,-11.675024032592773,-4.0017290115356445,0.9388777613639832
6.32,0.9216718744508875,0.18727727322432008,1.2220799508875915,1.9885856202496806,-4.261506080627441,94.83631896972656,-235.77215576171875,-2.5790703296661377,0.5163365006446838,31.19615936279297,0.4034783310491193,-0.5017325175836079,0.765159929147516,0.7981071210553828,-0.2159798718843462,-0.5624746378829091,0.4474709596102362,0.8376259163493187,0.313293096900424,-11.644960403442383,-4.401535511016846,0.907726526260376
6.33,0.9216718744508875,0.18727727322432008,1.2220799508875915,1.9885856202496806,-4.2874369621276855,94.84159851074219,-235.46002197265625,-2.60612154006958,0.5400550961494446,31.226802825927734,0.43195371411456035,-0.5897411380707905,0.6823645498775601,0.7691895995307191,-0.15415656854689685,-0.6201476536661393,0.47091756055217204,0.7927427971547988,0.38703424748047405,-11.610406875610352,-4.805427074432373,0.8734925985336304
6.34,0.08540505078959039,1.1284852873281577,3.3097183881281405,1.7887285481938597,-4.3136115074157715,94.84712982177734,-235.14767456054688,-2.6278162002563477,0.5654593110084534,31.24001121520996,0.4583655579194745,-0.6672466593593536,0.587097019994951,0.7357746771342895,-0.08565207755178311,-0.6717881705560135,0.49853449208766,0.7398956799338986,0.45168323304507646,-11.573746681213379,-5.206089496612549,0.8367770314216614
6.35,0.08540505078959039,1.1284852873281577,3.3097183881281405,1.7887285481938597,-4.339992523193359,94.85293579101562,-234.8353271484375,-2.648937702178955,0.5989472270011902,31.2303524017334,0.4816935916947065,-0.7328252115074638,0.48056060294128816,0.697516941374273,-0.011355785423451725,-0.7164783057659844,0.5305105090534328,0.6803221703843388,0.505687991025504,-11.495931625366211,-5.726286888122559,0.8053988218307495
6.36,0.08540505078959039,1.1284852873281577,3.3097183881281405,1.7887285481938597,-4.366578578948975,94.859130859375,-234.52317810058594,-2.667069911956787,0.6404004096984863,31.19841957092285,0.5011617992458557,-0.7851166647701364,0.3639075070356125,0.6532711288633799,0.06746436843727183,-0.7541123200060624,0.5675153594134897,0.6156625550507175,0.5467046141548471,-11.378507614135742,-6.357517719268799,0.7780672907829285
6.37,0.6647718581778694,1.1720739204571762,1.863851274207405,2.924609561926338,-4.393307685852051,94.86575317382812,-234.21142578125,-2.677335739135742,0.6844505071640015,31.150693893432617,0.5151167835741657,-0.8231843099064098,0.23879340695277465,0.6026737689885853,0.14975860074600844,-0.7838090900695721,0.6094579784146722,0.5476677399906854,0.5732547593524153,-11.252889633178711,-7.000629425048828,0.7483000159263611
6.38,0.6647718581778694,1.1720739204571762,1.863851274207405,2.924609561926338,-4.420097351074219,94.87283325195312,-233.90020751953125,-2.6793370246887207,0.7310544848442078,31.09156608581543,0.5216080858869445,-0.8464602936012621,0.10691106628325864,0.5460414460128403,0.23491636771432156,-0.8041473990607171,0.6555636841478976,0.47782765882311073,0.5847366796174674,-11.282126426696777,-7.576866149902344,0.7091862559318542
6.39,0.6647718581778694,1.1720739204571762,1.863851274207405,2.924609561926338,-4.446864604949951,94.88038635253906,-233.58961486816406,-2.6727049350738525,0.7795224785804749,31.02663803100586,0.5187283183489076,-0.8543870499943953,-0.030719709386467564,0.4845192409335581,0.3233933560408068,-0.8128086136562731,0.7043877035469055,0.4067425550277947,0.5817202566710036,-11.45743179321289,-8.089131355285645,0.6607751846313477
6.4,0.6647718581778694,1.1720739204571762,1.863851274207405,2.924609561926338,-4.473522186279297,94.88842010498047,-233.27967834472656,-2.65725040435791,0.8282498717308044,30.96237564086914,0.5048323317836242,-0.8459338447508146,-0.17187276425022519,0.4191784772767323,0.4142939474957993,-0.8078675196195896,0.7546083228893441,0.33579228009805806,0.5637462404776449,-11.653787612915039,-8.58863353729248,0.6077123284339905
6.41,3.3282485710278893,2.8350646018718124,1.0354199828656456,2.3856891644300013,-4.499981880187988,94.8969497680664,-232.9703369140625,-2.6332499980926514,0.8763424158096313,30.904876708984375,0.47848519387605787,-0.8202300266060982,-0.3134878350034501,0.3512380306483129,0.5059852732472854,-0.7877885179939885,0.8047880249281086,0.2668362919668708,0.5302024407918968,-11.854543685913086,-9.081938743591309,0.5505721569061279
6.42,3.3282485710278893,2.8350646018718124,1.0354199828656456,2.3856891644300013,-4.526143550872803,94.90597534179688,-232.66156005859375,-2.595982789993286,0.9335664510726929,30.852968215942383,0.43910822813482286,-0.7768850904800255,-0.45125770926837233,0.28322792388218554,0.5963598449083538,-0.7510904596080762,0.8526229571842898,0.20200121675556015,0.4819020661001465,-12.004008293151855,-9.173694610595703,0.4876672327518463
6.43,3.3282485710278893,2.8350646018718124,1.0354199828656456,2.3856891644300013,-4.551851272583008,94.9156265258789,-232.35324096679688,-2.5434913635253906,0.9971858859062195,30.81260871887207,0.38905955108180956,-0.7165338011305517,-0.5789749368922839,0.2205354797265098,0.6826622777480142,-0.6966608333484031,0.8944253841958083,0.1433580356216434,0.4236174048937138,-12.108928680419922,-8.891056060791016,0.422681599855423
6.44,3.3282485710278893,2.8350646018718124,1.0354199828656456,2.3856891644300013,-4.576977729797363,94.9259033203125,-232.0452423095703,-2.480114221572876,1.056921362876892,30.791790008544922,0.3308459012718234,-0.6404371567345163,-0.693095403162828,0.16555787842943145,0.7624565554585272,-0.6255002717251712,0.9290487492600052,0.09219679664785546,0.35828504320763027,-12.213737487792969,-8.550210952758789,0.3589179515838623
6.45,3.9140914094929524,3.024099588953824,3.569320320622369,2.00794393647042,-4.601424694061279,94.9367446899414,-231.73731994628906,-2.407794952392578,1.110168695449829,30.791671752929688,0.2666481226195455,-0.5501819881755179,-0.7913270869815502,0.11927916068954364,0.8335803701396977,-0.5393665250485633,0.9563844731741883,0.049432240541966654,0.2878978865263365,-12.32412052154541,-8.195286750793457,0.29687997698783875
6.46,3.9140914094929524,3.024099588953824,3.569320320622369,2.00794393647042,-4.625072002410889,94.94810485839844,-231.42933654785156,-2.3167197704315186,1.1622190475463867,30.808101654052734,0.19828568578594324,-0.44838583083109584,-0.8715692362183889,0.08206511373955347,0.8936979996437959,-0.44109999154340473,0.9767026691472243,0.015938385821199913,0.21400435495125375,-12.184832572937012,-7.928295612335205,0.2416977435350418
6.47,3.9140914094929524,3.024099588953824,3.569320320622369,2.00794393647042,-4.647702217102051,94.95997619628906,-231.12110900878906,-2.20766019821167,1.2093150615692139,30.841440200805664,0.12666268046303691,-0.3403173498321864,-0.9317406649820086,0.053567179655484715,0.9402820518486144,-0.33615505385925176,0.9904984213221519,-0.007332419420402692,0.13732848569676886,-11.812858581542969,-7.743495941162109,0.19362212717533112
6.48,3.323847991893374,2.302547585863763,0.998228041317732,3.0981085586026778,-4.669201374053955,94.97225952148438,-230.8124542236328,-2.091304302215576,1.244665503501892,30.892641067504883,0.053198985954771294,-0.22976881297045268,-0.9717901833624033,0.03357799439466583,0.9730295335115267,-0.22822367363350549,0.9980192313707267,-0.020489497321558872,0.05947936040084828,-11.411850929260254,-7.56489896774292,0.14891114830970764
6.49,3.323847991893374,2.302547585863763,0.998228041317732,3.0981085586026778,-4.6895575523376465,94.98482513427734,-230.50320434570312,-1.9838590621948242,1.2648946046829224,30.95918846130371,-0.020510410945167423,-0.11860536359112173,-0.9927296161444356,0.021808018859421678,0.9926491746692208,-0.1190463201528804,0.9995517662213836,-0.024091155139029832,-0.01777309449082337,-11.282491683959961,-7.3705878257751465,0.09934553503990173
6.5,3.323847991893374,2.302547585863763,0.998228041317732,3.0981085586026778,-4.7089080810546875,94.99752044677734,-230.19322204589844,-1.8868852853775024,1.272110939025879,31.03582000732422,-0.09290567020934704,-0.0056644465339950505,-0.9956588022452347,0.0178976617803841,0.9998127483313811,-0.0073581231876781944,0.9955140431685264,-0.01850357585748173,-0.09278689311933774,-11.409650802612305,-7.159708499908447,0.044089507311582565
6.51,3.323847991893374,2.302547585863763,0.998228041317732,3.0981085586026778,-4.72730016708374,95.01024627685547,-229.88246154785156,-1.7918035984039307,1.2685226202011108,31.11811637878418,-0.1626878596663729,0.10808098777247782,-0.980740108489145,0.021512962373513918,0.994134615903766,0.1059884800899954,0.9864430306749041,-0.0038555860769895964,-0.1640587751048771,-11.575835227966309,-6.94118595123291,-0.011385133489966393
6.52,0.4741078467085143,2.846165418172014,0.025285977083898407,0.3740745055492028,-4.744750499725342,95.02287292480469,-229.5708465576172,-1.6986879110336304,1.2541085481643677,31.20261573791504,-0.228726990612089,0.22064813219254037,-0.948155243367604,0.03221881260668136,0.9751569382991869,0.21915951679352463,0.9729573021873842,0.01957926063207928,-0.23015373269479733,-11.750503540039062,-6.716172218322754,-0.0662582591176033
6.53,0.4741078467085143,2.846165418172014,0.025285977083898407,0.3740745055492028,-4.7613725662231445,95.03531646728516,-229.2584228515625,-1.6347546577453613,1.236427664756775,31.279138565063477,-0.28973032517579556,0.3302678234418084,-0.8983203790811709,0.04939078948893155,0.9424862200433856,0.330575672035907,0.9558330861542659,0.05140904421735515,-0.28937902754945843,-12.055835723876953,-6.388384819030762,-0.11032785475254059
6.54,0.4741078467085143,2.846165418172014,0.025285977083898407,0.3740745055492028,-4.777523994445801,95.04759979248047,-228.94529724121094,-1.5970720052719116,1.2201203107833862,31.34358787536621,-0.34378557955509037,0.43610034739308967,-0.8316417271238843,0.07199742542576873,0.8952561084313722,0.4396963395894674,0.9362840626765103,0.09128519770445756,-0.33917424232689997,-12.481002807617188,-5.965918064117432,-0.14394718408584595
6.55,1.9060827460003371,0.22906669558736908,1.6646309833107071,0.2821459525322876,-4.793331146240234,95.0597152709961,-228.63157653808594,-1.5648365020751953,1.2008187770843506,31.400327682495117,-0.3900799941752685,0.536016227125955,-0.7486816428909416,0.09889176280757878,0.8327793208919895,0.544700855464251,0.915455087589245,0.13843845907959937,-0.3778581422367845,-12.923816680908203,-5.526440620422363,-0.1748061627149582
6.56,1.9060827460003371,0.22906669558736908,1.6646309833107071,0.2821459525322876,-4.8088274002075195,95.07160186767578,-228.31732177734375,-1.5346561670303345,1.1767839193344116,31.451335906982422,-0.42883688729133823,0.6263300176397412,-0.6510066306126824,0.12925564587200203,0.7557587514672963,0.6419670455644939,0.8940871893213141,0.19115286705669626,-0.4050539214814706,-12.923653602600098,-5.270679473876953,-0.2082892805337906
6.57,1.9060827460003371,0.22906669558736908,1.6646309833107071,0.2821459525322876,-4.824032306671143,95.0832290649414,-228.0025634765625,-1.5071004629135132,1.1480790376663208,31.497716903686523,-0.46158096693258205,0.7014341181635089,-0.5430775164207805,0.16342056372577274,0.6689533787694477,0.7251172983624721,0.871915552285388,0.24595030983741492,-0.4234049064119904,-12.510787010192871,-5.187138080596924,-0.2441924512386322
6.58,1.9060827460003371,0.22906669558736908,1.6646309833107071,0.2821459525322876,-4.838982105255127,95.09455108642578,-227.68736267089844,-1.4835808277130127,1.1160409450531006,31.539960861206055,-0.4885757294984241,0.7599394222986005,-0.42870249705541963,0.20097351049540313,0.576142013728117,0.7922562894016457,0.8490603068241012,0.3009193487527507,-0.4342166981151041,-12.042092323303223,-5.124733924865723,-0.27897244691848755
6.59,0.007119632127394874,0.5532975906549376,4.115598982779264,0.25416915597847306,-4.853718280792236,95.10553741455078,-227.3717803955078,-1.4644975662231445,1.0814812183380127,31.57909393310547,-0.5097429918288676,0.8021824990651909,-0.3109104701917901,0.24113811205303698,0.48011898409733533,0.8434086625265593,0.8258416877324927,0.35494929117110186,-0.4381740607341795,-11.567151069641113,-5.062885284423828,-0.31214889883995056
6.6,0.007119632127394874,0.5532975906549376,4.115598982779264,0.25416915597847306,-4.868283271789551,95.11616516113281,-227.05580139160156,-1.4490183591842651,1.041704773902893,31.61795425415039,-0.5252638578868697,0.8290225603587043,-0.19188401187722998,0.28394054561677723,0.3833279669261064,0.8788841996117263,0.8021693375794472,0.40716245429631215,-0.4367414448604051,-11.07295036315918,-5.277379989624023,-0.3350127339363098
6.61,0.007119632127394874,0.5532975906549376,4.115598982779264,0.25416915597847306,-4.88271427154541,95.1263656616211,-226.73941040039062,-1.4380583763122559,0.9974377155303955,31.657028198242188,-0.5353548381060292,0.8415381989524617,-0.072171026183047,0.3318064934029659,0.28811929073883646,0.898271520888744,0.7767236627347558,0.45694718951755964,-0.43347389510777773,-10.562389373779297,-5.749712944030762,-0.35014647245407104
6.62,3.202004253306842,3.8401956297518955,4.179286476685429,0.162861678367005,-4.8970627784729,95.1361083984375,-226.42263793945312,-1.4326752424240112,0.9521072506904602,31.69500160217285,-0.5390682294570397,0.8409537677138447,0.04692765238046204,0.38504903887565456,0.19650482501638283,0.9017333815525603,0.7490945745705192,0.5041652648816357,-0.4297379480984233,-10.051783561706543,-6.258058071136475,-0.3653257191181183
6.63,3.202004253306842,3.8401956297518955,4.179286476685429,0.162861678367005,-4.9113945960998535,95.14529418945312,-226.10546875,-1.435932993888855,0.8799081444740295,31.744430541992188,-0.5354729369286496,0.8286691274014217,0.16302211846486675,0.44156539717457993,0.11015825285401781,0.8904409915015179,0.7199227276833688,0.5487919793691567,-0.424898375549991,-9.538226127624512,-6.319140911102295,-0.3802363872528076
6.64,3.202004253306842,3.8401956297518955,4.179286476685429,0.162861678367005,-4.925828456878662,95.15362548828125,-225.7877197265625,-1.4529646635055542,0.784355878829956,31.80424690246582,-0.5252552284712051,0.8064300971673565,0.2716200348764984,0.49543508204077036,0.030296540812101036,0.8681164663212396,0.6918460988159993,0.5905528071201328,-0.415447177816403,-9.020223617553711,-5.961235523223877,-0.39201292395591736
6.65,3.202004253306842,3.8401956297518955,4.179286476685429,0.162861678367005,-4.940495491027832,95.1609878540039,-225.4693603515625,-1.482235312461853,0.688356339931488,31.86481475830078,-0.5098952551290905,0.7762077038613883,0.3708212901965994,0.544589587393414,-0.04242047034627229,0.8376292049578212,0.6659046554121021,0.6290485705904051,-0.4010846366275542,-8.500657081604004,-5.5462141036987305,-0.4001960754394531
6.66,3.9458998832843126,0.7044198867847979,3.7637147212840505,2.249455749611377,-4.955509185791016,95.16740417480469,-225.15042114257812,-1.5222349166870117,0.5957461595535278,31.925464630126953,-0.4907712659298539,0.739927340392287,0.4600555352102673,0.588649428041311,-0.10770723877151817,0.8011810042573728,0.6423670410320304,0.6640080433671056,-0.38269818779234127,-7.979710102081299,-5.1247878074646,-0.40493637323379517
6.67,3.9458998832843126,0.7044198867847979,3.7637147212840505,2.249455749611377,-4.970965385437012,95.17292022705078,-224.83087158203125,-1.5701044797897339,0.5101377964019775,31.98533821105957,-0.46866064122986795,0.6995449268940329,0.5394386884705539,0.6283417344739431,-0.16524216898983554,0.7601852999800849,0.6209217890203934,0.6952207712981229,-0.3621107718300538,-7.351351261138916,-4.986381530761719,-0.4190967082977295
6.68,3.9458998832843126,0.7044198867847979,3.7637147212840505,2.249455749611377,-4.986932754516602,95.1776123046875,-224.51072692871094,-1.624473214149475,0.4316430687904358,32.04470443725586,-0.4425648813251236,0.6574002801090456,0.609886216871826,0.6663498617813549,-0.21404382374031414,0.7142570288226744,0.6000951487236408,0.7225026735114368,-0.3433303063336787,-6.62522554397583,-5.111558437347412,-0.44299647212028503
6.69,3.9458998832843126,0.7044198867847979,3.7637147212840505,2.249455749611377,-5.003478527069092,95.1815414428711,-224.1899871826172,-1.685595989227295,0.35855770111083984,32.10423278808594,-0.41214003709152675,0.615351808793705,0.6719246544371698,0.7032094920300348,-0.2540923093578356,0.6640282438602005,0.5793418681098881,0.7461764199835834,-0.3279996190781744,-5.88722562789917,-5.274703025817871,-0.4670238792896271
6.7,3.5454187147591645,0.8869682736629496,1.2274164891034567,0.6615857492667149,-5.020665168762207,95.1847915649414,-223.86863708496094,-1.7527633905410767,0.29097747802734375,32.163597106933594,-0.37748471090281793,0.5748902335526209,0.7259521419490604,0.7386632037127052,-0.28585142169534655,0.6104634601641867,0.5584639330480514,0.7666747576910056,-0.316745720419297,-5.149320125579834,-5.444785118103027,-0.4897283911705017
6.71,3.5454187147591645,0.8869682736629496,1.2274164891034567,0.6615857492667149,-5.0385003089904785,95.18742370605469,-223.54672241210938,-1.810025691986084,0.24096110463142395,32.21607971191406,-0.3394845029232483,0.5369757707815384,0.7722741053981598,0.771864871233684,-0.31018873892529064,0.5549842941915982,0.5375638500032937,0.7844998201641035,-0.3091684643234588,-4.5310378074646,-5.346200466156006,-0.5114221572875977
6.72,3.5454187147591645,0.8869682736629496,1.2274164891034567,0.6615857492667149,-5.056833267211914,95.18965148925781,-223.22433471679688,-1.8562601804733276,0.20589105784893036,32.26235580444336,-0.30117847817107773,0.5014602536702446,0.8110666669735157,0.8008699284878047,-0.32865694071633195,0.500591622945211,0.5175894917118126,0.8003263267617502,-0.3026200402510582,-4.022434234619141,-4.99725341796875,-0.5316210389137268
6.73,0.0874338646422788,1.047811830175014,2.466124738351629,2.7411097531361825,-5.075626850128174,95.19155883789062,-222.9014892578125,-1.9026442766189575,0.17562223970890045,32.30763626098633,-0.2640304465433857,0.4687058433204572,0.8429725711643049,0.8255093941686453,-0.34218791494714484,0.4488225384307717,0.4988207728607704,0.8143845917632432,-0.2965730487775299,-3.5280728340148926,-4.615156173706055,-0.5497897863388062
6.74,0.0874338646422788,1.047811830175014,2.466124738351629,2.7411097531361825,-5.094891548156738,95.19317626953125,-222.57818603515625,-1.950582504272461,0.14866703748703003,32.35267639160156,-0.22734708288692385,0.43824320035989994,0.8696299220019503,0.8468402035264073,-0.3519409647548416,0.39874707148615385,0.480806586471274,0.8270915636528664,-0.2911092093014189,-3.3796353340148926,-4.689827919006348,-0.5611075162887573
6.75,0.0874338646422788,1.047811830175014,2.466124738351629,2.7411097531361825,-5.114643573760986,95.19454193115234,-222.2544403076172,-2.000063419342041,0.12488680332899094,32.39756393432617,-0.18623824084360208,0.4065633092876598,0.8944392618778243,0.8671641529652613,-0.3599572340386097,0.34417600363086737,0.4618892177346443,0.8397243983619509,-0.2855193256789076,-3.553668260574341,-5.190600872039795,-0.5681300163269043
6.76,0.0874338646422788,1.047811830175014,2.466124738351629,2.7411097531361825,-5.134897232055664,95.19568634033203,-221.93023681640625,-2.050959587097168,0.10462183505296707,32.44237518310547,-0.13890062061977443,0.372431073801782,0.9176065130862427,0.8863916341661906,-0.36643716445061575,0.28290223645206913,0.44160671243950933,0.8526540328739692,-0.27922143856108983,-3.7754783630371094,-5.749179840087891,-0.5760254263877869
6.77,1.1879615243112713,0.5845662431155869,0.25563333501788726,0.11908305160305636,-5.155666351318359,95.19664764404297,-221.6055908203125,-2.103161334991455,0.08828713744878769,32.487274169921875,-0.08496598223720184,0.3356625756322836,0.9381425356428355,0.9035392762307202,-0.3709260839493123,0.2145474692334866,0.4199970930505754,0.8658778641159093,-0.2717682215843808,-4.006966590881348,-6.314178943634033,-0.5856412649154663
6.78,1.1879615243112713,0.5845662431155869,0.25563333501788726,0.11908305160305636,-5.1769022941589355,95.19747924804688,-221.28050231933594,-2.1380364894866943,0.07982335239648819,32.52733612060547,-0.025587734695868627,0.29676719524109885,0.9546069870170995,0.9172294340641789,-0.37277030879083994,0.1404722825695071,0.39753670663152535,0.8791879939539171,-0.26266525877596986,-4.089951992034912,-6.498400688171387,-0.5990621447563171
6.79,1.1879615243112713,0.5845662431155869,0.25563333501788726,0.11908305160305636,-5.1983771324157715,95.1982421875,-220.95504760742188,-2.15625262260437,0.07682933658361435,32.56377410888672,0.034423909783319745,0.25775204226593684,0.9655976797522707,0.926126675244093,-0.3713732304712945,0.06611584598745612,0.3756386239945942,0.8919898028548608,-0.25149516052281085,-4.0320634841918945,-6.328873634338379,-0.6144964694976807
6.8,2.8978581309153095,3.4202186873264107,1.5146140059878546,0.3329468778777634,-5.220020771026611,95.19900512695312,-220.62924194335938,-2.172368049621582,0.07573509961366653,32.60136413574219,0.0932072959132079,0.21945947346902567,0.9711590701287023,0.9302832362817621,-0.366786249494067,-0.006399021425749218,0.35480346712184035,0.9040494381873007,-0.23834662370494591,-3.9542782306671143,-6.11017370223999,-0.6295579671859741
6.81,2.8978581309153095,3.4202186873264107,1.5146140059878546,0.3329468778777634,-5.241915702819824,95.19976806640625,-220.30300903320312,-2.215592384338379,0.07725542783737183,32.64750671386719,0.1495242016019495,0.18217592627024948,0.9718304610490843,0.9301589091409409,-0.35925421466931995,-0.07576815286163996,0.33533105564655685,0.9152859340828453,-0.22316976047184114,-3.8791136741638184,-5.671104431152344,-0.6395936012268066
6.82,2.8978581309153095,3.4202186873264107,1.5146140059878546,0.3329468778777634,-5.264408588409424,95.20056915283203,-219.9762725830078,-2.2840874195098877,0.08427436649799347,32.701194763183594,0.2004659882033853,0.14600600741261016,0.9687598429812565,0.9266819585975412,-0.3491435326769422,-0.1391378496301049,0.3179212719895681,0.9256246752271103,-0.2052925362190289,-3.8062777519226074,-5.032811164855957,-0.6443485021591187
6.83,2.8978581309153095,3.4202186873264107,1.5146140059878546,0.3329468778777634,-5.287609100341797,95.20146942138672,-219.64898681640625,-2.3558640480041504,0.09639696031808853,32.757164001464844,0.24505353049336523,0.11103918222198911,0.963129828841475,0.9210361831947786,-0.33685164672168244,-0.19550784471955274,0.3027228376563803,0.9349873090648678,-0.18481778986046246,-3.7302463054656982,-4.36717414855957,-0.64703768491745
6.84,1.496656692053069,1.73311915698016,0.8419952563996272,1.0970928241944655,-5.311527729034424,95.2025146484375,-219.32113647460938,-2.4277446269989014,0.11285652220249176,32.814781188964844,0.28314762504583824,0.07733708006746748,0.9559531361303958,0.9143002894567538,-0.3227656649393935,-0.24469839851443026,0.28962458999573426,0.9433139994629938,-0.1620996461653557,-3.650179147720337,-3.698193311691284,-0.6481485962867737
6.85,1.496656692053069,1.73311915698016,0.8419952563996272,1.0970928241944655,-5.336117744445801,95.20372772216797,-218.99269104003906,-2.4859580993652344,0.1293368637561798,32.87179946899414,0.3154828517043009,0.044645798058533026,0.9478804370785583,0.9072002740038225,-0.3071566587022594,-0.2874759987585972,0.2783131925150358,0.9506111401254355,-0.13740533883917394,-3.655256986618042,-3.2501609325408936,-0.6513032913208008
6.86,1.496656692053069,1.73311915698016,0.8419952563996272,1.0970928241944655,-5.361207962036133,95.20509338378906,-218.6636962890625,-2.531555652618408,0.14472295343875885,32.928855895996094,0.3447641388378075,0.011939735938149898,0.9386134088522029,0.8995623818866136,-0.2898849059886317,-0.3267327078430389,0.26818875753078736,0.9569870343874518,-0.11068245727486872,-3.7410154342651367,-3.0069828033447266,-0.6570237278938293
6.87,1.496656692053069,1.73311915698016,0.8419952563996272,1.0970928241944655,-5.38674259185791,95.20661926269531,-218.3341064453125,-2.575165033340454,0.1615092158317566,32.987586975097656,0.3718527967436568,-0.021059294686063545,0.9280528021945981,0.8914129647940703,-0.2708915853826298,-0.363318971657042,0.25905293619445013,0.9623794756104322,-0.08195926532627817,-3.8369557857513428,-2.791472911834717,-0.6628737449645996
6.88,2.7095416702059416,0.3872103267984752,0.1961368318119019,3.206407961222486,-5.412708759307861,95.20832061767578,-218.00393676757812,-2.6181862354278564,0.179999440908432,33.0478515625,0.3968703289007725,-0.054329597028725696,0.9162653747276981,0.8829365504634532,-0.25019944223878493,-0.3972697911484068,0.25083259336436026,0.9666687819465865,-0.051327147943483975,-3.933215618133545,-2.5789687633514404,-0.6684911251068115
6.89,2.7095416702059416,0.3872103267984752,0.1961368318119019,3.206407961222486,-5.439122200012207,95.2102279663086,-217.67315673828125,-2.666369676589966,0.202681303024292,33.10939407348633,0.42018719458489817,-0.08783892951270916,0.903176086911591,0.8741814830872867,-0.22779849763707716,-0.4288526309836538,0.24341211172450766,0.9697381950487212,-0.01893084597855821,-4.043900966644287,-2.4770476818084717,-0.6842010617256165
6.9,2.7095416702059416,0.3872103267984752,0.1961368318119019,3.206407961222486,-5.466048240661621,95.21238708496094,-217.34176635742188,-2.719080924987793,0.22959208488464355,33.17121505737305,0.443084251155085,-0.12161401709044778,0.8881927590480918,0.8646951920520312,-0.20350260408706478,-0.45922643104669414,0.2365979104312596,0.9714920076752601,0.01499025692421685,-4.168963432312012,-2.4767045974731445,-0.709571361541748
6.91,0.2080233149125457,4.16383889576032,2.0999361985080873,1.502215897258621,-5.493502140045166,95.21482849121094,-217.00973510742188,-2.771592855453491,0.25871720910072327,33.23227310180664,0.46592808665609786,-0.15556509768132343,0.8710399063466543,0.8543042322584482,-0.17722197103570558,-0.48862731373463264,0.23038076484440123,0.9717982678342352,0.050327227462764856,-4.2966790199279785,-2.4887280464172363,-0.7364551424980164
6.92,0.2080233149125457,4.16383889576032,2.0999361985080873,1.502215897258621,-5.521496295928955,95.21758270263672,-216.67710876464844,-2.829000473022461,0.2931405305862427,33.291202545166016,0.48848999819014616,-0.19017670083299026,0.8515928276638258,0.8431004656872725,-0.1486255376566748,-0.5168094951857685,0.22485356662969674,0.970434578947259,0.08773597641424458,-4.631491184234619,-2.425600528717041,-0.7445391416549683
6.93,0.2080233149125457,4.16383889576032,2.0999361985080873,1.502215897258621,-5.550093173980713,95.22071075439453,-216.3439178466797,-2.8903348445892334,0.33277958631515503,33.34646224975586,0.5098791392082316,-0.22758341051239445,0.829595717599735,0.8315769601625504,-0.11649495937897081,-0.543054954646492,0.22023401809685167,0.9667650778233761,0.12985477108707544,-5.157232761383057,-2.2900760173797607,-0.7351214289665222
6.94,0.2080233149125457,4.16383889576032,2.0999361985080873,1.502215897258621,-5.579298496246338,95.22425079345703,-216.0101776123047,-2.9504551887512207,0.3747858703136444,33.396575927734375,0.5298037942298467,-0.26818111765913333,0.8046035220844837,0.8199968811377147,-0.08030572562551269,-0.566706366080513,0.2165942163218556,0.9600155616253614,0.17736140192573815,-5.708303928375244,-2.1415858268737793,-0.723501980304718
6.95,3.453052986317941,1.1507995227558352,0.07825962118099607,0.2990531809163154,-5.609094619750977,95.22821807861328,-215.67599487304688,-3.0082924365997314,0.4185234010219574,33.4393310546875,0.5482159552396518,-0.3116211918517787,0.7761130711497864,0.8085122062476554,-0.03990704322479588,-0.5871247229078363,0.21393288379588882,0.9493680322666925,0.2300718595153339,-6.2616729736328125,-1.9885168075561523,-0.7117229104042053
6.96,3.453052986317941,1.1507995227558352,0.07825962118099607,0.2990531809163154,-5.639420032501221,95.23259735107422,-215.34140014648438,-3.0526413917541504,0.455330491065979,33.47547912597656,0.5645160375680763,-0.35630840634625316,0.7445575618415488,0.7977473607285479,0.003896697512801972,-0.602979240272109,0.21194525656186375,0.9343602813237981,0.2864438390076467,-6.3933610916137695,-1.5921937227249146,-0.7133626341819763
6.97,3.453052986317941,1.1507995227558352,0.07825962118099607,0.2990531809163154,-5.670111179351807,95.23729705810547,-215.00650024414062,-3.084580898284912,0.48503366112709045,33.503299713134766,0.5766367376224348,-0.3979279047677959,0.7135428896928813,0.7897346547828077,0.04773579116617804,-0.6115884803336462,0.2093065881887975,0.916173933731391,0.341783667386132,-6.130950450897217,-0.9726110696792603,-0.7259079813957214
6.98,0.8694646535742055,1.5863889097595854,1.2169017343295354,2.014853024784507,-5.701099872589111,95.24229431152344,-214.67137145996094,-3.112691640853882,0.5137534141540527,33.51837921142578,0.5842393788045397,-0.43542801774146334,0.6848845082346551,0.7852548614705972,0.09009037426858307,-0.6125834857396497,0.20503451121915717,0.8957042848116148,0.39455631205093505,-5.80996561050415,-0.32337403297424316,-0.7379912734031677
6.99,0.8694646535742055,1.5863889097595854,1.2169017343295354,2.014853024784507,-5.732363700866699,95.2475814819336,-214.3361358642578,-3.1403110027313232,0.5440316796302795,33.5174560546875,0.5883702195692928,-0.46961051974542334,0.6582449729913746,0.7837367763374489,0.13092121059256812,-0.6071377949305743,0.19894006670393416,0.8731125908847093,0.4450811763020589,-5.755731582641602,-0.01922709122300148,-0.7437955737113953
7.0,0.8694646535742055,1.5863889097595854,1.2169017343295354,2.014853024784507,-5.76390266418457,95.25318145751953,-214.0010528564453,-3.1671535968780518,0.5755018591880798,33.498802185058594,0.5921184151222565,-0.5028999477925037,0.629672474373308,0.7824894324955775,0.17202670647725177,-0.5984288598416178,0.19262936044605516,0.8470528051832934,0.49537407554822366,-5.957955360412598,-0.036963388323783875,-0.7448845505714417
7.01,0.8694646535742055,1.5863889097595854,1.2169017343295354,2.014853024784507,-5.795695781707764,95.25908660888672,-213.66624450683594,-3.1910789012908936,0.606343686580658,33.46147918701172,0.5963949411777664,-0.5357725893678845,0.5977129801331073,0.7806587001946271,0.2138826295250621,-0.5872190516305478,0.18677544792612188,0.816824309915833,0.545814051470388,-6.19619083404541,-0.09779012203216553,-0.7455114722251892
7.02,0.9949810114504578,1.9906244098887595,3.864210760135814,3.4970523757014784,-5.827712059020996,95.26529693603516,-213.3319091796875,-3.2114439010620117,0.6361330151557922,33.40370178222656,0.6012660445479425,-0.5679549237307046,0.5620554672661067,0.7781493323837197,0.25637009763745006,-0.57337421423372,0.18155649309359073,0.7821135324538339,0.5961003792719335,-6.439727306365967,-0.16287094354629517,-0.7462775707244873
7.03,0.9949810114504578,1.9906244098887595,3.864210760135814,3.4970523757014784,-5.859951972961426,95.27184295654297,-212.99830627441406,-3.2396187782287598,0.6769025325775146,33.310359954833984,0.6071222373104861,-0.5989218533483921,0.5222022621023746,0.7745037464797123,0.29913396745976073,-0.5573713449762847,0.17761344445733726,0.7428401463932266,0.6454781028466345,-6.616395473480225,-0.47765111923217773,-0.7447197437286377
7.04,0.9949810114504578,1.9906244098887595,3.864210760135814,3.4970523757014784,-5.89251708984375,95.27886199951172,-212.6658172607422,-3.2728312015533447,0.7270011305809021,33.18001174926758,0.6153874795156412,-0.6277510977778172,0.47668313300779996,0.7680352112328613,0.3415496919720934,-0.5417247661130719,0.17725733937380553,0.6994800691603112,0.6923203510554966,-6.732793807983398,-1.0243972539901733,-0.7421794533729553
7.05,1.0815578138771986,1.9688922430238738,3.1224484633614074,3.0558830110006774,-5.925389766693115,95.28638458251953,-212.33477783203125,-3.3005268573760986,0.7764019966125488,33.022953033447266,0.6260422318134062,-0.6537851704786685,0.4250130290335435,0.7583384893130579,0.3834839190877507,-0.5271269481135342,0.18164211959916804,0.6523074694216507,0.7358675870863207,-6.844470024108887,-1.6027599573135376,-0.7413580417633057
7.06,1.0815578138771986,1.9688922430238738,3.1224484633614074,3.0558830110006774,-5.958496570587158,95.29438018798828,-212.0054168701172,-3.318727970123291,0.821088969707489,32.84529113769531,0.6383518603764893,-0.6764802644728745,0.367261969352376,0.7456453538902281,0.42498984307735377,-0.5132218229021476,0.19110182776674933,0.6014632865435733,0.7757074231721723,-6.973874092102051,-2.0977816581726074,-0.7433962821960449
7.07,1.0815578138771986,1.9688922430238738,3.1224484633614074,3.0558830110006774,-5.991734027862549,95.30280303955078,-211.6779327392578,-3.3274176120758057,0.8612151145935059,32.64835739135742,0.6511993321329795,-0.6953475202230085,0.304025090986376,0.7306531338608945,0.4661549097569624,-0.4988442623592378,0.20514733195636545,0.5469839359882437,0.8116176106775861,-7.120257377624512,-2.5114989280700684,-0.7479703426361084
7.08,1.0815578138771986,1.9688922430238738,3.1224484633614074,3.0558830110006774,-6.025018215179443,95.31161499023438,-211.35250854492188,-3.3280460834503174,0.8988985419273376,32.43077850341797,0.663786188591656,-0.7098456933388753,0.2355992094282445,0.7136791934374271,0.5069248220392608,-0.48341414300262975,0.22371836019751654,0.4890258852542624,0.8430917974110642,-7.2716450691223145,-2.912652015686035,-0.7543767690658569
7.09,4.064520441035679,3.2246865324517446,3.7307681984758814,1.6847727086465432,-6.058268070220947,95.3207778930664,-211.02935791015625,-3.320587158203125,0.9343465566635132,32.194427490234375,0.6753865513718526,-0.719404079322218,0.16220597054543834,0.6949019684928227,0.5471807504700006,-0.4665881272598852,0.24690941742030786,0.4278445944144189,0.8694738308997719,-7.42644739151001,-3.3106696605682373,-0.762572169303894
7.1,4.064520441035679,3.2246865324517446,3.7307681984758814,1.6847727086465432,-6.091410160064697,95.33031463623047,-210.70872497558594,-3.306992769241333,0.9749107956886292,31.92817497253418,0.6851256278722233,-0.7233730909251067,0.08564020876988178,0.6750365927852798,0.5863269389782905,-0.4478239821952238,0.27373065672944247,0.3646259617111831,0.8900109188165405,-7.297135829925537,-3.359159469604492,-0.7715620398521423
7.11,4.064520441035679,3.2246865324517446,3.7307681984758814,1.6847727086465432,-6.124380111694336,95.34028625488281,-210.39088439941406,-3.28540301322937,1.0193506479263306,31.636890411376953,0.692313092864026,-0.721497180332784,0.012016664299587976,0.6562143368140912,0.6225696606274724,-0.4263681060138489,0.30014217565795276,0.3030657295670963,0.904469920977627,-6.900737285614014,-3.0858070850372314,-0.7790368795394897
7.12,4.064520441035679,3.2246865324517446,3.7307681984758814,1.6847727086465432,-6.1570868492126465,95.35069274902344,-210.07598876953125,-3.2544732093811035,1.061334490776062,31.336326599121094,0.697285773492439,-0.714574109707541,-0.056359487406524106,0.6390639988720764,0.6553578120916239,-0.40262059494778774,0.324637883542081,0.24472429357576048,0.9136302669587755,-6.465317249298096,-2.7703466415405273,-0.7846620082855225
7.13,2.4621649213879495,2.0822838621842945,3.6076626934048437,0.8903357138362561,-6.189441204071045,95.36148834228516,-209.76409912109375,-3.2151126861572266,1.0999016761779785,31.031982421875,0.7005821741668141,-0.7035942581403104,-0.11891062673994288,0.6235994892023747,0.6846885518020271,-0.3772602074136364,0.34685486057750003,0.19014917024070602,0.9184416142306129,-6.0225701332092285,-2.4518892765045166,-0.7885348796844482
7.14,2.4621649213879495,2.0822838621842945,3.6076626934048437,0.8903357138362561,-6.221372604370117,95.37263488769531,-209.4552459716797,-3.1708693504333496,1.1286711692810059,30.742889404296875,0.7026373703695212,-0.6895185409303239,-0.17568411275218132,0.6095787218704523,0.7106681191821502,-0.35123297997325165,0.3670347498575437,0.13969612053103717,0.9196578093538857,-5.5606865882873535,-2.2631237506866455,-0.7887125611305237
7.15,2.4621649213879495,2.0822838621842945,3.6076626934048437,0.8903357138362561,-6.252850532531738,95.38401794433594,-209.14918518066406,-3.124020576477051,1.1489492654800415,30.470304489135742,0.7035091559648952,-0.6732499201963089,-0.22761681051544558,0.5963514431002803,0.7334462060311497,-0.32622326583296485,0.38657447378968757,0.09376144097749169,0.9174796828268463,-5.082576751708984,-2.1961371898651123,-0.7859264612197876
7.16,0.2279275119493034,3.2292051226287035,3.0452012152919634,3.1159668438696655,-6.283841609954834,95.39559936523438,-208.84580993652344,-3.0737180709838867,1.1661856174468994,30.203893661499023,0.7032539845815214,-0.6555643700337713,-0.27508033356173994,0.5836899392037925,0.7533085050942826,-0.30303853059452796,0.4058816182613923,0.052551430949520084,0.912413535115888,-4.601834297180176,-2.1493875980377197,-0.7821456789970398
7.17,0.2279275119493034,3.2292051226287035,3.0452012152919634,3.1159668438696655,-6.314311981201172,95.40734100341797,-208.54507446289062,-3.0194292068481445,1.1820961236953735,29.94133949279785,0.7017664291095681,-0.6366406124316955,-0.3197070683882376,0.571343806296867,0.7710205339921989,-0.281235828387125,0.42554686461189384,0.014699209671955621,0.9048169976597512,-4.5979790687561035,-2.299184799194336,-0.7768047451972961
7.18,0.2279275119493034,3.2292051226287035,3.0452012152919634,3.1159668438696655,-6.344217300415039,95.41923522949219,-208.2469482421875,-2.961228847503662,1.1967222690582275,29.684289932250977,0.698167114220456,-0.6147145328015012,-0.3669996236833401,0.558687198332846,0.7883481059467842,-0.2576351650476185,0.44769553832942816,-0.02516559184184733,0.8938318622353835,-5.03916597366333,-2.6254444122314453,-0.7713469862937927
7.19,0.2279275119493034,3.2292051226287035,3.0452012152919634,3.1159668438696655,-6.3735246658325195,95.43125915527344,-207.9513397216797,-2.8995580673217773,1.209289312362671,29.43655776977539,0.6918023771529618,-0.5885914762433174,-0.4182936110667039,0.5457197748336527,0.8055217000237629,-0.23092145449553603,0.4728629804933117,-0.06851908409004585,0.8784678348092448,-5.544284820556641,-2.9730279445648193,-0.7673118114471436
7.2,1.9644524443025704,2.531024466910782,1.3785059238596908,2.9936705209263015,-6.402197360992432,95.44341278076172,-207.65817260742188,-2.834346055984497,1.219517469406128,29.200658798217773,0.6821610682573904,-0.5574580638208632,-0.4731773283189196,0.5326935700112602,0.8221766575862649,-0.20065668239292817,0.5008930399023276,-0.11517834345645168,0.8578112331836376,-6.06026029586792,-3.32028865814209,-0.7650778293609619
7.21,1.9644524443025704,2.531024466910782,1.3785059238596908,2.9936705209263015,-6.430206298828125,95.45564270019531,-207.36727905273438,-2.767258644104004,1.2265328168869019,28.982162475585938,0.6691039831738442,-0.5206609773128357,-0.5302942639747659,0.5200262158143527,0.8377820945658805,-0.16641483374570437,0.5309167491864428,-0.164418091244391,0.8313206942599534,-6.510702610015869,-3.467338800430298,-0.7723613381385803
7.22,1.9644524443025704,2.531024466910782,1.3785059238596908,2.9936705209263015,-6.457537651062012,95.46792602539062,-207.07847595214844,-2.6985421180725098,1.2303178310394287,28.78301239013672,0.6537167068462112,-0.4780237037920332,-0.586641121813917,0.5083486298565618,0.851660135873888,-0.1275016999346543,0.5605676923557946,-0.21486821909304513,0.799747154237314,-6.898007392883301,-3.427682399749756,-0.7877040505409241
7.23,1.5068974615578055,2.661491901172911,2.288109368238655,2.9589523716555197,-6.48416805267334,95.48020935058594,-206.7915802001953,-2.6271307468414307,1.2311457395553589,28.602649688720703,0.6364978558567382,-0.4293594667079432,-0.6407190709180163,0.49791960248673317,0.8631661715754511,-0.08378681105778535,0.5890216880126139,-0.26569645950981363,0.7631899124429786,-7.2765727043151855,-3.3586220741271973,-0.8045304417610168
7.24,1.5068974615578055,2.661491901172911,2.288109368238655,2.9589523716555197,-6.510066509246826,95.49249267578125,-206.50637817382812,-2.551440477371216,1.2289249897003174,28.440555572509766,0.617445904570676,-0.3745573852329196,-0.6917133221909049,0.4888626786418868,0.8716337220898182,-0.03560808822345962,0.6162579300584938,-0.31616675929535765,0.721293798640119,-7.626542091369629,-3.3657615184783936,-0.8189878463745117
7.25,1.5068974615578055,2.661491901172911,2.288109368238655,2.9589523716555197,-6.53518533706665,95.5047607421875,-206.2227020263672,-2.471719264984131,1.2231760025024414,28.29877281188965,0.5959177410939778,-0.31377955743175845,-0.7392052726999315,0.4813080034542133,0.87640563836764,0.015992587293124305,0.6428255219422837,-0.36531568043999835,0.673290280610296,-7.951600551605225,-3.4465219974517822,-0.8315052390098572
7.26,1.5068974615578055,2.661491901172911,2.288109368238655,2.9589523716555197,-6.5594940185546875,95.5169448852539,-205.94032287597656,-2.3896429538726807,1.2134952545166016,28.180591583251953,0.5716987488200018,-0.2471197869009801,-0.7823633117162762,0.4754636569867494,0.8769096954263376,0.07045350915373272,0.6686515172213637,-0.4122635043140523,0.6188246532970921,-8.274221420288086,-3.534381866455078,-0.8445930480957031
7.27,3.4662678124710893,1.175737763623904,1.4083224241539947,2.2238903866182835,-6.582973003387451,95.52901458740234,-205.65899658203125,-2.3058245182037354,1.1996771097183228,28.087615966796875,0.5448130646722902,-0.17472031181351105,-0.8201533620013856,0.4715469815108985,0.8725973055652156,0.1273475031097414,0.6934134183806561,-0.45612142567535097,0.5577912479140722,-8.597549438476562,-3.619927406311035,-0.8586154580116272
7.28,3.4662678124710893,1.175737763623904,1.4083224241539947,2.2238903866182835,-6.605621814727783,95.54092407226562,-205.37847900390625,-2.2251884937286377,1.1823623180389404,28.02354621887207,0.5157861168806597,-0.09757220052178661,-0.8511429652640659,0.46965807677268934,0.8631045810520035,0.18566575637210073,0.7165095760388338,-0.49550998764140153,0.4910029323662629,-8.666385650634766,-3.5567305088043213,-0.8802770972251892
7.29,3.4662678124710893,1.175737763623904,1.4083224241539947,2.2238903866182835,-6.6274871826171875,95.55265045166016,-205.09844970703125,-2.1481590270996094,1.1619004011154175,27.987186431884766,0.48644382449451296,-0.018975504291114997,-0.8735057732196448,0.46941510606628073,0.8488903895548521,0.24297029595856773,0.7369001722132612,-0.5282282051900575,0.4218448760311741,-8.49763298034668,-3.356948137283325,-0.9076241850852966
7.3,3.075324638144865,1.7793172162269875,0.6859861076948668,3.849606858564343,-6.648587226867676,95.56415557861328,-204.81866455078125,-2.0717227458953857,1.1378165483474731,27.97439956665039,0.4576428021924202,0.059352324132365214,-0.8871529559335055,0.4704625368203377,0.8304882344281226,0.2982520644103447,0.7544720452409367,-0.5538651407125625,0.35214391781402604,-8.294992446899414,-3.1378254890441895,-0.9345796704292297
7.31,3.075324638144865,1.7793172162269875,0.6859861076948668,3.849606858564343,-6.668909072875977,95.57539367675781,-204.53892517089844,-1.9911787509918213,1.1083858013153076,27.980989456176758,0.4296124935643091,0.137274907399865,-0.8925181819838829,0.472572407697623,0.8080492617696136,0.35175518480394097,0.7694858184894174,-0.5728978882418241,0.28227572476522034,-8.345491409301758,-2.9632408618927,-0.963151752948761
7.32,3.075324638144865,1.7793172162269875,0.6859861076948668,3.849606858564343,-6.688400745391846,95.5863037109375,-204.25901794433594,-1.9072028398513794,1.0732426643371582,28.005502700805664,0.4020601826099799,0.2169989673871238,-0.8895274350533278,0.4757514198065581,0.7805569725249932,0.40545209235452434,0.7823095270490283,-0.5862100824751648,0.21059331207991067,-8.635114669799805,-2.82871675491333,-0.9938245415687561
7.33,3.075324638144865,1.7793172162269875,0.6859861076948668,3.849606858564343,-6.707055568695068,95.59683227539062,-203.97877502441406,-1.8240282535552979,1.0334495306015015,28.047393798828125,0.37503048470128364,0.29869682925738655,-0.8775718430626085,0.4799759905796755,0.747327145269335,0.45948360842433217,0.7930795571768188,-0.5935337750584793,0.13690315501496303,-8.957542419433594,-2.6947174072265625,-1.024694561958313
7.34,1.5574336910590454,1.2555450880692651,3.3313050460805638,0.9586514247575757,-6.724887371063232,95.60694885253906,-203.69802856445312,-1.7427747249603271,0.9890723824501038,28.104461669921875,0.34870808394326175,0.3815865365959633,-0.8560341040410226,0.4851687002129865,0.7079671971621588,0.5132190371332674,0.8018815402079413,-0.594284580677519,0.06174004083805912,-9.28392505645752,-2.5555832386016846,-1.0554307699203491
7.35,1.5574336910590454,1.2555450880692651,3.3313050460805638,0.9586514247575757,-6.741949081420898,95.61661529541016,-203.41665649414062,-1.6731493473052979,0.9458107948303223,28.174232482910156,0.32294870724685576,0.46364919917417463,-0.8250657868271667,0.49148012150400816,0.662851030998572,0.5648679499409893,0.8087962800693327,-0.58792680735724,-0.013807481187125048,-9.25901985168457,-2.536919355392456,-1.073265552520752
7.36,1.5574336910590454,1.2555450880692651,3.3313050460805638,0.9586514247575757,-6.758383750915527,95.62586975097656,-203.134521484375,-1.6144930124282837,0.9043133854866028,28.252216339111328,0.2967034823485911,0.5403412567995326,-0.7873997521986658,0.49979756353092136,0.6147250021803171,0.6101766688287608,0.813737942491791,-0.574582020163101,-0.08767019478999705,-8.908476829528809,-2.6358237266540527,-1.0792524814605713
7.37,1.5574336910590454,1.2555450880692651,3.3313050460805638,0.9586514247575757,-6.774251461029053,95.63469696044922,-202.85159301757812,-1.5596798658370972,0.8606408834457397,28.334531784057617,0.26982730553178264,0.6101975525616335,-0.7448839990476711,0.5103866183615223,0.5653360389374327,0.6479974250535443,0.8165162123233979,-0.5550262245392792,-0.15889356527791093,-8.513943672180176,-2.75441312789917,-1.0835965871810913
7.38,3.2408989530615764,0.7126686267580845,2.536200976720397,3.6268691228779657,-6.789586544036865,95.64308166503906,-202.56784057617188,-1.5078723430633545,0.81456458568573,28.418092727661133,0.24252384109015981,0.6730290466702359,-0.698723184702661,0.5232167381714904,0.5157638259588369,0.678403950997847,0.8169617074257897,-0.5301127975916604,-0.2270550383265747,-8.114678382873535,-2.8790714740753174,-1.0876896381378174
7.39,3.2408989530615764,0.7126686267580845,2.536200976720397,3.6268691228779657,-6.804386138916016,95.65094757080078,-202.28323364257812,-1.4495447874069214,0.7567386031150818,28.503673553466797,0.2148937240304223,0.7291447697496505,-0.6497450208497685,0.5382941002222426,0.46668300837651144,0.7017452752663002,0.8148988581647806,-0.5005545668949375,-0.29220707815239305,-7.812022686004639,-3.058445453643799,-1.1028639078140259
7.4,3.2408989530615764,0.7126686267580845,2.536200976720397,3.6268691228779657,-6.8185648918151855,95.65817260742188,-201.99777221679688,-1.3866130113601685,0.6878180503845215,28.58979034423828,0.18669211783715053,0.7794730091012766,-0.597969799588642,0.5558998442112763,0.4180383690844865,0.7184840187360201,0.8100132198571567,-0.46654662152434867,-0.3552644558647232,-7.601071357727051,-3.2863054275512695,-1.1287800073623657
7.41,0.16346745383029382,0.6463561300168033,2.9217062043162905,3.2586547058256348,-6.832129955291748,95.6646957397461,-201.71145629882812,-1.3272240161895752,0.6160261034965515,28.67145538330078,0.1580998896686984,0.8242928018366471,-0.5436412435853589,0.5760473944894111,0.3701718658020463,0.7287950254156463,0.8019811869294106,-0.42838553501363924,-0.4163075896526172,-7.4058637619018555,-3.520972967147827,-1.1567082405090332
7.42,0.16346745383029382,0.6463561300168033,2.9217062043162905,3.2586547058256348,-6.845150470733643,95.67052459716797,-201.4243927001953,-1.2801378965377808,0.5537582635879517,28.739444732666016,0.1291148762863944,0.863957698635162,-0.48673036035425604,0.5991470099004412,0.32314701901223564,0.7325290879076861,0.7901596099832677,-0.38620344259540296,-0.47591458443564183,-7.391342639923096,-3.9764564037323,-1.1784216165542603
7.43,0.16346745383029382,0.6463561300168033,2.9217062043162905,3.2586547058256348,-6.857764720916748,95.67579650878906,-201.13673400878906,-1.2437647581100464,0.5010899305343628,28.790477752685547,0.09904037461889473,0.8993886551605338,-0.42578286856551123,0.627035059644074,0.27584148876241366,0.7285180210910968,0.7726694236039766,-0.3391334841118784,-0.5366287746493257,-7.546734809875488,-4.634308815002441,-1.1958134174346924
7.44,0.16346745383029382,0.6463561300168033,2.9217062043162905,3.2586547058256348,-6.870039939880371,95.68054962158203,-200.8486328125,-1.2118632793426514,0.4500895142555237,28.826711654663086,0.0684753623736762,0.9304317976497711,-0.3600108257677948,0.6599567146700764,0.22837557432332806,0.7157525632607751,0.7481766232044902,-0.28660297795854417,-0.59840661219243,-7.73337984085083,-5.317193031311035,-1.2153854370117188
7.45,2.880618473004345,0.11732236417059827,3.827487032429723,3.033039602550658,-6.882014751434326,95.68479919433594,-200.56027221679688,-1.1838797330856323,0.400199830532074,28.846363067626953,0.038547144609585346,0.9565272399539628,-0.2890843421365141,0.6973504224904679,0.18145298298873375,0.6933809942714437,0.7156930249030049,-0.22832094557999655,-0.6600401805304299,-7.932302951812744,-6.000057697296143,-1.238173246383667
7.46,2.880618473004345,0.11732236417059827,3.827487032429723,3.033039602550658,-6.893718719482422,95.68852233886719,-200.271728515625,-1.156602144241333,0.34289035201072693,28.856597900390625,0.010601186850992178,0.9767795511763395,-0.21398439952739257,0.7380900501099574,0.13673035274702658,0.6607025719386552,0.6746189241090339,-0.16494398758797518,-0.7195017638564529,-7.802146911621094,-6.575150012969971,-1.2681031227111816
7.47,2.880618473004345,0.11732236417059827,3.827487032429723,3.033039602550658,-6.905157566070557,95.69164276123047,-199.98318481445312,-1.1320979595184326,0.2804151177406311,28.856765747070312,-0.014045333781558297,0.9901732499514084,-0.13913900847580557,0.7802078583308554,0.09788224197875069,0.617814506550302,0.6253626359143505,-0.09987993685359925,-0.7739157394809699,-7.3657755851745605,-7.054141998291016,-1.3028887510299683
7.48,0.2966901728853429,0.5428150911968727,2.3990681750699094,1.0983782764134862,-6.916380405426025,95.69414520263672,-199.69468688964844,-1.113534927368164,0.22132578492164612,28.839881896972656,-0.03462325073853564,0.9971891791195557,-0.06644525231468862,0.8222831867524971,0.06621198256830965,0.5652135296934526,0.5680242875902879,-0.03506728405850673,-0.8222643700758933,-6.894183158874512,-7.522934436798096,-1.338342308998108
7.49,0.2966901728853429,0.5428150911968727,2.3990681750699094,1.0983782764134862,-6.92745304107666,95.69613647460938,-199.406494140625,-1.1019401550292969,0.1814195215702057,28.784276962280273,-0.05052268788788806,0.9987148465134412,0.004014145266074631,0.8629039305099233,0.04162799769430691,0.5036505897132343,0.5028362205719761,0.02890960327636613,-0.8638981248499701,-6.61873197555542,-7.909118175506592,-1.3670220375061035
7.5,0.2966901728853429,0.5428150911968727,2.3990681750699094,1.0983782764134862,-6.938431262969971,95.69783020019531,-199.1190948486328,-1.09424889087677,0.15784114599227905,28.692203521728516,-0.06110565274079646,0.9953787758081225,0.07407558217013513,0.9003319849630149,0.02292812783973811,0.4345993762148329,0.4308925806458942,0.09324909449687904,-0.8975723872311545,-6.5289626121521,-8.217662811279297,-1.3898696899414062
7.51,0.2966901728853429,0.5428150911968727,2.3990681750699094,1.0983782764134862,-6.949345111846924,95.6993179321289,-198.83270263671875,-1.0889586210250854,0.13901428878307343,28.584001541137695,-0.06586369026384241,0.9874009771867108,0.1438794097692836,0.933327946803079,0.009961511813026524,0.3588867676562456,0.3529318886430889,0.15792428101190684,-0.9222250286376393,-6.469971179962158,-8.514898300170898,-1.4125711917877197
7.52,1.4821824238154397,4.0499933263166135,2.7453261954087558,3.9800185416542937,-6.9602179527282715,95.70062255859375,-198.5474395751953,-1.0861802101135254,0.1237395703792572,28.466331481933594,-0.0643671108012939,0.9749683138946758,0.2128230766351883,0.960813761928479,0.0029279547021619783,0.27717925963193274,0.26961785908195746,0.2223245690035974,-0.9369514374189448,-6.420346260070801,-8.809967041015625,-1.4359259605407715
7.53,1.4821824238154397,4.0499933263166135,2.7453261954087558,3.9800185416542937,-6.971106052398682,95.70176696777344,-198.26329040527344,-1.0950783491134644,0.10333976149559021,28.378889083862305,-0.056325190710276675,0.9579553611074546,0.28133431894622757,0.9816689372725275,0.0017477779161015577,0.19058605108082569,0.18208121947548045,0.28691195757207943,-0.9404934652173186,-6.753011703491211,-9.000359535217285,-1.4608842134475708
7.54,1.4821824238154397,4.0499933263166135,2.7453261954087558,3.9800185416542937,-6.982169151306152,95.70269775390625,-197.97979736328125,-1.1193232536315918,0.08398076146841049,28.323904037475586,-0.04162187550909141,0.9347312275593975,0.3529095517330296,0.9948311982248299,0.0060280531359652775,0.10136345304861868,0.09262022736775824,0.3553043692395186,-0.9301506860082688,-7.4392619132995605,-9.08634090423584,-1.4892836809158325
7.55,3.307778060487092,0.5986173397681629,2.79468283777723,2.743330467489812,-6.993524551391602,95.70348358154297,-197.69679260253906,-1.1535321474075317,0.07451124489307404,28.278783798217773,-0.019899359414787172,0.9037637335794723,0.4275688592044256,0.9997975146797097,0.016708503257164976,0.011214078614901812,0.0029908418809779236,0.427705435767887,-0.9039132232020091,-8.177715301513672,-9.146501541137695,-1.5214763879776
7.56,3.307778060487092,0.5986173397681629,2.79468283777723,2.743330467489812,-7.005250453948975,95.7042465209961,-197.4142303466797,-1.1910812854766846,0.07535691559314728,28.233503341674805,0.009180859081734938,0.8646653573117206,0.5022644041652926,0.9963119376308082,0.03494331932922179,-0.0783676423570408,-0.08531257094277689,0.5011315039979538,-0.8611556078548656,-8.41870403289795,-9.22368335723877,-1.5646061897277832
7.57,3.307778060487092,0.5986173397681629,2.79468283777723,2.743330467489812,-7.017355918884277,95.70503997802734,-197.13209533691406,-1.2307029962539673,0.08453401923179626,28.19399070739746,0.04557460517245937,0.8204518147245009,0.5698962844927555,0.9841875617158379,0.06087278904890303,-0.1663410560181746,-0.17116599757898235,0.5684657626178388,-0.8047042177123909,-8.194244384765625,-9.325713157653809,-1.6151714324951172
7.58,3.307778060487092,0.5986173397681629,2.79468283777723,2.743330467489812,-7.0298848152160645,95.70596313476562,-196.85028076171875,-1.2761976718902588,0.10155294835567474,28.172636032104492,0.08875041446316585,0.7732616533493522,0.62784534671529,0.9632969157154805,0.09368940044505587,-0.2515578430844255,-0.2533424877624335,0.6271273488723581,-0.7365655925921797,-7.910704135894775,-9.4316987991333,-1.6658991575241089
7.59,3.9537483170012293,2.0273086811267236,1.2681970237494826,1.9327336279360303,-7.042898178100586,95.70709228515625,-196.568603515625,-1.3275175094604492,0.1262073814868927,28.17193031311035,0.13798094132579403,0.7245036044029377,0.6753190261187663,0.9336320839394857,0.13244495999421674,-0.33285051361075446,-0.33059399823599417,0.6764265368680338,-0.6581449297465244,-7.62470006942749,-9.538969993591309,-1.7157799005508423
7.6,3.9537483170012293,2.0273086811267236,1.2681970237494826,1.9327336279360303,-7.0564494132995605,95.70850372314453,-196.2868194580078,-1.3830628395080566,0.15768557786941528,28.191091537475586,0.1917161955683529,0.6751225627674586,0.7123583547619103,0.89573734136197,0.17628557272947104,-0.4081396968407164,-0.40112281865606514,0.7163329687301437,-0.5709356901295207,-7.458422660827637,-9.33928108215332,-1.7643656730651855
7.61,3.9537483170012293,2.0273086811267236,1.2681970237494826,1.9327336279360303,-7.0705718994140625,95.71025848388672,-196.00473022460938,-1.4419875144958496,0.19522728025913239,28.228769302368164,0.24628300690395988,0.6250418378622951,0.7407208525700277,0.8519937516811138,0.22469429386818918,-0.472883834994829,-0.4620079302422036,0.7475527909283735,-0.4771933540699357,-7.3977203369140625,-8.852206230163574,-1.810854196548462
7.62,3.9537483170012293,2.0273086811267236,1.2681970237494826,1.9327336279360303,-7.085299968719482,95.71241760253906,-195.72219848632812,-1.5041853189468384,0.23818588256835938,28.28268814086914,0.2998433339566547,0.5746335804807564,0.7615052352187898,0.8044574569205091,0.27675794603824216,-0.525597982596662,-0.5127788754295027,0.7701956163784366,-0.37928424357557355,-7.346823215484619,-8.32315444946289,-1.8550609350204468
7.63,2.630701141564265,3.6657668981796583,2.7335480841793127,0.5197504146869003,-7.1006646156311035,95.71503448486328,-195.4390411376953,-1.5690031051635742,0.28556591272354126,28.349021911621094,0.35147652388089173,0.524457311448034,0.7755055007086057,0.7547184840868628,0.3314148062934504,-0.5661839241334066,-0.5539533039329517,0.7842886934274744,-0.2793331029856508,-7.29179048538208,-7.786567687988281,-1.8969537019729614
7.64,2.630701141564265,3.6657668981796583,2.7335480841793127,0.5197504146869003,-7.1166911125183105,95.7181396484375,-195.1551513671875,-1.6370518207550049,0.3373124897480011,28.423683166503906,0.4005003664595728,0.47500053379804014,0.7835648979869664,0.704176378706881,0.38760702683336995,-0.5948919401207741,-0.5862892495492403,0.7900223323685048,-0.17924739948466928,-7.236275672912598,-7.229260444641113,-1.925142526626587
7.65,2.630701141564265,3.6657668981796583,2.7335480841793127,0.5197504146869003,-7.133413314819336,95.72178649902344,-194.87049865722656,-1.7075427770614624,0.39236655831336975,28.501611709594727,0.4463171136615442,0.4265773560725513,0.786659261268168,0.6541821845790486,0.4442981777070973,-0.612082346310965,-0.6106117452458737,0.7878013001844464,-0.08076142640818085,-7.177565574645996,-6.654382228851318,-1.9403746128082275
7.66,0.734561023667091,0.5757532290775736,2.552439796420648,2.5910176111718775,-7.150844097137451,95.72599029541016,-194.5850830078125,-1.7787365913391113,0.4488796591758728,28.577739715576172,0.4885427659305968,0.37949171544628285,0.7856920540291341,0.6057663387799979,0.5005739817247546,-0.6184438791202497,-0.6279913284894618,0.7780820822560192,0.01466849052146818,-7.109604358673096,-6.077373504638672,-1.9517236948013306
7.67,0.734561023667091,0.5757532290775736,2.552439796420648,2.5910176111718775,-7.168949604034424,95.7307357788086,-194.2989501953125,-1.8385396003723145,0.4967900514602661,28.648517608642578,0.5281853672540803,0.3338136136833631,0.7807616083916571,0.558671824153887,0.5558255431214517,-0.6155840791559768,-0.6394575910216729,0.7613320149142542,0.10708665813891716,-7.11611795425415,-5.979529857635498,-1.9677674770355225
7.68,0.734561023667091,0.5757532290775736,2.552439796420648,2.5910176111718775,-7.187582015991211,95.73590087890625,-194.01214599609375,-1.8872110843658447,0.5360298752784729,28.711830139160156,0.5696530936159234,0.2891591779587876,0.7693388867956736,0.5095777804440882,0.6101698888207245,-0.6066491510372213,-0.6448455928448955,0.7376175679704916,0.20023607269873378,-7.203212261199951,-6.324552536010742,-1.990821123123169
7.69,0.734561023667091,0.5757532290775736,2.552439796420648,2.5910176111718775,-7.206685543060303,95.74143981933594,-193.72474670410156,-1.9331003427505493,0.5733001232147217,28.76299285888672,0.6139069218402867,0.24584297532326846,0.7501196723195488,0.4576838719362364,0.6633808448511478,-0.5919892972461854,-0.6431514321573414,0.7067440032775522,0.29473572763609873,-7.309806823730469,-6.727721691131592,-2.0165181159973145
7.7,3.2513968980095656,2.514350078140789,0.9429582340818472,0.4641830018191881,-7.226236820220947,95.74735260009766,-193.4369354248047,-1.9766149520874023,0.6091102361679077,28.796844482421875,0.6604194125730022,0.20447606710751765,0.7225204062702816,0.4033481575540474,0.715007045511266,-0.5710299367520111,-0.6333691366766193,0.6685465300556817,0.3897294880503931,-7.42759895324707,-7.135133266448975,-2.0443060398101807
7.71,3.2513968980095656,2.514350078140789,0.9429582340818472,0.4641830018191881,-7.246215343475342,95.75361633300781,-193.1488800048828,-2.0193936824798584,0.644923746585846,28.806917190551758,0.7070256234475745,0.16592825795343805,0.6874464204584284,0.34826410335530955,0.7643425934008145,-0.5426716449451177,-0.6154891405237718,0.6230956693204142,0.482622942649284,-7.467487812042236,-6.968470573425293,-2.073535442352295
7.72,3.2513968980095656,2.514350078140789,0.9429582340818472,0.4641830018191881,-7.266617298126221,95.76024627685547,-192.86087036132812,-2.0604004859924316,0.6798208355903625,28.789257049560547,0.7483158018213761,0.131318159688446,0.6502145812579645,0.2969944737185218,0.8101496595913359,-0.5054224091239925,-0.5931422622989266,0.5713257127069304,0.5672470243860508,-7.420656681060791,-6.269482135772705,-2.1009249687194824
7.73,0.0951893874429051,3.0588578815675405,1.4405063862648033,1.9246969853353448,-7.287409782409668,95.76720428466797,-192.57318115234375,-2.097423791885376,0.7115633487701416,28.743791580200195,0.7830753350333043,0.10083980344442232,0.6136972818122698,0.25095068785294616,0.8516375681409094,-0.4601491114814535,-0.5690490066142032,0.5143391746428889,0.6415905559615575,-7.349205017089844,-5.496245384216309,-2.1252031326293945
7.74,0.0951893874429051,3.0588578815675405,1.4405063862648033,1.9246969853353448,-7.30854606628418,95.77445983886719,-192.2860870361328,-2.1284019947052,0.7380407452583313,28.673383712768555,0.8122957955582564,0.07359988010803947,0.5785832681355915,0.20970664774940234,0.8888107043288462,-0.4074784089496872,-0.5442413641097924,0.45232575597520713,0.7065428140412795,-7.624446868896484,-5.029595375061035,-2.1415209770202637
7.75,0.0951893874429051,3.0588578815675405,1.4405063862648033,1.9246969853353448,-7.329959869384766,95.78194427490234,-191.9998016357422,-2.153639078140259,0.7590261101722717,28.57900047302246,0.8386613895028352,0.046944599436865735,0.542626278704677,0.1716408187301295,0.922734152766465,-0.3451102905796995,-0.5169008639021841,0.38256749457065226,0.7658038972185434,-8.229596138000488,-4.846674919128418,-2.152966022491455
7.76,0.0951893874429051,3.0588578815675405,1.4405063862648033,1.9246969853353448,-7.351603984832764,95.78961944580078,-191.71458435058594,-2.1745457649230957,0.7750171422958374,28.459646224975586,0.8629238997869945,0.020523262864141183,0.5049169623391697,0.13662080739923588,0.9524906755769892,-0.2722062966289937,-0.48651525994770817,0.30387548209801357,0.8191230635366787,-8.878349304199219,-4.690351963043213,-2.164638042449951
7.77,3.673824756262516,3.448598321456843,0.3965826553839769,2.6540118053718045,-7.373436450958252,95.79743194580078,-191.43069458007812,-2.1912643909454346,0.7855197191238403,28.316682815551758,0.8851293340595348,-0.005145570455936513,0.4653166503489935,0.10499627271646615,0.9763616102854683,-0.18892799865667573,-0.4533451716991965,0.2160822275557395,0.8647465676321449,-9.530585289001465,-4.524682521820068,-2.1770904064178467
7.78,3.673824756262516,3.448598321456843,0.3965826553839769,2.6540118053718045,-7.395441055297852,95.80532836914062,-191.14837646484375,-2.21148681640625,0.7924880981445312,28.138256072998047,0.9048192792757583,-0.029239976250194852,0.424790649190616,0.07720585869381011,0.9923688031638206,-0.09614267465884958,-0.41873777860881906,0.11978807242832658,0.9001719227290181,-10.069158554077148,-4.04637336730957,-2.1993610858917236
7.79,3.673824756262516,3.448598321456843,0.3965826553839769,2.6540118053718045,-7.417670249938965,95.81326293945312,-190.86802673339844,-2.2338788509368896,0.7926559448242188,27.930335998535156,0.9206219358833947,-0.050732636225817286,0.38714525800000454,0.05337357189208377,0.9985668656034226,0.003934049114741575,-0.3867900114969255,0.01704155334866881,0.9220103429277099,-10.493014335632324,-3.2778639793395996,-2.2281553745269775
7.8,3.673824756262516,3.448598321456843,0.3965826553839769,2.6540118053718045,-7.4401068687438965,95.82115173339844,-190.58981323242188,-2.2528305053710938,0.7828066945075989,27.71258544921875,0.9326238293161146,-0.0695241245500091,0.3540892388894378,0.032567736063570746,0.9934766329660032,0.10928642330237875,-0.359377427726673,-0.0903912377174245,0.9288042251112296,-10.886286735534668,-2.4590866565704346,-2.2544827461242676
7.81,1.6769771119958303,0.5730473068398569,2.2941836647509772,2.0825137637194984,-7.462716102600098,95.82888793945312,-190.31378173828125,-2.2685840129852295,0.7625424861907959,27.495325088500977,0.9413480884789941,-0.08590409270154473,0.3263192657108506,0.013494412394092194,0.975862298751108,0.21796943526637347,-0.3371671353365901,-0.2007816244912069,0.9197853348013274,-11.260014533996582,-1.6239746809005737,-2.2767202854156494
7.82,1.6769771119958303,0.5730473068398569,2.2941836647509772,2.0825137637194984,-7.485454559326172,95.83638000488281,-190.0398406982422,-2.276962995529175,0.736321210861206,27.30245590209961,0.9477220828077246,-0.10002266171730056,0.30301538063533145,-0.004837287445513226,0.9449904476206461,0.32706215702202607,-0.3190602676748671,-0.31142980115704627,0.8951044768866507,-11.358489990234375,-1.2118622064590454,-2.29191255569458
7.83,1.6769771119958303,0.5730473068398569,2.2941836647509772,2.0825137637194984,-7.50823974609375,95.84359741210938,-189.76766967773438,-2.2798080444335938,0.7070294618606567,27.139102935791016,0.9536394522288726,-0.11109138274955382,0.2796971573531046,-0.021533437681123042,0.901806686329528,0.431602840065944,-0.30018012294995217,-0.41761633728836306,0.8576062550002788,-11.212244033813477,-1.2009131908416748,-2.303161859512329
7.84,2.415797983116716,3.3185387518867016,0.7501217192779214,2.4618820610472225,-7.53104829788208,95.85049438476562,-189.4970245361328,-2.2818360328674316,0.6724849939346313,26.997684478759766,0.959570258988214,-0.11877034556434712,0.2551833126985731,-0.035859414789677774,0.8476387841841087,0.5293605519094033,-0.27917560859830504,-0.5171093661513122,0.8091099325816946,-11.03323745727539,-1.2482024431228638,-2.31404709815979
7.85,2.415797983116716,3.3185387518867016,0.7501217192779214,2.4618820610472225,-7.553885459899902,95.85699462890625,-189.22769165039062,-2.2864441871643066,0.6264556646347046,26.871522903442383,0.9652211514940459,-0.1232483711244895,0.23056011737433682,-0.048098854783535094,0.7831314724412517,0.6199932233827312,-0.2569720390957356,-0.6095202505964481,0.7499669560959487,-11.153450012207031,-0.9796887636184692,-2.324413299560547
7.86,2.415797983116716,3.3185387518867016,0.7501217192779214,2.4618820610472225,-7.576783657073975,95.86297607421875,-188.95953369140625,-2.293398141860962,0.5682180523872375,26.765432357788086,0.9696702702567953,-0.12563455869770437,0.20965572885315284,-0.0608667137043635,0.7066336138351375,0.7049568631917309,-0.23671672974875416,-0.6963367672750929,0.6775546445844265,-11.545791625976562,-0.40344035625457764,-2.332082748413086
7.87,2.415797983116716,3.3185387518867016,0.7501217192779214,2.4618820610472225,-7.599754810333252,95.86833190917969,-188.69227600097656,-2.3010408878326416,0.5027289986610413,26.689754486083984,0.9728089327376221,-0.1266215357268189,0.19393237758577248,-0.07570644081554653,0.6174880473298131,0.7829285064575543,-0.21888653500142685,-0.7763217748427494,0.5911118225006777,-11.963489532470703,0.2245241105556488,-2.3361129760742188
7.88,1.8988865026247719,1.472859975780806,3.189702142856875,0.3217673461814429,-7.622807025909424,95.87301635742188,-188.4256134033203,-2.309643030166626,0.4313107430934906,26.647241592407227,0.974748425111966,-0.1267904181774968,0.18381974213918864,-0.09346828063344653,0.5159403154286776,0.8515099949095044,-0.20280332407820537,-0.847189341749371,0.49106112752802805,-12.37195110321045,0.8678951263427734,-2.3360674381256104
7.89,1.8988865026247719,1.472859975780806,3.189702142856875,0.3217673461814429,-7.645946025848389,95.8769760131836,-188.15919494628906,-2.3178319931030273,0.3632968068122864,26.64210319519043,0.9756579326359859,-0.12653119894080647,0.179112964854797,-0.11419124717454596,0.4041618080930419,0.9075315928096854,-0.1872216802434895,-0.9058935304844411,0.37987491872093815,-12.309670448303223,1.332054615020752,-2.3257157802581787
7.9,1.8988865026247719,1.472859975780806,3.189702142856875,0.3217673461814429,-7.669164180755615,95.88029479980469,-187.89266967773438,-2.32588791847229,0.29989418387413025,26.66909408569336,0.9759399885083229,-0.12546539340704962,0.17832435023739546,-0.13597292066619396,0.28913033194573434,0.9475837778236048,-0.17044795004892238,-0.9490321839675219,0.2651139568524379,-11.814149856567383,1.6147093772888184,-2.3073766231536865
7.91,2.1678508134743963,2.4628564620760054,3.6070834195603396,2.8549886650955245,-7.69246768951416,95.88297271728516,-187.62576293945312,-2.3349859714508057,0.23552389442920685,26.7186279296875,0.9756844387600502,-0.12373535966971881,0.1809127876323041,-0.1580150953645516,0.17490731161810202,0.9718223407493057,-0.15189175618978631,-0.9767788864988501,0.1511022875129594,-11.254024505615234,1.859108328819275,-2.287029504776001
7.92,2.1678508134743963,2.4628564620760054,3.6070834195603396,2.8549886650955245,-7.715879917144775,95.88494110107422,-187.35826110839844,-2.3485968112945557,0.1509137600660324,26.781959533691406,0.9749312069751543,-0.12177660707914376,0.1862245946008778,-0.1796391155415906,0.06308550397787455,0.9817076995497658,-0.13129710519811366,-0.9905506938850479,0.039628184546431966,-10.901617050170898,1.9687176942825317,-2.268561601638794
7.93,2.1678508134743963,2.4628564620760054,3.6070834195603396,2.8549886650955245,-7.739453315734863,95.88593292236328,-187.090087890625,-2.3662760257720947,0.04801802709698677,26.856435775756836,0.973940593514528,-0.12022793602648753,0.19231475165306444,-0.1991297154276097,-0.04739102563350012,0.9788265664167093,-0.10856830448288397,-0.9916145088128836,-0.07009699832015664,-10.751810073852539,1.9612663984298706,-2.25260591506958
7.94,2.1678508134743963,2.4628564620760054,3.6070834195603396,2.8549886650955245,-7.763207912445068,95.8858871459961,-186.8211212158203,-2.3847179412841797,-0.05657137930393219,26.93848419189453,0.9728206677584572,-0.11926538172960036,0.19848354365760956,-0.21578861837954197,-0.15600397028972596,0.9638973147756408,-0.08399536034709228,-0.9805297190675738,-0.17749999849416093,-10.630884170532227,1.9339609146118164,-2.237243413925171
7.95,3.508357850641439,2.8550857188361123,2.3693238625075024,1.2508040564121055,-7.787147045135498,95.88480377197266,-186.5513153076172,-2.403005599975586,-0.15937434136867523,27.022201538085938,0.9716104350458643,-0.11889376949864233,0.2045420105611317,-0.22937686821998265,-0.26158797374331194,0.9375275912304988,-0.057960459242306764,-0.9578287965848971,-0.2814330854699724,-10.514732360839844,1.9003978967666626,-2.2222211360931396
7.96,3.508357850641439,2.8550857188361123,2.3693238625075024,1.2508040564121055,-7.811262130737305,95.88272094726562,-186.28070068359375,-2.4195375442504883,-0.25400978326797485,27.10031509399414,0.9701117021447366,-0.1190377259476484,0.2114552084084343,-0.24073695253346794,-0.36267015477688413,0.900286664634665,-0.030479584097238513,-0.9242837111165183,-0.38048734054884925,-10.296229362487793,2.181065082550049,-2.20817494392395
7.97,3.508357850641439,2.8550857188361123,2.3693238625075024,1.2508040564121055,-7.835530757904053,95.87974548339844,-186.0093536376953,-2.4341583251953125,-0.33984214067459106,27.16739273071289,0.9673997698651051,-0.11969539492585293,0.223183103523734,-0.2532541866019179,-0.45705718153711916,0.8526201087084129,-4.7260370312177113e-05,-0.8813465522930743,-0.47247037211614495,-9.973594665527344,2.750713348388672,-2.1930298805236816
7.98,4.106461428837866,0.9806305215732546,2.585529016190405,0.6244242107246962,-7.859941482543945,95.87596130371094,-185.73741149902344,-2.4479570388793945,-0.4196586012840271,27.22096824645996,0.9629561994684728,-0.1212944933877233,0.24083812775192062,-0.26745227574699154,-0.543600071696235,0.795593012946697,0.034418572064949055,-0.8305339294247187,-0.555903547363521,-9.625574111938477,3.3526599407196045,-2.1753880977630615
7.99,4.106461428837866,0.9806305215732546,2.585529016190405,0.6244242107246962,-7.884482383728027,95.87141418457031,-185.4650115966797,-2.4595134258270264,-0.48696064949035645,27.254396438598633,0.9564472123162565,-0.12407861421362322,0.26422192858899596,-0.2825278651385778,-0.6210783733882316,0.7310538007080369,0.0733943831140996,-0.7738644271474528,-0.6290843448402174,-9.006916046142578,3.888899326324463,-2.1587281227111816
8.0,4.106461428837866,0.9806305215732546,2.585529016190405,0.6244242107246962,-7.909125328063965,95.86626434326172,-185.1923828125,-2.469250440597534,-0.542442262172699,27.26685333251953,0.9476749522237529,-0.12742877673036013,0.29270136963928184,-0.2971567545734388,-0.687181070234206,0.6629329075578856,0.11666211098333734,-0.7152231005586824,-0.6890906096357259,-8.139368057250977,4.352157115936279,-2.144221305847168
8.01,4.106461428837866,0.9806305215732546,2.585529016190405,0.6244242107246962,-7.933867454528809,95.860595703125,-184.91970825195312,-2.479283332824707,-0.5909906625747681,27.26335906982422,0.9363016116431565,-0.13100964615955643,0.325846228530538,-0.31057455805950607,-0.7420351417946819,0.5940768403396055,0.16395955574644108,-0.6574346514710754,-0.7354569621157553,-7.229808330535889,4.787818908691406,-2.1302192211151123
8.02,1.0915893772376555,1.788963065528435,3.6150092975815795,1.0171679681342762,-7.958715438842773,95.8544692993164,-184.6471405029297,-2.4905219078063965,-0.6332993507385254,27.24712562561035,0.921908106083243,-0.13454820575353765,0.36329357861998013,-0.32229112518057634,-0.7867255874274488,0.5264895827238882,0.21497412534499602,-0.6024613103058483,-0.7686523889358015,-6.307493209838867,5.202304840087891,-2.116943597793579
8.03,1.0915893772376555,1.788963065528435,3.6150092975815795,1.0171679681342762,-7.98367977142334,95.84795379638672,-184.3748016357422,-2.502300262451172,-0.6678639650344849,27.218664169311523,0.904388920509109,-0.13799692300079086,0.4037790605054725,-0.33155788179368373,-0.8229182349121001,0.4613837336422246,0.268607616200386,-0.551146466822992,-0.7899921016236039,-5.625479698181152,5.344707489013672,-2.096177339553833
8.04,1.0915893772376555,1.788963065528435,3.6150092975815795,1.0171679681342762,-8.008764266967773,95.84112548828125,-184.10279846191406,-2.514983654022217,-0.6955231428146362,27.181272506713867,0.8848494388641241,-0.1422083681296314,0.44364202976696465,-0.33687388611992886,-0.8530875769895516,0.3984439368801509,0.3218034421697542,-0.5020143085809444,-0.8027603494117621,-5.174228191375732,5.239250183105469,-2.068878412246704
8.05,1.0915893772376555,1.788963065528435,3.6150092975815795,1.0171679681342762,-8.03398609161377,95.83405303955078,-183.83119201660156,-2.529810905456543,-0.7181233167648315,27.13984489440918,0.8639145693706705,-0.14720159538572236,0.4816464545130447,-0.3380940609625639,-0.8783235494814958,0.3379943022716031,0.3732881229974114,-0.45484000785124845,-0.8085644961825527,-4.758817195892334,5.091019630432129,-2.0420141220092773
8.06,1.0464641565579846,2.2140173577558317,3.1243039572846953,4.144589305467949,-8.059369087219238,95.8267822265625,-183.5600128173828,-2.547039031982422,-0.7361525297164917,27.09701919555664,0.8419175474375474,-0.15264573924593414,0.5175655722773761,-0.33554560211137585,-0.8992595273219549,0.28060907224180925,0.42259199261280356,-0.4099165534724805,-0.8083219822377613,-4.352124214172363,4.928893089294434,-2.016502618789673
8.07,1.0464641565579846,2.2140173577558317,3.1243039572846953,4.144589305467949,-8.0849609375,95.8193359375,-183.28921508789062,-2.57423734664917,-0.7535445094108582,27.06609535217285,0.81943829391507,-0.15873325611501396,0.5507491587544048,-0.32947051272252803,-0.9167198116211834,0.22599550488356257,0.4690096627063388,-0.3666449786705761,-0.8034932457113368,-4.268307685852051,4.601451396942139,-1.9984183311462402
8.08,1.0464641565579846,2.2140173577558317,3.1243039572846953,4.144589305467949,-8.110883712768555,95.81171417236328,-183.01864624023438,-2.611379384994507,-0.7689697742462158,27.047054290771484,0.797996166075794,-0.1673304567578372,0.578966870528485,-0.3197559179920154,-0.9318684027973113,0.1713984620032273,0.5108407499773462,-0.32190339872266305,-0.7971323165280536,-4.487814903259277,4.128876209259033,-1.9867513179779053
8.09,1.7142686427795426,2.3181324923685223,0.1860437885828915,0.9748621919480275,-8.137198448181152,95.80397033691406,-182.74826049804688,-2.65216326713562,-0.7791650295257568,27.03110694885254,0.7784826829768635,-0.17901825498201535,0.6015955258214095,-0.3067645061210522,-0.9447094482489368,0.11584298068288905,0.5475949690140066,-0.2747299087692919,-0.7903563924826352,-4.758023262023926,3.6403536796569824,-1.9764771461486816
8.1,1.7142686427795426,2.3181324923685223,0.1860437885828915,0.9748621919480275,-8.1638822555542,95.79618835449219,-182.4781036376953,-2.680011749267578,-0.7814763784408569,26.997751235961914,0.7604178319604367,-0.19365043340326876,0.6198904987812894,-0.2911445813001241,-0.9548672215321985,0.05885084555854021,0.5805166264769384,-0.2252289921082672,-0.7824783367593824,-4.979233741760254,3.63386869430542,-1.9673147201538086
8.11,1.7142686427795426,2.3181324923685223,0.1860437885828915,0.9748621919480275,-8.190760612487793,95.78840637207031,-182.20835876464844,-2.6951253414154053,-0.7783015370368958,26.9499454498291,0.7401971891606439,-0.21076198351518033,0.638504117029349,-0.27343662264637464,-0.9618898802503068,-0.0005212176075795744,0.614280501525505,-0.1742046054982393,-0.7696182305979872,-5.139219760894775,4.076238632202148,-1.9577118158340454
8.12,1.7142686427795426,2.3181324923685223,0.1860437885828915,0.9748621919480275,-8.21778392791748,95.78064727783203,-181.9390869140625,-2.7097411155700684,-0.7721173167228699,26.905479431152344,0.7164281362565448,-0.2303338221114234,0.6585416129384057,-0.2532426409673298,-0.9654036952705538,-0.06216003502132193,0.6500760650692087,-0.12223761920743971,-0.7499727155534601,-5.282556056976318,4.58282470703125,-1.9465588331222534
8.13,2.9143748506306135,0.20892001070757305,1.5970023944937755,0.2679821937631054,-8.244959831237793,95.7729721069336,-181.67022705078125,-2.725891590118408,-0.7630968689918518,26.868614196777344,0.6887111050364337,-0.252490139112742,0.6796511924879722,-0.2299438198100407,-0.9650759057676906,-0.12551627718283973,0.6876066124832294,-0.06983713738048068,-0.7227170405572557,-5.415593147277832,5.099817752838135,-1.9336473941802979
8.14,2.9143748506306135,0.20892001070757305,1.5970023944937755,0.2679821937631054,-8.272305488586426,95.76538848876953,-181.4016876220703,-2.7434544563293457,-0.7514057159423828,26.840988159179688,0.6570591883233646,-0.27636082035878284,0.7013543469676807,-0.2029873714190621,-0.9608751002329797,-0.1884546863217808,0.7259954201537507,-0.018540192093978808,-0.6874495699270583,-5.119042873382568,5.504798412322998,-1.921671986579895
8.15,2.9143748506306135,0.20892001070757305,1.5970023944937755,0.2679821937631054,-8.299838066101074,95.75794219970703,-181.1333770751953,-2.762728214263916,-0.7373068332672119,26.824373245239258,0.6222832065308777,-0.2981587388716909,0.72378517344865,-0.1723288093722114,-0.9541155733519278,-0.24488008115744808,0.7635878419212851,0.027655724936532955,-0.6451114388601629,-4.42568826675415,5.794745922088623,-1.9124926328659058
8.16,3.70300101564415,4.110810513662513,1.373174060849656,1.5358247637519655,-8.327570915222168,95.75064086914062,-180.86512756347656,-2.7844135761260986,-0.7211023569107056,26.82021141052246,0.5845633747230421,-0.3164139712781542,0.7471063242353101,-0.13820939735193244,-0.946196512655469,-0.29259241603678854,0.7994897268983664,0.06778169530645375,-0.5968432108731396,-3.6734066009521484,6.056174278259277,-1.9051954746246338
8.17,3.70300101564415,4.110810513662513,1.373174060849656,1.5358247637519655,-8.35560131072998,95.74354553222656,-180.59683227539062,-2.8289968967437744,-0.6948658227920532,26.844106674194336,0.5431467670227571,-0.33157674593070624,0.7713938365262782,-0.10067748827235078,-0.9378125748206737,-0.3322222416747388,0.8335800098538215,0.10278344256844943,-0.5427521820369595,-3.2652478218078613,6.55767822265625,-1.8962377309799194
8.18,3.70300101564415,4.110810513662513,1.373174060849656,1.5358247637519655,-8.3842191696167,95.73677825927734,-180.32815551757812,-2.8961336612701416,-0.6578995585441589,26.892391204833984,0.4953093473917297,-0.3469391423063837,0.7964307138239267,-0.058785713630405106,-0.9280743036215665,-0.3677258854504376,0.8667253834169982,0.13531932047218975,-0.4800789427246336,-3.1766560077667236,7.291045665740967,-1.883962631225586
8.19,3.70300101564415,4.110810513662513,1.373174060849656,1.5358247637519655,-8.413545608520508,95.73040771484375,-180.05894470214844,-2.970048189163208,-0.6167373657226562,26.951852798461914,0.43989877743007566,-0.36361698090128014,0.8211405219667111,-0.011988501400039236,-0.9166584117417688,-0.3994917170821429,0.8979673387432897,0.1658916736406495,-0.407596137330812,-3.120978593826294,8.055561065673828,-1.8702647686004639
8.2,3.6542897463572546,2.7568490895627176,0.9315618882511688,0.618921163242101,-8.443634033203125,95.72445678710938,-179.78907775878906,-3.0484774112701416,-0.5727409720420837,27.02012825012207,0.37653955024485575,-0.3817380140468085,0.8440936297194762,0.03987699579822085,-0.9036307165016935,-0.42645205287434657,0.9255418911683632,0.19423598231593048,-0.3250301383968188,-3.0585780143737793,8.823022842407227,-1.8554874658584595
8.21,3.6542897463572546,2.7568490895627176,0.9315618882511688,0.618921163242101,-8.47449016571045,95.71894073486328,-179.51852416992188,-3.1198763847351074,-0.5321760773658752,27.091793060302734,0.30512102734833857,-0.40084657040544514,0.8638421069061678,0.09671782727914155,-0.8893644846896772,-0.44685173744662465,0.9473894766970429,0.21989279289430463,-0.23259479589373003,-2.8462445735931396,9.585625648498535,-1.841591477394104
8.22,3.6542897463572546,2.7568490895627176,0.9315618882511688,0.618921163242101,-8.506011009216309,95.71379089355469,-179.24722290039062,-3.1841392517089844,-0.49570316076278687,27.166446685791016,0.22575825969856445,-0.41927547870192045,0.87934139055156,0.15806767159561758,-0.8749179500469756,-0.4577479567206588,0.9612740604917079,0.24233582823196742,-0.13124605510609022,-2.4932425022125244,10.3397798538208,-1.8295519351959229
8.23,2.9551191924083047,1.7153679371841195,2.9555624781679164,1.1760037220751873,-8.538177490234375,95.70902252197266,-178.97515869140625,-3.249274492263794,-0.4596371054649353,27.243820190429688,0.13876736201559375,-0.4363132320402291,0.8890300235570463,0.22302345276621105,-0.8608866133508883,-0.4573125610230661,0.9648855676998547,0.26173460317628455,-0.022154880832044255,-2.1101551055908203,11.086642265319824,-1.8187415599822998
8.24,2.9551191924083047,1.7153679371841195,2.9555624781679164,1.1760037220751873,-8.571012496948242,95.70459747314453,-178.70233154296875,-3.31903076171875,-0.42236509919166565,27.319082260131836,0.04566162324650533,-0.4512532419429288,0.8912269788322675,0.28981771871606765,-0.8478018348071025,-0.44411455596042454,0.9559920010547729,0.27857236139593483,0.09206917717447147,-1.573776125907898,11.5238037109375,-1.8075450658798218
8.25,2.9551191924083047,1.7153679371841195,2.9555624781679164,1.1760037220751873,-8.604567527770996,95.70055389404297,-178.4287872314453,-3.3920536041259766,-0.38496071100234985,27.385618209838867,-0.04926062346678718,-0.462328318750852,0.8853394358417985,0.35509750961500075,-0.8366086641834372,-0.417123125322044,0.9335304760107663,0.2938340836155937,0.20538349900830988,-0.9032273292541504,11.669540405273438,-1.7978379726409912
8.26,2.9551191924083047,1.7153679371841195,2.9555624781679164,1.1760037220751873,-8.638851165771484,95.69688415527344,-178.1546630859375,-3.464142322540283,-0.34995347261428833,27.43752670288086,-0.14391041478098493,-0.46898296843812554,0.871403906252737,0.41665521975233505,-0.8274302933135497,-0.37650702192679775,0.8976013705263033,0.30889170435933844,0.31448003848779454,-0.21339592337608337,11.764278411865234,-1.7920092344284058
8.27,1.4303137008156956,1.5352825031816792,1.1471786331142437,2.517341865022181,-8.673842430114746,95.69354248046875,-177.88011169433594,-3.533508062362671,-0.3186328411102295,27.469829559326172,-0.23713089148759392,-0.47126382986847787,0.849517123405993,0.4728010658643555,-0.8198928908087905,-0.3228541462003145,0.8486625315281852,0.32509390990742815,0.4172359731869637,0.47996455430984497,11.841569900512695,-1.7904471158981323
8.28,1.4303137008156956,1.5352825031816792,1.1471786331142437,2.517341865022181,-8.709480285644531,95.69047546386719,-177.60533142089844,-3.5903005599975586,-0.29505759477615356,27.483327865600586,-0.32763060698867935,-0.47040761814100013,0.8193746750779772,0.521928322969383,-0.8130159818601108,-0.25806169596127176,0.7875588937003996,0.34310593995871214,0.5118879788766791,0.8259502053260803,11.821268081665039,-1.7961279153823853
8.29,1.4303137008156956,1.5352825031816792,1.1471786331142437,2.517341865022181,-8.745611190795898,95.68760681152344,-177.3305206298828,-3.6344552040100098,-0.27868664264678955,27.476530075073242,-0.4133777841212124,-0.4703252236524035,0.7796877526236724,0.5627631157338543,-0.8051192765965002,-0.18729822749362285,0.7158327200991589,0.3613545827148799,0.5975001107835831,0.8478084802627563,11.717826843261719,-1.8060050010681152
8.3,1.4303137008156956,1.5352825031816792,1.1471786331142437,2.517341865022181,-8.782148361206055,95.68489074707031,-177.05589294433594,-3.6719768047332764,-0.2671184837818146,27.44466209411621,-0.49299964177944094,-0.47221486948060526,0.7307287254835118,0.5948072845393122,-0.7958834027530386,-0.11302169473695717,0.6349453893558976,0.37892311392109496,0.6732470766902952,0.8239557147026062,11.603252410888672,-1.816251277923584
8.31,2.3393346548592806,2.017510926675944,1.6274613131559261,4.159352252336046,-8.819028854370117,95.68225860595703,-176.78172302246094,-3.7030699253082275,-0.26024121046066284,27.38710594177246,-0.5655031527594964,-0.4761814815910462,0.6733924419005797,0.6178660399048332,-0.7854340093098352,-0.03653729261721875,0.5463037076127055,0.3954043672106232,0.7383817748559195,0.7931296229362488,11.487576484680176,-1.82633638381958
8.32,2.3393346548592806,2.017510926675944,1.6274613131559261,4.159352252336046,-8.856221199035645,95.6796646118164,-176.50828552246094,-3.7379491329193115,-0.25813016295433044,27.292627334594727,-0.6299618666230099,-0.4822806792556631,0.608730969326803,0.6319204557574825,-0.773960008156159,0.040773071630353014,0.45146936130385257,0.41035503188289835,0.7923283180678807,0.7033368349075317,11.321425437927246,-1.839179515838623
8.33,2.3393346548592806,2.017510926675944,1.6274613131559261,4.159352252336046,-8.89378547668457,95.67707061767578,-176.23599243164062,-3.7738001346588135,-0.2628592252731323,27.16371726989746,-0.6853545632299193,-0.49080272769950783,0.53796078401929,0.6372539066602635,-0.7617376961146246,0.11688943820643485,0.35241535310788996,0.42292832111447265,0.8348263616424284,0.5585489273071289,11.109922409057617,-1.8540951013565063
8.34,0.8588738332285568,3.2994302350602593,3.5764577248899028,2.715995305774417,-8.931668281555176,95.67437744140625,-175.96507263183594,-3.8014137744903564,-0.27490535378456116,27.01410484313965,-0.7312014785533093,-0.5015811984245917,0.46234262095161094,0.6343893246889687,-0.7491582973439425,0.19055715741320098,0.25078792331794775,0.4326408983298685,0.8659834124336306,0.4040990471839905,10.894490242004395,-1.8684593439102173
8.35,0.8588738332285568,3.2994302350602593,3.5764577248899028,2.715995305774417,-8.969783782958984,95.67153930664062,-175.69573974609375,-3.8203110694885254,-0.29424840211868286,26.848648071289062,-0.7672806381052744,-0.5141645701953951,0.3832952088724139,0.6239584654418161,-0.7366075101649014,0.26093142657058105,0.14817643467251057,0.43936792182002676,0.8860020166361326,0.2944638133049011,10.631532669067383,-1.870001196861267
8.36,0.8588738332285568,3.2994302350602593,3.5764577248899028,2.715995305774417,-9.00804615020752,95.66847229003906,-175.42811584472656,-3.8304262161254883,-0.3206356465816498,26.67274284362793,-0.7935377329916166,-0.5278435908792871,0.3027854188797492,0.6067395963885784,-0.7243614427311077,0.32736457117216033,0.04652879208350688,0.44348804251317464,0.8950717444177767,0.22424331307411194,10.324337005615234,-1.859872579574585
8.37,0.8588738332285568,3.2994302350602593,3.5764577248899028,2.715995305774417,-9.04636287689209,95.66510772705078,-175.16229248046875,-3.831723690032959,-0.3534258306026459,26.492673873901367,-0.8103269957786297,-0.5422230070760392,0.22218094092382934,0.5835988847343354,-0.7126436366934736,0.3892960169551448,-0.05274942321220788,0.44512162122022103,0.8939151193894539,0.1534901261329651,10.012075424194336,-1.847779393196106
8.38,0.5134915760745057,1.8012269357547352,0.5467684751644244,0.3630869595917929,-9.084651947021484,95.66136932373047,-174.8982696533203,-3.8247787952423096,-0.3921065032482147,26.313526153564453,-0.8181872192895826,-0.5570147184173326,0.1424930793324381,0.5554146569588063,-0.7016687344496476,0.44629087592192784,-0.14860764794085224,0.44429223554130426,0.8834705294525664,0.07671821862459183,9.700295448303223,-1.8350605964660645
8.39,0.5134915760745057,1.8012269357547352,0.5467684751644244,0.3630869595917929,-9.122820854187012,95.65727996826172,-174.63589477539062,-3.8066766262054443,-0.4202932119369507,26.16915512084961,-0.8177983968317165,-0.5719410581515967,0.06394691657856787,0.5226472422968431,-0.6915717904524025,0.49856626316866187,-0.24092663252322122,0.4411483703368861,0.8644897183252849,0.031549274921417236,9.636852264404297,-1.8255138397216797
8.4,0.5134915760745057,1.8012269357547352,0.5467684751644244,0.3630869595917929,-9.160768508911133,95.65299987792969,-174.374755859375,-3.7825589179992676,-0.4360390901565552,26.059587478637695,-0.8096115226909961,-0.5867740232973275,-0.015014256872528137,0.48431459788384257,-0.6822556099338191,0.5476921151435765,-0.3316150669112893,0.4361462235275001,0.8365452283649231,0.021305017173290253,9.803475379943848,-1.8191522359848022
8.41,0.0586684955252187,2.0820567637045917,1.1164904193193084,4.044397823250822,-9.198467254638672,95.64856719970703,-174.11463928222656,-3.757080316543579,-0.45117101073265076,25.963960647583008,-0.7933952898312848,-0.601353631396488,-0.09432774819632067,0.4400838408368446,-0.6737407815391583,0.5936325229679511,-0.4205355241924545,0.42947312988970676,0.7991887784465674,0.018544521182775497,10.002058982849121,-1.8132201433181763
8.42,0.0586684955252187,2.0820567637045917,1.1164904193193084,4.044397823250822,-9.23590087890625,95.64393615722656,-173.85546875,-3.7284579277038574,-0.4791626036167145,25.867324829101562,-0.7690000671694825,-0.6153891027673977,-0.17301777044127126,0.39074895787051833,-0.6667226090508283,0.6346622838199543,-0.5059191127210307,0.42044882539447476,0.7531723817347337,-0.2806212306022644,9.897396087646484,-1.8115208148956299
8.43,0.0586684955252187,2.0820567637045917,1.1164904193193084,4.044397823250822,-9.27302074432373,95.6389389038086,-173.59727478027344,-3.6947717666625977,-0.5203946232795715,25.774065017700195,-0.7372105648286963,-0.6278147368022552,-0.24973834178769885,0.33953972782329167,-0.6637922898882626,0.6664027079136021,-0.5841518264412425,0.40648302810672393,0.702522733814749,-0.8619134426116943,9.514466285705566,-1.811743140220642
8.44,0.0586684955252187,2.0820567637045917,1.1164904193193084,4.044397823250822,-9.309783935546875,95.63351440429688,-173.33993530273438,-3.6574618816375732,-0.5652704238891602,25.697059631347656,-0.6990483741767858,-0.6374201347210682,-0.32407860529965177,0.2884709990195538,-0.6660759507719113,0.6878425041591677,-0.6543056268178142,0.387347905190501,0.6494965335235265,-1.4888834953308105,9.102579116821289,-1.8096704483032227
8.45,0.9504187925959738,2.2626146994749674,0.7276194362507243,3.5882116156968795,-9.346158981323242,95.62763214111328,-173.08328247070312,-3.616976499557495,-0.6117607355117798,25.637638092041016,-0.6554367541132825,-0.6431181463182922,-0.3959819582172506,0.2387889406643478,-0.6738730857065384,0.6991958997139123,-0.7165071550053379,0.36372257867291147,0.5952506888611594,-2.128641366958618,8.696504592895508,-1.8049285411834717
8.46,0.9504187925959738,2.2626146994749674,0.7276194362507243,3.5882116156968795,-9.382111549377441,95.62127685546875,-172.82713317871094,-3.5729827880859375,-0.6597416400909424,25.594697952270508,-0.6070316365093409,-0.6439872968344701,-0.4656103024983697,0.1911724189359324,-0.687044401266141,0.7010157608264126,-0.7713401963563,0.33652689670319347,0.5401702965550239,-2.7155792713165283,8.434627532958984,-1.7989484071731567
8.47,0.9504187925959738,2.2626146994749674,0.7276194362507243,3.5882116156968795,-9.41760540008545,95.61443328857422,-172.5713348388672,-3.5254392623901367,-0.7085046172142029,25.567768096923828,-0.5537031832182675,-0.6394759464563562,-0.5333697580456778,0.14523227958532564,-0.7048631637461136,0.6943165743090605,-0.819951443599197,0.3069827915332822,0.4831575269433624,-3.250256061553955,8.306719779968262,-1.7918980121612549
8.48,0.9504187925959738,2.2626146994749674,0.7276194362507243,3.5882116156968795,-9.452608108520508,95.60710906982422,-172.31573486328125,-3.4747090339660645,-0.7568668127059937,25.556915283203125,-0.4956081442169447,-0.6289242630022536,-0.5990215678862558,0.10126931483490992,-0.726822504044493,0.6793184624955815,-0.8626222193166044,0.27601325877856875,0.42390988160189286,-3.77980899810791,8.205148696899414,-1.7828582525253296
8.49,3.9193595668072354,1.3870922891486912,1.64224304945281,2.781711240384223,-9.487089157104492,95.59930419921875,-172.06015014648438,-3.420886278152466,-0.8041638135910034,25.561668395996094,-0.4331104656789665,-0.6116413750582241,-0.6620499624924341,0.05987822189609254,-0.7524189516230401,0.6559575594358581,-0.8993497223338154,0.24445970947248116,0.36250452049970217,-4.31080961227417,8.114815711975098,-1.7717214822769165
8.5,3.9193595668072354,1.3870922891486912,1.64224304945281,2.781711240384223,-9.520991325378418,95.59101104736328,-171.80445861816406,-3.356945514678955,-0.8564073443412781,25.577960968017578,-0.36631023034293486,-0.5880335155568922,-0.7211334132654706,0.02136990969387864,-0.7801137316863125,0.6252726546028793,-0.9302473553339355,0.2136332142159974,0.29832986387212435,-4.411326885223389,8.17013931274414,-1.7630754709243774
8.51,3.9193595668072354,1.3870922891486912,1.64224304945281,2.781711240384223,-9.554193496704102,95.58216857910156,-171.54855346679688,-3.282700300216675,-0.9121540784835815,25.606794357299805,-0.294427061220766,-0.5619378499682676,-0.7730061826362994,-0.01491631618381506,-0.8060590642278196,0.5916470979288887,-0.9555575383682594,0.18572732095524444,0.2289435588051777,-4.108745098114014,8.351667404174805,-1.7585837841033936
8.52,3.0723183545522463,1.712729620616536,2.5195270204800773,1.270651826105216,-9.586630821228027,95.5727767944336,-171.29226684570312,-3.2041125297546387,-0.9657513499259949,25.65096664428711,-0.21758499295508088,-0.5351996290360718,-0.8162218619470986,-0.049059797169900915,-0.8292033784291022,0.5567898108832554,-0.9748076257100092,0.16119278607125748,0.15416542600790956,-3.747530698776245,8.545100212097168,-1.7557073831558228
8.53,3.0723183545522463,1.712729620616536,2.5195270204800773,1.270651826105216,-9.618284225463867,95.5628662109375,-171.0354766845703,-3.127115249633789,-1.013446569442749,25.710567474365234,-0.136356892136132,-0.5088794177107142,-0.8499697266358255,-0.08093650783323258,-0.8493927221537257,0.5215182501620101,-0.9873480033234161,0.13990618922223658,0.074633628818217,-3.2814249992370605,8.741849899291992,-1.7473570108413696
8.54,3.0723183545522463,1.712729620616536,2.5195270204800773,1.270651826105216,-9.649181365966797,95.55252075195312,-170.7780303955078,-3.0523979663848877,-1.0556186437606812,25.783260345458984,-0.051463580936695126,-0.4846102318305169,-0.8732149924516553,-0.11056950202436697,-0.8662331522257861,0.48725199969529237,-0.9925350800144322,0.12162667959847612,-0.00900365206979304,-2.72421932220459,8.936948776245117,-1.7346291542053223
8.55,3.0723183545522463,1.712729620616536,2.5195270204800773,1.270651826105216,-9.679328918457031,95.54176330566406,-170.519775390625,-2.9770162105560303,-1.0947052240371704,25.865991592407227,0.03622378957491973,-0.4632833711639953,-0.8854695675582284,-0.13798622055514753,-0.879882767702621,0.45471542533422127,-0.9897715089886848,0.10571108316018388,-0.09579940966082501,-2.1525237560272217,9.123140335083008,-1.7234081029891968
8.56,2.4218818807963656,0.943730970745198,2.256379166794716,2.467272378715053,-9.708721160888672,95.53062438964844,-170.2606658935547,-2.9010000228881836,-1.1310486793518066,25.955718994140625,0.1257323061712018,-0.44535365860154436,-0.8864826597035559,-0.16323331833815974,-0.8906820955043266,0.4243115465460902,-0.9785429326141927,0.09135383691033988,-0.18468406946072746,-1.5769891738891602,9.299543380737305,-1.7146300077438354
8.57,2.4218818807963656,0.943730970745198,2.256379166794716,2.467272378715053,-9.737357139587402,95.51914978027344,-170.00064086914062,-2.8268213272094727,-1.1637780666351318,26.04837417602539,0.21553619818299302,-0.43075087948698715,-0.8763548522681944,-0.18616113727901334,-0.8991147677177801,0.39615232605500006,-0.958586552294474,0.07775804969898467,-0.2739808523733079,-1.1038600206375122,9.302227020263672,-1.7114909887313843
8.58,2.4218818807963656,0.943730970745198,2.256379166794716,2.467272378715053,-9.765263557434082,95.50736236572266,-169.7397003173828,-2.7547881603240967,-1.1930636167526245,26.139799118041992,0.30282318424724586,-0.41837894268423026,-0.8563043731061897,-0.20603714068858703,-0.9059830330930237,0.36978837245705376,-0.9305089014830703,0.06445001214888071,-0.3605542680301804,-0.7290050387382507,9.145188331604004,-1.71330726146698
8.59,3.9190938075398454,3.207825479843429,0.5470035825919121,0.2987160163091232,-9.792454719543457,95.49529266357422,-169.4778594970703,-2.683718204498291,-1.219655156135559,26.22652816772461,0.3861943686334316,-0.4078290911569605,-0.8273628841336266,-0.22281115128781764,-0.9116346614323616,0.34536565396243546,-0.8951028435311902,0.050967406066927595,-0.4429370418255698,-0.37019503116607666,8.960838317871094,-1.7173640727996826
8.6,3.9190938075398454,3.207825479843429,0.5470035825919121,0.2987160163091232,-9.818942070007324,95.48297119140625,-169.21517944335938,-2.614269733428955,-1.2434685230255127,26.304954528808594,0.46631095726500893,-0.3988684589972854,-0.7895935939150734,-0.237293621974587,-0.9162663195409809,0.32271933416671317,-0.8522005797374071,0.03687796214483269,-0.5219139659017292,-0.03728374466300011,9.301630020141602,-1.720777153968811
8.61,3.9190938075398454,3.207825479843429,0.5470035825919121,0.2987160163091232,-9.844745635986328,95.47042846679688,-168.9517822265625,-2.5468573570251465,-1.2644730806350708,26.37156867980957,0.5474010297756362,-0.39106897922972683,-0.739876453257429,-0.2516915178716548,-0.9200998587294944,0.30011269516204586,-0.7981249854703433,0.021938629177413238,-0.6020923551397912,0.28414300084114075,10.132525444030762,-1.723569393157959
8.62,3.9190938075398454,3.207825479843429,0.5470035825919121,0.2987160163091232,-9.86988639831543,95.45768737792969,-168.68780517578125,-2.481809616088867,-1.2825943231582642,26.422670364379883,0.6290539929788563,-0.3840879498745782,-0.6758457817272372,-0.2662924749557351,-0.9232781720373306,0.27684966104612524,-0.7303282766669426,0.005819261168631462,-0.6830715515230781,0.617494523525238,11.026640892028809,-1.7279289960861206
8.63,2.2467575278053338,3.8021869267012796,0.7936415319756919,2.9759190414051657,-9.894392013549805,95.44478607177734,-168.4233856201172,-2.4199750423431396,-1.2975964546203613,26.454559326171875,0.7087187924538526,-0.3775184488743814,-0.5959844746150975,-0.28066556156804784,-0.9259260631561249,0.2527602977484633,-0.6472592338255554,-0.011863655746882876,-0.7621776288371852,0.9661881327629089,11.924284934997559,-1.7345175743103027
8.64,2.2467575278053338,3.8021869267012796,0.7936415319756919,2.9759190414051657,-9.918282508850098,95.4317398071289,-168.1587371826172,-2.3576819896698,-1.3113423585891724,26.471221923828125,0.7826225990305788,-0.3701690792851242,-0.5004764931820733,-0.29401599294418823,-0.9284645078101386,0.22695429854911459,-0.5486861246465646,-0.030471469903517415,-0.8354729356132693,0.9648173451423645,12.539173126220703,-1.743366003036499
8.65,2.2467575278053338,3.8021869267012796,0.7936415319756919,2.9759190414051657,-9.941553115844727,95.41857147216797,-167.8939971923828,-2.2978880405426025,-1.3230361938476562,26.472097396850586,0.845969138397547,-0.35956616235947897,-0.39376184650749085,-0.30474131891341133,-0.9319804859585432,0.19632906646595155,-0.4375716460487659,-0.046092826758122776,-0.8980013952637373,0.6335461139678955,12.897756576538086,-1.751409888267517
8.66,1.2338791508703773,2.2028856139652127,3.5186952946216814,4.050008533714198,-9.964265823364258,95.40530395507812,-167.6293487548828,-2.2461047172546387,-1.3305193185806274,26.453296661376953,0.896106156685287,-0.34580774326344876,-0.27822789337117987,-0.31168516245700606,-0.9365819718447919,0.16020789468522287,-0.3159843595098873,-0.05684377463154954,-0.9470600138485228,0.26197612285614014,13.226420402526855,-1.7571736574172974
8.67,1.2338791508703773,2.2028856139652127,3.5186952946216814,4.050008533714198,-9.986503601074219,95.3919677734375,-167.36495971679688,-2.2028048038482666,-1.3340933322906494,26.422725677490234,0.9308829243629748,-0.33003051113543674,-0.15664240437735394,-0.313742942233243,-0.9418952625390036,0.11999450239660679,-0.18714258555514313,-0.06255538447059288,-0.9803389600263126,0.0617220439016819,13.107603073120117,-1.7586524486541748
8.68,1.2338791508703773,2.2028856139652127,3.5186952946216814,4.050008533714198,-10.008358001708984,95.37861633300781,-167.1009063720703,-2.170168399810791,-1.3334119319915771,26.385276794433594,0.9489150277835977,-0.3135201936031161,-0.035571874416715096,-0.30999717127876725,-0.9473499608454122,0.0801860679005925,-0.05883896536833935,-0.06506258440348296,-0.9961449875721521,0.015661830082535744,12.57365894317627,-1.7574461698532104
8.69,1.2338791508703773,2.2028856139652127,3.5186952946216814,4.050008533714198,-10.029947280883789,95.36530303955078,-166.83724975585938,-2.1498939990997314,-1.3282744884490967,26.34265899658203,0.951473189812302,-0.2968111713725101,0.08125206223156346,-0.3008400625041201,-0.9527218976080648,0.04261739798023185,0.06476129909846264,-0.06499318707808376,-0.9957820342688019,-0.018106088042259216,11.982512474060059,-1.75571870803833
8.7,2.86853001015701,3.9218820730906825,3.3251379653278184,2.3097169707188523,-10.051395416259766,95.35205841064453,-166.57403564453125,-2.142047166824341,-1.3192663192749023,26.29981803894043,0.9405713487252872,-0.28024842853144977,0.19179769618727668,-0.28701381157807765,-0.9578941494372394,0.007865776333667657,0.18151751959664322,-0.062446911689533646,-0.9814029617338239,-0.059328965842723846,11.3841552734375,-1.7537269592285156
8.71,2.86853001015701,3.9218820730906825,3.3251379653278184,2.3097169707188523,-10.072831153869629,95.33892059326172,-166.31121826171875,-2.1479029655456543,-1.3069815635681152,26.267742156982422,0.917981420931053,-0.26405995280200484,0.2959433259115805,-0.26927547126078394,-0.9627694430484391,-0.023784871441341462,0.29120582309199744,-0.05785620846893956,-0.9549093295904648,0.004645965062081814,11.154581069946289,-1.7484797239303589
8.72,2.86853001015701,3.9218820730906825,3.3251379653278184,2.3097169707188523,-10.094398498535156,95.325927734375,-166.04864501953125,-2.1681888103485107,-1.2917120456695557,26.249286651611328,0.8835958269981178,-0.24801332987904903,0.39717477602916584,-0.24815777836431765,-0.9673249639515832,-0.051962786235480354,0.39708453954894574,-0.052647908964877574,-0.9162707384462453,0.173004612326622,11.266060829162598,-1.7410250902175903
8.73,2.86853001015701,3.9218820730906825,3.3251379653278184,2.3097169707188523,-10.116238594055176,95.31309509277344,-165.78619384765625,-2.2019340991973877,-1.274064540863037,26.242280960083008,0.8370897017618047,-0.2318491348739694,0.4955066193932477,-0.2240013483732275,-0.9716054974420035,-0.07619811852961211,0.4991034232814967,-0.04720949055718348,-0.8652554749147922,0.35757309198379517,11.42212200164795,-1.734236240386963
8.74,3.9087938075592064,3.4966990182571047,1.2469636498612577,0.572816837435705,-10.138480186462402,95.30044555664062,-165.52374267578125,-2.2488131523132324,-1.2547391653060913,26.248510360717773,0.7785001970465951,-0.21537962193877902,0.5895329182089164,-0.19719263190947112,-0.9756489354355867,-0.096042806622995,0.595862827435164,-0.04148220385797757,-0.8020141629946796,0.5461126565933228,11.58147144317627,-1.7285518646240234
8.75,3.9087938075592064,3.4966990182571047,1.2469636498612577,0.572816837435705,-10.161225318908691,95.28799438476562,-165.2611846923828,-2.2990410327911377,-1.235973596572876,26.258136749267578,0.707414552993252,-0.19824815520198724,0.6784263550101559,-0.1680702260127505,-0.9795081894507874,-0.11097795243589174,0.6865253450102045,-0.035515852205020695,-0.7262379602449672,0.8259754776954651,12.047801971435547,-1.7277910709381104
8.76,3.9087938075592064,3.4966990182571047,1.2469636498612577,0.572816837435705,-10.184468269348145,95.27571868896484,-164.99853515625,-2.350917100906372,-1.2186908721923828,26.27530860900879,0.6211048677936605,-0.17943345739815794,0.7629104649755192,-0.13668232283986295,-0.9833202977978485,-0.11999639395352683,0.7717167134552154,-0.02974603006947256,-0.6352704053149233,1.1980241537094116,12.796316146850586,-1.732720971107483
8.77,3.4466743689706645,0.07210945089941038,0.1385088915622899,3.8467862890915514,-10.208271026611328,95.26361083984375,-164.73562622070312,-2.4111487865448,-1.2023879289627075,26.31055450439453,0.5181750145902546,-0.15829674827420223,0.8404979439238404,-0.10352879910873428,-0.987105766625137,-0.12208191205294672,0.8489855369848726,-0.02375594622855362,-0.5278818172747508,1.5952153205871582,13.578139305114746,-1.7411980628967285
8.78,3.4466743689706645,0.07210945089941038,0.1385088915622899,3.8467862890915514,-10.232697486877441,95.25166320800781,-164.4722900390625,-2.4732325077056885,-1.1884793043136597,26.360389709472656,0.3997676171248473,-0.1348003695793246,0.9066502703135314,-0.06962111135335619,-0.9907352650161161,-0.11660418306120242,0.9139686828071548,-0.016507423018882486,-0.4054488276380024,1.89677095413208,13.935614585876465,-1.7672789096832275
8.79,3.4466743689706645,0.07210945089941038,0.1385088915622899,3.8467862890915514,-10.257740020751953,95.23983001708984,-164.2083740234375,-2.5357840061187744,-1.1772831678390503,26.423486709594727,0.2720519938390053,-0.11010642635015183,0.9559624927394487,-0.0364359253529311,-0.9938984901413634,-0.10410674636349801,0.9615924999665385,-0.006508930105375253,-0.27440389544790694,2.102905750274658,13.895853996276855,-1.8085994720458984
8.8,3.4466743689706645,0.07210945089941038,0.1385088915622899,3.8467862890915514,-10.283427238464355,95.22810363769531,-163.94378662109375,-2.6025142669677734,-1.1682422161102295,26.497779846191406,0.13911217486270508,-0.08492265514321401,0.9866285752239264,-0.005044167431786643,-0.9963639675868533,-0.08504940017133654,0.990263782625563,0.006854687302188564,-0.13903472257713526,2.299396514892578,13.797252655029297,-1.853157877922058
8.81,1.251747664372782,0.094887732370608,4.129935341524864,2.763006844450686,-10.309800148010254,95.2164535522461,-163.67843627929688,-2.6722781658172607,-1.161399245262146,26.576623916625977,0.0038661181392350315,-0.0597420036948088,0.9982063644983754,0.023689459893790725,-0.997928215426193,-0.05981710747131469,0.9997118898064954,0.02387822964174233,-0.0024428525748107603,2.4981839656829834,13.686677932739258,-1.8992840051651
8.82,1.251747664372782,0.094887732370608,4.129935341524864,2.763006844450686,-10.336888313293457,95.2048568725586,-163.41229248046875,-2.746511697769165,-1.1566792726516724,26.65212059020996,-0.12980003218984504,-0.03433795112117995,0.9909454358118387,0.04888061635553458,-0.9984066276493566,-0.028193815111514222,0.9903346085986385,0.04477846556815741,0.13127167262263062,2.920377492904663,13.213912010192871,-1.9328210353851318
8.83,1.251747664372782,0.094887732370608,4.129935341524864,2.763006844450686,-10.36473560333252,95.19331359863281,-163.1454315185547,-2.8227791786193848,-1.1544541120529175,26.716083526611328,-0.255042286290161,-0.006492910738102833,0.9669081002422284,0.06946505754493335,-0.9975166558855539,0.011624414444646694,0.9644314584169096,0.07013104406073561,0.2548599589476238,3.539461374282837,12.399984359741211,-1.9558687210083008
8.84,1.2320517507079078,0.7860309856326679,0.3518557182717147,0.7482038757527484,-10.393335342407227,95.18179321289062,-162.87802124023438,-2.8963449001312256,-1.1552741527557373,26.76274871826172,-0.3688025795901986,0.02393394815302327,0.9291995605968741,0.08493010136330408,-0.9946190526740699,0.059328053567892905,0.9256195412641386,0.10079735206613451,0.3647853596930962,4.173738956451416,11.527352333068848,-1.9796618223190308
8.85,1.2320517507079078,0.7860309856326679,0.3518557182717147,0.7482038757527484,-10.422574043273926,95.17021179199219,-162.61021423339844,-2.9435062408447266,-1.1575403213500977,26.798484802246094,-0.4713575639262624,0.05558376482619277,0.8801888956452736,0.09506310355748729,-0.9889953744212974,0.11336293801457578,0.876803885296774,0.13710796643895132,0.46088648522977704,4.6079888343811035,11.088398933410645,-2.007188320159912
8.86,1.2320517507079078,0.7860309856326679,0.3518557182717147,0.7482038757527484,-10.452134132385254,95.15861511230469,-162.3420867919922,-2.966593027114868,-1.1595019102096558,26.823862075805664,-0.5669219261952911,0.08538615025180465,0.8193343242805085,0.09928284451315772,-0.9802811827354736,0.17085584438384688,0.8177667432614248,0.17820776672164823,0.5472655164503657,4.863644123077393,11.06079387664795,-2.0380706787109375
8.87,1.2320517507079078,0.7860309856326679,0.3518557182717147,0.7482038757527484,-10.481886863708496,95.14701843261719,-162.07383728027344,-2.982959747314453,-1.162095069885254,26.83002281188965,-0.6557523196568823,0.11184888996334373,0.7466449765977039,0.09710461668417554,-0.9682554915116645,0.23033019032711302,0.7487052749134584,0.22354223084570082,0.6240747409928478,5.098137855529785,11.084965705871582,-2.0706491470336914
8.88,0.1560581771836724,0.34667290184007576,3.5114061569589747,2.237642689588296,-10.5117769241333,95.1353759765625,-161.80560302734375,-2.994490146636963,-1.165588140487671,26.814922332763672,-0.736638757289859,0.13408442544494098,0.6628610021049304,0.0882470867252301,-0.9527101983393307,0.29078467921254586,0.6705041334272013,0.27269881707358673,0.6899706966413173,5.333428859710693,11.110587120056152,-2.1047112941741943
8.89,0.1560581771836724,0.34667290184007576,3.5114061569589747,2.237642689588296,-10.541790008544922,95.1236801147461,-161.5376434326172,-3.0102906227111816,-1.1747410297393799,26.768661499023438,-0.8074342568304536,0.15146852710454295,0.570181730848537,0.07303188573305024,-0.9333826953825151,0.3513731458531594,0.5854197336637431,0.3253521619065275,0.7425831308209343,5.650073528289795,10.699026107788086,-2.1355020999908447
8.9,0.1560581771836724,0.34667290184007576,3.5114061569589747,2.237642689588296,-10.571983337402344,95.11186218261719,-161.2703094482422,-3.0275373458862305,-1.1907628774642944,26.694242477416992,-0.8647131835771311,0.1639574779525703,0.4747515724790542,0.05358070177577944,-0.9097133636238006,0.41176535119104574,0.49939985837514733,0.38149645013774725,0.7778561820717116,6.030534744262695,9.878049850463867,-2.1621615886688232
8.91,0.6414563618245086,0.8930917578213136,1.4146075828319318,2.2526697359509216,-10.602319717407227,95.09986114501953,-161.00379943847656,-3.0387144088745117,-1.2105172872543335,26.605682373046875,-0.9087749795704108,0.17120216269621358,0.38054941334199843,0.03142349310715763,-0.8812954507807247,0.4715197689536932,0.41610167097446793,0.4404635602650224,0.7955194852993338,6.405680179595947,8.991945266723633,-2.187497615814209
8.92,0.6414563618245086,0.8930917578213136,1.4146075828319318,2.2526697359509216,-10.632732391357422,95.08765411376953,-160.73818969726562,-3.0419700145721436,-1.2311631441116333,26.51470184326172,-0.941463163955117,0.17267195908982075,0.2895367083112318,0.007348660436169718,-0.8481482368421684,0.5297080002523225,0.3370357668043763,0.5008282768430752,0.7972314149661825,6.597876071929932,8.307613372802734,-2.2155003547668457
8.93,0.6414563618245086,0.8930917578213136,1.4146075828319318,2.2526697359509216,-10.663141250610352,95.07523345947266,-160.47349548339844,-3.038827657699585,-1.2524131536483765,26.427001953125,-0.9650674580967916,0.16761185278010696,0.20137295779279127,-0.019029306404355184,-0.811405916266375,0.5841731973872936,0.2613095612876932,0.5599345549754403,0.786250982399443,6.6235575675964355,7.820612907409668,-2.245661973953247
8.94,0.6414563618245086,0.8930917578213136,1.4146075828319318,2.2526697359509216,-10.693495750427246,95.06259155273438,-160.2096405029297,-3.0314736366271973,-1.2760467529296875,26.344087600708008,-0.9808158206997165,0.15611797007560094,0.11673690626625102,-0.047373950177441136,-0.7717863424376302,0.6341147770485484,0.189092661702476,0.6164195170873638,0.7643761797989614,6.619440078735352,7.3593974113464355,-2.2747209072113037
8.95,3.258705716351257,1.1355057969823752,3.075912485504032,3.5018371350052617,-10.723758697509766,95.0497055053711,-159.9465789794922,-3.0206761360168457,-1.302271842956543,26.269386291503906,-0.989668561334692,0.1386029852549468,0.036679029214772695,-0.07702399007080714,-0.7297557219067017,0.6793554969954987,0.12092743137639758,0.6695116121643043,0.7328920503852263,6.604189872741699,6.900323867797852,-2.3021976947784424
8.96,3.258705716351257,1.1355057969823752,3.075912485504032,3.5018371350052617,-10.753900527954102,95.0364761352539,-159.68429565429688,-3.0070698261260986,-1.349891185760498,26.186735153198242,-0.9925771321974558,0.11554613296018294,-0.03794374515809295,-0.10730495998022958,-0.6852162360055524,0.7203918069203901,0.05723881726866747,0.7191159858272731,0.692528639642689,6.796639919281006,6.435396194458008,-2.3320512771606445
8.97,3.258705716351257,1.1355057969823752,3.075912485504032,3.5018371350052617,-10.783882141113281,95.02262878417969,-159.42286682128906,-2.98806095123291,-1.4191975593566895,26.10260772705078,-0.9904839438269382,0.08714789842348297,-0.10652136321604513,-0.13761847410036165,-0.6364035347140784,0.7589806957951661,-0.001646999490711759,0.7664175003245925,0.6423406437310973,7.181488990783691,5.958041191101074,-2.3648197650909424
8.98,3.258705716351257,1.1355057969823752,3.075912485504032,3.5018371350052617,-10.813644409179688,95.00808715820312,-159.16220092773438,-2.9635086059570312,-1.4955288171768188,26.036075592041016,-0.9843084356064649,0.05342220804151625,-0.1681754181856655,-0.1675017338197678,-0.5826323278276471,0.7952878345212565,-0.05549840323222076,0.8109781983864343,0.5824382276092183,7.584986686706543,5.4686970710754395,-2.397508382797241
8.99,1.7463158455073076,1.3749947294840237,0.16162764326491302,3.3991292774225124,-10.84313678741455,94.99271392822266,-158.90208435058594,-2.9343924522399902,-1.5766117572784424,25.991342544555664,-0.974942478800222,0.014516055131912384,-0.22198298847949238,-0.19652348181303791,-0.5237814335979892,0.8288736519603673,-0.10423859231090817,0.8517290026536862,0.5135095149182708,7.982394695281982,4.967441082000732,-2.429448127746582
9.0,1.7463158455073076,1.3749947294840237,0.16162764326491302,3.3991292774225124,-10.872335433959961,94.97659301757812,-158.64222717285156,-2.9065093994140625,-1.6449862718582153,25.979259490966797,-0.9631225079882447,-0.028961808084397647,-0.2674999967830215,-0.2245980153274118,-0.46090668038314764,0.8585573734405727,-0.14815790939879547,0.8869758991374399,0.4374048333431043,8.016013145446777,4.5787858963012695,-2.462270498275757
9.01,1.7463158455073076,1.3749947294840237,0.16162764326491302,3.3991292774225124,-10.901274681091309,94.9598617553711,-158.38235473632812,-2.881572723388672,-1.7004512548446655,25.995756149291992,-0.9490929677560141,-0.07527398432888119,-0.30586985114479137,-0.25259733372863213,-0.3982656285177361,0.8818044432494989,-0.18819438235310731,0.9141763048912546,0.35897709958450613,7.713986396789551,4.304895401000977,-2.4952569007873535
9.02,3.062027720549765,2.7203838876557587,2.250798846459724,0.2237793995598569,-10.929964065551758,94.94258117675781,-158.12222290039062,-2.8562941551208496,-1.7557343244552612,26.03006362915039,-0.9331429044675565,-0.1232014100766574,-0.33773618757393464,-0.28056759544032894,-0.3378182723567718,0.8984211925654458,-0.22478021316540428,0.9331131911065288,0.28066640046914443,7.361237525939941,4.052398681640625,-2.5266759395599365
9.03,3.062027720549765,2.7203838876557587,2.250798846459724,0.2237793995598569,-10.958388328552246,94.92472839355469,-157.8616943359375,-2.8276069164276123,-1.8188625574111938,26.076702117919922,-0.9152836484752155,-0.17236730666790245,-0.3640677882289939,-0.3090628430429465,-0.27913617845913785,0.9091551863820828,-0.25833312192614644,0.9446547017123674,0.20221644999507118,7.406045436859131,4.068130016326904,-2.546579360961914
9.04,3.062027720549765,2.7203838876557587,2.250798846459724,0.2237793995598569,-10.986504554748535,94.90618896484375,-157.60064697265625,-2.795335531234741,-1.8892189264297485,26.13429832458496,-0.8944855747554434,-0.22407060792868289,-0.3868952302844978,-0.34092583235701807,-0.21800434910752392,0.9144636026665464,-0.28924925822912406,0.9498770796438217,0.11861028699580063,7.8325371742248535,4.3198418617248535,-2.5581023693084717
9.05,3.062027720549765,2.7203838876557587,2.250798846459724,0.2237793995598569,-11.014288902282715,94.88692474365234,-157.33897399902344,-2.7614142894744873,-1.9609252214431763,26.20235824584961,-0.8703579501881497,-0.2787451409448932,-0.40592879294759765,-0.37691564101329356,-0.15336345803882087,0.9134627793719415,-0.3168779545879139,0.9480405034269296,0.02841770149384916,8.318517684936523,4.592903137207031,-2.5704565048217773
9.06,2.925035637201303,2.0433077693642296,3.674869087857707,2.0750032961566567,-11.041727066040039,94.86697387695312,-157.07659912109375,-2.72609806060791,-2.0324628353118896,26.278152465820312,-0.8428937289909263,-0.33626239396932034,-0.4200687610734611,-0.4168299263516707,-0.0856312043158461,0.9049420475064016,-0.340268973204187,0.9378672076842431,-0.06798622378930082,8.818987846374512,4.857017517089844,-2.585017204284668
9.07,2.925035637201303,2.0433077693642296,3.674869087857707,2.0750032961566567,-11.0687894821167,94.84626007080078,-156.81341552734375,-2.6845285892486572,-2.1131176948547363,26.359230041503906,-0.8126527939316042,-0.39625930842386886,-0.4272867854294055,-0.459365083187737,-0.015580040719313423,0.888110906744821,-0.3585793592262125,0.9180064394211087,-0.16936652655792742,9.334389686584473,4.8213677406311035,-2.6035449504852295
9.08,2.925035637201303,2.0433077693642296,3.674869087857707,2.0750032961566567,-11.095401763916016,94.8246841430664,-156.54940795898438,-2.637181043624878,-2.2006723880767822,26.442777633666992,-0.7815697469656593,-0.45800546567912254,-0.4235324356363813,-0.5008434977287655,0.055954785789646994,0.8637273022951462,-0.37189315859645955,0.8871865955678573,-0.27312162718075594,9.853877067565918,4.5049262046813965,-2.6241438388824463
9.09,0.7350753569206586,1.396688446088913,3.6208964133684955,1.3476479616932615,-11.12153148651123,94.80224609375,-156.2845916748047,-2.588648796081543,-2.2854645252227783,26.523197174072266,-0.7506759399485856,-0.5202840675417352,-0.4071733319417354,-0.5399546193956636,0.12801152726266896,0.8319026733225245,-0.3807028265925952,0.8443444427187912,-0.37702495921928336,10.366555213928223,4.136343955993652,-2.6444194316864014
9.1,0.7350753569206586,1.396688446088913,3.6208964133684955,1.3476479616932615,-11.147200584411621,94.77903747558594,-156.01902770996094,-2.547070026397705,-2.3512535095214844,26.587934494018555,-0.7207178608725271,-0.5814776714991792,-0.3774248038579627,-0.5759827950222451,0.1993251324192395,0.792788314384373,-0.38575845403269043,0.7887668915046737,-0.47857831752845154,10.801634788513184,3.6043779850006104,-2.659163475036621
9.11,0.7350753569206586,1.396688446088913,3.6208964133684955,1.3476479616932615,-11.172494888305664,94.7552719116211,-155.75291442871094,-2.5121395587921143,-2.3989040851593018,26.630247116088867,-0.6927625095293973,-0.6394509754170437,-0.3334404825883068,-0.6074429246355146,0.26818761470038077,0.747722205522594,-0.3887070859925042,0.7205399734640066,-0.5742202956529004,11.15824031829834,2.9267561435699463,-2.667107105255127
9.12,0.7350753569206586,1.396688446088913,3.6208964133684955,1.3476479616932615,-11.19744873046875,94.73108673095703,-155.48648071289062,-2.4790492057800293,-2.4390928745269775,26.651865005493164,-0.6670724982586049,-0.692187915119655,-0.27548170942791944,-0.6341309016535,0.33347966472407714,0.6976168810913598,-0.3910144263772664,0.6400525004855636,-0.6613928597944152,11.488216400146484,2.220860004425049,-2.6709344387054443
9.13,3.105813822672379,2.1876441577966177,1.9903907107706633,0.39776904711002564,-11.222081184387207,94.7065200805664,-155.21990966796875,-2.4479851722717285,-2.472853183746338,26.652063369750977,-0.6434249849012088,-0.7377290363872502,-0.20435302218469564,-0.656390600408608,0.394326180454463,0.6431626878974102,-0.39389804328037303,0.5479623456765379,-0.737957721838155,11.798453330993652,1.5037877559661865,-2.6707403659820557
9.14,3.105813822672379,2.1876441577966177,1.9903907107706633,0.39776904711002564,-11.246414184570312,94.68164825439453,-154.95346069335938,-2.4194178581237793,-2.501804828643799,26.63326644897461,-0.6211023120278074,-0.7742021319650991,-0.1218317563462295,-0.6755315495113021,0.4500337404198498,0.5840605774220496,-0.3973525432265043,0.4450625701453831,-0.8025149625066281,12.162626266479492,1.1798534393310547,-2.67144775390625
9.15,3.105813822672379,2.1876441577966177,1.9903907107706633,0.39776904711002564,-11.270482063293457,94.65650939941406,-154.68728637695312,-2.3947105407714844,-2.5253806114196777,26.597299575805664,-0.599116869193153,-0.8000390018778967,-0.031568536906442346,-0.6948051489213649,0.4999095137732952,0.5170457262866676,-0.3978753348481837,0.33170479874907843,-0.8553754406144001,12.588994026184082,1.2183189392089844,-2.6758460998535156
9.16,3.105813822672379,2.1876441577966177,1.9903907107706633,0.39776904711002564,-11.294325828552246,94.63116455078125,-154.4215545654297,-2.375218391418457,-2.5419018268585205,26.545625686645508,-0.5776829315502522,-0.8137075766974963,0.06451674372281002,-0.7148125571998333,0.5424655540822511,0.44133222259843113,-0.3941134845002662,0.20883271357554206,-0.8950214852592836,13.02612590789795,1.296576738357544,-2.6815245151519775
9.17,3.700761868802441,2.9356790597461395,3.652352408491769,0.148618848096867,-11.318004608154297,94.60569763183594,-154.15640258789062,-2.36185884475708,-2.5511040687561035,26.48262596130371,-0.5573368526894674,-0.8137476940853341,0.16489488471447722,-0.7351796354721896,0.5759606262013367,0.35746364941451464,-0.38585818148793705,0.07800030407995867,-0.9192548157840984,13.466588020324707,1.3695257902145386,-2.6881120204925537
9.18,3.700761868802441,2.9356790597461395,3.652352408491769,0.148618848096867,-11.341593742370605,94.58015441894531,-153.8918914794922,-2.3582427501678467,-2.5571725368499756,26.426143646240234,-0.5386417151758716,-0.7987312183523395,0.2681297139479003,-0.7553758160940162,0.598774669039364,0.2662259795307348,-0.3731922817164022,-0.059138283253638874,-0.9258672606378942,14.045748710632324,1.425088882446289,-2.6914970874786377
9.19,3.700761868802441,2.9356790597461395,3.652352408491769,0.148618848096867,-11.365209579467773,94.55459594726562,-153.62786865234375,-2.3672034740448,-2.5580954551696777,26.382009506225586,-0.5221638535682446,-0.7667781946200203,0.3733578849870763,-0.7748061282531609,0.6094554357628706,0.16804623006909702,-0.3563991773953851,-0.20153231024913,-0.9123400431185408,14.753149032592773,1.4587230682373047,-2.691967010498047
9.2,3.3489562595426174,2.8026572912364616,0.5761267029900793,0.41933130667260465,-11.388975143432617,94.52904510498047,-153.36422729492188,-2.3880808353424072,-2.5503036975860596,26.347707748413086,-0.5084085823273298,-0.7162036827558333,0.4780930853117383,-0.7929110594277655,0.6059143939291433,0.06449650429765963,-0.3358761159312373,-0.3462947184645777,-0.8759378988892338,15.478836059570312,1.47269868850708,-2.69266414642334
9.21,3.3489562595426174,2.8026572912364616,0.5761267029900793,0.41933130667260465,-11.412982940673828,94.50362396240234,-153.1009063720703,-2.413050651550293,-2.533665657043457,26.315786361694336,-0.4980890032267875,-0.6464445640466971,0.5779418400488248,-0.8091735217042877,0.5860792080633361,-0.04182551432479617,-0.3116818195487608,-0.48848806279204904,-0.8150054330324707,15.931068420410156,1.6315152645111084,-2.7003509998321533
9.22,3.3489562595426174,2.8026572912364616,0.5761267029900793,0.41933130667260465,-11.437243461608887,94.4783935546875,-152.83787536621094,-2.440276861190796,-2.5114870071411133,26.294445037841797,-0.49282604128012114,-0.5598892535093852,0.6660679521196525,-0.8228637482443896,0.5487414712766847,-0.1475738781976444,-0.28287407951482235,-0.6208114218551417,-0.7311466567200038,16.13271141052246,1.9313656091690063,-2.716026544570923
9.23,3.3489562595426174,2.8026572912364616,0.5761267029900793,0.41933130667260465,-11.461812973022461,94.45340728759766,-152.57496643066406,-2.4750375747680664,-2.485368013381958,26.298046112060547,-0.49362530564775814,-0.45915861935290103,0.7385847411760516,-0.8329272027959168,0.49386777918597385,-0.2496535429840401,-0.25013262975215195,-0.7384226289570573,-0.6262313379075028,16.30722999572754,2.2445051670074463,-2.7353196144104004
9.24,0.5846745469675708,3.0957676024362417,2.811798330319798,0.8114783487539904,-11.48676872253418,94.42870330810547,-152.3118438720703,-2.5173685550689697,-2.4557127952575684,26.328256607055664,-0.5009586729745747,-0.3469800344588534,0.7928715303619406,-0.8383657977560786,0.42202963879498545,-0.3450127144488846,-0.21490276202126057,-0.8375534846596404,-0.5023156012012034,16.485715866088867,2.552475690841675,-2.757620096206665
9.25,0.5846745469675708,3.0957676024362417,2.811798330319798,0.8114783487539904,-11.51218318939209,94.40430450439453,-152.0482940673828,-2.5666120052337646,-2.422517776489258,26.382482528686523,-0.5139801578606792,-0.22670143146895305,0.8273033653354971,-0.8388321652091371,0.3345369442944689,-0.42947133957072176,-0.1794017723882964,-0.9147084201383777,-0.36210980405381316,16.575063705444336,2.4963865280151367,-2.772312879562378
9.26,0.5846745469675708,3.0957676024362417,2.811798330319798,0.8114783487539904,-11.538118362426758,94.3802719116211,-151.7841339111328,-2.6209685802459717,-2.3860366344451904,26.454017639160156,-0.5287269600495829,-0.10250797479656393,0.8425793237552379,-0.8360417030858254,0.234308799462885,-0.49611859186651575,-0.14656763769017972,-0.9667427277188946,-0.20958632108167666,16.56989860534668,2.1064281463623047,-2.775906801223755
9.27,0.9787088810290295,2.079498098984436,0.4629468864140836,1.778944779692814,-11.564611434936523,94.35662078857422,-151.51919555664062,-2.677842617034912,-2.346949338912964,26.53301239013672,-0.5435331888657459,0.02208415293243332,0.839097111656744,-0.8312205161856427,0.12494937004942475,-0.5417195846527295,-0.11680807366576712,-0.991917307598526,-0.04955732854971007,16.541223526000977,1.6707706451416016,-2.77457332611084
9.28,0.9787088810290295,2.079498098984436,0.4629468864140836,1.778944779692814,-11.591649055480957,94.33334350585938,-151.2534637451172,-2.726982355117798,-2.3109965324401855,26.608192443847656,-0.5580354947813558,0.14346627669060313,0.8173211205007873,-0.824959039400301,0.010507805209019866,-0.5650948321666212,-0.08966030267548653,-0.989599420716395,0.1124900735261363,16.35113525390625,1.2842392921447754,-2.778533697128296
9.29,0.9787088810290295,2.079498098984436,0.4629468864140836,1.778944779692814,-11.619121551513672,94.31039428710938,-150.987060546875,-2.7668910026550293,-2.2785472869873047,26.670001983642578,-0.5725672133666146,0.2571147243671157,0.7784977872102219,-0.8173120285020896,-0.1042332236104627,-0.5666890533278113,-0.06455876581370851,-0.9607431777584443,0.2698234833131048,16.0135498046875,0.9525825381278992,-2.787785053253174
9.3,0.9787088810290295,2.079498098984436,0.4629468864140836,1.778944779692814,-11.646968841552734,94.28777313232422,-150.72015380859375,-2.801884174346924,-2.245718479156494,26.708127975463867,-0.5871975891222856,0.36013079787834806,0.7249170985350534,-0.8083984565208016,-0.2154171872779125,-0.5478023100718532,-0.041120880629692214,-0.9076900593510857,0.4176216341755554,15.648058891296387,0.6359654068946838,-2.7952864170074463
9.31,3.365676268925272,0.18273952761574389,1.5621634024136497,2.486341813896247,-11.675139427185059,94.2654800415039,-150.45298767089844,-2.8311309814453125,-2.2122445106506348,26.714109420776367,-0.601927243313984,0.4506534882598069,0.6592382173961825,-0.7983242336001425,-0.3199248892280988,-0.5102219941350374,-0.01902660776842635,-0.8334023630705982,0.5523391072748423,15.271466255187988,0.3294616937637329,-2.8002262115478516
9.32,3.365676268925272,0.18273952761574389,1.5621634024136497,2.486341813896247,-11.703593254089355,94.24354553222656,-150.1859893798828,-2.860224962234497,-2.1733334064483643,26.676340103149414,-0.6166298857554419,0.5281656038287246,0.5837882141029138,-0.7872500894299754,-0.41577433071362024,-0.4553778679428073,0.0022092274048885474,-0.7403869264458145,0.6721772968959854,15.249199867248535,-0.06242140382528305,-2.8100621700286865
9.33,3.365676268925272,0.18273952761574389,1.5621634024136497,2.486341813896247,-11.732335090637207,94.2220230102539,-149.9196014404297,-2.8864352703094482,-2.1312255859375,26.59141731262207,-0.630863416944935,0.5940347158737622,0.49913335442278334,-0.775530028337905,-0.5024703391204755,-0.3821998606100777,0.023759720258657302,-0.6282088145202461,0.7776819150863015,15.552462577819824,-0.5465951561927795,-2.8233437538146973
9.34,0.8558680988491422,1.857356312390592,0.49507385582244273,3.1739430350795135,-11.761292457580566,94.20092010498047,-149.65428161621094,-2.9032633304595947,-2.0918519496917725,26.465295791625977,-0.6448688397085324,0.6472425022630247,0.4064742585173995,-0.7628871621310446,-0.5773483334723793,-0.29098467260718003,0.046339588135983406,-0.49774094175681877,0.8660869456760231,15.888800621032715,-1.0534920692443848,-2.833421230316162
9.35,0.8558680988491422,1.857356312390592,0.49507385582244273,3.1739430350795135,-11.790359497070312,94.18017578125,-149.390380859375,-2.907787799835205,-2.058791160583496,26.309167861938477,-0.6591163377131213,0.685660145454847,0.30892688179321837,-0.7487415881095514,-0.6367382362212295,-0.18425648636904254,0.07036822858954142,-0.3527528645790369,0.9330668405513369,15.7549409866333,-1.6005123853683472,-2.834409713745117
9.36,0.8558680988491422,1.857356312390592,0.49507385582244273,3.1739430350795135,-11.819414138793945,94.15971374511719,-149.12815856933594,-2.90166974067688,-2.0325887203216553,26.13294792175293,-0.6740027796878018,0.707207953424492,0.21348808769169883,-0.7324303518248284,-0.6773997399153929,-0.06837669258099928,0.09626023425524724,-0.2024512360438926,0.9745498778027861,15.177253723144531,-2.165804147720337,-2.826672077178955
9.37,0.8558680988491422,1.857356312390592,0.49507385582244273,3.1739430350795135,-11.848368644714355,94.13949584960938,-148.86776733398438,-2.8882601261138916,-2.013089179992676,25.944934844970703,-0.6899974667848926,0.713025030850138,0.12449418143668578,-0.7131249360603931,-0.6991258944387745,0.05172822531310672,0.12392062539904683,-0.05308756074960574,0.9908710256609413,14.524861335754395,-2.7165517807006836,-2.814516544342041
9.38,2.8453634909751786,1.6738616884552207,2.6690137658741095,3.8552550332332607,-11.87716007232666,94.11943054199219,-148.60926818847656,-2.8694558143615723,-2.0011281967163086,25.756816864013672,-0.7074707815672869,0.7053356096459408,0.04457320937470223,-0.6900076581206517,-0.702986925478392,0.17233343941699614,0.15288729497059533,0.09116501725896121,0.98402968180068,13.849827766418457,-3.247561454772949,-2.7990381717681885
9.39,2.8453634909751786,1.6738616884552207,2.6690137658741095,3.8552550332332607,-11.905746459960938,94.09944152832031,-148.35267639160156,-2.847228527069092,-2.0023176670074463,25.558244705200195,-0.726631092259404,0.6865767114685034,-0.024893272806138594,-0.6622874866395366,-0.6903687259771537,0.2911465391059409,0.18270889634221735,0.228042630799105,0.9563545460422258,13.444503784179688,-3.833414316177368,-2.781885862350464
9.4,2.8453634909751786,1.6738616884552207,2.6690137658741095,3.8552550332332607,-11.934089660644531,94.07933044433594,-148.0980987548828,-2.8208062648773193,-2.0209462642669678,25.36151695251465,-0.7476331182417467,0.6587485919936338,-0.08423190045658144,-0.6289070682961546,-0.6615356497293675,0.4084684609419428,0.2133556185228274,0.35835858673059395,0.908877606370183,13.287662506103516,-4.478184223175049,-2.762022018432617
9.41,2.8453634909751786,1.6738616884552207,2.6690137658741095,3.8552550332332607,-11.962149620056152,94.0589599609375,-147.84535217285156,-2.7910497188568115,-2.054579257965088,25.19227409362793,-0.7705599390533507,0.6234214840365144,-0.13260103154880207,-0.5888602055040566,-0.6167307485439487,0.5223857216407634,0.2438873483799778,0.4806129805177247,0.8423361112157381,13.15096664428711,-5.125749111175537,-2.7380940914154053
9.42,2.833835744136724,1.8591701926060298,0.7566203688358154,1.1133512470496691,-11.989903450012207,94.03817749023438,-147.59410095214844,-2.759683847427368,-2.1024398803710938,25.05893325805664,-0.7952825655143305,0.5822508010066852,-0.16884799588984672,-0.5413600773487851,-0.5567130390054822,0.6300792480745557,0.2728642659672784,0.5924986050011879,0.7579515125849307,13.00322151184082,-5.767483711242676,-2.7100656032562256
9.43,2.833835744136724,1.8591701926060298,0.7566203688358154,1.1133512470496691,-12.017356872558594,94.01690673828125,-147.34396362304688,-2.7320313453674316,-2.1496353149414062,24.980243682861328,-0.8212282468851223,0.5369568271207664,-0.1930324644363952,-0.48669023504064496,-0.48257109884789406,0.7281879906128761,0.2978536245105481,0.6919555624208362,0.6576326619023677,12.892706871032715,-6.063669681549072,-2.6767184734344482
9.44,2.833835744136724,1.8591701926060298,0.7566203688358154,1.1133512470496691,-12.044562339782715,93.99519348144531,-147.09434509277344,-2.7095389366149902,-2.1928579807281494,24.9519100189209,-0.8470772133870036,0.48888042540806453,-0.20846132546191617,-0.42822925020806113,-0.39552752096150445,0.8125131933872143,0.3147696043565053,0.7775306487945519,0.5443952482878341,12.827289581298828,-6.039143085479736,-2.641052007675171
9.45,0.5738556580204338,2.626882252472781,0.9470835922510287,1.186130397417003,-12.071555137634277,93.97303009033203,-146.8448486328125,-2.6895458698272705,-2.241300582885742,24.958202362060547,-0.8720391352664272,0.4390704849072015,-0.21625183432086054,-0.3682030679446123,-0.29743361261155465,0.8808857740053558,0.32245037962445816,0.8477914574777187,0.42104084992770985,12.771721839904785,-5.965005874633789,-2.605684995651245
9.46,0.5738556580204338,2.626882252472781,0.9470835922510287,1.186130397417003,-12.09836196899414,93.95037078857422,-146.5950927734375,-2.6727349758148193,-2.2899768352508545,24.994890213012695,-0.8956790107473686,0.3887292319986758,-0.2159830870608515,-0.30772139579542557,-0.19115272759194504,0.932077345129617,0.32103995433019034,0.9013047314442989,0.29083178780833085,12.493882179260254,-6.000270843505859,-2.5648140907287598
9.47,0.5738556580204338,2.626882252472781,0.9470835922510287,1.186130397417003,-12.125018119812012,93.92723846435547,-146.34486389160156,-2.6587064266204834,-2.3374321460723877,25.053909301757812,-0.917771595285046,0.33973447583793404,-0.20561076045544607,-0.2466014013274699,-0.08174938218370321,0.9656628745975024,0.3112604178999809,0.9369618585832125,0.15880625872119214,12.00599193572998,-6.133415699005127,-2.5188732147216797
9.48,0.5738556580204338,2.626882252472781,0.9470835922510287,1.186130397417003,-12.151540756225586,93.90361785888672,-146.09397888183594,-2.6461544036865234,-2.3861539363861084,25.125621795654297,-0.9378327155414057,0.29351268558314175,-0.18525685159260552,-0.18544934580156108,0.027433010366835278,0.9822708231867554,0.29339110041377514,0.9555614754394324,0.02870416091804824,11.488375663757324,-6.264331817626953,-2.4729244709014893
9.49,0.3713356853155481,0.4953047867811456,2.5877215519312187,1.2718710348382314,-12.17794418334961,93.87950897216797,-145.8423614501953,-2.634645700454712,-2.435178518295288,25.202190399169922,-0.9553264409460166,0.25106890269640003,-0.1559352344027549,-0.12521448226627674,0.13409712792641834,0.9830255814131562,0.26771762112383407,0.9586356796931309,-0.09666906929873612,10.966582298278809,-6.379579544067383,-2.4278359413146973
9.5,0.3713356853155481,0.4953047867811456,2.5877215519312187,1.2718710348382314,-12.20423698425293,93.85491943359375,-145.58998107910156,-2.6243062019348145,-2.480334997177124,25.27610206604004,-0.9698823792126715,0.21301953655362899,-0.11811370597540773,-0.06590948904589196,0.23730649993236164,0.9691963497370188,0.23448690740951272,0.9477912756173321,-0.21611938394598817,10.713645935058594,-6.764124393463135,-2.383862018585205
9.51,0.3713356853155481,0.4953047867811456,2.5877215519312187,1.2718710348382314,-12.230429649353027,93.82991027832031,-145.33688354492188,-2.6147711277008057,-2.520564317703247,25.340599060058594,-0.9812059237296619,0.17981674697907918,-0.07000623360589597,-0.005035661007320752,0.3388101275020906,0.9408412935348006,0.19289784176097152,0.9235115781666624,-0.33153700794342744,10.702872276306152,-7.405717849731445,-2.3378689289093018
9.52,3.25232707404007,2.2379993082374185,1.921015911338094,3.39220763553871,-12.25653076171875,93.80451202392578,-145.0832061767578,-2.6056227684020996,-2.556875705718994,25.390378952026367,-0.9882251656160059,0.15257580062342443,-0.011473757333086906,0.057202816570819694,0.43796699993918975,0.8971692954736196,0.14191145062884347,0.8859489443689105,-0.4415377765854589,10.715298652648926,-8.079079627990723,-2.2881901264190674
9.53,3.25232707404007,2.2379993082374185,1.921015911338094,3.39220763553871,-12.282544136047363,93.77870178222656,-144.82908630371094,-2.597438335418701,-2.613218069076538,25.43515396118164,-0.9896082725075286,0.1324755227703482,0.055907985577981135,0.11865286414262045,0.5327238838427333,0.8379300456567162,0.08122170162842957,0.8358561475817694,-0.5429065626186014,10.594305038452148,-8.529586791992188,-2.2428581714630127
9.54,3.25232707404007,2.2379993082374185,1.921015911338094,3.39220763553871,-12.30849552154541,93.75220489501953,-144.5745391845703,-2.5935747623443604,-2.6837315559387207,25.47584342956543,-0.9844462724844136,0.12011912797669272,0.12820659766822617,0.1752506075012661,0.620074741517779,0.7647186015143719,0.012359658651463067,0.775292660887344,-0.6314812180993516,10.351078033447266,-8.765880584716797,-2.2037136554718018
9.55,3.25232707404007,2.2379993082374185,1.921015911338094,3.39220763553871,-12.334433555603027,93.72504425048828,-144.31964111328125,-2.5950584411621094,-2.746244192123413,25.50204849243164,-0.9723224159678825,0.1156299089615869,0.20302424377377878,0.2249272992312689,0.6983766498620829,0.6794687373146322,-0.06322048296957913,0.7063283790709167,-0.7050555945825436,10.090059280395508,-8.964237213134766,-2.1655564308166504
9.56,1.4933056048844884,1.7245829688282543,1.8186353678941258,1.8659434958476513,-12.360413551330566,93.69732666015625,-144.06454467773438,-2.602246046066284,-2.7971177101135254,25.51361083984375,-0.9529998114338385,0.11891843064667629,0.2786570764570673,0.2664666032591232,0.7666767838313175,0.5841252078806495,-0.14417665814761157,0.6309240176016432,-0.762330620701273,9.826085090637207,-9.149373054504395,-2.127753257751465
9.57,1.4933056048844884,1.7245829688282543,1.8186353678941258,1.8659434958476513,-12.38647747039795,93.66919708251953,-143.8094482421875,-2.6098623275756836,-2.8257577419281006,25.499292373657227,-0.9263296763012921,0.1297595432824964,0.3536605600440357,0.29898548703373085,0.8243631248026099,0.48065904444718305,-0.22917462631527474,0.5509881118434355,-0.802428246798715,9.575151443481445,-9.369866371154785,-2.0849978923797607
9.58,1.4933056048844884,1.7245829688282543,1.8186353678941258,1.8659434958476513,-12.41260814666748,93.64087677001953,-143.55462646484375,-2.6166467666625977,-2.836047649383545,25.46397590637207,-0.8920791157242111,0.14791445488977428,0.4269849708401576,0.3219439230349482,0.8711003977442778,0.3708587432845935,-0.31709140907564276,0.4683005563571558,-0.8247106324075139,9.336321830749512,-9.622904777526855,-2.0373764038085938
9.59,1.1245551569075416,2.9400962127541197,2.919402056200267,0.681335303878258,-12.438821792602539,93.61249542236328,-143.30018615722656,-2.6270623207092285,-2.8372907638549805,25.42473602294922,-0.8502033472688333,0.17297272628481036,0.4972270148075943,0.3346249553975897,0.9066992512522825,0.2567539814758702,-0.40642392586809234,0.38467766212785276,-0.8287597291988897,9.098753929138184,-9.87256908416748,-1.989043951034546
9.6,1.1245551569075416,2.9400962127541197,2.919402056200267,0.681335303878258,-12.465168952941895,93.58413696289062,-143.04611206054688,-2.6441633701324463,-2.83184814453125,25.392141342163086,-0.8009878581560197,0.20448112808162516,0.5626774558706777,0.33637406704492107,0.9311985813967754,0.1404339311715382,-0.49524836002382827,0.3017559780072292,-0.8146609059176766,8.916447639465332,-10.048956871032715,-1.9331072568893433
9.61,1.1245551569075416,2.9400962127541197,2.919402056200267,0.681335303878258,-12.491726875305176,93.55587005615234,-142.79229736328125,-2.668574571609497,-2.819767951965332,25.371461868286133,-0.7453402321411597,0.24220358798860397,0.6211323211017189,0.3267975879715058,0.9447962765208364,0.023734623830369242,-0.5810948931523733,0.2206749143826951,-0.7833462244208638,8.788185119628906,-10.156754493713379,-1.870279312133789
9.62,1.1245551569075416,2.9400962127541197,2.919402056200267,0.681335303878258,-12.518561363220215,93.52776336669922,-142.5386505126953,-2.6989331245422363,-2.800945520401001,25.364601135253906,-0.6841733284361264,0.28551457027362925,0.6711097427530736,0.3059059504288214,0.9476725826417725,-0.09131388504116898,-0.6620637477984058,0.14282193903787044,-0.7357129111145129,8.671435356140137,-10.248446464538574,-1.8066679239273071
9.63,3.0529425686999,1.3263335101729246,0.3605842123079718,0.8241486824304958,-12.545726776123047,93.4998779296875,-142.2849884033203,-2.734825849533081,-2.7759816646575928,25.37425422668457,-0.6184283121578189,0.3335743344524282,0.711529750689492,0.2739641724873649,0.9401498050461505,-0.20263754900066822,-0.7365392419382313,0.06961686193950718,-0.6728026736114765,8.560465812683105,-10.331560134887695,-1.7431401014328003
9.64,3.0529425686999,1.3263335101729246,0.3605842123079718,0.8241486824304958,-12.57325267791748,93.47225952148438,-142.03114318847656,-2.7686538696289062,-2.747971534729004,25.3956298828125,-0.5496348433430688,0.38558382650066864,0.7410982739990308,0.23159714802568326,0.9226702111352224,-0.3082895433031325,-0.8026607627196001,0.002189571827208442,-0.596431811497009,8.520672798156738,-10.216588973999023,-1.6921889781951904
9.65,3.0529425686999,1.3263335101729246,0.3605842123079718,0.8241486824304958,-12.601093292236328,93.44491577148438,-141.77703857421875,-2.799832582473755,-2.7188971042633057,25.43031120300293,-0.4809422181449666,0.4410085977925814,0.7577638151025825,0.18032274624132483,0.8955625172277694,-0.40675728011265916,-0.8580083274617947,-0.05898469640239462,-0.5102377049930072,8.54975414276123,-9.920186042785645,-1.6535941362380981
9.66,3.0529425686999,1.3263335101729246,0.3605842123079718,0.8241486824304958,-12.629256248474121,93.41788482666016,-141.52249145507812,-2.833141803741455,-2.687523603439331,25.481918334960938,-0.4144001695245587,0.49888354406795127,0.7611752156739063,0.12181857727710849,0.8592489024066245,-0.49684158234108433,-0.9019050580455786,-0.11316595411700384,-0.4168461743864156,8.595952033996582,-9.59662914276123,-1.6177908182144165
9.67,3.9837016479659115,2.5927235618875923,4.127292857995639,0.04930765086470715,-12.657763481140137,93.39117431640625,-141.26734924316406,-2.8684182167053223,-2.653658628463745,25.548006057739258,-0.3514036597556111,0.5580778383176923,0.7517077851725457,0.05768728736535722,0.8142956636865037,-0.5775766174091388,-0.934445099931927,-0.159598554128813,-0.3183404729738319,8.65178108215332,-9.267563819885254,-1.5834319591522217
9.68,3.9837016479659115,2.5927235618875923,4.127292857995639,0.04930765086470715,-12.686689376831055,93.36486053466797,-141.01145935058594,-2.922762632369995,-2.602423667907715,25.631135940551758,-0.29294030339260996,0.6182540734958697,0.7293475709522921,-0.010623694388039617,0.7606597808321918,-0.6490638142292876,-0.9560717105770857,-0.19788531635794837,-0.2162597646445577,9.043434143066406,-8.992990493774414,-1.5402483940124512
9.69,3.9837016479659115,2.5927235618875923,4.127292857995639,0.04930765086470715,-12.716262817382812,93.33918762207031,-140.75469970703125,-2.9925408363342285,-2.5321035385131836,25.721939086914062,-0.23952578146973225,0.6810381645144125,0.6919641742793873,-0.08221502554142002,0.6959235681939464,-0.7133940543678714,-0.967402754589079,-0.22776612063045257,-0.11070006642462532,9.747282028198242,-8.774428367614746,-1.4866091012954712
9.7,1.833806835841112,1.4146369326352464,0.022079283627825665,1.3566432240728945,-12.746533393859863,93.31427764892578,-140.49703979492188,-3.060863733291626,-2.453936815261841,25.808534622192383,-0.19211782067815347,0.7453353719808445,0.638408902077699,-0.15617475287437044,0.6190167454805164,-0.7696932605780947,-0.9688654135340503,-0.24757514432770844,-0.0025215805773647904,10.501201629638672,-8.568441390991211,-1.4294147491455078
9.71,1.833806835841112,1.4146369326352464,0.022079283627825665,1.3566432240728945,-12.777400970458984,93.29007720947266,-140.23855590820312,-3.105933427810669,-2.3927695751190186,25.88584327697754,-0.1516973437171555,0.8077620947800472,0.5696563123021716,-0.23153792835100845,0.5312509694456736,-0.8149617139460941,-0.9609256493840106,-0.2555245696593227,0.10643820111377056,10.771148681640625,-8.403581619262695,-1.3789927959442139
9.72,1.833806835841112,1.4146369326352464,0.022079283627825665,1.3566432240728945,-12.808588027954102,93.26637268066406,-139.97933959960938,-3.130053758621216,-2.3498289585113525,25.952789306640625,-0.1187595863352503,0.8627292563231661,0.4915225233268128,-0.3074027337612723,0.4387584165827835,-0.8443900823398302,-0.9441396718333452,-0.25137478426016713,0.21309856383508982,10.585840225219727,-8.268571853637695,-1.3374589681625366
9.73,1.833806835841112,1.4146369326352464,0.022079283627825665,1.3566432240728945,-12.839978218078613,93.24308013916016,-139.71954345703125,-3.1470956802368164,-2.307846784591675,26.004247665405273,-0.09353842815832619,0.9084344510832214,0.4074277979505037,-0.38244786027152783,0.34504091312870316,-0.8571349966259931,-0.9192302196030111,-0.23599494984519814,0.31515422734934534,10.341618537902832,-8.131278038024902,-1.29877507686615
9.74,3.554152427381526,2.019823417257741,3.4399458650407153,3.489568618128357,-12.871508598327637,93.22021484375,-139.45932006835938,-3.158097267150879,-2.264592170715332,26.035350799560547,-0.07608458132750079,0.9445348074492655,0.31947634341371467,-0.45533029118595925,0.25213395858619003,-0.8538751623370755,-0.8870656471833009,-0.2104339907059603,0.4108918022336723,10.093536376953125,-7.987633228302002,-1.262080192565918
9.75,3.554152427381526,2.019823417257741,3.4399458650407153,3.489568618128357,-12.903154373168945,93.1978988647461,-139.19898986816406,-3.1729538440704346,-2.1888935565948486,26.026105880737305,-0.06609219971692598,0.9711973163826646,0.22892704905206823,-0.5254819431171065,0.1611576892742697,-0.8354022543934434,-0.8482337818045491,-0.17551060320928769,0.4996953867774487,10.035019874572754,-8.064154624938965,-1.2263315916061401
9.76,3.554152427381526,2.019823417257741,3.4399458650407153,3.489568618128357,-12.934954643249512,93.17652130126953,-138.93896484375,-3.1849827766418457,-2.0851492881774902,25.970661163330078,-0.06300792035907221,0.9888091829199808,0.13522722264819587,-0.5940971791058314,0.07171242968820257,-0.8011902827710207,-0.801921781566331,-0.13081944504290838,0.5829302951881528,10.150425910949707,-8.347620964050293,-1.1890097856521606
9.77,0.4155073046636176,3.4547374278296963,3.0820462022495945,1.158840167437326,-12.966811180114746,93.15619659423828,-138.6796875,-3.183727979660034,-1.9807409048080444,25.880064010620117,-0.06722786639601819,0.9969688707533046,0.039159733511862194,-0.6605026959260363,-0.015053671827210291,-0.7506727486987637,-0.7478078647983569,-0.07633123681298226,0.6595126531252626,10.28952693939209,-8.657926559448242,-1.1494550704956055
9.78,0.4155073046636176,3.4547374278296963,3.0820462022495945,1.158840167437326,-12.998580932617188,93.1368408203125,-138.4214324951172,-3.1680850982666016,-1.8961114883422852,25.771337509155273,-0.07925994718403068,0.9952190804986217,-0.057068753130434746,-0.7230292203188248,-0.09680516550615054,-0.6840011012392299,-0.6862554971273724,-0.012951515077574416,0.727245248124495,10.229817390441895,-8.899628639221191,-1.095119833946228
9.79,0.4155073046636176,3.4547374278296963,3.0820462022495945,1.158840167437326,-13.030137062072754,93.11822509765625,-138.16432189941406,-3.1415393352508545,-1.8302319049835205,25.648534774780273,-0.09910396734558174,0.9838204086512742,-0.14925081968821874,-0.7795230125238625,-0.16998261052105795,-0.6028679665284662,-0.6184838531458096,0.056597841316481656,0.7837565998166947,9.985625267028809,-9.069727897644043,-1.0286003351211548
9.8,0.4155073046636176,3.4547374278296963,3.0820462022495945,1.158840167437326,-13.061382293701172,93.1002197265625,-137.9085235595703,-3.1058707237243652,-1.7719364166259766,25.505355834960938,-0.12643717698347007,0.9637355524679931,-0.2350051599128468,-0.8284542363407017,-0.23289022880463844,-0.5093385118135757,-0.5455980375382554,0.1302916967290516,0.8278567842313483,9.719751358032227,-9.221781730651855,-0.9608181118965149
9.81,2.638720072010158,0.6315336472509222,2.9861093444174176,0.22539383112673717,-13.092228889465332,93.08277130126953,-137.65423583984375,-3.062178373336792,-1.720900535583496,25.34591293334961,-0.16078224136916813,0.9360990998283454,-0.3128378911846649,-0.8686192581743502,-0.2847113939127079,-0.40551203003724146,-0.4686679583553246,0.2065378838781026,0.8588902417271995,9.455066680908203,-9.363654136657715,-0.8933513164520264
9.82,2.638720072010158,0.6315336472509222,2.9861093444174176,0.22539383112673717,-13.122608184814453,93.0657730102539,-137.401611328125,-3.0144448280334473,-1.6807562112808228,25.183198928833008,-0.20153711503247929,0.9015138455317371,-0.38295636511091524,-0.8989495297202001,-0.3254956851981138,-0.2931591750794125,-0.3889376997415094,0.2851759899290082,0.876014908827352,9.652969360351562,-9.468019485473633,-0.8340805768966675
9.83,2.638720072010158,0.6315336472509222,2.9861093444174176,0.22539383112673717,-13.152505874633789,93.04911804199219,-137.15054321289062,-2.9646077156066895,-1.6508466005325317,25.024139404296875,-0.24823350606528477,0.8582151430537431,-0.4492737413868962,-0.9183879009201196,-0.35602393991828835,-0.17265751547093425,-0.3081295018495846,0.36974818787696906,0.8765514746160803,10.280950546264648,-9.542810440063477,-0.779731273651123
9.84,0.9687861787139962,0.41271841795970465,1.1641947426711878,1.5071299710808677,-13.181891441345215,93.03272247314453,-136.90113830566406,-2.9119179248809814,-1.6294604539871216,24.871620178222656,-0.30054697997008745,0.8050398738721563,-0.5114511846762725,-0.9261124330272363,-0.3745193440599312,-0.045288213889395745,-0.22800718020104668,0.4600500651025079,0.8581180940732724,10.97259521484375,-9.613249778747559,-0.7226787805557251
9.85,0.9687861787139962,0.41271841795970465,1.1641947426711878,1.5071299710808677,-13.210758209228516,93.0165023803711,-136.653076171875,-2.863348960876465,-1.616955280303955,24.742979049682617,-0.35817686461593773,0.7422614499009001,-0.5663543710830788,-0.9214977144005763,-0.37861259374082173,0.08657058516240568,-0.1501708893507998,0.5529018392552705,0.8196025013015327,11.32224178314209,-9.775798797607422,-0.6654013991355896
9.86,0.9687861787139962,0.41271841795970465,1.1641947426711878,1.5071299710808677,-13.239175796508789,93.0003662109375,-136.4061737060547,-2.8205771446228027,-1.6114208698272705,24.64396858215332,-0.42094106980767243,0.6730318586335245,-0.6081420335854744,-0.9039371982596863,-0.3670720182280497,0.21944401344401124,-0.07553911140330744,0.642095203765213,0.7628942206820739,11.347455978393555,-10.020894050598145,-0.609072744846344
9.87,0.9687861787139962,0.41271841795970465,1.1641947426711878,1.5071299710808677,-13.267175674438477,92.98426818847656,-136.1601104736328,-2.780024528503418,-1.6124955415725708,24.57184600830078,-0.4878142768175394,0.599800658759171,-0.6342526319102235,-0.8729288040558306,-0.3399165983482463,0.34993143502265456,-0.0057038918852153064,0.7243589413539544,0.6893994413240703,11.331183433532715,-10.271841049194336,-0.5516640543937683
9.88,0.7687223689528018,1.7191189012700714,1.3319379966012377,3.643831131577776,-13.294784545898438,92.96810913085938,-135.9146270751953,-2.7418529987335205,-1.620280385017395,24.52880859375,-0.5573239332869543,0.5245749908478237,-0.6435923495214684,-0.8283039294210737,-0.2976183530889015,0.47469560395084637,0.05746854697282128,0.7976492931618855,0.6003773573571684,11.31322193145752,-10.517888069152832,-0.4929129481315613
9.89,0.7687223689528018,1.7191189012700714,1.3319379966012377,3.643831131577776,-13.321990013122559,92.95181274414062,-135.6694793701172,-2.6963653564453125,-1.643049716949463,24.506999969482422,-0.6279428799571644,0.4499530822147716,-0.6350039081112246,-0.7701171698687846,-0.24153207358624507,0.590408165680677,0.11228216325131662,0.8597700164779853,0.4981849401387491,11.02849292755127,-10.841182708740234,-0.43400710821151733
9.9,0.7687223689528018,1.7191189012700714,1.3319379966012377,3.643831131577776,-13.3486967086792,92.93518829345703,-135.42442321777344,-2.645202159881592,-1.6825872659683228,24.50843620300293,-0.6983076001213033,0.3802326389260171,-0.6064566232701089,-0.6982292642533652,-0.175278639962678,0.6940844998363225,0.1576146888872667,0.9081302432295661,0.38788796214729204,10.496795654296875,-11.234399795532227,-0.3762977421283722
9.91,0.7687223689528018,1.7191189012700714,1.3319379966012377,3.643831131577776,-13.374908447265625,92.91812133789062,-135.17922973632812,-2.5975430011749268,-1.731881856918335,24.537277221679688,-0.7662700361503464,0.3180052433693612,-0.5583035884603829,-0.6131073755165921,-0.10200590165723804,0.7833863300532189,0.19217069960143163,0.9425855193120078,0.2731354261131446,9.93499755859375,-11.630494117736816,-0.319771945476532
9.92,1.3152923551697284,1.7989463109439414,3.6152130999425944,0.882507750665156,-13.400668144226074,92.90052795410156,-134.9336395263672,-2.555241823196411,-1.7884767055511475,24.58897590637207,-0.8293730563994481,0.2648108491301056,-0.4919507571918459,-0.5157644765058162,-0.02440624856592173,0.8563827063910271,0.21477275919752817,0.9639914673968496,0.15682191394301276,9.373583793640137,-12.02081298828125,-0.26464563608169556
9.93,1.3152923551697284,1.7989463109439414,3.6152130999425944,0.882507750665156,-13.426032066345215,92.88233184814453,-134.6874237060547,-2.518681287765503,-1.8511751890182495,24.657108306884766,-0.885009196510066,0.22103467952565564,-0.4097589444290364,-0.4078704935230741,0.05630364601286959,0.9113021233152602,0.22450029533577756,0.9736393428229205,0.04032427930540679,9.246628761291504,-12.327428817749023,-0.20148377120494843
9.94,1.3152923551697284,1.7989463109439414,3.6152130999425944,0.882507750665156,-13.45106315612793,92.86348724365234,-134.44046020507812,-2.4883437156677246,-1.9181081056594849,24.735090255737305,-0.9305724574538636,0.18547122460926227,-0.31565063958468115,-0.29225689409957467,0.14294380770935866,0.9455966241949154,0.22050126820394406,0.972197249882703,-0.07881432636876284,9.526189804077148,-12.556051254272461,-0.1279531717300415
9.95,1.350440015358232,1.5995635059164999,2.369655363259705,2.2174904211327875,-13.475822448730469,92.84396362304688,-134.19271850585938,-2.464615821838379,-1.9866514205932617,24.816076278686523,-0.9642138974462988,0.159001149995172,-0.212156061123954,-0.1717193103099473,0.23515006640003394,0.9566697051431781,0.2020000951437749,0.9588655174591858,-0.19943139419267325,9.870077133178711,-12.768036842346191,-0.0500468835234642
9.96,1.350440015358232,1.5995635059164999,2.369655363259705,2.2174904211327875,-13.50037670135498,92.8237533569336,-133.94415283203125,-2.4475324153900146,-2.0540153980255127,24.89284324645996,-0.984473158131999,0.1431887590641429,-0.1015361029155605,-0.04919485739566119,0.3301935320379994,0.942630414004392,0.16850064368847087,0.9329893947296195,-0.3180225186973863,10.048294067382812,-12.989120483398438,0.02564331516623497
9.97,1.350440015358232,1.5995635059164999,2.369655363259705,2.2174904211327875,-13.52479362487793,92.80288696289062,-133.6948699951172,-2.436915159225464,-2.1177709102630615,24.958839416503906,-0.9901434847917407,0.13936521436310853,0.01390023560925701,0.07225143019492672,0.42324451813405334,0.9031300065351947,0.1199817084361432,0.8952326037935604,-0.42914213816140984,10.06714916229248,-13.21931266784668,0.09800504893064499
9.98,1.350440015358232,1.5995635059164999,2.369655363259705,2.2174904211327875,-13.5491361618042,92.78141021728516,-133.44500732421875,-2.43259596824646,-2.175884962081909,25.009370803833008,-0.9802658185193035,0.14798936839794716,0.1310651436647326,0.18925084833151898,0.5109551215592197,0.8385159391199454,0.05712303780858217,0.8467727030281386,-0.5288789539752358,10.072187423706055,-13.444604873657227,0.17094211280345917
9.99,1.8623355894262397,1.0508537515298877,2.6366546812922698,2.358011495973688,-13.573467254638672,92.75938415527344,-133.19473266601562,-2.4344756603240967,-2.2263591289520264,25.04212188720703,-0.9542889830383385,0.16905579230418133,0.24648057923507727,0.29829136939064715,0.5906637144190743,0.749759051573047,-0.018836023962242696,0.7890098323576633,-0.6140917591404611,10.084090232849121,-13.66293716430664,0.24502578377723694
