time,FL,FR,BL,BR,x,y,z,vx,vy,vz,r1x,r1y,r1z,r2x,r2y,r2z,r3x,r3y,r3z,wx,wy,wz
0.0,2.837864155027806,1.5000369835699157,2.8153163291340837,2.755146368708615,-84.6844253540039,-4.967062950134277,-350.0,0.0,0.0,0.0,0.40534684153124445,0.5031211215905056,0.7632581968574959,-0.35363168414110546,-0.6836268359324018,0.6384347900644032,0.8429938137567616,-0.5286998072654887,-0.0991864091761849,0.0,0.0,0.0
0.01,2.837864155027806,1.5000369835699157,2.8153163291340837,2.755146368708615,-84.68453216552734,-4.967160224914551,-349.9995422363281,-0.03476853668689728,-0.02908654883503914,0.09768200665712357,0.4055593936784855,0.5033975630358566,0.76296295567262,-0.35344467614222164,-0.6834012255047374,0.6387797945186928,0.8429700107986401,-0.5287283409352899,-0.09923659801684317,0.10666359215974808,-0.08465029299259186,-0.0024493886157870293
0.02,1.5036319639781772,2.7610528014653983,1.8723590886287127,2.499218607147607,-84.6852035522461,-4.9677252769470215,-349.998046875,-0.10177315771579742,-0.08525945991277695,0.20447252690792084,0.40678760157789845,0.5049943924240523,0.7612519364985308,-0.3523612650434154,-0.6820935577984379,0.6407729061897616,0.8428317661903264,-0.5288941690264048,-0.09952673947419216,0.31240615248680115,-0.2479286789894104,-0.0071577285416424274
0.03,1.5605962442161745,2.368102987976746,3.0656045039301754,1.7378696781221747,-84.68656921386719,-4.968864917755127,-349.9954528808594,-0.16859866678714752,-0.14165948331356049,0.31128913164138794,0.409091238953714,0.5075950950280981,0.7582819908943715,-0.3503196058633732,-0.679953193094919,0.6441582328494725,0.8425678203913597,-0.5291605377420358,-0.10034238056530945,0.2814513146877289,-0.3448094427585602,-0.00848560594022274
0.04,1.572663821675494,3.0499903356427964,2.489883081819813,2.478310132407401,-84.6885757446289,-4.970551490783691,-349.9918212890625,-0.23198100924491882,-0.19563011825084686,0.4177720546722412,0.4119158032946453,0.5092727163619859,0.7556233660795643,-0.34783686093315297,-0.6785688511303194,0.6469573652504844,0.8422202141793423,-0.5293256225093989,-0.10236941038581704,0.20317445695400238,-0.42410242557525635,-0.0035820279736071825
0.05,1.7511315815299335,2.1935875623076218,2.501095775554714,2.574001045556541,-84.69122314453125,-4.972785949707031,-349.9870910644531,-0.29792264103889465,-0.25223445892333984,0.5248135328292847,0.4154614097525031,0.5106219921641096,0.7527662307282513,-0.34478783840431376,-0.6774094387590612,0.6497982754429369,0.8417322397858739,-0.5295107490868246,-0.10538122748652376,0.11180295050144196,-0.5062581300735474,0.003229107242077589
0.06,1.7511315815299335,2.1935875623076218,2.501095775554714,2.574001045556541,-84.69452667236328,-4.975598335266113,-349.9813232421875,-0.3643721044063568,-0.30971041321754456,0.6322323679924011,0.41963823555719043,0.5108459858927002,0.7502933625961001,-0.34123222225453664,-0.6771766260763887,0.6519144020429594,0.8411089832796215,-0.5295924808691245,-0.10985209353129138,-0.028476759791374207,-0.6140261888504028,0.007143073715269566
0.07,1.7655835640560715,1.4237841146950079,1.5342336538360506,2.8335648453197515,-84.69849395751953,-4.978977203369141,-349.9744567871094,-0.4291340410709381,-0.36608564853668213,0.739844560623169,0.42484617404836333,0.5102525790971545,0.7477620169018814,-0.33678353402135897,-0.677636877294016,0.653746979911417,0.8402872006692425,-0.5295758378701926,-0.1160467678805904,-0.11829052865505219,-0.7679324150085449,0.008925237692892551
0.08,2.0389215705403037,2.3095084847431178,2.621405093844059,1.7970914280844503,-84.70309448242188,-4.98290491104126,-349.9665222167969,-0.48842665553092957,-0.41801896691322327,0.8471647500991821,0.43122606189679935,0.5089392886642603,0.7449999221442204,-0.3312818806772444,-0.6787296411736929,0.6554222987716987,0.8392236883429386,-0.529440152091005,-0.1240835455567241,-0.23477144539356232,-0.9315599799156189,0.006512603256851435
0.09,3.015150547756125,1.8791498781855651,1.380073918725492,2.7711735888806532,-84.70825958251953,-4.987338542938232,-349.95751953125,-0.5469307899475098,-0.4695868492126465,0.9550511240959167,0.43861184480158233,0.5069176870346612,0.7420607173076756,-0.324823982614284,-0.6804759173109128,0.6568423755197798,0.8379194650551736,-0.5291379636080759,-0.13380577547456843,-0.2663519084453583,-1.0230011940002441,0.005661016330122948
0.1,2.2315863974949446,1.490825829397072,2.2534286135383677,1.7056491636468798,-84.71404266357422,-4.992308616638184,-349.9474182128906,-0.6092994213104248,-0.524910032749176,1.0644195079803467,0.44616482428577925,0.505014779074638,0.7388484435161474,-0.3181720453152698,-0.68213054059589,0.6583801904418574,0.8364828146172144,-0.5288270024332655,-0.14366106761231207,-0.25674474239349365,-0.9884258508682251,0.0022371720988303423
0.11,2.2315863974949446,1.490825829397072,2.2534286135383677,1.7056491636468798,-84.72042846679688,-4.99782657623291,-349.9362487792969,-0.6680634021759033,-0.5773724317550659,1.1738777160644531,0.45327174439259477,0.5033012405332647,0.7356851140351902,-0.3118106282375051,-0.683667443866666,0.6598279763051512,0.8350562004161316,-0.528475815411165,-0.1529524588624772,-0.17245258390903473,-0.9595122933387756,-0.0025383580941706896
0.12,2.7985815056703194,2.071398973653273,2.7324889213805927,2.8692634418525973,-84.72738647460938,-5.00384521484375,-349.9239501953125,-0.722422182559967,-0.6262558698654175,1.2831366062164307,0.46037717798268174,0.5027194155309922,0.7316597865407665,-0.3053724986876742,-0.6842145056984641,0.6622674287907061,0.833546933914311,-0.528321587141756,-0.1614800592087682,0.015190212056040764,-0.9845965504646301,-0.0038934838958084583
0.13,2.7968712126067627,2.9687194406777753,2.5292781684582843,2.936213493197142,-84.73490905761719,-5.010378360748291,-349.9105529785156,-0.7852084636688232,-0.6833194494247437,1.3949346542358398,0.4677325505456782,0.5034551607939439,0.726470345045122,-0.2986191049952891,-0.6835780013235762,0.6659938034533635,0.8318971638921766,-0.528444904579852,-0.16939035253444643,0.1639084815979004,-1.0512099266052246,-0.005973491817712784
0.14,1.4768542198331147,2.902541307608433,1.962673925222909,2.220596523974281,-84.74311065673828,-5.017543792724609,-349.8960266113281,-0.8585642576217651,-0.7508927583694458,1.509946346282959,0.4754829142350343,0.5048327223223632,0.7204581325400882,-0.2913790376407902,-0.6823575255941008,0.6704375166177856,0.8300688252754024,-0.5287079815339355,-0.1773516720198194,0.17586404085159302,-1.0795559883117676,-0.007922968827188015
0.15,2.942782707617612,2.1461103372896457,1.7664239843756815,1.6115520300960027,-84.7520523071289,-5.0253801345825195,-349.8803405761719,-0.9259591698646545,-0.8138799667358398,1.6243212223052979,0.4831011781029414,0.5056670792798128,0.7147825240226384,-0.2841522810668017,-0.6816326011001312,0.6742658810009614,0.8281731297742541,-0.5288457261339008,-0.18561105858709978,0.014057047665119171,-1.0537221431732178,-0.0062569910660386086
0.16,1.6810672992237976,2.6143031315152463,2.256073025551708,2.1517821889371644,-84.76161193847656,-5.033799648284912,-349.863525390625,-0.9848166704177856,-0.8696048259735107,1.7373000383377075,0.4902334134080184,0.5053915748705267,0.7101060177383459,-0.2773263348402347,-0.6819342527506187,0.6767981818308451,0.8262937155651163,-0.5287201821146459,-0.19414856332780492,-0.037353213876485825,-0.9219596982002258,-0.005516392644494772
0.17,1.6810672992237976,2.6143031315152463,2.256073025551708,2.1517821889371644,-84.77174377441406,-5.042771339416504,-349.8456115722656,-1.0426660776138306,-0.9249276518821716,1.8506890535354614,0.49623969720060035,0.505234263485206,0.7060343489681066,-0.2715126922641552,-0.6821254997632447,0.6789592480497,0.8246375087647461,-0.528623818583031,-0.20132023635235477,-0.050389766693115234,-0.8185741901397705,-0.004405154846608639
0.18,2.2872643559227788,1.7895345802909284,2.391807199545343,2.0875879500160357,-84.78246307373047,-5.052299976348877,-349.8265380859375,-1.100661277770996,-0.9808662533760071,1.96470046043396,0.5019704004037124,0.5045064484984918,0.7024948117544892,-0.26595005918883174,-0.6828483560640071,0.6804327216104028,0.8229801231718744,-0.5283856224805153,-0.20859614286914538,-0.16538526117801666,-0.8180761933326721,-0.0007314438698813319
0.19,2.718900862023807,1.5233542833208575,2.7466840252712004,2.6007060595188687,-84.79375457763672,-5.062387466430664,-349.8063049316406,-1.1579068899154663,-1.0364573001861572,2.079085111618042,0.5077990694741377,0.5031873368199475,0.6992443128873118,-0.2602929907612451,-0.6841263861500123,0.6813359279635054,0.8212110958832488,-0.5279901436933963,-0.21642260547563055,-0.17014242708683014,-0.8518134951591492,0.0009032179368659854
0.2,2.6389019078268094,2.5140719939858345,3.0642376100274884,2.6578848366847967,-84.80562591552734,-5.073038578033447,-349.7849426269531,-1.2176839113235474,-1.0948883295059204,2.1948940753936768,0.5140374004865896,0.502455465420415,0.6952007308469569,-0.2541928561919933,-0.6848403926587351,0.6829199282814828,0.8192383918994187,-0.5277614440750511,-0.22431298532601893,-0.020065074786543846,-0.954243004322052,-0.0012177466414868832
0.21,1.9944969169506894,1.8303212482817077,2.2515986154433856,1.706310825155272,-84.81813049316406,-5.084307670593262,-349.7624206542969,-1.2840869426727295,-1.1604176759719849,2.3135592937469482,0.5210594148818786,0.5028810895000755,0.689643165692354,-0.24722663727046507,-0.6844362023641356,0.6858761365708083,0.8169308881336855,-0.5278803791737076,-0.23230632642382004,0.12216845154762268,-1.067512035369873,-0.002527372445911169
0.22,1.9944969169506894,1.8303212482817077,2.2515986154433856,1.706310825155272,-84.83129119873047,-5.096226692199707,-349.73870849609375,-1.3442541360855103,-1.2205792665481567,2.4308996200561523,0.5286061441224661,0.5040866166018253,0.6829877212358237,-0.2396398583098447,-0.683243324159953,0.6897472713248638,0.8143391693300872,-0.5282757262583451,-0.2403673737032586,0.22800910472869873,-1.1232448816299438,-0.0014567780308425426
0.23,2.2851027927904526,1.826242871634567,2.420734371582939,2.540576110357893,-84.84500122070312,-5.108693599700928,-349.7138366699219,-1.3952945470809937,-1.2724858522415161,2.545797348022461,0.53632059919253,0.5060160434902534,0.6755057206362026,-0.2317733682562612,-0.6812817970740768,0.6943602946184809,0.8115672003284219,-0.5289639654135111,-0.2481044188342896,0.33953389525413513,-1.147311806678772,0.00015492424427065998
0.24,2.867449514627622,2.3943894397996677,2.121294021845672,1.7042331872425487,-84.85921478271484,-5.121687412261963,-349.6877746582031,-1.4484877586364746,-1.3276185989379883,2.662172794342041,0.5442035976496018,0.508606292004342,0.6672046792692811,-0.2235949300067507,-0.6785887824053347,0.699658896655307,0.8086085280161882,-0.5299404722487606,-0.2555686684479421,0.4236283004283905,-1.2162199020385742,6.032649253029376e-05
0.25,1.729121855235344,2.4960300428497737,1.4278318799113174,2.7641669917923393,-84.87397766113281,-5.135258674621582,-349.6605529785156,-1.5044538974761963,-1.3868449926376343,2.780339479446411,0.5522830218961501,0.5117051069760309,0.6581347485279175,-0.21502534617710775,-0.6753057042636268,0.7054972050195677,0.8054486726208391,-0.5311497804608939,-0.2629303072863085,0.5236206650733948,-1.1732510328292847,-0.0006708935252390802
0.26,2.06945078669279,2.1438541373065556,2.5820558818452914,2.6897441508456703,-84.88929748535156,-5.149419784545898,-349.6321716308594,-1.558047890663147,-1.4448620080947876,2.898298978805542,0.5595855196542323,0.5150698034532679,0.6492820217470332,-0.2070985713187133,-0.6716682289800031,0.711317068498018,0.8024800483196146,-0.5325081105011248,-0.2691855945244306,0.4306386709213257,-1.0870640277862549,-0.0016825415659695864
0.27,2.06945078669279,2.1438541373065556,2.5820558818452914,2.6897441508456703,-84.90514373779297,-5.1641621589660645,-349.60260009765625,-1.6122121810913086,-1.5047740936279297,3.0171847343444824,0.5666870287182213,0.5172455359733571,0.6413445774294411,-0.19921596254378393,-0.6692823975142443,0.7158030962809105,0.7994865926019443,-0.5334024070935746,-0.2762300859003468,0.2769950032234192,-1.145995855331421,-0.002592007629573345
0.28,2.2461334074632595,1.8884136442147115,1.4030672813940397,2.0379193111003,-84.92154693603516,-5.179524898529053,-349.57183837890625,-1.6682559251785278,-1.5679352283477783,3.1376442909240723,0.5744038596960737,0.5188611760271772,0.6331218571317436,-0.1904890701612573,-0.6674852481042195,0.719845370695921,0.7960993154847911,-0.5340847531758822,-0.28456871983706167,0.2307480424642563,-1.284371018409729,-0.002698031021282077
0.29,2.254235697255634,1.4920284122830536,2.260056010918956,2.5816590294766772,-84.93848419189453,-5.195502281188965,-349.53985595703125,-1.7182676792144775,-1.6254174709320068,3.256276845932007,0.5826762575200106,0.5202155122804816,0.6243910631208862,-0.18095048516106313,-0.6659590272974394,0.7237095383377398,0.7923037932778376,-0.5346722311321251,-0.29390526435187436,0.19224120676517487,-1.313387155532837,-0.004539101850241423
0.3,1.6331384088429088,1.995850076437871,2.201411934629021,1.7033511647737423,-84.95590209960938,-5.212028503417969,-349.5067138671875,-1.7653107643127441,-1.6806175708770752,3.374436378479004,0.590808373812995,0.5214251988838938,0.6156794843109005,-0.1713547008424275,-0.664598035394125,0.7272874382590917,0.7884053728454968,-0.5351870825413874,-0.3033014255640613,0.20375120639801025,-1.3549867868423462,-0.00826603826135397
0.31,2.2060006311165514,3.021326091972699,1.8223521311420106,2.9809668286602715,-84.97378540039062,-5.229111194610596,-349.4723815917969,-1.8105394840240479,-1.7347780466079712,3.49257230758667,0.599337325590705,0.5228563275430886,0.6061485221477783,-0.1610582329893331,-0.6629688686395693,0.7311173126120891,0.7841269130313886,-0.5358111047402097,-0.3131316724589529,0.2421364188194275,-1.4391306638717651,-0.008626667782664299
0.32,2.057108004491605,3.0235890847955087,2.268921029188712,1.7431195896315848,-84.99212646484375,-5.246744632720947,-349.4368591308594,-1.8593573570251465,-1.7945528030395508,3.613576889038086,0.6079937967360687,0.5241102876971511,0.596365617268861,-0.1504006180629559,-0.6615128404115704,0.734697499694192,0.7795660313384241,-0.5363852797203013,-0.32336919222868654,0.10491263121366501,-1.436685562133789,-0.007894177921116352
0.33,2.057108004491605,3.0235890847955087,2.268921029188712,1.7431195896315848,-85.01097106933594,-5.265013694763184,-349.4001159667969,-1.9106954336166382,-1.8586872816085815,3.7370269298553467,0.6162256777577306,0.5241770896616675,0.5877961319589046,-0.1400744941807606,-0.6614968522128541,0.7367503312469494,0.7750129354740022,-0.5363397180764351,-0.3342075053939701,-0.06685920059680939,-1.3399088382720947,-0.005461742170155048
0.34,1.7988146050815996,2.994004830556521,3.0357418572135844,2.903292674044039,-85.03032684326172,-5.2839131355285645,-349.3621520996094,-1.959622859954834,-1.9208970069885254,3.8602523803710938,0.6236218576076136,0.5235458367008801,0.5805131657311529,-0.13070128264591735,-0.6623204145747712,0.737732229980645,0.7707223581995928,-0.5359397590314408,-0.34460937488782867,-0.15090987086296082,-1.1950771808624268,-7.471401477232575e-05
0.35,1.8762219851358861,2.124695968024257,3.0255032155653683,1.6343162942057083,-85.05017852783203,-5.303449630737305,-349.3229064941406,-2.011932134628296,-1.9882941246032715,3.986541748046875,0.6303937902798193,0.5223574264959061,0.5742354814544437,-0.12208207862121617,-0.6638151119871294,0.7378654776970106,0.7666157024586477,-0.5352496763960615,-0.35469444408074,-0.27012547850608826,-1.195724606513977,0.005367706995457411
0.36,2.410549864114598,2.5138181917222133,2.5519633805906716,1.886988772503258,-85.07054901123047,-5.323669910430908,-349.2823791503906,-2.062027931213379,-2.053596258163452,4.112502574920654,0.6375825902438369,0.5206302441578273,0.5678314798301702,-0.11290557305366397,-0.6659695457180262,0.7373851746201234,0.76206349616773,-0.5342552882698377,-0.36582853191670195,-0.2634314298629761,-1.3033320903778076,0.011101162992417812
0.37,2.3433222944818004,2.2238138589739695,2.302982102682071,2.7031646528594804,-85.09140014648438,-5.344511032104492,-349.2406311035156,-2.1086971759796143,-2.1152517795562744,4.237425327301025,0.6451304511327964,0.5193933279756047,0.5603902853151724,-0.10322448188862962,-0.667455949727285,0.7374600067206843,0.7570676372425508,-0.5336039036851902,-0.3769820507821396,-0.15056569874286652,-1.3207411766052246,0.015733130276203156
0.38,2.3433222944818004,2.2238138589739695,2.302982102682071,2.7031646528594804,-85.11272430419922,-5.365980625152588,-349.1976318359375,-2.156134605407715,-2.1788523197174072,4.364008903503418,0.6525356150506298,0.5185885149247913,0.5525063106233228,-0.09363204306625492,-0.6683640745237567,0.7379176813149562,0.7519510034581609,-0.5332498627042501,-0.38757486028400145,-0.12223544716835022,-1.326949954032898,0.01647352986037731
0.39,2.8806606567013384,1.8170565504741318,2.512899155717604,1.7651869298731329,-85.134521484375,-5.388091087341309,-349.1533508300781,-2.203317165374756,-2.2431483268737793,4.491600036621094,0.6600374618090996,0.5177304486363077,0.5443397207291127,-0.08374954212746649,-0.6693670752181826,0.7381962698410871,0.7465497727560035,-0.5328253946357127,-0.39844765732685145,-0.15650148689746857,-1.3817869424819946,0.014705042354762554
0.4,1.7330229664147359,2.037469805215652,1.7200514458688816,2.3428999592693414,-85.15678405761719,-5.410837173461914,-349.1078186035156,-2.2481632232666016,-2.305342435836792,4.618727207183838,0.6676304519269336,0.5169673398867738,0.5357372015738979,-0.07356033561600833,-0.6702730551806977,0.7384598218744156,0.7408498206005711,-0.532427272957656,-0.40946641172014964,-0.03982381150126457,-1.38441801071167,0.012983441352844238
0.41,2.045558127722745,2.9121219853407894,2.292198632103033,2.462109834917089,-85.17948150634766,-5.434179306030273,-349.0610046386719,-2.2879014015197754,-2.3616273403167725,4.743164539337158,0.675005230789712,0.516980721024468,0.5264018165769845,-0.06347005697555322,-0.6701304338916702,0.7395246807508741,0.7350778804140742,-0.5325937810951077,-0.4195287523695709,0.014957815408706665,-1.3820840120315552,0.01167949941009283
0.42,1.5540501042511856,2.132642762503722,1.678454197744653,2.7597452211281563,-85.20256042480469,-5.4580793380737305,-349.012939453125,-2.328474760055542,-2.42031192779541,4.869458198547363,0.6823050572730065,0.5166788565455944,0.5172066975769133,-0.053282694852900186,-0.6704406077721996,0.7400475294731119,0.7291232839848775,-0.5324963386247654,-0.42991497543389556,-0.11230000108480453,-1.3836538791656494,0.012324215844273567
0.43,1.791832477897595,2.1642511917202114,1.750277399717668,2.4141805412980712,-85.2260513305664,-5.4825825691223145,-348.9635925292969,-2.3681223392486572,-2.478788375854492,4.99616003036499,0.6895200166183522,0.5155313758332188,0.508713620039935,-0.04305505395625861,-0.6719660571681263,0.7393293449760707,0.7229857598953459,-0.5316850745934389,-0.4411378157028915,-0.31901493668556213,-1.4244879484176636,0.01236350554972887
0.44,1.791832477897595,2.1642511917202114,1.750277399717668,2.4141805412980712,-85.24991607666016,-5.507641315460205,-348.9129943847656,-2.4039435386657715,-2.5326647758483887,5.12080717086792,0.6969458203608618,0.5132850224254533,0.5008043622366191,-0.03235724671077003,-0.6751318939635509,0.7369870652450332,0.7163934198935827,-0.5298447050852639,-0.4539218615866458,-0.5266836881637573,-1.4852876663208008,0.010744195431470871
0.45,2.505604406503263,1.9837114509541602,2.2828785124822613,2.514076566599263,-85.27413177490234,-5.533232688903809,-348.8611755371094,-2.4385485649108887,-2.585484266281128,5.24561071395874,0.7044675093671517,0.5101707606363793,0.49340786702052075,-0.021373802569156136,-0.6796337962535475,0.7332401131646618,0.7094143280268425,-0.527089838624963,-0.46787563861408077,-0.6968958377838135,-1.5194075107574463,0.009081538766622543
0.46,1.7170177936406947,2.70859491911411,2.1257757773526422,1.9664407085744287,-85.29869842529297,-5.559361934661865,-348.8080749511719,-2.474951982498169,-2.6415700912475586,5.373475074768066,0.7120366606146027,0.5064630035503899,0.48631164902305507,-0.010194685137062343,-0.6850810782590477,0.7283954863989595,0.7020682746968143,-0.5236020838825399,-0.4826396123590566,-0.760642945766449,-1.5566074848175049,0.006427327170968056
0.47,2.8142673051624643,2.1796923016433594,1.7176802440383034,1.526125008614852,-85.32363891601562,-5.586062908172607,-348.7536926269531,-2.5112357139587402,-2.69801664352417,5.502667427062988,0.7196114903595827,0.5026739175156332,0.479038866473219,0.0011101742892388189,-0.6907150548551051,0.7231261857446156,0.6943760295801602,-0.5198380956086186,-0.49760454569718005,-0.8153476119041443,-1.555590033531189,0.006567368749529123
0.48,2.1395122123534005,2.4389804984983408,1.6155616402682054,2.1351047664855125,-85.34891510009766,-5.613310813903809,-348.6980285644531,-2.5448360443115234,-2.750922441482544,5.630581378936768,0.726798618766163,0.4986661109636836,0.47233026320145144,0.011888743632240406,-0.6967058248413645,0.7172584272122289,0.6867477160751567,-0.5156870207872879,-0.5122933447323776,-0.8099460005760193,-1.4171886444091797,0.006904304958879948
0.49,2.1395122123534005,2.4389804984983408,1.6155616402682054,2.1351047664855125,-85.37452697753906,-5.641077041625977,-348.6410827636719,-2.577157497406006,-2.802269220352173,5.758455753326416,0.7330429967761177,0.49487574936538603,0.4666325723388117,0.021303000293854762,-0.7024077107362919,0.7114559649596606,0.6798486206913777,-0.5115871388026183,-0.5254373914709364,-0.8218125104904175,-1.2461659908294678,0.005386334843933582
0.5,1.925490776177339,2.3484487887830405,1.6417202521058125,1.6821169446663116,-85.40045928955078,-5.66935396194458,-348.5828552246094,-2.608917236328125,-2.8529937267303467,5.886836528778076,0.7385559103966084,0.4907746427829576,0.4622503836877773,0.029644683945773853,-0.7086126023752208,0.7049747317945319,0.673540169501413,-0.5069599883188785,-0.537898884839642,-0.9352703094482422,-1.120697021484375,0.003949149511754513
0.51,3.070185170859302,1.7190932559738301,2.531271002513311,1.6553766604460145,-85.42670440673828,-5.698125839233398,-348.5233459472656,-2.6386003494262695,-2.900561571121216,6.013763904571533,0.7434483692219076,0.4861894800498198,0.4592431946040927,0.037041312158023254,-0.715553889140834,0.6975747794530988,0.667766773278589,-0.50159986166696,-0.5499864682706188,-1.035744071006775,-0.9931866526603699,0.0036706861574202776
0.52,2.031252950858872,2.0643792976359485,1.5264542085283368,1.9148029652217047,-85.45323944091797,-5.727370262145996,-348.4625549316406,-2.6693317890167236,-2.949502944946289,6.142763614654541,0.7477458909606988,0.4815533265901911,0.4571460119057273,0.04349717097508357,-0.7225352812937814,0.6899643203839457,0.6625587360140646,-0.49603342723614563,-0.5612189950418717,-0.9076269268989563,-0.8826002478599548,0.0028725964948534966
0.53,2.8145815993249443,1.677046879146479,1.7515834202125315,1.6594540570169123,-85.48008728027344,-5.757108211517334,-348.4004821777344,-2.6991360187530518,-2.9968008995056152,6.271288871765137,0.7515680526450463,0.47780237170679773,0.4548080428430123,0.04922570251305067,-0.7281637362282676,0.6836332375288567,0.6578163060121183,-0.4914086556354585,-0.5707847586534893,-0.7876958847045898,-0.7896546721458435,0.0010614206548780203
0.54,2.8145815993249443,1.677046879146479,1.7515834202125315,1.6594540570169123,-85.50721740722656,-5.787295818328857,-348.3371276855469,-2.72686767578125,-3.0408120155334473,6.397794723510742,0.7548942867842143,0.4743473160789963,0.45291195558210284,0.054218211316362064,-0.7333483976619495,0.6776876221448236,0.6536015616124293,-0.4870264380660496,-0.579318778637884,-0.7026240825653076,-0.6670522689819336,-0.0019831617828458548
0.55,2.738197682912743,2.0758722338549056,1.893312912033832,3.0253288666108746,-85.53462982177734,-5.817923545837402,-348.2724914550781,-2.754626989364624,-3.084690570831299,6.524744987487793,0.7575553980572944,0.47159631998105933,0.4513388193525757,0.058250830342373106,-0.7375003838129608,0.6728298630710143,0.6501666398998635,-0.48341503375056316,-0.586168274052139,-0.5229290127754211,-0.5171672701835632,-0.0061529879458248615
0.56,2.644292746286773,2.6151016821357924,1.8964062207062131,1.4744606852549762,-85.56232452392578,-5.849006175994873,-348.20660400390625,-2.785912275314331,-3.1336965560913086,6.656566143035889,0.759622219885927,0.46954311053113706,0.45000372266051325,0.06145405749053476,-0.7406509051887913,0.669073714519539,0.6474546176169614,-0.4805887056473216,-0.5914702140688961,-0.45973438024520874,-0.4449009597301483,-0.011848272755742073
0.57,1.652220308830363,2.923793388362138,1.3932496480193024,2.864812621366332,-85.59034729003906,-5.880599021911621,-348.1393737792969,-2.8181169033050537,-3.1839606761932373,6.789786338806152,0.7613480886451189,0.4675774201224616,0.44913299156045905,0.06421647784258314,-0.743717304731532,0.6654027461743441,0.6451552773479555,-0.4777613701781347,-0.5962539234886375,-0.44496357440948486,-0.3108169436454773,-0.01468619517982006
0.58,1.642952715578235,2.3650744716522207,3.023030976679351,1.9265938265837514,-85.61868286132812,-5.912678241729736,-348.07080078125,-2.8488574028015137,-3.231849193572998,6.9211320877075195,0.7622885254569342,0.46545992544530734,0.44973688058812983,0.06581688367915314,-0.7469999725592918,0.6615581447002086,0.6438822421681294,-0.47469790267165296,-0.6000646293689339,-0.6251145005226135,-0.16784267127513885,-0.014912448823451996
0.59,2.560614275867455,1.8854645026281958,2.1049755108540036,2.6863897883403003,-85.64732360839844,-5.945236682891846,-348.0009460449219,-2.8799006938934326,-3.2797048091888428,7.052707195281982,0.7629685003470086,0.46223248501315406,0.4519072883643291,0.06700988336039473,-0.7518622787265028,0.6559060827284778,0.642953142157547,-0.47015342562482176,-0.6046213801735614,-0.7869696617126465,-0.19535118341445923,-0.011812775395810604
0.6,2.560614275867455,1.8854645026281958,2.1049755108540036,2.6863897883403003,-85.67628479003906,-5.978274345397949,-347.9297790527344,-2.9117398262023926,-3.3279919624328613,7.185119152069092,0.7640025240699111,0.4587594945407496,0.45369578947078676,0.06865006945284258,-0.756978485918822,0.6498236220853835,0.6415507081898705,-0.4653206400158534,-0.6098273450709732,-0.779725968837738,-0.2739855647087097,-0.011125883087515831
0.61,1.8196321866501228,2.7396843621085623,2.4496260108512047,1.7085837467789047,-85.70556640625,-6.011795997619629,-347.85723876953125,-2.9440579414367676,-3.3762755393981934,7.318041801452637,0.7653114446746053,0.4553482001121212,0.45492461936536277,0.0706985758404001,-0.7619687202449418,0.6437432568520037,0.6397656633676175,-0.46050155919707525,-0.615335851346933,-0.76585853099823,-0.32727837562561035,-0.01545428391546011
0.62,2.3484580649560263,1.4375965928986973,2.0126883177419477,2.6774705968923618,-85.73516845703125,-6.045792579650879,-347.7834167480469,-2.9752209186553955,-3.4222965240478516,7.449340343475342,0.7667642314202698,0.4519852450373485,0.45583105607561525,0.07296805713525523,-0.7668619508077736,0.6376506967307428,0.6377681993109948,-0.45566663984959843,-0.6209827995007491,-0.771994948387146,-0.3257320523262024,-0.0148934880271554
0.63,2.0429401646057936,2.73101267284145,2.0439448764708583,2.139595751409498,-85.76507568359375,-6.0802321434021,-347.7082824707031,-3.0047171115875244,-3.4653871059417725,7.578316688537598,0.7682161954268525,0.4485659406154002,0.45676303922681055,0.0751858984727953,-0.7717584269100004,0.6314554704523824,0.6357601416845272,-0.45075217959897007,-0.6266031557788767,-0.7649015188217163,-0.365744024515152,-0.015436257235705853
0.64,2.3911595440058546,2.000848364638476,2.243058166833823,2.053287374801996,-85.79527282714844,-6.115098476409912,-347.6318664550781,-3.0344390869140625,-3.50821590423584,7.707566738128662,0.7699126889125032,0.44515443404888233,0.4572438969501267,0.07775076038271225,-0.776612918908147,0.6251617338296367,0.6333950352753239,-0.4457688908297514,-0.6325352363757959,-0.8089423775672913,-0.3796820640563965,-0.016902025789022446
0.65,2.3911595440058546,2.000848364638476,2.243058166833823,2.053287374801996,-85.82576751708984,-6.150394439697266,-347.55413818359375,-3.06425404548645,-3.5505948066711426,7.836933612823486,0.7714766484744049,0.44148938986037556,0.45816034256514737,0.0801059019699987,-0.7817534270376456,0.6184210732053603,0.6311947602192788,-0.44039606941435117,-0.6384704196093327,-0.818087637424469,-0.3428915739059448,-0.016729336231946945
0.66,1.6538237976345678,2.43351402810496,1.478697470264564,1.9877420140708306,-85.85655975341797,-6.186105728149414,-347.4751281738281,-3.093491315841675,-3.59155535697937,7.965436935424805,0.7729326494480917,0.43803805056486256,0.4590182846842683,0.08229403363018817,-0.7865467442926508,0.612022802738186,0.6291286128018869,-0.43527794028639444,-0.6439955770453762,-0.740160346031189,-0.3258855640888214,-0.01751052774488926
0.67,1.7610184237931426,2.8664375232441035,2.9819641231346417,1.8470973950920921,-85.88762664794922,-6.222211837768555,-347.3948669433594,-3.1201000213623047,-3.62844181060791,8.090152740478516,0.7742641980616115,0.434759800396069,0.45989006029656676,0.08430074368626181,-0.7910584095834022,0.605904264089073,0.6272227165959097,-0.43036090504011665,-0.6491387796142661,-0.7927419543266296,-0.27558252215385437,-0.017506113275885582
0.68,1.9701097643701542,3.04792941381801,1.7770791252645466,1.976528523911201,-85.91896057128906,-6.258681297302246,-347.3133239746094,-3.148357391357422,-3.666879177093506,8.217042922973633,0.7753640560903925,0.4309788937244132,0.46159264908264686,0.0859548551279189,-0.7961495010808044,0.5989638843943135,0.6256375495468548,-0.42473893757562053,-0.6543504347856277,-0.8755522966384888,-0.2486371397972107,-0.01289499644190073
0.69,2.591938617886152,1.5002853193477175,2.8947659101623806,2.9515527897947984,-85.95059204101562,-6.295553207397461,-347.23052978515625,-3.1784920692443848,-3.707003355026245,8.346353530883789,0.7763585917881056,0.426823123014483,0.46377727263952184,0.08736717948301279,-0.8015853201290138,0.5914625520714306,0.6242069471785562,-0.4186681218027356,-0.6596079827292852,-0.9827824831008911,-0.1689225733280182,-0.007268325425684452
0.7,2.591938617886152,1.5002853193477175,2.8947659101623806,2.9515527897947984,-85.98253631591797,-6.33282470703125,-347.1463928222656,-3.210205554962158,-3.7481770515441895,8.477577209472656,0.7770629181480403,0.42214636862218585,0.4668679306809942,0.08834505454142222,-0.8075472755724787,0.5831488223888824,0.6231920832113684,-0.41189785284044494,-0.6648095864592404,-0.9956704378128052,-0.2096976786851883,-0.007428593933582306
0.71,1.5930195016471431,2.7591084920079796,1.9121731165704388,1.8059198966146366,-86.01480865478516,-6.370521068572998,-347.0609436035156,-3.244084596633911,-3.7910211086273193,8.611538887023926,0.7785004505255102,0.41787025633777336,0.46831773124640663,0.0902480180414304,-0.8129246874569171,0.5753335969354367,0.6211218429351617,-0.4056327173580523,-0.6705741978614681,-0.8560908436775208,-0.43099725246429443,-0.011535029858350754
0.72,2.8876825207354364,2.7313994138663347,2.85398606513966,1.8379187972121018,-86.04740142822266,-6.408626079559326,-346.97418212890625,-3.2740323543548584,-3.828268527984619,8.73980712890625,0.7807828069614855,0.4140812645663551,0.46788344134888105,0.09319803928769055,-0.8176580513010396,0.5681104088251829,0.617812539388991,-0.3999650203176705,-0.677004910392836,-0.855222761631012,-0.513303816318512,-0.011602360755205154
0.73,1.68253394937696,2.1331764384791034,2.9974976601452723,2.261159858520926,-86.08029174804688,-6.447090148925781,-346.8861389160156,-3.304797887802124,-3.865898609161377,8.869401931762695,0.7829731918215413,0.4101046346426699,0.46772552798985645,0.09597158744190207,-0.8225397425547841,0.560551359218574,0.6146075457498623,-0.39400832549898207,-0.6833849604321266,-0.8296111822128296,-0.4264816343784332,-0.00822431780397892
0.74,1.8794754067577166,2.4517404666434692,1.418473590681972,1.9945799272542046,-86.1135025024414,-6.485945224761963,-346.7967834472656,-3.33657169342041,-3.9041056632995605,9.000502586364746,0.7849069561551596,0.40653431737209617,0.4676012392819828,0.09835821082758917,-0.8268461319778497,0.5537609018304414,0.6117570862213513,-0.38865836261692865,-0.6889832687561361,-0.7336090207099915,-0.4631378650665283,-0.004316395614296198
0.75,2.3480289675311035,1.78266134722711,2.2665361596284526,1.8075505470670894,-86.14701080322266,-6.52515172958374,-346.7061462402344,-3.363253593444824,-3.935737133026123,9.124149322509766,0.787213321842569,0.4030860610474987,0.4667084885694709,0.10111358854398994,-0.8309330651760318,0.5471071955375119,0.6083347993706628,-0.38349950271985567,-0.6948790565906264,-0.7906882762908936,-0.4834703505039215,-0.002153892768546939
0.76,2.3480289675311035,1.78266134722711,2.2665361596284526,1.8075505470670894,-86.18077087402344,-6.564652919769287,-346.6142883300781,-3.3876898288726807,-3.964245557785034,9.244524955749512,0.7893117192312926,0.3993019083426542,0.466417190804601,0.10358599568719118,-0.8353586915411373,0.5398572014562479,0.6051916649968291,-0.3778013267057081,-0.7007204907506075,-0.7897276282310486,-0.43257802724838257,-0.0022340365685522556
0.77,2.8759280870102453,2.0101676845882817,1.9613221294609553,1.9503492526926074,-86.21476745605469,-6.604437351226807,-346.521240234375,-3.412362575531006,-3.9925053119659424,9.365235328674316,0.7912813343060964,0.39594949810352154,0.46593759767841614,0.10588478034520196,-0.8392372237301374,0.5333566307799876,0.6022144661746449,-0.37269944627984236,-0.7059977758270112,-0.6496555805206299,-0.4185045063495636,-0.0027492877561599016
0.78,1.4883793376354864,2.0758718120746735,2.472961359303554,2.5204222617976875,-86.24900817871094,-6.644506454467773,-346.427001953125,-3.4380760192871094,-4.021523475646973,9.487504005432129,0.7930960143790182,0.3933039950624791,0.4650921193097225,0.10799856952191383,-0.8422810416259212,0.5281088485329262,0.599445594660046,-0.3686117393483911,-0.7104860059545277,-0.5015055537223816,-0.34653809666633606,-0.0047218333929777145
0.79,2.2404493379025494,2.2755534225988816,2.2917411067935993,2.1853826594956187,-86.28353118896484,-6.684868812561035,-346.3315124511719,-3.464142322540283,-4.050616264343262,9.610257148742676,0.7946479330065707,0.3911634460083824,0.4642475859659715,0.10982456197979251,-0.8447464357494382,0.5237766937107521,0.59705379000081,-0.3652322792353759,-0.7142353632033357,-0.4765932857990265,-0.3818325698375702,-0.005322602577507496
0.8,1.8755442015201134,2.2723291210929806,2.1656529485710867,2.8453385363892583,-86.31830596923828,-6.725520133972168,-346.2347717285156,-3.4904823303222656,-4.079743385314941,9.733393669128418,0.7966437405017506,0.38889586763725603,0.46272967794819986,0.11213108415234227,-0.8473348506149545,0.519085995669458,0.5939573812035669,-0.36164022877439683,-0.718631320111921,-0.5060504078865051,-0.4616231918334961,-0.004417422693222761
0.81,1.8755442015201134,2.2723291210929806,2.1656529485710867,2.8453385363892583,-86.35334777832031,-6.76646614074707,-346.1368103027344,-3.517585515975952,-4.109471321105957,9.857796669006348,0.7988779222078501,0.3864670330526745,0.4609092077322074,0.11468663749701624,-0.8500858945232999,0.5140048123433758,0.5904583309502002,-0.3577669692634914,-0.7234374576392351,-0.5880534648895264,-0.5298877358436584,-0.0047401380725204945
0.82,1.692530966156655,2.091379540403377,2.180462657632284,1.5365795168653704,-86.38865661621094,-6.807708740234375,-346.0376281738281,-3.5446813106536865,-4.13889741897583,9.982362747192383,0.8015541915375922,0.3834501163718829,0.45877760002304663,0.11772771593641812,-0.853478434747663,0.5076561299945794,0.5862175900882804,-0.352903059883403,-0.7292519231349482,-0.7465264797210693,-0.6454420685768127,-0.005941388662904501
0.83,1.6738449190397233,1.374592827697427,2.9890347234575554,2.5933720051793294,-86.42422485351562,-6.849228382110596,-345.93719482421875,-3.5678653717041016,-4.163626670837402,10.100983619689941,0.8046658728627509,0.3798500719227303,0.45631869993495067,0.12122805339830361,-0.8574869702845334,0.5000198544673096,0.5812199171735988,-0.34703028492128474,-0.7360389862148382,-0.8147607445716858,-0.703686535358429,-0.004795563407242298
0.84,1.4551848881690268,1.6270869133519785,2.219608070695105,2.442540466764032,-86.46000671386719,-6.890975475311279,-345.8356018066406,-3.589719533920288,-4.186489582061768,10.217819213867188,0.808131354767157,0.3762700359497605,0.4531496149050171,0.1250544442656654,-0.861419965981924,0.4922570752941054,0.5755737132736387,-0.3411400038899966,-0.7431947243719698,-0.7563900947570801,-0.882179856300354,-0.0031502784695476294
0.85,1.8246785797530318,2.0210725013726147,2.628209509131035,1.6818345895891424,-86.49601745605469,-6.932952404022217,-345.73284912109375,-3.610893726348877,-4.2083330154418945,10.334049224853516,0.8127337068784006,0.37298836516951017,0.4475975884115887,0.1300828950671339,-0.8650009621001657,0.48461508022010685,0.5679281311175269,-0.3356382204308141,-0.7515348447486581,-0.736506462097168,-1.1530102491378784,-0.0032233516685664654
0.86,2.4472770821884318,1.3884989408162802,1.780544005462743,2.206773988250327,-86.53221893310547,-6.975137233734131,-345.6289367675781,-3.630695343017578,-4.228590965270996,10.448905944824219,0.8182468734408117,0.36976511446153487,0.4401656668023802,0.13608574597474882,-0.8685107169001851,0.476623335949912,0.5585272812019411,-0.33009528133067056,-0.7609759400903509,-0.7003470063209534,-1.3082202672958374,-0.0015449364436790347
0.87,2.4472770821884318,1.3884989408162802,1.780544005462743,2.206773988250327,-86.5686264038086,-7.017521858215332,-345.52386474609375,-3.649515151977539,-4.247818946838379,10.563249588012695,0.8240925465775588,0.36693614793520324,0.4315429735423685,0.14244374700030493,-0.8715893574775366,0.4690861017685436,0.5482529102666286,-0.3250997620275504,-0.7705380529953096,-0.60185307264328,-1.3652902841567993,-0.002828601747751236
0.88,2.4530084059824526,2.313246645098487,3.0609428436475232,2.809089088534569,-86.60520935058594,-7.060089588165283,-345.41766357421875,-3.666846513748169,-4.265591621398926,10.676301002502441,0.8299604794289183,0.36462528228344704,0.42215400756813415,0.14891412089658784,-0.8741512849631933,0.4622597923189884,0.5375780754306448,-0.32079266593379974,-0.7798088729293667,-0.5018137097358704,-1.3917604684829712,-0.008449545130133629
0.89,1.4711644717005288,1.7534502400474143,1.5750703942686943,2.8800011440445754,-86.64197540283203,-7.102850437164307,-345.310302734375,-3.688504934310913,-4.288413047790527,10.79897403717041,0.835865644031415,0.36280196256172254,0.41195067798137014,0.15554793095276248,-0.8762380469469775,0.4560830256201838,0.5264346742989701,-0.3171460563272214,-0.788850374058242,-0.42005258798599243,-1.4794379472732544,-0.01155805867165327
0.9,3.0627319478143598,1.7753987775035007,2.0120799682901938,2.629778762463005,-86.6789779663086,-7.145850658416748,-345.20166015625,-3.708306312561035,-4.309637069702148,10.91996955871582,0.8421358641793705,0.36112864670769784,0.40049130675949995,0.1627004885291011,-0.8782015999631191,0.4497671629350122,0.5141359132517948,-0.31360492717635147,-0.7983208705498427,-0.5064427256584167,-1.6360183954238892,-0.014089073054492474
0.91,2.2933393338436625,2.0526677001505487,1.5501416187633419,1.9556562731616196,-86.71614074707031,-7.1890387535095215,-345.09185791015625,-3.7257072925567627,-4.3287248611450195,11.038557052612305,0.8487369694545583,0.35906423611976634,0.3882247171688341,0.17038077803424967,-0.8806686163899184,0.4420330062136885,0.5006155682332865,-0.3090237247293414,-0.8086336564828775,-0.5633174180984497,-1.710964560508728,-0.020092273131012917
0.92,2.2933393338436625,2.0526677001505487,1.5501416187633419,1.9556562731616196,-86.75347900390625,-7.232419490814209,-344.98089599609375,-3.741300344467163,-4.346260070800781,11.15574836730957,0.8551155416808831,0.3571732908028265,0.37577207282192987,0.17799632498641177,-0.8830234854737973,0.43426585450969846,0.48692372982546445,-0.30446143341774257,-0.8186626392440735,-0.5437554717063904,-1.6528346538543701,-0.02547641471028328
0.93,2.3738882130246544,2.8554807369465878,2.0580406021835063,2.0055009530867522,-86.79095458984375,-7.275952339172363,-344.8687744140625,-3.7533440589904785,-4.360217571258545,11.267654418945312,0.8609308361436744,0.3553627872014325,0.36402662656649587,0.18511697969881108,-0.8853530197801157,0.42647594796590793,0.4738457546545538,-0.29977878483751863,-0.8280114014657026,-0.5638943314552307,-1.541255235671997,-0.028843147680163383
0.94,2.41165650185037,2.320851171344965,2.276994053523648,2.425637441440557,-86.82854461669922,-7.31962776184082,-344.7555236816406,-3.766345262527466,-4.375737190246582,11.38399887084961,0.8661141302530845,0.35352726041763016,0.35336212235828024,0.19161046688786085,-0.8877617469365694,0.4185265937251137,0.4616619351375627,-0.2947839154664573,-0.8366425167461341,-0.609767735004425,-1.3999040126800537,-0.02965480647981167
0.95,2.0422728080430352,1.507525621973425,2.0978455791161283,1.7469003309139495,-86.86627960205078,-7.363471984863281,-344.6410827636719,-3.7806077003479004,-4.393093109130859,11.505531311035156,0.8706991109546282,0.35157972198728404,0.34391097288420996,0.1974480366020699,-0.8903249252194368,0.41028746066019567,0.4504412625690584,-0.28933238087076946,-0.8446238466648005,-0.6467500925064087,-1.3148033618927002,-0.029804343357682228
0.96,2.765770285669521,2.249125326741421,3.034767542211613,2.2726291347895247,-86.9041519165039,-7.407475471496582,-344.5254211425781,-3.791105031967163,-4.406200408935547,11.619911193847656,0.8750467379787192,0.3497070955056889,0.33466125217266746,0.20304994064240756,-0.8928225854267078,0.40204297352034873,0.43939040494521214,-0.2838534451172718,-0.8522694959560257,-0.5880817770957947,-1.321505069732666,-0.030918126925826073
0.97,2.765770285669521,2.249125326741421,3.034767542211613,2.2726291347895247,-86.94210815429688,-7.451601982116699,-344.4086608886719,-3.8022334575653076,-4.420352935791016,11.738106727600098,0.8793538285503851,0.3482799817162633,0.3247120240297536,0.20866224718416637,-0.8948118815894334,0.3946793168718519,0.42801508246069303,-0.27930762771914613,-0.8595291375422179,-0.42923322319984436,-1.358453631401062,-0.031190579757094383
0.98,2.5784926020346886,2.197333015874171,1.5619972903290678,3.0513259724120694,-86.9802017211914,-7.495893955230713,-344.2906188964844,-3.815898895263672,-4.438085556030273,11.865523338317871,0.8836485838309269,0.3474908741711573,0.313712085615716,0.21433868661813027,-0.8960474313353708,0.38879033966406484,0.41620200349399133,-0.27631339664418897,-0.866271781326472,-0.23279543220996857,-1.3994780778884888,-0.030582861974835396
0.99,1.63694166897188,2.2191891559488237,1.977638509498369,1.5536833618655423,-87.01841735839844,-7.54035758972168,-344.1713562011719,-3.8273937702178955,-4.453948974609375,11.9900541305542,0.8878784345201391,0.3471754419608472,0.30189583967547007,0.22006883641230285,-0.8967256508293295,0.38399585204120384,0.40403167295918996,-0.2745037698174752,-0.8725858625956489,-0.21341094374656677,-1.409827709197998,-0.03382650017738342
1.0,1.7003476733105671,1.9435068419571229,2.468023132119077,2.6512939302677516,-87.05671691894531,-7.584954261779785,-344.0509033203125,-3.8337056636810303,-4.464127540588379,12.102734565734863,0.891893728406214,0.3467232550386229,0.29035936638084286,0.22571575436532346,-0.8976354779484818,0.37855375702731264,0.39189025946169603,-0.27209103833758064,-0.8788563542442084,-0.29012513160705566,-1.380024790763855,-0.0353512316942215
1.01,2.77916322901544,1.8990832528353807,3.04147228751515,1.990579307162306,-87.0950927734375,-7.629635810852051,-343.9293212890625,-3.838101863861084,-4.472588062286377,12.212531089782715,0.8957583868120075,0.34613743425344035,0.2789368908272885,0.23128360340520893,-0.8987374705393839,0.3725303394951495,0.37963773159665176,-0.269183646711524,-0.8851075398454321,-0.3433218002319336,-1.4595398902893066,-0.034127376973629
1.02,2.464096961586222,1.5525360346335333,1.3723598280162608,3.06873330531108,-87.13349914550781,-7.674415111541748,-343.806640625,-3.843874454498291,-4.483664512634277,12.3297758102417,0.8998046759787516,0.3455801253304309,0.2663192108417588,0.23722692655629185,-0.8998240508162004,0.36611482200175843,0.3661624371825013,-0.2662537409114231,-0.8916467994936353,-0.22941848635673523,-1.574908971786499,-0.03376372158527374
1.03,2.464096961586222,1.5525360346335333,1.3723598280162608,3.06873330531108,-87.17195129394531,-7.719304084777832,-343.6827392578125,-3.848069190979004,-4.493601322174072,12.44556713104248,0.9038527786555705,0.34547330903855533,0.2523853150612277,0.24338709684736926,-0.9003340329085981,0.3607788107341514,0.35187053813130426,-0.26466360144245404,-0.8978531630877603,-0.1575191617012024,-1.6392590999603271,-0.0385662280023098
1.04,1.7432382724387727,3.0455495283562075,3.021647543578669,2.6089920414078445,-87.21044158935547,-7.764278888702393,-343.5577392578125,-3.8497185707092285,-4.501175880432129,12.556680679321289,0.9077967942654117,0.34537145166961003,0.23795701438089145,0.24975346802416817,-0.9009499466339062,0.3548413714186417,0.33693943896691936,-0.26269326986428077,-0.9041371911588805,-0.2554224729537964,-1.7002875804901123,-0.04834633693099022
1.05,2.1413470055399895,1.739604893558531,2.4654782475707853,3.039769105245548,-87.24897003173828,-7.809335231781006,-343.43157958984375,-3.851978063583374,-4.510986328125,12.674935340881348,0.911633510228718,0.34510139601019085,0.223224930283075,0.2563250202486692,-0.9019389087162227,0.3475682507627944,0.321281538564832,-0.2596367297121245,-0.9106958556849855,-0.3850975036621094,-1.7894959449768066,-0.050630152225494385
1.06,2.6135804727224587,1.901195412662192,2.3644873346217894,2.060900062827577,-87.2874984741211,-7.854499340057373,-343.30419921875,-3.853553533554077,-4.521126747131348,12.795975685119629,0.9154788272810004,0.34461761723272144,0.207695004015614,0.2631760052793366,-0.9033074198819893,0.338783257306725,0.30436311709110714,-0.2554885576282929,-0.9176539052799808,-0.4707040786743164,-1.95900559425354,-0.0506037175655365
1.07,2.636129281817239,1.7789288708530044,1.50631091854626,2.741364603141667,-87.3260269165039,-7.899749279022217,-343.1756591796875,-3.8524329662323,-4.528445243835449,12.911808013916016,0.9193428579840487,0.3441781832734666,0.1906569894661555,0.27042451031187875,-0.9047042754297144,0.32921233002695455,0.285795895170491,-0.25110068135664604,-0.9248076308757006,-0.4162904620170593,-2.064359188079834,-0.053299032151699066
1.08,2.636129281817239,1.7789288708530044,1.50631091854626,2.741364603141667,-87.36455535888672,-7.9450602531433105,-343.0459899902344,-3.8490216732025146,-4.533596038818359,13.023993492126465,0.9229098203328527,0.3439948463565641,0.17293064856556162,0.27763650491524816,-0.9057912520687019,0.32009401558645145,0.2667497603965696,-0.24740604955404366,-0.9314691685570893,-0.3772376477718353,-2.0624070167541504,-0.058661263436079025
1.09,2.9242841285233094,1.662379034567084,2.37488343676375,2.4019694643559264,-87.40300750732422,-7.990416049957275,-342.91522216796875,-3.84379506111145,-4.537372589111328,13.13449764251709,0.9260623147115965,0.34392138106341413,0.1553276308917183,0.2846792613705718,-0.9068719506430531,0.31071044926485775,0.24772223843754043,-0.24351868261859905,-0.937727222490206,-0.4245540201663971,-2.0412750244140625,-0.06696564704179764
1.1,2.3983987042084047,2.226871425178335,1.587116156376994,1.9270406341887458,-87.44141387939453,-8.035808563232422,-342.7832946777344,-3.837515354156494,-4.541181564331055,13.247559547424316,0.9288062647502344,0.34397214889078587,0.1378480444118542,0.2915543413993673,-0.907930588970308,0.301094854860077,0.2287247003974399,-0.23946859167641316,-0.9435781923235704,-0.3608970642089844,-2.0420634746551514,-0.07415264844894409
1.11,2.718532342418099,2.1138254791282094,2.18455463216294,1.7312554895737449,-87.47975158691406,-8.081233978271484,-342.6502685546875,-3.829366445541382,-4.543313503265381,13.357809066772461,0.9311525926908522,0.34428138313645434,0.12010486397625178,0.29825163759810563,-0.9086295445000916,0.2922983262552223,0.20976369989860563,-0.23635287196733196,-0.9487552424717565,-0.2917381227016449,-1.9759504795074463,-0.0783608928322792
1.12,1.5739124390250048,1.476026239602131,2.0272738078390113,2.291545707566333,-87.51799774169922,-8.126669883728027,-342.5161437988281,-3.8195059299468994,-4.544073104858398,13.46587085723877,0.9330113949870509,0.34472469497254377,0.10322122601676487,0.3044765177556481,-0.9091555599736076,0.28413063527974314,0.1917909981195987,-0.23366868092485682,-0.9532130719808272,-0.21279437839984894,-1.8432763814926147,-0.0802358016371727
1.13,2.324059871454064,1.7275330961144095,2.544636196132286,2.6866887831899398,-87.55613708496094,-8.17210865020752,-342.3810119628906,-3.807892084121704,-4.542917251586914,13.569387435913086,0.9344689695125198,0.34531837233034907,0.08673503761069082,0.31033952098161904,-0.909381301016773,0.27697478419152266,0.17451970299971506,-0.23190703113998024,-0.9569545455102514,-0.15199007093906403,-1.8621922731399536,-0.0815483033657074
1.14,2.324059871454064,1.7275330961144095,2.544636196132286,2.6866887831899398,-87.59416198730469,-8.21753215789795,-342.24481201171875,-3.795250654220581,-4.542050361633301,13.675653457641602,0.9356924772026117,0.3459792108041063,0.06912288910200548,0.31638073082121776,-0.9095107108717212,0.2696173213550065,0.15614999606619437,-0.23040974914483214,-0.9604834856610204,-0.12025248259305954,-2.0147478580474854,-0.08381975442171097
1.15,1.5238945798975512,2.6233541157058107,1.4799465411205883,2.0039074209914967,-87.63204193115234,-8.262955665588379,-342.10748291015625,-3.7816991806030273,-4.5425615310668945,13.788711547851562,0.9366447229123551,0.34672376526382465,0.0497925058790391,0.322732080291501,-0.909474205074098,0.2621081354242136,0.1361641193235502,-0.22943256287221742,-0.9637530968576591,-0.05529145523905754,-2.181030750274658,-0.08675315231084824
1.16,2.8455407233099645,1.4750789394869959,2.973829574857062,1.9304227145542034,-87.66978454589844,-8.308374404907227,-341.9690856933594,-3.766237258911133,-4.540727615356445,13.895180702209473,0.9372188217457272,0.34751519305358186,0.02922448908848011,0.32926632162621533,-0.9093794507323488,0.25419029097995366,0.1149111378774603,-0.22860928498786637,-0.9667125866611254,-0.14447669684886932,-2.222482442855835,-0.0872439295053482
1.17,1.6923424614939895,2.5174031635395906,2.810613086117108,1.7418423779543646,-87.70736694335938,-8.353767395019531,-341.8296203613281,-3.749203681945801,-4.538366794586182,14.001906394958496,0.9373400525787422,0.34829984241698236,0.008991418352306088,0.3355928340117564,-0.9094784340050249,0.24541073293506466,0.09365402069125854,-0.22701585374610544,-0.9693774943520653,-0.07212097942829132,-2.2321503162384033,-0.08724009245634079
1.18,3.040923993009714,2.1192986416438826,2.3325895254233555,2.070828687732517,-87.74476623535156,-8.399142265319824,-341.6890563964844,-3.730668783187866,-4.536304473876953,14.112055778503418,0.9370024029466435,0.34910543085501416,-0.012324569759294721,0.34184222594046004,-0.9091034179236628,0.23806484008266798,0.07190542007587637,-0.22728038557484398,-0.9711710646928597,0.10050691664218903,-2.288740396499634,-0.08404342085123062
1.19,3.040923993009714,2.1192986416438826,2.3325895254233555,2.070828687732517,-87.78197479248047,-8.44449520111084,-341.54736328125,-3.7103922367095947,-4.534317493438721,14.224478721618652,0.9361822814668745,0.349837065956195,-0.034303981556642466,0.347961801333989,-0.9084555469949545,0.2315839026066006,0.04985299068143391,-0.22874122150862708,-0.9722099222404892,0.2279854416847229,-2.263317584991455,-0.08181769400835037
1.2,1.6837487914109586,1.9895671461652729,1.7522724587837595,1.762391029916879,-87.8189697265625,-8.489829063415527,-341.404541015625,-3.688244581222534,-4.532649517059326,14.339844703674316,0.934891732156075,0.3504634165585621,-0.05615018076830434,0.3537880133577394,-0.9074438829271148,0.22667077655168724,0.02848667672083722,-0.23177789582326588,-0.9723515394429845,0.4058264493942261,-2.1668813228607178,-0.08344025909900665
1.21,2.8742065730031885,2.746990074018044,1.661468463048242,2.295174845548698,-87.8557357788086,-8.535138130187988,-341.2605895996094,-3.665009021759033,-4.528336048126221,14.444766998291016,0.9331747260095754,0.3509377270777279,-0.07763789313519462,0.35933403220940524,-0.9061112362652451,0.22325205667585515,0.007999002005492507,-0.23623111401207772,-0.9716639731612616,0.4762536287307739,-2.1018221378326416,-0.08363492041826248
1.22,1.510689555036057,2.4444740252386272,2.7052520158703524,1.9700696346339557,-87.89226531982422,-8.58039665222168,-341.1156311035156,-3.6401262283325195,-4.52409029006958,14.550381660461426,0.9310749830345468,0.3513158026276599,-0.09836962331584648,0.3646392631051631,-0.9047963865915905,0.21995842019101008,-0.011729610792437,-0.24066720930547314,-0.9705368156828331,0.4267933666706085,-1.97011399269104,-0.08424340188503265
1.23,1.9966191580793806,2.7763418334778014,1.8041297271460661,2.4348352701563094,-87.92854309082031,-8.62562084197998,-340.9696044921875,-3.613389492034912,-4.520679950714111,14.660027503967285,0.9287111683551931,0.3516676010252052,-0.1175817339619956,0.36957944976358637,-0.9036227890042808,0.2165107052886066,-0.03010973405357832,-0.24453170260991142,-0.9691736946151194,0.3728196620941162,-1.9112411737442017,-0.08194033056497574
1.24,1.9966191580793806,2.7763418334778014,1.8041297271460661,2.4348352701563094,-87.96453857421875,-8.670807838439941,-340.82244873046875,-3.5853490829467773,-4.516853332519531,14.76833724975586,0.9259912530762113,0.35199923186219306,-0.13651644587658324,0.37441713075578953,-0.9026317209520183,0.2122917533202829,-0.04849754038041564,-0.24769440264088302,-0.9676236207727806,0.24436308443546295,-1.905709981918335,-0.0785246193408966
1.25,2.9418837334268675,1.575532106553372,2.9433535467613074,2.4861709556667746,-88.000244140625,-8.715956687927246,-340.6742248535156,-3.5557875633239746,-4.513025283813477,14.877556800842285,0.9229900845320537,0.3525181517570365,-0.15433812405661584,0.37904757700666025,-0.902042584168146,0.20649966274217807,-0.06642468081136967,-0.2490986331336571,-0.96619751228724,0.03251524642109871,-1.839361310005188,-0.07743357867002487
1.26,1.4218024860036007,1.7874261663737976,1.5707736319792807,1.891184890698061,-88.03564453125,-8.761070251464844,-340.5248718261719,-3.5242342948913574,-4.509694576263428,14.990802764892578,0.9197274918667344,0.35322801608016685,-0.17126385888620968,0.38347522085269947,-0.9017380846763681,0.19953741913778641,-0.08395293739053747,-0.24919549614763245,-0.9648074984178119,0.056088440120220184,-1.8638241291046143,-0.07881978154182434
1.27,1.5523768957608821,1.569155517681715,2.0373707252158004,2.0814709214589016,-88.07072448730469,-8.806142807006836,-340.37445068359375,-3.4933769702911377,-4.503725528717041,15.093107223510742,0.9160143357665982,0.35375851429366434,-0.1891365914750937,0.3879330491690206,-0.9012114471252768,0.1931990603827825,-0.10210624874366643,-0.250345443607634,-0.9627572242431592,0.11576496809720993,-1.9342294931411743,-0.08019595593214035
1.28,1.4059415803882682,2.790078072419282,1.5024217943220166,3.002767941565467,-88.10551452636719,-8.8511381149292,-340.2230529785156,-3.4634265899658203,-4.495362758636475,15.184928894042969,0.9118177274249357,0.3543099895292633,-0.20749183905252616,0.3924004395274867,-0.9007230746547059,0.18633260005487198,-0.12087318566274863,-0.25132125676979056,-0.9603266625911167,0.07670523226261139,-2.0263612270355225,-0.08028772473335266
1.29,2.3308642911059896,2.5561070377638186,3.0381773089935376,2.400758623883287,-88.1399917602539,-8.896053314208984,-340.0707092285156,-3.4309258460998535,-4.488076686859131,15.28377914428711,0.9070250926224593,0.35505323785722503,-0.22636845990623317,0.39691308767397554,-0.9004112554897762,0.17809989281421884,-0.14058976558174535,-0.25138967614925245,-0.9576208793354727,-0.15414980053901672,-2.1145336627960205,-0.08057130128145218
1.3,2.3308642911059896,2.5561070377638186,3.0381773089935376,2.400758623883287,-88.17412567138672,-8.940905570983887,-339.9173278808594,-3.3941116333007812,-4.482733249664307,15.39582633972168,0.9016823810023952,0.3564381747944347,-0.24478707347215783,0.4013423169361659,-0.9005702931294811,0.1670254225230116,-0.16091372976275753,-0.24884729189181948,-0.955082089085512,-0.3302115201950073,-2.18127703666687,-0.07943805307149887
1.31,2.751141968752484,2.566605691446437,1.7238784542313157,1.406735966132226,-88.20787048339844,-8.985709190368652,-339.7627868652344,-3.354031562805176,-4.477880001068115,15.515241622924805,0.8957618037295648,0.3579535036151603,-0.26359074382228964,0.40562083510933944,-0.9007715366162022,0.15518497655149444,-0.18188603328556766,-0.24592667214378594,-0.9520701354542763,-0.29973337054252625,-2.258213996887207,-0.07665199041366577
1.32,1.4660740699638533,2.363750353738964,2.3397085623207627,1.8919886415561054,-88.2412109375,-9.03045654296875,-339.6070556640625,-3.3145198822021484,-4.470993995666504,15.627385139465332,0.8893895536323533,0.35936076818466184,-0.28257045170961104,0.4096395203872805,-0.9008650189633125,0.14365820876340443,-0.20293271108060096,-0.2435201344816499,-0.9484283098239512,-0.2336440086364746,-2.1483314037323,-0.07497318834066391
1.33,2.37797137846294,2.1278259044086423,2.5748116372619223,2.8908090703671423,-88.274169921875,-9.075121879577637,-339.45025634765625,-3.276456356048584,-4.462009906768799,15.73038101196289,0.8830914798308753,0.36065723205319744,-0.3001263054412944,0.4131711544730243,-0.9008653992517206,0.13315828754706466,-0.22234890456564743,-0.24159448130858563,-0.9445597234900991,-0.2298411726951599,-2.0417559146881104,-0.07215548306703568
1.34,2.0850059591193597,1.6475936269350009,2.1910119350381034,2.2870546445619646,-88.30673217773438,-9.119696617126465,-339.29241943359375,-3.235464096069336,-4.453217506408691,15.83910083770752,0.8764480776902315,0.36205288415455605,-0.31742160636677774,0.41645383641319733,-0.9008891203500526,0.12233149623722511,-0.24167120070423753,-0.23940865044997012,-0.940360850333475,-0.2627430558204651,-2.1146233081817627,-0.07104930281639099
1.35,2.0850059591193597,1.6475936269350009,2.1910119350381034,2.2870546445619646,-88.33887481689453,-9.164180755615234,-339.13348388671875,-3.193469524383545,-4.4437408447265625,15.94751262664795,0.8690956118738168,0.3635301561249413,-0.33543798683132364,0.41963534332384994,-0.9008918806222769,0.11090535632840973,-0.26187591728746273,-0.23714899328614655,-0.9355112820956338,-0.24655160307884216,-2.22802734375,-0.07304129749536514
1.36,1.5080406155885795,2.677222891649218,1.5920555860175822,1.4378482499593903,-88.37060546875,-9.208564758300781,-338.9735107421875,-3.152468204498291,-4.432898998260498,16.050016403198242,0.860955167415225,0.36494248842088883,-0.35436306219214136,0.4227011621041745,-0.9008147440989774,0.0992800300648351,-0.2829839699643822,-0.23526533310087067,-0.929822722772537,-0.19906018674373627,-2.3353590965270996,-0.0753832459449768
1.37,2.345808996066531,2.9901345501089054,2.855723985074775,2.0384834488363786,-88.40192413330078,-9.252835273742676,-338.8125305175781,-3.112335205078125,-4.420984268188477,16.1476993560791,0.852143154276091,0.3663464814087924,-0.3736874364757148,0.42557060434183897,-0.9006888002939412,0.0874605382168612,-0.3045352284063636,-0.23355928708672322,-0.9234220887952732,-0.2508930265903473,-2.311155080795288,-0.0741947740316391
1.38,1.952997157457118,2.8311790977434663,2.7156829067814074,2.917424241733027,-88.43283081054688,-9.296984672546387,-338.6505432128906,-3.0675506591796875,-4.409329414367676,16.25444793701172,0.8432365323658793,0.3680743592136646,-0.39175683347328893,0.4280566965059074,-0.9006181230097874,0.07519615071782164,-0.32514552904817495,-0.23110227734874883,-0.9169907973061697,-0.307504802942276,-2.214451789855957,-0.06952660530805588
1.39,2.413318624917827,1.5617307782872043,2.2155198453071083,1.7792848975460303,-88.46324920654297,-9.341021537780762,-338.4873962402344,-3.0165019035339355,-4.39795446395874,16.37331199645996,0.8341399934019877,0.36997895663718816,-0.40905506115068346,0.4301884990914837,-0.9005587042489116,0.06270466849396142,-0.3451786880106422,-0.2282752545660144,-0.910352723671475,-0.38865935802459717,-2.235191822052002,-0.06570221483707428
1.4,2.413318624917827,1.5617307782872043,2.2155198453071083,1.7792848975460303,-88.4931640625,-9.38493824005127,-338.3230895996094,-2.967864751815796,-4.385200023651123,16.484210968017578,0.8244268821375904,0.3722148074778918,-0.42635249864764235,0.4320442601818574,-0.9005054008471294,0.04927251048062001,-0.36559276969437393,-0.22482473204553624,-0.9032141310939781,-0.3679397404193878,-2.285351037979126,-0.06537871062755585
1.41,2.6060967201497536,3.0133301369819234,1.4831671073885713,2.7646089316002436,-88.52262115478516,-9.42872142791748,-338.1577453613281,-2.9224565029144287,-4.371194839477539,16.586179733276367,0.8142099911206664,0.37398647355824627,-0.44406779657474765,0.43362319469471894,-0.9003422790676665,0.03680632480954943,-0.3860479444085024,-0.22252617400815422,-0.895236888482184,-0.19024616479873657,-2.2946054935455322,-0.06704980880022049
1.42,2.380082640628805,1.502407381432475,2.043609866659092,1.6489016984045919,-88.5516128540039,-9.47236156463623,-337.9913330078125,-2.8727593421936035,-4.356891632080078,16.69498062133789,0.8036976733083876,0.37529711922224623,-0.4617598100984619,0.4349433412322516,-0.9000976636465097,0.02546538465879021,-0.40607184073315117,-0.2213058250511678,-0.8866393810123778,-0.218135803937912,-2.202537775039673,-0.06974253803491592
1.43,2.2344386228288515,1.4054396547016403,2.4774022643238474,2.5567015809665046,-88.580078125,-9.515856742858887,-337.8238525390625,-2.8232905864715576,-4.341977119445801,16.80160140991211,0.793369149139847,0.3770642302921143,-0.4778995285908227,0.4360057642213428,-0.8998373514849146,0.013846098308807855,-0.42481097768169557,-0.21935201641842667,-0.8783053718008859,-0.22806429862976074,-2.102015256881714,-0.07263033837080002
1.44,2.541976297771639,2.331342396100278,2.7862016825683544,1.7755204883850688,-88.60807800292969,-9.559198379516602,-337.65533447265625,-2.7746200561523438,-4.326448440551758,16.905193328857422,0.7827967055313196,0.37842559569919143,-0.49398723296156605,0.436849641614786,-0.8995290001554279,0.0031572932092307077,-0.4431610411919638,-0.2182696644041221,-0.8694634237106047,-0.09673887491226196,-2.1735212802886963,-0.0756542906165123
1.45,2.9967813473039158,1.7807289052126178,2.118367178973733,1.4375357053467217,-88.63556671142578,-9.60238265991211,-337.4857482910156,-2.7215678691864014,-4.310490608215332,17.01504898071289,0.7713404969272724,0.37914028592771487,-0.5111618935196943,0.43749312557127806,-0.8991961997529645,-0.006779338293739293,-0.4622051523705276,-0.2184006363005329,-0.8594577122730704,0.05862819403409958,-2.237799882888794,-0.07592644542455673
1.46,2.9967813473039158,1.7807289052126178,2.118367178973733,1.4375357053467217,-88.66251373291016,-9.645405769348145,-337.3150329589844,-2.6681582927703857,-4.2941575050354,17.123897552490234,0.759593998882179,0.37883705681222457,-0.5286770670721693,0.437928020405701,-0.8988863457860469,-0.014912622269432352,-0.4808700508512914,-0.22019496303334965,-0.8486920362823124,0.2973661720752716,-2.145911693572998,-0.07558916509151459
1.47,1.8062696143058705,3.0672217096369256,1.3748601194268135,1.8595092321508742,-88.68893432617188,-9.688264846801758,-337.1432800292969,-2.6159074306488037,-4.277686595916748,17.22930145263672,0.7482053568851615,0.37703468274767543,-0.5459245295218996,0.43824749519124023,-0.8986319021720198,-0.01999593351912142,-0.4981243588572552,-0.22428899305150263,-0.8375957083874005,0.5885384678840637,-1.9830490350723267,-0.07693862915039062
1.48,2.7064783900291856,2.5879320050939016,1.424181748099288,1.5573207393853097,-88.71482849121094,-9.73095989227295,-336.9704895019531,-2.563559055328369,-4.2612996101379395,17.333406448364258,0.7374582836156481,0.37403399956464795,-0.5623645144355528,0.4385355342064324,-0.8984326220966595,-0.022481298690245316,-0.5136553953429684,-0.23003780281117706,-0.8265837792461602,0.608817994594574,-1.781814694404602,-0.0758664682507515
1.49,1.9295283015091484,1.4359662578822563,2.1106929848183817,1.7712892129942182,-88.74020385742188,-9.773491859436035,-336.796630859375,-2.510465145111084,-4.2450666427612305,17.437246322631836,0.7277696442017678,0.3715011480723747,-0.5764878506606534,0.43881806606643786,-0.8982317767078298,-0.024867251677792954,-0.5270579188971016,-0.23487565283188222,-0.8167272358839599,0.5040426850318909,-1.5061644315719604,-0.07462753355503082
1.5,1.970237935121645,1.3980626661497046,2.6374526405748564,2.793129696550701,-88.76505279541016,-9.815861701965332,-336.6217041015625,-2.459052801132202,-4.229048252105713,17.537538528442383,0.7192713054116396,0.3690421704051915,-0.5886056962636889,0.43912619575290246,-0.8980362700190275,-0.026439401163721385,-0.5383465179742689,-0.23945507760943013,-0.8079878046060115,0.5513281226158142,-1.3781356811523438,-0.07481451332569122
1.51,1.970237935121645,1.3980626661497046,2.6374526405748564,2.793129696550701,-88.78938293457031,-9.858073234558105,-336.4458312988281,-2.405329942703247,-4.213101863861084,17.639915466308594,0.7104736287446108,0.3660194463956733,-0.6010465769960508,0.43941678270722573,-0.8978666411701458,-0.027356639944831798,-0.5496727334821107,-0.24467378186893107,-0.7987456582243556,0.6391339898109436,-1.530705451965332,-0.07607599347829819
1.52,2.5820594619862236,2.409044114340928,2.78217583083819,2.8044899669505394,-88.81314849853516,-9.900125503540039,-336.2688903808594,-2.3472752571105957,-4.1971845626831055,17.746929168701172,0.7000643828340276,0.3624669389720923,-0.6152459492263349,0.4396437267726057,-0.8977158886344945,-0.02862825182707754,-0.5626928588463753,-0.25044740255267506,-0.7878152354187573,0.7071807980537415,-1.8062717914581299,-0.07822690904140472
1.53,2.1553656973696196,1.7534475056749035,1.873355380872514,1.7425722882970056,-88.83631134033203,-9.942018508911133,-336.0908508300781,-2.2827227115631104,-4.181210994720459,17.860876083374023,0.6878239994230201,0.3584468321088492,-0.6312004549814997,0.4397857787398858,-0.8975852100613636,-0.03048375792533302,-0.5774829994345062,-0.2566255233413632,-0.7750204682031939,0.7519508600234985,-1.9980109930038452,-0.07934576272964478
1.54,1.4618780804648037,1.6074062173380246,2.818771823906193,1.8401221535784884,-88.85881805419922,-9.98375129699707,-335.91168212890625,-2.2211413383483887,-4.165634632110596,17.969797134399414,0.6745588540680222,0.35403171347227846,-0.6477900109250831,0.439859502582026,-0.8974798998986665,-0.032456852376230416,-0.5928692692210733,-0.2630425348375473,-0.7611272262109064,0.8065645098686218,-2.0372841358184814,-0.07958877086639404
1.55,1.829668713847362,1.7271582360291755,2.357327958133346,2.9996779796582995,-88.88075256347656,-10.0253324508667,-335.7314758300781,-2.165682792663574,-4.150671005249023,18.07036590576172,0.6607154672976354,0.3489584070251966,-0.6645924325781213,0.43987962472964287,-0.8974168996085479,-0.033894306965776694,-0.6082441837135609,-0.2699461769750018,-0.7464369193141542,0.9085632562637329,-2.1366400718688965,-0.07706053555011749
1.56,2.283919933157767,3.051900164929691,1.9591096501129985,2.9732614713518775,-88.90210723876953,-10.066765785217285,-335.5502624511719,-2.106173515319824,-4.135880947113037,18.174650192260742,0.6453398372028162,0.3431491014976611,-0.6824845702727572,0.4397838115708115,-0.8974071998143126,-0.03536264698354501,-0.6246012276639322,-0.277324740805399,-0.7300440360265444,0.9303154945373535,-2.3611831665039062,-0.07545530796051025
1.57,2.283919933157767,3.051900164929691,1.9591096501129985,2.9732614713518775,-88.92283630371094,-10.108050346374512,-335.3679504394531,-2.0379059314727783,-4.121012210845947,18.287290573120117,0.6282274817229985,0.3376526228497875,-0.7009428917469946,0.4395696717798402,-0.8973909192419405,-0.038315032473805244,-0.6419569571702946,-0.28404268049848486,-0.7121874899181342,0.7629826664924622,-2.4629671573638916,-0.07586424052715302
1.58,1.4616325048306948,2.0277096058117365,2.834516048358659,2.6681670588399946,-88.94286346435547,-10.149185180664062,-335.1844787597656,-1.9638442993164062,-4.106043338775635,18.404542922973633,0.6105928118053675,0.3336466843450651,-0.7182313751133121,0.43925533856714033,-0.8973127748886521,-0.04341119166636341,-0.6589621883779689,-0.28898040426155414,-0.6944488175819342,0.4944100081920624,-2.427764654159546,-0.07608535140752792
1.59,3.052922598901835,2.23059953588117,2.769192651499444,1.3740306385491963,-88.96212768554688,-10.190171241760254,-334.9998474121094,-1.8921624422073364,-4.091211795806885,18.518268585205078,0.5924957255984812,0.33127966550047433,-0.7343041593055452,0.43878174237443673,-0.8971617879274046,-0.050708074719479745,-0.6755881864763348,-0.2921549409282629,-0.676923993358797,0.31746435165405273,-2.539597511291504,-0.07468137890100479
1.6,1.5306497392898089,2.0913109017258895,1.7725280274922415,1.4225822869107847,-88.98070526123047,-10.231009483337402,-334.8141174316406,-1.8218244314193726,-4.076309680938721,18.629802703857422,0.5729896710313003,0.3291681498170499,-0.7505539061502928,0.438013116260324,-0.8970291778288133,-0.05901833704606971,-0.6926957101609352,-0.2949355578254066,-0.6581684205846208,0.43667423725128174,-2.586305856704712,-0.0718831941485405
1.61,1.7464906896551047,2.084472321719875,2.5758392214368695,1.6147088541077208,-88.99858856201172,-10.271698951721191,-334.6272888183594,-1.7586814165115356,-4.061893939971924,18.734411239624023,0.5534875233726854,0.32555228095708316,-0.7665945954899576,0.4370595086383496,-0.8970522050183741,-0.06539363409749803,-0.7089644189799482,-0.2988528966486914,-0.638792923242823,0.5695710778236389,-2.50179123878479,-0.06823739409446716
1.62,1.7464906896551047,2.084472321719875,2.5758392214368695,1.6147088541077208,-89.01588439941406,-10.312248229980469,-334.439453125,-1.698807716369629,-4.047844886779785,18.835878372192383,0.5340138046468894,0.32135049545469835,-0.7820250095218013,0.43595327644000387,-0.8971666937137304,-0.07096946140417525,-0.7244128637785079,-0.30302769306087035,-0.6191932008916341,0.6215475797653198,-2.4918711185455322,-0.06317849457263947
1.63,2.290186679059517,1.5550553179862832,2.579381476781328,2.563772282302836,-89.03255462646484,-10.352655410766602,-334.2506103515625,-1.6352994441986084,-4.033620834350586,18.939990997314453,0.5139833595656578,0.3164052596216458,-0.797313500307977,0.43464714254803516,-0.8973943988101236,-0.07592861423102858,-0.7395288821705528,-0.30752399039420525,-0.5987704299375487,0.7126689553260803,-2.5351436138153076,-0.05723651498556137
1.64,1.684062177928499,3.0317963948757907,2.5194660346230977,2.3645394130483868,-89.04857635498047,-10.392919540405273,-334.0606689453125,-1.5669550895690918,-4.019124507904053,19.047317504882812,0.49302358043778477,0.3105319086303465,-0.8127100853654403,0.4331268722759396,-0.8977512805978688,-0.08027297613361854,-0.754538840381838,-0.31243010723565157,-0.5771122650299075,0.8191064596176147,-2.6503467559814453,-0.05490750074386597
1.65,2.9097601961193753,1.8724978183643453,1.8649448427868873,2.8761919779063394,-89.06387329101562,-10.433035850524902,-333.86962890625,-1.4919345378875732,-4.004194259643555,19.15877914428711,0.4706132323584964,0.30400556268856416,-0.828313831457315,0.4313783804354314,-0.8981991417330435,-0.08456355410534676,-0.76969856334931,-0.3175199515690836,-0.5538458286685697,0.7867883443832397,-2.7488045692443848,-0.05174645781517029
1.66,2.8490831004405908,1.4868399734153859,2.3681635021834,1.901151793338793,-89.07840728759766,-10.473002433776855,-333.677490234375,-1.413506031036377,-3.989100456237793,19.271711349487305,0.44736645845776507,0.298078700040575,-0.8432154768676139,0.42942737070032977,-0.8986223467866976,-0.08983324077962333,-0.7845096463016616,-0.3219114263857204,-0.5300166491931668,0.7110626101493835,-2.7690634727478027,-0.052041761577129364
1.67,2.8490831004405908,1.4868399734153859,2.3681635021834,1.901151793338793,-89.09217834472656,-10.512818336486816,-333.48419189453125,-1.337532639503479,-3.974372625350952,19.382291793823242,0.4236675506514674,0.29192291940078113,-0.8574886679446623,0.4273544959162681,-0.8990856921590302,-0.09493710009827425,-0.7986701079576839,-0.3262298687788143,-0.5056680050897218,0.840624213218689,-2.765368938446045,-0.055966246873140335
1.68,2.009951787606077,1.8612782783460438,2.5924715664509708,2.7207634165698575,-89.10518646240234,-10.552491188049316,-333.28985595703125,-1.263956904411316,-3.960085153579712,19.4907283782959,0.39962913081267676,0.2837639737909788,-0.8716504832696746,0.4251998159032147,-0.8997806988681314,-0.09797862266969086,-0.8120970843204506,-0.331470513202502,-0.4802349680265829,1.1075468063354492,-2.757129430770874,-0.05833883211016655
1.69,2.4635388724502603,1.5495670682485967,1.9932035919740665,1.6796418562766582,-89.117431640625,-10.592020988464355,-333.0943908691406,-1.1875889301300049,-3.9458489418029785,19.5999698638916,0.37496833921911393,0.27341381183377395,-0.8858011244527664,0.42298290960351165,-0.9007171511908859,-0.0989650025712233,-0.8249146639299165,-0.3375699942961465,-0.4533897839434547,1.2552047967910767,-2.8521769046783447,-0.058984894305467606
1.7,1.9600782408314394,1.9183735997823863,1.635269327382601,2.738430588954171,-89.12892150878906,-10.631410598754883,-332.8978271484375,-1.114279866218567,-3.932436227798462,19.706897735595703,0.3488797748664076,0.26201641519894825,-0.8997945881452375,0.4206295062845604,-0.9017600444036854,-0.09949693844471282,-0.837468638894599,-0.34376768388456236,-0.42481767663866327,1.3692160844802856,-2.920990228652954,-0.05889863520860672
1.71,2.0221219824112135,2.8195308724084347,2.719243705466958,2.998552488382332,-89.13971710205078,-10.670671463012695,-332.7002258300781,-1.0431861877441406,-3.9197986125946045,19.812030792236328,0.3221924044272047,0.24952468909997488,-0.9131973959987939,0.41825782326864286,-0.9029015153331981,-0.09914255838736438,-0.8492658287038245,-0.35000897579715884,-0.3952736635009099,1.3765044212341309,-2.9468202590942383,-0.06010059267282486
1.72,3.0031394359715673,1.5932112407688581,1.90924710277898,1.6191964760782431,-89.14974212646484,-10.70980453491211,-332.5015563964844,-0.960069477558136,-3.9063827991485596,19.921464920043945,0.294578112357952,0.23769260773534234,-0.9255949221703835,0.4158340226835137,-0.9039489740038387,-0.0997913722535888,-0.860410251739525,-0.3554975057934725,-0.3651242556666802,1.2295914888381958,-3.038224935531616,-0.05923052504658699
1.73,3.0031394359715673,1.5932112407688581,1.90924710277898,1.6191964760782431,-89.15892028808594,-10.748800277709961,-332.30181884765625,-0.8771426677703857,-3.8933775424957275,20.029701232910156,0.266006273427508,0.2265239693800103,-0.9369778833000989,0.41328995637215804,-0.9049312150766227,-0.10144411240602783,-0.8708800574471259,-0.3602587782084863,-0.3343374616530717,1.2725627422332764,-3.0256564617156982,-0.05879299342632294
1.74,2.860585597394902,1.495240883204871,1.5845786321643462,2.4596902687489175,-89.16731262207031,-10.787674903869629,-332.1009521484375,-0.8018558025360107,-3.881549596786499,20.13396453857422,0.23796124115366715,0.21361069645714584,-0.9474940200696254,0.41082342762693136,-0.9060921883799147,-0.101099245643857,-0.880112810395046,-0.36519503900791217,-0.30337110024282743,1.509660005569458,-2.8930821418762207,-0.060691311955451965
1.75,2.2092688769496474,2.4056834692175744,2.8897459002615227,2.217729902158878,-89.17498016357422,-10.826432228088379,-331.8990783691406,-0.7258740067481995,-3.8701441287994385,20.237319946289062,0.2108189043602796,0.1984156399026883,-0.9571763805100596,0.40855924598853244,-0.9074423863536017,-0.09812062966656229,-0.8880510864142971,-0.37037757665777704,-0.2723705538921183,1.6812355518341064,-2.7960500717163086,-0.06484539061784744
1.76,1.7494816933026973,2.2010660515421434,3.020265079675032,2.6883681817826757,-89.18183898925781,-10.865077018737793,-331.6961975097656,-0.642443835735321,-3.858616590499878,20.34142303466797,0.18388260806280746,0.18193154594243208,-0.9659648539377697,0.40647988546381186,-0.9088327519924627,-0.09379302542904266,-0.894964406647184,-0.3753983770566988,-0.24107005068620688,1.7693885564804077,-2.80055570602417,-0.06493829935789108
1.77,2.3913201315093175,1.53819620385358,2.721966075743974,2.045200066001117,-89.18781280517578,-10.903605461120605,-331.4922790527344,-0.5530605316162109,-3.847219944000244,20.445310592651367,0.15603596271142517,0.1646520968162194,-0.9739314479750314,0.40443475808716456,-0.9102177490111926,-0.08908521670835653,-0.9011577579934025,-0.37999123200281937,-0.20861773368839975,1.7996208667755127,-2.949887275695801,-0.05976920574903488
1.78,2.3913201315093175,1.53819620385358,2.721966075743974,2.045200066001117,-89.19290924072266,-10.942025184631348,-331.287353515625,-0.4668760895729065,-3.836812734603882,20.54652976989746,0.12617375207967835,0.1467822203593601,-0.9810887646245431,0.4023120569110493,-0.9115813185527032,-0.08464341988433502,-0.9067663387831159,-0.384024061032758,-0.17406989227828001,1.9120283126831055,-3.124711275100708,-0.05562373995780945
1.79,1.7692548465590936,2.26976903327879,1.4486211265086473,2.039705126934668,-89.19715881347656,-10.980348587036133,-331.0814208984375,-0.3841375410556793,-3.8273661136627197,20.64497184753418,0.09469847462096725,0.12694892466864988,-0.9873784327348534,0.4001920216973908,-0.9130193475143843,-0.07900643539714405,-0.9115253944209218,-0.3876591822592127,-0.13726548632449975,2.1354944705963135,-3.253051519393921,-0.05266782268881798
1.8,1.8624917107640488,2.5162281227293795,2.2797960877445025,1.5756449295090045,-89.20063018798828,-11.018579483032227,-330.8744812011719,-0.3068503439426422,-3.819053888320923,20.74038314819336,0.06214458093628705,0.10533314678744976,-0.9924933144601563,0.39817781914387984,-0.9144687171220065,-0.07212066102758177,-0.9152007842009736,-0.39070691521021894,-0.09877059787628006,2.1740434169769287,-3.2793943881988525,-0.049367863684892654
1.81,2.4462171816327922,2.10439757955224,1.9164097633549204,2.539557732095293,-89.20333862304688,-11.056732177734375,-330.6665954589844,-0.2310592085123062,-3.811530590057373,20.833158493041992,0.029776264389082582,0.08412125730830844,-0.9960105361630973,0.3963691852219431,-0.9157522157726548,-0.06549311653880888,-0.9176082187325505,-0.392837744337713,-0.060610754310874385,2.1159870624542236,-3.217909812927246,-0.043273065239191055
1.82,2.1112621866094177,2.080525197483477,2.870038405347892,1.7992952054466191,-89.20525360107422,-11.094810485839844,-330.45782470703125,-0.14922349154949188,-3.804203987121582,20.92359733581543,-0.0020812198773711,0.0631385540010985,-0.9980026009597731,0.39475631205968464,-0.9169004227022044,-0.058830850219553754,-0.9187835014914334,-0.3940902661157327,-0.023016071340957137,2.088352680206299,-3.1751012802124023,-0.03916143253445625
1.83,2.840845960143307,2.627710087231894,2.53151858047506,1.7059702176934446,-89.2063217163086,-11.132817268371582,-330.2481689453125,-0.06435348093509674,-3.7972590923309326,21.011001586914062,-0.03384186905983824,0.04214002967006686,-0.9985384047686614,0.3933372141549946,-0.9179186828369679,-0.052068490084063224,-0.9187712249843947,-0.3945244093820459,0.014488841997314903,2.1507532596588135,-3.1975486278533936,-0.03501077741384506
1.84,2.840845960143307,2.627710087231894,2.53151858047506,1.7059702176934446,-89.20652770996094,-11.170757293701172,-330.0376281738281,0.024245191365480423,-3.7906858921051025,21.094762802124023,-0.06567830213103065,0.01990494016437752,-0.9976422976128456,0.3920894518928669,-0.9188672405024543,-0.04414584970023919,-0.9175795455128326,-0.3940644461106044,0.052545123161015554,2.3045096397399902,-3.1425180435180664,-0.028415486216545105
1.85,2.1138017617559415,1.4516635341296762,2.18851463502003,1.4858573955625967,-89.20582580566406,-11.208633422851562,-329.8262939453125,0.11626186221837997,-3.784618854522705,21.17435073852539,-0.09623483651826346,-0.003891149417476397,-0.9953510512359516,0.3911131780702225,-0.9197062228904719,-0.03421908117340461,-0.915297404224503,-0.3925879806269577,0.09002965781970941,2.4673593044281006,-2.9837350845336914,-0.02203696221113205
1.86,2.1836318206688277,1.5987325781964588,1.766584055810539,2.327067605167392,-89.20426177978516,-11.246453285217285,-329.61419677734375,0.197177916765213,-3.779696226119995,21.250804901123047,-0.12532968400460226,-0.029326956319340125,-0.9916816020983498,0.3904590063261207,-0.9203543188079102,-0.02212899072360902,-0.9120494694292217,-0.3899844323619478,0.12679869017148543,2.656541109085083,-2.9026613235473633,-0.016716819256544113
1.87,1.951780155500007,1.9349662726943304,2.8804387980434916,2.4272443583186902,-89.20193481445312,-11.28423023223877,-329.4013366699219,0.2702111601829529,-3.7757728099823,21.32406234741211,-0.15407446152687748,-0.05633188549094606,-0.9864521169231872,0.3901539069437868,-0.9207116971874008,-0.008360595600484022,-0.9077670346524496,-0.3861563016957393,0.1638362641754489,2.7666971683502197,-2.919140338897705,-0.014470995403826237
1.88,1.4587379042543542,1.7140167729782205,2.948242154073995,1.5817506312074165,-89.19884490966797,-11.321971893310547,-329.187744140625,0.34997236728668213,-3.7726128101348877,21.391801834106445,-0.1832108253913195,-0.0837795402411417,-0.9794972088252293,0.3902394833559397,-0.920695388386177,0.005757380872961404,-0.9023009138250505,-0.3811836702187149,0.2013754465397143,2.8190109729766846,-3.0364842414855957,-0.011265371926128864
1.89,1.4587379042543542,1.7140167729782205,2.948242154073995,1.5817506312074165,-89.1949234008789,-11.359685897827148,-328.9735107421875,0.4280189871788025,-3.7702550888061523,21.454954147338867,-0.21371425596003985,-0.11178703245957028,-0.9704791992481496,0.3907127885088792,-0.9202960874504169,0.019965678527678887,-0.8953601139737366,-0.37491168399682845,0.24035701676381288,2.9393787384033203,-3.2236056327819824,-0.0029045366682112217
1.9,2.3565547185189346,2.0953057584980126,1.6222045768599052,3.0478672683418324,-89.19029235839844,-11.397379875183105,-328.7586364746094,0.4997771680355072,-3.768540859222412,21.514062881469727,-0.2457533300597795,-0.14094576861947616,-0.959030547518062,0.3915974345722403,-0.9194788869070328,0.034785424658091174,-0.8867111987569396,-0.3670052681372147,0.2811589997822622,3.1082546710968018,-3.4166531562805176,0.008474474772810936
1.91,2.398292979531311,3.0369133407095887,2.2824026488892484,1.5132234637960742,-89.1849136352539,-11.435060501098633,-328.5432434082031,0.5759748220443726,-3.7677199840545654,21.565584182739258,-0.27897636408751986,-0.17078999389381883,-0.9449883418679075,0.39296362667781154,-0.9181970021288297,0.049938496071182975,-0.87621445798887,-0.3574143859267269,0.3232695165707579,3.11016845703125,-3.53183913230896,0.014334340579807758
1.92,1.6117123708397834,1.654140377745506,1.9756210449579648,1.441551861898588,-89.17875671386719,-11.472740173339844,-328.3273620605469,0.6569139957427979,-3.76788592338562,21.6084041595459,-0.31191873932494124,-0.19949358063919767,-0.9289289592545232,0.3948174786814128,-0.9165100389443738,0.06425345937640373,-0.8641908693023735,-0.3467155315210655,0.3646402084472769,3.050527811050415,-3.4463634490966797,0.020217102020978928
1.93,1.7756815044610499,1.6536782496677203,1.9282184788464085,2.6549669728648455,-89.17181396484375,-11.510419845581055,-328.111083984375,0.7266042828559875,-3.767953872680664,21.648218154907227,-0.3431122411428692,-0.2276002329481861,-0.9113024327520743,0.39701022213297066,-0.9144165201911387,0.07890064083046566,-0.8512678036316462,-0.3347246055542679,0.40410712062112053,3.088423013687134,-3.355048418045044,0.028988488018512726
1.94,1.7756815044610499,1.6536782496677203,1.9282184788464085,2.6549669728648455,-89.16423797607422,-11.548099517822266,-327.8944396972656,0.7904736995697021,-3.768158197402954,21.68306541442871,-0.3736498536313851,-0.2554027436285038,-0.8917147668555665,0.3996356337803655,-0.9118706807367675,0.09371884455983065,-0.8370646015058874,-0.32134296345135194,0.442788383707266,3.0781185626983643,-3.4291515350341797,0.03423326462507248
1.95,2.360765777486349,1.5677815717443826,2.920314888096406,2.4933872577259297,-89.15599822998047,-11.585784912109375,-327.6774597167969,0.856367826461792,-3.7691004276275635,21.709142684936523,-0.40460375809930854,-0.28203382752388706,-0.8699153516659783,0.40283861832392076,-0.9089563850158607,0.1073281776877501,-0.8209852900745487,-0.3070101142814763,0.48138128672610886,2.994978904724121,-3.580711603164673,0.036914341151714325
1.96,1.4127755147949352,1.5440789007757332,2.448753032497507,2.893625792375143,-89.1470947265625,-11.62348461151123,-327.4602355957031,0.9260264039039612,-3.7710225582122803,21.724435806274414,-0.43619602678386726,-0.3075728460833021,-0.8456547584979258,0.40665749024031755,-0.905710540702963,0.1196582721377534,-0.802722063886009,-0.29169737882223756,0.5201441409252077,3.041374921798706,-3.7657241821289062,0.04032637178897858
1.97,3.0102881982701737,2.4132718245270697,1.5335060921966572,1.5011458189392681,-89.13748168945312,-11.661206245422363,-327.2429504394531,0.9940990805625916,-3.7732014656066895,21.73112678527832,-0.4686969490470942,-0.33300593625173136,-0.8181871524138311,0.41116449279477485,-0.9020133849632677,0.13158880352037572,-0.7818356155988044,-0.27473423479467635,0.5596911384085177,3.0789036750793457,-4.035192966461182,0.04516652971506119
1.98,1.8641284075103068,2.7954719768537832,2.3447374295726147,2.9401816075699987,-89.1272201538086,-11.69894790649414,-327.0256652832031,1.0570021867752075,-3.7749996185302734,21.730642318725586,-0.5016973062436629,-0.3574833089941595,-0.7877217127250196,0.41633551174716565,-0.8979960358915215,0.142365238669201,-0.7582641720179568,-0.2565322656386505,0.5993551886154176,3.0991196632385254,-4.036592483520508,0.05007130280137062
1.99,1.5463097144182807,2.382310063668087,2.923502910248539,2.2889691538770456,-89.11632537841797,-11.736709594726562,-326.8083801269531,1.1223931312561035,-3.7777087688446045,21.71693992614746,-0.5325072694310314,-0.3810420124560542,-0.7558061872904638,0.42172900714690253,-0.8936506356428727,0.1534052996019952,-0.7338805437767071,-0.23705595575418534,0.636571929405841,3.02494740486145,-3.948455333709717,0.05612841993570328
2.0,1.5463097144182807,2.382310063668087,2.923502910248539,2.2889691538770456,-89.10477447509766,-11.77450180053711,-326.5913391113281,1.1865209341049194,-3.780747890472412,21.692670822143555,-0.5622480927833271,-0.4025512437779984,-0.7223777254970544,0.4275069345961649,-0.8892337388340767,0.16279182593533145,-0.7078946977013613,-0.21729209339494007,0.6720634219434525,2.909071683883667,-4.0570173263549805,0.0656643882393837
2.01,2.1885344464296006,1.5404006164147064,2.700820742709752,1.8291550702743222,-89.09261322021484,-11.812322616577148,-326.37457275390625,1.2452219724655151,-3.7831313610076904,21.661100387573242,-0.5917210544830616,-0.42248068282444423,-0.6865684716921141,0.43378125188238864,-0.8847272665336212,0.1705622741619462,-0.679485113300359,-0.19689524243144774,0.7067759505749046,2.867952346801758,-4.228577613830566,0.07751485705375671
2.02,2.683282176117366,1.3787179554047708,1.765064754829686,1.4152192578181402,-89.07989501953125,-11.8501615524292,-326.15814208984375,1.2971969842910767,-3.78430438041687,21.62358856201172,-0.620825747093182,-0.44131055978983375,-0.6479354763895676,0.44054261780862153,-0.8800504945581904,0.17729446951952862,-0.6484578580297405,-0.17537421944478568,0.7407741150402145,2.9694201946258545,-4.37527322769165,0.08754380792379379
2.03,2.4091978102411167,1.6726707710500033,2.749000966296882,3.0662161641767516,-89.06670379638672,-11.888001441955566,-325.942138671875,1.3399052619934082,-3.7833895683288574,21.583328247070312,-0.6488076518514392,-0.4600597818368532,-0.6061300421817485,0.44769659934228206,-0.8748762449531611,0.1848223767675664,-0.6153181175915247,-0.1514481863637961,0.7735936019711764,3.205291271209717,-4.37603759765625,0.09368561208248138
2.04,2.0638200732956773,1.7032664675384208,2.829997526327051,1.9116269986710632,-89.0531005859375,-11.925833702087402,-325.7265319824219,1.3830962181091309,-3.783353090286255,21.528528213500977,-0.6748601593942702,-0.4787206344598527,-0.5615962245285274,0.4551599217137411,-0.8690526523535478,0.1938477059518753,-0.5808555852601239,-0.12479599985424086,0.8043834579928277,3.373621702194214,-4.444751739501953,0.09773009270429611
2.05,2.0638200732956773,1.7032664675384208,2.829997526327051,1.9116269986710632,-89.0390625,-11.963672637939453,-325.5115966796875,1.4244202375411987,-3.7837796211242676,21.461833953857422,-0.6997318100451351,-0.4965267373492181,-0.5136502634169474,0.46327993025578335,-0.8626914077489936,0.20281824675865875,-0.5438263511757732,-0.09604547929705096,0.8336834925038665,3.5239546298980713,-4.6126790046691895,0.10494506359100342
2.06,2.1789081068723055,2.6786694061797833,1.5099723783301284,1.6724556953818077,-89.02464294433594,-12.001506805419922,-325.2973327636719,1.4586600065231323,-3.782985210418701,21.390480041503906,-0.7231444972524727,-0.5134181964481157,-0.4620214190375079,0.47204759797167467,-0.8556916731389878,0.21204439575186085,-0.5042153323161054,-0.06475736310693637,0.861146551163503,3.7242560386657715,-4.752680778503418,0.11569101363420486
2.07,2.9366910444870786,2.966999566605197,2.3285535842258,1.8491419184251228,-89.0099105834961,-12.039329528808594,-325.0837707519531,1.4867842197418213,-3.7813053131103516,21.313722610473633,-0.7444749788655141,-0.5289530831965684,-0.4073888089037754,0.48133141259409035,-0.8480790227770938,0.22154467354379664,-0.4626846410822064,-0.031154564710392962,0.8859753472892662,3.783594846725464,-4.70580530166626,0.12697215378284454
2.08,1.7648798538789645,3.06714402598137,1.6736295461548973,2.6517779779408617,-88.99491882324219,-12.077136993408203,-324.8710632324219,1.5128017663955688,-3.781083822250366,21.223508834838867,-0.7626722737601829,-0.5423029171153193,-0.3524748911989169,0.49062102246773676,-0.8401765594313596,0.23107219931180856,-0.4214522691244949,0.0033007681376863024,0.9068445786238764,3.7912797927856445,-4.485049724578857,0.13794954121112823
2.09,2.6271255967400085,1.9542502898729008,1.9207591450596373,2.885089251504934,-88.97967529296875,-12.114952087402344,-324.6593322753906,1.5351327657699585,-3.7818663120269775,21.123857498168945,-0.7777406431891046,-0.5534125615568584,-0.2980839288570827,0.4997820626198195,-0.8320289908450377,0.24071902350430732,-0.38123140192706684,0.03823996737008087,0.9236884339864055,3.650346517562866,-4.3210296630859375,0.14836516976356506
2.1,2.6271255967400085,1.9542502898729008,1.9207591450596373,2.885089251504934,-88.96424102783203,-12.152774810791016,-324.4486083984375,1.5516592264175415,-3.782407522201538,21.02126693725586,-0.7902333144176613,-0.5618428420683975,-0.2446710640860169,0.5090257902398693,-0.8241255246398299,0.24841470268042104,-0.3412096916196178,0.07176169210401255,0.9372439415068067,3.4762163162231445,-4.281670093536377,0.15403196215629578
2.11,2.201495854772714,2.7968741481510015,2.827877107762668,2.1785657030969277,-88.94866180419922,-12.19060230255127,-324.2388916015625,1.563259243965149,-3.7831966876983643,20.91457176208496,-0.8004556677702712,-0.5681168178171395,-0.191086381638715,0.5185463904803985,-0.8162566065651142,0.25462677227376285,-0.3006332730324434,0.10473028956386807,0.9479721523302618,3.4177706241607666,-4.299422264099121,0.15590551495552063
2.12,1.923637529533813,1.7774241197026515,2.7606400867971272,2.534545620638421,-88.93299102783203,-12.22844123840332,-324.0303039550781,1.5702884197235107,-3.78482723236084,20.802438735961914,-0.808426280753788,-0.5724300234925711,-0.13700663046324563,0.5283396974805205,-0.8083260901683244,0.25974236469891177,-0.25943036185610574,0.13759651215595856,0.9559095601518616,3.4020156860351562,-4.310112953186035,0.16276784241199493
2.13,1.8245432928306518,1.5358073432533048,2.7551521093733764,2.1912511353411546,-88.91727447509766,-12.266298294067383,-323.8228454589844,1.5719507932662964,-3.7860584259033203,20.690494537353516,-0.8141516846737118,-0.5748124126000627,-0.08214453520382299,0.5383750532779472,-0.8002745565795766,0.26403207399732576,-0.217507094943876,0.17073758933596653,0.9610095416991542,3.4377808570861816,-4.4169111251831055,0.17255081236362457
2.14,2.9988410840683932,2.6588380737773485,2.0375505490466197,2.420947960091775,-88.90155792236328,-12.304158210754395,-323.6164855957031,1.5680350065231323,-3.7855465412139893,20.58450698852539,-0.8175957051871335,-0.5752384277784979,-0.02525894032764736,0.5489677194372078,-0.7919889300254136,0.2671852872691748,-0.17370004569793565,0.20458320049339873,0.9633140755747384,3.53729248046875,-4.622402191162109,0.1817847341299057
2.15,2.6803295467922967,2.9684898321341606,2.349299781389591,2.1456714005026902,-88.88592529296875,-12.342013359069824,-323.41119384765625,1.5592259168624878,-3.786477565765381,20.473831176757812,-0.8184734094144842,-0.5735662571705861,0.033511590782229005,0.5600274935108193,-0.7834062538608996,0.26952522687797065,-0.12833738579782517,0.23936664355535697,0.9624100609197844,3.6067163944244385,-4.64893913269043,0.18979865312576294
2.16,2.6803295467922967,2.9684898321341606,2.349299781389591,2.1456714005026902,-88.87039947509766,-12.37989330291748,-323.20703125,1.5450016260147095,-3.789649248123169,20.357215881347656,-0.8167178115140412,-0.5697170563135581,0.09162146092007786,0.570912049503119,-0.7747241790638062,0.27177541850958487,-0.08385373031573207,0.2742716210608124,0.9579893683088611,3.614750385284424,-4.501924514770508,0.19832146167755127
2.17,1.5187789968171224,2.563020674862083,2.8498426439887474,1.47118884388462,-88.85504913330078,-12.417808532714844,-323.0040588378906,1.525329351425171,-3.7935476303100586,20.241926193237305,-0.812576325522341,-0.5637233856888303,0.14810691958221664,0.58140426766212,-0.766032694443977,0.27415869234291057,-0.04109492359020511,0.30888485794940335,0.9502112143016901,3.6118521690368652,-4.333003520965576,0.20846647024154663
2.18,1.454515309545683,1.9524314318033054,1.5297036549631335,2.3203108335304856,-88.83991241455078,-12.455758094787598,-322.80218505859375,1.5018761157989502,-3.795863628387451,20.13755226135254,-0.8062656640403015,-0.5556241448746446,0.20302090685929775,0.5915536129273804,-0.7573212150149539,0.27663857345069814,4.4969043235434936e-05,0.3431419340747996,0.9392835626461219,3.639683246612549,-4.256684303283691,0.22233067452907562
2.19,1.4915223731251899,2.287907747485221,2.207169914973272,1.6094742350623226,-88.82501983642578,-12.493714332580566,-322.6012878417969,1.476656436920166,-3.7953498363494873,20.04928207397461,-0.7977085073640209,-0.545442177075577,0.25720413827565203,0.6016720031392945,-0.7486189783281267,0.2784967251608185,0.04064403913754942,0.3769117360258321,0.9253570150642285,3.5734927654266357,-4.282580375671387,0.23444336652755737
2.2,2.115240822301138,2.1507064883618083,1.795228655589673,1.5139300417674673,-88.81039428710938,-12.531661987304688,-322.40118408203125,1.4488277435302734,-3.794308662414551,19.96971893310547,-0.7868006398482261,-0.5335700562759436,0.310238211992186,0.6118671921446026,-0.740274394149488,0.27858995054324687,0.08101414883526335,0.40901933501033305,0.9089223791260742,3.479952096939087,-4.305756092071533,0.24524912238121033
2.21,2.115240822301138,2.1507064883618083,1.795228655589673,1.5139300417674673,-88.79605865478516,-12.569601058959961,-322.2018737792969,1.4174525737762451,-3.794069766998291,19.894853591918945,-0.773723344258656,-0.519929130800214,0.36197497910012444,0.6219354000094405,-0.7321585802562427,0.27774119531005936,0.12061734852125858,0.44001989989374046,0.8898505171843213,3.4828860759735107,-4.237709045410156,0.2562640905380249
2.22,2.583938521513395,2.2186205270922796,2.7244464328204074,1.6454954259909205,-88.78205871582031,-12.607542991638184,-322.0032653808594,1.3828208446502686,-3.7945384979248047,19.825838088989258,-0.7589162456749377,-0.5043652939454818,0.4119002091695826,0.6316076176410373,-0.724076133979551,0.27710209226752697,0.15848643282146038,0.47045658935178664,0.868074102912311,3.5262067317962646,-4.102535247802734,0.26555106043815613
2.23,2.5389935727272066,2.28342448795689,1.829942914442895,2.0285441615552364,-88.76842498779297,-12.645501136779785,-321.8053283691406,1.3419138193130493,-3.7978768348693848,19.757038116455078,-0.7426322475710158,-0.4867133025404181,0.4600081586209331,0.6408612438622828,-0.7158740503922393,0.2771663942297077,0.19440733263668247,0.5006341030185714,0.843546847490927,3.6668007373809814,-3.9936978816986084,0.27529430389404297
2.24,1.5360573854323463,2.9460240867122094,2.7823054738572455,3.047413810919425,-88.75523376464844,-12.683507919311523,-321.60809326171875,1.295649766921997,-3.803480863571167,19.691875457763672,-0.7249095815767163,-0.46656022007238457,0.5067816685558767,0.6498166629738067,-0.7072877213792111,0.2783565765484795,0.22857034597658646,0.5310985221521629,0.8158982514431149,3.7872815132141113,-3.8797714710235596,0.28361791372299194
2.25,2.5512554419276934,1.7904338653409535,2.394894721372178,2.5450252812142327,-88.7425308227539,-12.721582412719727,-321.4114685058594,1.2426966428756714,-3.812023639678955,19.6298885345459,-0.7057773026281389,-0.44459179017376416,0.5515582826909923,0.6585714448970974,-0.6986721679589127,0.2795368556840812,0.26107863003527954,0.5605313031666306,0.7859024157675181,3.6886396408081055,-3.8951516151428223,0.29291775822639465
2.26,2.2072271522755713,1.4815138565276826,2.360771037205278,2.988980909576303,-88.73039245605469,-12.759753227233887,-321.2154235839844,1.1852366924285889,-3.8222744464874268,19.575054168701172,-0.6843962743579349,-0.42169232273329954,0.5947918329909825,0.6675441407136914,-0.6904979680093534,0.2785630563692416,0.29323464980079955,0.5876973210103553,0.7540724759818871,3.6303389072418213,-4.002705097198486,0.30074694752693176
2.27,2.2072271522755713,1.4815138565276826,2.360771037205278,2.988980909576303,-88.71883392333984,-12.798027992248535,-321.0199279785156,1.1271411180496216,-3.832228899002075,19.532732009887695,-0.6605738039333294,-0.39712915823273764,0.6371268957110572,0.6767548750354118,-0.6823852332953341,0.2763208868259449,0.3250309041812107,0.6137090720054817,0.7195249031585459,3.677081823348999,-4.155219078063965,0.30466288328170776
2.28,2.16691623707336,1.3900651368509767,1.429503363103159,1.7020376356835605,-88.7078628540039,-12.83640193939209,-320.82476806640625,1.0668641328811646,-3.842667579650879,19.500797271728516,-0.6336973169366102,-0.37084393664636706,0.6788979931918836,0.6863750120810367,-0.6743356617066993,0.2723247292137546,0.35681515284261434,0.6385500685171158,0.6818627110340383,3.708047866821289,-4.371542453765869,0.3077806532382965
2.29,2.0541964378907243,1.9028818370434906,2.9826685737471337,2.9776286804915983,-88.69747924804688,-12.874874114990234,-320.6297607421875,1.011222243309021,-3.8509085178375244,19.485782623291016,-0.6037759722425692,-0.3428145714647831,0.7196754441649079,0.6962563635478144,-0.6664128183889725,0.2666852671334509,0.3881773455029468,0.6620967641351856,0.6410508742369848,3.76847767829895,-4.452823638916016,0.311755895614624
2.3,1.5136197789209727,1.5767755992942503,2.6335184209001676,2.4192098514983815,-88.68765258789062,-12.91342830657959,-320.4350280761719,0.9493563175201416,-3.8611526489257812,19.477279663085938,-0.5716367911892446,-0.31284616914580554,0.7585239965944767,0.706000361663369,-0.6585914971546687,0.2604241333032785,0.41808476208785195,0.684386231835771,0.5973446386999537,3.831249237060547,-4.568704605102539,0.318255215883255
2.31,2.972248224826627,2.915257471343773,1.5923432186389936,1.375855861090879,-88.67850494384766,-12.952101707458496,-320.2403259277344,0.8817346096038818,-3.8731777667999268,19.476028442382812,-0.536125806349404,-0.28110431869083646,0.7959582161015502,0.7159188564012289,-0.6510015506088981,0.25230372996443584,0.44724636478719204,0.7051080364867294,0.5502666136214981,3.873823642730713,-4.818339824676514,0.3277776539325714
2.32,2.972248224826627,2.915257471343773,1.5923432186389936,1.375855861090879,-88.6700210571289,-12.990890502929688,-320.04559326171875,0.8134509325027466,-3.885002374649048,19.486459732055664,-0.4976330284010508,-0.24766139622691868,0.8312792562450552,0.725735063729787,-0.6437596045621684,0.24265652434476676,0.47504735165825396,0.7240424050792147,0.5000926007546858,3.9234988689422607,-4.7476701736450195,0.3385067582130432
2.33,2.775120483497977,1.462507171602188,1.5146249311671194,2.2740495973379486,-88.6622543334961,-13.029803276062012,-319.8505859375,0.7408921122550964,-3.8977553844451904,19.50583839416504,-0.45976110791093283,-0.2125345808024039,0.8622347566734121,0.7344217097434147,-0.6368463116631643,0.23463061943954283,0.49924390422925674,0.741117957739637,0.448887176031749,3.981076240539551,-4.36630916595459,0.34876391291618347
2.34,1.444611467912112,2.0543253171840323,2.009600790035273,1.867819079048795,-88.65519714355469,-13.068842887878418,-319.6553955078125,0.669251561164856,-3.9101481437683105,19.53643798828125,-0.4235629969948213,-0.1757962574260719,0.8886450716972165,0.7419496475550749,-0.6301402468322338,0.22898469340790284,0.5197163727165663,0.7563193407530958,0.3973360627140927,4.060352802276611,-4.111517429351807,0.354110985994339
2.35,2.9950637493325276,2.554763046245535,2.9717743528069747,1.923545493569079,-88.64884948730469,-13.108002662658691,-319.4598693847656,0.6016613841056824,-3.9215965270996094,19.578582763671875,-0.38742996618674136,-0.13758647432917537,0.9115744530109473,0.7489490160606209,-0.6235465982548236,0.22419859755731142,0.5375624546435216,0.7695840447192916,0.34462589204980965,4.081193447113037,-4.065537452697754,0.3607349693775177
2.36,1.7208069562899957,2.07565431736702,1.666621587602501,1.544730953258598,-88.64320373535156,-13.147286415100098,-319.2638244628906,0.5226121544837952,-3.9359450340270996,19.625547409057617,-0.3504983393634571,-0.098361283367781,0.9313839015345401,0.7556635529680458,-0.6171936073997878,0.21919088872611941,0.5532842929445659,0.7806389107129361,0.2906533713235612,4.182229518890381,-4.022021770477295,0.3715744912624359
2.37,1.7208069562899957,2.07565431736702,1.666621587602501,1.544730953258598,-88.63835906982422,-13.186720848083496,-319.06732177734375,0.44518813490867615,-3.949967384338379,19.6815242767334,-0.31343156065683936,-0.057161651775358924,0.9478888132848337,0.7619775259971474,-0.6108295640909938,0.21512204328630008,0.5667017792979693,0.7896960106260629,0.2350091575700755,4.281081199645996,-3.9264371395111084,0.38266056776046753
2.38,1.3731451135345332,1.4932858716480195,2.2018021480513967,2.5193622692456206,-88.63423919677734,-13.226278305053711,-318.87017822265625,0.3789326846599579,-3.961488723754883,19.74803352355957,-0.276562102728295,-0.015147622353999468,0.9608766585111349,0.7678880984466366,-0.6046673753176075,0.21148341185663616,0.5778072962489414,0.7963340472210991,0.17885975969443718,4.2755866050720215,-3.826909065246582,0.39341649413108826
2.39,1.3734663134595482,2.541702923243691,1.6605088708615745,2.9840759233049994,-88.63078308105469,-13.265952110290527,-318.67236328125,0.3110964596271515,-3.973384380340576,19.82053565979004,-0.2395110609769029,0.027036318148204008,0.9705171246148661,0.7735271790895866,-0.5988047826246126,0.20757778184477488,0.5867624347889226,0.8004385484263483,0.12250704189431583,4.240075588226318,-3.894653081893921,0.40269508957862854
2.4,2.5793791697858914,2.7348563935052166,2.4901047587573766,3.0674763222662755,-88.62804412841797,-13.305750846862793,-318.4737548828125,0.23617418110370636,-3.986630439758301,19.897714614868164,-0.2005783921492791,0.06847507934761177,0.9772816749080829,0.7792445298764048,-0.593439368055839,0.20151347125983188,0.5937560705041344,0.8019606473822918,0.06567228326824523,4.031710624694824,-4.040940761566162,0.41096770763397217
2.41,2.2317787454331057,2.121870300687095,2.024238576089055,2.780335384416852,-88.6261215209961,-13.34569263458252,-318.2743835449219,0.1460362672805786,-4.002453327178955,19.979093551635742,-0.16025617547139692,0.10744890649299171,0.9812098097332403,0.784839728265859,-0.5889825578389447,0.19268146640781797,0.5986188763803343,0.8009708353335687,0.010057921564206818,3.8103861808776855,-4.10410213470459,0.4183153510093689
2.42,2.804025429845895,2.400966643552768,1.9251329977171552,2.1883076716762675,-88.62513732910156,-13.385797500610352,-318.0741882324219,0.05310890078544617,-4.017873764038086,20.06509017944336,-0.11924208398177334,0.14487807816880494,0.9822380912354182,0.7900983090153665,-0.5852628715363586,0.18224168922635298,0.6012703115061832,0.7977955337472941,-0.044679960095416624,3.7006404399871826,-4.14380407333374,0.4240702986717224
2.43,2.804025429845895,2.400966643552768,1.9251329977171552,2.1883076716762675,-88.62505340576172,-13.426043510437012,-317.8730773925781,-0.03472926467657089,-4.031115531921387,20.15483283996582,-0.07799002384135537,0.18137875826868094,0.9803159196045609,0.7949053811802189,-0.5821525616525403,0.17094978775101055,0.6017000840551338,0.7925907777726765,-0.09877685881697287,3.6720387935638428,-4.085391998291016,0.42920100688934326
2.44,2.978351018605904,1.6825952468339456,1.9346639411547826,1.6244955629880526,-88.6258316040039,-13.466415405273438,-317.67108154296875,-0.12211484462022781,-4.0429487228393555,20.247411727905273,-0.03790935974351613,0.2176743186562744,0.9752849693506831,0.7990382487645238,-0.5794920856769911,0.16039575944847534,0.6000839586717504,0.785370494502599,-0.15196193243567097,3.7018654346466064,-3.9291865825653076,0.43435484170913696
2.45,1.5058935820834558,2.810674960362017,1.547490757900052,1.8759627030400559,-88.62747192382812,-13.5068941116333,-317.4681396484375,-0.20394356548786163,-4.052536964416504,20.3410587310791,0.0004679444738190999,0.25426305538336713,0.9671349852502931,0.8024997665172116,-0.5771388722513867,0.15134347318671887,0.5966522486070014,0.7760547795120605,-0.20431611152500112,3.851515531539917,-3.7582671642303467,0.43874162435531616
2.46,2.866020232066563,1.4881609873009056,1.4899320829196758,2.2787175475853347,-88.62987518310547,-13.547457695007324,-317.2642517089844,-0.27821946144104004,-4.0596842765808105,20.434057235717773,0.037029437922363066,0.29161756804304406,0.9558179820111226,0.8053843735705698,-0.5749425303377611,0.14421198846543076,0.5915951584787478,0.7644607778149728,-0.2561540310965886,3.8580400943756104,-3.5984392166137695,0.44627636671066284
2.47,1.4396745306269547,1.7528679798005105,1.6914468371580618,1.4091399661235111,-88.6330337524414,-13.588083267211914,-317.0594482421875,-0.3505155146121979,-4.0653228759765625,20.526533126831055,0.07194546754334141,0.32759130373237155,0.9420763171945756,0.8077801544776869,-0.5731924319420553,0.13762869612241574,0.5850769793215025,0.7510887921432972,-0.3058603514428581,3.818612575531006,-3.472853183746338,0.45075374841690063
2.48,1.4396745306269547,1.7528679798005105,1.6914468371580618,1.4091399661235111,-88.6368637084961,-13.628755569458008,-316.8537292480469,-0.4148273468017578,-4.068563938140869,20.61551284790039,0.10556395612177237,0.3630922780851727,0.925753881311248,0.8098138547961802,-0.5716735944371353,0.13187426588791762,0.577111576515384,0.7357671499994041,-0.35438528360201793,3.8594112396240234,-3.4025487899780273,0.4552367329597473
2.49,1.6717178378005702,2.2166199349665288,2.2424962205449455,1.5223796057897614,-88.64129638671875,-13.66944694519043,-316.6471252441406,-0.47068485617637634,-4.069357395172119,20.69959259033203,0.13832566712554029,0.39797720094551886,0.9069069176833112,0.8115614044356874,-0.5704026714373683,0.1265261998460716,0.5676566714526031,0.7185088308049412,-0.40188426618949347,3.874000072479248,-3.3664300441741943,0.46388527750968933
2.5,2.3526790633987664,2.5980822036893754,2.954277483744421,2.6454091662277754,-88.64628601074219,-13.710140228271484,-316.439697265625,-0.5297656655311584,-4.069316864013672,20.78276824951172,0.17030231286487282,0.43207913580154655,0.8856098139913895,0.8130417122178939,-0.5693961490565872,0.12145451672673185,0.5567407802798985,0.699353734418082,-0.44826784150640603,3.900829792022705,-3.332496166229248,0.47437024116516113
2.51,1.6903655114413723,2.3609079349727473,2.3219718205920232,2.907206915041991,-88.65193176269531,-13.750834465026855,-316.2314453125,-0.6037707328796387,-4.069961071014404,20.871238708496094,0.20157890313455717,0.4654281845675003,0.8618251277499802,0.8142792342850851,-0.5686352463586298,0.11663312227131584,0.5443484861953454,0.678255528255289,-0.49361337498894275,3.9335179328918457,-3.3498382568359375,0.48478180170059204
2.52,1.9830777260034456,2.600450448875062,2.6882765055342364,3.0261645968681554,-88.65837860107422,-13.791536331176758,-316.02227783203125,-0.6816132068634033,-4.069666862487793,20.959888458251953,0.23274432897468086,0.4975876477364381,0.8356055350165198,0.8153685118412184,-0.56815863030341,0.11122032507410867,0.5300983561830416,0.6554405416449853,-0.5379529990065727,3.859813928604126,-3.452500104904175,0.4933161735534668
2.53,1.9830777260034456,2.600450448875062,2.6882765055342364,3.0261645968681554,-88.66558837890625,-13.832222938537598,-315.812255859375,-0.7573590874671936,-4.0674943923950195,21.045610427856445,0.2642318518881876,0.5274653478515396,0.8074415367465269,0.8163386101180048,-0.5681343696474944,0.10399332505429532,0.5135881638806943,0.631667352996099,-0.5807095255638214,3.7153570652008057,-3.5929081439971924,0.5012655854225159
2.54,2.905156917185577,1.8410031918903709,2.7528653439337614,1.3955545791020516,-88.6735610961914,-13.872879981994629,-315.60137939453125,-0.8329715132713318,-4.063511848449707,21.129655838012695,0.2960089013838151,0.5549621934447914,0.7774288997384218,0.8171136385915311,-0.5686295352054167,0.09479321346900699,0.49467568358395764,0.6071881220338702,-0.6217865811769554,3.580127000808716,-3.7363228797912598,0.5094413757324219
2.55,1.5588218980896835,2.0242784485737606,1.7403334440332008,2.8854806427844517,-88.68224334716797,-13.913483619689941,-315.3896484375,-0.9004938006401062,-4.056570053100586,21.20581817626953,0.3276237625495493,0.5807744712521851,0.7452272698678042,0.8175663798314466,-0.5696036196032703,0.08448035928045894,0.4735481863360677,0.5815949880084915,-0.6614373629764374,3.705420732498169,-3.7609636783599854,0.5177675485610962
2.56,2.9287341224449106,1.7521835201261438,2.246612795299738,2.0333785543945915,-88.69153594970703,-13.954000473022461,-315.17724609375,-0.9576781392097473,-4.046487808227539,21.27131462097168,0.3580703133323766,0.6064841251209758,0.709903272767705,0.8175949444787791,-0.5708490943149651,0.07529819574549412,0.4509148006805679,0.5534512783398635,-0.7002624686724079,3.7625844478607178,-3.786855936050415,0.5245905518531799
2.57,2.297582750033429,1.9551380549838027,1.8233744835558832,1.999799168579419,-88.70137786865234,-13.994404792785645,-314.9642028808594,-1.0110371112823486,-4.0341267585754395,21.331588745117188,0.3876649508459224,0.6304324231218947,0.6725108517803152,0.8172645738256414,-0.5725179092889204,0.0655885654137712,0.42637366505826974,0.5241929066861741,-0.7371752127714811,3.796496629714966,-3.8028547763824463,0.5291789770126343
2.58,2.097747242701286,1.6320919608768778,3.021611437329943,2.6291039363082076,-88.71174621582031,-14.034675598144531,-314.7506103515625,-1.0597491264343262,-4.01947546005249,21.3856201171875,0.41570026141163907,0.6535302725085624,0.6325278456931197,0.8165239913191006,-0.5744958624481689,0.05694800813250614,0.4006018775076076,0.49280085931826334,-0.7724412267561598,3.9148361682891846,-3.736210584640503,0.5340362787246704
2.59,2.097747242701286,1.6320919608768778,3.021611437329943,2.6291039363082076,-88.72257232666016,-14.074789047241211,-314.5364990234375,-1.106081247329712,-4.002892017364502,21.436513900756836,0.4422052646581311,0.6754534741319663,0.5900992358846854,0.815421268954223,-0.5767776937480575,0.049149223104306916,0.373554089852751,0.4594454225234259,-0.8058332617089925,4.024022579193115,-3.8178648948669434,0.5405788421630859
2.6,2.0964510859029075,2.861549832768289,1.456252970081482,2.682099880348642,-88.73385620117188,-14.114727973937988,-314.32183837890625,-1.1510993242263794,-3.9845497608184814,21.48636817932129,0.468225077177981,0.696223329447135,0.544094065980525,0.8140422847669061,-0.5793687271188854,0.04082936012378707,0.3436574394846547,0.4237982463038145,-0.838030196780917,4.174901962280273,-4.0472235679626465,0.5486507415771484
2.61,2.4715430743263207,2.037111709022195,3.0308681028196673,2.8619764448357783,-88.74556732177734,-14.154473304748535,-314.1067810058594,-1.1909656524658203,-3.964142084121704,21.53075408935547,0.493470165160947,0.7152882946437333,0.49482305083907246,0.8123230297515158,-0.5823454100700844,0.03170360713898285,0.3108351515375079,0.3863113755974121,-0.8684152403387964,4.114611625671387,-4.107513904571533,0.5567038059234619
2.62,1.623706332732597,1.3795522207589668,2.29615667099615,1.7454269281146761,-88.75765991210938,-14.194005012512207,-313.8912353515625,-1.2281277179718018,-3.9418962001800537,21.57486343383789,0.5168217096639535,0.731515279782845,0.4447254387419883,0.8101554421857395,-0.5857994945369615,0.02207060708429337,0.2766649235390292,0.3488901655886367,-0.8953949812449681,4.051402568817139,-4.147408485412598,0.5641909241676331
2.63,2.3547672852892756,2.152168336155085,2.1125332494990365,2.6896922504883882,-88.77009582519531,-14.233304023742676,-313.67529296875,-1.255838394165039,-3.9175965785980225,21.605798721313477,0.5386637596367317,0.7456731612521729,0.39218986555265833,0.8075328407197905,-0.5896990788272455,0.012070939869093744,0.24027497833325595,0.31020401837901596,-0.9198050890098751,4.160262107849121,-4.280083179473877,0.5733335018157959
2.64,2.3547672852892756,2.152168336155085,2.1125332494990365,2.6896922504883882,-88.78276062011719,-14.27235221862793,-313.4591369628906,-1.2772287130355835,-3.89158296585083,21.630273818969727,0.5587831834126943,0.7578228399999624,0.3368469936181209,0.8044176150153842,-0.5940606121792492,0.0020711615524824922,0.2016771047693216,0.2698083249857331,-0.9415571215705699,4.216034889221191,-4.354759216308594,0.5819314122200012
2.65,1.8089881622643003,2.622741859452421,2.2424914531654436,1.5226677385972378,-88.79563903808594,-14.311131477355957,-313.2427062988281,-1.2962836027145386,-3.8641233444213867,21.658960342407227,0.5767259179881302,0.7674770926947846,0.2799395072323828,0.8007981489193622,-0.5988821653188342,-0.007904223576494007,0.1615844677191197,0.22873360979922752,-0.9599851017282212,4.194057941436768,-4.380642890930176,0.5888566374778748
2.66,2.4147666250110222,2.3307006009603226,2.3906444671184,2.587897237406537,-88.80867004394531,-14.349626541137695,-313.0260314941406,-1.308964729309082,-3.8353867530822754,21.681396484375,0.592274461599982,0.7745144759414287,0.22212223817894766,0.7966673515176125,-0.6041610686870147,-0.01762197800693628,0.12054913173625104,0.1873945827395715,-0.9748595679365812,4.183045864105225,-4.333314418792725,0.5999389886856079
2.67,1.6918564476693794,1.4847384353503739,2.9856029025076145,3.04876712741774,-88.8218002319336,-14.387831687927246,-312.80908203125,-1.3169375658035278,-3.8055419921875,21.704622268676758,0.6052877745810477,0.7789627909985494,0.16384041071259714,0.7920389380517673,-0.6099004292114041,-0.02637777582688708,0.0793790309373397,0.1457341301394251,-0.9861341352777286,4.189188003540039,-4.28499698638916,0.6114808320999146
2.68,2.164371112807546,1.4062383490920436,1.3836788985589892,2.3780068604940308,-88.83499908447266,-14.425734519958496,-312.5918884277344,-1.3203045129776,-3.7747995853424072,21.73038101196289,0.6159209945799615,0.7808409459158171,0.10454064098197924,0.7869328429939403,-0.6160487800848828,-0.03493710310547157,0.037121813709805156,0.10378495910882246,-0.9939067628352645,4.216835021972656,-4.466036319732666,0.6204713582992554
2.69,2.8303478120447823,1.64261312358712,2.6608916405849676,2.706802203441125,-88.84819793701172,-14.46332836151123,-312.3745422363281,-1.31745183467865,-3.7437846660614014,21.746047973632812,0.6241699611903891,0.780097779027024,0.0431197716215294,0.7812479362038429,-0.6226231891031241,-0.0446321248462598,-0.0079700517454291,0.06154526422203544,-0.998072471680797,4.235586643218994,-4.637607097625732,0.6268482208251953
2.7,2.8303478120447823,1.64261312358712,2.6608916405849676,2.706802203441125,-88.86133575439453,-14.500609397888184,-312.1569519042969,-1.3096354007720947,-3.71215558052063,21.765888214111328,0.6296242593391368,0.7766573535111669,-0.019407402934801206,0.7749965026182353,-0.6296332868197125,-0.054243387229311595,-0.05434807246947199,0.019112283108927493,-0.9983391245730167,4.336217880249023,-4.710740089416504,0.6318332552909851
2.71,2.822646880978552,1.7054726902757396,2.799884527501354,2.5659009547653095,-88.8743667602539,-14.537569046020508,-311.93914794921875,-1.2964740991592407,-3.6797537803649902,21.79680633544922,0.6320851558749265,0.770362108484916,-0.0837291916433217,0.7681834987392119,-0.6371332022051477,-0.0628919304251129,-0.10179620811873467,-0.02456632773714033,-0.9945018992209911,4.532268047332764,-4.807315349578857,0.637967050075531
2.72,2.806807299619189,1.9434328338239828,1.8330036710394015,2.490288359204592,-88.88724517822266,-14.574203491210938,-311.72100830078125,-1.2774230241775513,-3.647207736968994,21.831485748291016,0.6313279870747118,0.7608776248711216,-0.14996737214031772,0.7608315997271075,-0.6451358513918993,-0.07024962708469897,-0.15020069771103747,-0.06974935999225622,-0.986192058976236,4.758406162261963,-4.901835918426514,0.6456189751625061
2.73,2.174591963404044,1.7372102587528038,2.1313676585969525,2.4543716170242593,-88.89989471435547,-14.610513687133789,-311.5025329589844,-1.253087043762207,-3.615178346633911,21.86580467224121,0.627195909126865,0.7478681896279075,-0.21752807294048648,0.7530103871787354,-0.6536075127130486,-0.07597747117398196,-0.19899911651928637,-0.1161481393210341,-0.9730924731785798,4.914330959320068,-4.904294490814209,0.6533946394920349
2.74,2.3738691833949748,2.0178802477695132,2.0078429296669658,1.9933518379129411,-88.91228485107422,-14.646510124206543,-311.28369140625,-1.2245417833328247,-3.584244966506958,21.897981643676758,0.6197729698867833,0.7313252039226318,-0.28468388065578526,0.7448638187467204,-0.662399581048321,-0.08002928557135573,-0.24710191686785662,-0.1624507344844272,-0.9552750397376144,4.984296798706055,-4.900174617767334,0.6617955565452576
2.75,2.3738691833949748,2.0178802477695132,2.0078429296669658,1.9933518379129411,-88.92436218261719,-14.68220329284668,-311.0645446777344,-1.191893458366394,-3.5545272827148438,21.931474685668945,0.6090034143099293,0.7112681077222593,-0.3510164102945116,0.7364178708903282,-0.6714326482817022,-0.08286687067082658,-0.2946244402492846,-0.2080285503449374,-0.9326953208037335,5.056878089904785,-4.880984783172607,0.6724110245704651
2.76,1.539637706480042,1.3785049862118353,1.5227856104393238,1.8551287555476148,-88.93611145019531,-14.717608451843262,-310.84503173828125,-1.1548020839691162,-3.526075839996338,21.969398498535156,0.595177407783563,0.6876125807993542,-0.41587593341102336,0.7277885284096876,-0.6806579592137398,-0.08383674894846707,-0.3407164674319393,-0.2527719946620639,-0.9055487880480333,5.145455837249756,-4.800777912139893,0.6840077638626099
2.77,1.5056525731924297,1.4138405552981486,2.642585899342481,2.650162534827584,-88.94747924804688,-14.752735137939453,-310.6251525878906,-1.1175416707992554,-3.4998939037323,22.004270553588867,0.5784564915863044,0.6603933480066474,-0.47882012619587594,0.7190738943766731,-0.6899701139683321,-0.08290944612341504,-0.3851244237485186,-0.29634754552568426,-0.8739893079971137,5.194840431213379,-4.769753932952881,0.6954503059387207
2.78,1.8435558604191895,1.9560942579319986,1.5666793636948706,2.4626685335411933,-88.95845794677734,-14.78761100769043,-310.4049377441406,-1.0764344930648804,-3.475379705429077,22.045330047607422,0.5584010075611133,0.6298688554097064,-0.5398643716153162,0.7102442728037451,-0.6992561490270998,-0.08120290017770287,-0.42865065928353935,-0.3380917967544572,-0.8378260853322307,5.226354122161865,-4.92315673828125,0.7075864672660828
2.79,2.3034083795561813,2.9618825447520205,2.7953601933187757,1.6993782792567882,-88.96898651123047,-14.822246551513672,-310.1842346191406,-1.0289226770401,-3.4521965980529785,22.097427368164062,0.5342169463373155,0.5962214392929264,-0.5992764383600487,0.7011862552707415,-0.7084958984705166,-0.07982103275359209,-0.4721759096623083,-0.3775626533145551,-0.7965527937033711,5.188944339752197,-5.057979106903076,0.7196356654167175
2.8,2.3034083795561813,2.9618825447520205,2.7953601933187757,1.6993782792567882,-88.97901153564453,-14.856657028198242,-309.96295166015625,-0.9725124835968018,-3.430154800415039,22.16253662109375,0.5067527197017442,0.5599757713091221,-0.6554607666532293,0.6920141953865312,-0.7176477053034177,-0.0780904888976269,-0.514118696857464,-0.414015587411262,-0.7511811092686572,5.187281608581543,-5.004265785217285,0.7354270219802856
2.81,2.015299986315706,2.9200142367382274,2.772276137412285,1.665762989090521,-88.98841094970703,-14.890852928161621,-309.7409362792969,-0.9067495465278625,-3.4093399047851562,22.239704132080078,0.47710295287511456,0.5206307697122438,-0.7080369863126378,0.6828581370379635,-0.726766320028513,-0.0742662827483268,-0.5532427469374431,-0.44805615462913706,-0.702259314826128,5.27811861038208,-4.868561744689941,0.755458414554596
2.82,1.9420668628104387,2.9413338636539246,2.7470701975564413,1.5243272068899347,-88.99713134765625,-14.924851417541504,-309.5181579589844,-0.8373979330062866,-3.390611171722412,22.32158851623535,0.44575464596529435,0.4780848428660097,-0.756794343677421,0.673834288009831,-0.7357557224935374,-0.06790338077222222,-0.5892793462379619,-0.47968573028577377,-0.6501164912979556,5.36370325088501,-4.738813877105713,0.7764486074447632
2.83,1.8222360651095952,2.9325228855047167,1.7047283894366694,2.5109535492872626,-89.00515747070312,-14.958674430847168,-309.29449462890625,-0.766222357749939,-3.3742423057556152,22.406543731689453,0.41287928341501484,0.4326100679419522,-0.8014856370777729,0.6650234257310117,-0.7444682524078958,-0.05925254750407902,-0.622313860166792,-0.5085425746896646,-0.5950713479678833,5.435978889465332,-4.615444183349609,0.7982301115989685
2.84,1.6312016078269307,2.431234466481035,2.316943761635565,2.684823397215229,-89.01244354248047,-14.992344856262207,-309.0699768066406,-0.6933323740959167,-3.3602731227874756,22.494516372680664,0.3787657930867514,0.38488874552910013,-0.8416633100904422,0.6565106975681623,-0.7527377997416393,-0.048780209293121574,-0.652326741722221,-0.5340846921651577,-0.5377949085189626,5.3437395095825195,-4.490670204162598,0.8164709210395813
2.85,1.5749099244580558,2.2764731431364194,1.70355347229945,1.5798515118029008,-89.01899719238281,-15.025887489318848,-308.8445739746094,-0.6179620027542114,-3.3485920429229736,22.585716247558594,0.3433614132179531,0.33683706473270014,-0.8767232925702548,0.6483373195307963,-0.7603929353663589,-0.03822700548767116,-0.679530470263543,-0.555286750847876,-0.4794736325557608,5.1564741134643555,-4.472287654876709,0.8309285640716553
2.86,1.5749099244580558,2.2764731431364194,1.70355347229945,1.5798515118029008,-89.02481842041016,-15.059328079223633,-308.6182556152344,-0.547752857208252,-3.339308500289917,22.675745010375977,0.30606320997373526,0.28866615978941423,-0.9071919089657962,0.6404488121910463,-0.7674851208919269,-0.0281408630390374,-0.7043796067914309,-0.572397097653313,-0.4197748588641447,5.047239303588867,-4.44573974609375,0.8455613851547241
2.87,2.206024131018685,2.750598977716382,2.356480803506784,1.8530472343350444,-89.02997589111328,-15.092682838439941,-308.39105224609375,-0.4830667972564697,-3.332125663757324,22.764820098876953,0.2678827027704769,0.24005847730872296,-0.9330652630060782,0.6328676907030775,-0.7740631943604481,-0.017454432120616425,-0.7264415624264201,-0.5858311178221218,-0.35928339478849436,4.984542369842529,-4.335803985595703,0.8604698777198792
2.88,1.4181339881551405,1.7236982509251262,2.414288422258452,3.0572859228013947,-89.03443908691406,-15.125974655151367,-308.1629333496094,-0.4091266393661499,-3.326547861099243,22.85856056213379,0.22943221861357968,0.1909800902515769,-0.9544042446414152,0.6256220126198376,-0.7801054593578893,-0.0057069786682494295,-0.7456258809802367,-0.5957869396080412,-0.2984626747265562,4.9690046310424805,-4.201570987701416,0.8754721283912659
2.89,2.4245535416645927,1.5620814584656193,3.0639670834823844,1.3783466930554877,-89.03813934326172,-15.159218788146973,-307.9338684082031,-0.32808980345726013,-3.3226590156555176,22.954490661621094,0.19044726496179182,0.14138535765315016,-0.9714628247698744,0.6187441547062816,-0.7855616388001027,0.0069701264339825375,-0.7621584548408433,-0.6024143858566025,-0.23708942917732634,4.922928333282471,-4.265883922576904,0.8879764080047607
2.9,2.593116010827396,2.312951716215265,2.9091358747359166,2.285219560312094,-89.04100036621094,-15.19243335723877,-307.7038269042969,-0.24784721434116364,-3.320427656173706,23.049009323120117,0.14895546695644113,0.09131454047460208,-0.9846186691108902,0.6122679391863424,-0.7904142261472321,0.019321535875320928,-0.7764922662256835,-0.605728491819548,-0.17364548565890747,5.087299346923828,-4.395682334899902,0.900665819644928
2.91,2.593116010827396,2.312951716215265,2.9091358747359166,2.285219560312094,-89.04306030273438,-15.225632667541504,-307.4728698730469,-0.16004210710525513,-3.3199288845062256,23.142515182495117,0.10589449309467866,0.03828659351591157,-0.9936400218837649,0.6062393608180726,-0.7945554279817661,0.03399278246345022,-0.7882006050030133,-0.605983340217914,-0.10734988426274214,5.367546558380127,-4.417891502380371,0.9149925708770752
2.92,2.945125658858365,1.8318216019349243,2.6902292843662896,2.742652950747163,-89.04418182373047,-15.258837699890137,-307.2409973144531,-0.0646517425775528,-3.3213798999786377,23.232980728149414,0.061996107726619606,-0.016963460327325985,-0.9979322239713843,0.6007638569824555,-0.7978055083562319,0.0508837791444271,-0.797018990219376,-0.6026762081335038,-0.03926980238693019,5.564878463745117,-4.413583278656006,0.9292632937431335
2.93,1.492561660020508,2.8213299849856726,2.5365501885727455,2.1979178440558518,-89.04434204101562,-15.29206657409668,-307.00823974609375,0.03241695836186409,-3.3247334957122803,23.317893981933594,0.01748858106426574,-0.0738424804601317,-0.997116561697705,0.595945419910429,-0.799994633329494,0.06969679427197578,-0.8028344823312837,-0.5954459460971271,0.030015317029080425,5.763099193572998,-4.428869247436523,0.9409960508346558
2.94,2.3944433246415877,2.4606072514898853,1.6870733582679878,2.5053151479379494,-89.04354858398438,-15.325335502624512,-306.774658203125,0.1244533434510231,-3.3295395374298096,23.395992279052734,-0.027650780873652345,-0.13161531175057956,-0.9909151548088637,0.591900633755966,-0.8009848281178613,0.08987182475217298,-0.8055365131863126,-0.5840382819968202,0.10005104240256414,5.814487934112549,-4.448902606964111,0.955916702747345
2.95,2.296809625923464,1.6258734968173811,2.7278720565507717,2.212335107155806,-89.0418701171875,-15.358660697937012,-306.54034423828125,0.21085423231124878,-3.3355119228363037,23.46642303466797,-0.07283638672128841,-0.18804574298520588,-0.9794557975296939,0.5886028380013961,-0.8009044026407717,0.10999471317900147,-0.80513449799775,-0.5684988446564958,0.1690192407926991,5.729968070983887,-4.381737232208252,0.9707661271095276
2.96,2.509150009408802,2.0644096604516395,2.391572893712541,1.8524374858207293,-89.03933715820312,-15.392051696777344,-306.3053894042969,0.29453128576278687,-3.34263277053833,23.528074264526367,-0.11723998553403665,-0.24283825102665302,-0.9629560579955326,0.5860136892904981,-0.7997506079049164,0.13033388323784684,-0.8017747450226397,-0.5490250895851969,0.23606928908659047,5.7914137840271,-4.359120845794678,0.9827479720115662
2.97,2.509150009408802,2.0644096604516395,2.391572893712541,1.8524374858207293,-89.0359878540039,-15.425517082214355,-306.0698547363281,0.37547174096107483,-3.3507609367370605,23.57986831665039,-0.16146085543570357,-0.2975182528220135,-0.9409640170589457,0.5842607825649195,-0.7972388579814932,0.15182075378877796,-0.7953425237711103,-0.5252552641926602,0.3025511152174124,5.983664512634277,-4.339272975921631,0.9961245059967041
2.98,2.3207012980548374,2.7066057423693826,2.0887388877301123,1.517153604755779,-89.03182983398438,-15.45907211303711,-305.8338317871094,0.4539247751235962,-3.359907388687134,23.620508193969727,-0.20455200912274188,-0.3520992149217964,-0.9133370782002141,0.5832928996337707,-0.7931567138574996,0.17513372176596956,-0.7860838815296223,-0.49691907803406665,0.36761877139925214,6.181667804718018,-4.243988990783691,1.0102719068527222
2.99,2.180871397579504,1.6952428116841474,1.6725959636016468,1.8786413284772738,-89.02690887451172,-15.492722511291504,-305.59747314453125,0.528857946395874,-3.3699464797973633,23.649328231811523,-0.24578721089165673,-0.4059684238742434,-0.880214908859855,0.5830561482719396,-0.7873467536488681,0.20032627755958132,-0.7743604941655986,-0.46397707738168614,0.43022214812810217,6.318623065948486,-4.060582637786865,1.0261528491973877
3.0,2.9823061343936765,2.986570866569016,2.380155652629101,2.12436617614109,-89.02127075195312,-15.526468276977539,-305.3609313964844,0.5951036214828491,-3.379709243774414,23.668376922607422,-0.28437608471474485,-0.4580393165688563,-0.8422174463399859,0.5834101992517577,-0.7797823783702288,0.22709465381706656,-0.7607646034427049,-0.4267779596703701,0.4889762686350529,6.404635906219482,-3.879469394683838,1.0399513244628906
3.01,1.67686789466579,2.7139545112337142,2.9379111055641323,2.5476042026514634,-89.01497650146484,-15.560322761535645,-305.1241149902344,0.6651286482810974,-3.3925578594207764,23.670331954956055,-0.32056771290362707,-0.5078081827323505,-0.7996043965573263,0.5844286448134698,-0.770358608794717,0.254932879357214,-0.7454391327031533,-0.3855884637874121,0.5437297453964007,6.486076354980469,-3.6784791946411133,1.0524483919143677
3.02,1.67686789466579,2.7139545112337142,2.9379111055641323,2.5476042026514634,-89.00794219970703,-15.594329833984375,-304.88751220703125,0.7385950684547424,-3.409097194671631,23.654375076293945,-0.35420764457836273,-0.5547230965577331,-0.7528739806020982,0.5860303335156908,-0.7590522577217677,0.2835632526385883,-0.7287697803296572,-0.34076671814143966,0.5939466736041006,6.495096206665039,-3.587923288345337,1.0679845809936523
3.03,1.9711757278426796,2.3448038031837855,1.3980118949144629,2.6795075687382734,-89.00021362304688,-15.628508567810059,-304.6510925292969,0.8063976168632507,-3.426893711090088,23.626176834106445,-0.3867322121554156,-0.597822032343096,-0.7021730653667575,0.5886817407266154,-0.7461347473640396,0.31102531554695423,-0.7098535089836919,-0.29307295409363654,0.640481256058574,6.440491676330566,-3.651582956314087,1.0857436656951904
3.04,1.5235629268170812,2.424020186555006,1.9325544047039225,2.9339332284317035,-88.9918441772461,-15.662863731384277,-304.4150085449219,0.8640878796577454,-3.4437592029571533,23.590227127075195,-0.418219340357041,-0.6365355451062474,-0.648008551770433,0.5924669215657953,-0.7319127096554395,0.33658094464063487,-0.6885314300753971,-0.2431589711713817,0.6832263055073362,6.300821304321289,-3.6446213722229004,1.0993316173553467
3.05,2.3397367135260136,1.9288350916664787,2.5652119556864608,2.317746715245052,-88.98294830322266,-15.697382926940918,-304.1792907714844,0.9136173129081726,-3.4601104259490967,23.54585838317871,-0.44794425860539916,-0.6701426927046346,-0.5918232105933672,0.5971114363028605,-0.7169170986202387,0.35984414173677187,-0.6654351011321797,-0.19219429003100125,0.7212887639917074,6.069309234619141,-3.6363208293914795,1.1098641157150269
3.06,1.4702703787911828,1.9101190689238714,2.1158114356723905,3.039365025440584,-88.97357940673828,-15.732071876525879,-303.9441223144531,0.9593642354011536,-3.4780819416046143,23.489316940307617,-0.47616271199588994,-0.6988078928015647,-0.5337945303793922,0.6027392111280067,-0.7013650042326567,0.3805161944076936,-0.6402925230498223,-0.14055127105779694,0.7551627805516705,6.006964206695557,-3.6711440086364746,1.1208537817001343
3.07,1.4702703787911828,1.9101190689238714,2.1158114356723905,3.039365025440584,-88.96377563476562,-15.766944885253906,-303.70953369140625,0.9989781975746155,-3.4961886405944824,23.424238204956055,-0.5028528012805377,-0.723553607604444,-0.47287338386391575,0.6094146614452591,-0.6847388784779728,0.39968292272286055,-0.6129868111630755,-0.08719429581871921,0.7852670400041005,5.969081401824951,-3.77461576461792,1.13140070438385
3.08,2.6093333058135046,1.4465917844869043,1.88980779617822,1.3761468521575568,-88.95361328125,-15.801995277404785,-303.47564697265625,1.031815528869629,-3.5138349533081055,23.352436065673828,-0.5282307350990966,-0.7437218388150287,-0.4096951512603744,0.6174876026287371,-0.6676587572299223,0.4158615689072639,-0.5828218862538396,-0.03331081451703885,0.8119168913994391,5.814037799835205,-3.951526165008545,1.1416230201721191
3.09,2.468634806609593,1.9369493102383943,2.066396167858212,2.540000624553878,-88.94316101074219,-15.837214469909668,-303.24249267578125,1.0567446947097778,-3.5292484760284424,23.27777671813965,-0.5518908828630282,-0.759434567412516,-0.34449323829595213,0.6267774850583332,-0.6502437589466605,0.4293402359142081,-0.5500603945355619,0.021028356328575165,0.8348600904304266,5.877226829528809,-3.9621031284332275,1.1516581773757935
3.1,1.372963158720287,2.045327292755685,2.5755695868515938,2.635808489268279,-88.93248748779297,-15.872584342956543,-303.0101318359375,1.0769869089126587,-3.545971155166626,23.194503784179688,-0.5729101033246966,-0.771471821972993,-0.2767765188923298,0.6364256949135549,-0.6315150913681873,0.4428894040593304,-0.5164652440990432,0.07758812586923866,0.8527858666522417,6.030158519744873,-3.8757264614105225,1.1608128547668457
3.11,1.6529817722245819,2.0726648963352505,2.758135143699615,1.63343070312219,-88.921630859375,-15.908137321472168,-302.7786560058594,1.0928698778152466,-3.5651767253875732,23.102455139160156,-0.5913673012246523,-0.7793195844173436,-0.20723344417793743,0.6466487930151926,-0.6118274589735693,0.4555353981173582,-0.48179876871393723,0.13538148244691517,0.8657608218649131,6.036995887756348,-3.938554525375366,1.1724799871444702
3.12,2.233973277849654,2.760004976882288,2.6698624066068124,1.9563814629374014,-88.91065979003906,-15.943881034851074,-302.548095703125,1.1021400690078735,-3.58343243598938,23.00983428955078,-0.6074473420135954,-0.7826241891991328,-0.13604082167135947,0.6579564762409285,-0.5916635214760021,0.46586216065187924,-0.4450853873732984,0.19347779158088632,0.8743370872333762,6.087515830993652,-4.030594348907471,1.1890755891799927
3.13,2.233973277849654,2.760004976882288,2.6698624066068124,1.9563814629374014,-88.89960479736328,-15.979812622070312,-302.3184509277344,1.105939269065857,-3.6043143272399902,22.911407470703125,-0.620838735731281,-0.78138302815604,-0.06324418965629647,0.6699245006457867,-0.5707147321186308,0.47485351212479465,-0.40713686599235605,0.2524386219508742,0.8777894477022754,6.192417621612549,-3.9918360710144043,1.2074605226516724
3.14,1.3863468523012954,2.8220322604854293,1.657282378154578,2.127556764229044,-88.88854217529297,-16.01597785949707,-302.0898132324219,1.1038222312927246,-3.6287076473236084,22.807788848876953,-0.6313685334792811,-0.7754190286993226,0.009955142551510726,0.681969170117519,-0.5490760948040769,0.4831495556491038,-0.36917722836253597,0.3118345267055964,0.8754812402403906,6.273104667663574,-3.876657485961914,1.225498914718628
3.15,2.906663258108131,2.532623440409889,2.0744475660162403,2.438966174790348,-88.8775405883789,-16.05237579345703,-301.8622131347656,1.0954302549362183,-3.650676965713501,22.71219253540039,-0.6391188378078706,-0.7646820633398057,0.08239206979736696,0.6938927986345229,-0.5270930970989584,0.4905972390808754,-0.33172261780328804,0.370721201170105,0.8674825046309165,6.189150333404541,-3.745891571044922,1.2426296472549438
3.16,2.2124615080649166,2.469606280498287,1.7438546766402117,2.158081367086294,-88.86665344238281,-16.08899688720703,-301.6355285644531,1.0807403326034546,-3.674636125564575,22.61861228942871,-0.6442822925297069,-0.7494651177376205,0.15232322484506408,0.7055421781841221,-0.5056001144376308,0.49656697341230727,-0.2951449852798953,0.4273997678698356,0.8545284524747793,6.101339340209961,-3.5761466026306152,1.2552490234375
3.17,1.4304019023502343,2.9795087725946727,1.9184040343748303,1.7321159702575373,-88.85594177246094,-16.125873565673828,-301.4097900390625,1.0602630376815796,-3.7001450061798096,22.529621124267578,-0.6471369209075166,-0.729973165490029,0.21989311781591833,0.7166764232375606,-0.4841337051142285,0.5019855176673788,-0.2599782875044672,0.48244557541430116,0.8364553525379633,6.075072765350342,-3.383354902267456,1.2651985883712769
3.18,1.4304019023502343,2.9795087725946727,1.9184040343748303,1.7321159702575373,-88.84545135498047,-16.162992477416992,-301.18487548828125,1.0359658002853394,-3.7231602668762207,22.453712463378906,-0.6479761539454827,-0.7065243418476636,0.2845175887265066,0.7272511365971136,-0.4629055904263568,0.5067782539437067,-0.2263463899341586,0.5352959636768724,0.8137724147665746,5.961442470550537,-3.1968865394592285,1.2786822319030762
3.19,1.6205591937581896,1.5889389311006676,1.8865832578880102,1.9367705106752902,-88.8352279663086,-16.20033836364746,-300.9606628417969,1.0077787637710571,-3.7459092140197754,22.3881778717041,-0.6471170560989663,-0.6796657004767788,0.3453897093157481,0.737225207290434,-0.4424200334386416,0.510650083469814,-0.19426401993520068,0.5850803787579626,0.7873642365202111,5.792190074920654,-3.0133779048919678,1.2948052883148193
3.2,2.8009024873247137,1.4284483727913164,2.385845046720724,3.0212860661873657,-88.82530212402344,-16.23790740966797,-300.737060546875,0.977266252040863,-3.767258882522583,22.335336685180664,-0.6447210494888248,-0.649786104958377,0.4026323212920812,0.7467256297267463,-0.4226889302716804,0.5135512653425915,-0.1635102512236551,0.6317531844231605,0.7577283891448,5.7170233726501465,-2.9258811473846436,1.307194709777832
3.21,1.9665590263146802,2.984225080180614,2.1277508780208607,3.0289758003913625,-88.81570434570312,-16.27570343017578,-300.513916015625,0.9397485852241516,-3.793734312057495,22.28607940673828,-0.6403824262416145,-0.6166396780593055,0.45789284292705323,0.7564244386509467,-0.40298731226120826,0.5151924832216475,-0.1331631209175541,0.6762815490603034,0.7245073150963304,5.794470310211182,-2.9648568630218506,1.3126096725463867
3.22,1.8802937806939823,2.687316508882967,2.2370085466484966,2.306376714761028,-88.80653381347656,-16.31380844116211,-300.2912902832031,0.8923221826553345,-3.8279826641082764,22.237899780273438,-0.6337804848702754,-0.5801493207593316,0.5116141735918631,0.7666366372893638,-0.3831248119039984,0.5152510503329253,-0.10291046284637656,0.7187782301419627,0.6875807534469915,5.735992431640625,-2.9841248989105225,1.3184672594070435
3.23,1.8802937806939823,2.687316508882967,2.2370085466484966,2.306376714761028,-88.79785919189453,-16.352266311645508,-300.069091796875,0.8411146402359009,-3.8627712726593018,22.201519012451172,-0.6252936014670133,-0.5414873776037619,0.5619602582569454,0.7769357730132995,-0.36427699812748016,0.5134910644280564,-0.07333973395532903,0.7576897046489628,0.6484809903862477,5.577535152435303,-2.9332735538482666,1.3285068273544312
3.24,2.3652443053003025,2.119782973879827,2.1482249276534793,2.9490934494595136,-88.78971099853516,-16.391061782836914,-299.84722900390625,0.7879758477210999,-3.8965771198272705,22.178613662719727,-0.615281593046878,-0.5008790794558671,0.608727121969392,0.7870340289910902,-0.34643655427497505,0.5104499496249696,-0.04478837424764981,0.7931594175356714,0.6073649149454773,5.4678120613098145,-2.86102557182312,1.3397221565246582
3.25,2.3494378218491088,2.3840795977186713,2.698055564272562,2.828734774855625,-88.78211975097656,-16.430204391479492,-299.6255187988281,0.7301690578460693,-3.9320783615112305,22.165571212768555,-0.6038306800108777,-0.45847837523266055,0.6520629488949825,0.7969254558746229,-0.3295006735475164,0.5062994409544193,-0.017272164213709973,0.8253646985277192,0.5643357039631834,5.389096736907959,-2.8303611278533936,1.3473873138427734
3.26,1.7927727202064476,1.7994206009927438,2.906501209846865,2.514071258350374,-88.77513122558594,-16.469715118408203,-299.4039611816406,0.6655435562133789,-3.9708619117736816,22.1605224609375,-0.590635065272163,-0.4142926246656786,0.6924679348667133,0.8068833741092829,-0.31327609914989085,0.5007966716018055,0.009457285919676706,0.8545289385673551,0.5193176801284379,5.364230155944824,-2.852980375289917,1.3536278009414673
3.27,2.3210463596558397,2.0168068800091263,2.6172160175318617,1.7304580393436881,-88.76880645751953,-16.50961685180664,-299.1824035644531,0.5993746519088745,-4.008889198303223,22.16758155822754,-0.5753344583055726,-0.3680808807730219,0.7304154477388809,0.8171431945230957,-0.2975347806117188,0.49371049611176676,0.03559860574269358,0.8809026731346051,0.4719567985880525,5.4136152267456055,-2.963775396347046,1.3622469902038574
3.28,2.9031712471355737,1.3871701749122443,2.124646195519821,1.4045468588874497,-88.76313781738281,-16.549884796142578,-298.9606018066406,0.5347913503646851,-4.044090270996094,22.18815040588379,-0.5575114429301714,-0.319303858545985,0.7663067511901249,0.8279059526375453,-0.2819632253106116,0.48483860526958467,0.06125948570823181,0.9047329912687406,0.4215512897865217,5.5701003074646,-3.0160186290740967,1.3727608919143677
3.29,2.9031712471355737,1.3871701749122443,2.124646195519821,1.4045468588874497,-88.75810241699219,-16.590490341186523,-298.73858642578125,0.4721749424934387,-4.076570987701416,22.221267700195312,-0.5382827114476559,-0.2670693549106146,0.7993282693763477,0.8384048443885268,-0.2660443093003825,0.47570762280494494,0.08560980938192192,0.9262258823615922,0.36711929312020697,5.870020866394043,-2.9044973850250244,1.3813530206680298
3.3,1.4490680183061155,2.9941262350553766,1.5974653934373166,1.570842924143458,-88.75369262695312,-16.631410598754883,-298.51617431640625,0.41042086482048035,-4.107367038726807,22.265485763549805,-0.5186647960421114,-0.21040443460650093,0.8286837775922209,0.8481173090018926,-0.24915430700455912,0.46756728015598537,0.10809190311019046,0.9453317434631063,0.30767521070606363,6.251298427581787,-2.723522663116455,1.3876044750213623
3.31,2.9234272809195643,2.89937040058296,2.8153726165193573,1.5445680081950734,-88.7499008178711,-16.672636032104492,-298.2932434082031,0.3479660451412201,-4.137689113616943,22.31932830810547,-0.49917515573473326,-0.14988492712278134,0.8534393197636274,0.856905529773275,-0.23156158980558866,0.46053462754790864,0.12859656659953023,0.9612043168588594,0.2440270155345628,6.353677749633789,-2.493635892868042,1.3978732824325562
3.32,2.3575087916976996,2.2933972832322373,2.6082311621829577,2.9803144428557515,-88.74674987792969,-16.714181900024414,-298.06976318359375,0.2744916081428528,-4.173137187957764,22.3791446685791,-0.4804931096291169,-0.08817721529330752,0.8725543824324414,0.8645584132766899,-0.21460976456600067,0.4544022435963738,0.14719076612149895,0.9727113794214827,0.17935286647422932,6.402737617492676,-2.215806484222412,1.4108591079711914
3.33,2.233884960265758,1.7361447830234438,1.734039467923186,2.8228353213146122,-88.74443054199219,-16.756113052368164,-297.8456726074219,0.1898684948682785,-4.213565826416016,22.444896697998047,-0.4626113212726495,-0.024644933285044135,0.8862185919364078,0.8712353840987557,-0.19770050544807016,0.44929212728454454,0.1641330890608818,0.9799526199816773,0.11293002995828598,6.489326477050781,-2.0846364498138428,1.4199132919311523
3.34,2.233884960265758,1.7361447830234438,1.734039467923186,2.8228353213146122,-88.7429428100586,-16.798437118530273,-297.6208190917969,0.10962926596403122,-4.250875949859619,22.51837921142578,-0.44394899172337876,0.03955994874720309,0.8951783639045985,0.8778384134825554,-0.1812017539634172,0.4433572421591994,0.1797470794261346,0.9826499553837571,0.04571709332487085,6.46229887008667,-2.080082893371582,1.4235990047454834
3.35,2.5880660255872447,2.055459175814788,3.0294310326456717,2.667733386501843,-88.74221801757812,-16.841114044189453,-297.3952331542969,0.03512423485517502,-4.28432559967041,22.59746742248535,-0.42428012190490105,0.10349797816538664,0.8995968800924333,0.8845085538254275,-0.16545340014965348,0.43619925560295253,0.19398710360746552,0.9807718087784723,-0.021346258205846444,6.402339458465576,-2.0745911598205566,1.424737811088562
3.36,2.4379647888654006,1.756329945114547,2.0224669739922567,3.0207020549802084,-88.74225616455078,-16.884130477905273,-297.1688537597656,-0.046236809343099594,-4.319906711578369,22.680269241333008,-0.4036071415477741,0.1670746714540936,0.8995484030613037,0.8912566706249578,-0.15042323733479016,0.4278251941345165,0.20679173667763012,0.9744018184651689,-0.0881945225828771,6.4518537521362305,-2.1013565063476562,1.4282435178756714
3.37,2.853657577748762,2.5729843204546197,1.895517700240143,1.9949641409437566,-88.74313354492188,-16.92751121520996,-296.9416198730469,-0.12968280911445618,-4.355045795440674,22.76542854309082,-0.3816985258685022,0.2309986984285789,0.8949557735855527,0.8981949542842681,-0.13573870754584128,0.4181158061734409,0.21806434703567223,0.96343894700084,-0.1556706008012395,6.514349460601807,-2.1424150466918945,1.4315613508224487
3.38,2.961199483774742,2.9441742644332782,1.450876237081442,1.533792256424581,-88.7448501586914,-16.971223831176758,-296.7135314941406,-0.20950083434581757,-4.386810779571533,22.85087013244629,-0.3591985667960387,0.2944207169762199,0.8856030888760947,0.9050344811652897,-0.12172603427264676,0.40754798549634513,0.22779152204054143,0.9478919843502545,-0.2227370837803856,6.543227195739746,-2.009237766265869,1.4350197315216064
3.39,1.9822337268682788,1.9592933795097278,1.7507375244021663,1.7342026048639996,-88.74732971191406,-17.015235900878906,-296.484619140625,-0.28627660870552063,-4.415431499481201,22.934785842895508,-0.338368399483545,0.3570860774666622,0.8706298636679175,0.9107837025858148,-0.10834999882640127,0.3984135098843823,0.23660066216098813,0.9277660324854492,-0.28856596408999835,6.575141906738281,-1.6254621744155884,1.4401766061782837
3.4,1.9822337268682788,1.9592933795097278,1.7507375244021663,1.7342026048639996,-88.75054168701172,-17.05950927734375,-296.2548828125,-0.35392433404922485,-4.438287734985352,23.013334274291992,-0.32038931481807315,0.4185082834708329,0.8498243957528534,0.914996547336709,-0.09550851627350027,0.39199418577465683,0.24521828095047737,0.9031771365493767,-0.3523337263194673,6.595534324645996,-1.30097234249115,1.4449164867401123
3.41,1.7805881279604945,2.6233330383012663,2.349978712801832,2.9467488971149383,-88.75438690185547,-17.103979110717773,-296.0244140625,-0.4140046238899231,-4.456259250640869,23.08494758605957,-0.30379463264913004,0.4783418944954895,0.8239525794267811,0.9184021906406782,-0.0830507079490794,0.3868332924342993,0.25346841499481465,0.8742377319011246,-0.41407988446722893,6.618166923522949,-1.1186885833740234,1.4491082429885864
3.42,2.938153612840538,2.38156983386466,3.009958000956955,1.4098003511638515,-88.75884246826172,-17.148639678955078,-295.793212890625,-0.4795454442501068,-4.475503921508789,23.15462875366211,-0.2877875305489264,0.5359648523806935,0.7936750054481321,0.9213918918452928,-0.07105854900181502,0.38208332109045134,0.2611806250515208,0.841244530220731,-0.4733839049560079,6.526132106781006,-1.0493062734603882,1.4533158540725708
3.43,2.3217357933937985,2.818266922575438,1.780645748211347,2.862874495386925,-88.76399230957031,-17.193496704101562,-295.5613098144531,-0.5498205423355103,-4.495853424072266,23.222352981567383,-0.2716851289907967,0.5907210142541502,0.7597604056568112,0.9242956022474466,-0.05974315896683963,0.3769726709228315,0.2680761652054964,0.8046610704360012,-0.5297695077800386,6.603975772857666,-0.946136474609375,1.4592969417572021
3.44,1.6464924208747012,1.8379683641390032,1.6683194154942318,2.9787125841779787,-88.76983642578125,-17.238550186157227,-295.32879638671875,-0.6176043152809143,-4.514012336730957,23.28394317626953,-0.2563260644896096,0.6439111790909647,0.7208851101978402,0.9267076973542315,-0.048312381338005486,0.37266440328245615,0.27479045166760535,0.7635733803971525,-0.584333723501544,6.634742259979248,-0.7658673524856567,1.4631471633911133
3.45,1.6464924208747012,1.8379683641390032,1.6683194154942318,2.9787125841779787,-88.77631378173828,-17.28376007080078,-295.095703125,-0.6759938597679138,-4.526639461517334,23.333513259887695,-0.24149389490567646,0.693351879103323,0.6789284722761134,0.9287502549803736,-0.03763589573268605,0.36879059536041536,0.2812537334813129,0.7196156690180457,-0.6348618954595819,6.43681526184082,-0.7131785750389099,1.462723731994629
3.46,2.375653352943245,1.478534963880412,2.205548618766314,2.042382289543865,-88.78333282470703,-17.32906723022461,-294.8621520996094,-0.7253953218460083,-4.533931732177734,23.370529174804688,-0.22616628305567896,0.7383507397190159,0.6353636734698961,0.9309811323511252,-0.028046860935085887,0.36398833057929875,0.28657100972533034,0.673833479984536,-0.6810473534468324,6.2121710777282715,-0.771708071231842,1.4609298706054688
3.47,1.8266520816100598,2.6712752984139634,1.810801740130303,2.202367482299163,-88.79081726074219,-17.37442970275879,-294.6282958984375,-0.7700230479240417,-4.538135051727295,23.398584365844727,-0.21023008877141305,0.7793283851808229,0.5902970250870442,0.9334932141998006,-0.01940033221218553,0.3580698900396151,0.2905059875770015,0.6263153320504836,-0.723419225636424,6.181184768676758,-0.7946667671203613,1.4598042964935303
3.48,1.3789378534933323,2.944879911682848,1.837300101610741,1.6123645256114394,-88.79872131347656,-17.41982078552246,-294.39422607421875,-0.8113834261894226,-4.540265083312988,23.419822692871094,-0.19424043140320443,0.8173678025686508,0.5423841167773932,0.935980723121761,-0.011068832398676032,0.3518772042826816,0.2936166561228485,0.5760098577918835,-0.7628904921244016,6.155798435211182,-0.7093123197555542,1.4615676403045654
3.49,2.2008110718235563,2.544256733283148,2.5310030769202903,2.650605607524306,-88.8070297241211,-17.465219497680664,-294.1598815917969,-0.8474253416061401,-4.539273262023926,23.43209457397461,-0.17875749896685877,0.8515506116887332,0.4928562795538455,0.9380685142188345,-0.0035864313705624576,0.3464312343615872,0.296771324750863,0.5242601389029773,-0.7981717155869715,5.982136249542236,-0.5355291366577148,1.4676640033721924
3.5,2.2008110718235563,2.544256733283148,2.5310030769202903,2.650605607524306,-88.815673828125,-17.510601043701172,-293.9255065917969,-0.8822657465934753,-4.538454055786133,23.4431095123291,-0.16383246176089236,0.8816910768877296,0.4424700774175828,0.9396619115073382,0.002928080146549463,0.3420919736109443,0.30032385275855356,0.471818048916329,-0.8289712372459297,5.846715927124023,-0.42065373063087463,1.4728606939315796
3.51,1.6026383406866342,1.9327923690920876,2.9658269927893786,2.8008642110048174,-88.82466888427734,-17.555992126464844,-293.6910705566406,-0.9160745739936829,-4.538626194000244,23.455305099487305,-0.14895963376307875,0.908205883899842,0.39111775715106034,0.9411142292988443,0.008809023997191629,0.3379739760801992,0.30350458797258995,0.4184309662846707,-0.8560376694595075,5.769261360168457,-0.38645386695861816,1.4753928184509277
3.52,1.6149076009419163,1.7370416291599282,2.9996853157114227,2.1371133885107323,-88.83397674560547,-17.601369857788086,-293.4563903808594,-0.943924605846405,-4.536384105682373,23.46082305908203,-0.13385784189709254,0.9312588724248885,0.33887902073244136,0.9426828592032468,0.01418200915251182,0.3333885084714074,0.3056650211048765,0.3640821104453273,-0.8797801496548056,5.722979545593262,-0.48803606629371643,1.4781216382980347
3.53,2.293332226026309,1.8615449720023605,3.052795044931256,2.181716670520958,-88.84352111816406,-17.64670753479004,-293.2217102050781,-0.964469850063324,-4.530352592468262,23.456323623657227,-0.11810721824167408,0.9510358296166209,0.28562481647195637,0.9448576215946402,0.019155793885088535,0.3269206791794478,0.30544190922945236,0.3084864767636617,-0.9008558895518247,5.770874977111816,-0.6753854751586914,1.4827271699905396
3.54,2.975785696503597,2.911345424554886,2.3779203873932975,2.427698120330485,-88.8532485961914,-17.691972732543945,-292.9872131347656,-0.9800415635108948,-4.522792339324951,23.44839096069336,-0.10193185182200191,0.9677484970771181,0.23037522433872193,0.9475863165187611,0.02396460861179052,0.31859985919722233,0.30280368282196246,0.2507758838865147,-0.9194679905958628,5.931982517242432,-0.7997936606407166,1.487762451171875
3.55,2.367170356625774,2.9516631209300668,1.8958155978858326,1.4399005540517378,-88.86312103271484,-17.737167358398438,-292.7528381347656,-0.9924380779266357,-4.516608238220215,23.446117401123047,-0.0858165706721999,0.9812473340135033,0.1725954393645887,0.9504554529362776,0.02867827207698751,0.3095351170616563,0.29878076943096304,0.19060751874485532,-0.9350929502547706,6.044497966766357,-0.7253126502037048,1.4911108016967773
3.56,2.367170356625774,2.9516631209300668,1.8958155978858326,1.4399005540517378,-88.87308502197266,-17.78229522705078,-292.5184631347656,-0.9986549615859985,-4.507972240447998,23.438640594482422,-0.07022104415333671,0.9910732586624483,0.11332608226798832,0.9527447887534536,0.03297524525011554,0.3019768214678598,0.2955441971366586,0.1291759620242499,-0.9465554386162266,6.058444023132324,-0.4423864781856537,1.4950226545333862
3.57,1.982366045520057,1.428446851051929,2.6518449055572226,2.70352972709893,-88.8830795288086,-17.827316284179688,-292.2840881347656,-0.9984447360038757,-4.496048450469971,23.422792434692383,-0.05509284711514519,0.9970573191745075,0.053305538898806515,0.9540590582708873,0.036819903856920105,0.29734762149920624,0.2945099175376193,0.06723835929372532,-0.9532800803077095,6.045562267303467,-0.08125494420528412,1.4997895956039429
3.58,1.8905401468870466,1.4264218799341717,2.176296584848107,2.8369458922391635,-88.8930435180664,-17.872215270996094,-292.0500183105469,-0.9931252002716064,-4.48366117477417,23.406578063964844,-0.04010678163248111,0.9991699978171998,-0.007124712559908375,0.9545991040463101,0.040422223636955516,0.295138263175458,0.2951812944972401,0.005035801646291832,-0.9554279900027591,6.073828220367432,0.019532613456249237,1.500719666481018
3.59,1.784439293999519,2.8835274390288497,1.6450388630157315,2.3008530707884263,-88.9029312133789,-17.9169864654541,-291.81597900390625,-0.982897162437439,-4.470877170562744,23.38995361328125,-0.025156038842548075,0.9973722361830786,-0.06793965116864545,0.9553579162882102,0.0439976513979608,0.29215656497315295,0.2943780316110576,-0.05755718167725493,-0.9539542679511268,6.093667507171631,-0.11254017055034637,1.4978768825531006
3.6,1.8611435128369316,2.263003898581379,2.4332472803692418,1.8766641790211547,-88.91268920898438,-17.961631774902344,-291.58221435546875,-0.9678914546966553,-4.458198070526123,23.375019073486328,-0.010391278709181488,0.9917145060413642,-0.12804046170613836,0.9564236809390306,0.04722310189269492,0.28813837159716765,0.29179747062958483,-0.11946680356804203,-0.9489899467219932,5.951712608337402,-0.09715046733617783,1.4970293045043945
3.61,1.8611435128369316,2.263003898581379,2.4332472803692418,1.8766641790211547,-88.92227935791016,-18.00615119934082,-291.34844970703125,-0.9483086466789246,-4.445995807647705,23.363224029541016,0.004344075021943079,0.9825330257717395,-0.18603758297729522,0.9572629303416893,0.049714702101175526,0.28491425129086384,0.28918646442364115,-0.17932457071695906,-0.9403264790121209,5.837858200073242,0.0057460470125079155,1.4995167255401611
3.62,1.7908047262535869,1.671690768068982,2.7510301960567216,2.435992385629136,-88.93164825439453,-18.050552368164062,-291.11492919921875,-0.9244869351387024,-4.434311389923096,23.354581832885742,0.019091164118286777,0.9698304342820039,-0.24303180078538705,0.9579143551190024,0.05189177361503934,0.2823248697653659,0.2864186022407657,-0.2381935611461085,-0.9280238206635543,5.842705249786377,0.071128249168396,1.5030407905578613
3.63,2.393376503515494,2.605708056951776,2.08023862867552,1.5897604300121526,-88.94075775146484,-18.0948429107666,-290.8814697265625,-0.8962262868881226,-4.423807621002197,23.35122299194336,0.033739279486309164,0.9535352413575403,-0.29938637996569145,0.9585252828316814,0.05395150414930316,0.27985445748187066,0.28300343318092297,-0.296411502289038,-0.9121673520350122,5.885207653045654,0.025498397648334503,1.5051732063293457
3.64,2.2159067678051727,2.736483561281413,2.5644961878552683,2.9148933168558906,-88.94955444335938,-18.139036178588867,-290.64801025390625,-0.8635154962539673,-4.414651393890381,23.353809356689453,0.04804431258953545,0.933559742379747,-0.35518720618240146,0.9592790944951399,0.05596759042009102,0.2768596172921465,0.2783439650726846,-0.3540251915195156,-0.8928554199181338,5.938553810119629,0.09223039448261261,1.5070757865905762
3.65,1.4581793139506882,1.8195105036359962,2.0681366849418303,2.5045821319359307,-88.95799255371094,-18.183149337768555,-290.4144287109375,-0.8235366344451904,-4.409018516540527,23.369319915771484,0.06260043472421437,0.9100335745426301,-0.4097805251320554,0.9596709061660235,0.05786322711084654,0.27510652265404806,0.2740673957821744,-0.41047623579627884,-0.8697104819511462,5.893621444702148,0.2133292406797409,1.5082364082336426
3.66,2.2321729731674234,2.3281506388436677,1.393466822616276,2.608272359233125,-88.96601104736328,-18.227216720581055,-290.1806640625,-0.7812113761901855,-4.403591632843018,23.38679313659668,0.07704810225535762,0.8835469100807907,-0.4619615218019084,0.9599763400955073,0.05939630417833085,0.2737106236644647,0.2692749828626547,-0.46456101508482434,-0.8436077565241293,5.77053689956665,0.18622896075248718,1.5079249143600464
3.67,2.2321729731674234,2.3281506388436677,1.393466822616276,2.608272359233125,-88.9736099243164,-18.271223068237305,-289.9466857910156,-0.7380768060684204,-4.397825717926025,23.404632568359375,0.09105013362474147,0.8545680995900481,-0.5112956447398803,0.9603747683850646,0.060461452217120196,0.27207483721419373,0.26342015377766725,-0.515807886677637,-0.8152006174095426,5.602205276489258,0.22268670797348022,1.5051435232162476
3.68,3.000513353858424,2.6418887168463594,2.5278856849374187,2.625260663170477,-88.98075103759766,-18.315181732177734,-289.7125244140625,-0.69074946641922,-4.394070148468018,23.430076599121094,0.10522867050204954,0.8237038529844575,-0.5571704312711959,0.9604945752885284,0.06097010173267914,0.27153787495672893,0.25763753171011494,-0.5637327463198019,-0.7847472796901265,5.39498233795166,0.36643025279045105,1.5001392364501953
3.69,2.8264785851330605,2.387895782439019,2.661076655032901,1.7430754552043262,-88.98738861083984,-18.359121322631836,-289.47802734375,-0.6341997385025024,-4.394829750061035,23.46966552734375,0.11989229083976717,0.7911879209478127,-0.5997061883484867,0.9602048490160328,0.06107418721302306,0.2725373214485799,0.25225480475759154,-0.6085159138449433,-0.7523801539608572,5.301036834716797,0.5178589224815369,1.4957443475723267
3.7,2.830693114098721,2.693519429464533,2.8174739852378243,1.4103940977167835,-88.99341583251953,-18.403087615966797,-289.24310302734375,-0.5718755722045898,-4.3984808921813965,23.517839431762695,0.1351832963202165,0.7562032565430549,-0.6402203614300938,0.95947759296754,0.06132596807251299,0.2750306787127312,0.2472412283362485,-0.651456645091328,-0.7172698338680745,5.400233268737793,0.6888443827629089,1.4938632249832153
3.71,2.3946130784230255,3.038614611175114,2.7709818578937178,1.9599888723745136,-88.99882507324219,-18.447093963623047,-289.0076599121094,-0.5081947445869446,-4.403238773345947,23.569101333618164,0.1514607689916039,0.7177704151429682,-0.6796066999389889,0.9581936724522,0.06222869505409924,0.27927132968571955,0.24274373633327376,-0.6934934899891669,-0.6783378640571431,5.60453987121582,0.9159677028656006,1.494727611541748
3.72,2.3946130784230255,3.038614611175114,2.7709818578937178,1.9599888723745136,-89.00357055664062,-18.491161346435547,-288.77166748046875,-0.4399980306625366,-4.410748481750488,23.627113342285156,0.16911175697777342,0.6756658870663941,-0.7175491779011902,0.9562190987157264,0.06395040195233352,0.28557902818908015,0.2388435657562811,-0.7344289993899467,-0.635269860729995,5.725959777832031,1.1389020681381226,1.496828556060791
3.73,3.065166066555599,1.4391632764038502,2.7364538470285202,3.070242675937072,-89.00760650634766,-18.53531837463379,-288.5350646972656,-0.36743292212486267,-4.4211955070495605,23.69146156311035,0.187987424068602,0.6307732288571469,-0.7528518195164176,0.9536173647066787,0.06626390755854647,0.29363755939075886,0.2351056148243607,-0.7731327365415342,-0.5890595229396243,5.7497992515563965,1.329475998878479,1.4988385438919067
3.74,1.937920371181639,2.919189343187421,1.5994754234102588,2.355592139982254,-89.01092529296875,-18.5795955657959,-288.2978210449219,-0.2912384271621704,-4.43449592590332,23.76112174987793,0.20767003454672547,0.5833187500963618,-0.7852467080716605,0.9505261237822175,0.06925487741486333,0.3028264353747946,0.23102650228688976,-0.8092854859320474,-0.5400775476733088,5.8447065353393555,1.3774853944778442,1.4938586950302124
3.75,2.5254556640499217,1.4369763483697593,2.920627614286113,2.631409168492264,-89.01348114013672,-18.624011993408203,-288.0598449707031,-0.21732233464717865,-4.448490619659424,23.831905364990234,0.227130726916799,0.533248657005473,-0.8148972344364077,0.94730864994105,0.0730977625231902,0.31187022759630045,0.22587154454935543,-0.8427945104923041,-0.4885483174128491,5.785399436950684,1.449179768562317,1.4868836402893066
3.76,2.3492858640697647,1.468594063652792,2.994928117013183,1.7860168132324539,-89.01527404785156,-18.66857147216797,-287.8211669921875,-0.14359767735004425,-4.464040279388428,23.90528106689453,0.24696357094287286,0.48222042553555616,-0.8405191585106503,0.9437198021978082,0.07724045366936555,0.32160044660522524,0.22000438533555255,-0.8726381687235883,-0.4360053863427238,5.758781909942627,1.4702891111373901,1.4807956218719482
3.77,2.3492858640697647,1.468594063652792,2.994928117013183,1.7860168132324539,-89.01632690429688,-18.713298797607422,-287.5817565917969,-0.06971945613622665,-4.481302261352539,23.98147201538086,0.2658659052874351,0.42852035334316335,-0.8635309069027832,0.940241769678601,0.08241737833976887,0.3303827935883654,0.21274570490927802,-0.8997653485872026,-0.3810007644669555,5.981261253356934,1.3931328058242798,1.4755520820617676
3.78,2.2461400256332062,2.3554000262435992,1.4736182610990376,2.430741824609205,-89.01667022705078,-18.758207321166992,-287.3415832519531,0.0027625984512269497,-4.499595642089844,24.059518814086914,0.2836983720464401,0.37088307010426913,-0.8842855771798108,0.9369389633338621,0.08907651777093784,0.33795081442226393,0.20410931552740874,-0.9243977078573028,-0.3222239361423932,6.282436370849609,1.3399966955184937,1.4721341133117676
3.79,2.0938516227564916,2.8002131622407536,2.691263728413432,2.586730669244706,-89.0162582397461,-18.803306579589844,-287.1005554199219,0.07593385130167007,-4.519606590270996,24.139997482299805,0.3008090765552279,0.30978873897334464,-0.9019672037648023,0.9336809207568215,0.09702785723949908,0.34471079637024105,0.19430346799963577,-0.9458417056383256,-0.26005697490838087,6.352338790893555,1.407659888267517,1.4665827751159668
3.8,2.648932879493474,2.1219866951806914,2.021806236681949,1.9044662107776196,-89.0151138305664,-18.848617553710938,-286.8587341308594,0.15692804753780365,-4.543984889984131,24.223873138427734,0.3182242494778821,0.248068271782458,-0.9149838575511061,0.9300518815865333,0.10530477756430068,0.352014774376704,0.1836758683158658,-0.9630020957178638,-0.1972058291263597,6.232824325561523,1.5064254999160767,1.4618312120437622
3.81,1.8372278495931473,2.6953119086224477,2.0468077844709436,2.3430915448843663,-89.01312255859375,-18.894189834594727,-286.6160888671875,0.23911045491695404,-4.5701584815979,24.30799102783203,0.33572018202983367,0.18623082152569453,-0.9233688539753332,0.9261077642768982,0.11383480439825902,0.35967491746527885,0.1720940682414719,-0.9758891937210263,-0.134253168508697,6.209826946258545,1.6339699029922485,1.457183599472046
3.82,1.3908011223084331,1.537694688836399,2.8340610053307946,2.6612264008600306,-89.01033782958984,-18.940021514892578,-286.3725891113281,0.3178977370262146,-4.596329212188721,24.390413284301758,0.35385126868005906,0.12388949108907621,-0.9270602319435357,0.9215873200663638,0.12293271715243043,0.36819065515900595,0.15958098616818406,-0.9846516851411011,-0.07067508615049306,6.135863304138184,1.7837674617767334,1.4520928859710693
3.83,1.3908011223084331,1.537694688836399,2.8340610053307946,2.6612264008600306,-89.00679016113281,-18.986120223999023,-286.1282958984375,0.39491572976112366,-4.623080253601074,24.47064971923828,0.37168600317402695,0.062324659306290775,-0.926264083232677,0.9168113125762933,0.13223468476722755,0.37679039966093314,0.14596757234622687,-0.9892571076251442,-0.00799017124236251,6.0356550216674805,1.7092373371124268,1.447891116142273
3.84,3.0661869153335193,2.7417390926161995,1.7092294596958455,1.5407915488034645,-89.00247955322266,-19.032485961914062,-285.8832092285156,0.4697982370853424,-4.650079250335693,24.5477294921875,0.38681401681355265,0.0011952048380434177,-0.9221569757269961,0.9127619875263455,0.14189031160335663,0.38305703700631494,0.131302972256989,-0.9898816651289675,0.05379422383474741,6.00615930557251,1.454797625541687,1.4440996646881104
3.85,1.496026799412019,1.6886844910017116,2.1292214746424203,2.012567703207935,-88.99740600585938,-19.079130172729492,-285.6373596191406,0.5466578602790833,-4.678681373596191,24.620386123657227,0.3995714832241921,-0.05968854644795979,-0.9147567475656843,0.9093546454610979,0.15189626619902002,0.3873004687488996,0.11583073241735165,-0.9865925206171624,0.11497147337463187,6.024426460266113,1.5293257236480713,1.4399011135101318
3.86,1.970803009562497,2.7236920151658146,1.6611719320770706,2.123231265357091,-88.99156951904297,-19.126054763793945,-285.39080810546875,0.6178750991821289,-4.705492973327637,24.688274383544922,0.4131808002716838,-0.12038460163647224,-0.9026567309756677,0.9052185704527342,0.1623840355676039,0.39269678468289937,0.09930239672011548,-0.9793564073827296,0.17606834276505734,6.030868053436279,1.6866339445114136,1.4350879192352295
3.87,2.4033069461584375,2.522328816172913,2.2630979867948713,2.287973969129072,-88.98505401611328,-19.17323875427246,-285.1435852050781,0.6863608360290527,-4.731721878051758,24.74989128112793,0.42644186303209586,-0.17998118052722978,-0.8864277252600687,0.9008098008841481,0.17311842638415004,0.39821063908104826,0.08178655197999501,-0.9683164694986346,0.23595375566606952,5.912935733795166,1.7916680574417114,1.4307136535644531
3.88,2.4033069461584375,2.522328816172913,2.2630979867948713,2.287973969129072,-88.97784423828125,-19.220699310302734,-284.8958435058594,0.7609178423881531,-4.761268138885498,24.80190658569336,0.43989900975571905,-0.23736222234595294,-0.8661108685491299,0.8958291480758919,0.18372483881725715,0.404642213639648,0.06307930463757078,-0.9538890705970811,0.29345637209281605,5.7890167236328125,1.9520533084869385,1.425695776939392
3.89,2.327779315776437,1.980024686957102,2.3536129785149646,2.051729117793686,-88.9698715209961,-19.268468856811523,-284.6475830078125,0.8376133441925049,-4.7925872802734375,24.843738555908203,0.45339189906556787,-0.29289834981832175,-0.8418113461669556,0.8902673320950705,0.1945148480082064,0.41181069839025564,0.043126132055212485,-0.9361487758780911,0.34894928880269693,5.7275919914245605,2.0897605419158936,1.4199697971343994
3.9,2.0436380863864536,2.2104733445008367,2.1407412997166095,1.7670297396896801,-88.96113586425781,-19.31654930114746,-284.39898681640625,0.9093905091285706,-4.822428226470947,24.87691879272461,0.4666249511877033,-0.3467877036063604,-0.8136334823226616,0.884183207886807,0.20571980548376512,0.41940364390729534,0.021936495163745684,-0.9151052673103511,0.4026178584225767,5.734450340270996,2.190976858139038,1.4135847091674805
3.91,2.102755114721001,2.9594719729982404,2.827861175223468,1.8608898708071084,-88.95171356201172,-19.364910125732422,-284.15008544921875,0.9736824631690979,-4.849383354187012,24.90218162536621,0.4792109272663273,-0.3993666804111304,-0.781577342152356,0.8776996785722295,0.21764057591642205,0.4269377635545644,-0.00040177450367334666,-0.8905834235444552,0.4548197492249936,5.763996601104736,2.2922329902648926,1.407758355140686
3.92,1.510618427731841,2.7315133608220483,1.768089609275633,1.6106418081830296,-88.94165802001953,-19.413537979125977,-283.90106201171875,1.0383491516113281,-4.877622127532959,24.91454315185547,0.49122267633689637,-0.4502264150204697,-0.7456516998372852,0.8707021231120445,0.23017991320053155,0.43462054756669544,-0.024043607478811624,-0.8627359867171486,0.5050826884408068,5.761049747467041,2.4195170402526855,1.4050536155700684
3.93,1.510618427731841,2.7315133608220483,1.768089609275633,1.6106418081830296,-88.93096923828125,-19.462451934814453,-283.65203857421875,1.0969946384429932,-4.903591156005859,24.917499542236328,0.5026800690061223,-0.49877247294357785,-0.7060727784426676,0.8630732997030197,0.2431084242215329,0.4427220046623672,-0.04916530853907064,-0.8319400905751997,0.5526829634880985,5.655891418457031,2.5851943492889404,1.4035508632659912
3.94,2.611792356442246,2.239397981486203,2.5149858363336683,2.4840678845116395,-88.91975402832031,-19.5115966796875,-283.40301513671875,1.1460628509521484,-4.9250807762146,24.9138240814209,0.5137309509301511,-0.5440053100548776,-0.6634295235279323,0.8545756982617707,0.2559344040049741,0.45188268033531215,-0.07603213792081531,-0.7990968673938819,0.5963751424434749,5.463128566741943,2.7807562351226807,1.4012523889541626
3.95,1.4803914403900937,1.9248327661584148,2.522208307425176,2.9050438757394743,-88.90804290771484,-19.560964584350586,-283.15399169921875,1.1973037719726562,-4.949957847595215,24.893997192382812,0.524127787395468,-0.5858688219971151,-0.6181001422841157,0.8451937934605693,0.2687080329774789,0.46199939881898866,-0.10458257013319172,-0.7645611266766622,0.6360100389138911,5.368867874145508,2.908376932144165,1.395300269126892
3.96,1.5824757346644824,2.063129454351172,1.9676055538207067,2.7945802502537704,-88.89581298828125,-19.610597610473633,-282.90521240234375,1.2471418380737305,-4.976356029510498,24.860891342163086,0.5329295665583077,-0.6249592220849124,-0.5704489879200376,0.835493329468825,0.281945600575352,0.4716540837619252,-0.13392898678430823,-0.7279647306341324,0.6724064079496145,5.282654285430908,2.8408844470977783,1.3869798183441162
3.97,3.0576343568389754,1.8624611484187816,1.5219568945498765,2.232689232638703,-88.88311767578125,-19.66048240661621,-282.65679931640625,1.2894439697265625,-4.999704360961914,24.821199417114258,0.5391521982861558,-0.6607551566780681,-0.5222236398388607,0.8263254274541865,0.29516182177913663,0.47965173501893826,-0.16279187641237586,-0.6901319597637567,0.7051359323469304,5.088022232055664,2.70438814163208,1.378732681274414
3.98,2.015713945500964,2.670558520800028,2.795748787028774,1.6163594304627693,-88.87003326416016,-19.710588455200195,-282.4088134765625,1.3266973495483398,-5.021790504455566,24.77309226989746,0.5433294115133885,-0.6931776654472498,-0.47360096569751187,0.8173877875666579,0.3081123349204342,0.48676893266391047,-0.19149505299458613,-0.6515915232682045,0.7340014519628839,4.987682342529297,2.762972116470337,1.3672348260879517
3.99,2.015713945500964,2.670558520800028,2.795748787028774,1.6163594304627693,-88.85659790039062,-19.76091957092285,-282.1613464355469,1.3607064485549927,-5.044516086578369,24.71466827392578,0.5464223327565317,-0.7230007007742194,-0.42272049979259124,0.8077302834737625,0.3215423633589649,0.49414805243461896,-0.22134683965285257,-0.6114576806660617,0.759687489254743,5.010663032531738,2.9111995697021484,1.3597557544708252
4.0,2.7547991777245073,2.0018122983054583,2.8565137380439554,2.514412791272295,-88.84283447265625,-19.811479568481445,-281.9145202636719,1.390684723854065,-5.067596435546875,24.647275924682617,0.5481660371859232,-0.7503724935972933,-0.3693983168998751,0.7974175318970975,0.3356805726987333,0.5014417542803863,-0.2522682609822765,-0.5694380334726773,0.7823688711443904,5.051827430725098,3.0235471725463867,1.3581922054290771
4.01,1.4588219570765542,2.0929053340991812,3.043045834724622,2.698926896162713,-88.82878875732422,-19.86227798461914,-281.6684265136719,1.4172887802124023,-5.092706203460693,24.569238662719727,0.548264434225447,-0.7751951304489548,-0.3138130333362181,0.7866353650263216,0.35062807599196744,0.5081975549095815,-0.2839206097720916,-0.5254830749457103,0.8020328081146335,5.1383538246154785,3.0699963569641113,1.3528369665145874
4.02,2.2516565181006154,2.435647396014663,2.8072536856114785,2.107639701547162,-88.81450653076172,-19.913333892822266,-281.42315673828125,1.4386005401611328,-5.11766242980957,24.484874725341797,0.546301413233512,-0.7973152237208042,-0.25659929836636625,0.775992619827638,0.3664810121173047,0.5133489278556201,-0.3152621446861426,-0.47956240655468374,0.8189198241264977,5.160035610198975,2.9504611492156982,1.3461791276931763
4.03,1.9296673746751887,1.5168572180102775,3.0262247076165236,2.718273172319389,-88.80004119873047,-19.964628219604492,-281.1787414550781,1.4538787603378296,-5.1413092613220215,24.396690368652344,0.5420348801993234,-0.8163693980441424,-0.1993469201777374,0.7661733036249487,0.38263157614254145,0.5163056708492618,-0.3452197234512201,-0.432589970845047,0.8328800992126923,5.152541160583496,2.8569345474243164,1.3417094945907593
4.04,1.9296673746751887,1.5168572180102775,3.0262247076165236,2.718273172319389,-88.78544616699219,-20.016155242919922,-280.93524169921875,1.463501214981079,-5.163856029510498,24.305212020874023,0.5357975321676869,-0.8324067948968126,-0.14149181012564657,0.7568518952751482,0.39919922052695855,0.5175086385260488,-0.37429428681377497,-0.38436819605722355,0.8438986175591728,5.206392765045166,2.7312521934509277,1.3355865478515625
4.05,1.8216875934405456,2.972734955208887,2.2210063621803515,2.2621579379883916,-88.77079772949219,-20.067899703979492,-280.6926574707031,1.4674745798110962,-5.184889316558838,24.21180534362793,0.5275729347673677,-0.8453876821811748,-0.0835850783171753,0.7487749768201952,0.4162831603425692,0.5157948860769359,-0.4012515826621289,-0.33470583686506616,0.8526248707254513,5.283849239349365,2.488562822341919,1.3281480073928833
4.06,3.000753977139169,2.3112065191572904,1.7974307368056683,2.946020738940874,-88.75614929199219,-20.11984634399414,-280.4510192871094,1.466172456741333,-5.205158710479736,24.115564346313477,0.5176288476642337,-0.8552083366009591,-0.026059107314297253,0.7419738986561641,0.4335084968740609,0.5114148187635595,-0.4260693720261639,-0.2840582407644828,0.858938767360641,5.220007419586182,2.4100735187530518,1.3233171701431274
4.07,2.0295454178300223,1.777099617032144,2.572172919496812,2.2767276358751904,-88.74151611328125,-20.17200469970703,-280.21038818359375,1.4597011804580688,-5.226565361022949,24.014249801635742,0.5062298128099464,-0.861853084852624,0.030669801962559,0.73531048292787,0.449937931602744,0.5068277334572638,-0.4506105528267058,-0.2340194817425686,0.861501602927209,5.0761847496032715,2.5127992630004883,1.3150391578674316
4.08,2.5093858616884885,2.2498977310505497,1.7223390380360284,2.775043266166958,-88.72697448730469,-20.2243709564209,-279.97076416015625,1.4482239484786987,-5.245769023895264,23.915374755859375,0.49341674304578675,-0.8654330356508834,0.08698033390476728,0.7284657874470867,0.46581496211412976,0.5023485021274651,-0.47526573009336986,-0.18450496436331645,0.860279259266494,5.04219388961792,2.541785717010498,1.305285930633545
4.09,1.8524264373511252,2.88178935844408,2.266630533760396,2.3758190885962467,-88.71256256103516,-20.276912689208984,-279.7320556640625,1.4320032596588135,-5.26312780380249,23.81983184814453,0.47923036358875715,-0.865983462840086,0.1428667235645907,0.7219367474658731,0.4815014155111954,0.49695444410842265,-0.49914486000857883,-0.13501492120580144,0.8559353829459369,4.981998920440674,2.562216281890869,1.2956310510635376
4.1,1.8524264373511252,2.88178935844408,2.266630533760396,2.3758190885962467,-88.6983413696289,-20.329639434814453,-279.4943542480469,1.4107439517974854,-5.2813568115234375,23.7243595123291,0.4636256772425083,-0.8637296303748704,0.19754077304170686,0.7153962901171221,0.4964534078376782,0.49167282000636797,-0.5227421730529151,-0.08663220797628074,0.8480775206625102,4.809682369232178,2.6390433311462402,1.2882392406463623
4.11,2.634344719075162,1.437462281986087,2.5179809662831527,2.289410148623584,-88.68436431884766,-20.382539749145508,-279.257568359375,1.384735107421875,-5.299893379211426,23.631624221801758,0.44654386309892524,-0.8590492533841267,0.2502657759040633,0.7087803760623095,0.510319916215781,0.48703589356688015,-0.5461034305309383,-0.04009941862038399,0.8367574796729622,4.60006856918335,2.712015390396118,1.2846451997756958
4.12,2.839345003440016,2.514725475974518,1.820051960185027,2.2205403405814006,-88.67066192626953,-20.43562889099121,-279.0216979980469,1.3549473285675049,-5.317558288574219,23.545286178588867,0.42804834584302853,-0.8520835990642521,0.3012111449245495,0.7021761618127071,0.5233830032288204,0.4827202810253113,-0.5689668280339566,0.004875667840564896,0.8223460199089472,4.581829071044922,2.725419521331787,1.2780084609985352
4.13,2.198938205117452,2.775316730784795,2.4939298797474923,3.0492085125128616,-88.65727996826172,-20.4888916015625,-278.7866516113281,1.3209317922592163,-5.335693359375,23.464162826538086,0.40825851890763065,-0.8423185519161025,0.3518869688370224,0.6956992383580931,0.5366678207231567,0.47748321431043705,-0.5910393823488557,0.049870906330420656,0.8050995846567464,4.630486011505127,2.827678680419922,1.2683850526809692
4.14,2.941048538238844,1.8563622035421627,2.3055973127505522,2.000020688827862,-88.64427185058594,-20.5423526763916,-278.55242919921875,1.2802307605743408,-5.357670783996582,23.38372802734375,0.38677464249693333,-0.8300531549931578,0.401767514624159,0.6888197962587117,0.5497122364395318,0.472592578645449,-0.6131334799238057,0.09395859191448488,0.7843717988313775,4.514714241027832,2.9232985973358154,1.2598764896392822
4.15,2.941048538238844,1.8563622035421627,2.3055973127505522,2.000020688827862,-88.6316909790039,-20.596044540405273,-278.3189697265625,1.2359979152679443,-5.3795952796936035,23.3118953704834,0.36389219929952554,-0.8156891161974754,0.449704050466455,0.681948798270457,0.562175135654226,0.4678727961632651,-0.6344511831704894,0.1364198760046868,0.760829359057885,4.505474090576172,2.986868143081665,1.2512013912200928
4.16,2.380379910623737,2.2136452677387464,2.6314561358023423,1.82627766926376,-88.61955261230469,-20.64993667602539,-278.0861511230469,1.1902137994766235,-5.3997578620910645,23.252286911010742,0.33941131925195633,-0.7983782472178658,0.4973852940457476,0.674870200910991,0.5750296361799673,0.46248365315662016,-0.6552481730504901,0.17869832647247336,0.7339732555277011,4.663328170776367,3.104830741882324,1.2409014701843262
4.17,2.4897861459600374,2.7862482654026923,2.5735764129898495,2.46412958584461,-88.6078872680664,-20.704038619995117,-277.8538818359375,1.1411992311477661,-5.420300483703613,23.20216178894043,0.313190150683073,-0.7776900919224159,0.545078022342507,0.667547516073032,0.5885143382597462,0.4561043602591609,-0.6754940734749931,0.22101808656396793,0.7034619834161355,4.8112711906433105,3.207233190536499,1.232611894607544
4.18,2.1901091676317805,3.0112492151448804,1.7924278902297937,2.061370994132651,-88.59674835205078,-20.75835609436035,-277.6221008300781,1.0853958129882812,-5.444211483001709,23.157703399658203,0.28528466247004863,-0.7538349244769396,0.5918999645195104,0.6601563216299198,0.6022657342359117,0.4488536692256536,-0.6948426385674706,0.2626954358265966,0.6694660675676327,4.8425822257995605,3.2958037853240967,1.2259800434112549
4.19,1.3708434545095365,1.6423464681249484,1.6677498699853444,2.6939131650643997,-88.58618927001953,-20.812923431396484,-277.3907165527344,1.0261552333831787,-5.468801975250244,23.123764038085938,0.25552953649817706,-0.7276946383691438,0.6365258590708062,0.6526110190060921,0.6155829194857474,0.441765239815486,-0.7133046430865685,0.3025197225408698,0.6322011575637443,4.716942310333252,3.4638214111328125,1.2193477153778076
4.2,1.3708434545095365,1.6423464681249484,1.6677498699853444,2.6939131650643997,-88.57621002197266,-20.867712020874023,-277.15960693359375,0.9714545011520386,-5.488913059234619,23.10824203491211,0.22371624183325134,-0.7002922368461302,0.6778951439220154,0.6447306951871525,0.6279361274622928,0.43591117273035185,-0.7309400617174419,0.3395393980684762,0.5919794112431611,4.497304439544678,3.5146806240081787,1.2103756666183472
4.21,2.2795574639944567,1.60823116948207,2.7859816981883023,2.7958932063589943,-88.5667495727539,-20.922691345214844,-276.9285888671875,0.9193477034568787,-5.506749629974365,23.107589721679688,0.1913285633526322,-0.6723078827567246,0.7151192149764874,0.637373159893613,0.6391662784450312,0.4303741669128842,-0.7464240322314443,0.3734549226906757,0.5508017654523746,4.2531962394714355,3.3990328311920166,1.1996420621871948
4.22,2.001232559055537,1.38313143724842,2.1362575312117205,2.074785397602098,-88.55784606933594,-20.977867126464844,-276.69757080078125,0.8587234020233154,-5.529384613037109,23.111900329589844,0.15915916911770356,-0.6437979125851859,0.7484601570135311,0.6308701261581379,0.6494672320869315,0.42449404986001293,-0.7593887297076364,0.4046190334083374,0.5095215353610928,4.158111572265625,3.233982801437378,1.1894073486328125
4.23,2.120320772033282,1.9841490916853737,2.1011848071589974,2.9320769393398525,-88.5495834350586,-21.03328514099121,-276.4664001464844,0.7957774996757507,-5.55300760269165,23.12541389465332,0.12757462739275482,-0.6135723314844377,0.7792648513068909,0.6253256357094721,0.6596124949807056,0.41698825617740476,-0.7698652893657072,0.4340971671205419,0.46783232651001794,4.205999851226807,3.103116512298584,1.1798826456069946
4.24,2.3098338973316555,2.1786681502209557,1.8395584835835708,2.992975339182478,-88.54194641113281,-21.088930130004883,-276.2350769042969,0.7303788661956787,-5.577383518218994,23.147781372070312,0.0962633561673168,-0.5815109779069605,0.8078232163246457,0.6205082358347496,0.6696441817378538,0.4081007217904514,-0.7782691664974604,0.4619758136941058,0.4252945473915904,4.170379161834717,3.0173840522766113,1.1699763536453247
4.25,1.992927542474845,1.380731979035972,2.964811131361966,2.214902255455566,-88.53499603271484,-21.144840240478516,-276.0034484863281,0.657688558101654,-5.604857444763184,23.175914764404297,0.0651554327611159,-0.548803141796101,0.8334085919502152,0.6163061903237097,0.6789846085171453,0.3989318001432,-0.7848066318211047,0.48764230020738303,0.3824703095641091,4.015445232391357,2.971234083175659,1.1590760946273804
4.26,1.992927542474845,1.380731979035972,2.964811131361966,2.214902255455566,-88.52877807617188,-21.201025009155273,-275.7715148925781,0.5847398638725281,-5.631811618804932,23.21297264099121,0.034245208313986086,-0.515727724161618,0.8560678595991148,0.6126316081432359,0.6875999258909111,0.38972920678164,-0.7896263536707501,0.5111078716336618,0.3394981077159989,4.008047103881836,2.8597769737243652,1.1505658626556396
4.27,1.8523806012247284,2.575608736108389,1.7321525550131078,2.6063369645169474,-88.5232925415039,-21.25747299194336,-275.5391540527344,0.5127273797988892,-5.6576457023620605,23.25859832763672,0.0045909597821549575,-0.4805573406300156,0.8769512902407323,0.6099555792310986,0.6962761367445818,0.3783566211458377,-0.7924223081495959,0.5331643121652526,0.2963152067988061,4.1678667068481445,2.66035532951355,1.144728422164917
4.28,1.9439311060469957,2.8586723977350195,1.7164530951171972,2.0552226360778323,-88.51852416992188,-21.314178466796875,-275.3063049316406,0.43867233395576477,-5.683443546295166,23.31085777282715,-0.02373183681851815,-0.4433550816335326,0.8960318473753838,0.6082942544298491,0.7048696310772975,0.36487929951230275,-0.7933567293146592,0.5537102805390905,0.25296249776689905,4.125217914581299,2.5807337760925293,1.1388870477676392
4.29,2.7165581847524773,1.9897433351822147,2.707343239430889,2.535278349844896,-88.51451873779297,-21.371137619018555,-275.07293701171875,0.36324790120124817,-5.708744049072266,23.36931610107422,-0.05224593979803732,-0.40662654496331274,0.9120993447568192,0.6069607134726264,0.7123561588141707,0.35234556233947456,-0.7930126443351456,0.5720170940896078,0.20958862085967495,3.9008498191833496,2.6843583583831787,1.1341770887374878
4.3,2.2984164340976663,2.464664965739023,2.6059004059852455,1.8332131489669166,-88.51128387451172,-21.428356170654297,-274.83892822265625,0.2814544141292572,-5.735493183135986,23.43234634399414,-0.08177903748469384,-0.3705711336043078,0.9251968568727931,0.6055722200910694,0.7188202419332792,0.3414377630563959,-0.7915772074043383,0.5881959662614156,0.16562315656860666,3.836378812789917,2.75454044342041,1.1285309791564941
4.31,2.2984164340976663,2.464664965739023,2.6059004059852455,1.8332131489669166,-88.50890350341797,-21.48584747314453,-274.6042785644531,0.1964617520570755,-5.76241397857666,23.50028419494629,-0.11149862648423847,-0.33346701034843235,0.9361451860162541,0.6044063442452461,0.7250050281528302,0.3302433650949119,-0.7888352345884567,0.6026337711764855,0.1207125118178804,3.902378559112549,2.7941696643829346,1.1238144636154175
4.32,1.9165744086366527,2.4453908557202793,1.8976525514756997,2.2540689582461235,-88.50735473632812,-21.54360008239746,-274.3689270019531,0.11284318566322327,-5.7876787185668945,23.57333755493164,-0.14169315024983453,-0.2950254493308935,0.9449248834798363,0.6033812341488002,0.7309957587270289,0.3187103496910102,-0.7847637462633887,0.6153090158369204,0.0744357278492781,3.9681224822998047,2.877164125442505,1.1212869882583618
4.33,2.547562736531469,2.571977281488139,1.6783257517564312,2.1943144512961217,-88.50662994384766,-21.601594924926758,-274.1327819824219,0.031900860369205475,-5.810794353485107,23.650686264038086,-0.17245835618167826,-0.25569410324692227,0.9512510924818248,0.6024642166637781,0.7366443083365186,0.3072328606043173,-0.7792913338558393,0.6260796183874411,0.02700608111189895,3.9183595180511475,2.9585156440734863,1.1173896789550781
4.34,1.9646668690107747,2.976512267854837,1.5413421591962917,2.9885331196574674,-88.5067138671875,-21.65981101989746,-273.8959045410156,-0.04870866984128952,-5.832491874694824,23.73128318786621,-0.2038746159619838,-0.21688584738076716,0.9546704510836607,0.6015847311939027,0.7415662072881444,0.2969433808028677,-0.772354162389712,0.6348543844175636,-0.020711311524934717,3.7876787185668945,3.1037356853485107,1.110844373703003
4.35,1.7125421247663422,2.0771426895208718,2.482039022760067,2.7132648819344767,-88.50762176513672,-21.718244552612305,-273.6581726074219,-0.13315260410308838,-5.8540754318237305,23.81433868408203,-0.2365075599434971,-0.1793329177535085,0.9549365836010193,0.6004909896663219,0.745674184068722,0.28875696102952597,-0.7638551861571239,0.6417240184249451,-0.06866978052539813,3.517770767211914,3.254746198654175,1.102974534034729
4.36,2.1257631889418356,2.4162832434999775,2.003896231374805,2.0240032786514424,-88.5093765258789,-21.776885986328125,-273.41961669921875,-0.2174891084432602,-5.8743815422058105,23.89895248413086,-0.269429506609799,-0.14444551270253342,0.9521256402534815,0.5993731761698655,0.7487012094027271,0.2831930343898675,-0.7537635814073582,0.64697912864249,-0.11514543171553449,3.254807233810425,3.231854200363159,1.096480369567871
4.37,2.1257631889418356,2.4162832434999775,2.003896231374805,2.0240032786514424,-88.5119400024414,-21.835718154907227,-273.1802062988281,-0.29789507389068604,-5.8923420906066895,23.983728408813477,-0.30127315614836264,-0.11107038661203109,0.9470469125667735,0.5985764323041189,0.7510926218503935,0.278506962376121,-0.7422538245603565,0.6507866337131976,-0.15979992899174805,3.1287999153137207,3.2165920734405518,1.0916860103607178
4.38,2.0951315705319082,2.21583456039642,2.0516593003245136,1.8664662559034206,-88.51533508300781,-21.89472198486328,-272.93994140625,-0.37575459480285645,-5.908344745635986,24.067768096923828,-0.3330533108454716,-0.07852630944240718,0.9396324339124448,0.5977583872132453,0.7531018695130887,0.2748135452486118,-0.7292190361277534,0.6532007293789912,-0.20388331095914708,3.0386857986450195,3.30641508102417,1.0873775482177734
4.39,2.1955743760381763,2.0676901276422783,1.3915308187643975,2.6271901191778064,-88.51949310302734,-21.95387840270996,-272.6988525390625,-0.45102760195732117,-5.922347545623779,24.150068283081055,-0.3650990049373277,-0.046640844264775605,0.929799628005971,0.596767605085865,0.754837118038912,0.2721935905762495,-0.7145426104256165,0.6542519062845585,-0.24775653575469403,2.9814977645874023,3.401679277420044,1.083174228668213
4.4,2.7023932330826597,2.1520359970135123,3.0299378851169814,2.6671763479222634,-88.52436065673828,-22.01316261291504,-272.4569396972656,-0.5240630507469177,-5.9344096183776855,24.229820251464844,-0.39723974446469945,-0.01540375426447771,0.9175855871645869,0.5955898329992584,0.7563606055525164,0.2705390640852926,-0.69819290761618,0.6539735153068434,-0.29128217424290515,2.8608829975128174,3.4800238609313965,1.0757977962493896
4.41,2.1080310336271064,1.5015333196147262,2.365414216478416,1.937914944130441,-88.52999114990234,-22.07257080078125,-272.2142639160156,-0.6053979992866516,-5.94762659072876,24.309738159179688,-0.42900621970885455,0.014652531002795788,0.9031826873818665,0.5942738215179559,0.757592424489575,0.26998582076555855,-0.6802883862815554,0.6525634235009037,-0.3337194777042801,2.815488576889038,3.4712581634521484,1.0678577423095703
4.42,2.1080310336271064,1.5015333196147262,2.365414216478416,1.937914944130441,-88.53643798828125,-22.13210678100586,-271.9707946777344,-0.6828906536102295,-5.9583563804626465,24.38518714904785,-0.45945632799621927,0.044980929040522866,0.8870606510757211,0.5930873233832885,0.7589760603149768,0.2687057251172803,-0.6611711650596064,0.6495629729990836,-0.37539397251729356,2.9133400917053223,3.4016735553741455,1.0616357326507568
4.43,1.598512348223358,2.309353271188995,1.7860616604630357,2.1541031724601454,-88.54360961914062,-22.191722869873047,-271.7265930175781,-0.7497072815895081,-5.96437406539917,24.452669143676758,-0.4883912635895904,0.07613180828378358,0.869297372259231,0.5921233380179225,0.7606621543048808,0.26605082142848313,-0.6409866817835421,0.6446681586488499,-0.41658017115607526,3.0392630100250244,3.3327908515930176,1.0555658340454102
4.44,1.424323944910693,2.801874344258224,2.736587972209958,2.760695346190706,-88.55142974853516,-22.251384735107422,-271.48175048828125,-0.8132200241088867,-5.967710971832275,24.514324188232422,-0.5159153494627803,0.10764012229609951,0.8498499610288734,0.5913848489551095,0.7624907266596178,0.2624344721724455,-0.6197542356571994,0.6379823632594936,-0.45703740717231434,3.0072243213653564,3.310351848602295,1.0504817962646484
4.45,1.5716698569155012,1.8504585772773416,2.401821960477184,2.192391629310104,-88.55989074707031,-22.31107521057129,-271.2362976074219,-0.8816453218460083,-5.970845699310303,24.574214935302734,-0.5422460918517334,0.13763779123235811,0.8288697209430439,0.5908067925917534,0.7638880541335872,0.25965818796919726,-0.5974248987939544,0.6305004989503813,-0.49553265394356594,2.8003275394439697,3.2432501316070557,1.0485529899597168
4.46,2.840939491509309,2.453792774515051,1.59150931622757,3.019226403742606,-88.56905364990234,-22.37079429626465,-270.9902648925781,-0.9478718638420105,-5.971680164337158,24.628334045410156,-0.5666401284265565,0.16562999763602126,0.8071466215873219,0.5906028731958262,0.764708883028608,0.2576986037796365,-0.5745495722995281,0.6227254837408139,-0.5311362921795109,2.6531174182891846,3.1071460247039795,1.047410488128662
4.47,2.840939491509309,2.453792774515051,1.59150931622757,3.019226403742606,-88.578857421875,-22.430511474609375,-270.7437438964844,-1.0136467218399048,-5.970914363861084,24.678068161010742,-0.5892848534942805,0.19234680545185148,0.7846948883959243,0.5906878202491935,0.7652066178563728,0.25602095812270403,-0.5512089081750048,0.6143789859860755,-0.5645415849405964,2.5215084552764893,3.0943562984466553,1.0408695936203003
4.48,2.8216595960362714,2.5717629228762333,1.4990177458668754,1.88668747893559,-88.58934020996094,-22.490211486816406,-270.4967041015625,-1.0824779272079468,-5.969809532165527,24.725942611694336,-0.6114562636087315,0.217338663854386,0.7608450189674898,0.5905710063941298,0.765302856796837,0.25600278081541417,-0.526637564270034,0.6058675123924294,-0.5963031387869222,2.3325910568237305,3.198455572128296,1.0302127599716187
4.49,2.2134032992403894,2.86102359395137,2.658656022485464,2.8502565230771744,-88.6004867553711,-22.54989242553711,-270.249267578125,-1.1451976299285889,-5.965578556060791,24.765230178833008,-0.6337055989289541,0.24061400467602778,0.7352020910197821,0.5899700426860071,0.7650479652690535,0.25814135579320124,-0.5003524384063363,0.5973328315030453,-0.6267702336497704,2.204059600830078,3.4086544513702393,1.0213558673858643
4.5,1.924312566775714,2.137929657746089,1.9317851330853366,3.0280707315836692,-88.61223602294922,-22.609521865844727,-270.0014343261719,-1.2074390649795532,-5.960423469543457,24.80052375793457,-0.6563715364049072,0.26270296895979084,0.7072224234971435,0.5886621417283884,0.7646390374988041,0.26230521388003203,-0.47186151474051,0.5884847427356241,-0.6565305921845364,2.0830986499786377,3.53593373298645,1.0165871381759644
4.51,2.369790755471205,2.0444756228427745,2.2977851783590615,2.7322881786973605,-88.62461853027344,-22.669095993041992,-269.7532958984375,-1.266247034072876,-5.953507423400879,24.82918357849121,-0.6779840555589252,0.28326920381719,0.6783038983941105,0.5870919476042129,0.7639483926274262,0.26777957065516433,-0.44233546711310034,0.5797770360843445,-0.6842498980365932,1.8844687938690186,3.4846065044403076,1.0117322206497192
4.52,1.4607409273227525,2.584526035119641,2.6676856498069306,1.8454997616307462,-88.63754272460938,-22.728586196899414,-269.5048828125,-1.3190478086471558,-5.944100856781006,24.84902572631836,-0.697875112631856,0.3021469235291696,0.6493670485718636,0.5854687829367552,0.7629059542509596,0.2742276593908564,-0.4125489442182945,0.5715607942907657,-0.7093106703371096,1.7397485971450806,3.400827646255493,1.0054597854614258
4.53,1.4607409273227525,2.584526035119641,2.6676856498069306,1.8454997616307462,-88.6509780883789,-22.787973403930664,-269.2563171386719,-1.366571307182312,-5.932544231414795,24.860626220703125,-0.716128324820872,0.3200474394197246,0.6202659582067435,0.5837778757301791,0.7617560100659814,0.28094692191998893,-0.3825749785299758,0.5632915920278188,-0.7323516697281124,1.6614415645599365,3.3374669551849365,1.004597783088684
4.54,1.735361601864693,2.9728804891761014,2.9084651211398276,1.8526318328276425,-88.66485595703125,-22.847230911254883,-269.0075988769531,-1.4086170196533203,-5.918801307678223,24.86381721496582,-0.7328719608851267,0.33716196064081794,0.590948814403776,0.5820234905323319,0.760499335633387,0.2879052221994895,-0.3523454915518992,0.5549437564276369,-0.7535848205643702,1.5810492038726807,3.284454107284546,1.0087767839431763
4.55,2.2917963888274118,1.7105083451610417,2.7165670544563487,2.248378739718941,-88.67914581298828,-22.906349182128906,-268.7588806152344,-1.4496949911117554,-5.905112266540527,24.864402770996094,-0.7482092950458644,0.35355131959858055,0.5614127850495327,0.5801825995607129,0.7591215966158876,0.2951652972798781,-0.32182448939436525,0.5465673480564384,-0.7731061583408892,1.5097606182098389,3.2610085010528564,1.0144730806350708
4.56,2.7368231128762504,2.9644950169681783,1.7782377572839119,2.845189233734909,-88.69383239746094,-22.965333938598633,-268.5101623535156,-1.4884092807769775,-5.890998840332031,24.86107635498047,-0.762247040405199,0.36947717127292107,0.5314753703622357,0.5782035408428309,0.7577493084884989,0.3024841332070407,-0.29096411247837406,0.5378685763207983,-0.7912251764550403,1.5417563915252686,3.2011632919311523,1.016321063041687
4.57,2.650965284855091,2.8553941530357894,1.4245502655579674,2.522529697845035,-88.70890045166016,-23.0241756439209,-268.2614440917969,-1.5262311697006226,-5.877535820007324,24.85676383972168,-0.7749028924835837,0.3852297622763101,0.5011222779692728,0.5761225989371624,0.7566009207119122,0.3092536139995395,-0.26001588069667025,0.5283493891682134,-0.8082318137459763,1.4831626415252686,3.2281155586242676,1.0125283002853394
4.58,2.650965284855091,2.8553941530357894,1.4245502655579674,2.522529697845035,-88.7243423461914,-23.0828857421875,-268.01300048828125,-1.5613991022109985,-5.8639092445373535,24.849313735961914,-0.7870100375202248,0.3998215698383869,0.4698488194455556,0.5733803632343799,0.7551181856102182,0.3178545025918982,-0.22770630184433854,0.5195567707697595,-0.823535428532176,1.267938256263733,3.410417079925537,1.0069183111190796
4.59,3.0481842130059564,2.43369898351739,2.442575607969099,2.8660188705221072,-88.7401123046875,-23.141450881958008,-267.76458740234375,-1.5916091203689575,-5.849039554595947,24.83541488647461,-0.7989066053774193,0.41300268717672317,0.4372379401071394,0.5695575871651686,0.7530922959726972,0.32932681131235414,-0.19326766617031438,0.5121335510698135,-0.8368792237125396,1.0287084579467773,3.6385011672973633,1.0012239217758179
4.6,1.4232415051676928,2.63456093646561,1.9748216050317233,2.1444804095487378,-88.75617218017578,-23.199872970581055,-267.5162658691406,-1.620689868927002,-5.836185455322266,24.822711944580078,-0.8103675093652983,0.4250143856343671,0.40332030914513145,0.5645472035496771,0.750607176843551,0.3433297555342282,-0.15681503349271803,0.5059166315459446,-0.8482083512886928,0.8995561003684998,3.775149345397949,0.9954860806465149
4.61,2.9408381095407927,2.6354566781491355,2.0110225965078903,2.4707101266906655,-88.77250671386719,-23.258167266845703,-267.2681579589844,-1.6435219049453735,-5.821518421173096,24.801286697387695,-0.820738001256276,0.43638585380821465,0.36872282257805544,0.5586813685560913,0.7479849483978579,0.35832059025200663,-0.11943308470497398,0.500085896188174,-0.8577003175419285,0.7551862597465515,3.806284189224243,0.9936654567718506
4.62,2.4478441807169666,1.4888593338503604,2.9663005319629514,2.1538541028846185,-88.78903198242188,-23.31630516052246,-267.0202941894531,-1.66208815574646,-5.806944370269775,24.775793075561523,-0.8298255760246679,0.4469388981559237,0.3341184441040287,0.5520463671434792,0.7449129704348229,0.3746324532146884,-0.08145134682136984,0.49532846454967394,-0.8648788298414104,0.6072436571121216,3.8884007930755615,0.9923896789550781
4.63,2.4478441807169666,1.4888593338503604,2.9663005319629514,2.1538541028846185,-88.80573272705078,-23.374311447143555,-266.77264404296875,-1.6779189109802246,-5.794013500213623,24.749927520751953,-0.8377197778793203,0.45715467219180017,0.2987225793993984,0.5444330187386789,0.741847886992793,0.3914772032589094,-0.042641081798091035,0.4905826314266903,-0.8703507453237186,0.6808086037635803,3.8827924728393555,0.9896766543388367
4.64,1.604778956560694,2.97288944830657,2.6314216375076875,1.624653562417185,-88.82257080078125,-23.432186126708984,-266.5252990722656,-1.6892530918121338,-5.780816555023193,24.719541549682617,-0.8438701699868758,0.4676750719880491,0.26298890327786484,0.5365283788954016,0.7396527119293677,0.406264894342846,-0.004520491808795213,0.4839358353919501,-0.8750918079706276,0.9032236337661743,3.7420427799224854,0.9873939752578735
4.65,1.8786096798156202,1.5290540700418325,2.5861922030225957,2.164332081706477,-88.8395004272461,-23.489927291870117,-266.27825927734375,-1.6968685388565063,-5.767921447753906,24.686716079711914,-0.8482623084801731,0.47840798914330424,0.22710537628102906,0.5285680934019361,0.7383937965953425,0.41879633688340445,0.03266231236960848,0.47528980324994974,-0.8792228251571351,0.9832770824432373,3.6883184909820557,0.989768385887146
4.66,2.7638874863002245,1.655851762754266,1.6823110931627385,1.6914738324347238,-88.85650634765625,-23.54753875732422,-266.03155517578125,-1.700365424156189,-5.75415563583374,24.649612426757812,-0.8511378772447153,0.48888736587680715,0.19118958498149624,0.5203036397221059,0.7373638693672402,0.43078840124091144,0.06963071456827741,0.46613696231666546,-0.8819681944100382,1.0010086297988892,3.6137654781341553,0.9922175407409668
4.67,1.8240998940863098,2.5578393998329094,2.696160957842336,2.693900324008977,-88.87351989746094,-23.605005264282227,-265.7852478027344,-1.700005292892456,-5.739269733428955,24.608243942260742,-0.8524621299905131,0.49914243162705146,0.15545143898167005,0.5119556969448618,0.736818473162413,0.4415879323218779,0.10587578239492981,0.456021239150157,-0.8836486565067683,1.1049246788024902,3.6112310886383057,0.9887879490852356
4.68,2.816638842953622,1.9527498272803316,1.9183884098451225,1.682985370641605,-88.89053344726562,-23.662336349487305,-265.53936767578125,-1.6978315114974976,-5.728505611419678,24.57356834411621,-0.8524638786378353,0.5090997924881014,0.11883912195194513,0.5030166387721574,0.7368327538673296,0.4517208805741082,0.14240644906779387,0.4448537895948048,-0.8842089736861092,1.099599838256836,3.6077892780303955,0.9861361980438232
4.69,2.816638842953622,1.9527498272803316,1.9183884098451225,1.682985370641605,-88.90747833251953,-23.719579696655273,-265.2937927246094,-1.6929006576538086,-5.719532012939453,24.54109764099121,-0.8510288223620255,0.5185860803252089,0.08257372949092347,0.4938210742773869,0.7368737952039077,0.4616901087756993,0.17857964640079166,0.43368823737187695,-0.8831895734533117,1.1090339422225952,3.6420514583587646,0.9839044809341431
4.7,1.8662354878040595,1.801924322952056,1.3913880753796506,2.731054780094464,-88.92436981201172,-23.776723861694336,-265.0485534667969,-1.6845594644546509,-5.709461212158203,24.505483627319336,-0.8482631151249548,0.5276707142008475,0.04486986620523141,0.4837099025337209,0.7375201049473735,0.47126301041905816,0.21557926085160894,0.42145902787006784,-0.8808506514259334,1.2308257818222046,3.8013017177581787,0.9794202446937561
4.71,3.0629709501871485,2.361706066365989,2.188147740809813,1.9537988436385578,-88.941162109375,-23.83376693725586,-264.8036804199219,-1.6731947660446167,-5.6990156173706055,24.468578338623047,-0.8440408184143646,0.5362487466877498,0.005690213196983165,0.4725863724507252,0.738738815312914,0.48054873147677407,0.25349007362079096,0.40829186181687466,-0.8769495641995815,1.1845799684524536,3.8661961555480957,0.9729097485542297
4.72,1.6006900063099405,2.7508875673139843,2.3671634598416285,2.6032862037861335,-88.95783233642578,-23.89072036743164,-264.5591735839844,-1.6589398384094238,-5.692657947540283,24.438814163208008,-0.8382655433513172,0.5442511017097003,-0.033190617916792814,0.4608706519394034,0.7397411125455323,0.4902869859488903,0.29139169688045385,0.3956941049569421,-0.8709288457109766,1.140752911567688,3.948361873626709,0.9669548273086548
4.73,2.709257947258109,2.6898116365858207,1.3941262608919243,1.7815514323160277,-88.97433471679688,-23.9476375579834,-264.3149108886719,-1.641506552696228,-5.690841197967529,24.416934967041016,-0.8308591921406892,0.5517189301741732,-0.07265827497806032,0.4482534909293615,0.7409090929492663,0.500122508846319,0.32976023214596767,0.38296205826760626,-0.8629010668799038,1.052248239517212,3.996220588684082,0.9651261568069458
4.74,2.709257947258109,2.6898116365858207,1.3941262608919243,1.7815514323160277,-88.99065399169922,-24.004539489746094,-264.0708312988281,-1.6212573051452637,-5.688995838165283,24.39497947692871,-0.8217860013401888,0.5588100050397224,-0.11135145382440434,0.43501749787110877,0.7415198076674432,0.510791690792634,0.3680048159294427,0.3713216302672701,-0.8524627278352959,0.8945845365524292,4.130701541900635,0.9637361168861389
4.75,2.9846199051630897,1.6018923595213015,2.613852617763664,2.4217529860705116,-89.00675201416016,-24.061420440673828,-263.8269958496094,-1.5984855890274048,-5.687483310699463,24.373828887939453,-0.8107616947052141,0.5655686935299875,-0.15098850054726823,0.42005116112025453,0.7417422691148892,0.5228531612697979,0.40770393233356883,0.3604864201423937,-0.8389440055526152,0.787107527256012,4.431673049926758,0.960513174533844
4.76,2.1862806522621154,2.5388294117591457,1.6199788779581157,2.0739813726340186,-89.0226058959961,-24.118305206298828,-263.5833740234375,-1.572161316871643,-5.690570831298828,24.36056137084961,-0.7975419451408869,0.5719275633033458,-0.1919002555360157,0.4031759486827072,0.7419575564398488,0.5356754043687351,0.44874937341982984,0.34985403638618495,-0.8223297106876319,0.8341417908668518,4.5702691078186035,0.9555232524871826
4.77,2.3906016203691984,2.534250725365573,2.986005667907869,2.8971145378690837,-89.0381851196289,-24.17523956298828,-263.33984375,-1.5431324243545532,-5.695491790771484,24.350990295410156,-0.7822970980918905,0.5776244285684642,-0.23315503391083264,0.385368822492882,0.7428695755547924,0.547389865055512,0.48938953908666244,0.3383708220813332,-0.8037431590978218,0.8373961448669434,4.643303871154785,0.9509776830673218
4.78,1.7124511756339986,1.7307381316917287,1.367973567868353,2.2450095007128326,-89.05345916748047,-24.232236862182617,-263.0963134765625,-1.5094856023788452,-5.7065510749816895,24.351585388183594,-0.7649485249541943,0.5829820569084826,-0.2738351246519647,0.366605781378659,0.7436491775229945,0.5590940008881481,0.5295790358673058,0.32728859144817185,-0.7825779339322865,0.7471303939819336,4.649685382843018,0.9489737749099731
4.79,2.8650097351029853,1.678754614498174,2.8797633317509383,2.799630991261191,-89.0683822631836,-24.28936004638672,-262.852783203125,-1.4751704931259155,-5.71586275100708,24.351341247558594,-0.7458571969034534,0.5881042007982754,-0.3127786610859918,0.347594170193591,0.7441942385332648,0.5703974300269277,0.56822120223972,0.31671498912637003,-0.759484220367962,0.6254850625991821,4.591869831085205,0.9459426403045654
4.8,2.8650097351029853,1.678754614498174,2.8797633317509383,2.799630991261191,-89.08295440673828,-24.34656524658203,-262.6092529296875,-1.4381378889083862,-5.727838516235352,24.356456756591797,-0.7251865146176321,0.593075232106597,-0.3498089308157197,0.32837419233905707,0.7444289897099313,0.5813741214442925,0.6052065009750001,0.3067364476894734,-0.7346004647673728,0.6154244542121887,4.500477313995361,0.9408676028251648
4.81,2.983601650975843,2.912597957725981,1.8782461582421364,2.5465106020708976,-89.09712219238281,-24.403949737548828,-262.3656311035156,-1.3945872783660889,-5.749144554138184,24.37546730041504,-0.7033244347934333,0.5972684508064612,-0.3854933684173404,0.30941009247579676,0.7454282199520026,0.5904254089834784,0.640000104762973,0.29598507829017107,-0.7090787680737205,0.7535650730133057,4.35245418548584,0.9349485039710999
4.82,1.9324704822408516,2.768954610072387,2.492225573790112,1.916625748560544,-89.11083221435547,-24.461565017700195,-262.12176513671875,-1.3475114107131958,-5.774132251739502,24.400901794433594,-0.6802720170057721,0.6005558700521518,-0.4201935623314589,0.2906093631661933,0.7472935459208052,0.5975772370708652,0.6728864547002252,0.2844028888232545,-0.6828900467205168,0.7698612213134766,4.377997875213623,0.9294254183769226
4.83,1.7037375621106465,2.024247625012265,2.1005485995442124,1.8577906356139549,-89.12406921386719,-24.51943016052246,-261.87762451171875,-1.2999037504196167,-5.798523426055908,24.427976608276367,-0.6552540872509155,0.6035910709615471,-0.4542245041787845,0.2708526984311602,0.7490412137600221,0.6046288744688533,0.7051814638045508,0.2731576086152573,-0.65429658715453,0.6808301210403442,4.488034248352051,0.9287956953048706
4.84,2.8870434309959268,1.6847207828533928,2.475670495155051,2.5467556658011423,-89.1368408203125,-24.577518463134766,-261.6331787109375,-1.2552756071090698,-5.81828498840332,24.45281410217285,-0.6284168387091299,0.6065327745279219,-0.48704237007706463,0.2504255884643238,0.7505305931148066,0.6115479158995096,0.7364640530732783,0.26233913589511887,-0.6235373896637489,0.6111531257629395,4.508376121520996,0.9306482672691345
4.85,2.8870434309959268,1.6847207828533928,2.475670495155051,2.5467556658011423,-89.14916229248047,-24.63580894470215,-261.3885192871094,-1.2075756788253784,-5.841754913330078,24.48455047607422,-0.6001688233833629,0.6091575329331054,-0.5183864229602106,0.22978689533562563,0.7520732052450336,0.6177247580310147,0.7661562283050658,0.25162073448607936,-0.5913473089530736,0.6485589146614075,4.472108364105225,0.9280564188957214
4.86,2.549813108587684,2.1074553163357064,2.160547121879268,2.8102845592114187,-89.16097259521484,-24.694377899169922,-261.14349365234375,-1.1541146039962769,-5.872060298919678,24.525991439819336,-0.5708073739523339,0.6107855937355171,-0.5487439296491505,0.20919178148210205,0.7544424100559425,0.6221378050475034,0.7939885014293246,0.2403281265148395,-0.5584126173394389,0.7749731540679932,4.41677713394165,0.9218294620513916
4.87,3.0364897607771963,1.7130800644979691,2.713689386164558,2.282012927794617,-89.17223358154297,-24.75326156616211,-260.89801025390625,-1.0978788137435913,-5.905261516571045,24.57303237915039,-0.5404481975186307,0.6113259559161744,-0.5780971556944723,0.18875315567692422,0.757664091757677,0.6247538477536713,0.8199316996072699,0.22852942848611488,-0.5248678960414171,0.8113863468170166,4.369115352630615,0.9152535796165466
4.88,2.1379193477440013,2.335976342642536,2.2111353982172526,2.3789288704486253,-89.18292236328125,-24.812490463256836,-260.65203857421875,-1.0390702486038208,-5.940974712371826,24.625160217285156,-0.5091083882846283,0.6111616173925091,-0.6060446571040787,0.16846081358111578,0.761264678495142,0.6261765274770976,0.8440554503501629,0.216696946683289,-0.49052301682217014,0.9054375290870667,4.334745407104492,0.9092878699302673
4.89,2.085155959285722,2.834679090464415,2.8869289478467017,2.9700675305019626,-89.1930160522461,-24.87208366394043,-260.405517578125,-0.979844331741333,-5.976876258850098,24.68043327331543,-0.4767766902719006,0.609693587731985,-0.6332122208958642,0.14831697172503278,0.7658273681832832,0.6257080134054397,0.8664214121959868,0.20440687664549442,-0.45555654453464456,0.9639785289764404,4.315952301025391,0.9052322506904602
4.9,2.085155959285722,2.834679090464415,2.8869289478467017,2.9700675305019626,-89.2024917602539,-24.932044982910156,-260.1584167480469,-0.915396511554718,-6.017605781555176,24.742116928100586,-0.44354377447595567,0.6079284813892595,-0.6585528692818607,0.12843399471771832,0.7703141649351843,0.6245965067954342,0.8870026094237107,0.19245531641385905,-0.41974673561514414,0.8530370593070984,4.249091625213623,0.9042055606842041
4.91,2.8002284785872114,1.7611277000338574,2.6421560206869805,1.6116498701085065,-89.2113037109375,-24.99245262145996,-259.91064453125,-0.8444530367851257,-6.064209938049316,24.81026268005371,-0.4099725552201372,0.6066102144228431,-0.6811362211218427,0.10926580536753142,0.7740655746244107,0.6236052196372042,0.9055293963995074,0.1812361275774043,-0.3836273951597964,0.6909609436988831,4.129400730133057,0.9049226641654968
4.92,1.8447456313724233,1.7394479481351077,2.855766968813935,1.8694584139781938,-89.21939849853516,-25.053319931030273,-259.6622009277344,-0.7773191928863525,-6.107176303863525,24.878286361694336,-0.37617948816814095,0.6054530277516662,-0.7013669680473236,0.09077184955359552,0.7774093647585386,0.6224107573896394,0.9220897266590571,0.17047378323972648,-0.3474035480788299,0.7459683418273926,4.087883949279785,0.9047868847846985
4.93,1.560515711491812,1.9143909222933522,1.7419797374302666,1.5897587901388628,-89.22686004638672,-25.11458396911621,-259.4130859375,-0.7161754965782166,-6.144831657409668,24.94554328918457,-0.3417547924913269,0.6026783732957159,-0.7210980794391564,0.07254086539567567,0.781925455767978,0.6191368220916007,0.9369853172045208,0.15928389743997856,-0.310945582633801,0.9324607849121094,4.026525020599365,0.9048550128936768
4.94,2.0310384091719538,1.8957107038618628,2.7690205698893067,1.4476311463703215,-89.23373413085938,-25.17620277404785,-259.16326904296875,-0.6612036824226379,-6.177230358123779,25.01266098022461,-0.30718715649141487,0.5985059621490316,-0.7398828719187795,0.05505425194044222,0.787348907209396,0.6140445648806352,0.9500553037744686,0.14789290580765593,-0.2748137700002867,0.9788537621498108,3.9730892181396484,0.9053859114646912
4.95,1.4814878461927354,1.8833955610124296,1.72070707688658,3.018088315208482,-89.24008178710938,-25.23813247680664,-258.91278076171875,-0.6056466698646545,-6.21013069152832,25.082447052001953,-0.27206288772076354,0.5936543451870466,-0.7573350008850628,0.037948843491819095,0.793028744126727,0.608001066007634,0.9615308993488834,0.13667453833587556,-0.23828218600642942,1.0547629594802856,3.9610753059387207,0.906715989112854
4.96,1.4814878461927354,1.8833955610124296,1.72070707688658,3.018088315208482,-89.24583435058594,-25.3004150390625,-258.66162109375,-0.5455639958381653,-6.246610164642334,25.155818939208984,-0.23668309021816103,0.5878370172743588,-0.7735817706789415,0.021463300038900346,0.7991735232613275,0.6007170768918726,0.9713498039101164,0.12557595645688313,-0.20176778138175833,0.9930610656738281,3.856611967086792,0.9050552248954773
4.97,3.062134168724748,2.551127706742837,1.5755726058443258,1.60539996564643,-89.25098419189453,-25.36307144165039,-258.4096984863281,-0.48409757018089294,-6.283959865570068,25.231117248535156,-0.20198016381227796,0.5830858829580097,-0.7869020692064822,0.006181934167207415,0.8042047432662214,0.5943202121735917,0.9793701022168878,0.11517631702389608,-0.1660380043257969,0.7217522859573364,3.678147554397583,0.9002709984779358
4.98,2.0413171369475656,1.4198221270259097,1.4949445084851878,2.743666152694499,-89.25550079345703,-25.426109313964844,-258.1570129394531,-0.4192441701889038,-6.323756217956543,25.308155059814453,-0.16766789440333774,0.5797636254770586,-0.7973466095494784,-0.008304276525758436,0.807937020577713,0.5892103272782923,0.9858085595985334,0.10541304166802762,-0.13065058158523357,0.5900949835777283,3.751260757446289,0.8961957693099976
4.99,1.371264614484026,2.976189427222384,2.5607050730981737,2.682894028900768,-89.2593765258789,-25.489547729492188,-257.903564453125,-0.35540667176246643,-6.362789154052734,25.385669708251953,-0.13179669625993923,0.576554275753657,-0.8063589758693959,-0.023527088917697114,0.8114064079935823,0.5840086618826904,0.9909975312492074,0.09594169154818896,-0.0933760401861638,0.5238721370697021,3.844978094100952,0.8902005553245544
5.0,2.4394891077554,1.7918206770671583,2.6572877700287494,2.762052324862595,-89.26260375976562,-25.553377151489258,-257.64935302734375,-0.28738686442375183,-6.404807090759277,25.463775634765625,-0.09585299296334937,0.5740440499824855,-0.8131947075698867,-0.03844402622815907,0.8142118956940654,0.5792935747595036,0.994652834202636,0.08678950161155308,-0.055976082594993315,0.3151134252548218,3.7565290927886963,0.8886390924453735
5.01,2.4394891077554,1.7918206770671583,2.6572877700287494,2.762052324862595,-89.26508331298828,-25.617656707763672,-257.394287109375,-0.21259890496730804,-6.4516496658325195,25.541852951049805,-0.06066612508824132,0.5728758459625225,-0.8173939603272723,-0.052502830800267186,0.8159372273060022,0.5757515904052304,0.9967763410237708,0.07784411479950062,-0.019422146285768493,0.19527983665466309,3.6143176555633545,0.8888968229293823
5.02,1.6161654155459375,2.1255313144093515,1.787138785235928,2.7790673859180535,-89.26679992675781,-25.682411193847656,-257.13848876953125,-0.13648946583271027,-6.499429225921631,25.618757247924805,-0.026665031221654145,0.5715652665829958,-0.820123235950462,-0.06552529460467377,0.817651183654776,0.5719728819051777,0.9974945673420577,0.06899049140173347,0.015649288138072592,0.22718463838100433,3.44872784614563,0.8860054612159729
5.03,2.569830537514167,1.3818481051750764,2.776674140390446,1.4807139031004926,-89.2677993774414,-25.747634887695312,-256.88189697265625,-0.06519468873739243,-6.5437774658203125,25.69424057006836,0.0060753457943529265,0.5700064211200966,-0.8216177761315403,-0.0775073076507895,0.8194296153073282,0.5679152426357388,0.9969732731794793,0.06023110026508888,0.04915798131180643,0.12408959120512009,3.305129289627075,0.8832036256790161
5.04,2.833572254303501,2.308609721511994,1.4460380178781385,1.6779711955667667,-89.26811218261719,-25.813278198242188,-256.62457275390625,0.0010174247436225414,-6.58453893661499,25.768327713012695,0.03785195784405365,0.5689249849685384,-0.8215178578496757,-0.08870495421657773,0.8207745600460687,0.5643230924555692,0.9953384652392404,0.05151197006260233,0.08153438879063685,0.18556207418441772,3.2195794582366943,0.8821542859077454
5.05,1.7999490754746583,2.706691331510068,1.8991434617433414,1.3891362395443057,-89.26777648925781,-25.879323959350586,-256.3665466308594,0.0663844645023346,-6.624600887298584,25.840633392333984,0.06954413977759905,0.5661061783437278,-0.8213935764684633,-0.09971010170568695,0.8232083839291457,0.5589148881955157,0.9925832500301602,0.043031981941618336,0.1136958235369308,0.34364640712738037,3.333155393600464,0.8802573084831238
5.06,1.7999490754746583,2.706691331510068,1.8991434617433414,1.3891362395443057,-89.26678466796875,-25.945756912231445,-256.1077880859375,0.12995249032974243,-6.663103103637695,25.910961151123047,0.10279414333045067,0.5624968913812296,-0.8203844289620641,-0.11159653538851436,0.8260680788469137,0.5524108456569705,0.9884227725959367,0.03476746031309308,0.14768766474265438,0.3271807134151459,3.5465784072875977,0.8810112476348877
5.07,1.7553450281890477,1.525768937729147,1.9840455931714738,1.862719878328906,-89.26518249511719,-26.012571334838867,-255.8483428955078,0.19170571863651276,-6.699946403503418,25.978832244873047,0.13755431070023216,0.5590865434159524,-0.8176191341810601,-0.12426821835360971,0.8286846013098415,0.545746499264236,0.9826679100871278,0.026534289573144576,0.1834658277768504,0.24284575879573822,3.729461431503296,0.8855522274971008
5.08,2.1993778621304174,2.0294074321289326,1.67304373320273,2.7454412908439227,-89.26296997070312,-26.07974624633789,-255.58822631835938,0.25040602684020996,-6.734281539916992,26.044021606445312,0.1732991387010846,0.5559543964239608,-0.8129465650473785,-0.13739325965423504,0.8310117265356424,0.5390200391097111,0.9752386891049011,0.018281669976235093,0.2203980032029188,0.20557227730751038,3.783824920654297,0.8877827525138855
5.09,2.7816951699497885,2.574974186179273,1.7313237604105316,2.9702914134177227,-89.26016998291016,-26.14726448059082,-255.32748413085938,0.31203126907348633,-6.77001428604126,26.104341506958008,0.20871128041003872,0.5528069211147005,-0.806749099409034,-0.15017539935655658,0.8332482122312383,0.5321134900014695,0.9663782648930495,0.010095780362633089,0.256926301419626,0.12409375607967377,3.748521327972412,0.8852152824401855
5.1,2.988607614591335,2.3800847975336805,2.6815018984694756,1.5746555191134952,-89.25669860839844,-26.215164184570312,-255.06617736816406,0.3832746744155884,-6.811496257781982,26.156763076782227,0.24371666047726054,0.5504793477520115,-0.7984827343808578,-0.16266754887820908,0.8348470159220123,0.5258989718073868,0.9561074510470917,0.0017168880659829133,0.29301125293681424,-0.04950844123959541,3.778806447982788,0.8801119327545166
5.11,2.164527268262014,2.752696439365894,1.9314544961963303,1.9361946217071844,-89.25247192382812,-26.28349494934082,-254.80438232421875,0.4575534462928772,-6.854429244995117,26.202287673950195,0.27893496712131277,0.5487814643538078,-0.7880572241269808,-0.17536217243221092,0.8359376557192464,0.520054174322701,0.9441627998374473,-0.006865867192198893,0.32940775229312896,-0.03273699805140495,3.895301103591919,0.8783238530158997
5.12,2.164527268262014,2.752696439365894,1.9314544961963303,1.9361946217071844,-89.24755096435547,-26.352235794067383,-254.5421600341797,0.5269355177879333,-6.893514633178711,26.24318504333496,0.3148042416079704,0.5461147634128555,-0.7763098316060101,-0.18851113584477133,0.837574649074557,0.5127692062615957,0.9302482685434813,-0.015078872973590451,0.3666207665445338,-0.0012119817547500134,4.0452880859375,0.8799358606338501
5.13,2.5170834934055333,2.0073161420225256,2.138697155283153,2.4465237302577254,-89.24195098876953,-26.421350479125977,-254.27955627441406,0.5921717286109924,-6.929056167602539,26.278581619262695,0.35131192754544005,0.5435763808688874,-0.7623022023618913,-0.20209619338937362,0.839033238506559,0.5051537917295293,0.914186555458913,-0.02340817896971456,0.4046171016844066,-0.10930804908275604,4.195903778076172,0.8822858333587646
5.14,2.86926861692917,2.4473329276274542,2.9105071035360863,1.4979941948534652,-89.23570251464844,-26.490814208984375,-254.01661682128906,0.6567153334617615,-6.963286876678467,26.306026458740234,0.3881161098787038,0.5414621289402936,-0.745777881259606,-0.21596823609348484,0.8401141415720523,0.49755999651230237,0.8959484395049141,-0.03204671674444276,0.44300045337968985,-0.17663000524044037,4.268798828125,0.8822425007820129
5.15,2.3623392171133966,2.2303942290761785,1.4458660030885573,1.6963914442658488,-89.22881317138672,-26.560617446899414,-253.7534637451172,0.7226657867431641,-6.997578144073486,26.323331832885742,0.4245167785135709,0.538929196023995,-0.7275581258108454,-0.22974169794906757,0.8413760148402694,0.48918826015654365,0.8757877922099275,-0.04051818510788957,0.480992743907456,-0.06438323110342026,4.337394714355469,0.8831920027732849
5.16,2.726920075126741,1.6254209598448657,2.222606140718873,1.532149807581478,-89.22128295898438,-26.630746841430664,-253.49017333984375,0.7821006178855896,-7.026430130004883,26.33482551574707,0.4609216080576539,0.5350180219581829,-0.7080303576863776,-0.24364153019685117,0.8434667886889576,0.4787510638547702,0.8533405392859779,-0.04816111043872029,0.5191246781385239,0.020733961835503578,4.497303009033203,0.8840624094009399
5.17,2.726920075126741,1.6254209598448657,2.222606140718873,1.532149807581478,-89.21319580078125,-26.701128005981445,-253.226806640625,0.8349860906600952,-7.0495171546936035,26.34000587463379,0.4975480772834206,0.5304099026365913,-0.6863754409771761,-0.2578276011133598,0.8459359203990056,0.4668161808279756,0.8282335654244528,-0.05529695980547902,0.5576481035030691,0.12905943393707275,4.64078950881958,0.8826817870140076
5.18,2.9343279130602733,1.7275702032246285,1.6833261117659901,1.623849727459925,-89.20459747314453,-26.771728515625,-252.96343994140625,0.8861371874809265,-7.069840431213379,26.334627151489258,0.5338533471972976,0.5242500900722118,-0.6634473956128843,-0.2719191275727351,0.849370254481893,0.4523606513186649,0.8006625954459994,-0.061090210841360126,0.5959927804873427,0.35611140727996826,4.736739158630371,0.8805130124092102
5.19,2.0343330317184334,2.052487975290413,2.3776831172834365,2.745512204984369,-89.19549560546875,-26.842514038085938,-252.70016479492188,0.9347091913223267,-7.086485385894775,26.318504333496094,0.5696969415535065,0.5163846236579341,-0.6393686849027205,-0.2857426038098784,0.8538758603297227,0.435025492947398,0.7705819613464433,-0.06513782001133814,0.6340035530276144,0.5585293769836426,4.880293846130371,0.8762869238853455
5.2,2.0563390685056127,2.360581216947967,2.953997688838151,1.722558770686594,-89.18590545654297,-26.9134521484375,-252.43711853027344,0.9841681718826294,-7.101468563079834,26.287139892578125,0.604997411713738,0.5074931866450609,-0.6135379347102503,-0.29918416456446184,0.8589831509896442,0.4154958266815292,0.7378800495294224,-0.06781306529529349,0.6715165081230048,0.5974954962730408,4.907126426696777,0.8718700408935547
5.21,1.5741646981917337,2.004474621643655,1.7467453834389561,2.5080296869377587,-89.17581176757812,-26.984533309936523,-252.17446899414062,1.0338289737701416,-7.1141676902771,26.240144729614258,0.638594309836935,0.4985171466270455,-0.586240532514358,-0.3114225855805196,0.8640482876951776,0.3955205806546306,0.7037139195967586,-0.07000864982172553,0.7070258187053047,0.6150001287460327,4.840407848358154,0.8723809123039246
5.22,1.500713232606584,2.8829150243998445,1.8757522871593961,2.0380221690692553,-89.16525268554688,-27.055713653564453,-251.912353515625,1.077311396598816,-7.120267391204834,26.18462562561035,0.6704352815584889,0.489334689693554,-0.5577347888594573,-0.32239332920205466,0.8691505196364419,0.3750198868083119,0.6682657214967753,-0.0716165880101578,0.7404674130535238,0.5466190576553345,4.774518013000488,0.8728188276290894
5.23,1.500713232606584,2.8829150243998445,1.8757522871593961,2.0380221690692553,-89.15428161621094,-27.126914978027344,-251.6508331298828,1.1160446405410767,-7.120805740356445,26.119226455688477,0.7004854128733928,0.48097432395490025,-0.527241771910875,-0.33215931811640653,0.8736066423336798,0.35564254787485416,0.6316568480908255,-0.07399414954306047,0.7717088130204054,0.31067565083503723,4.764061450958252,0.8738189339637756
5.24,2.3771468095906343,2.1282318380273155,1.7465039262827637,3.0689648133992655,-89.14293670654297,-27.198110580444336,-251.38999938964844,1.1523969173431396,-7.1176629066467285,26.041034698486328,0.7291373230330161,0.47383088869378087,-0.493804670978221,-0.3411026795698986,0.8771530127573499,0.3380111746687375,0.5933023901439151,-0.07801846659840517,0.8011899854086741,0.029513943940401077,4.8220014572143555,0.8778715133666992
5.25,3.006912720851997,2.3061211678571514,2.6909025040900865,1.5339045260502953,-89.13123321533203,-27.26926040649414,-251.1300506591797,1.187776803970337,-7.112204074859619,25.9473819732666,0.7562852641609612,0.46778273729126746,-0.45739688445077387,-0.3493426705553417,0.879852935673193,0.32220879894336607,0.553165705500845,-0.08389351750614321,0.828836280563417,-0.22207626700401306,4.833307266235352,0.877552330493927
5.26,2.432380493237166,2.8409113237727803,1.6050249979214772,1.6297215279392627,-89.11917877197266,-27.340347290039062,-250.87112426757812,1.2218700647354126,-7.104710578918457,25.838260650634766,0.7816059156303186,0.46216600631429205,-0.41892096540897655,-0.3568816858160734,0.8821408340896874,0.30734835473876865,0.5115932515004167,-0.09072007186421474,0.8544250778038897,-0.21498370170593262,4.891234874725342,0.87661212682724
5.27,2.3231758667642857,2.5502933541391712,1.9000965547858333,2.9723592891840207,-89.1068115234375,-27.411338806152344,-250.6133270263672,1.2505879402160645,-7.092478275299072,25.72137451171875,0.8055044216808186,0.4558795995705889,-0.37859796268338464,-0.3640357729477183,0.8847962420856165,0.29088411095405053,0.4675901866667085,-0.09648523558830424,0.8786637676873117,-0.17118731141090393,5.099061012268066,0.8782844543457031
5.28,2.3231758667642857,2.5502933541391712,1.9000965547858333,2.9723592891840207,-89.09418487548828,-27.48218536376953,-250.35675048828125,1.275626301765442,-7.076813697814941,25.5927677154541,0.8280104444926976,0.4495404983988331,-0.3351298914008327,-0.3709029112260758,0.8873603645178637,0.27390256283347464,0.42051127720315296,-0.10249353043998692,0.9014795294197868,-0.330216646194458,5.2378997802734375,0.878035306930542
5.29,3.037060195921606,2.1463618118283385,2.7851746526503223,2.1539542415870185,-89.08131408691406,-27.5528621673584,-250.10154724121094,1.2977386713027954,-7.058712005615234,25.4502010345459,0.8483201131016322,0.44357785832387353,-0.2891222393937193,-0.37706896641341214,0.8894522732183501,0.25825113404326094,0.37171491801534495,-0.11006060726488312,0.9217996975771527,-0.57044917345047,5.25376558303833,0.8761991262435913
5.3,2.8850889675462073,2.0510424831127043,2.169152242781448,1.5457091175307545,-89.06825256347656,-27.62334632873535,-249.84786987304688,1.3156425952911377,-7.03781270980835,25.296875,0.8661298437714107,0.4377205068889297,-0.24128790184634188,-0.38247327860450964,0.8912151193629376,0.2438233011269056,0.32176588520542165,-0.11889646280610287,0.9393244094827772,-0.6044691205024719,5.268086910247803,0.8757110238075256
5.31,1.5365313466971156,1.3723577476531748,2.373988039762592,2.2411328958818606,-89.05502319335938,-27.693603515625,-249.59571838378906,1.3273985385894775,-7.012558460235596,25.14100456237793,0.8814447370833793,0.4312182330423199,-0.19262920588496388,-0.3871833347270849,0.893336834552569,0.22811919108485867,0.2704519195303048,-0.12649164210909591,0.9543875647235341,-0.44342076778411865,5.364274024963379,0.8761064410209656
5.32,2.749652582558892,1.688115314338548,1.8423454662596523,2.6340217366768686,-89.0417251586914,-27.763578414916992,-249.3450927734375,1.3323132991790771,-6.9817280769348145,24.98942756652832,0.8942218866690969,0.424081307164805,-0.1432559329150146,-0.3911401268456994,0.8959079336185047,0.21061428168704782,0.21766170672190155,-0.13230275655787072,0.9670156989594831,-0.34926825761795044,5.323517322540283,0.8766754865646362
5.33,2.749652582558892,1.688115314338548,1.8423454662596523,2.6340217366768686,-89.02837371826172,-27.83323097229004,-249.0959930419922,1.3330177068710327,-6.948295593261719,24.831674575805664,0.90415634510631,0.41660864376040685,-0.09454386044642715,-0.39389159471195523,0.8986595633889911,0.19302953334860612,0.16538051644396295,-0.13728884540858455,0.976627389390194,-0.3361366391181946,5.219205856323242,0.8739175200462341
5.34,1.4903903806420882,2.2007632326837614,2.0446332545677715,1.4275483207000137,-89.01504516601562,-27.90254020690918,-248.8485107421875,1.3300529718399048,-6.913447856903076,24.66484832763672,0.9114088717654678,0.40893552311483156,-0.045886887037548216,-0.39564529688602584,0.9014805776365683,0.17549235651733722,0.11313119604762471,-0.14179035961178324,0.9834108126322365,-0.33533167839050293,5.197446823120117,0.8679054975509644
5.35,1.8616223986105647,1.408405547323314,2.2521639344326827,2.3969609820820468,-89.00177764892578,-27.97149085998535,-248.60269165039062,1.3226302862167358,-6.875174045562744,24.502592086791992,0.9160350758597896,0.40108681939875224,0.0030171342598569358,-0.3964862751610423,0.9043393158623357,0.15801593398947006,0.060649595245735904,-0.1459443904034512,0.987431952848546,-0.3639659583568573,5.205020904541016,0.8676260113716125
5.36,1.9018550460362986,2.4796500270727573,2.0617096867172284,1.8048626924716027,-88.98860931396484,-28.0400390625,-248.3584747314453,1.3113174438476562,-6.8345112800598145,24.342676162719727,0.9180601201554677,0.39301045064101625,0.052042304590332135,-0.39635699179734496,0.9072167118310832,0.14092186781247304,0.00817011832760095,-0.1500020781900772,0.9886519234316851,-0.38786590099334717,5.119602680206299,0.8693735599517822
5.37,1.9062010578951916,1.9590474604100983,2.7435569395887436,2.467378524170231,-88.97557067871094,-28.108179092407227,-248.11585998535156,1.2961843013763428,-6.793026924133301,24.178829193115234,0.9175822002819889,0.3847150117593966,0.10018615399660402,-0.3951830055144009,0.9101252626057965,0.1245086282927204,-0.04328161131784375,-0.15383876655023326,0.9871475756076362,-0.43428200483322144,5.064908504486084,0.8712564706802368
5.38,1.719580470617414,1.467065037868017,2.450908687332245,2.431374945670062,-88.96269989013672,-28.175899505615234,-247.87490844726562,1.2767727375030518,-6.7511773109436035,24.010608673095703,0.9146380195099991,0.3761387978571449,0.14817860173928085,-0.39310939899614505,0.9130272432542633,0.10884049566411294,-0.09435196705801176,-0.15780005647052872,0.9829531262935083,-0.48022034764289856,4.98873233795166,0.8745155930519104
5.39,1.719580470617414,1.467065037868017,2.450908687332245,2.431374945670062,-88.9500503540039,-28.24319839477539,-247.63563537597656,1.253807544708252,-6.708505153656006,23.845653533935547,0.9095059920670397,0.36731819918632064,0.1946180642711989,-0.39006619502699164,0.9159639269744566,0.0941193284012242,-0.14369138419305091,-0.16151602096402398,0.9763530924212993,-0.4880979657173157,4.7832159996032715,0.8761119842529297
5.4,1.5413871573303344,1.5044086125653877,2.5404629261530194,1.729931270473554,-88.93762969970703,-28.310068130493164,-247.39797973632812,1.2281121015548706,-6.665072917938232,23.687835693359375,0.9025835501860401,0.3583199822718705,0.23864141559723223,-0.38609532210333236,0.9189404501254196,0.0804913124083314,-0.19045560423229496,-0.16478846873485398,0.9677662028550769,-0.48595234751701355,4.540531635284424,0.8765594959259033
5.41,2.954432890529146,2.9645255484789352,1.5518995827239896,2.0947255904273763,-88.92548370361328,-28.376501083374023,-247.16184997558594,1.2003759145736694,-6.621274471282959,23.5380916595459,0.8942013542049768,0.3492225136345791,0.2800849408817481,-0.38130341973695525,0.9219594781634524,0.06781167098279381,-0.2345456037424055,-0.16743463379874998,0.957577152593873,-0.4363628029823303,4.325555324554443,0.8787050247192383
5.42,3.051066774441853,2.5573264301688945,2.4933582041862397,2.4108061612484333,-88.91363525390625,-28.442495346069336,-246.92724609375,1.1677956581115723,-6.578102111816406,23.386335372924805,0.8842906347885957,0.34011474284862836,0.31992504578759307,-0.3758361487994271,0.9250269335694593,0.05542888621195379,-0.27708710269660153,-0.16925464208728283,0.9458200693848214,-0.45236048102378845,4.383166790008545,0.8799789547920227
5.43,1.934695068808058,1.8438993343624417,1.8775735235265252,2.230705238973834,-88.90215301513672,-28.50806427001953,-246.6941680908203,1.1278752088546753,-6.535957336425781,23.227468490600586,0.8719748852783794,0.33076481580077544,0.3609077944185138,-0.3698932302976611,0.928072911954155,0.0431238713115709,-0.32068488836195347,-0.17110028265673488,0.9316039371165554,-0.4772624969482422,4.561031341552734,0.8795368671417236
5.44,1.934695068808058,1.8438993343624417,1.8775735235265252,2.230705238973834,-88.89108276367188,-28.573213577270508,-246.46261596679688,1.0872024297714233,-6.4939188957214355,23.08174705505371,0.8573144966294154,0.32132912405546643,0.402193296690533,-0.36341382353159024,0.9311205006954917,0.030740950712811424,-0.3646124610256795,-0.17251726643534543,0.9150385489401383,-0.5000646710395813,4.5979156494140625,0.8789958953857422
5.45,2.8014646375933534,1.3748063966803912,2.941278017043964,1.780764484111209,-88.88040161132812,-28.637943267822266,-246.23245239257812,1.0477176904678345,-6.452148914337158,22.952980041503906,0.840743790565094,0.31160197888446606,0.44277995142228627,-0.35635905796935285,0.9341507726826347,0.01924982336625465,-0.4076249506954068,-0.1739728158412152,0.8964236492411642,-0.5733658671379089,4.558011054992676,0.8785130977630615
5.46,1.7351847700833232,2.7028813797668985,2.587657472844551,1.7344909316059358,-88.87013244628906,-28.702260971069336,-246.0035400390625,1.0041089057922363,-6.4113359451293945,22.829059600830078,0.8224939834507233,0.3018049192872358,0.4820969175190677,-0.3487680754796532,0.9371720323788557,0.008331341614911711,-0.4492933081112833,-0.17499249247013582,0.8760782789599965,-0.4336521625518799,4.492442607879639,0.8783844709396362
5.47,1.8489213028973945,2.614412747057183,1.8575367259454993,2.5702732307669534,-88.8603286743164,-28.766176223754883,-245.77584838867188,0.956200122833252,-6.371488094329834,22.710216522216797,0.8027279590194517,0.2929712906891805,0.5194185659373188,-0.3406129583461065,0.9401954729580614,-0.003909633727157108,-0.4895003947038027,-0.17378232206148794,0.8545110111190717,-0.29863739013671875,4.459155559539795,0.8821229338645935
5.48,2.860465970628783,2.8896978090561305,2.6611420423200975,1.8278670880391905,-88.85102081298828,-28.82969093322754,-245.54931640625,0.9053999781608582,-6.332497596740723,22.599353790283203,0.7813026810309771,0.2841058549177543,0.5557427316800995,-0.33183985242911496,0.9432057453340169,-0.015659958771492954,-0.5286288234230426,-0.17218241829627542,0.8312068225634436,-0.43410784006118774,4.46083927154541,0.8862195014953613
5.49,2.981986138909939,1.6782221109588327,2.667008516990376,1.552633719325198,-88.84224700927734,-28.892824172973633,-245.32386779785156,0.8481870293617249,-6.294435024261475,22.491943359375,0.7580194522894409,0.27440008061841753,0.5917018723203614,-0.3225229399595883,0.9462147116244642,-0.02562562594855003,-0.5669086903114461,-0.171412704494262,0.805749478179988,-0.5146862268447876,4.546627998352051,0.8896084427833557
5.5,2.981986138909939,1.6782221109588327,2.667008516990376,1.552633719325198,-88.83406066894531,-28.955581665039062,-245.0994415283203,0.7885876297950745,-6.25762939453125,22.394704818725586,0.7323310079839473,0.2650565629115419,0.6272450184758229,-0.3126623496990679,0.9491798781743147,-0.036052932608190494,-0.6049244166223358,-0.16971322083595258,0.7779870647045578,-0.3252781927585602,4.654867649078369,0.8919722437858582
5.51,1.691971202266004,1.620643084795534,3.0635144873042464,1.3841002219623906,-88.82646942138672,-29.01797866821289,-244.87591552734375,0.7295195460319519,-6.222164154052734,22.311492919921875,0.704433238287936,0.2575833529147484,0.6613808502643305,-0.30220049591330594,0.9519896926292903,-0.04889259041349519,-0.642221669725434,-0.16542805514418044,0.7484549989854367,-0.0006747618317604065,4.723549842834473,0.8919426798820496
5.52,1.7208143285884034,1.3844038560881649,2.146366133149719,1.597494942925238,-88.81947326660156,-29.080026626586914,-244.65316772460938,0.6720526814460754,-6.187968730926514,22.242605209350586,0.6747260049427377,0.25247217200120947,0.6935435246752754,-0.2910271981546129,0.9545478381843489,-0.06435522163633327,-0.6782683747516821,-0.1584178871926325,0.7175345182143741,0.2909579575061798,4.679875373840332,0.8943544626235962
5.53,1.7508604657662743,1.8072686670352789,1.587225338350275,2.1520673680223616,-88.81302642822266,-29.141740798950195,-244.4310302734375,0.6189516186714172,-6.155166149139404,22.18978500366211,0.6442281828909384,0.2493535532967851,0.7230441575915728,-0.2791036915661599,0.956813761066513,-0.08129302545665312,-0.7120893045982236,-0.14943303547750578,0.6860018878871961,0.4713153541088104,4.570467948913574,0.8966686725616455
5.54,3.0256066615471804,1.776219079355761,1.7728977272668764,1.6602560249306475,-88.80709838867188,-29.203134536743164,-244.2093505859375,0.5660251379013062,-6.123305320739746,22.147743225097656,0.6130370695475338,0.24733253797144214,0.7503413669931689,-0.26644275346592233,0.958818280658899,-0.09836546040054185,-0.7437699983772335,-0.1396213462724019,0.653691111442562,0.4680558443069458,4.511535167694092,0.8952800631523132
5.55,3.0256066615471804,1.776219079355761,1.7728977272668764,1.6602560249306475,-88.80171966552734,-29.264211654663086,-243.98806762695312,0.5073413252830505,-6.091641902923584,22.111059188842773,0.5806308765818293,0.24552777156312752,0.7762627767393345,-0.2530399235353871,0.9606469971861984,-0.11457811263215192,-0.7738466141665431,-0.1298978836947905,0.6199096366040721,0.5005542635917664,4.591878890991211,0.8911600708961487
5.56,2.7678403251186827,2.333886515730844,2.8340428170498946,1.8677489849725135,-88.79696655273438,-29.324970245361328,-243.76710510253906,0.44383400678634644,-6.060232639312744,22.081199645996094,0.5458730675567832,0.24506934431327287,0.8012263167133303,-0.23873798829693077,0.9621213977226591,-0.13163050173926719,-0.8031355844812768,-0.11942961325424775,0.5837035209914865,0.6578095555305481,4.777451515197754,0.8853885531425476
5.57,1.9014792301813612,2.0273322730510976,2.6980751856265757,2.479270899054191,-88.79288482666016,-29.385414123535156,-243.54640197753906,0.37236008048057556,-6.028345108032227,22.05677032470703,0.5085560852973479,0.24647436932019873,0.8249976323452368,-0.22340048453941225,0.9631119130945316,-0.15002555236674447,-0.831542501387988,-0.10800846320358998,0.5448589177592731,0.8342286348342896,4.911693096160889,0.8821790814399719
5.58,2.015722456685414,2.1402759568603758,2.1015330989498957,2.324536687053067,-88.78956604003906,-29.445537567138672,-243.325927734375,0.2962604761123657,-5.996300220489502,22.040781021118164,0.4696708370886734,0.24961064188652732,0.8468198345843233,-0.2070662442375258,0.9635871714915627,-0.16918431793241098,-0.8582149353663046,-0.09588686246762698,0.5042547315795105,0.9144937992095947,4.87235164642334,0.881169319152832
5.59,1.532110778304696,2.6381371918621164,2.43008414629316,2.505254217786417,-88.7869873046875,-29.50534439086914,-243.1055908203125,0.22239360213279724,-5.965249538421631,22.03743553161621,0.4305822104779124,0.25335299020750024,0.8662627905969834,-0.18998109737852237,0.9637312927635775,-0.18742779406239668,-0.8823299511287187,-0.08387048170341033,0.46309782944862826,0.8687052726745605,4.786374092102051,0.8793784976005554
5.6,1.532110778304696,2.6381371918621164,2.43008414629316,2.505254217786417,-88.78511810302734,-29.564844131469727,-242.8852081298828,0.1472504884004593,-5.934497833251953,22.044130325317383,0.3912209632180744,0.2567703549810101,0.8837506111690382,-0.17220254014299682,0.9637523400651854,-0.2037834934119523,-0.9040422794908555,-0.07245972551566617,0.42125662614512394,0.7148733139038086,4.7124481201171875,0.8792489767074585
5.61,1.6362594905763226,1.7966111745264333,2.5408259216076505,1.6522303081220056,-88.78401184082031,-29.624034881591797,-242.66468811035156,0.06917860358953476,-5.903744697570801,22.059736251831055,0.3519111756921552,0.25891009332354853,0.899513250596208,-0.15389131118145277,0.9639109279049833,-0.21723993051050103,-0.9232962627270938,-0.06197811420610863,0.3790550416412321,0.49593690037727356,4.6115522384643555,0.8815588355064392
5.62,1.8572523559020504,2.021708130424222,2.506993958132915,2.292922937443584,-88.7836685180664,-29.682924270629883,-242.4439697265625,-0.004069394897669554,-5.874965190887451,22.087135314941406,0.31286897033697925,0.2598899881229559,0.9135481385639886,-0.13522366520925286,0.9642262762855139,-0.2279961589324433,-0.9401210388921496,-0.05220040415573313,0.3368197589784837,0.41587504744529724,4.50590181350708,0.8846449851989746
5.63,2.7383319799003853,1.4744494771663164,1.8157978469199139,1.9316548569268908,-88.78408813476562,-29.741535186767578,-242.222900390625,-0.07696862518787384,-5.847107410430908,22.12369155883789,0.27425828367872235,0.26117941857513793,0.925509430068843,-0.11631976403829142,0.9643554804921641,-0.23767250522263544,-0.9545952578594122,-0.04247138516083922,0.29486280727626873,0.41982516646385193,4.388818740844727,0.8865594863891602
5.64,1.6564128889817937,2.977849124747917,1.8833481863499233,1.4363568825599935,-88.78523254394531,-29.799867630004883,-242.00144958496094,-0.15096434950828552,-5.81972599029541,22.168100357055664,0.23602427279404448,0.2629815229560585,0.9354855751083256,-0.09722675680992236,0.964244325506586,-0.24653567386602182,-0.9668709843677527,-0.032765825368230014,0.25315390630142753,0.4794778823852539,4.357659816741943,0.8838648200035095
5.65,2.330052170391392,1.8778631118201154,2.886051628693946,1.3768887776959597,-88.78710174560547,-29.857933044433594,-241.77951049804688,-0.22319304943084717,-5.793424129486084,22.220632553100586,0.19697369431304917,0.2656948919255853,0.9437200793420267,-0.07766429231331827,0.9637818398249747,-0.2551329514646401,-0.9773277963140826,-0.023038872112985012,0.21047467525481683,0.45746082067489624,4.47385835647583,0.883793294429779
5.66,2.330052170391392,1.8778631118201154,2.886051628693946,1.3768887776959597,-88.78973388671875,-29.915735244750977,-241.5570068359375,-0.29789137840270996,-5.766978740692139,22.27982521057129,0.1564108995840648,0.2684440969181517,0.9505121763139608,-0.05739759930375431,0.9632008542495822,-0.2625826155080362,-0.9860228932866975,-0.013486333922659646,0.166063158803683,0.5183539390563965,4.5616302490234375,0.8876096606254578
5.67,2.6727323290412555,2.1789936893666395,1.784423694191989,2.4880806079332713,-88.79312896728516,-29.973270416259766,-241.33389282226562,-0.37511807680130005,-5.740227222442627,22.34541893005371,0.11528018966537085,0.27329835317600526,0.9549965905813484,-0.036658888508507154,0.9619218703806045,-0.27085501874028517,-0.992656337190287,-0.003784895607928468,0.1209093495193822,0.7631586194038391,4.571856498718262,0.8904452323913574
5.68,1.4007377890563462,1.6536968681670372,1.4757466902182834,2.8293020992597464,-88.79728698730469,-30.030536651611328,-241.11009216308594,-0.45581790804862976,-5.712547302246094,22.41692352294922,0.0738804101974535,0.2805024190253661,0.9570057878142505,-0.015466813457403333,0.9598352168799235,-0.28013770563518314,-0.9971471619929179,0.005894858606322467,0.07525149813446619,0.8659836649894714,4.616965293884277,0.8883111476898193
5.69,2.2928319341436683,2.6208634358631344,1.6734190327956826,1.762235321158733,-88.80220794677734,-30.087526321411133,-240.88555908203125,-0.5315071940422058,-5.686145782470703,22.49447250366211,0.032215874612858075,0.2877771810709079,0.9571553852315781,0.006144730634187023,0.9575773447886218,-0.2881108658711198,-0.9994620451564741,0.01516320554681555,0.029080878411477384,0.7090022563934326,4.574267387390137,0.8823285102844238
5.7,2.4647135622746252,2.9702419071001716,2.5975107898342493,2.1571034430696496,-88.80789184570312,-30.14426040649414,-240.6602020263672,-0.6046496033668518,-5.660260200500488,22.576995849609375,-0.008870987907393879,0.2934541738949167,0.95593198157463,0.02783446400369219,0.9556716390604325,-0.29311595130455353,-0.9995731830072142,0.024007626271630222,-0.016645891193555695,0.523339569568634,4.606662273406982,0.8790675401687622
5.71,2.4647135622746252,2.9702419071001716,2.5975107898342493,2.1571034430696496,-88.8143539428711,-30.200721740722656,-240.4340057373047,-0.6889188885688782,-5.630717754364014,22.66393280029297,-0.0509465618727275,0.29822007777913506,0.9531365238216164,0.050016405130422575,0.9539401751668267,-0.2957980754171895,-0.9974481475501259,0.032602567568989105,-0.06351586838524448,0.43237870931625366,4.742802619934082,0.8798407912254333
5.72,1.6933738206180526,2.909792272892229,1.8421389570248579,1.6904139715787871,-88.82170104980469,-30.256868362426758,-240.2069091796875,-0.7808271646499634,-5.598452091217041,22.755311965942383,-0.09391478176692897,0.30268956060184943,0.948450865184027,0.0726307586199446,0.9522059546097703,-0.29669612890630587,-0.9929273823739385,0.04102255365473034,-0.1114107868371969,0.375058114528656,4.849193096160889,0.8823633193969727
5.73,1.5724521825179238,1.8028131068115412,1.901055247908071,2.04283359102104,-88.82994842529297,-30.312698364257812,-239.9788818359375,-0.8642030954360962,-5.56836462020874,22.84897804260254,-0.1376257927321542,0.3067604268109411,0.9417840419743877,0.09559089585189168,0.9505070619115299,-0.2956327212717552,-0.985860802448844,0.04933929264875794,-0.16013779190385175,0.2443375587463379,4.977898120880127,0.8861026167869568
5.74,2.9361184719254387,2.2487182734626705,2.515728630525925,1.6616853844231392,-88.83895874023438,-30.36824607849121,-239.7499237060547,-0.9350563287734985,-5.541624546051025,22.94261932373047,-0.1819148612236326,0.3097057509406935,0.9332680917615517,0.11876300683160769,0.9490767935307778,-0.2918023101170608,-0.9761159416146743,0.0577545480079181,-0.2094327594004795,0.09493871033191681,5.0160651206970215,0.8885530829429626
5.75,2.510552846634079,1.907453868750817,2.440933332936727,2.938347159095091,-88.84868621826172,-30.423524856567383,-239.52003479003906,-1.009441614151001,-5.513123989105225,23.037979125976562,-0.22577371900416365,0.3123395621653191,0.9227514430838923,0.14171024254671452,0.9476632151227647,-0.28609900010404815,-0.9638176357404862,0.0661696955528857,-0.2582191635530914,0.13274060189723969,5.0606369972229,0.8891806602478027
5.76,2.510552846634079,1.907453868750817,2.440933332936727,2.938347159095091,-88.85918426513672,-30.478498458862305,-239.28916931152344,-1.0920231342315674,-5.48123025894165,23.135786056518555,-0.2695237420192946,0.3162066126805271,0.909598994384352,0.16450118007844136,0.9457879809613774,-0.2800436694906737,-0.9488394565155464,0.07415169024444851,-0.3069286767201371,0.20196354389190674,5.056763172149658,0.8869407773017883
5.77,2.781731733452166,2.0600427098917495,2.4311896973748297,1.6678733472846918,-88.87052154541016,-30.533143997192383,-239.0573272705078,-1.1757410764694214,-5.447895526885986,23.233705520629883,-0.3118210763022062,0.32056109263249943,0.8944317761931272,0.18669505485245386,0.9436875716613515,-0.2731276690222743,-0.9316182549023894,0.08181902579571525,-0.35410884506104495,0.1889031082391739,4.938282012939453,0.8823511600494385
5.78,2.126140081149257,1.562582068928173,2.2218840466678724,2.6552131214224155,-88.8826904296875,-30.58745765686035,-238.8245086669922,-1.2544080018997192,-5.414859294891357,23.328611373901367,-0.35249637069854484,0.3253734508170317,0.877427162873233,0.20822164012960348,0.9413751944047981,-0.265436417887724,-0.9123541292864806,0.08913394899108427,-0.3995811330770795,0.2716449797153473,4.9222211837768555,0.8796365857124329
5.79,2.343979523986878,1.974303451163065,1.9874810010335353,2.7403151272911668,-88.8956069946289,-30.64144515991211,-238.5907745361328,-1.326287865638733,-5.382448196411133,23.418598175048828,-0.3923197670265458,0.33145711108770926,0.8580334398551299,0.22935196886687081,0.9386056576593363,-0.25771514077906793,-0.8907765571551189,0.09568491479473046,-0.4442538939655999,0.3471696972846985,4.880771160125732,0.8766322731971741
5.8,2.4316740767163973,1.6919479411307843,1.730403938860024,1.4681310775886296,-88.90922546386719,-30.69510269165039,-238.3561553955078,-1.395997405052185,-5.349069118499756,23.504934310913086,-0.4303060008509102,0.33787294516483324,0.8370654804478191,0.24978505532686845,0.9356673857506864,-0.2492668637782196,-0.8674353991895015,0.10182542004881594,-0.4870189031904536,0.3005087077617645,4.783921718597412,0.871771514415741
5.81,2.7879035921133624,2.5411481001783174,1.7053570238514333,2.208727627521676,-88.92350006103516,-30.748428344726562,-238.12071228027344,-1.458124041557312,-5.316261291503906,23.583669662475586,-0.46684753282290226,0.34417254681092296,0.8146156388867402,0.2696023598579889,0.9326989949396554,-0.239556157085473,-0.8422398403401327,0.10778609771319975,-0.5282179554725379,0.31291258335113525,4.814311504364014,0.867834746837616
5.82,2.7879035921133624,2.5411481001783174,1.7053570238514333,2.208727627521676,-88.9383773803711,-30.801422119140625,-237.88450622558594,-1.5190880298614502,-5.282053470611572,23.658119201660156,-0.5030250769247966,0.35102242559189767,0.7897778350374131,0.2891137202242918,0.9295052551484864,-0.22898305052867418,-0.814480833883077,0.11315139143169262,-0.5690498518180982,0.3201633095741272,4.970008850097656,0.8643531799316406
5.83,1.6613789347328225,2.6051037366527847,2.0834939215848634,2.211552362636727,-88.95388793945312,-30.854061126708984,-237.6475372314453,-1.5829343795776367,-5.24515438079834,23.730703353881836,-0.539311119355885,0.3577433628273712,0.7623406081877484,0.3084139527289106,0.9262887986913486,-0.21649456155078722,-0.7835970586348775,0.1183585559725286,-0.6098908934611715,0.24873670935630798,5.169559001922607,0.8606079816818237
5.84,1.6673780672298388,2.6822724807127254,2.2298307200626937,1.402372236011451,-88.97002410888672,-30.906322479248047,-237.409912109375,-1.641819715499878,-5.207801818847656,23.795358657836914,-0.5753648876086322,0.36393196960978513,0.7324675880904551,0.3273248184628379,0.9231637181112974,-0.20156193286728463,-0.7495423332443448,0.12378316145125706,-0.6502799548008195,0.1023401990532875,5.274145603179932,0.8600932359695435
5.85,1.6648924018003701,2.2763961003414757,1.9173983207184357,1.372769611108662,-88.98670959472656,-30.95821762084961,-237.17169189453125,-1.6931875944137573,-5.170740604400635,23.849136352539062,-0.6101924711646929,0.3692140684903321,0.7009608546579057,0.3454946553197644,0.9202160405796187,-0.18394532286917986,-0.7129506233109012,0.1299361777519485,-0.6890703871389421,-0.03634823486208916,5.336881160736084,0.8648329377174377
5.86,1.5652955662688086,2.9842105302148854,1.5139496729170203,2.021417873244986,-89.00386047363281,-31.009740829467773,-236.9329833984375,-1.7366067171096802,-5.13411808013916,23.890602111816406,-0.6438055642892453,0.3741330949069136,0.6674869457042444,0.36284560281207145,0.917274038083733,-0.1641688386311692,-0.6736894417386626,0.136501891389595,-0.7262986780498173,-0.11167098581790924,5.42944860458374,0.8707758188247681
5.87,1.5652955662688086,2.9842105302148854,1.5139496729170203,2.021417873244986,-89.02143096923828,-31.060895919799805,-236.69390869140625,-1.7766879796981812,-5.096810817718506,23.924001693725586,-0.6761556739734511,0.378667565518826,0.6320003001403984,0.379252786611081,0.9143209365004341,-0.14207233694389207,-0.6316492922510386,0.1436248582280051,-0.761834018469737,-0.3152696490287781,5.54695987701416,0.8756351470947266
5.88,2.586676259403527,1.9340753693503214,2.896768439096983,2.843941921356288,-89.03939819335938,-31.111669540405273,-236.45452880859375,-1.8150590658187866,-5.058635234832764,23.95122528076172,-0.7072704387949782,0.38180910243383587,0.5949708696276039,0.39453241506582953,0.9115360193355682,-0.11595800496813494,-0.5866111999178694,0.15272162503239237,-0.7953385476502333,-0.6512657999992371,5.68551778793335,0.8807788491249084
5.89,1.4436215227523905,1.4254621557147373,2.047821327825191,2.235151281586225,-89.05774688720703,-31.16206169128418,-236.2148895263672,-1.8555697202682495,-5.019373893737793,23.97829818725586,-0.7367370154793008,0.3838100512289249,0.5566941840888068,0.40833945668374744,0.9087571205711656,-0.08613584576949103,-0.5389596071486936,0.16386073473182522,-0.8262397965937444,-0.8034928441047668,5.669684410095215,0.883808970451355
5.9,1.4121894338276189,2.2360621657738458,2.8380834996470377,2.9942161137709036,-89.07647705078125,-31.212055206298828,-235.9750213623047,-1.8890395164489746,-4.981028079986572,23.992820739746094,-0.7633675123104179,0.38607475685568815,0.5178960545011179,0.4203285734036515,0.9056674728501196,-0.05559063771651313,-0.49050375281893077,0.17525042293843032,-0.853635377506372,-0.836237370967865,5.49618673324585,0.885007917881012
5.91,2.102834485368606,2.477715462104075,2.1897373528648436,1.4056613163898972,-89.09550476074219,-31.26168441772461,-235.7350616455078,-1.9175382852554321,-4.943620204925537,23.998701095581055,-0.7867509446654745,0.3885112958514968,0.4796685564676656,0.43050789512171994,0.9022496993068673,-0.024666421275361936,-0.44236399413362026,0.18709477036106104,-0.8771029834618579,-0.9666792750358582,5.236129283905029,0.8883459568023682
5.92,1.405897584702515,2.9815779899324966,1.8153579921651406,2.5536643776731798,-89.11482238769531,-31.310935974121094,-235.4950408935547,-1.9432176351547241,-4.90711784362793,23.999635696411133,-0.8070459751940176,0.3908904902034827,0.4425849281116773,0.43899369133797067,0.8984630631808059,0.006975891715470112,-0.39491940049660784,0.19992185665465503,-0.8966994582038932,-1.0514999628067017,5.1407999992370605,0.8945233225822449
5.93,1.405897584702515,2.9815779899324966,1.8153579921651406,2.5536643776731798,-89.13436126708984,-31.359830856323242,-235.2550506591797,-1.9641642570495605,-4.871993064880371,23.99289321899414,-0.825403563896806,0.39347627693401577,0.404827588235531,0.44584263944169966,0.8942224998883488,0.039880591132659404,-0.3463138714549411,0.21340698250895518,-0.9135229401905092,-1.2559888362884521,5.1743998527526855,0.9014396071434021
5.94,2.4006814999064963,3.025506973280539,1.4084156410844342,2.049402072882238,-89.15409851074219,-31.408382415771484,-235.0151824951172,-1.9820432662963867,-4.838603496551514,23.98237419128418,-0.8418052901889546,0.3954558021336261,0.36739428679382147,0.4509329256034006,0.8893187512955321,0.07597141041809191,-0.2966872933184843,0.2296233157869787,-0.9269572713077694,-1.64347243309021,5.170121669769287,0.9087978005409241
5.95,2.668605688407371,2.013906654164257,1.5739644228070866,2.1815779886860955,-89.17399597167969,-31.45660972595215,-234.7754364013672,-1.9964743852615356,-4.807493209838867,23.96790885925293,-0.8563645719640435,0.3968548813294713,0.3303724005570259,0.4540386107561675,0.8834369801114684,0.11570670729970002,-0.245944424265829,0.2490889506511686,-0.9367315703210016,-1.9760969877243042,5.292811393737793,0.9155144691467285
5.96,2.549212688527925,2.3605643098604574,1.3717175800051054,2.391611470586656,-89.19402313232422,-31.504541397094727,-234.5358428955078,-2.006763458251953,-4.778913974761963,23.94808006286621,-0.8694879358008548,0.3983187904306348,0.2921179054536792,0.454731536182685,0.876418192291866,0.1584625577882458,-0.19289883228704113,0.2706165061664454,-0.9431631603771228,-2.1375980377197266,5.465850353240967,0.9191823601722717
5.97,2.976938839967996,1.4023219430292468,2.2403744377809245,1.9144071061008385,-89.21412658691406,-31.552200317382812,-234.29649353027344,-2.0132081508636475,-4.753332138061523,23.924489974975586,-0.8808814058621395,0.40040540664971197,0.2524350592370635,0.4527679475923991,0.8682800790773182,0.2027088797030191,-0.13801860178725006,0.29285698660466564,-0.9461425109134076,-2.264277219772339,5.603178977966309,0.9210072159767151
5.98,2.976938839967996,1.4023219430292468,2.2403744377809245,1.9144071061008385,-89.23426818847656,-31.599618911743164,-234.05735778808594,-2.016126871109009,-4.731194496154785,23.898975372314453,-0.8902953361849256,0.40327800069158914,0.21152084655079414,0.44798940774670515,0.8589883986519183,0.24787985300981824,-0.08172946172664033,0.31544537584121807,-0.9454176378438609,-2.2299375534057617,5.682767868041992,0.9229370355606079
5.99,1.7392141385261608,1.5540587967051942,1.8711522191625918,2.2952589639526377,-89.25440979003906,-31.646835327148438,-233.81849670410156,-2.015418529510498,-4.712625503540039,23.872079849243164,-0.897399621100508,0.4074839736210257,0.16920617982415542,0.44051149482525304,0.8491619531951671,0.29133074017787786,-0.024970842506536237,0.3359773630585673,-0.9415389893874422,-2.007080554962158,5.705193519592285,0.924372136592865
6.0,1.579573835236247,2.25593045885424,2.3950825526370414,2.929943898348355,-89.27455139160156,-31.693878173828125,-233.57992553710938,-2.0104823112487793,-4.696226596832275,23.840635299682617,-0.9020012216310749,0.41294657614466723,0.12597190729065477,0.43057578869740765,0.8390836022663992,0.3324803732481791,0.031595670014325075,0.3541381561736036,-0.9346592320082792,-1.9231241941452026,5.644970417022705,0.9264525771141052
6.01,2.114454548370686,2.943532245909702,1.7716776978760216,2.634412647892854,-89.29461669921875,-31.74077606201172,-233.3416748046875,-2.0026965141296387,-4.684654235839844,23.813575744628906,-0.9039759434532619,0.41926655619993775,0.08392287238905513,0.41869687727956856,0.8281641549501488,0.3726084505376171,0.08672034717483054,0.3719673202150296,-0.9241860711339067,-2.0631144046783447,5.469719409942627,0.9310984015464783
6.02,1.386420209500569,1.4922412015976505,2.7674538787239706,2.022646613483359,-89.31459045410156,-31.787595748901367,-233.10362243652344,-1.9925161600112915,-4.680058479309082,23.796192169189453,-0.9034871058348415,0.4263205292391445,0.04429284298210819,0.4051449775429314,0.8157142950292962,0.41287738622573666,0.139887800618637,0.3909744176210437,-0.9097089688488105,-2.329489231109619,5.391479969024658,0.937333345413208
6.03,1.386420209500569,1.4922412015976505,2.7674538787239706,2.022646613483359,-89.33445739746094,-31.834383010864258,-232.8657684326172,-1.9791771173477173,-4.677262306213379,23.776304244995117,-0.9007902168257724,0.43420713254292836,0.00641492944823524,0.3895590365054507,0.8014610149463022,0.4537664582119178,0.1918873167979658,0.41124738001608113,-0.8910975536281007,-2.4628171920776367,5.264103412628174,0.9458061456680298
6.04,2.119390716498504,2.4248022425582585,1.7562276907831218,1.7556195758047646,-89.35417175292969,-31.88114356994629,-232.62811279296875,-1.9633234739303589,-4.675488471984863,23.753835678100586,-0.896039357825746,0.4430310627056999,-0.028930031197403325,0.37282384670002666,0.7862239481071553,0.49280247843795594,0.241072289073256,0.4307846107983145,-0.869660146574698,-2.434023857116699,4.989001750946045,0.9556818008422852
6.05,2.969373336523091,1.72639199093437,2.800186963574169,2.6065122841079633,-89.37371826171875,-31.927906036376953,-232.39065551757812,-1.9454705715179443,-4.678233623504639,23.736770629882812,-0.8895064534333107,0.4527128026910711,-0.061882045700579244,0.35519187880348874,0.7702881262217324,0.5296177223562862,0.2874317284722427,0.449118381811976,-0.8459761702235181,-2.454103708267212,4.897886753082275,0.9643648266792297
6.06,1.9930321479464095,2.7025655660203967,1.464192159921324,2.1482864314640047,-89.39307403564453,-31.974740982055664,-232.1533660888672,-1.9250061511993408,-4.6910905838012695,23.734071731567383,-0.8812540635294228,0.4631893183763616,-0.0940581248745791,0.33573091859424625,0.7535317422791641,0.5652208981253181,0.33268006524699373,0.46652499259929164,-0.8195598852234578,-2.4046452045440674,4.8724870681762695,0.9695000052452087
6.07,2.8575211929549997,1.9215207324247134,1.8889441657152513,1.5388641014117947,-89.41221618652344,-32.02174377441406,-231.9159698486328,-1.9025346040725708,-4.708664894104004,23.737131118774414,-0.8713626728223649,0.4743383801410309,-0.12542006831861996,0.3146712516742911,0.7364091266426327,0.5989019966298075,0.3764426859185863,0.4823947546591047,-0.7909400766782417,-2.4575531482696533,4.88562536239624,0.9739501476287842
6.08,2.958886138811515,2.8698008937530397,2.8552083631542002,2.2703226321606795,-89.43112182617188,-32.06891632080078,-231.6785430908203,-1.8790510892868042,-4.726480484008789,23.740285873413086,-0.859702666908743,0.48631914492643613,-0.15622104143813237,0.29131683500752137,0.7180353431939995,0.6321073861026113,0.41957815261425996,0.4979145862517939,-0.7589698535821493,-2.4914586544036865,5.0199432373046875,0.9791709780693054
6.09,2.958886138811515,2.8698008937530397,2.8552083631542002,2.2703226321606795,-89.44977569580078,-32.11630630493164,-231.44107055664062,-1.8519630432128906,-4.755990505218506,23.75811767578125,-0.8461192199258898,0.49889889781924723,-0.18756906841679383,0.2653077545577085,0.699450468801555,0.6636119627198047,0.4622705496173754,0.511731307863829,-0.7241802313709098,-2.408074140548706,5.141326427459717,0.9856575727462769
6.1,1.604772095198941,2.4187446611830583,1.7079390184662604,2.1669678568612056,-89.46814727783203,-32.164066314697266,-231.20333862304688,-1.8206326961517334,-4.7978010177612305,23.790224075317383,-0.8305742009780815,0.5120284140995734,-0.21902830827154968,0.2369593020259647,0.680838170435533,0.6930437755736383,0.5039809379857425,0.5237234850879533,-0.6868165150273683,-2.346776008605957,5.225748538970947,0.9939059019088745
6.11,2.2662770776293364,1.7324147679084774,2.8999084826556976,2.679044332624299,-89.48619842529297,-32.212249755859375,-230.9652862548828,-1.7899218797683716,-4.835430145263672,23.819522857666016,-0.8130726237778261,0.5257908367623433,-0.24991379401665104,0.20652735694915392,0.6618782168988318,0.7205995259687729,0.5442971240918318,0.5342857119290935,-0.6467452502599327,-2.4398088455200195,5.266384601593018,1.002180814743042
6.12,2.921982504976852,2.8033599416273542,2.213598125955923,2.2986602166941283,-89.50394439697266,-32.26079177856445,-230.72694396972656,-1.7586095333099365,-4.873761177062988,23.851760864257812,-0.7938845684318716,0.5404893052505402,-0.2786011538302197,0.17471552221111822,0.6416084188361502,0.7468688795076897,0.5824274875932949,0.5442517320030906,-0.6037948939063651,-2.516561985015869,5.148934364318848,1.009284257888794
6.13,2.728652468164576,2.0590453695094384,1.9033599673312676,2.9869142042310175,-89.52135467529297,-32.30976486206055,-230.4882049560547,-1.7233805656433105,-4.922610282897949,23.89540672302246,-0.7734535621193575,0.5557586327998021,-0.304798178002054,0.14239706380689737,0.6209249269435977,0.7708276793935608,0.6176509236324766,0.5527970488059631,-0.5593949940492551,-2.522045612335205,5.108592510223389,1.0152391195297241
6.14,2.728652468164576,2.0590453695094384,1.9033599673312676,2.9869142042310175,-89.53840637207031,-32.35926055908203,-230.2490234375,-1.6863117218017578,-4.9763007164001465,23.945327758789062,-0.7514230517488042,0.5716183425290063,-0.3295692154690808,0.1084470945716429,0.5996836621449696,0.7928547994654299,0.6508476203993397,0.5600285491301219,-0.5126064759440009,-2.5968070030212402,5.140477180480957,1.0183532238006592
6.15,2.6945621724200928,2.2870486469287545,1.4282565852290698,2.4911854376165437,-89.5550765991211,-32.409297943115234,-230.00930786132812,-1.6484339237213135,-5.0324201583862305,23.99970054626465,-0.7280322468465619,0.5882008840328257,-0.3521203878995778,0.07327081626201765,0.5774584773334103,0.8131255096478508,0.6816160466390477,0.5661814435132803,-0.46350635161276266,-2.7084765434265137,5.109257698059082,1.018934965133667
6.16,1.415921001381788,2.2055543947262555,2.0829668531598267,1.8722452430909855,-89.57136535644531,-32.45990753173828,-229.76902770996094,-1.6107378005981445,-5.089105129241943,24.057519912719727,-0.703409860622441,0.6055473911846846,-0.3721920539298772,0.03695644639676943,0.5540854288676673,0.8316390795208315,0.7098230688339459,0.5712282333235601,-0.4121280339957516,-2.8437836170196533,5.149060249328613,1.0199857950210571
6.17,2.975230265925865,2.4576992389036327,2.64816845136542,1.8634093401063216,-89.58729553222656,-32.51106262207031,-229.5281524658203,-1.5756886005401611,-5.141322135925293,24.116580963134766,-0.6774087243904139,0.6237375961941181,-0.3899600379702203,-0.0009475043160997454,0.5293799041236085,0.8483843582631931,0.7356062277844876,0.5750724547429327,-0.35801557150578556,-2.991887331008911,5.164335250854492,1.02676522731781
6.18,2.8036935153675806,1.4584598238867654,1.5785122779435106,1.7980718411382817,-89.60285949707031,-32.5627555847168,-229.28665161132812,-1.538051724433899,-5.200891017913818,24.18214225769043,-0.6503423319811793,0.6425834214329214,-0.40514367542001906,-0.03980448426166505,0.5037767089917631,0.8629163519774619,0.7585976893360169,0.5773175677016842,-0.3020496180382738,-2.992170572280884,5.185667991638184,1.0369129180908203
6.19,1.396076772999889,2.538697855285082,1.7742123529622766,2.9110091070704405,-89.6180419921875,-32.615081787109375,-229.04449462890625,-1.5004135370254517,-5.262176036834717,24.251466751098633,-0.6220008265666388,0.6612945118359148,-0.4192905202435622,-0.08012481118617226,0.4789160833026396,0.8741964308932171,0.7789062757372021,0.5773464763638538,-0.2449001017709944,-2.871849536895752,5.274949073791504,1.0426990985870361
6.2,1.396076772999889,2.538697855285082,1.7742123529622766,2.9110091070704405,-89.63287353515625,-32.66799545288086,-228.8016357421875,-1.4639004468917847,-5.322429180145264,24.323040008544922,-0.5924841993700439,0.6799818374173445,-0.4319573755353299,-0.12167655646554193,0.4545163267651601,0.8823886469751262,0.7963399331337879,0.5753604170313059,-0.1865558935280146,-3.0091521739959717,5.25832462310791,1.0480949878692627
6.21,1.7110037611095368,1.5735761931447194,1.3829102340451256,2.2567201237455823,-89.64733123779297,-32.72154235839844,-228.5580291748047,-1.425674319267273,-5.387495040893555,24.39775276184082,-0.5625363202932138,0.699995920988803,-0.43995295083680097,-0.1630879950565467,0.42772753864154045,0.8890733707383691,0.8105277257561316,0.5718871071170317,-0.12645134437366082,-3.3893911838531494,5.133972644805908,1.0565060377120972
6.22,1.6261110295097116,1.6429664822961834,2.6448417576156933,1.8956017974140629,-89.66140747070312,-32.775726318359375,-228.31365966796875,-1.39065420627594,-5.447770595550537,24.473102569580078,-0.5325989392481738,0.7215039765903559,-0.44245946896413335,-0.20394820050413204,0.3979639384682465,0.8944438692226404,0.8214277213625348,0.5666186684562595,-0.0648057338050351,-3.683377504348755,5.018519878387451,1.06404447555542
6.23,1.6211933946024044,2.351931257212425,1.4480065711964782,1.6538011442602794,-89.6751480102539,-32.83049392700195,-228.0685272216797,-1.3572839498519897,-5.506729602813721,24.548858642578125,-0.5029024384445389,0.7435674536983746,-0.44067740945849726,-0.24422373142117462,0.3668237192885932,0.8976609203802965,0.8291223711957447,0.5590597470465912,-0.002879724803969974,-3.757000684738159,4.860611438751221,1.0735359191894531
6.24,2.2413713893034015,2.5704957853411625,2.5197061500969813,2.7349132186233724,-89.68855285644531,-32.885860443115234,-227.8226318359375,-1.3246361017227173,-5.566191673278809,24.624286651611328,-0.4736929424344165,0.7654075789389327,-0.43562166428067595,-0.2835876322511375,0.33572561041839666,0.8982574070629135,0.8337823763560958,0.5490351105457978,0.05802927076868661,-3.838378429412842,4.794917106628418,1.0853192806243896
6.25,2.2413713893034015,2.5704957853411625,2.5197061500969813,2.7349132186233724,-89.70162963867188,-32.94184494018555,-227.57603454589844,-1.2877928018569946,-5.636229038238525,24.697101593017578,-0.44453205209470587,0.7873294459687563,-0.427204398585736,-0.3231096964267819,0.3038735497008611,0.8962482858377977,0.8354587833851902,0.536444973229062,0.11931224564900489,-3.992954730987549,4.766584396362305,1.0965925455093384
6.26,1.3917983754333358,2.4376419768011317,1.6416395085979567,1.7087518212187747,-89.71430206298828,-32.99861526489258,-227.32872009277344,-1.246517539024353,-5.717558860778809,24.76471519470215,-0.41584204610900505,0.8091939707699448,-0.4150668745605287,-0.3621467493110996,0.2713130708172409,0.8917617112026744,0.8342212684002245,0.5211471339970012,0.18022358357171753,-4.1335248947143555,4.669551372528076,1.1073437929153442
6.27,2.174796701269992,2.6305161630160008,2.7579647237776044,1.8289551699071684,-89.7265853881836,-33.05615997314453,-227.08074951171875,-1.2113080024719238,-5.788001537322998,24.82918357849121,-0.3878191009786778,0.8308465056549982,-0.3991120506286033,-0.4005131727438088,0.23808840220774524,0.8848181232280736,0.8301719962602796,0.5029990027575022,0.24042973994533262,-4.315640926361084,4.625170707702637,1.1198612451553345
6.28,2.404322957326518,2.290998084494017,2.1379086609744626,2.6236485989229332,-89.73854064941406,-33.11436462402344,-226.8321533203125,-1.1783214807510376,-5.8557448387146,24.88775062561035,-0.3603210577138094,0.8521429773688584,-0.3795010955042677,-0.43871707075411914,0.20422258917840486,0.8751116876708903,0.8232229753820814,0.4818147778869034,0.30026397155314355,-4.416250228881836,4.618455410003662,1.1350959539413452
6.29,2.6233591526924034,2.06437337751054,1.6690596329661385,2.9036976547970683,-89.7501449584961,-33.17329025268555,-226.58302307128906,-1.143847107887268,-5.929113388061523,24.936424255371094,-0.3335036236462917,0.8724576275245451,-0.3572016533962785,-0.47658266950403416,0.17089026691064985,0.8623604094597663,0.8134152027981782,0.45783643897078496,0.3588056618942203,-4.474474906921387,4.581962585449219,1.1475192308425903
6.3,2.6233591526924034,2.06437337751054,1.6690596329661385,2.9036976547970683,-89.76142120361328,-33.232940673828125,-226.33346557617188,-1.111144781112671,-6.000706195831299,24.975950241088867,-0.3076298896446394,0.8917740998359281,-0.3318174285040602,-0.5137685273152411,0.13784504872266493,0.8467825239593543,0.8008781126598199,0.43097296597868673,0.41576020884396625,-4.601681232452393,4.536985397338867,1.1542949676513672
6.31,2.669506265335963,1.4470893365575281,3.0008303785580965,2.541739593982315,-89.77237701416016,-33.29329299926758,-226.0835418701172,-1.080855369567871,-6.068991184234619,25.00564956665039,-0.28285476819296423,0.9100473275630006,-0.3029967684744267,-0.5502192015071636,0.10480293551242534,0.8284172710662168,0.7856538744277429,0.40103641518373273,0.4710815038751331,-4.756800174713135,4.499124050140381,1.1586867570877075
6.32,2.561830294777068,1.8331035605441,1.5054032652334723,2.191095228708027,-89.78303527832031,-33.35432052612305,-225.8333740234375,-1.0525051355361938,-6.135430335998535,25.023427963256836,-0.25941533764915214,0.9269117122562749,-0.27117957200813725,-0.5855526190408622,0.07233612312943583,0.8074005298641992,0.768005086524017,0.3682419896925705,0.5239904809254587,-4.733210563659668,4.353988170623779,1.1647911071777344
6.33,2.9057413850480165,3.0177367255603116,1.883728598418199,2.7466330942969033,-89.7934341430664,-33.41598129272461,-225.58311462402344,-1.0282617807388306,-6.1936469078063965,25.032573699951172,-0.23758504880111841,0.9417437618519675,-0.23805888263006414,-0.6189914988196117,0.04209114757417681,0.7842689970188413,0.7486006071165189,0.3336870124964312,0.572931155302263,-4.666031360626221,4.257908821105957,1.1708300113677979
6.34,2.6501955972226368,2.8026384269218134,1.4723688394550623,2.817195540418295,-89.80360412597656,-33.47819900512695,-225.33277893066406,-1.0056041479110718,-6.251565933227539,25.026899337768555,-0.21699855528727946,0.954793335117924,-0.20317803576574167,-0.6517064320790592,0.013261298970210167,0.7583553681068032,0.7267670557957452,0.2969744520392523,0.6193672750847994,-4.771732330322266,4.326156139373779,1.1772340536117554
6.35,2.8862071613444553,2.0515721672058533,2.349060958910907,2.4597316415352095,-89.81355285644531,-33.54100799560547,-225.08261108398438,-0.9846796989440918,-6.309348106384277,25.005048751831055,-0.19756872178755402,0.9662383630029665,-0.1653784327915208,-0.6843220438153956,-0.015147424567261758,0.7290225619809713,0.7019045095449608,0.257204162855749,0.6642108686931594,-5.0053606033325195,4.438644886016846,1.1844875812530518
6.36,2.8862071613444553,2.0515721672058533,2.349060958910907,2.4597316415352095,-89.82331085205078,-33.6043586730957,-224.8327178955078,-0.967538058757782,-6.36020565032959,24.971275329589844,-0.17954575018724972,0.9758555223382315,-0.12437573361261095,-0.7165286073947046,-0.043096702652132335,0.6962251281054992,0.6740549520437507,0.2141230341240548,0.706966228247719,-5.118196487426758,4.475654602050781,1.1923123598098755
6.37,1.7053082683504508,1.7164837121178813,2.682424146052074,2.76946068261982,-89.83291625976562,-33.668190002441406,-224.58322143554688,-0.9540264010429382,-6.405097007751465,24.924253463745117,-0.16321561669357526,0.9831745035613166,-0.08202778806169259,-0.7474849484978405,-0.06896676698272897,0.6606889107750563,0.6439153005143738,0.16914928494944348,0.746164596563369,-5.078811168670654,4.4450907707214355,1.2005348205566406
6.38,2.9901601937667,1.894377690259537,1.5284678368020812,2.4752432753301994,-89.8424072265625,-33.73243713378906,-224.33425903320312,-0.9444502592086792,-6.441312789916992,24.867263793945312,-0.1486786309053656,0.988121670414718,-0.038861667088962215,-0.7765555944686204,-0.09233360246383282,0.623246271192647,0.6122549088505486,0.12284164730610764,0.7810594447771105,-5.081179618835449,4.2551188468933105,1.2101994752883911
6.39,1.4364965123194962,2.206464099276962,2.4119982208270665,2.002897019631646,-89.85181427001953,-33.797000885009766,-224.0858917236328,-0.9385997653007507,-6.469311714172363,24.80106544494629,-0.13596391133022112,0.9906973501743308,0.005707466456067123,-0.8029559370969117,-0.11356906815013601,0.5851186459516822,0.5803236837288377,0.07497217561915293,0.810927613900478,-5.118401527404785,4.126021385192871,1.2171051502227783
6.4,2.5331531587213707,2.7045093795785897,2.276386693410307,2.4027312220802317,-89.86119842529297,-33.86180114746094,-223.83824157714844,-0.9362078905105591,-6.489131450653076,24.727481842041016,-0.12502680247158565,0.9908237612069649,0.051347569479129884,-0.827657409902793,-0.1326979108266026,0.5453205262001923,0.5471302500289403,0.025681485353032274,0.8366534233560099,-5.18458890914917,4.049649715423584,1.2268610000610352
6.41,2.5331531587213707,2.7045093795785897,2.276386693410307,2.4027312220802317,-89.8705825805664,-33.92677307128906,-223.5913848876953,-0.9377124905586243,-6.506030082702637,24.639842987060547,-0.1158061290881961,0.9883932067143131,0.09832501912842487,-0.8504142228636227,-0.1498106157514193,0.5043336484505485,0.5132100837053661,-0.025212067134165156,0.8578926282781274,-5.280362606048584,3.9808216094970703,1.239671230316162
6.42,3.042005821862764,3.0530984694491803,1.7793261065199386,2.449828217742005,-89.8799819946289,-33.991912841796875,-223.3455047607422,-0.9438469409942627,-6.521082878112793,24.5372257232666,-0.10839320471712321,0.9832675164627411,0.14641005512035174,-0.8716095449669985,-0.1648260434101494,0.4616591562356119,0.47806664210502425,-0.07757168609066184,0.8748913756709904,-5.376646995544434,3.9844865798950195,1.2513127326965332
6.43,2.064688362964369,2.986075600949908,1.513426370385938,2.3721094264546165,-89.88947296142578,-34.05718231201172,-223.10067749023438,-0.9547591805458069,-6.531615734100342,24.42475700378418,-0.10295674147731243,0.9753033001987804,0.1954056857047448,-0.8914318382580967,-0.17762846209483957,0.41689016202545803,0.4413039622801549,-0.1312691969777746,0.8877044614062981,-5.503497123718262,4.087508201599121,1.2617284059524536
6.44,2.9929958864680772,2.409890690743671,1.6514619550114196,2.585177737614461,-89.89909362792969,-34.12252426147461,-222.85699462890625,-0.969182550907135,-6.5344343185424805,24.310415267944336,-0.09984317747626692,0.9642145972786965,0.245604459051793,-0.9101156233397073,-0.18826247651984507,0.3691162311353848,0.40214536185864275,-0.18667471797031326,0.896343493090838,-5.744882106781006,4.225003719329834,1.2730251550674438
6.45,1.7342083435791813,2.694878993116573,2.9433539580056065,2.6313303782417465,-89.90887451171875,-34.1878547668457,-222.6144561767578,-0.9874960780143738,-6.530592918395996,24.19377326965332,-0.09921835689249242,0.9495436503524877,0.2975274335768486,-0.927286869210318,-0.19669461491178047,0.3185126224419249,0.36096368216993774,-0.24429098333745025,0.9000150752150438,-5.960411071777344,4.325329303741455,1.2833105325698853
6.46,1.7342083435791813,2.694878993116573,2.9433539580056065,2.6313303782417465,-89.91886138916016,-34.25312423706055,-222.3731231689453,-1.0115219354629517,-6.522488117218018,24.070934295654297,-0.10106627255966588,0.9312951149962903,0.3499643086586711,-0.9424895387778642,-0.20227041407950808,0.2660829736800022,0.31858919919731077,-0.30294568551499557,0.8981786201990478,-6.1089067459106445,4.257575988769531,1.2968586683273315
6.47,1.5004074784636856,2.6136803067964745,2.1335064896531097,2.1582947982530634,-89.92911529541016,-34.31828689575195,-222.13304138183594,-1.040981650352478,-6.509589195251465,23.94603157043457,-0.10465721185472343,0.9093491093570946,0.40265502023227595,-0.9551226271040766,-0.2047193326237885,0.21408120432181277,0.27710581949970425,-0.3621797787860742,0.8899652648490658,-6.264779567718506,4.036953926086426,1.3148937225341797
6.48,2.540191576210228,2.98221550455248,2.527249161391958,2.835284049233361,-89.93968200683594,-34.3832893371582,-221.8941650390625,-1.0723071098327637,-6.490589141845703,23.829713821411133,-0.10967246081743393,0.8834922182297438,0.4554266699104647,-0.9652658466484836,-0.20398106263283594,0.1632592153024305,0.2371366623536621,-0.4217027702240833,0.8751759691359785,-6.457671642303467,3.8595712184906006,1.3328620195388794
6.49,2.00201092078091,2.385819967241595,1.6790310747458266,2.546523320852144,-89.95059204101562,-34.44808578491211,-221.65643310546875,-1.1106266975402832,-6.468411922454834,23.714017868041992,-0.11635283350190678,0.8533891124709816,0.5081230568002875,-0.9732393780761919,-0.2000344672921472,0.11309873941390508,0.19815935783592226,-0.4813660089901836,0.8538264661457371,-6.654748439788818,3.7615976333618164,1.3486871719360352
6.5,2.3545844278233243,1.8089679698467476,2.4022117483139587,2.8390383123765144,-89.9619140625,-34.51264190673828,-221.41986083984375,-1.1532670259475708,-6.44294548034668,23.606151580810547,-0.12491371268512552,0.8189269117149338,0.5601386236033531,-0.9791946522957717,-0.19275185768426983,0.06343937479693096,0.1599199715438332,-0.5405602969404097,0.825966202742652,-6.86706018447876,3.69037127494812,1.3616588115692139
6.51,2.6436053486716595,1.856489008873715,1.4534618170034677,3.0246941778526204,-89.97366333007812,-34.57693099975586,-221.1842803955078,-1.1981464624404907,-6.414341449737549,23.511600494384766,-0.13521306551586443,0.7799704364757071,0.6110348149964107,-0.983180025507702,-0.18203814794552586,0.014803720317461855,0.12277811024965862,-0.5987555685891015,0.791465289653984,-7.0062360763549805,3.5337295532226562,1.372351050376892
6.52,2.6436053486716595,1.856489008873715,1.4534618170034677,3.0246941778526204,-89.98589324951172,-34.640926361083984,-220.9495849609375,-1.2477500438690186,-6.383759021759033,23.4281063079834,-0.14664407081897796,0.7370711630235238,0.6597132840354122,-0.985304536280251,-0.1678876210990347,-0.03144387805704646,0.08758131809466008,-0.6546295496850543,0.7508592846865152,-7.119204998016357,3.372039318084717,1.3787981271743774
6.53,1.8475424242836875,1.5680799352333785,2.4710641243194806,2.1499749193297624,-89.9986343383789,-34.70460510253906,-220.71566772460938,-1.3008272647857666,-6.351762771606445,23.358768463134766,-0.15945331386730993,0.6899996627858709,0.7060276949611234,-0.9857270965403753,-0.1504068157869889,-0.07562989429385747,0.05400677589723735,-0.708010067103712,0.7041342294172201,-7.281773567199707,3.2680904865264893,1.382390022277832
6.54,1.700198681858663,2.312494859127212,1.8649497039814578,2.3316182643221244,-90.01191711425781,-34.76796340942383,-220.48236083984375,-1.354858160018921,-6.31924295425415,23.30696678161621,-0.17346467416462136,0.6389388177937778,0.7494445903022127,-0.984589948981277,-0.12966114980833054,-0.11734827904757783,0.022195476611424347,-0.7582513919187167,0.6515843671170453,-7.34296989440918,3.084977388381958,1.3900319337844849
6.55,3.03930354581716,1.3853472524876715,2.296351251619855,2.4632888735599807,-90.02574157714844,-34.830989837646484,-220.24948120117188,-1.4103096723556519,-6.286741256713867,23.27243995666504,-0.1878479601638196,0.5847421152205508,0.7891703254365867,-0.9821710264293801,-0.10586270620453564,-0.1553485187496489,-0.007295115143017894,-0.8042821309232526,0.594202856920599,-7.432961463928223,2.8935041427612305,1.401401400566101
6.56,2.7618702676778417,2.8476968110416805,1.4011587332944835,2.859483626107675,-90.04015350341797,-34.89369583129883,-220.01687622070312,-1.4730908870697021,-6.25353479385376,23.25082778930664,-0.20279185640782033,0.5272346925759896,0.8251660692969456,-0.9786034501194563,-0.07917489179194676,-0.18991214791063404,-0.03479583867313735,-0.8460229993646953,0.5320097124649115,-7.429655075073242,2.7445943355560303,1.409240961074829
6.57,2.7618702676778417,2.8476968110416805,1.4011587332944835,2.859483626107675,-90.05522918701172,-34.956058502197266,-219.78443908691406,-1.5454626083374023,-6.219015121459961,23.2414493560791,-0.2185494983120762,0.46774384676454195,0.8564180116049919,-0.9739464672612116,-0.05011281456141914,-0.22117184433407866,-0.06053425226221021,-0.882442292521523,0.4665095976208996,-7.48980712890625,2.710813283920288,1.413996934890747
6.58,2.132595160923837,1.380328330793891,1.7333670156459866,2.143867560568952,-90.07106018066406,-35.01806640625,-219.5520477294922,-1.6241276264190674,-6.183712482452393,23.246782302856445,-0.2362495708008564,0.4047113680895637,0.8833995974843348,-0.9679578058364251,-0.01838886058921524,-0.2504386869606285,-0.08511067157968166,-0.9142595683640964,0.3960878882747508,-7.744543552398682,2.7826905250549316,1.4194591045379639
6.59,2.3753719140478755,1.587794172592243,2.575279145738608,2.5149292444074383,-90.08765411376953,-35.079742431640625,-219.3194580078125,-1.6958458423614502,-6.1512041091918945,23.27243423461914,-0.2558803308766055,0.3380765805808867,0.9056652151502863,-0.9606225279972274,0.0160357994026053,-0.2773936045436803,-0.10830334701520161,-0.940981975810512,0.3206607338372602,-7.88131856918335,2.746819019317627,1.4258943796157837
6.6,2.2972213888320745,1.4253841053878797,1.428258873996438,2.204268526277845,-90.10494995117188,-35.14109802246094,-219.08653259277344,-1.7672003507614136,-6.119537353515625,23.3138427734375,-0.27584981067245007,0.269869655435237,0.9225384821389512,-0.9524490189519493,0.052478150909546994,-0.3001448150053304,-0.12941309149171387,-0.9614657626522024,0.24256100057135332,-7.845833778381348,2.5480759143829346,1.433140754699707
6.61,2.261485984365981,1.5456578348734225,2.516975979873789,1.6637376166809486,-90.12298583984375,-35.20213317871094,-218.8531494140625,-1.8381417989730835,-6.088671684265137,23.368566513061523,-0.2951869086734827,0.20134109489405927,0.9339841821222962,-0.9438587828964176,0.09028808174833183,-0.3177713962009482,-0.14830808102421955,-0.9753511294918707,0.16338570103239014,-7.811035633087158,2.3698484897613525,1.4384803771972656
6.62,2.157231149768085,2.599995163922811,2.1144640174234617,2.01878361950849,-90.14170837402344,-35.262874603271484,-218.61912536621094,-1.9068089723587036,-6.0589375495910645,23.434892654418945,-0.3143686847757058,0.13283362368678414,0.9399614664711688,-0.9348020599306015,0.1290769438342512,-0.3308840451274633,-0.16527988014848183,-0.9826974971926239,0.08359539598241109,-7.706928730010986,2.2293224334716797,1.4450867176055908
6.63,2.157231149768085,2.599995163922811,2.1144640174234617,2.01878361950849,-90.16112518310547,-35.32330322265625,-218.38442993164062,-1.981630563735962,-6.027022838592529,23.50950050354004,-0.33337623582631715,0.0655036570809715,0.9405155800385736,-0.925353374565313,0.16825909459132796,-0.3397204869711195,-0.1805032342282648,-0.9835640029994619,0.004520446527844918,-7.649929523468018,2.139021158218384,1.454793095588684
6.64,2.2654348396951143,2.408126628503117,2.884243222858634,2.053438027431906,-90.18131256103516,-35.38340759277344,-218.14892578125,-2.060255289077759,-5.993220329284668,23.590991973876953,-0.3528332600157471,-0.0015667708204868958,0.9356849020134161,-0.9153350691894924,0.20800686634711155,-0.3448113319836259,-0.19408864402258968,-0.9781261108781685,-0.07482586103628555,-7.7161335945129395,2.1093244552612305,1.465440034866333
6.65,2.5915776024824684,1.8519077609176093,1.4902896020808254,2.643820289659139,-90.20233154296875,-35.44316482543945,-217.91259765625,-2.141771078109741,-5.9572882652282715,23.677814483642578,-0.3726869514880101,-0.06820072432976887,0.9254475119591974,-0.9047973853215052,0.24812628059421774,-0.3460853079716727,-0.20602458034404925,-0.9663239674557259,-0.15418126414932523,-7.719155788421631,2.024813652038574,1.4769718647003174
6.66,2.557193585974305,1.5528682356756298,2.6379670305738765,2.9522350928408443,-90.22415924072266,-35.50254821777344,-217.6753692626953,-2.220311403274536,-5.920903205871582,23.76706886291504,-0.3922629963995464,-0.13337133931562645,0.9101328625562343,-0.8940336945513816,0.28805881079231965,-0.3431120436996074,-0.21641047724742013,-0.9482796040061552,-0.23223328349630074,-7.734005451202393,1.9234236478805542,1.4832868576049805
6.67,2.1905475873536613,1.5454330128717195,2.7563864046784694,2.7856193523865747,-90.24674987792969,-35.561580657958984,-217.437255859375,-2.297746419906616,-5.88292121887207,23.856990814208984,-0.41132950696378745,-0.19714158641520035,0.8899119235107629,-0.8831950227259704,0.32756568833592264,-0.3356594578692607,-0.22533217376353587,-0.9240324208222954,-0.3088519009756754,-7.730975151062012,1.7260993719100952,1.485194206237793
6.68,2.1905475873536613,1.5454330128717195,2.7563864046784694,2.7856193523865747,-90.27013397216797,-35.620208740234375,-217.1982421875,-2.3744022846221924,-5.842879772186279,23.94553565979004,-0.428486961868059,-0.25848756688547664,0.8657846737351655,-0.8728692739202466,0.36598992582183454,-0.32272372835425284,-0.2334483971995141,-0.893999749419738,-0.3824477662144513,-7.660150527954102,1.395046353340149,1.4875398874282837
6.69,2.1716312196203744,2.5099584400260744,2.6872034904848032,3.042006076614049,-90.29424285888672,-35.67844009399414,-216.95835876464844,-2.446521520614624,-5.802055358886719,24.029434204101562,-0.44311797041542655,-0.31695687045353477,0.8385611525507333,-0.863333587837825,0.4028278966577673,-0.30394868281561516,-0.2414572020172136,-0.858643131892744,-0.452139792152204,-7.579854488372803,1.0283656120300293,1.489606261253357
6.7,2.128992468555988,1.5764669145553312,2.0807129438178715,1.860376531701881,-90.31907653808594,-35.736244201660156,-216.7176513671875,-2.5189130306243896,-5.758720397949219,24.109519958496094,-0.4553585120885944,-0.37263065696704356,0.8085759203419127,-0.8545454083255303,0.43775156328395853,-0.2795097743410836,-0.24980146232200967,-0.8182419949689458,-0.5177637174339523,-7.595008850097656,0.7100705504417419,1.491659164428711
6.71,2.274842438781761,2.811184744919445,1.9173349569380322,1.5823123454526322,-90.34459686279297,-35.79361343383789,-216.4761962890625,-2.580440044403076,-5.716808319091797,24.177379608154297,-0.4660220213940398,-0.4260247912645778,0.7754523536644831,-0.8461876227682426,0.47061123939572974,-0.24998313628772256,-0.2584375797937366,-0.7726758302046135,-0.5798121064344621,-7.5867791175842285,0.4959055781364441,1.4932218790054321
6.72,1.955875600771027,1.5738218460766884,2.116319801656819,1.8089411655533858,-90.37066650390625,-35.850582122802734,-216.234130859375,-2.631890058517456,-5.6759772300720215,24.231719970703125,-0.47625061374891053,-0.47628468624047826,0.7391469749356994,-0.8378507903663476,0.5008728308493001,-0.21710011607434826,-0.2668171770824981,-0.7226889406721386,-0.6375964939081059,-7.559549808502197,0.4681764841079712,1.4961379766464233
6.73,1.955875600771027,1.5738218460766884,2.116319801656819,1.8089411655533858,-90.397216796875,-35.907135009765625,-215.99159240722656,-2.6765177249908447,-5.634969711303711,24.2733154296875,-0.4871091413267546,-0.5233860445974328,0.6991364192749266,-0.8292016126462147,0.5284458585222181,-0.18212539689903978,-0.27413385420416203,-0.6684399920197548,-0.6914033605991524,-7.5207085609436035,0.42841601371765137,1.4993586540222168
6.74,2.085349144811785,1.4840876858254826,2.55070483214993,2.731412999651946,-90.4241714477539,-35.963279724121094,-215.7487335205078,-2.7129626274108887,-5.59415864944458,24.3002986907959,-0.49771221199361193,-0.5666803877914002,0.6566246204072875,-0.8204981313591788,0.5530498993343671,-0.1446327254888814,-0.2811856512493509,-0.6107447477783455,-0.7402198880012909,-7.424334526062012,0.27891308069229126,1.5007297992706299
6.75,1.9555143542381992,2.79478646745035,2.6049366315048874,2.9357486366747123,-90.45148468017578,-36.019012451171875,-215.505615234375,-2.748140335083008,-5.552174091339111,24.32010269165039,-0.5075826259732203,-0.6059669765897804,0.6125062457581723,-0.8118175918252202,0.5745060639526882,-0.10437902128631926,-0.2886383124486943,-0.5502243231303305,-0.7835439482393696,-7.338236331939697,0.02373998612165451,1.4997875690460205
6.76,3.0623122951839443,1.7891410585546892,2.146214967321762,1.7930912839358246,-90.47914123535156,-36.07432174682617,-215.26231384277344,-2.7855613231658936,-5.509274005889893,24.33879852294922,-0.5162201673292872,-0.6416185041101561,0.5673115846040588,-0.8031572507528262,0.5926863360102328,-0.060508988339974173,-0.2974141378712258,-0.48687637269661255,-0.8212771933422385,-7.389103412628174,-0.25376033782958984,1.4989209175109863
6.77,2.9510878878326468,1.613424621579348,1.5916184287849544,2.056120682243515,-90.50716400146484,-36.12920379638672,-215.01885986328125,-2.817159414291382,-5.4675984382629395,24.347156524658203,-0.5242859717277177,-0.6740571409176314,0.5203567916607521,-0.7942815797829922,0.6074005201668342,-0.013467743630380696,-0.30698695716097973,-0.42037076358734526,-0.8538427426956532,-7.337400436401367,-0.366048127412796,1.4965788125991821
6.78,1.7607932270185147,1.9479246565144628,1.7384996994555222,1.914789654707091,-90.53544616699219,-36.18368148803711,-214.77540588378906,-2.8386669158935547,-5.427811145782471,24.3391170501709,-0.5327530543321386,-0.7021303032139753,0.4724269471658334,-0.7850848421086102,0.618463299638875,0.033836927920457394,-0.31593666104312185,-0.35286850852470086,-0.8807200701133573,-7.1587090492248535,-0.35889723896980286,1.4901082515716553
6.79,1.7607932270185147,1.9479246565144628,1.7384996994555222,1.914789654707091,-90.56390380859375,-36.237754821777344,-214.5321044921875,-2.85152006149292,-5.389585494995117,24.316518783569336,-0.5417363609349168,-0.726024546881721,0.4235682619911282,-0.7756153190719297,0.6259886303193756,0.08098834195006471,-0.3239484404375823,-0.2846517030268109,-0.9022365631595708,-7.10407018661499,-0.3927924931049347,1.4852806329727173
6.8,2.4281715030949993,1.9053968659714497,2.7419028941251935,2.7833103372001773,-90.59245300292969,-36.291465759277344,-214.28909301757812,-2.8578383922576904,-5.353006362915039,24.28340721130371,-0.5509364702488241,-0.746299218061833,0.3735056664497386,-0.7658306674052017,0.6299546013524958,0.1290759043993943,-0.3316208597351352,-0.21492947065285098,-0.9186037927384229,-7.141313552856445,-0.47992077469825745,1.4832136631011963
6.81,1.6108004744527111,1.712129778470722,1.584286589856621,2.7179641839964734,-90.62106323242188,-36.34482955932617,-214.04641723632812,-2.8635616302490234,-5.320409297943115,24.255151748657227,-0.5601948227115343,-0.7629327876517368,0.32266905977044463,-0.7556270370762227,0.6302560982045395,0.17833965211191424,-0.3394253105568315,-0.14391251579324119,-0.92955884501814,-7.12441873550415,-0.6614601016044617,1.4799984693527222
6.82,1.6460014891387789,1.7146783788336575,2.0580783505294593,2.262464221717172,-90.64973449707031,-36.397884368896484,-213.8040008544922,-2.8647396564483643,-5.291039943695068,24.223369598388672,-0.5692379356955645,-0.7757988039716243,0.27222121210745076,-0.744727366087765,0.6268209280231137,0.22907787844360358,-0.348352296913674,-0.07233076764724425,-0.9345688510144813,-7.178047180175781,-0.9093114733695984,1.4740417003631592
6.83,1.495351346838529,1.6516102351778832,1.7943799807209797,1.9727483424675598,-90.6783447265625,-36.45065689086914,-213.56198120117188,-2.859325885772705,-5.263755798339844,24.182191848754883,-0.5781832764038832,-0.785218167024814,0.2216676094089119,-0.7329135377844425,0.619219037019286,0.2817898690961059,-0.3585273281343602,0.00046299794730228494,-0.93351911636224,-7.268890857696533,-1.1543794870376587,1.4678590297698975
6.84,1.495351346838529,1.6516102351778832,1.7943799807209797,1.9727483424675598,-90.70690155029297,-36.503173828125,-213.32037353515625,-2.849231243133545,-5.239269256591797,24.136653900146484,-0.5872503780030593,-0.7910081984996452,0.17158969503326754,-0.71999737168111,0.6073605081244355,0.3357335222213013,-0.3697847729525345,0.07361550840124187,-0.9261965118781592,-7.308046340942383,-1.3746306896209717,1.4624300003051758
6.85,2.3471486682980354,2.441683541762325,2.691081828783531,1.5338853728614579,-90.7353286743164,-36.555458068847656,-213.07925415039062,-2.835367202758789,-5.218060493469238,24.08963394165039,-0.5966583945572528,-0.7931249567792449,0.12227658458708551,-0.7058857215203971,0.5911815497210644,0.3901662766347563,-0.38173827206345196,0.14648268909097,-0.9125890167203901,-7.341314792633057,-1.5728156566619873,1.4565834999084473
6.86,1.5355211011360759,2.4345469764668923,2.939633050126706,1.9793231995983676,-90.76361083984375,-36.607566833496094,-212.83853149414062,-2.819729804992676,-5.205449104309082,24.054481506347656,-0.6065784994824251,-0.7915596838657307,0.07413360131568894,-0.6905722330892673,0.5707918673746842,0.44419211499645417,-0.3939194268524361,0.21824277998894928,-0.8928592129394998,-7.263782024383545,-1.6851441860198975,1.4525985717773438
6.87,2.7602838271135175,1.9404629746254611,1.8639362314216892,1.800755611039791,-90.79171752929688,-36.65959930419922,-212.59811401367188,-2.8018598556518555,-5.202120780944824,24.03147315979004,-0.6171593337289072,-0.7863424150980566,0.027927817835399216,-0.6742661050848925,0.5468243393559096,0.4963349286737959,-0.4055608170483686,0.28748695293130955,-0.8676817824348573,-7.161935329437256,-1.8239750862121582,1.45183527469635
6.88,3.0440978605541273,1.4203276215072127,1.5057644636180472,1.5583470723226778,-90.81964111328125,-36.711631774902344,-212.35789489746094,-2.781170606613159,-5.203982353210449,24.01266098022461,-0.6283980769670333,-0.7777276333312241,-0.015987032781215632,-0.6566771903378424,0.5193490094995198,0.5468561730673475,-0.4170023076124777,0.35414168730168,-0.8370739159482797,-7.052439212799072,-1.9104310274124146,1.4469166994094849
6.89,2.2834266635346014,2.7062240122761088,1.8539467318954814,2.5508016706803756,-90.84734344482422,-36.76369094848633,-212.1178436279297,-2.7582993507385254,-5.208563327789307,23.995622634887695,-0.6402275943532898,-0.76601418289116,-0.057713941454280326,-0.6386245881983432,0.4889892458167467,0.5941785529822377,-0.42692770204930014,0.41726704768667977,-0.8022599006168425,-6.83882999420166,-1.8525556325912476,1.4358059167861938
6.9,2.2834266635346014,2.7062240122761088,1.8539467318954814,2.5508016706803756,-90.87479400634766,-36.81583023071289,-211.87796020507812,-2.7331981658935547,-5.221900939941406,23.989971160888672,-0.6524970131741349,-0.75151054218772,-0.09736299491876974,-0.620633995601203,0.4562465840028679,0.6376931065095498,-0.43481155838238583,0.47651963187935237,-0.7641125238671643,-6.777917385101318,-1.8083155155181885,1.4255602359771729
6.91,1.4358427591661973,2.7893183664462464,2.0674510647645157,1.4731549491044806,-90.90199279785156,-36.868160247802734,-211.63804626464844,-2.7055306434631348,-5.245894908905029,23.997907638549805,-0.6651732848281455,-0.7341546935473371,-0.13624018164018345,-0.6024940804544336,0.41993087171451804,0.6787186059026606,-0.44107299188263716,0.5335493875204997,-0.7216506543392021,-6.902846336364746,-1.8114454746246338,1.4175413846969604
6.92,1.4782871759317535,1.4004881603782438,2.4643067024461267,2.4125055330378666,-90.92890167236328,-36.920753479003906,-211.3980255126953,-2.676950454711914,-5.271413803100586,24.009349822998047,-0.6782422988783833,-0.7138144069700655,-0.1745175533123802,-0.5841628632145494,0.3796671813666879,0.7173608440903743,-0.44580391794279406,0.5884911416453509,-0.6744902096782476,-7.025691509246826,-1.8156068325042725,1.4140011072158813
6.93,2.500083290011312,2.6766464678450728,1.7116748960516077,1.8412145961962274,-90.95552825927734,-36.97359848022461,-211.15785217285156,-2.648074150085449,-5.297755241394043,24.025001525878906,-0.6917986902578798,-0.6905161812895211,-0.21119179798188148,-0.5652829228803935,0.3359060682326173,0.7534071478452428,-0.4492992201832555,0.6405891949618271,-0.6227163833085466,-7.0566816329956055,-2.002021312713623,1.4103833436965942
6.94,1.4850080772054373,1.536186882608706,1.422657166736962,2.3300424732979312,-90.98186492919922,-37.0267333984375,-210.91746520996094,-2.61731219291687,-5.332351207733154,24.052078247070312,-0.7061072559826337,-0.664608542356193,-0.24435226308723226,-0.5447562941947434,0.2893911645716961,0.7870789882871019,-0.4523860331441343,0.6888746179784926,-0.566390887745469,-7.051523208618164,-2.1086010932922363,1.403097152709961
6.95,1.4850080772054373,1.536186882608706,1.422657166736962,2.3300424732979312,-91.00788116455078,-37.08023452758789,-210.67678833007812,-2.586935520172119,-5.368324279785156,24.085433959960938,-0.7207140023195858,-0.6362297050828588,-0.2752872849055379,-0.5240609602696832,0.24008563895917714,0.8171407442336855,-0.4537966910211023,0.7331920951126945,-0.5064562319515439,-7.118612766265869,-2.168644666671753,1.3936370611190796
6.96,1.7086384479972434,1.7483739089957266,2.0848101111943413,2.6657471157827413,-91.03360748291016,-37.13408660888672,-210.43572998046875,-2.558101177215576,-5.402897357940674,24.123825073242188,-0.7358742701318155,-0.6053398829010396,-0.3034018535331049,-0.5023299885271134,0.1875898780896152,0.8440821170150885,-0.4540414531563368,0.7735461613941854,-0.4421229410559952,-7.234068870544434,-2.3523190021514893,1.3818905353546143
6.97,2.3506666475811686,2.3005007474783294,1.9830543006940242,2.247095989777608,-91.05903625488281,-37.188323974609375,-210.1942596435547,-2.5272202491760254,-5.446884632110596,24.173439025878906,-0.7517733757072211,-0.5720830002658451,-0.3279601079164947,-0.4790108231813443,0.13196134733840964,0.8678334137861728,-0.45319468537583346,0.8095104962972753,-0.37323897643686493,-7.327812194824219,-2.59293532371521,1.3695974349975586
6.98,1.5281000028915832,1.6136824721931429,2.449151908774109,2.0486524300484517,-91.08413696289062,-37.24306869506836,-209.9522247314453,-2.493040084838867,-5.503310680389404,24.233989715576172,-0.768447538713133,-0.5368375189248915,-0.3482726784005533,-0.4539640805384215,0.07375532728935451,0.8879621418041121,-0.4510044277239792,0.8404556085665722,-0.30038205039975174,-7.3639960289001465,-2.7529146671295166,1.3572990894317627
6.99,2.675193043647724,1.4243003167377795,1.3684142040836584,1.5309895105842604,-91.10890197753906,-37.298397064208984,-209.70956420898438,-2.4593591690063477,-5.5619988441467285,24.29986000061035,-0.7855350745065716,-0.5001055237461528,-0.3644572839696601,-0.42805957348153706,0.01382890557244646,0.9036447105591185,-0.44687766588940186,0.8658540445648184,-0.22493804755973498,-7.325369358062744,-2.9302921295166016,1.3465181589126587
7.0,2.675193043647724,1.4243003167377795,1.3684142040836584,1.5309895105842604,-91.13333892822266,-37.35429763793945,-209.46621704101562,-2.428532838821411,-5.617037773132324,24.368558883666992,-0.8031225668600419,-0.46255206253749825,-0.3755525689466708,-0.40093238941110954,-0.04670049198738462,0.9149165443739854,-0.4407350243868031,0.8853613123976237,-0.14794588466166098,-7.18232536315918,-3.028085470199585,1.3329665660858154
7.01,2.671842902211675,1.654579522607079,1.400537508715025,1.4601623780652115,-91.15747833251953,-37.41073989868164,-209.22216796875,-2.3992342948913574,-5.671584606170654,24.440052032470703,-0.8203968043417583,-0.4249325823771422,-0.38259820159028946,-0.37435992750693897,-0.10660720987437576,0.921134923602292,-0.43220796857858823,0.8989255827025361,-0.07161751643331436,-6.978210926055908,-2.9710958003997803,1.316456913948059
7.02,2.9317857652411163,2.4689471889346146,1.822898865182591,1.8597328098174528,-91.18132781982422,-37.46773147583008,-208.9774169921875,-2.3700854778289795,-5.728354454040527,24.51317024230957,-0.8369643686296794,-0.3876371310654566,-0.3863005310165445,-0.3491680583919671,-0.16528364578781038,0.9223681387785864,-0.4213932992384978,0.9068730732877847,0.0029860178268482952,-6.77716064453125,-2.8707900047302246,1.3007625341415405
7.03,2.6798173039979667,2.353337073795476,1.8888320537202357,2.892765975688268,-91.20487213134766,-37.525333404541016,-208.73190307617188,-2.3375325202941895,-5.795017242431641,24.58565330505371,-0.8525921571096232,-0.3507957297043187,-0.3873357324807174,-0.32585455107037853,-0.22258118316437273,0.9188451602135529,-0.408540604079792,0.9096152884172309,0.07546258606591813,-6.627399444580078,-2.7295567989349365,1.2874459028244019
7.04,1.962396123014512,2.407319375123164,2.205287645389777,2.144357480057094,-91.22806549072266,-37.58366012573242,-208.48570251464844,-2.300717830657959,-5.87265682220459,24.65424919128418,-0.8672353853467057,-0.3142363814323281,-0.38621015391476604,-0.3045108651070645,-0.2789520546560416,0.9107463336379235,-0.393923748248691,0.9074366356873019,0.14622870025481588,-6.604245662689209,-2.6692254543304443,1.2742185592651367
7.05,1.5770028270810592,2.1119716932418986,2.208769840665462,1.9175885082798612,-91.2508773803711,-37.64278793334961,-208.2388458251953,-2.264500856399536,-5.948930740356445,24.717695236206055,-0.8813244494907179,-0.27767246695905357,-0.3823155971481624,-0.2840824740969563,-0.3351725030101368,0.8983075982851708,-0.37757696253987055,0.9003096102557125,0.21651384029750154,-6.643487453460693,-2.7166428565979004,1.2631884813308716
7.06,1.5770028270810592,2.1119716932418986,2.208769840665462,1.9175885082798612,-91.27336120605469,-37.70262145996094,-207.9913787841797,-2.2318477630615234,-6.016254901885986,24.775978088378906,-0.8950666157104055,-0.24126739862340738,-0.3750277267112592,-0.2640459961404738,-0.390971662401644,0.8817147334149972,-0.359354233817978,0.8882179921395358,0.2862399920987723,-6.661863327026367,-2.8234617710113525,1.2556085586547852
7.07,2.120085683467215,2.169750636823511,2.8411864202349206,1.7037187758980379,-91.2955322265625,-37.763092041015625,-207.74334716796875,-2.2013309001922607,-6.077470779418945,24.827173233032227,-0.908556408438648,-0.20533084527395445,-0.3638193187066183,-0.24407189493988346,-0.4458941826335789,0.8611662371423925,-0.3390489091348312,0.8712161740191788,0.35500452862162885,-6.667474746704102,-2.9633445739746094,1.2485777139663696
7.08,2.5288387920558955,2.0323348969326243,1.5849330318922992,2.2663168951158896,-91.31739044189453,-37.82417678833008,-207.49485778808594,-2.1699094772338867,-6.139337062835693,24.866830825805664,-0.9216981236677269,-0.17028165404102402,-0.3485351160563951,-0.22421901075046635,-0.49932672914584986,0.8368982332270689,-0.31654131491082493,0.849515730200189,0.42204812533284153,-6.567002296447754,-3.09438157081604,1.2419391870498657
7.09,3.0684351130448144,1.5210713133744178,2.2937652586440733,2.9537527592480197,-91.33892822265625,-37.88587188720703,-207.2460479736328,-2.138474941253662,-6.199504852294922,24.893774032592773,-0.9342182768662912,-0.13673284876775732,-0.3294546087655046,-0.20493103592535805,-0.550231454877129,0.8094742840747678,-0.2919580135628027,0.8237411451006026,0.486015477309942,-6.468048095703125,-3.144981622695923,1.2312219142913818
7.1,1.6533593240909283,2.4352233091598694,2.2598566537544134,1.5919150899427463,-91.36015319824219,-37.948158264160156,-206.9970245361328,-2.10634446144104,-6.259563446044922,24.90478515625,-0.9457989801246381,-0.10474617766782124,-0.30739636864994935,-0.1867728387616029,-0.5988986725007891,0.77874019209087,-0.2656693356338413,0.7939449718593689,0.5468740126967998,-6.364246368408203,-3.225069284439087,1.2143172025680542
7.11,1.6533593240909283,2.4352233091598694,2.2598566537544134,1.5919150899427463,-91.38105773925781,-38.01103210449219,-206.7480010986328,-2.0763442516326904,-6.312328815460205,24.903160095214844,-0.956553054897263,-0.07466527121801733,-0.2818356798573483,-0.1692740882375408,-0.6448269343744523,0.7453485813742421,-0.2373868914200257,0.7606729402175326,0.6041722782474807,-6.270964622497559,-3.319993495941162,1.2019250392913818
7.12,2.583608634606496,2.919796029466945,2.950305598680075,1.8421779993249068,-91.40169525146484,-38.074371337890625,-206.49900817871094,-2.0498669147491455,-6.354030609130859,24.891094207763672,-0.9662348468924872,-0.04638835213949721,-0.2534528386829272,-0.15293707249808888,-0.688391085744449,0.709033119764721,-0.20736555284416508,0.723854843082065,0.6580529565622154,-6.239917755126953,-3.3669021129608154,1.195678949356079
7.13,1.6772882607280244,2.778763838435018,2.355319561064177,1.9160628232161119,-91.42205810546875,-38.13811492919922,-206.250244140625,-2.022456645965576,-6.396784782409668,24.857177734375,-0.9746722912352367,-0.020022462273247423,-0.22273981615950508,-0.13811430282769094,-0.7294576010877095,0.6699373460031801,-0.17589304719821822,0.6837329224338113,0.7082167229933539,-6.1488800048828125,-3.3733725547790527,1.1902650594711304
7.14,2.1108761679369823,2.801114119801422,2.293261136433405,1.8065731973374848,-91.44214630126953,-38.20228958129883,-206.0019073486328,-1.9962902069091797,-6.4348978996276855,24.805883407592773,-0.9817340653640083,0.004225707124160531,-0.19021137795399673,-0.12509879925020995,-0.7675875509606738,0.6286172460538695,-0.1433475333935434,0.6409301795121651,0.7540954778146406,-6.106510639190674,-3.383497714996338,1.1853272914886475
7.15,1.9569707012238433,1.869647111671966,1.5369439511226826,1.8360385046564087,-91.46199035644531,-38.26678466796875,-205.754150390625,-1.9730470180511475,-6.4635090827941895,24.7421875,-0.9874179420421375,0.026466622593930594,-0.15590165368507217,-0.11383169901568255,-0.8033027795382447,0.5845913005556387,-0.10976407441632616,0.5949824890487119,0.7962083180254566,-6.12305212020874,-3.379335880279541,1.1798152923583984
7.16,1.9569707012238433,1.869647111671966,1.5369439511226826,1.8360385046564087,-91.48161315917969,-38.33151626586914,-205.50711059570312,-1.9530755281448364,-6.480594158172607,24.66999626159668,-0.9916423491339088,0.0465644333370439,-0.12032125727477726,-0.10455990166238605,-0.8363986986166163,0.5380561717114516,-0.07558226226129582,0.546140064910487,0.8342771428794115,-6.120826721191406,-3.363330602645874,1.1706843376159668
7.17,2.536942858428021,1.8279057676576362,1.9739640078083953,1.3939845319185087,-91.50106048583984,-38.39635467529297,-205.2607879638672,-1.9359925985336304,-6.486734867095947,24.590164184570312,-0.9944255390503262,0.06437441502902408,-0.08350917299398403,-0.09719622762373784,-0.8666680543287651,0.48932543050786476,-0.04087469412953122,0.4947144815908097,0.8680937973998856,-6.11681604385376,-3.3647568225860596,1.1586651802062988
7.18,2.2935544311465366,1.7053409785135807,1.6550471028421931,2.7431972164946883,-91.52033996582031,-38.461238861083984,-205.0153350830078,-1.920669674873352,-6.487056732177734,24.496049880981445,-0.995762431647662,0.07977901220244871,-0.04574373105833138,-0.09177583598290234,-0.8937918017994956,0.4389913563678113,-0.00586307502722043,0.4413292696479725,0.8973260834853808,-5.9968791007995605,-3.329721212387085,1.1468373537063599
7.19,1.7442255585274067,1.941559617821985,2.8169615255593023,2.2780740911568387,-91.53947448730469,-38.526092529296875,-204.77090454101562,-1.9071919918060303,-6.483245849609375,24.385482788085938,-0.9956640710597235,0.09272046921331469,-0.0074814563849717325,-0.08834125148781395,-0.9173115969545196,0.38824638746331636,0.029135560511929066,0.38722389993595635,0.921525241342875,-5.908182621002197,-3.35478138923645,1.132757544517517
7.2,1.9258996385704952,1.7807604772719081,1.4292104876256633,2.140810008994745,-91.5584945678711,-38.59088897705078,-204.5276641845703,-1.896095871925354,-6.4749531745910645,24.260150909423828,-0.9941312787418763,0.10320067641456772,0.032444121418494204,-0.08635932566086958,-0.9377002819049911,0.3365415994891278,0.06515418250920028,0.3317646782026024,0.9411095211497342,-5.867401599884033,-3.5344083309173584,1.120402216911316
7.21,2.5394565330993473,2.6792569938702506,1.473862187526501,1.526177346016734,-91.57740783691406,-38.65556335449219,-204.28570556640625,-1.8875291347503662,-6.458861351013184,24.13097381591797,-0.9909927770701893,0.11114352853284407,0.07470228818438764,-0.08566543163697751,-0.954902352731852,0.28429373994097057,0.10293080013856278,0.2753336390861871,0.9558224927100181,-5.8504557609558105,-3.682408571243286,1.108411431312561
7.22,2.5394565330993473,2.6792569938702506,1.473862187526501,1.526177346016734,-91.59625244140625,-38.72004318237305,-204.04505920410156,-1.881726622581482,-6.436502456665039,23.996862411499023,-0.9862133548507133,0.11639817215103365,0.11762093450572118,-0.08681611003393852,-0.9690585447523234,0.23105951588515877,0.14087647693165775,0.21766258833894075,0.9658037149881525,-5.863455772399902,-3.5953941345214844,1.0957509279251099
7.23,2.060558002594165,2.4714343777817875,1.5790012008837293,2.195062167401891,-91.61504364013672,-38.784278869628906,-203.8057861328125,-1.879175066947937,-6.4095940589904785,23.854816436767578,-0.9801172066615629,0.11900610378378168,0.1587696711218436,-0.09032801336288573,-0.9800585666336492,0.17699168333543477,0.1766666669404529,0.1591312452983394,0.9713218496265541,-5.86004638671875,-3.3605945110321045,1.0850119590759277
7.24,2.3262948748571493,2.105540578444221,2.087002440718568,2.1294116384784747,-91.6338119506836,-38.84821701049805,-203.56797790527344,-1.879676342010498,-6.377709865570068,23.708789825439453,-0.9730063614532262,0.11906249260773417,0.19769355939328667,-0.09605902390877198,-0.9878511654916923,0.12215866224872887,0.20983632787781933,0.09987090512625929,0.9726224950164445,-5.921285629272461,-3.206731081008911,1.074548602104187
7.25,1.9687751033073675,2.4024640904623413,3.0264441869866667,2.8306496099101297,-91.65262603759766,-38.91182327270508,-203.33169555664062,-1.8834800720214844,-6.341177940368652,23.559295654296875,-0.9648414666020405,0.11652975882869401,0.23558811437029314,-0.10364175657689093,-0.9923950511669478,0.06641120924217406,0.24153536101134426,0.03965952252205954,0.9695812455150121,-5.950176239013672,-3.1825404167175293,1.0636248588562012
7.26,2.205503272693901,2.6065265484393842,2.5589851582480483,1.3830616670468254,-91.67150115966797,-38.97503662109375,-203.09693908691406,-1.8924933671951294,-6.3004536628723145,23.40157127380371,-0.9554023093343486,0.1115868004200974,0.27341326465736543,-0.11291499815179117,-0.9935445807345648,0.010925625170145803,0.27286742295659666,-0.020434090754982828,0.96183461022363,-5.9328413009643555,-3.3239963054656982,1.054155707359314
7.27,2.205503272693901,2.6065265484393842,2.5589851582480483,1.3830616670468254,-91.69048309326172,-39.037818908691406,-202.86370849609375,-1.9049172401428223,-6.255306243896484,23.246288299560547,-0.9443260386168705,0.10428002011748558,0.31204808955426405,-0.12390829491610356,-0.9913313306549293,-0.04369127273164845,0.30478692104674227,-0.07992415320930331,0.9490611479207349,-5.854729652404785,-3.41723895072937,1.047656774520874
7.28,2.516915709253025,2.6212212675355806,2.0097123501142553,1.9378720690573847,-91.7095947265625,-39.10013198852539,-202.6320037841797,-1.9192181825637817,-6.206447124481201,23.10073471069336,-0.9320349243638401,0.09495313422461582,0.3497067372342332,-0.13663133071512615,-0.9859153951856036,-0.09645057284966672,0.3356229718495215,-0.1376761992391464,0.9318811538656409,-5.706538677215576,-3.3726541996002197,1.0432711839675903
7.29,2.6466172926625546,1.8617303002578227,1.9467362549546696,1.9982667966061576,-91.7288818359375,-39.16193771362305,-202.4016876220703,-1.9371974468231201,-6.154342174530029,22.960657119750977,-0.9188457405015142,0.08380677298372366,0.385615002255201,-0.15090907448250282,-0.9775363621690878,-0.1471363716966704,0.36462166200194207,-0.1933884315032338,0.9108523251107506,-5.611900329589844,-3.285120725631714,1.0368626117706299
7.3,2.5170608357804545,1.8797752645533754,1.5778025593788385,2.887956639740113,-91.74835205078125,-39.22321319580078,-202.17274475097656,-1.9578412771224976,-6.0998358726501465,22.82965660095215,-0.9049821355470724,0.07078097251797207,0.41952042652303617,-0.16651346350074786,-0.966330052749844,-0.19616191176033299,0.3915106650062617,-0.2473788250475243,0.8862974196647878,-5.515890598297119,-3.216723918914795,1.0263911485671997
7.31,1.8063670220701913,2.59250241598853,2.413778766824765,3.059063318881787,-91.76805114746094,-39.2839241027832,-201.94505310058594,-1.981420874595642,-6.043229579925537,22.708009719848633,-0.8903257528496143,0.05604297736040263,0.45186196841662696,-0.18336269774612457,-0.9524991796328693,-0.24315310788467054,0.4167711301038386,-0.2993401033728897,0.8583107407138029,-5.482265949249268,-3.2281484603881836,1.0118407011032104
7.32,2.576641545488358,2.9574229465437876,2.913894055850598,2.1166524305364676,-91.78800964355469,-39.344058990478516,-201.71856689453125,-2.010972261428833,-5.9832587242126465,22.591144561767578,-0.8745074245326849,0.039045084413774564,0.4834379441255427,-0.2015844295757629,-0.9358433313486416,-0.28906915595215377,0.441135446535216,-0.35024668528538216,0.8262728225330771,-5.601774215698242,-3.355297803878784,0.9988028407096863
7.33,2.576641545488358,2.9574229465437876,2.913894055850598,2.1166524305364676,-91.80830383300781,-39.4035758972168,-201.49322509765625,-2.0477182865142822,-5.919247627258301,22.479473114013672,-0.8571609232324957,0.019477058628185148,0.514680285099798,-0.22144686520491835,-0.9161420143673631,-0.3341333497300508,0.4650122983041737,-0.40038038625550076,0.7895942684238315,-5.644917011260986,-3.4445371627807617,0.9906182885169983
7.34,2.6534883872506416,2.4580284164479407,1.3755441427649289,2.690694338101518,-91.82898712158203,-39.46243667602539,-201.26895141601562,-2.089961051940918,-5.852315902709961,22.3780574798584,-0.8388236932463468,-0.0018498828788990201,0.5444000271692618,-0.24264284744674885,-0.8939046659358972,-0.37690701346746736,0.4873389582533828,-0.4482533057896687,0.7493795524413122,-5.564446449279785,-3.4408962726593018,0.9847427606582642
7.35,2.879142946598147,1.3738447539050425,2.9671773935224257,2.2824732196701385,-91.85010528564453,-39.520626068115234,-201.04562377929688,-2.1324872970581055,-5.786264419555664,22.294984817504883,-0.8198562652543441,-0.02474639274621873,0.5720343699195433,-0.26486989971971375,-0.8693475486372558,-0.41722748699104556,0.5076215524834103,-0.49358125544275305,0.706185459868644,-5.586173057556152,-3.385748863220215,0.9741315841674805
7.36,1.6802135970477328,1.4042404534710744,1.7948687538360073,1.8383689029025179,-91.87164306640625,-39.578163146972656,-200.82301330566406,-2.1757755279541016,-5.721042633056641,22.22919273376465,-0.8003958296658453,-0.04944274350142887,0.5974294359743041,-0.2879452212966768,-0.8423899600528373,-0.45548513118935857,0.5257889932148933,-0.5365953506295328,0.6600086092596352,-5.4606146812438965,-3.435478687286377,0.9601321220397949
7.37,2.6525391516644357,1.544059655745391,1.4370650616510734,1.606272568113201,-91.89360809326172,-39.63506317138672,-200.60096740722656,-2.2145678997039795,-5.6610870361328125,22.18558692932129,-0.7795887409870647,-0.0744775011343078,0.6218476475399681,-0.31243824715787477,-0.8142779721195493,-0.4892174627236737,0.5427925355410832,-0.5756774148302707,0.611532319191078,-5.262973785400391,-3.5783233642578125,0.9477460384368896
7.38,2.6525391516644357,1.544059655745391,1.4370650616510734,1.606272568113201,-91.91592407226562,-39.69139862060547,-200.37924194335938,-2.2501461505889893,-5.60594367980957,22.161521911621094,-0.7575768259356958,-0.10017027147615992,0.6450141622612555,-0.33814589690978925,-0.7850014199261602,-0.5190665883265716,0.5583320743144451,-0.6113417108510631,0.5608267177706713,-5.1198930740356445,-3.589203357696533,0.9344800114631653
7.39,2.30653638178595,2.159490863608989,2.2052843007695753,2.21049964615141,-91.9386215209961,-39.74718475341797,-200.15768432617188,-2.2885141372680664,-5.551079750061035,22.15023422241211,-0.7354146231451827,-0.1262346094978327,0.6657553270002114,-0.3641389879339402,-0.7549540083654455,-0.5453872410676589,0.5714613981107337,-0.6435132233434496,0.5092372746092423,-4.942327976226807,-3.486074686050415,0.9200833439826965
7.4,1.508199692017165,2.4722008307741365,2.516228416854826,2.153296970329729,-91.96172332763672,-39.80241012573242,-199.93618774414062,-2.3343119621276855,-5.492552280426025,22.147817611694336,-0.7133854851270349,-0.15250467459872186,0.6839762231507782,-0.39013088337791346,-0.7243632032424749,-0.5684152035467296,0.5821331835970478,-0.6723394038830679,0.45725341173284534,-4.822809219360352,-3.442171573638916,0.9081964492797852
7.41,2.4493512755658493,2.924551519122593,2.63452125116412,2.9931766959826565,-91.98532104492188,-39.85702896118164,-199.71466064453125,-2.386388063430786,-5.431121349334717,22.15521812438965,-0.6908624249806048,-0.17945025394424924,0.7003618465545242,-0.41662079947769476,-0.6928850173448031,-0.5885044283449858,0.5908774993113927,-0.6983609089134619,0.4039255150508306,-4.817697525024414,-3.5180070400238037,0.9012880921363831
7.42,1.954483608279279,2.7973529122251013,1.6787106368574745,2.02931396432392,-92.00948333740234,-39.911014556884766,-199.4930419921875,-2.448293685913086,-5.363644123077393,22.171001434326172,-0.6673038971923289,-0.20768501723823737,0.7152429254502856,-0.44404667000518927,-0.6600436729070391,-0.6059413376826902,0.5979365046969721,-0.7219482553965614,0.3482278749333963,-4.891196250915527,-3.6210203170776367,0.8946478366851807
7.43,1.954483608279279,2.7973529122251013,1.6787106368574745,2.02931396432392,-92.03428649902344,-39.96430969238281,-199.2711944580078,-2.511013984680176,-5.297615051269531,22.199989318847656,-0.643061497332513,-0.2375768041258865,0.7280310246066414,-0.47206656520871165,-0.6255913128649211,-0.6211188833709642,0.6030133237835754,-0.7430967443134671,0.2901416204721587,-5.017458915710449,-3.613852024078369,0.8866066336631775
7.44,1.4916432299068452,1.9397117730179887,2.7737978456127257,1.973068106275694,-92.0596923828125,-40.01698684692383,-199.04898071289062,-2.568507432937622,-5.237900257110596,22.243797302246094,-0.6191297748933096,-0.26935875397402853,0.7376477367267648,-0.4998467777365301,-0.5893020942130867,-0.6347253268481401,0.605666179200199,-0.761688193038089,0.23021636770525927,-5.173842906951904,-3.5207231044769287,0.8788778185844421
7.45,2.290195905451207,1.5300514093888982,1.9363209189139896,2.7571025326355243,-92.0856704711914,-40.06907653808594,-198.82627868652344,-2.6253483295440674,-5.180206775665283,22.298887252807617,-0.5955173181330327,-0.30268266382547404,0.7441386489244834,-0.5274235880123306,-0.5513925515406202,-0.6463672430698543,0.6059566672723717,-0.7773991633164007,0.16872183694803855,-5.215292453765869,-3.5806868076324463,0.8725895881652832
7.46,1.8827221705353345,2.7914421193540555,2.626819562167543,1.4933940385778055,-92.1122055053711,-40.1205940246582,-198.60296630859375,-2.683286666870117,-5.1226983070373535,22.363615036010742,-0.5708734874130419,-0.33640001032468186,0.7489582728179356,-0.5559335474380707,-0.5129004786008684,-0.6541184830624514,0.6041865210361728,-0.7897899290979558,0.10578523381669211,-5.177140235900879,-3.760422706604004,0.8618110418319702
7.47,1.7559527842442215,2.6790997139669517,2.1762013409706116,1.3816828867281923,-92.13933563232422,-40.17152786254883,-198.37896728515625,-2.743875026702881,-5.0638346672058105,22.436708450317383,-0.5452765052159833,-0.3703333053319069,0.7520151433457896,-0.585183514723931,-0.47417054816792736,-0.65781649823144,0.6001947908427652,-0.7987587459377655,0.04184111414789849,-5.130467414855957,-3.83211612701416,0.8528295159339905
7.48,3.0015073561364627,2.2923147574849048,2.6872238230868852,1.414732642114497,-92.16707611083984,-40.22188186645508,-198.15420532226562,-2.8031134605407715,-5.006830215454102,22.51727294921875,-0.5198579489450992,-0.4042372302916006,0.7525556288838521,-0.6141702036018908,-0.43544750400182164,-0.6581644416604375,0.5937530411932276,-0.8043492605235358,-0.02189961572800677,-5.092815399169922,-3.7870569229125977,0.8491587042808533
7.49,3.0015073561364627,2.2923147574849048,2.6872238230868852,1.414732642114497,-92.1954116821289,-40.27165985107422,-197.92860412597656,-2.8648324012756348,-4.947922229766846,22.603904724121094,-0.4953052195009798,-0.4377506875993037,0.750364628058535,-0.6422774220299673,-0.3970702035331839,-0.6556027506170604,0.5849379904619172,-0.8066657231917401,-0.08448643880482407,-4.915347099304199,-3.6853675842285156,0.8438067436218262
7.5,2.0750035129369655,2.7803038342915274,1.6193575179489128,1.8666418086246792,-92.2243881225586,-40.32082748413086,-197.70211791992188,-2.9303979873657227,-4.8855180740356445,22.695514678955078,-0.4720113621468329,-0.46928878003584895,0.7463064484089335,-0.6691095263426843,-0.36049653798794,-0.6498728243711829,0.5740189158570996,-0.8061081112550439,-0.143847131382818,-4.590471267700195,-3.556151866912842,0.8372223377227783
7.51,1.8966794605102706,2.8445284555954027,2.066044619798897,2.890719008531848,-92.2540054321289,-40.36937713623047,-197.4746856689453,-2.9921762943267822,-4.825995445251465,22.789592742919922,-0.45013575981850507,-0.49887149515554524,0.7406112536640851,-0.6944776753728372,-0.32577659696336103,-0.6415375026292007,0.5613185870264382,-0.8031169529976581,-0.19981142026020532,-4.473520755767822,-3.408588171005249,0.8309956192970276
7.52,1.7994319252681437,1.5236689974012587,2.9373246591313387,2.3968254865441097,-92.28423309326172,-40.41733932495117,-197.24630737304688,-3.054295778274536,-4.7654290199279785,22.885696411132812,-0.429591862362792,-0.5286406609386625,0.7321132995609367,-0.7184656942313918,-0.291047984100008,-0.6317421286917042,0.5470446764243959,-0.7973895676227871,-0.2547783339337793,-4.629536151885986,-3.359462022781372,0.8241357803344727
7.53,1.7779105393868893,1.5597317485481235,2.750622713274905,1.7358060253307404,-92.3150863647461,-40.464683532714844,-197.0169677734375,-3.1152496337890625,-4.704648971557617,22.98217010498047,-0.40916488077577373,-0.5592230014360277,0.7210088314331715,-0.7421465945365829,-0.25575104187323683,-0.6195238791188815,0.5308507629809902,-0.7885816630163514,-0.31038110154593174,-4.672817707061768,-3.537327527999878,0.8165252804756165
7.54,1.7779105393868893,1.5597317485481235,2.750622713274905,1.7358060253307404,-92.34651184082031,-40.51144790649414,-196.78668212890625,-3.168855905532837,-4.64867639541626,23.07522201538086,-0.38760721227500217,-0.5888834708963108,0.7092086482111704,-0.7665117646281862,-0.22148260402945286,-0.6028309637028584,0.5120745684751253,-0.7772784017438326,-0.36553785372183784,-4.50806188583374,-3.784449815750122,0.8096659183502197
7.55,1.731815709266816,2.4244058485550766,2.191975059869317,2.7605952584405684,-92.37844848632812,-40.55767059326172,-196.55548095703125,-3.2175543308258057,-4.595325946807861,23.16408348083496,-0.3651209460904894,-0.6167880042656944,0.6973229183957227,-0.791209803163758,-0.18912720365707117,-0.5815650851060644,0.49058510179534925,-0.7640703230925793,-0.4189544119181087,-4.287590026855469,-3.991908073425293,0.8036520481109619
7.56,2.063428086068888,2.9146463712424935,2.534634120635703,1.7127058880307746,-92.41087341308594,-40.60335159301758,-196.32339477539062,-3.2678871154785156,-4.539119720458984,23.251205444335938,-0.34193121015183664,-0.6432565030839075,0.6850577484886685,-0.8158416117754042,-0.15857522148410258,-0.5561082301377842,0.46635341965060306,-0.7490493777926333,-0.47057360487883043,-4.251543045043945,-4.167891502380371,0.7963712215423584
7.57,2.854458779700523,2.2110349860069114,2.7983980029917523,2.6751575023478815,-92.44380950927734,-40.6484489440918,-196.0904541015625,-3.3198869228363037,-4.480096817016602,23.336069107055664,-0.31859492121989974,-0.6697004226636416,0.6708193647003834,-0.8397913673425428,-0.12878317784119886,-0.5274138341398196,0.4395995171856183,-0.7313796804596517,-0.5213789672598133,-4.297781467437744,-4.213914394378662,0.7905178070068359
7.58,1.899018812914497,2.4997983807501907,1.6361906404338953,2.4556073646338117,-92.4772720336914,-40.69294738769531,-195.85667419433594,-3.37390398979187,-4.418045520782471,23.41893768310547,-0.29603208430288674,-0.6955852481997189,0.6546191011192876,-0.8622776146263313,-0.10021144431451466,-0.4964221809535943,0.4109042715494848,-0.7114202899238498,-0.5701217858554898,-4.218669891357422,-4.236873626708984,0.7830336689949036
7.59,1.899018812914497,2.4997983807501907,1.6361906404338953,2.4556073646338117,-92.51126861572266,-40.736820220947266,-195.62208557128906,-3.422247886657715,-4.35886812210083,23.49293327331543,-0.2740250188879617,-0.720528420732159,0.636984367108545,-0.8833893166102325,-0.07324725496846395,-0.46288028143191823,0.3801757545167225,-0.6895459626136653,-0.6164355287626072,-4.242785930633545,-4.268645286560059,0.7725950479507446
7.6,2.05148035778842,2.5616797929698656,2.9630646345332154,2.7031480983428895,-92.54570007324219,-40.78013610839844,-195.3868408203125,-3.461970329284668,-4.30458402633667,23.554412841796875,-0.25289638909728024,-0.7456247227157635,0.6165121160663413,-0.9028493303707783,-0.04713958401155875,-0.42736512055647946,0.347716124202767,-0.6646966469708253,-0.6612653510317532,-4.415435314178467,-4.262834072113037,0.7619253396987915
7.61,2.437065383204167,2.8702395826691403,1.3785084108522159,2.082980808539176,-92.58052062988281,-40.822898864746094,-195.1510009765625,-3.5023515224456787,-4.248394966125488,23.612327575683594,-0.2326897992412575,-0.7708938832821702,0.5929401976988906,-0.9206430888718581,-0.021919483981396252,-0.38978948053336904,0.3134832694762954,-0.6365863310974604,-0.7046176855702155,-4.518350124359131,-4.347286224365234,0.7527830004692078
7.62,2.2057187381536867,1.887370564334459,2.9471808934931825,2.132048223539965,-92.61573028564453,-40.8651008605957,-194.91461181640625,-3.5388829708099365,-4.193418025970459,23.661739349365234,-0.21323438340021225,-0.7956473464133568,0.5669888869116527,-0.9368567567243254,0.001871857111269375,-0.3497083263677504,0.2771831797131804,-0.6057572090337338,-0.7458067367540683,-4.608417987823486,-4.317159175872803,0.7430455088615417
7.63,2.4681760580460717,1.9558106380157028,2.712443863523909,1.8954353970149382,-92.6512680053711,-40.90677261352539,-194.67779541015625,-3.5688934326171875,-4.14146089553833,23.699522018432617,-0.19550499277716335,-0.8196808920344694,0.5384245843502856,-0.9508715762363569,0.02405263505283565,-0.3086498278839649,0.24004383621536163,-0.5723152155766886,-0.7841136720619152,-4.576127529144287,-4.308911323547363,0.7331945300102234
7.64,2.791378128507022,2.4415068328256053,2.120008517851361,2.785944839350425,-92.68708801269531,-40.947933197021484,-194.44065856933594,-3.5945820808410645,-4.091233730316162,23.72856903076172,-0.17871630360565982,-0.8417967050025849,0.509351342662725,-0.9631438912323483,0.04390382118556013,-0.2653795381470029,0.20103315051836554,-0.5380062842868079,-0.8186176827192059,-4.372477054595947,-4.402388572692871,0.7242605686187744
7.65,2.791378128507022,2.4415068328256053,2.120008517851361,2.785944839350425,-92.72315216064453,-40.98860168457031,-194.20326232910156,-3.618161916732788,-4.042062282562256,23.752883911132812,-0.16295675437058924,-0.8618334648710082,0.4803000885211619,-0.9735074085879043,0.061308436458620046,-0.22028300216644614,0.16040081555112687,-0.5034722975968309,-0.8489918868417421,-4.260461807250977,-4.42867374420166,0.7128574252128601
7.66,2.744839903953931,1.9283260871064598,2.68706956589448,2.448495423608679,-92.75944519042969,-41.02878189086914,-193.9656219482422,-3.6394968032836914,-3.9946064949035645,23.773151397705078,-0.1485233900272851,-0.8805499298590264,0.4500806856998716,-0.9817462005029723,0.07661206817066933,-0.17408328124374947,0.11880740891367261,-0.46772044218301634,-0.8758552320739672,-4.262477874755859,-4.4168195724487305,0.6991351842880249
7.67,1.634050683254353,1.806156015423578,2.028514014736073,1.4993915452198325,-92.79592895507812,-41.068504333496094,-193.72781372070312,-3.6558358669281006,-3.950488567352295,23.7852725982666,-0.1354521253138815,-0.8979702027556652,0.41869109939298,-0.9878344053292699,0.08981498663006614,-0.12695060387571555,0.07639312400812218,-0.430793202290369,-0.8992114920666266,-4.174631595611572,-4.4541401863098145,0.6859736442565918
7.68,2.44708374551453,2.9428615679369887,2.835048698428073,1.7448769692998176,-92.83253479003906,-41.10781478881836,-193.48995971679688,-3.661808490753174,-3.9113876819610596,23.777618408203125,-0.12353552973153989,-0.9136284602767564,0.38732674767729613,-0.9917984303152623,0.10077944874882185,-0.07860900924236389,0.03278485196139028,-0.3938610659638848,-0.9185851153810749,-4.044450283050537,-4.514395713806152,0.6762248277664185
7.69,2.9369178209121536,1.8504049768509,1.9457466519042532,1.9372488483537458,-92.86915588378906,-41.14674377441406,-193.25222778320312,-3.6645028591156006,-3.8754749298095703,23.76576042175293,-0.11295489502806522,-0.9276666067493826,0.35591552145317396,-0.9935326484306228,0.10962657881136273,-0.029578534793799544,-0.011578781957991058,-0.3569547309396558,-0.9340499193662868,-3.932847261428833,-4.493721961975098,0.670819103717804
7.7,2.9369178209121536,1.8504049768509,1.9457466519042532,1.9372488483537458,-92.90577697753906,-41.185333251953125,-193.0146484375,-3.6655142307281494,-3.842740535736084,23.75400733947754,-0.10403804027567694,-0.9400770124702144,0.3247018583264852,-0.9930126804142417,0.11646517453729881,0.019017877287422574,-0.05569472786646473,-0.3204544799890817,-0.9456252024680856,-3.7711668014526367,-4.404837131500244,0.662593424320221
7.71,2.215402832579037,2.1635526664013964,1.87127627534602,1.9377930486006982,-92.94239807128906,-41.22361373901367,-192.77719116210938,-3.6617772579193115,-3.813704013824463,23.73488426208496,-0.09677465330710495,-0.9507886999565116,0.29433911481876823,-0.9903679197528363,0.12141010209765883,0.06656553637638239,-0.09902550177468968,-0.28506216013992886,-0.9533800474389154,-3.5728864669799805,-4.299862861633301,0.6504433155059814
7.72,3.0535177233839965,2.1145073018407636,1.684967597412708,2.822405457949446,-92.9789810180664,-41.261619567871094,-192.5399627685547,-3.6542530059814453,-3.788147211074829,23.71064567565918,-0.0910430564236496,-0.959973292734334,0.2648819342911872,-0.9857559973271429,0.12464361756227763,0.11291183434236846,-0.1414081879192642,-0.25082911680622194,-0.9576473664933248,-3.456481695175171,-4.214684009552002,0.6401235461235046
7.73,1.486851938867745,1.543105313195929,2.967992474915339,2.7109215615827185,-93.0154800415039,-41.29939270019531,-192.30296325683594,-3.6452796459198,-3.7669355869293213,23.6895751953125,-0.08670242686278981,-0.9680189867347544,0.23541862818630416,-0.9792903917298037,0.1262115454556945,0.15830658375245274,-0.18295632768994285,-0.21681763561736375,-0.9589145400104775,-3.4343526363372803,-4.1438093185424805,0.6279237866401672
7.74,2.1681407472265977,2.5229361214712585,1.5528102744130472,2.9952227065944483,-93.0518798828125,-41.336971282958984,-192.06617736816406,-3.634122610092163,-3.7498838901519775,23.669479370117188,-0.0835200397552294,-0.9750442432544486,0.20570154752855974,-0.9709350115191155,0.12608678784057611,0.2034387508279099,-0.22429803023134148,-0.18273162186224085,-0.9572353670889596,-3.4060540199279785,-4.300289154052734,0.61711186170578
7.75,2.9355283397618654,2.046831193632565,1.6498489728234729,2.1313882923506826,-93.0881576538086,-41.3744010925293,-191.82958984375,-3.620309829711914,-3.7369136810302734,23.648868560791016,-0.0810901229548125,-0.9810862447419474,0.17576738132349018,-0.9601486197386636,0.12421487347873311,0.2503703121789832,-0.26746779240333324,-0.14846024917399991,-0.9520612030967764,-3.5061659812927246,-4.47572660446167,0.6070169806480408
7.76,2.9355283397618654,2.046831193632565,1.6498489728234729,2.1313882923506826,-93.12428283691406,-41.411720275878906,-191.5931854248047,-3.6041526794433594,-3.7282700538635254,23.629077911376953,-0.07984575552168448,-0.9863102048783763,0.1442804043449672,-0.9471777238595644,0.12017397721927449,0.29734252071225264,-0.31061071254769446,-0.11291764677001172,-0.9438064368812795,-3.57586932182312,-4.426593780517578,0.5939404368400574
7.77,1.4761383601654658,3.0358536294011866,2.1319855192690156,1.6734999887518263,-93.16023254394531,-41.448974609375,-191.3570098876953,-3.5855507850646973,-3.7236123085021973,23.60966682434082,-0.08004560655924171,-0.9903975751560601,0.11271798434837323,-0.9325395186165448,0.11434770714872415,0.34248306248375704,-0.35208343768059647,-0.07769971039088017,-0.9327379095524034,-3.5075767040252686,-4.287307262420654,0.5802977085113525
7.78,2.6354263893092025,2.3665481015765937,2.3186853889319643,1.6281062798324064,-93.19599151611328,-41.4862060546875,-191.1210174560547,-3.5647616386413574,-3.722515821456909,23.590953826904297,-0.08165391757850216,-0.9933336361593794,0.08136906671744859,-0.9165291409121252,0.10691171308582648,0.38541434776605754,-0.3915443418094109,-0.04310652942930274,-0.9191489843967603,-3.538057804107666,-4.169491767883301,0.5735059976577759
7.79,2.4662617531926374,1.4906640023226767,1.7622378624782025,1.6567679545278993,-93.23152923583984,-41.52344512939453,-190.88519287109375,-3.542271614074707,-3.7260801792144775,23.576696395874023,-0.08464568499983345,-0.995181570667509,0.049484840250915485,-0.8992284003141874,0.09768848600441764,0.4264331644824921,-0.4292125255386851,-0.00840244642436666,-0.9031644406279452,-3.5155787467956543,-4.05785608291626,0.56981360912323
7.8,1.8781596699280203,1.9524494975688373,1.5233564734158864,3.035026438052162,-93.26683807373047,-41.560733795166016,-190.6494903564453,-3.5179717540740967,-3.731642484664917,23.562170028686523,-0.0889214888482622,-0.9958626013700472,0.018725597813980116,-0.880842957149569,0.0873999498268661,0.4652708174926342,-0.4649824229592031,0.024878262856233402,-0.8849702923693229,-3.350907325744629,-3.963151454925537,0.5619990825653076
7.81,1.8781596699280203,1.9524494975688373,1.5233564734158864,3.035026438052162,-93.30189514160156,-41.598087310791016,-190.41392517089844,-3.4923017024993896,-3.7403767108917236,23.55074119567871,-0.09430751499662453,-0.9954849495995549,-0.010761400277508049,-0.8612232380762527,0.07615619178719298,0.5024885756412043,-0.4994002671331038,0.05665641687614553,-0.8645168729493605,-3.366206645965576,-3.986684560775757,0.5508052110671997
7.82,2.288071148270537,1.4731996503755516,1.9433455163055,1.55216100689341,-93.33668518066406,-41.63555908203125,-190.17848205566406,-3.4654664993286133,-3.7547290325164795,23.54741859436035,-0.10077216675040991,-0.9940528572687326,-0.04127817055413863,-0.8397989486860105,0.06274183419122636,0.5392598520455536,-0.5334629286035716,0.08900774796718341,-0.841127175049951,-3.569814682006836,-4.096806526184082,0.5378150343894958
7.83,2.149131781589297,1.5573648147566732,1.4835513139640701,1.6994648140756299,-93.37120819091797,-41.67318344116211,-189.9430389404297,-3.4377050399780273,-3.770462989807129,23.54570198059082,-0.10841167154835205,-0.9914358888707041,-0.07281337604622484,-0.8164563572334892,0.04701264460653366,0.5754900763524256,-0.5671383660140734,0.12183878490142816,-0.8145608536436245,-3.5831940174102783,-4.149972915649414,0.5260862112045288
7.84,2.1377640085011773,1.8903625992357052,2.7507230772725872,2.442612437745569,-93.40544128417969,-41.71096420288086,-189.7075958251953,-3.409491777420044,-3.7863118648529053,23.544889450073242,-0.11721080564391562,-0.9877551167207517,-0.10296337422733429,-0.7917033714537576,0.0303444864257063,0.6101516072029257,-0.5995560012784941,0.15303281195722038,-0.7855657577793268,-3.463855266571045,-4.121587753295898,0.5155865550041199
7.85,3.0062577568091866,2.807436956439499,2.741355066705533,2.4130731759198887,-93.43939208984375,-41.748939514160156,-189.47210693359375,-3.3796253204345703,-3.811220645904541,23.557268142700195,-0.12710100079841108,-0.9831246024375535,-0.13157260990815878,-0.7656788108454922,0.012923167146449317,0.643093267242892,-0.6305404778586978,0.18248015736760842,-0.7544002239851322,-3.3634226322174072,-4.184711933135986,0.5065813064575195
7.86,3.0062577568091866,2.807436956439499,2.741355066705533,2.4130731759198887,-93.47303009033203,-41.78723907470703,-189.23638916015625,-3.3465185165405273,-3.8516361713409424,23.589231491088867,-0.13816223584811987,-0.9776564116270249,-0.15842707278119367,-0.7378181988350118,-0.005110706915156429,0.6749801375912379,-0.6607083335733761,0.2101471424488007,-0.7206265860119898,-3.2567250728607178,-4.225710868835449,0.4992915987968445
7.87,2.8916587067810386,1.4068951155905105,2.882266920587532,2.4824075765413203,-93.50631713867188,-41.82600402832031,-189.0002899169922,-3.310899019241333,-3.902336359024048,23.633028030395508,-0.15017695833681877,-0.9714604813678456,-0.18360668377064976,-0.7089278277439952,-0.02363140507860159,0.7048850202296766,-0.689106824980628,0.23602137580008511,-0.685146476259313,-3.151285409927368,-4.162445545196533,0.4926087558269501
7.88,2.680468424201181,2.724997835311068,2.9472160466522617,2.951001686326504,-93.53924560546875,-41.86528778076172,-188.76373291015625,-3.275090456008911,-3.9538116455078125,23.67853546142578,-0.16304628159414894,-0.9647130542107489,-0.2067477523304424,-0.6791505866988179,-0.042259134692410626,0.7327814449900462,-0.7156608069783987,0.25989014712069625,-0.6482952419882548,-2.941237688064575,-4.204256057739258,0.48397016525268555
7.89,1.8253398811381376,2.2837028551472023,2.9153662138379195,1.9684261828703216,-93.57182312011719,-41.90509796142578,-188.5266876220703,-3.237964630126953,-4.010947227478027,23.730308532714844,-0.17690781507068343,-0.9577386152371806,-0.22680469538897152,-0.647577923828298,-0.060269038397474765,0.7596120559738861,-0.7411790995010231,0.2812550228781896,-0.6095483201261744,-2.783210039138794,-4.314591407775879,0.475686639547348
7.9,1.3981517599212252,2.1257854876536815,3.068935538908783,2.7437658623086256,-93.60401916503906,-41.94550704956055,-188.2891082763672,-3.2013163566589355,-4.0685529708862305,23.78416633605957,-0.1917297786156411,-0.9503772239648445,-0.2449955594717444,-0.6141774647111269,-0.07852360659208679,0.7852516062057966,-0.7655231765485677,0.3010268681972541,-0.5686449602259245,-2.7089550495147705,-4.422062397003174,0.4718587100505829
7.91,2.847037187841968,1.9763358270765132,2.6242575833091784,2.4902732619627845,-93.63585662841797,-41.98646545410156,-188.05099487304688,-3.1661579608917236,-4.12401819229126,23.83850860595703,-0.20763707693637207,-0.9426363722493574,-0.2613876699346965,-0.5785480627657893,-0.09712695395305174,0.8098447344310846,-0.7887768907310047,0.31937912350116515,-0.5251932902468919,-2.6819980144500732,-4.649963855743408,0.47000011801719666
7.92,2.847037187841968,1.9763358270765132,2.6242575833091784,2.4902732619627845,-93.6673355102539,-42.02800369262695,-187.81231689453125,-3.1301000118255615,-4.185542583465576,23.899303436279297,-0.22484099039884467,-0.9344724653948934,-0.2760574948362319,-0.5398850216973686,-0.11637423426692678,0.8336553250268471,-0.8111539264426316,0.3364791955196874,-0.4783419891658326,-2.6061367988586426,-4.838552474975586,0.46409717202186584
7.93,2.4188569998070792,1.87791139096367,1.4665904466752882,2.9619271985793447,-93.6984634399414,-42.070194244384766,-187.572998046875,-3.0933244228363037,-4.252840042114258,23.965808868408203,-0.24288939990680944,-0.9262732678399008,-0.28813637864403957,-0.49925041353660154,-0.1353082366838638,0.8558274976121274,-0.8317173582392292,0.3517236335117315,-0.42957737560637754,-2.4372849464416504,-4.91079044342041,0.4550895392894745
7.94,1.8549791159291988,2.0958394882282594,2.340046035380596,2.4277070007791464,-93.72921752929688,-42.113059997558594,-187.33299255371094,-3.058258295059204,-4.318973064422607,24.03399658203125,-0.2615009467012564,-0.9181122392932409,-0.29780391356444164,-0.4571567702528777,-0.1539234209202836,0.8759653348758469,-0.8500734922854047,0.3652088396413044,-0.37947010575478507,-2.4075891971588135,-4.95500373840332,0.44336333870887756
7.95,1.4606549310077581,2.826047546811047,2.0503210940055676,1.5146947124090429,-93.75963592529297,-42.15657043457031,-187.09230041503906,-3.025067090988159,-4.383601665496826,24.103858947753906,-0.2805766532535776,-0.9095421476364565,-0.30661021398819077,-0.41373453657323167,-0.17363566586271126,0.8936858445712038,-0.8660834110497411,0.37760261812290874,-0.3275908849329752,-2.469050645828247,-5.034398078918457,0.4333198070526123
7.96,1.8862689309672045,2.9865777492718757,2.4271178506228925,2.947963266312834,-93.78972625732422,-42.20072555541992,-186.8509063720703,-2.99371600151062,-4.4466729164123535,24.17561912536621,-0.3001908963863148,-0.9005224331444766,-0.314554880951373,-0.36892515204542103,-0.19449302569573312,0.9088821128969267,-0.8796474622910271,0.3888853434616308,-0.2738403398436499,-2.543652057647705,-5.04919958114624,0.43005943298339844
7.97,1.8862689309672045,2.9865777492718757,2.4271178506228925,2.947963266312834,-93.81950378417969,-42.24552917480469,-186.60874938964844,-2.9603779315948486,-4.518867492675781,24.25210952758789,-0.3200879260567926,-0.8908567478710689,-0.3223631094980379,-0.32367333607331106,-0.21695868519342332,0.9209584683547432,-0.890381542434385,0.3991280291983061,-0.21890071996327798,-2.712217092514038,-5.056028842926025,0.4276141822338104
7.98,2.097633389640062,2.8472026388152205,2.8438591425137973,1.9219997566381053,-93.84891510009766,-42.29113006591797,-186.36582946777344,-2.9240379333496094,-4.602262496948242,24.332429885864258,-0.3404740526795247,-0.8802269921076222,-0.33057202213307274,-0.2775206779160094,-0.2418373394346158,0.9297832944209233,-0.898365010884228,0.4083076580476478,-0.1619418525231396,-2.9422802925109863,-5.129910469055176,0.4226643145084381
7.99,2.262275400614586,1.6416645542962232,1.8882948026476898,2.6965429966892445,-93.87798309326172,-42.33757400512695,-186.12208557128906,-2.8880531787872314,-4.6863861083984375,24.412961959838867,-0.36141077818066947,-0.8686585011646331,-0.3388431167505926,-0.23050399111061298,-0.2688898966187473,0.9351824065808967,-0.9034656382491373,0.4160896920746442,-0.1030495446487098,-3.041810989379883,-5.1661763191223145,0.41894781589508057
8.0,1.6768590582771081,2.8564251373679177,3.01626677803817,2.4434545945889647,-93.90669250488281,-42.38483810424805,-185.8775634765625,-2.8546407222747803,-4.764486312866211,24.49224281311035,-0.3827528057041416,-0.8566996391513455,-0.34578319508553684,-0.18312940193770194,-0.2965016123056362,0.9373102026789732,-0.9055185872590068,0.42208117960661656,-0.04340006855224712,-3.041360855102539,-5.219539642333984,0.4110009968280792
8.01,2.43464817000764,2.5660063522592824,2.5121660786641913,1.535891154671859,-93.93507385253906,-42.43287658691406,-185.6322784423828,-2.8206627368927,-4.844757080078125,24.570161819458008,-0.4045978128836707,-0.8444485356058231,-0.35100894649984493,-0.13495806339150768,-0.32448987579126154,0.9362118572388332,-0.904481581313497,0.4261607574873036,0.01732275504888192,-3.081688404083252,-5.3395843505859375,0.40373021364212036
8.02,2.5267921486750593,2.013814989112005,1.559603250763367,1.5113226629654821,-93.96310424804688,-42.48173522949219,-185.38623046875,-2.7861595153808594,-4.926602840423584,24.645484924316406,-0.42690631551163094,-0.8319115930984378,-0.3545054287944024,-0.08618365423178037,-0.35280982709830666,0.9317175557249741,-0.9001796351393098,0.42830868211055717,0.07891956227182836,-3.0407252311706543,-5.35131311416626,0.3999890685081482
8.03,2.5267921486750593,2.013814989112005,1.559603250763367,1.5113226629654821,-93.99080657958984,-42.53137969970703,-185.13941955566406,-2.7551562786102295,-4.998915672302246,24.717769622802734,-0.44897935082567547,-0.8195814471101206,-0.35595476409936627,-0.03855166525776815,-0.3802250577353749,0.9240901874687252,-0.8927100938367438,0.4286200613865515,0.13911696998921708,-2.922081470489502,-5.207787990570068,0.3930937647819519
8.04,2.458668200796665,2.804516526783015,2.8953159559541044,2.0779970171010658,-94.01821899414062,-42.58169937133789,-184.8918914794922,-2.7265090942382812,-5.064365386962891,24.78639793395996,-0.4703383129223375,-0.807591941890931,-0.355776793495872,0.006905168723680244,-0.4065083887590868,0.9136209545065113,-0.8824591718840407,0.42725423960602926,0.19677302837636804,-2.8110523223876953,-5.013600826263428,0.3838714063167572
8.05,2.3552439423821214,2.076313305240635,2.1176602050877498,3.0111776512005606,-94.04532623291016,-42.6327018737793,-184.6437225341797,-2.693791151046753,-5.1390061378479,24.847166061401367,-0.4909319935680534,-0.7959671899618714,-0.35414970026176684,0.05013977766352218,-0.43164969283575294,0.9006467372786364,-0.8697538619558696,0.4243993110020358,0.25182026215904085,-2.7090022563934326,-4.894230842590332,0.3779675364494324
8.06,2.048978432458102,1.3821917526915939,2.3096100680065366,2.706159224825792,-94.07208251953125,-42.68449783325195,-184.3949737548828,-2.658184051513672,-5.219254493713379,24.898996353149414,-0.5111513472751308,-0.7846038203903686,-0.35088622829580685,0.09218036186038647,-0.45593870958803434,0.8852246460568564,-0.8545332533413238,0.4201389509769792,0.30537874976143414,-2.698204517364502,-4.918880939483643,0.3706754446029663
8.07,2.3156576611969495,2.894737450999057,2.796958071362482,2.0392573635682956,-94.09849548339844,-42.737056732177734,-184.145751953125,-2.6249020099639893,-5.291439056396484,24.944597244262695,-0.5313817418402416,-0.7732619357734403,-0.345976044145751,0.13417226020853484,-0.480076690788424,0.8669049403205455,-0.8364396266493858,0.41423706937639904,0.3588542898240013,-2.6980843544006348,-5.079736709594727,0.35960087180137634
8.08,2.3156576611969495,2.894737450999057,2.796958071362482,2.0392573635682956,-94.12458038330078,-42.790321350097656,-183.8961181640625,-2.590846300125122,-5.362977027893066,24.97991943359375,-0.5517350664949572,-0.7621743793883489,-0.3386423361066814,0.17650375272740326,-0.503545130668922,0.8457474366811655,-0.815128727056622,0.40685687506001855,0.41235014434755285,-2.652236223220825,-5.1713361740112305,0.3527175486087799
8.09,1.6906641805418383,1.7182445985449122,1.7039532990746726,1.681771549317058,-94.15030670166016,-42.844322204589844,-183.64620971679688,-2.554856061935425,-5.436487674713135,25.002132415771484,-0.5716439087458642,-0.751413857264054,-0.3295458339978011,0.21774457741275288,-0.5261672104030841,0.8220312437517071,-0.7910818798336188,0.3981523349274657,0.46439657362077463,-2.6057729721069336,-5.145046710968018,0.3502309024333954
8.1,1.7946711315445278,2.711071575842602,2.7139484919717285,2.5968859289131143,-94.17568969726562,-42.89899826049805,-183.39608764648438,-2.523806571960449,-5.4944891929626465,25.019681930541992,-0.5908934845305336,-0.7409943695258326,-0.3190176080882965,0.2574027658494267,-0.5479327641411913,0.7959356143015959,-0.764584008512099,0.38819715392002485,0.514503900486637,-2.5737411975860596,-5.126704692840576,0.34598857164382935
8.11,1.9246747984971488,2.215389394551002,2.481244526146155,2.6893184168654987,-94.2007827758789,-42.954200744628906,-183.14584350585938,-2.4929440021514893,-5.548486709594727,25.025175094604492,-0.6095388320547863,-0.7308381670965882,-0.3071448937100969,0.29572142394665635,-0.5690905115012168,0.7672579938575065,-0.7355346705874912,0.37684421613470864,0.56300726916228,-2.616734027862549,-5.186565399169922,0.34141644835472107
8.12,1.6679520574150797,1.8866647642145422,3.0600369478251275,2.2699983999933457,-94.22554779052734,-43.009971618652344,-182.8956298828125,-2.459609031677246,-5.604763507843018,25.013154983520508,-0.6277798652593489,-0.720748241254213,-0.2939632859795797,0.33320048508212885,-0.590134369022588,0.735335884640037,-0.7034698838727835,0.36368035309495406,0.6106281382779063,-2.69533371925354,-5.3188395500183105,0.336125910282135
8.13,1.6679520574150797,1.8866647642145422,3.0600369478251275,2.2699983999933457,-94.2499771118164,-43.0662727355957,-182.64561462402344,-2.427420139312744,-5.653868675231934,24.988954544067383,-0.6456773107502013,-0.7108866126657861,-0.2788207924724283,0.37005788760691083,-0.6106942653203019,0.7000783342775349,-0.6679505746702366,0.3488448627075674,0.6573806291337153,-2.6772639751434326,-5.525559425354004,0.3307645320892334
8.14,2.485440033835294,1.7626459730539008,2.7511134972301634,2.057358620578974,-94.27410125732422,-43.12302780151367,-182.39590454101562,-2.396259307861328,-5.695916652679443,24.951507568359375,-0.6632530691668609,-0.7016337072851118,-0.2603949059449692,0.406518841923315,-0.6298926461512521,0.6617988255398315,-0.6283611997904279,0.33308466660283775,0.7030055529453592,-2.5796937942504883,-5.783339500427246,0.32672566175460815
8.15,2.068611941596042,1.7216656740831646,2.071326580172844,1.9864814487363547,-94.29790496826172,-43.18017578125,-182.1466522216797,-2.3656740188598633,-5.732211112976074,24.898618698120117,-0.6802067876781114,-0.6932031902983087,-0.2383024610801812,0.44220658233846244,-0.647333802917689,0.6208158230398602,-0.5846127474945797,0.3169042198525748,0.7468598602860309,-2.405121326446533,-5.962918281555176,0.3209215998649597
8.16,1.7319667230667528,2.95249104688546,2.115137712638792,1.9667440039396924,-94.32141876220703,-43.23764419555664,-181.89797973632812,-2.337218999862671,-5.75911283493042,24.834293365478516,-0.6959609679451424,-0.6857919287046002,-0.21290317428466093,0.47615232843745087,-0.6626693702813014,0.5780555905919232,-0.5375102708046182,0.3009297861870902,0.7877334400448783,-2.2445502281188965,-6.043477535247803,0.31324678659439087
8.17,2.3268178055331865,2.1724028856171103,2.6684112638133355,1.6761632556603123,-94.34465026855469,-43.29534149169922,-181.6500244140625,-2.310129404067993,-5.779080390930176,24.755828857421875,-0.7101352982837597,-0.6791600302309775,-0.18560579589035714,0.5077008568780215,-0.6766084670773149,0.533329937472676,-0.48779882949506764,0.28450419261575627,0.8252936848948369,-2.2631776332855225,-6.033088684082031,0.3083038032054901
8.18,1.49458213506005,2.6596475345530957,1.4342196512342806,2.669615169119908,-94.36762237548828,-43.353214263916016,-181.40293884277344,-2.2836546897888184,-5.79446268081665,24.660167694091797,-0.72253637005338,-0.6730599716125159,-0.15789701885420337,0.5362561796513452,-0.6897913391525656,0.4864331590422826,-0.43631468430002396,0.2667923968989178,0.8593318993387251,-2.2270617485046387,-5.993490219116211,0.30510589480400085
8.19,1.49458213506005,2.6596475345530957,1.4342196512342806,2.669615169119908,-94.39033508300781,-43.41120529174805,-181.15687561035156,-2.2589328289031982,-5.802245616912842,24.55274200439453,-0.7331610976714453,-0.6676517305579894,-0.12929026082471592,0.5618302247601239,-0.7017773630482174,0.43801293503626,-0.3831730723931286,0.24849486794703063,0.8896227836542844,-2.322706699371338,-5.981619358062744,0.29973700642585754
8.2,1.679031048433891,1.4502024410037975,1.4461635755169766,3.0563265317588497,-94.41281127929688,-43.4692268371582,-180.91192626953125,-2.236016035079956,-5.802316665649414,24.434913635253906,-0.7420282196129028,-0.662612583321703,-0.10167932789827817,0.584400231000287,-0.7136975556345969,0.3861504487735489,-0.3284364341922459,0.22711310729445217,0.9168146733065204,-2.6543257236480713,-5.979944229125977,0.29190051555633545
8.21,1.8094863952013385,2.6834506596487917,2.7042279350756964,1.9629950377143706,-94.43506622314453,-43.527217864990234,-180.668212890625,-2.214755058288574,-5.7944560050964355,24.308238983154297,-0.7492371155977933,-0.6579980758574397,-0.07538087807000668,0.6038943353568109,-0.7254576824849546,0.33018598190643067,-0.2719473778778789,0.20186550743369988,0.9409011321992765,-2.940121650695801,-6.079683303833008,0.27929073572158813
8.22,2.148556290926775,2.323484640054293,2.875845121288369,1.7992295972510484,-94.45711517333984,-43.58509826660156,-180.4258270263672,-2.1944875717163086,-5.781118392944336,24.16636848449707,-0.7548506497316525,-0.6540674161355752,-0.04895213733264547,0.6203629315328602,-0.7361968257708367,0.2704885707472681,-0.21295616868186207,0.1738103819530823,0.9614778319574849,-3.0605077743530273,-6.188446998596191,0.2692796587944031
8.23,2.9427372753251335,2.166697720477199,2.6489342929191615,2.6684286518872264,-94.47895812988281,-43.642818450927734,-180.18496704101562,-2.1754202842712402,-5.762382507324219,24.008832931518555,-0.7587928963425272,-0.6509669800007013,-0.021802096433261156,0.633282980169725,-0.7451780318573595,0.20895542075893517,-0.15226952251672182,0.1447469923209405,0.9776821061707998,-3.0013580322265625,-6.234190940856934,0.2641298174858093
8.24,2.9427372753251335,2.166697720477199,2.6489342929191615,2.6684286518872264,-94.50062561035156,-43.700321197509766,-179.94570922851562,-2.1581363677978516,-5.737761497497559,23.836753845214844,-0.7609645757691273,-0.6487592072341672,0.006663741697174735,0.6424636230388305,-0.7520694275149772,0.1470784459705556,-0.09040689960578907,0.1162026988765282,0.9891023836173278,-2.865426540374756,-6.272634506225586,0.25543129444122314
8.25,2.668180567314634,1.5077152542627745,2.8712652930757656,3.0211620281338902,-94.52213287353516,-43.757545471191406,-179.708251953125,-2.1432251930236816,-5.706817150115967,23.653419494628906,-0.7612309930263494,-0.6474566172932312,0.03643218329065111,0.6478893038542197,-0.7569363973400036,0.08536240585427593,-0.02769160897116529,0.08858453084563803,0.9956836624588383,-2.728315830230713,-6.309783458709717,0.24344129860401154
8.26,2.133655412677105,1.4460982698128917,1.7475060129633988,1.543693217705938,-94.54350280761719,-43.8144416809082,-179.47264099121094,-2.1310040950775146,-5.66888427734375,23.467601776123047,-0.7594599754242065,-0.6470264876965526,0.06765552414789512,0.6495612054860573,-0.759932490470331,0.023934290360491328,0.035927511132327394,0.06212353939227239,0.997421615866236,-2.5719082355499268,-6.451500415802002,0.23031765222549438
8.27,1.7977545509704562,2.582883199717911,1.6518630674888746,1.9366481382648568,-94.56475830078125,-43.87091064453125,-179.2388458251953,-2.1204662322998047,-5.624596118927002,23.29697036743164,-0.755416557062516,-0.6474200192953019,0.10096110108098663,0.6474128331801356,-0.7612258858401677,-0.03730648952289178,0.10100717177252333,0.037181572620355895,0.994190666777753,-2.406878709793091,-6.55035400390625,0.2181476205587387
8.28,1.5854302512960776,2.3178062797825723,2.2556227199200984,2.638953916237016,-94.5859146118164,-43.926918029785156,-179.00668334960938,-2.1118228435516357,-5.575719833374023,23.13605308532715,-0.7490994197393821,-0.6486178921958007,0.13470296681809898,0.6413821680051693,-0.760997342602739,-0.09752927312637154,0.1657678313518939,0.013336958987952077,0.9860746176704092,-2.4006686210632324,-6.497061252593994,0.20963476598262787
8.29,1.5854302512960776,2.3178062797825723,2.2556227199200984,2.638953916237016,-94.60700225830078,-43.9824104309082,-178.77613830566406,-2.106757879257202,-5.522212028503418,22.971412658691406,-0.7406412859916156,-0.6508092634872789,0.1670263094360618,0.6315388142316911,-0.7591580402135387,-0.15760011452396988,0.22936698019443644,-0.011241554086712971,0.9732750977283865,-2.5407519340515137,-6.519424915313721,0.2025810331106186
8.3,1.513123266543917,1.5232799745578474,2.261907771005294,2.2680947839646373,-94.62805938720703,-44.0373420715332,-178.5472412109375,-2.105215311050415,-5.464188575744629,22.807796478271484,-0.7299051922113813,-0.6541430205376444,0.19833133656775934,0.6176509743017986,-0.7554627460571022,-0.21859394608246002,0.29282364031427816,-0.03705331296590776,0.9554482548371444,-2.7041497230529785,-6.6508660316467285,0.19487306475639343
8.31,2.329902692334882,2.604332823755205,1.581790143080472,2.7648531319196925,-94.64911651611328,-44.09168243408203,-178.31996154785156,-2.10556960105896,-5.403687000274658,22.655990600585938,-0.7167594769827055,-0.6586611096885592,0.22895718975239648,0.599405213399005,-0.7497367543567897,-0.2803715201596635,0.3563274369250455,-0.06372081096771476,0.9321858269379797,-2.785644054412842,-6.8325700759887695,0.18578003346920013
8.32,1.6419354280592116,2.9203611390724085,2.2568178358299793,1.779490555208621,-94.67017364501953,-44.14540481567383,-178.0941162109375,-2.109588623046875,-5.339125633239746,22.51043128967285,-0.7011231990135864,-0.6642884325089279,0.2591276485436979,0.5766108901238084,-0.7419933428397325,-0.34200257392620337,0.41945934391259415,-0.09037011461954927,0.9032646905465006,-2.9005286693573,-6.903419494628906,0.17380371689796448
8.33,2.921576001439407,1.9614845932677527,2.607389826820791,2.593795961665255,-94.6913070678711,-44.198455810546875,-177.86972045898438,-2.117567539215088,-5.2705278396606445,22.372459411621094,-0.6834565504333976,-0.6712812698923877,0.28682503440485124,0.549749461400744,-0.7318151768292804,-0.4027680184075205,0.4802735401406916,-0.11759253230538233,0.8692003928822944,-3.0582194328308105,-6.848296642303467,0.16472285985946655
8.34,2.0987823860616084,1.5732098056462298,2.417451311745437,2.3183681011280055,-94.7125473022461,-44.25079345703125,-177.64663696289062,-2.130079507827759,-5.197086334228516,22.2427921295166,-0.6640664434396821,-0.6794113828540743,0.3121152536254609,0.5190345634268113,-0.719378257807608,-0.461625437082956,0.5381625039574114,-0.14455135780062778,0.8303529516370036,-3.044456720352173,-6.837961673736572,0.1546769142150879
8.35,2.0987823860616084,1.5732098056462298,2.417451311745437,2.3183681011280055,-94.73392486572266,-44.3023796081543,-177.4248046875,-2.145106792449951,-5.122061729431152,22.12855339050293,-0.6427735461453022,-0.6881212436147527,0.3366471780096768,0.48430201089973346,-0.7055124385482004,-0.5174009676181963,0.5935433687728869,-0.16953274946115177,0.7867432340006965,-2.9258275032043457,-6.932080268859863,0.1416381448507309
8.36,1.922486901981578,2.272660378842948,1.443135366201021,2.2018886193948646,-94.75544738769531,-44.35322952270508,-177.20401000976562,-2.1610772609710693,-5.048449516296387,22.034690856933594,-0.6192711871870936,-0.6972756772541305,0.360984524086118,0.44524249976368,-0.6905352390247589,-0.5700177190835459,0.6467320257448805,-0.19226989773444117,0.738085342830428,-2.8146450519561768,-7.081383228302002,0.12917189300060272
8.37,1.7907755820892997,1.4620910054941694,2.566319451359389,2.1777669751708646,-94.77714538574219,-44.403350830078125,-176.9840545654297,-2.178784132003784,-4.97572660446167,21.959625244140625,-0.5935763465155645,-0.7069897729018497,0.38449002830948137,0.40203061699420695,-0.6743679666922918,-0.6193538798607476,0.6971646174731561,-0.21305704989860147,0.6845204084846653,-2.839663028717041,-7.125245094299316,0.11687478423118591
8.38,2.494217528325371,2.1161577858484075,3.0170659152415427,1.8075316296191295,-94.79902648925781,-44.4527473449707,-176.76473999023438,-2.1986935138702393,-4.903437614440918,21.902666091918945,-0.566127648656502,-0.717664812201243,0.40553261614180236,0.3553618578717029,-0.6563792533320939,-0.6654954738878198,0.7437858800734466,-0.232644563923933,0.6266251443087895,-2.848893165588379,-7.20774507522583,0.10527211427688599
8.39,2.446469338244551,3.0501455038096656,2.5266585108421906,2.3070676706475943,-94.82113647460938,-44.50140380859375,-176.5459442138672,-2.2242796421051025,-4.825968265533447,21.858781814575195,-0.5366169506678522,-0.7286490217585584,0.4255735557412279,0.3047363391163298,-0.6376423671216112,-0.7074941521125993,0.7868786513039436,-0.24996562712069942,0.564215538052828,-2.676942825317383,-7.318732261657715,0.09613790363073349
8.4,2.446469338244551,3.0501455038096656,2.5266585108421906,2.3070676706475943,-94.84354400634766,-44.54924392700195,-176.3275146484375,-2.2572286128997803,-4.740675926208496,21.827322006225586,-0.5054268599996848,-0.7395045104209349,0.4446085562131624,0.2509768940381063,-0.6189816335876229,-0.7442259978932364,0.825563012646427,-0.26456533474416416,0.4984484886142842,-2.5798561573028564,-7.30165958404541,0.0891021117568016
8.41,1.5796749798496519,2.871625392850386,2.0232979119447556,1.6531477234626957,-94.86631774902344,-44.59621047973633,-176.10931396484375,-2.29518985748291,-4.651430130004883,21.812213897705078,-0.4731724275961898,-0.7508347877537114,0.4608198946026173,0.1952235229647526,-0.599443669393858,-0.7762442033953346,0.8590667202516687,-0.2773344708514721,0.43022082868403144,-2.6145596504211426,-7.218225955963135,0.08241155743598938
8.42,1.7674205106404266,1.9655473672903985,2.961143570351651,2.781372138405445,-94.88945770263672,-44.642303466796875,-175.8911895751953,-2.33125901222229,-4.569435119628906,21.81926918029785,-0.44026049744084206,-0.7628824565246057,0.4734776150148233,0.13808925696522972,-0.5785910540598763,-0.8038431123500853,0.8871877205552007,-0.2885181964605772,0.3600766568485143,-2.709742546081543,-7.117711067199707,0.07728816568851471
8.43,2.7833618121181507,1.684486241859621,2.5443230609427,1.9513671645067343,-94.91295623779297,-44.6876106262207,-175.6728973388672,-2.367906093597412,-4.489924907684326,21.844247817993164,-0.40674202900231565,-0.7757351950763269,0.48248920087704766,0.07950182239380033,-0.5562052049755275,-0.8272334798557149,0.9100771297418389,-0.29811185330010603,0.28790439531697315,-2.7764461040496826,-7.203116416931152,0.07087510824203491
8.44,1.5609103485958369,1.7627878077029435,1.995824655718663,2.742205587364407,-94.93683624267578,-44.73210144042969,-175.4542694091797,-2.4072396755218506,-4.4087910652160645,21.884136199951172,-0.37184916540581664,-0.7887825702897716,0.48943871423709345,0.018173119628986933,-0.5333304218509372,-0.8457117705526228,0.9281152600350606,-0.30558258774898006,0.2126531122619389,-2.6515090465545654,-7.329347610473633,0.060428522527217865
8.45,1.7199815626330248,1.749968281788287,1.7062514819565062,2.3626314560088284,-94.96109771728516,-44.77581787109375,-175.23516845703125,-2.445122003555298,-4.332826137542725,21.939708709716797,-0.33596748782530456,-0.8013692150490006,0.4949072926277226,-0.04498674226572913,-0.5111970729861158,-0.8582853520774689,0.9407986182731513,-0.3106202403935974,0.13569460605769512,-2.6006734371185303,-7.448363304138184,0.04843931272625923
8.46,1.7199815626330248,1.749968281788287,1.7062514819565062,2.3626314560088284,-94.98573303222656,-44.818790435791016,-175.01544189453125,-2.4807937145233154,-4.262936592102051,22.00874900817871,-0.2989526909032044,-0.8143930471724563,0.4973844120184054,-0.11009037886524448,-0.48830701263587917,-0.8656999306295055,0.9478963008067076,-0.3135605621371811,0.05632385630596447,-2.702434539794922,-7.585626602172852,0.03556946665048599
8.47,2.525618244571777,2.688042067502789,1.6291364822700967,2.994524310233403,-95.0107192993164,-44.861087799072266,-174.79495239257812,-2.5156338214874268,-4.195983409881592,22.08845329284668,-0.2612416408038061,-0.8280119789806493,0.4961340219887003,-0.17643364541578355,-0.4643641691421727,-0.8678923246475898,0.9490121041775141,-0.31426434904622674,-0.024777914422295814,-2.8101918697357178,-7.680191516876221,0.021922482177615166
8.48,1.4046667275588909,2.615428353578279,2.667662130405287,2.20849094886453,-95.03606414794922,-44.902687072753906,-174.57363891601562,-2.5556583404541016,-4.120509147644043,22.177156448364258,-0.22335601948219652,-0.8422303705179026,0.49067310048375945,-0.2432108172545417,-0.4393141376757196,-0.8647841272876239,0.9439070859631509,-0.31249174615582376,-0.10671607963675211,-2.984922170639038,-7.685427665710449,0.006506180390715599
8.49,1.4772304412154682,1.8303695528758388,2.401758175280708,1.9416804339875335,-95.06183624267578,-44.943485260009766,-174.3513946533203,-2.5977938175201416,-4.040710926055908,22.273334503173828,-0.18601924497499245,-0.8571992652846806,0.4802148062006597,-0.30938904906956866,-0.41278065942259246,-0.8566741174580199,0.9325638084414178,-0.30793107475870823,-0.18842291894349017,-3.1612727642059326,-7.713311195373535,-0.005127565935254097
8.5,3.053452843504583,1.7782324381075083,1.4626423988490596,2.1420581208471994,-95.08800506591797,-44.9835205078125,-174.12815856933594,-2.6345276832580566,-3.9686920642852783,22.37261962890625,-0.14917058721903123,-0.8723784308117581,0.46551477888800064,-0.3754232636402189,-0.38556378047903744,-0.8428510807375402,0.9147707412387304,-0.30049366821470197,-0.26999638208023535,-3.2241857051849365,-7.836491584777832,-0.014036275446414948
8.51,3.053452843504583,1.7782324381075083,1.4626423988490596,2.1420581208471994,-95.1145248413086,-45.02286148071289,-173.9039306640625,-2.6684086322784424,-3.8989622592926025,22.47321128845215,-0.11310232606181896,-0.8870719353868992,0.4475614430313974,-0.4408094550052102,-0.3588941547637237,-0.822728393854522,0.8904464544358719,-0.2903418108460664,-0.35043793267454854,-3.1815059185028076,-7.824460029602051,-0.02939576841890812
8.52,2.937647490107906,1.7067897861995802,1.957039633663735,1.8063556122932654,-95.14137268066406,-45.061492919921875,-173.6787109375,-2.7010951042175293,-3.8276779651641846,22.573877334594727,-0.07884514824021999,-0.9008440758872172,0.4269231705329233,-0.5034753154736367,-0.3336403131566961,-0.7969923137304548,0.8604045846621806,-0.27778425508946236,-0.42724683535012026,-3.095468282699585,-7.668220043182373,-0.04944059997797012
8.53,2.034462056936014,2.482368892494051,1.803062126028363,2.3660068839983324,-95.16853332519531,-45.09941482543945,-173.45248413085938,-2.7310190200805664,-3.757004737854004,22.67165184020996,-0.0467631363293821,-0.9134773084519555,0.4041935378305921,-0.5626353365050577,-0.31025822510778933,-0.7662775684233518,0.8253815403778302,-0.26324710956881364,-0.4994459651525728,-2.94368052482605,-7.5156731605529785,-0.06779182702302933
8.54,1.6362750248513662,2.596565930321008,2.0638554936241666,2.6458312267996886,-95.19598388671875,-45.13663101196289,-173.2252960205078,-2.758202075958252,-3.6864140033721924,22.76508140563965,-0.0168038706415767,-0.9248888471986701,0.3798660951690429,-0.6182923045773024,-0.28895911305138405,-0.7309016740198684,0.7857685766381535,-0.24715026059479017,-0.5669960252558901,-2.921229362487793,-7.419724941253662,-0.08203926682472229
8.55,2.4078501705739783,2.095193936274237,2.38948605548421,1.5009856206008036,-95.22369384765625,-45.17314147949219,-172.99720764160156,-2.78267240524292,-3.615370035171509,22.853275299072266,0.01115557562800084,-0.9358852324637923,0.35212836407850184,-0.6707621851792194,-0.26817073600428043,-0.6914929842626905,0.7415885948866845,-0.22848038867070516,-0.6307480225310873,-3.1054296493530273,-7.4183030128479,-0.09362710267305374
8.56,2.4078501705739783,2.095193936274237,2.38948605548421,1.5009856206008036,-95.25162506103516,-45.208946228027344,-172.76824951171875,-2.80259108543396,-3.546781539916992,22.932661056518555,0.03706214988371073,-0.946481038417914,0.3206244547150832,-0.720226536921427,-0.24771684779509884,-0.6480047058722861,0.6927482461617391,-0.20690579313737678,-0.6908616795032327,-3.13866925239563,-7.3989739418029785,-0.10431157052516937
8.57,1.953139764290782,2.564382124534336,1.5598154645351874,1.6298689217744071,-95.27972412109375,-45.244083404541016,-172.53857421875,-2.8173818588256836,-3.4814722537994385,23.001445770263672,0.06049767538330262,-0.9557600549349048,0.2878589040902576,-0.7659379935864383,-0.2293744732877774,-0.6006049791541321,0.6400617323774304,-0.18414686637242103,-0.7459295612530852,-2.983199119567871,-7.316835403442383,-0.1140720322728157
8.58,2.649598362797438,2.125076555332984,1.7665378678643933,1.7024785986170055,-95.30794525146484,-45.27858352661133,-172.30825805664062,-2.82676362991333,-3.4203202724456787,23.057741165161133,0.08132077623532061,-0.9636578601579875,0.25446111669214494,-0.807434166267412,-0.2133742376235436,-0.5500195468004936,0.5843261062938518,-0.1607325831133814,-0.7954420395158693,-2.9481077194213867,-7.175872802734375,-0.12316577881574631
8.59,3.0146928275775915,1.9223353730219928,2.435381879667825,1.508603079400312,-95.33625030517578,-45.312496185302734,-172.0774383544922,-2.8316357135772705,-3.361764907836914,23.103609085083008,0.09935752147095762,-0.9705590441705185,0.2194156437129267,-0.8442895159482142,-0.19892396513697758,-0.4975987031274428,0.5265959515483181,-0.1358101537919472,-0.8391974177390737,-2.947082996368408,-6.988561153411865,-0.13406066596508026
8.6,2.5532124365963247,1.4942976511128905,3.062819848718985,2.9162871149996885,-95.36455535888672,-45.345821380615234,-171.84619140625,-2.8331825733184814,-3.3034183979034424,23.14385414123535,0.11463874272448533,-0.9762117240639325,0.18403431328606443,-0.876511280621912,-0.18658585693160604,-0.4437495835892512,0.46753174609761516,-0.11043725726955675,-0.8770505564662121,-2.7623465061187744,-6.8177008628845215,-0.14563408493995667
8.61,2.357538998179903,2.9633214616891825,1.9443197133694605,2.158944153260394,-95.39286041259766,-45.378562927246094,-171.61456298828125,-2.8318183422088623,-3.244647979736328,23.182416915893555,0.12748434384413213,-0.9804369156387277,0.1499706522205243,-0.9045687725819823,-0.17694936536569425,-0.3878714448966357,0.40682069483269534,-0.08621123215391593,-0.9094308911106695,-2.528031587600708,-6.870813846588135,-0.15738268196582794
8.62,2.357538998179903,2.9633214616891825,1.9443197133694605,2.158944153260394,-95.4211654663086,-45.41072463989258,-171.382568359375,-2.8264477252960205,-3.1888606548309326,23.214874267578125,0.13829493115648464,-0.9835306104606728,0.11637031538704265,-0.9290748979417359,-0.16953541460924712,-0.32875154327823936,0.3430660957176861,-0.06265206684641206,-0.9372194900282945,-2.494886636734009,-6.89638090133667,-0.16745150089263916
8.63,2.709038251071279,1.4076626423557455,2.1918240048482183,2.2331776963695846,-95.44937896728516,-45.44235610961914,-171.15029907226562,-2.8165364265441895,-3.138248920440674,23.237966537475586,0.14674991446178923,-0.9858093625866491,0.0815129636435931,-0.9491899389249254,-0.1635312889311201,-0.26887911295640377,0.2783934669656484,-0.03791329815553779,-0.9597185313277092,-2.6143016815185547,-6.743923187255859,-0.17544351518154144
8.64,2.377505944514231,1.869440714031728,1.7032772195142243,1.9506985945020152,-95.47747802734375,-45.4735107421875,-170.9178466796875,-2.8021810054779053,-3.0934271812438965,23.250368118286133,0.15278349463078103,-0.987210250715027,0.04553157861945596,-0.9648963052854326,-0.15897194134384549,-0.20905272519603788,0.21361723669902505,-0.011993446066187269,-0.9768438122015874,-2.5936362743377686,-6.6729817390441895,-0.18663568794727325
8.65,2.506714353620603,1.685807120550804,1.4712911792661545,1.764791876761455,-95.50540924072266,-45.50423812866211,-170.685302734375,-2.7837822437286377,-3.054626703262329,23.250844955444336,0.15654282407660058,-0.9876191675393485,0.010135291757350132,-0.9765024617674217,-0.15630334230399323,-0.14836511499259392,0.14811241133776526,0.013328356743606787,-0.9888807150077444,-2.50414776802063,-6.63459587097168,-0.1994357407093048
8.66,2.9075028699541097,2.7675305531720813,1.8536201313431138,1.4433772505432554,-95.53313446044922,-45.534610748291016,-170.45281982421875,-2.7621171474456787,-3.0211031436920166,23.241918563842773,0.15809340277676517,-0.9871152446205682,-0.024697567413396418,-0.9839564327523447,-0.1553945339630929,-0.08764860101378555,0.08268140325214669,0.03815799591263847,-0.9958452454594474,-2.4462637901306152,-6.525408744812012,-0.21197852492332458
8.67,2.9075028699541097,2.7675305531720813,1.8536201313431138,1.4433772505432554,-95.56063842773438,-45.564674377441406,-170.22042846679688,-2.7374532222747803,-2.9917421340942383,23.235143661499023,0.1575627041883367,-0.9857667836805432,-0.05863311727152301,-0.9873353840354245,-0.1561438006403292,-0.028070499696551704,0.018515768428009702,0.062313415198579816,-0.9978848654057292,-2.3750381469726562,-6.2868123054504395,-0.22195273637771606
8.68,1.6892173181887393,2.3241916766755972,1.9335436233078613,3.0165395583877572,-95.58787536621094,-45.59446716308594,-169.988037109375,-2.709751605987549,-2.9669880867004395,23.233402252197266,0.1551981070488032,-0.9836611276748478,-0.09123778531899666,-0.986960717121114,-0.15838114915653345,0.028704606801568663,-0.04268595118121392,0.08559320938779551,-0.9954153465154393,-2.300342321395874,-5.951767921447754,-0.22887718677520752
8.69,1.4249066329477247,1.7312837817394304,2.9992896102283906,2.5985419077915255,-95.61482238769531,-45.62403106689453,-169.75564575195312,-2.6794424057006836,-2.9472756385803223,23.23235511779785,0.15121416906011126,-0.9808156659887083,-0.12302399939274727,-0.983324584282884,-0.16197276606856842,0.08268969099585505,-0.10102988181896122,0.10846867014591544,-0.9889527342479131,-2.4010751247406006,-5.834906578063965,-0.23644641041755676
8.7,1.771488484801205,2.7719936915777375,2.7604131853851746,2.6667491137906705,-95.6414566040039,-45.65342712402344,-169.5232696533203,-2.6468966007232666,-2.9324920177459717,23.231395721435547,0.14531358271452618,-0.976994009163113,-0.15609826628779605,-0.9764448085265437,-0.16705112093410626,0.13656302170141096,-0.15949764443473763,0.13257687978695884,-0.9782555250882686,-2.5251705646514893,-6.036046028137207,-0.24356408417224884
8.71,2.993155722549943,2.746629931180159,1.5204271953084496,2.6297587476445727,-95.6677474975586,-45.682701110839844,-169.29092407226562,-2.6112706661224365,-2.923676013946533,23.23715591430664,0.13705675257140174,-0.9722130017519645,-0.18978231160731437,-0.9658997047163264,-0.17365533158131694,0.1920457920452723,-0.2196661262086048,0.15698950613915905,-0.9628608871268411,-2.61991286277771,-6.255260467529297,-0.24859918653964996
8.72,2.1322774944704657,1.6146075141294587,2.5830161915808283,2.2635845919289603,-95.69367218017578,-45.71192169189453,-169.05850219726562,-2.572431802749634,-2.9214909076690674,23.250471115112305,0.12653745980042044,-0.9663020376700184,-0.2241620914919097,-0.9516745753327907,-0.1820055703447024,0.24736506428485872,-0.2798281149784805,0.18202841634829958,-0.9426356038837704,-2.7690534591674805,-6.217560291290283,-0.2580341100692749
8.73,2.1322774944704657,1.6146075141294587,2.5830161915808283,2.2635845919289603,-95.71919250488281,-45.74114227294922,-168.82595825195312,-2.532627582550049,-2.9237332344055176,23.26235008239746,0.11416048154670942,-0.9592185549418965,-0.25858682934017285,-0.9342474203418235,-0.19217522672458479,0.3004171097291276,-0.3378596484306341,0.20728831633388,-0.918086276922705,-2.7914905548095703,-6.195003032684326,-0.26976871490478516
8.74,1.9765572910127236,2.586267636558863,2.0434203313888752,2.0489738995746625,-95.74432373046875,-45.770408630371094,-168.59326171875,-2.492314100265503,-2.929901361465454,23.274057388305664,0.09956827864944946,-0.9513721152466031,-0.29150858686836206,-0.9132672198981794,-0.2036772370880096,0.35278685938062515,-0.39500524420092936,0.23109885638704172,-0.8891367586768446,-2.692793607711792,-6.323038101196289,-0.2799360156059265
8.75,2.9700949834965744,2.492499856632647,2.3811488263870344,1.4513347648605133,-95.76903533935547,-45.79976272583008,-168.36044311523438,-2.450594186782837,-2.9413182735443115,23.291118621826172,0.08272382742322014,-0.9428995960192179,-0.3226408532769046,-0.8885779101508102,-0.21636716868753028,0.4044929491427023,-0.45120512626572873,0.25323033021527586,-0.855738472835358,-2.6908342838287354,-6.362269401550293,-0.2882308065891266
8.76,2.933083045072303,1.6611537370740055,1.7009403518200314,2.97492039054925,-95.79331970214844,-45.82925796508789,-168.12741088867188,-2.4064884185791016,-2.959465265274048,23.31718635559082,0.06416202160223705,-0.9336151961814375,-0.3524853194716199,-0.8608499275140461,-0.2304496393232176,0.45368531608909335,-0.5047976201241203,0.27432759466538315,-0.8184886886952865,-2.634620189666748,-6.221104621887207,-0.2953242063522339
8.77,1.5790877292119905,2.3288097071014833,2.8023622609604004,2.613787541164511,-95.81715393066406,-45.85897445678711,-167.89407348632812,-2.3601934909820557,-2.9841794967651367,23.35189437866211,0.0444334151442463,-0.9239994030222901,-0.3798036003424284,-0.8308185823036803,-0.24529716971558232,0.49956959658132516,-0.5547667572210164,0.29335030551198826,-0.7785752650441069,-2.5562403202056885,-6.110608100891113,-0.30777475237846375
8.78,1.5790877292119905,2.3288097071014833,2.8023622609604004,2.613787541164511,-95.84051513671875,-45.88896179199219,-167.66033935546875,-2.3125908374786377,-3.0143792629241943,23.393417358398438,0.023221820164684853,-0.9137923445631697,-0.405517321560972,-0.7980251718907267,-0.2612679341498745,0.5430422558271438,-0.6021765290153838,0.31100260063671903,-0.7352964098240807,-2.6053950786590576,-6.198373794555664,-0.31878790259361267
8.79,2.075479029641956,2.971287721630129,2.3845745562231278,2.791083904021396,-95.8634033203125,-45.91927719116211,-167.42617797851562,-2.2638943195343018,-3.0498390197753906,23.44169044494629,-0.00016218873947580932,-0.9026543778265222,-0.4303661788354503,-0.7616517588485375,-0.27875999767134163,0.584961077287372,-0.6479865522815593,0.32788403115871256,-0.6874630827712643,-2.7074484825134277,-6.392066478729248,-0.3247152268886566
8.8,2.567428952584092,2.9145005147789176,2.0132676639700735,2.4034586393615553,-95.88578033447266,-45.949981689453125,-167.1914825439453,-2.212427854537964,-3.0929155349731445,23.499465942382812,-0.025822181207554917,-0.890385740952346,-0.45447381362013206,-0.7215896574817787,-0.29803098157519176,0.6248887102810047,-0.6918392740897368,0.3440795930160202,-0.634797331828763,-2.8751566410064697,-6.503502368927002,-0.3314135670661926
8.81,2.5488005938378344,2.403478629158082,1.5336527550720302,1.9564429732283364,-95.90763854980469,-45.98115539550781,-166.95616149902344,-2.1589269638061523,-3.142528533935547,23.565139770507812,-0.05311833486718545,-0.8766616486066062,-0.4781660761318023,-0.6788031224306282,-0.31949899388008074,0.6611707146327983,-0.732396588932094,0.35970091294291023,-0.5781094098426955,-3.0540213584899902,-6.443055629730225,-0.3405572474002838
8.82,2.2399053100100144,1.5911393472267303,1.968453578201606,1.6903823252016665,-95.9289779663086,-46.0128288269043,-166.7201690673828,-2.1081621646881104,-3.1917295455932617,23.632461547851562,-0.08125309401885203,-0.8616348262154997,-0.5009823958633168,-0.6345795840303728,-0.3428787464323602,0.6926347643432373,-0.7685744506839935,0.37419191800138973,-0.5189159105849797,-3.1641998291015625,-6.264362812042236,-0.35210004448890686
8.83,2.2399053100100144,1.5911393472267303,1.968453578201606,1.6903823252016665,-95.9498291015625,-46.044979095458984,-166.48350524902344,-2.062086820602417,-3.2373557090759277,23.70006561279297,-0.10985488760294893,-0.8457548192409576,-0.5221404881834382,-0.5896119074672554,-0.3674604491782206,0.7192569894429706,-0.8001810434161563,0.38687414493661376,-0.4582997858792822,-3.1431870460510254,-6.137088775634766,-0.3642663359642029
8.84,2.616323542663329,2.653237114192346,2.235307867776243,3.065611632751027,-95.97023010253906,-46.077579498291016,-166.24615478515625,-2.018096685409546,-3.2826740741729736,23.77101707458496,-0.13923414204329243,-0.8297972983793754,-0.5404167810974769,-0.5435385923120754,-0.39213680524958094,0.7421553237941908,-0.8277557927051167,0.3970707362308915,-0.3964280238229657,-3.0304946899414062,-6.088234901428223,-0.37584513425827026
8.85,2.106268565230806,2.0106996596188518,2.8293977054533976,1.6111924090291276,-95.99016571044922,-46.110679626464844,-166.00804138183594,-1.9662343263626099,-3.3411426544189453,23.85190200805664,-0.16939899545802556,-0.8138545964122995,-0.5558279196265555,-0.49630977628561845,-0.41680027351250154,0.7615472000888868,-0.8514579181034908,0.4048681611320859,-0.3333184450347627,-3.0449352264404297,-6.064460754394531,-0.3878999352455139
8.86,2.164146551217308,1.995627888187577,2.44451476485853,2.2969478833009482,-96.00955200195312,-46.1444206237793,-165.76910400390625,-1.9117718935012817,-3.4051921367645264,23.937122344970703,-0.2003700889286751,-0.7973829497446338,-0.5692383146971592,-0.4479359587990229,-0.44217597554484916,0.7770674253021814,-0.8713238228566434,0.41068337939038657,-0.2685776565818105,-3.018334150314331,-6.075315952301025,-0.3970969021320343
8.87,2.6593081114051484,1.9801479854949626,2.2680396292310436,1.595153542523465,-96.02841186523438,-46.17877960205078,-165.52931213378906,-1.8598756790161133,-3.467432737350464,24.022459030151367,-0.2322406752211908,-0.7812128144238942,-0.5794573386822399,-0.3983450530168965,-0.46710197474199383,0.789390248184696,-0.8873474446403571,0.41415248854984366,-0.20271218196793278,-2.930162191390991,-6.125340461730957,-0.4049219787120819
8.88,1.4990161998734184,2.431958986503886,1.9150333142972582,2.7852117148420765,-96.04674530029297,-46.213768005371094,-165.2886505126953,-1.8085229396820068,-3.530427932739258,24.1081600189209,-0.26481594257109264,-0.7654082624916017,-0.5865344902644444,-0.34771522814124745,-0.49153512835015434,0.7984280416646687,-0.899425726049052,0.4153834485236323,-0.13597777029261396,-2.8147342205047607,-6.100159168243408,-0.41411906480789185
8.89,1.4990161998734184,2.431958986503886,1.9150333142972582,2.7852117148420765,-96.0645751953125,-46.2493896484375,-165.04714965820312,-1.75770103931427,-3.593931198120117,24.193012237548828,-0.29746141658214786,-0.7500555380409961,-0.5907058451538924,-0.2968491916962884,-0.5153860764680243,0.8039015795308257,-0.9074123996475928,0.4144802553040714,-0.06934590780190068,-2.8773515224456787,-6.097648620605469,-0.4230376183986664
8.9,2.3087030785468277,2.9853257955610233,2.758353748716919,2.6985601286902794,-96.08189392089844,-46.28565216064453,-164.80479431152344,-1.7066760063171387,-3.658524751663208,24.275819778442383,-0.33064365733345946,-0.7335550184689663,-0.5937775734600863,-0.24519889104082343,-0.5407868640544686,0.8046285301295775,-0.9113464081772114,0.41163892253421347,-0.0010591304771594354,-3.159005641937256,-6.182591438293457,-0.43256211280822754
8.91,1.709908940512297,2.2900245050431374,1.8839374323520066,2.2598741211356965,-96.09868621826172,-46.32258605957031,-164.5616455078125,-1.6496715545654297,-3.7313246726989746,24.354625701904297,-0.36445918346797945,-0.715537138646698,-0.595966531613269,-0.19287412526212405,-0.5681043114158634,0.8000356636769876,-0.9110263856718004,0.4065268681993892,0.06904223375421925,-3.379739284515381,-6.235991954803467,-0.44178611040115356
8.92,2.4392727143458,2.6242881588292035,2.8711594118671204,1.5400357518350556,-96.1148910522461,-46.36026382446289,-164.31773376464844,-1.594359278678894,-3.801213026046753,24.427751541137695,-0.3985462220900252,-0.6966009921793763,-0.5965802264176018,-0.1405985556790385,-0.5963793217792105,0.7902934585931592,-0.9063073181866826,0.3988467904457519,0.13974363224271025,-3.5460166931152344,-6.249275207519531,-0.45147383213043213
8.93,1.540646514584932,2.895269312159736,1.5339337336545364,1.6269903919827207,-96.13057708740234,-46.398597717285156,-164.0731201171875,-1.5412683486938477,-3.8667855262756348,24.493492126464844,-0.4325757569409213,-0.6771496661693157,-0.595270143811844,-0.08898380696244229,-0.6249506867121749,0.7755762511039466,-0.8971956846783538,0.3884648874541501,0.21008316117617504,-3.5627174377441406,-6.199511528015137,-0.459802508354187
8.94,1.540646514584932,2.895269312159736,1.5339337336545364,1.6269903919827207,-96.14573669433594,-46.43758010864258,-163.82789611816406,-1.4908132553100586,-3.9270591735839844,24.551074981689453,-0.46589853781881807,-0.6580554238799634,-0.5915248190570277,-0.03899737673687653,-0.6525915120215606,0.7567057043825266,-0.8839783691165355,0.3756159974489576,0.27837899596502474,-3.631082534790039,-6.053422927856445,-0.4661339521408081
8.95,1.7215756370382052,1.740737613271261,1.7529261841297863,2.3742343772799326,-96.16040802001953,-46.47711181640625,-163.58212280273438,-1.4448968172073364,-3.9791195392608643,24.600231170654297,-0.4979641994960724,-0.6382550826001725,-0.5870793009085591,0.008525710039405499,-0.6805549413999796,0.7326474486438849,-0.867155677077974,0.3598269323871087,0.34433357437276324,-3.865426540374756,-5.858605861663818,-0.4728095531463623
8.96,2.3163655165109214,1.8255921181506451,2.0460257347611743,2.6495982261340405,-96.17462921142578,-46.517147064208984,-163.33592224121094,-1.3996182680130005,-4.0273284912109375,24.638179779052734,-0.5288987157842383,-0.6174799154950347,-0.5822239280569196,0.05353174408507544,-0.7089370727999621,0.703237214021721,-0.8469949827578639,0.3407737970708232,0.40801068418969105,-4.059922695159912,-5.791472911834717,-0.4835386574268341
8.97,2.7870474294546463,1.9534328996656873,2.250173568800994,1.7058671662593705,-96.18838500976562,-46.55765914916992,-163.0894012451172,-1.351049542427063,-4.075729846954346,24.660669326782227,-0.559587698608288,-0.596308767733194,-0.5755670778378483,0.09699619085745931,-0.7368319198504795,0.6690818043024338,-0.8230755412022783,0.31858213291704984,0.4701617573352815,-4.15908670425415,-5.8404436111450195,-0.49908584356307983
8.98,2.925616358116704,2.643209539738509,3.010789630721783,2.0511829208765606,-96.2016372680664,-46.598655700683594,-162.84275817871094,-1.2999060153961182,-4.122758865356445,24.666202545166016,-0.5899625604963732,-0.5755279907592589,-0.5663141434444083,0.13876771385287803,-0.7632139677235295,0.6310689035784868,-0.7954166825033337,0.2937209071964715,0.5301323701407723,-4.097748279571533,-5.8051371574401855,-0.5146032571792603
8.99,2.925616358116704,2.643209539738509,3.010789630721783,2.0511829208765606,-96.21435546875,-46.640113830566406,-162.59616088867188,-1.2440024614334106,-4.170219898223877,24.650753021240234,-0.6192654409826758,-0.5561621685439568,-0.5542508059398876,0.1779682458476724,-0.7869388433710723,0.5908083955595935,-0.7647467666322194,0.26722817791969833,0.5863032354091895,-3.933455228805542,-5.703731536865234,-0.5263972878456116
9.0,2.3969701395862915,1.7979980798260926,1.367901226653095,2.0834275507094664,-96.22650146484375,-46.68205261230469,-162.34982299804688,-1.1842329502105713,-4.216710567474365,24.613697052001953,-0.6473045962534261,-0.5384695553541264,-0.5394879958126207,0.21444874045463805,-0.8078384311650975,0.5490071100178332,-0.7314427505872269,0.23968230449794023,0.638391647442186,-3.7632625102996826,-5.608953952789307,-0.5355477333068848
9.01,2.4592967111069495,2.7791861527795882,2.6546232139951047,2.7376588573692073,-96.23807525634766,-46.724403381347656,-162.10391235351562,-1.1324573755264282,-4.249961853027344,24.56815528869629,-0.6739493686483615,-0.5223223756914044,-0.522466826076606,0.24818836019231938,-0.8261767199971342,0.505800914589747,-0.6958410640106852,0.2112140222306852,0.686435612748649,-3.6978681087493896,-5.498875141143799,-0.5477043390274048
9.02,2.0500643934249028,1.4285861273497675,2.589613188370185,1.9800181571283901,-96.24916076660156,-46.767032623291016,-161.85850524902344,-1.0813347101211548,-4.277467727661133,24.505401611328125,-0.699116331090164,-0.5070356948107727,-0.5041340692621212,0.27919323492734965,-0.8426859235957358,0.4603602629945418,-0.6582457695829347,0.18109455641006697,0.7306964270234332,-3.752847194671631,-5.435820579528809,-0.560207188129425
9.03,1.779813357900159,1.4726454664645259,2.5668365469256065,2.257944646346622,-96.25971984863281,-46.8099250793457,-161.61383056640625,-1.0319608449935913,-4.29832124710083,24.427627563476562,-0.7232436006528893,-0.49249955407858587,-0.48411040408881706,0.30780329954921964,-0.857415550251903,0.41242660313422963,-0.6182037066382383,0.14927412173119659,0.7717132975918729,-3.715664863586426,-5.493870735168457,-0.5709689855575562
9.04,1.6290247338176238,2.111240485855942,2.9778924521364694,1.446639066509917,-96.26982116699219,-46.85296630859375,-161.36996459960938,-0.9887325763702393,-4.3087382316589355,24.34172248840332,-0.7467618467746356,-0.47942969358821586,-0.460970620655639,0.3343642033335018,-0.8697610649539761,0.36292736107832674,-0.5749324514505059,0.1168882320682237,0.8098085066687537,-3.6142261028289795,-5.654386043548584,-0.5817819833755493
9.05,1.6290247338176238,2.111240485855942,2.9778924521364694,1.446639066509917,-96.27950286865234,-46.89607620239258,-161.12704467773438,-0.9475339651107788,-4.312656402587891,24.241727828979492,-0.7696663675981155,-0.46789433787230195,-0.4343829775386728,0.3588338503373296,-0.8797700690367951,0.3118379282240698,-0.5280643430874782,0.08413984914434593,0.8450257601668467,-3.509298324584961,-5.793752670288086,-0.5887008309364319
9.06,2.7372258933693647,1.6274738963184816,1.546263691753873,1.6341621655356153,-96.28877258300781,-46.9391975402832,-160.88519287109375,-0.9081868529319763,-4.310449123382568,24.127559661865234,-0.7914439438053562,-0.45804065833851804,-0.40474095310783803,0.38073977415232363,-0.887437615516171,0.25979165295561407,-0.47817748607840344,0.05150955130642916,0.8767514231137288,-3.378030300140381,-5.881581783294678,-0.5918008089065552
9.07,1.501511744210488,1.6460103904087502,2.9577775858431252,2.191050502006973,-96.29766845703125,-46.98226547241211,-160.64454650878906,-0.872191309928894,-4.301456928253174,24.003080368041992,-0.8116017322877117,-0.4499320807897323,-0.3726442684703566,0.3997706908953444,-0.8928538592769756,0.20735327505315504,-0.42601176374443506,0.019316020564086323,0.9045113976622534,-3.2456061840057373,-5.832098007202148,-0.6003369092941284
9.08,2.988118919294499,1.7097563486111549,2.663185529814837,2.763211608933498,-96.30622100830078,-47.02520751953125,-160.40518188476562,-0.8382754921913147,-4.286829948425293,23.866535186767578,-0.8296319619215137,-0.44354120509576433,-0.33908996909442357,0.41574294775699205,-0.8961689724120719,0.15504507175727317,-0.372650787129971,-0.012343916237894575,0.9278895508536157,-3.145949125289917,-5.883435249328613,-0.6100306510925293
9.09,1.7397368781389375,2.135570964278483,2.316244233067095,2.491996539705796,-96.3144302368164,-47.067989349365234,-160.16725158691406,-0.8032195568084717,-4.2681965827941895,23.709659576416016,-0.8460862522457303,-0.43874848383074533,-0.302717395762114,0.42892800619795884,-0.8975562430153022,0.10204683299005043,-0.3164787816897333,-0.04350354652758429,0.9476015102244741,-3.0334815979003906,-6.036039352416992,-0.621105968952179
9.1,1.7397368781389375,2.135570964278483,2.316244233067095,2.491996539705796,-96.32229614257812,-47.110557556152344,-159.9309844970703,-0.7709044814109802,-4.243887901306152,23.543188095092773,-0.8606053226554786,-0.4355807187333586,-0.2638710216844399,0.4391461407779973,-0.8970994310454494,0.04861355631634221,-0.25789367122294937,-0.07404085551681304,0.9633321369379761,-3.022366762161255,-6.1468586921691895,-0.6326913833618164
9.11,1.5290985601807778,2.957843724636647,2.489744326271743,1.4412159888409088,-96.32986450195312,-47.15285110473633,-159.69639587402344,-0.7434841394424438,-4.213562965393066,23.375240325927734,-0.8729561175874962,-0.4336159372194286,-0.22343866217797284,0.44617237851433744,-0.8949239784504783,-0.0064250638305715785,-0.19717460642137588,-0.10530095813279526,0.9746968158350017,-3.1338748931884766,-6.262373924255371,-0.6422812938690186
9.12,2.7121781801414544,1.4191157906394118,2.5172445466463955,1.9955152282183288,-96.3371810913086,-47.19481658935547,-159.4635009765625,-0.7199983596801758,-4.177918434143066,23.20476531982422,-0.8829040342504311,-0.4328150449417956,-0.18207581711019524,0.44975909950072773,-0.8909170407583862,-0.0631155995187764,-0.1348970671312327,-0.13761527298360288,0.9812567543314237,-3.2483997344970703,-6.273512363433838,-0.6476619243621826
9.13,2.354573098265489,2.4413195624079487,2.219102833163804,2.8392793041201765,-96.34427642822266,-47.23640060424805,-159.23231506347656,-0.7000823020935059,-4.137241840362549,23.03217315673828,-0.890184143160146,-0.4333473085836355,-0.1406495695320697,0.4498041818772944,-0.885019483938243,-0.12006960904152308,-0.07244576752257495,-0.17014882659896813,0.982751742595789,-3.1809170246124268,-6.253060340881348,-0.6553938984870911
9.14,2.8505799919229675,1.405282646176,1.600315582881149,2.3329310631697866,-96.35118865966797,-47.277549743652344,-159.0028839111328,-0.6829468607902527,-4.091018199920654,22.853174209594727,-0.8947977219722143,-0.43550103961918,-0.09836605737727565,0.44636537850371133,-0.8774120831579835,-0.17580098179932546,-0.00974605697575437,-0.20121352046764052,0.9794989196290337,-3.150035858154297,-6.272150039672852,-0.6676387190818787
9.15,2.6412969331817737,2.9169874605520265,2.366545741275285,2.484628776515117,-96.35794067382812,-47.31821060180664,-158.77523803710938,-0.6698620915412903,-4.040838718414307,22.67873764038086,-0.8966858856933003,-0.4390996055749932,-0.056088847218560355,0.43949854536470573,-0.8679578204081692,-0.2312795940298409,0.05287202493501927,-0.23203611437917535,0.9712691648575512,-3.169541358947754,-6.248579502105713,-0.6835245490074158
9.16,2.6412969331817737,2.9169874605520265,2.366545741275285,2.484628776515117,-96.36459350585938,-47.35835266113281,-158.54930114746094,-0.6605481505393982,-3.9855101108551025,22.504783630371094,-0.8958198179072988,-0.44418341432272535,-0.014420412100205858,0.42941103137291414,-0.8567545930030741,-0.2856181603179086,0.11451209534273571,-0.26205469239977847,0.95823500155832,-3.195436477661133,-6.15941858291626,-0.6977705955505371
9.17,1.9339946229542095,2.24287456596049,2.609911657434206,1.5291662353621944,-96.37116241455078,-47.39789962768555,-158.3251495361328,-0.6550862193107605,-3.9238078594207764,22.328874588012695,-0.8923269347359449,-0.45066117838305225,0.02563481701031206,0.41633955220549773,-0.8436513786797243,-0.3389892749352502,0.1743961548144885,-0.29181647237638897,0.9404409219274339,-3.2900004386901855,-6.039137840270996,-0.7082330584526062
9.18,2.261030674937026,1.785546070516393,2.6020650667164054,2.0145382991138945,-96.37772369384766,-47.43682098388672,-158.1027069091797,-0.6533588171005249,-3.861345052719116,22.16935920715332,-0.8864024686655907,-0.4584850120300353,0.06389176228094973,0.40041566286207303,-0.8286462201978826,-0.39116842751746894,0.23228852851200732,-0.3211493974703691,0.9180986352381457,-3.303328514099121,-5.9606828689575195,-0.7158050537109375
9.19,2.6324810469157836,2.02143720249,2.017184117001958,1.9270545401907964,-96.38428497314453,-47.47512435913086,-157.88172912597656,-0.6548000574111938,-3.798640012741089,22.026212692260742,-0.8781503231353067,-0.4675260319837726,0.10134801130197353,0.3815154276666647,-0.812248529449622,-0.44124630860693737,0.28861390893316025,-0.3488147586104049,0.891644702639951,-3.211271286010742,-5.967769622802734,-0.7233591079711914
9.2,2.3403000304914925,1.6306430675412722,1.7005209979885962,2.4416994633366405,-96.3908462524414,-47.512786865234375,-157.66213989257812,-0.6595773696899414,-3.7335667610168457,21.893909454345703,-0.8675550918996167,-0.4776729551503666,0.1384800001334605,0.3596285823056971,-0.7948527801617586,-0.488749773051525,0.34353376152547477,-0.3742159881499435,0.8613634244063996,-3.115403890609741,-5.9312310218811035,-0.7338368892669678
9.21,2.3403000304914925,1.6306430675412722,1.7005209979885962,2.4416994633366405,-96.39747619628906,-47.5497932434082,-157.44381713867188,-0.6672666072845459,-3.667741298675537,21.775651931762695,-0.8547495160929464,-0.48889541332185305,0.17431161628454023,0.3352903428104326,-0.7764436804264903,-0.5335874784361316,0.3962116237024564,-0.3976386374066548,0.8275867708491008,-3.098358631134033,-5.87955904006958,-0.7472423315048218
9.22,2.516307523115577,1.623632776126068,1.9595448277912615,2.808575557755788,-96.40420532226562,-47.58613967895508,-157.22657775878906,-0.6776779294013977,-3.601444959640503,21.671890258789062,-0.839754424582412,-0.5012651542583298,0.20867618819749142,0.30845887407102845,-0.7567092460705982,-0.5764063149533497,0.4468396014243763,-0.4196717312824865,0.7900696226037709,-3.1379010677337646,-5.873890399932861,-0.7625447511672974
9.23,1.9113976351535689,3.039272790741122,2.6032968941362014,2.6194241936982503,-96.41104888916016,-47.62181091308594,-157.01034545898438,-0.6917855739593506,-3.5318009853363037,21.579010009765625,-0.8225858011537468,-0.5147888662808087,0.24154714424635246,0.2790764662749471,-0.7355786385849243,-0.6172846931757158,0.4954482068912318,-0.44035950042081395,0.7487420014112968,-3.1803019046783447,-5.905885219573975,-0.7788223624229431
9.24,2.2553795772323975,2.6110763662766407,2.198299620930805,1.6726583795590293,-96.41806030273438,-47.65675354003906,-156.79498291015625,-0.7111834287643433,-3.4550483226776123,21.493770599365234,-0.8032276954975555,-0.5294944625386022,0.27287521566943923,0.24701083310524435,-0.7129284374053317,-0.6562916207505967,0.5420432801117816,-0.459748471753576,0.7034347341480316,-3.3118467330932617,-5.94255256652832,-0.7903707027435303
9.25,2.909545772003254,1.8288204303000573,3.047462117477245,2.761414647924699,-96.42528533935547,-47.69090270996094,-156.58042907714844,-0.7333841323852539,-3.3774895668029785,21.424640655517578,-0.7819373449470779,-0.5455209808508402,0.3016303168261633,0.21259861187247522,-0.6882522493908934,-0.6936214179494978,0.5859827802990554,-0.47824230329396056,0.654147139818769,-3.426905870437622,-5.870142936706543,-0.7977474331855774
9.26,2.909545772003254,1.8288204303000573,3.047462117477245,2.761414647924699,-96.43274688720703,-47.72427749633789,-156.366455078125,-0.7594127058982849,-3.296473979949951,21.369672775268555,-0.7591014076679908,-0.5624500470842689,0.32774227284770374,0.17647512404688906,-0.662416511608155,-0.7280528110937547,0.6265952309658207,-0.49482755550169916,0.6020997482536453,-3.365680694580078,-5.856700420379639,-0.8080825805664062
9.27,2.457974220876493,2.8733461132721976,2.4495780761733643,3.038159886962484,-96.44049835205078,-47.75680923461914,-156.15298461914062,-0.7905147075653076,-3.209152936935425,21.326757431030273,-0.7343327991348062,-0.5797276269374083,0.353088117444302,0.1378218299537521,-0.63667800800057,-0.758713554193297,0.6646506475608364,-0.5084849975111823,0.547432666181891,-3.207632303237915,-5.9663214683532715,-0.8211555480957031
9.28,1.4409368360183008,2.7744251190534452,1.954319771372501,1.6327318782764175,-96.44857788085938,-47.7884521484375,-155.9398651123047,-0.8252818584442139,-3.119055986404419,21.299287796020508,-0.7075010042548107,-0.5973350800064925,0.37766801714213394,0.09657493253561139,-0.6111072521145677,-0.7856342716676278,0.700082574689712,-0.5193637729054837,0.49004658963123554,-3.2218987941741943,-6.029493808746338,-0.833252489566803
9.29,2.66035320908298,2.73888680203076,2.8505865432180446,2.254482067019806,-96.45699310302734,-47.8192138671875,-155.7269287109375,-0.8578371405601501,-3.0382864475250244,21.29433250427246,-0.6790336193510005,-0.616015987548614,0.39929643984837426,0.05358378363776245,-0.5840611333084365,-0.8099391154213544,0.7321489752244019,-0.528580074958346,0.42960561266688235,-3.406883955001831,-5.979354381561279,-0.8410968780517578
9.3,1.9854441593958916,1.9061512760819586,2.480494749247172,2.6888334677128705,-96.46573638916016,-47.84920883178711,-155.513916015625,-0.8925324082374573,-2.957118272781372,21.305147171020508,-0.6495167131468176,-0.635801747347892,0.4169942174806762,0.009679582559837363,-0.5552957758661516,-0.8315966011153939,0.7602856996053664,-0.5360995610654569,0.3668281826700376,-3.4967598915100098,-5.892085075378418,-0.8477704524993896
9.31,2.970124569295941,1.8818077154585384,1.4163246378046372,2.328767902629432,-96.474853515625,-47.87834930419922,-155.30075073242188,-0.9303492307662964,-2.8728930950164795,21.329444885253906,-0.6189975310000793,-0.6561011464481274,0.4317097893785345,-0.03526070578612561,-0.5259039619042598,-0.8498127473042911,0.7846010063996032,-0.5412543842620172,0.30239866447104946,-3.529778242111206,-5.927779674530029,-0.8576627373695374
9.32,2.970124569295941,1.8818077154585384,1.4163246378046372,2.328767902629432,-96.48434448242188,-47.90669250488281,-155.0872802734375,-0.9666954874992371,-2.7943150997161865,21.369892120361328,-0.5872206267739334,-0.6768847269827855,0.4438456960123296,-0.08176380354986068,-0.49593621437936386,-0.8645009842077254,0.8052866669207239,-0.5439433220883461,0.23587930480482022,-3.5720300674438477,-5.899892807006836,-0.8730665445327759
9.33,1.8400191667803756,1.4683147762420399,2.643343551512465,2.1932943802564706,-96.49418640136719,-47.93423843383789,-154.87332153320312,-1.003066897392273,-2.7179033756256104,21.423572540283203,-0.5550609424298392,-0.6980003820024123,0.4524409540629428,-0.12816558508165982,-0.4656620996225919,-0.8756325666486804,0.82187647063873,-0.5440167972586567,0.1690112165238123,-3.5967602729797363,-5.730527877807617,-0.8917341828346252
9.34,2.719742882536761,1.6640531756188275,2.363164488164169,2.9399210385500805,-96.50440979003906,-47.9610481262207,-154.6587677001953,-1.0391552448272705,-2.6436150074005127,21.48866844177246,-0.5227425986732552,-0.7191981980375155,0.45770528451386966,-0.17424049022562682,-0.4354316714890037,-0.8831984550655789,0.8344941144779063,-0.5414362486977418,0.10230523690335688,-3.5687053203582764,-5.7253499031066895,-0.9065885543823242
9.35,2.9357401515517862,1.7921530427529988,2.602000101582709,1.8888262621332619,-96.51498413085938,-47.987098693847656,-154.4435272216797,-1.0781888961791992,-2.5647659301757812,21.562963485717773,-0.4894750258096069,-0.7400989731138138,0.4611590930520214,-0.22164308034831648,-0.40588351967976066,-0.8866413668367155,0.8433792409363622,-0.5362015278309524,0.034632030107373396,-3.5218276977539062,-5.84616756439209,-0.9210869669914246
9.36,2.9424217027973185,1.5844300852509516,1.9296879157771403,2.2638848481311755,-96.52597045898438,-48.012332916259766,-154.2274932861328,-1.1195333003997803,-2.4823532104492188,21.6456356048584,-0.4553698770689625,-0.7605311126818559,0.46285062568942914,-0.27006539697055776,-0.37738640438871274,-0.8858014355044216,0.8483530847573626,-0.5283672287580458,-0.03354273628089957,-3.387730121612549,-5.869931221008301,-0.9357859492301941
9.37,2.9424217027973185,1.5844300852509516,1.9296879157771403,2.2638848481311755,-96.5373764038086,-48.0367546081543,-154.01058959960938,-1.1594133377075195,-2.403390645980835,21.735336303710938,-0.42104684157450595,-0.7799292794398639,0.46306573644845295,-0.31826171496625066,-0.3510322695856453,-0.8806167307610572,0.8493697887180085,-0.5181569885488045,-0.1004206016271566,-3.2220139503479004,-5.810575008392334,-0.9505495429039001
9.38,2.979826041822955,2.0222687364370815,3.06197236554039,1.4709470484325333,-96.54916381835938,-48.06040573120117,-153.7927703857422,-1.1981382369995117,-2.3270263671875,21.830060958862305,-0.3867843971230408,-0.7984198139272224,0.46143648628016576,-0.3656122579740916,-0.3266041321545453,-0.8715832821243548,0.8465964250817813,-0.5058216499795121,-0.16558668862789605,-3.1032564640045166,-5.735010147094727,-0.9668062329292297
9.39,1.50460898936814,1.6570687543253684,1.7729644859185125,2.738555700870246,-96.56133270263672,-48.083290100097656,-153.573974609375,-1.238148808479309,-2.2483344078063965,21.928905487060547,-0.35274354519081,-0.8158491270663698,0.45821631702860777,-0.41182384594092414,-0.3043570646660912,-0.858934163427132,0.8402220606724422,-0.4916878878443961,-0.22862613522183248,-2.872530937194824,-5.648571014404297,-0.9782170653343201
9.4,2.555708245069333,1.6842763427377494,2.461126447509828,2.5303924039923595,-96.57391357421875,-48.10538864135742,-153.3542022705078,-1.2752513885498047,-2.1750051975250244,22.02834701538086,-0.3188910448583125,-0.8319297388811869,0.4540940553170167,-0.4569701805377967,-0.2847870863750735,-0.84265922503302,0.8303533920015183,-0.476223923169633,-0.28935103143499635,-2.8176746368408203,-5.682085037231445,-0.9875445365905762
9.41,2.8139716300169946,1.4867184765495445,1.7932603528128412,2.371025070687841,-96.58684539794922,-48.12678527832031,-153.13340759277344,-1.311481237411499,-2.1030173301696777,22.12800407409668,-0.2846636644017896,-0.8478207355920663,0.4473998194785883,-0.50205587251474,-0.2657311756152261,-0.8229986896585033,0.816643434457664,-0.4588975295273205,-0.35000936894733775,-2.8646762371063232,-5.789927005767822,-0.999459981918335
9.42,2.8139716300169946,1.4867184765495445,1.7932603528128412,2.371025070687841,-96.60014343261719,-48.14744567871094,-152.91163635253906,-1.3476439714431763,-2.030479669570923,22.227020263671875,-0.2502959664496673,-0.8631025517093236,0.438640985786647,-0.5466483917578093,-0.24794936253359906,-0.7998103834083317,0.7990791356102521,-0.43997170233099797,-0.4097528964880371,-2.8132131099700928,-5.812712669372559,-1.0138527154922485
9.43,2.487152316963607,2.1055242761668085,2.6616849172718684,2.0679374057747695,-96.6137924194336,-48.16740417480469,-152.68887329101562,-1.3813914060592651,-1.9614415168762207,22.322355270385742,-0.2162816254143671,-0.877547751483522,0.4279394844768757,-0.5898035937727734,-0.23185877372555996,-0.773545880875337,0.7780449725310491,-0.41970400631003546,-0.4674340250842518,-2.7517518997192383,-5.774712562561035,-1.029869794845581
9.44,2.647821220864171,2.9588112151538546,2.3552136176268332,2.5695066509945415,-96.62776947021484,-48.18667221069336,-152.46517944335938,-1.4151561260223389,-1.8912400007247925,22.41543960571289,-0.1828253296882329,-0.891066906880381,0.4154210710676811,-0.6311957518963341,-0.21757593119307467,-0.7444814550769467,0.7537684137799954,-0.39832208277736364,-0.5226592549257046,-2.6717424392700195,-5.747681140899658,-1.0417404174804688
9.45,2.1687378459721254,1.9967057673931188,2.1877810198325753,1.7853050306318963,-96.64209747314453,-48.2052116394043,-152.2405548095703,-1.4509528875350952,-1.8161225318908691,22.508533477783203,-0.15006325886001226,-0.9036840285354591,0.401043881526993,-0.6707004174440169,-0.20497646888397403,-0.7128433188606589,0.7263896808055128,-0.3759518902383403,-0.5753418182658762,-2.6921212673187256,-5.680279731750488,-1.0498080253601074
9.46,1.986646762785512,2.0675331646890176,2.919852688374741,2.4897717924780234,-96.65676879882812,-48.2230110168457,-152.01504516601562,-1.4824190139770508,-1.7471954822540283,22.592697143554688,-0.11835611036066429,-0.9157911570994041,0.38382077551746596,-0.7078313318320572,-0.1932770334156937,-0.679425341027905,0.6963954600779291,-0.3520945113638716,-0.6253501565125622,-2.732607126235962,-5.595392227172852,-1.057346224784851
9.47,1.7377454838711732,2.065893774533441,1.6203673595260253,2.259058293531404,-96.6717300415039,-48.24016571044922,-151.78875732421875,-1.5101394653320312,-1.6830791234970093,22.668262481689453,-0.0876177652735617,-0.9270934987966574,0.36444584192639506,-0.7429079104310229,-0.1829168160618283,-0.6439171336599253,0.6636346614120437,-0.32716827916345315,-0.6727183313109185,-2.7258875370025635,-5.643368244171143,-1.0640153884887695
9.48,1.7377454838711732,2.065893774533441,1.6203673595260253,2.259058293531404,-96.68695068359375,-48.25668716430664,-151.5617218017578,-1.5339196920394897,-1.6239285469055176,22.73368263244629,-0.057539943074330094,-0.9376356637210058,0.3428243239174727,-0.7765420871565824,-0.1737788649243498,-0.6056263641719242,0.6274324998161176,-0.3010652225416844,-0.7181143293030882,-2.830035924911499,-5.7053937911987305,-1.071947455406189
9.49,2.8232028879272155,2.791865470947912,2.120653175921161,1.4109683026256423,-96.70237731933594,-48.27266311645508,-151.33412170410156,-1.5525457859039307,-1.571699857711792,22.785980224609375,-0.028536067970474865,-0.9477725573409517,0.3176678648780467,-0.8081172413928321,-0.16517194504065552,-0.5653890277809837,0.5883300238713163,-0.27284685837091693,-0.7611979866557039,-3.0310115814208984,-5.6966753005981445,-1.0818148851394653
9.5,2.075320022957734,1.729171590438888,2.3023812235844425,2.2228179222769326,-96.7179946899414,-48.28812026977539,-151.1060333251953,-1.5700916051864624,-1.5188205242156982,22.834400177001953,-0.001073300900721115,-0.9573198232693361,0.2890287252173108,-0.8370739878156261,-0.15726442817821806,-0.5239990825871961,0.5470886463340484,-0.24250083629823907,-0.8011787300265986,-3.1123857498168945,-5.5251007080078125,-1.0903643369674683
9.51,2.0207071636728857,2.536431841495425,2.2457449456046943,2.22104542775589,-96.73377990722656,-48.30304718017578,-150.87745666503906,-1.5851157903671265,-1.4675670862197876,22.876577377319336,0.024347200469223233,-0.9656902250208173,0.2585529019921358,-0.8627629944024753,-0.15094954386293946,-0.48254973909146925,0.5050220087471298,-0.21132114070015343,-0.8368369890093291,-3.0949931144714355,-5.4077277183532715,-1.0987087488174438
9.52,2.713960800430864,1.8454146316035884,1.9194987214368286,2.348496174713492,-96.74968719482422,-48.317481994628906,-150.6485137939453,-1.5968528985977173,-1.4192225933074951,22.911603927612305,0.0481603041783152,-0.9728409795691535,0.22640895205883943,-0.8860693435356004,-0.14623811075711413,-0.4398812719457148,0.4610441449013771,-0.17942921566210934,-0.8690474400278951,-3.1548891067504883,-5.395949840545654,-1.106904149055481
9.53,2.713960800430864,1.8454146316035884,1.9194987214368286,2.348496174713492,-96.76570129394531,-48.331443786621094,-150.41925048828125,-1.6054567098617554,-1.3734489679336548,22.940872192382812,0.07025706501732489,-0.9788640896210868,0.1920651943102465,-0.9069236039516296,-0.14285925882114522,-0.3963342134669439,0.4153956203555105,-0.14634317961338134,-0.897791820173311,-3.209594964981079,-5.338860034942627,-1.1176012754440308
9.54,2.5629926636578952,1.7553635761200308,2.38159010305203,1.8126105158949544,-96.78179168701172,-48.344966888427734,-150.18971252441406,-1.6102957725524902,-1.331404209136963,22.963096618652344,0.09053348362742511,-0.9835515528472331,0.15630109159593086,-0.9251786005644141,-0.14114764210283712,-0.35230938134895307,0.36857596964527595,-0.1127106295812699,-0.9227394369915263,-3.2062816619873047,-5.263824462890625,-1.131402611732483
9.55,1.6237924133977577,2.5445856872700805,1.9298911298723673,2.3656763354880153,-96.79788970947266,-48.35807418823242,-149.95999145507812,-1.6112521886825562,-1.293494701385498,22.97805404663086,0.10896437789012553,-0.9868023926226632,0.11978231198806166,-0.9408413595483907,-0.14127466195480903,-0.3079918928359814,0.32084934239320817,-0.07913600826262249,-0.9438184103322546,-3.121889114379883,-5.198012351989746,-1.1433672904968262
9.56,1.9316451588930872,1.9449116206454264,1.6663326206731355,1.4323478021258336,-96.8139877319336,-48.3708381652832,-149.73019409179688,-1.6084848642349243,-1.2597073316574097,22.98651885986328,0.12555632346900167,-0.9886166910315778,0.08290143455165103,-0.9539996581692781,-0.14324530996355211,-0.2633731827395242,0.27225036611517783,-0.046019771698913636,-0.9611253397777689,-3.181227445602417,-5.160752296447754,-1.1517858505249023
9.57,2.6334370983582875,1.6612384302159704,2.4667574436644863,1.3897114919835714,-96.83004760742188,-48.38328552246094,-149.50033569335938,-1.6017814874649048,-1.231357455253601,22.983806610107422,0.14024525386714445,-0.9891454006493462,0.043847977627075346,-0.9646941874476821,-0.1464812138710411,-0.2188798270456247,0.22292687920570828,-0.011603032237765279,-0.9747661135731448,-3.3057026863098145,-5.076154708862305,-1.1593906879425049
9.58,2.30172722104809,1.8070726878745178,1.8556553315205764,1.9945346727724655,-96.84602355957031,-48.39547348022461,-149.27053833007812,-1.5917792320251465,-1.2066327333450317,22.97712516784668,0.15295116644213116,-0.9882253484335961,0.004074481229460913,-0.9728452229990254,-0.15129293791841678,-0.17516454842230658,0.173718487133546,0.02282778240022071,-0.9845307407992502,-3.1991701126098633,-4.958337306976318,-1.1673778295516968
9.59,2.30172722104809,1.8070726878745178,1.8556553315205764,1.9945346727724655,-96.86187744140625,-48.40742492675781,-149.04075622558594,-1.5787469148635864,-1.184620976448059,22.9716854095459,0.16377012526997897,-0.9858943157561412,-0.03452164869738395,-0.9785797918488789,-0.15793098967586633,-0.13205829578260653,0.12474348501649457,0.0554093914398235,-0.9906406322608658,-3.079174518585205,-4.868871212005615,-1.1765100955963135
9.6,2.2278479845329846,1.8332287230445863,2.9023322738741157,2.7960519960165136,-96.8775863647461,-48.41917419433594,-148.8111114501953,-1.5627411603927612,-1.166062593460083,22.964942932128906,0.17280833756688924,-0.9822578232041119,-0.0728481106253782,-0.9820215332188134,-0.16611729576532402,-0.08965908956813294,0.07596701101095578,0.08703225150445752,-0.9933047872813892,-3.0610976219177246,-4.793476581573486,-1.186736822128296
9.61,2.198273225205792,1.8487333323583954,2.566276816055009,1.9303982040238261,-96.89311218261719,-48.430755615234375,-148.5814666748047,-1.543113350868225,-1.1503058671951294,22.96636962890625,0.18006464794208007,-0.9773419365111394,-0.11126302934106196,-0.9832825807629818,-0.17573000428386856,-0.047689956620667634,0.02705714193303453,0.11799027388326039,-0.9926460629747987,-3.046060562133789,-4.85258674621582,-1.1963889598846436
9.62,1.8323597639095786,2.670382080836759,2.346961573855551,2.703450139551423,-96.90843200683594,-48.44219207763672,-148.35182189941406,-1.5202136039733887,-1.1381622552871704,22.970436096191406,0.1853478590270886,-0.9712035890696793,-0.14969889689723054,-0.982398478185347,-0.18673382780292136,-0.004869046434642699,-0.023225012662822828,0.147966435830029,-0.9887196431014048,-2.9864673614501953,-4.952203273773193,-1.204413652420044
9.63,1.5413395022831304,1.691852929318319,2.7793231921140342,2.825137817228033,-96.92350006103516,-48.45352554321289,-148.12210083007812,-1.494106650352478,-1.1300370693206787,22.97634506225586,0.18863413599923193,-0.9638822751835383,-0.18801096330487999,-0.9792388849778182,-0.19908414030240298,0.03816688653076368,-0.07421838642292311,0.17690806840576484,-0.9814250691977043,-3.0613934993743896,-4.998724460601807,-1.2109522819519043
9.64,1.5413395022831304,1.691852929318319,2.7793231921140342,2.825137817228033,-96.93830108642578,-48.46480178833008,-147.89230346679688,-1.4649243354797363,-1.1258866786956787,22.984813690185547,0.18976212124737274,-0.9550416521015861,-0.22778450362298513,-0.973715467639714,-0.21282501202614307,0.08114001685509284,-0.12597033547176928,0.20639999274986512,-0.9703249546280797,-3.2124791145324707,-5.169028282165527,-1.2182340621948242
9.65,2.9875602076020966,2.7489546014272377,1.7137728862679007,2.2796661625829473,-96.95279693603516,-48.47605514526367,-147.6623992919922,-1.4332633018493652,-1.1255927085876465,22.99380874633789,0.1881853572516493,-0.9446200661315444,-0.26884791607469566,-0.9655344549420842,-0.22805309090111436,0.12543924445778987,-0.17980402563836612,0.23597609707783024,-0.9549794730632449,-3.3158702850341797,-5.456009387969971,-1.2268733978271484
9.66,2.227887631907991,1.379463437198152,1.7041529267322155,2.120778673908601,-96.96694946289062,-48.487327575683594,-147.43238830566406,-1.3975059986114502,-1.1299879550933838,23.010393142700195,0.1837860179252048,-0.9325601856045046,-0.31073171682415635,-0.9544659309026396,-0.2448755917394234,0.17038407001954264,-0.2349840129909979,0.2652686276127628,-0.9351016355686089,-3.425375461578369,-5.4697041511535645,-1.2380461692810059
9.67,1.7746880477592475,2.410846664733106,1.3823377733360764,1.674773231440544,-96.9807357788086,-48.49866485595703,-147.2021942138672,-1.3609715700149536,-1.137290596961975,23.025257110595703,0.17741629361703096,-0.9188183180936866,-0.3525568849060872,-0.9409601763578059,-0.26331992714924607,0.2127358984158578,-0.2883008936300439,0.2939991739811598,-0.911288692144544,-3.4836971759796143,-5.3536696434021,-1.2518725395202637
9.68,1.7590675273211347,2.241705817731473,2.4641454421613576,1.8133797193187107,-96.9941635131836,-48.51007843017578,-146.97189331054688,-1.325394630432129,-1.1461231708526611,23.03634262084961,0.16908138161303046,-0.9034848543403624,-0.39386114859097576,-0.9251660125690444,-0.2832718464339155,0.2526359242170736,-0.3398225059923541,0.32167091723606933,-0.8837694752737176,-3.5937986373901367,-5.232936382293701,-1.263614535331726
9.69,1.7590675273211347,2.241705817731473,2.4641454421613576,1.8133797193187107,-97.0072250366211,-48.52159881591797,-146.74143981933594,-1.286383867263794,-1.1589199304580688,23.05621910095215,0.15900321287006416,-0.8862164033534972,-0.43513039967829087,-0.907424733757918,-0.3048260228654567,0.28924288815526666,-0.3889708611983282,0.34885753856154544,-0.8526430008669579,-3.708233594894409,-5.133692264556885,-1.2711613178253174
9.7,1.5933897589218173,1.8507761889578993,2.5134614739719368,3.037277708592126,-97.0198745727539,-48.53327178955078,-146.5107421875,-1.2431652545928955,-1.1760483980178833,23.08635902404785,0.14684526266382097,-0.8672571919444241,-0.4757115006533537,-0.8876973526868415,-0.3277094262027895,0.3234191429254176,-0.4363827206317485,0.374795270779276,-0.8179844901558481,-3.7557127475738525,-5.114283561706543,-1.2769911289215088
9.71,2.7253229898182267,2.8187250476163555,2.3681115452046173,2.4258839478648277,-97.03207397460938,-48.54513931274414,-146.27969360351562,-1.195563554763794,-1.197583794593811,23.12644386291504,0.13228094736201962,-0.8466290849532241,-0.5154812736426738,-0.8658418468273044,-0.351851798465965,0.3556939811115009,-0.4825138829585004,0.39927372118326604,-0.7795901797257184,-3.8684158325195312,-5.233275413513184,-1.285529375076294
9.72,2.7107727232795797,1.4726959876203831,1.7731146039075334,2.701897807754725,-97.04376220703125,-48.557247161865234,-146.0481719970703,-1.1403987407684326,-1.2256921529769897,23.180587768554688,0.1147934379453181,-0.8239311067249865,-0.5549414365278859,-0.8415240253527242,-0.3775113897438676,0.3864226512095291,-0.5278823556047713,0.42263776686968335,-0.7366936518367491,-4.001641750335693,-5.270606517791748,-1.2966437339782715
9.73,2.8991932834682776,1.4356674199676678,2.843313737199749,2.913130006462448,-97.05487823486328,-48.56966018676758,-145.81607055664062,-1.083361268043518,-1.2563215494155884,23.240083694458008,0.09533001969035229,-0.7993644275650258,-0.593235787262936,-0.815473324156915,-0.40449019880649445,0.41399388480743715,-0.5708900462736305,0.44430191425777243,-0.6904204255760188,-4.062928676605225,-5.209977626800537,-1.3120561838150024
9.74,2.109824511306858,1.5423772773147109,1.496407378974343,1.4268341158261102,-97.06542205810547,-48.58238983154297,-145.58335876464844,-1.023366093635559,-1.290031909942627,23.30599021911621,0.07375301745899178,-0.7734944274040718,-0.6294973099152535,-0.7876450448622643,-0.432347909367349,0.4389653386881526,-0.611699089193057,0.463445418620715,-0.6411260158813201,-4.002222061157227,-5.271891117095947,-1.3302158117294312
9.75,2.109824511306858,1.5423772773147109,1.496407378974343,1.4268341158261102,-97.07537078857422,-48.595458984375,-145.34996032714844,-0.9680655598640442,-1.3214116096496582,23.371042251586914,0.04973174495743701,-0.7471177352688818,-0.6628286680509415,-0.7578222173802172,-0.46050800815349685,0.46220975895304256,-0.6505630179993475,0.4793197931164493,-0.589084285597897,-3.9184558391571045,-5.2634406089782715,-1.3456319570541382
9.76,2.823518511244389,3.0191141375469845,2.252250189505525,2.4069217123911573,-97.0848159790039,-48.60880661010742,-145.11593627929688,-0.920463502407074,-1.3483330011367798,23.433759689331055,0.024396353903148985,-0.7201833424040937,-0.693354722519361,-0.7268405858383203,-0.4889613015423813,0.48230655020659563,-0.6863727709447973,0.49219183142109146,-0.5353873554613636,-3.8773975372314453,-5.126315116882324,-1.358742356300354
9.77,2.6572010305042575,2.87395659931569,2.319748036351183,2.5326574259881296,-97.09374237060547,-48.62245559692383,-144.88124084472656,-0.8598260879516602,-1.3850531578063965,23.510997772216797,-0.001608201326800142,-0.6925390698099134,-0.7213785763905889,-0.6952454087942257,-0.5177327570269139,0.4985846105244936,-0.7187706416090203,0.5023369676702392,-0.4806519901891873,-3.9177258014678955,-4.939171314239502,-1.370158076286316
9.78,1.8023778299189586,2.585997863253902,1.6568153985667102,2.280810886227891,-97.10194396972656,-48.63653564453125,-144.64569091796875,-0.7856230139732361,-1.43156898021698,23.600236892700195,-0.02784547663773968,-0.6635497717740731,-0.7476137571028187,-0.6634825379517885,-0.5471360982385363,0.5103263777597278,-0.7476734255434458,0.5102389541997809,-0.42501842119282696,-4.034308910369873,-4.753833770751953,-1.3804415464401245
9.79,2.305761078578543,1.9719708867452457,1.6119319467567743,1.5959442543478572,-97.10943603515625,-48.65107727050781,-144.40924072265625,-0.71526038646698,-1.475482702255249,23.68892478942871,-0.054426848079882816,-0.6327612455301651,-0.7724318250584989,-0.6316311552377808,-0.5773222553327343,0.5174370466351551,-0.7733561934458635,0.516054473532242,-0.3682498858197851,-4.241003513336182,-4.610481262207031,-1.3903661966323853
9.8,2.305761078578543,1.9719708867452457,1.6119319467567743,1.5959442543478572,-97.11627197265625,-48.666011810302734,-144.1719207763672,-0.6528640985488892,-1.5137532949447632,23.77532386779785,-0.08136799196070052,-0.5997232818774464,-0.7960598187689346,-0.5998409289990062,-0.6083975112683883,0.5196569331588303,-0.7959711739641663,0.5197927023887281,-0.3102344867379038,-4.382238388061523,-4.439261436462402,-1.4011187553405762
9.81,2.1660843481176393,2.390931746419648,1.749846248764484,2.009265126152391,-97.12249755859375,-48.68132781982422,-143.93373107910156,-0.5928246974945068,-1.5499358177185059,23.862228393554688,-0.10815197447013444,-0.5655763850213509,-0.817573546003289,-0.5685659009533142,-0.6394302447448386,0.5175536478266789,-0.815497373810215,0.5208188886856318,-0.25241180340250735,-4.404329776763916,-4.228898048400879,-1.4124153852462769
9.82,1.6901149312336265,2.3032410558190586,2.3502405914926445,1.7867360139375914,-97.12811279296875,-48.697025299072266,-143.69467163085938,-0.5287947058677673,-1.58784818649292,23.951034545898438,-0.13452533071761477,-0.5306565015474322,-0.8368432426450945,-0.5380334589611867,-0.6700714875415374,0.5113943670222937,-0.832119542153396,0.5190451607994352,-0.19536936458183787,-4.472658634185791,-4.03145170211792,-1.4228521585464478
9.83,1.8039872253452587,2.035506220036811,2.6556697190769833,2.0635594509942328,-97.13306427001953,-48.713104248046875,-143.4547119140625,-0.46126821637153625,-1.6267952919006348,24.0402774810791,-0.16071588722041585,-0.49451838452733754,-0.8541791211212241,-0.5081819574590762,-0.7004426670958053,0.5011298915698168,-0.8461214461931669,0.514617952928371,-0.13873305595926588,-4.563275337219238,-3.9152607917785645,-1.4302177429199219
9.84,2.2199584229669185,1.890350120325066,2.119590560397712,1.5252430863904598,-97.1373291015625,-48.72956466674805,-143.2138671875,-0.39108017086982727,-1.6658662557601929,24.128416061401367,-0.18754407917067514,-0.4574808760020712,-0.8692171572515128,-0.4786208572918885,-0.7301966434577779,0.48758069778055463,-0.8577582954033154,0.5074683339631868,-0.08201583195594873,-4.5979485511779785,-3.913066864013672,-1.4359898567199707
9.85,3.052877240824865,2.76571491649901,2.7296612485110074,1.8092548201320302,-97.14088439941406,-48.74640655517578,-142.97213745117188,-0.32153943181037903,-1.702968955039978,24.214004516601562,-0.21543673187686416,-0.42023440265368506,-0.8814703973387404,-0.44915660416960856,-0.7588719151780937,0.4715631042445518,-0.8670901680269717,0.49751026439685936,-0.02526217193206772,-4.5561418533325195,-3.873030424118042,-1.4431977272033691
9.86,3.052877240824865,2.76571491649901,2.7296612485110074,1.8092548201320302,-97.14373779296875,-48.76362991333008,-142.72959899902344,-0.24320854246616364,-1.742929220199585,24.296077728271484,-0.24327177554905105,-0.38361417156141536,-0.890875418113252,-0.42041336974677174,-0.7860075243183118,0.4532601573634761,-0.8741118016360246,0.48480133982101153,0.02993691948707883,-4.445779323577881,-3.696967840194702,-1.4503417015075684
9.87,1.6048292654998981,2.238851812722539,2.7986776260408925,1.7386902059935196,-97.1457290649414,-48.78127670288086,-142.48622131347656,-0.15446686744689941,-1.786084771156311,24.372867584228516,-0.26996937963581086,-0.34819676154377355,-0.8977057142011984,-0.3929360805778159,-0.811317171799435,0.43285757856772017,-0.879043668220868,0.4695992568071146,0.08221172280767533,-4.305835723876953,-3.458352565765381,-1.4562084674835205
9.88,1.508606180508272,3.0511697054724967,1.699350498307691,1.3747514076081226,-97.14684295654297,-48.799339294433594,-142.2421417236328,-0.0721578299999237,-1.8237920999526978,24.44439125061035,-0.29558514745548714,-0.31403421247233343,-0.902226099157301,-0.36666251001255656,-0.8348004182524403,0.4106907174953472,-0.8821496609731312,0.4522065624053156,0.1316100321501276,-4.2203145027160645,-3.3507542610168457,-1.4592267274856567
9.89,2.3617281751242216,2.10184924228787,1.5649138429111848,2.0935487996547915,-97.14718627929688,-48.81773376464844,-141.9973602294922,-0.00030158506706357,-1.8544411659240723,24.511255264282227,-0.3211216645665523,-0.28016379311846823,-0.9046486199467056,-0.34112564281112473,-0.8569001808224632,0.38646523248945275,-0.8834671314557796,0.43270120075162943,0.17959815841314858,-4.3177618980407715,-3.2178401947021484,-1.4597692489624023
9.9,2.2283051040508104,2.8288443624955506,1.678108870697498,1.526173793279314,-97.14684295654297,-48.83641815185547,-141.75193786621094,0.06973128765821457,-1.88201904296875,24.571996688842773,-0.34541587661502426,-0.245194481321674,-0.905851830329701,-0.3168568369650463,-0.8781082579338074,0.35850750650015645,-0.8833400347831972,0.4108595303480849,0.2256209858842272,-4.465237617492676,-3.006176233291626,-1.464735984802246
9.91,2.2283051040508104,2.8288443624955506,1.678108870697498,1.526173793279314,-97.14579772949219,-48.85536575317383,-141.5059356689453,0.14171786606311798,-1.9078320264816284,24.625303268432617,-0.36823704604755475,-0.20950395131470084,-0.90581983434991,-0.29389961551674787,-0.8980910008146844,0.3271934752631633,-0.8820569675011238,0.3867048598598238,0.2691372464812614,-4.572688102722168,-2.7460877895355225,-1.4711108207702637
9.92,1.8041979296072577,1.521976913809531,2.5831782260961673,2.2671738598199465,-97.14400482177734,-48.87456130981445,-141.2594451904297,0.21431975066661835,-1.931008219718933,24.671056747436523,-0.38882074031825437,-0.1731848605956388,-0.9048897369065655,-0.2725064582652418,-0.9166089078701736,0.2925206663071537,-0.8800901443046037,0.36032639935691124,0.3092025611543104,-4.681820392608643,-2.419800043106079,-1.4747766256332397
9.93,1.6902501083076888,3.0569760899505702,3.0246499170694414,2.441119776542446,-97.14151000976562,-48.89397430419922,-141.0125274658203,0.2864408791065216,-1.9508863687515259,24.709497451782227,-0.40760934504470797,-0.13650610980388594,-0.9028957325286426,-0.25245587751259546,-0.933379631965064,0.25508526523911046,-0.8775651837564946,0.3319164723525655,0.3459924907269795,-4.706563472747803,-2.319843053817749,-1.4790079593658447
9.94,1.475105933907038,2.5251657575464703,1.7590418168399349,1.4270094612147524,-97.13826751708984,-48.91358184814453,-140.76528930664062,0.36648130416870117,-1.9695286750793457,24.737098693847656,-0.42707107118464205,-0.10016487173045395,-0.8986530468586996,-0.2329743282871647,-0.9481015909120903,0.21639393630392628,-0.8736894542778612,0.30177868013029846,0.38157091831331713,-4.763560771942139,-2.3817179203033447,-1.4808038473129272
9.95,2.638740310303298,2.1028056737483207,2.6154930148396454,1.4474683557780241,-97.13419342041016,-48.93335723876953,-140.51780700683594,0.44107624888420105,-1.9832899570465088,24.758827209472656,-0.4470461758929384,-0.06335238689064701,-0.8922646421856902,-0.2141964271234014,-0.9608874973762814,0.1755423253620514,-0.8684869643391716,0.269595423665174,0.41599122624368645,-4.905163288116455,-2.312455654144287,-1.4805828332901
9.96,2.638740310303298,2.1028056737483207,2.6154930148396454,1.4474683557780241,-97.12943267822266,-48.95323944091797,-140.2701416015625,0.5109590888023376,-1.9922806024551392,24.7741756439209,-0.4662078103556858,-0.026446412207133868,-0.8842798566317834,-0.1964368974079303,-0.9715062829883845,0.1326200869055642,-0.8625907621230958,0.23553371180250077,0.4477287657772654,-4.864055633544922,-2.1483983993530273,-1.4821816682815552
9.97,1.8616698380643175,1.8092154256862842,2.4616451325325635,1.8830507535903216,-97.12397766113281,-48.97319793701172,-140.0223388671875,0.5846729874610901,-1.9981005191802979,24.779417037963867,-0.48423988822865766,0.00837678746412765,-0.8748951709091086,-0.17965954183611546,-0.9795977613668166,0.0900592857642061,-0.856290943357183,0.20079356403257223,0.47586528027117414,-4.646426200866699,-1.9809259176254272,-1.4846302270889282
9.98,2.801131071817273,1.4671690911514943,2.975330173970738,2.002658321163509,-97.1177749633789,-48.993186950683594,-139.7745361328125,0.654715895652771,-1.999729871749878,24.77886390686035,-0.501392120513726,0.040655461847134415,-0.8642644704653464,-0.1637206251682769,-0.9853073509924934,0.048631070054688884,-0.8495890173379468,0.1658811547528883,0.500681479702006,-4.486202716827393,-1.9104721546173096,-1.486918568611145
9.99,2.68737307475151,1.65685557618351,2.1719600355991546,2.7955736675241427,-97.11087036132812,-49.01317596435547,-139.52676391601562,0.7256366610527039,-1.997628927230835,24.770343780517578,-0.5186921501479516,0.07080780727483746,-0.8520238892213201,-0.1484818498092887,-0.9888810452323185,0.008210886520293469,-0.8419688792657996,0.13076900553711793,0.5234385097972125,-4.269651412963867,-1.932606816291809,-1.490966558456421
