time,FL,FR,BL,BR,x,y,z,vx,vy,vz,r1x,r1y,r1z,r2x,r2y,r2z,r3x,r3y,r3z,wx,wy,wz
0.01,4.18,4.18,4.18,4.18,-1.0,8.0,-3.9998252391815186,-2.8261845988475365e-12,2.2730345383692452e-11,0.01367597933858633,0.7071067350592308,0.7071068273138611,2.532394364006e-10,-0.7071068273138611,0.7071067350592308,-1.9340666235279005e-09,-1.5466590250379136e-09,1.1885242011258656e-09,1.0,3.5577528478825116e-07,4.636457902051916e-07,-1.4642923256981107e-17
0.02,4.17999967567553,4.179999768177105,4.179999907498425,4.18,-1.0,8.0,-3.999945878982544,-9.487587104839434e-11,7.3713696258082e-10,-0.04157987982034683,0.7071067350592308,0.7071068273138611,1.5750943466290086e-09,-0.7071068273138611,0.7071067350592308,-1.2887501258606283e-08,-1.0226599947831573e-08,7.99907897187998e-09,0.9999999999999999,1.0262749583489494e-06,1.2836037512897747e-06,-3.2386662080292796e-16
0.03,4.179999091366636,4.179999358198124,4.179999733168511,4.18,-1.0,8.0,-4.000687122344971,-4.633544103960219e-10,3.812615112508411e-09,-0.10707543790340424,0.7071067350592308,0.7071068273138612,4.048077596324985e-09,-0.7071068273138608,0.7071067350592306,-3.472869846493049e-08,-2.741932272068054e-08,2.1694473278535844e-08,0.9999999999999993,1.7065488009393448e-06,2.124676484527299e-06,-4.090879024420957e-10
0.04,4.179998493959069,4.179998938479933,4.179999557115487,4.18,-1.0,8.0,-4.00209379196167,-1.2947065641810696e-09,1.1019298362668906e-08,-0.17395000159740448,0.7071067350592307,0.7071068273138613,7.517579194189258e-09,-0.7071068273138593,0.7071067350592295,-6.65123984934045e-08,-5.234710195525886e-08,4.1715633366545904e-08,0.9999999999999978,2.3047207378112944e-06,2.8460988232836826e-06,7.012866953814978e-10
0.05,4.179997977723197,4.179998575548014,4.179999399370034,4.18,-1.0,8.0,-4.0041680335998535,-2.7306852334874065e-09,2.394241072067871e-08,-0.24100381135940552,0.7071067350592304,0.7071068273138615,1.1552256602056069e-08,-0.7071068273138567,0.7071067350592273,-1.0757505259320723e-07,-8.423573258575083e-08,6.789836469881233e-08,0.9999999999999941,2.9146215183573077e-06,3.514734544296516e-06,1.1103686858859874e-09
0.06,4.179997484831134,4.17999824041199,4.179999239977668,4.18,-1.0,8.0,-4.006914138793945,-4.838251133065796e-09,4.4065483706390296e-08,-0.308071494102478,0.7071067350592299,0.707106827313862,1.5514500274067446e-08,-0.7071068273138518,0.7071067350592231,-1.5669294262025418e-07,-1.217690571535522e-07,9.982822599687548e-08,0.9999999999999876,3.461968390183756e-06,3.989817741967272e-06,1.1688033874079906e-09
0.07,4.179997104979348,4.179998002753521,4.179999097550612,4.18,-1.0,8.0,-4.010329723358154,-7.574740834570548e-09,7.263147239200407e-08,-0.37512773275375366,0.7071067350592293,0.7071068273138624,1.893971799094652e-08,-0.7071068273138438,0.7071067350592164,-2.1214087833701027e-07,-1.6339866557597994e-07,1.3661383995468343e-07,0.9999999999999774,3.872478828270687e-06,4.324136625655228e-06,1.1687952827799108e-09
0.08,4.179996831087191,4.179997835594097,4.179998990817914,4.18,-1.0,8.0,-4.014416217803955,-1.0852231113744892e-08,1.1060058113798732e-07,-0.44216638803482056,0.7071067350592286,0.707106827313863,2.188588235819648e-08,-0.7071068273138326,0.7071067350592068,-2.726166302289597e-07,-2.0824473529239047e-07,1.7729339848678058e-07,0.9999999999999626,4.263438768248307e-06,4.654935764847323e-06,1.168785734861899e-09
0.09,4.179996564038037,4.179997670194545,4.179998889168347,4.18,-1.0,8.0,-4.0191731452941895,-1.4586532870453084e-08,1.5879376746852358e-07,-0.5091837644577026,0.7071067350592278,0.7071068273138639,2.4068231723004538e-08,-0.7071068273138179,0.7071067350591934,-3.37857581081507e-07,-2.5592021099478276e-07,2.2188256010084525e-07,0.9999999999999426,4.654398708225926e-06,4.873122179560596e-06,1.1687745216093504e-09
0.1,4.179996353295246,4.179997561101361,4.179998787518787,4.18,-1.0,8.0,-4.024599552154541,-1.8616804098314788e-08,2.179594247309069e-07,-0.5761765241622925,0.7071067350592272,0.7071068273138645,2.4979087185592277e-08,-0.7071068273137988,0.7071067350591759,-4.073561301474399e-07,-3.057071815599725e-07,2.7038138010591887e-07,0.9999999999999167,5.045358648203546e-06,5.084270469524199e-06,1.1687617540445672e-09
0.11,4.179996146071517,4.179997455527241,4.179998685869228,4.18,-1.0,8.0,-4.030696392059326,-2.2733223303816885e-08,2.887960590669536e-07,-0.6431413888931274,0.7071067350592265,0.7071068273138651,2.461851625766947e-08,-0.7071068273137752,0.7071067350591532,-4.81112151573838e-07,-3.5760560573448527e-07,3.2278972177256307e-07,0.999999999999884,5.436318588181166e-06,5.295418759487802e-06,1.1687474321675495e-09
0.12,4.179995938847787,4.179997349953124,4.179998584219671,4.18,-1.0,8.0,-4.0374627113342285,-2.6725595958509984e-08,3.720008692198462e-07,-0.7100751996040344,0.7071067350592263,0.7071068273138653,2.2986475433162664e-08,-0.7071068273137459,0.707106735059125,-5.591257503936428e-07,-4.116155270243934e-07,3.7910769013371955e-07,0.9999999999998435,5.827278528158786e-06,5.506567049451405e-06,1.1687313339336924e-09
0.13,4.179995731624057,4.179997244379013,4.17999848257012,4.18,-1.0,8.0,-4.044896602630615,-3.0383784377363554e-08,4.6826983179926174e-07,-0.776974618434906,0.7071067350592262,0.7071068273138655,2.0082993222907106e-08,-0.7071068273137112,0.70710673505909,-6.413969691798664e-07,-4.6773699569356824e-07,4.393352951328459e-07,0.999999999999794,6.2182384681364056e-06,5.717715339415008e-06,1.168713459342996e-09
0.14,4.179995524400328,4.179997138804904,4.179998380920571,4.18,-1.0,8.0,-4.053001403808594,-3.349772725869116e-08,5.782979997093207e-07,-0.8438364267349243,0.7071067350592267,0.7071068273138651,1.5907981841797777e-08,-0.7071068273136697,0.7071067350590476,-7.27925648516972e-07,-5.259698369447562e-07,5.034724861195892e-07,0.999999999999735,6.609198408114025e-06,5.928863629378611e-06,2.1621893164791572e-09
0.15,4.1799953171766,4.179997031243806,4.179998277284035,4.18,-1.0,8.0,-4.061775207519531,-3.586161057000936e-08,7.027750257293519e-07,-0.910657525062561,0.7071067350592277,0.7071068273138642,1.0660594189548135e-08,-0.7071068273136213,0.7071067350589971,-8.185129178447918e-07,-5.863142504038047e-07,5.712378180063832e-07,0.9999999999996649,6.933697477506939e-06,6.140011919342214e-06,4.850448487303538e-09
0.16,4.179995127232695,4.179996920293144,4.179998187537759,4.18,-1.0,8.0,-4.071216583251953,-3.7321015611269104e-08,8.423369877164077e-07,-0.9774345755577087,0.7071067350592294,0.7071068273138627,4.589558620971978e-09,-0.7071068273135651,0.7071067350589378,-9.127107691373605e-07,-6.486293240317514e-07,6.421386237828721e-07,0.9999999999995834,7.2464681579731405e-06,6.2878152675693855e-06,8.239997129066978e-09
0.17,4.179994972010645,4.179996839612372,4.179998099438285,4.18,-1.0,8.0,-4.081325531005859,-3.770509593437055e-08,9.97532879409846e-07,-1.0441644191741943,0.7071067350592319,0.70710682731386,-2.946596101831039e-09,-0.7071068273135016,0.7071067350588693,-1.0098667998735614e-06,-7.12000150919092e-07,7.161671739242488e-07,0.9999999999994901,7.5631483014149126e-06,6.418022621801356e-06,1.1687986578579057e-08
0.18,4.17999482457013,4.179996767612716,4.179998010205468,4.18,-1.0,8.0,-4.09210205078125,-3.678250592997756e-08,1.1688583754221327e-06,-1.1108437776565552,0.7071067350592354,0.7071068273138567,-1.1595084433922041e-08,-0.7071068273134297,0.7071067350587903,-1.1105439216761095e-06,-7.770742267522801e-07,7.93472049962775e-07,0.9999999999993833,7.88764373282902e-06,6.604536793020088e-06,1.5661942853739674e-08
0.19,4.179994646944232,4.1799966664077175,4.179997917888743,4.18,-1.0,8.0,-4.103543281555176,-3.437839168896062e-08,1.3568792383011896e-06,-1.1774696111679077,0.7071067350592399,0.7071068273138517,-2.1465324139813665e-08,-0.7071068273133487,0.7071067350587004,-1.214433600247125e-06,-8.435560147846028e-07,8.739124552667389e-07,0.9999999999992624,8.200409865821712e-06,6.7241867327538785e-06,2.0337189710062376e-08
0.2,4.179994505800067,4.179996597232254,4.179997827219054,4.18,-1.0,8.0,-4.115650177001953,-3.0298632935910064e-08,1.5621066040694132e-06,-1.244038701057434,0.7071067350592455,0.7071068273138459,-3.195113716101436e-08,-0.7071068273132586,0.7071067350585984,-1.3215664719893326e-06,-9.118958108133951e-07,9.570814203991182e-07,0.9999999999991263,8.403711035498418e-06,6.917739938216982e-06,2.4018934396963232e-08
0.21,4.179994356165162,4.179996493092162,4.179997766997262,4.18,-1.0,8.0,-4.128424167633057,-2.4490592664960786e-08,1.7850086351245409e-06,-1.310547947883606,0.7071067350592517,0.7071068273138391,-4.2314743096905505e-08,-0.7071068273131588,0.7071067350584859,-1.4307570932877852e-06,-9.817770690554049e-07,1.0416190206374152e-06,0.9999999999989756,8.493630048178602e-06,7.065545105433557e-06,2.8518856609593968e-08
0.22,4.179994258883635,4.179996410189734,4.179997734618475,4.18,-1.0,8.0,-4.141861438751221,-1.700689367112318e-08,2.0258814856788376e-06,-1.3769938945770264,0.7071067350592584,0.7071068273138317,-5.2111928249487375e-08,-0.7071068273130492,0.7071067350583623,-1.541630799471869e-06,-1.0532489680617486e-06,1.1269462215310077e-06,0.9999999999988103,8.57181930769002e-06,7.164080670918338e-06,3.319409103141879e-08
0.23,4.179994189286644,4.179996351571482,4.179997704938797,4.18,-1.0,8.0,-4.15596342086792,-7.890772479868247e-09,2.284942638652865e-06,-1.443373680114746,0.7071067350592661,0.707106827313823,-6.254288559224603e-08,-0.7071068273129306,0.7071067350582274,-1.6537954191375517e-06,-1.1251855362202352e-06,1.2136343806844536e-06,0.9999999999986305,8.818124115350656e-06,7.237982117658248e-06,3.65251899836494e-08
0.24,4.17999408829667,4.179996307958561,4.179997634237349,4.18,-1.0,8.0,-4.17072868347168,3.010141913506459e-09,2.5624767658882774e-06,-1.5096838474273682,0.7071067350592755,0.7071068273138126,-7.446702222426743e-08,-0.7071068273128012,0.7071067350580779,-1.7690555519218873e-06,-1.1982551257068725e-06,1.3035672352824041e-06,0.9999999999984325,9.240361578122247e-06,7.357632512139389e-06,4.0674461132539363e-08
0.25,4.179993918689734,4.179996239834821,4.179997516157068,4.18,-1.0,8.0,-4.186156749725342,1.600780663579826e-08,2.859058213289245e-06,-1.5759217739105225,0.7071067350592878,0.7071068273137986,-8.933120998580316e-08,-0.7071068273126584,0.707106735057909,-1.8895252190221516e-06,-1.2729294825203304e-06,1.3992627169080013e-06,0.9999999999982109,9.920635420712642e-06,7.593414466100512e-06,4.435620581944022e-08
0.26,4.179993623927558,4.179996114580355,4.17999733192238,4.18,-1.0,8.0,-4.202247142791748,3.160673500701705e-08,3.175623987772269e-06,-1.6420841217041016,0.7071067350593032,0.7071068273137807,-1.0718694635372316e-07,-0.7071068273125002,0.7071067350577169,-2.0163804024724247e-06,-1.3500037373729726e-06,1.5015887845953364e-06,0.9999999999979614,1.0499256859475281e-05,7.790485142322723e-06,4.7745743358973414e-08
0.27,4.179993374950644,4.179996009265942,4.179997174701729,4.18,-1.0,8.0,-4.218998432159424,5.026194571655651e-08,3.5131038202962372e-06,-1.7081676721572876,0.7071067350593218,0.7071068273137588,-1.2719321321207182e-07,-0.7071068273123269,0.7071067350575035,-2.1476753723497643e-06,-1.4286967409262763e-06,1.6085749099596037e-06,0.9999999999976856,1.089413035515463e-05,7.966440534801222e-06,5.230409172440886e-08
0.28,4.17999318430584,4.179995912171549,4.179997062917924,4.18,-1.0,8.0,-4.236410140991211,7.229665754948655e-08,3.872155957651557e-06,-1.774169683456421,0.7071067350593434,0.7071068273137329,-1.4921096100698785e-07,-0.7071068273121395,0.7071067350572682,-2.2826542165279816e-06,-1.5085723054310073e-06,1.7195882595563913e-06,0.9999999999973836,1.1328098480589688e-05,8.043860361794941e-06,5.569361860580102e-08
0.29,4.179993032764214,4.179995866682582,4.179996943307158,4.18,-1.0,8.0,-4.254481315612793,9.807416034846028e-08,4.253356109984452e-06,-1.8400869369506836,0.7071067350593689,0.7071068273137018,-1.7378409457332064e-07,-0.7071068273119376,0.7071067350570097,-2.4211039476020693e-06,-1.5890952272669984e-06,1.8348628273792672e-06,0.999999999997054,1.1722971976269037e-05,8.05089803179726e-06,5.884938758526914e-08
0.3,4.179992926578271,4.179995856852209,4.179996834328511,4.18,-1.0,8.0,-4.273211479187012,1.2801281457086588e-07,4.6572017708967905e-06,-1.9059160947799683,0.7071067350593985,0.7071068273136651,-2.0062420812899652e-07,-0.7071068273117214,0.7071067350567277,-2.5624180100432835e-06,-1.6700405405496653e-06,1.953765780231128e-06,0.9999999999966969,1.2047467862430494e-05,8.124801752273925e-06,6.136231434084038e-08
0.31,4.179992805257479,4.179995814874495,4.179996744933726,4.18,-1.0,8.0,-4.292599201202393,1.624529630817051e-07,5.084129497845424e-06,-1.9716544151306152,0.7071067350594318,0.7071068273136231,-2.2943244695465424e-07,-0.7071068273114905,0.7071067350564211,-2.706695582790935e-06,-1.7516896975689847e-06,2.0761559259955015e-06,0.9999999999963106,1.2434522432158701e-05,8.20926288724877e-06,6.469338131864788e-08
0.32,4.179992662392724,4.1799957659817935,4.179996637637405,4.18,-1.0,8.0,-4.3126444816589355,2.0173325765426853e-07,5.534627689485205e-06,-2.0372986793518066,0.70710673505947,0.707106827313574,-2.605912394710927e-07,-0.7071068273112434,0.7071067350560873,-2.854428720915399e-06,-1.834120216112608e-06,2.2026516178739756e-06,0.9999999999958922,1.2829392289859243e-05,8.244453056249768e-06,6.790756401642284e-08
0.33,4.179992542131476,4.179995741958344,4.179996528542876,4.18,-1.0,8.0,-4.33334493637085,2.4624139882689633e-07,6.009177468513371e-06,-2.102846384048462,0.7071067350595126,0.7071068273135184,-2.940305789973698e-07,-0.7071068273109824,0.7071067350557275,-3.0042930769913933e-06,-1.9164451432699764e-06,2.3322668986805225e-06,0.9999999999954439,1.3091336768411566e-05,8.209261068259366e-06,7.112175381962516e-08
0.34,4.179992491621906,4.179995753125958,4.179996454008933,4.18,-1.0,8.0,-4.354701042175293,2.963357985663606e-07,6.508038040919928e-06,-2.1682941913604736,0.7071067350595601,0.707106827313455,-3.2952083968557267e-07,-0.7071068273107081,0.7071067350553426,-3.1556008972094154e-06,-1.998340533610482e-06,2.4643530830595945e-06,0.9999999999949668,1.332591364189284e-05,8.167029591277242e-06,7.46281401120541e-08
0.35,4.1799924517476565,4.179995767228924,4.179996386006172,4.18,-1.0,8.0,-4.376710891723633,3.5233446737947816e-07,7.031399491097545e-06,-2.2336392402648926,0.7071067350596123,0.7071068273133846,-3.6669968169720767e-07,-0.7071068273104207,0.7071067350549328,-3.3081397513105193e-06,-2.0799123891878746e-06,2.5985037471707524e-06,0.9999999999944609,1.3494029190042056e-05,8.156472176779062e-06,7.737477858427155e-08
0.36,4.179992413316322,4.179995767014354,4.179996336802853,4.18,-1.0,8.0,-4.399374008178711,4.144769434333284e-07,7.579423709103139e-06,-2.2988789081573486,0.7071067350596688,0.7071068273133071,-4.051244427174638e-07,-0.7071068273101185,0.7071067350544966,-3.462352639458866e-06,-2.1617869679468956e-06,2.734719129868711e-06,0.999999999993924,1.3755973668594379e-05,8.212778084271122e-06,7.947857483259213e-08
0.37,4.179992317057804,4.179995734653808,4.179996264489697,4.18,-1.0,8.0,-4.422688961029053,4.829715294363268e-07,8.152374903147575e-06,-2.3640096187591553,0.7071067350597302,0.7071068273132219,-4.4490166616547485e-07,-0.7071068273098016,0.7071067350540332,-3.6182766453963153e-06,-2.243915154485348e-06,2.8731007908961746e-06,0.9999999999933551,1.3916270290792454e-05,8.212778084271122e-06,8.280963470497227e-08
0.38,4.179992275380682,4.179995727991688,4.179996216150455,4.18,-1.0,8.0,-4.446654319763184,5.58012743567815e-07,8.750445886107627e-06,-2.4290287494659424,0.7071067350597958,0.7071068273131295,-4.856351549847339e-07,-0.7071068273094697,0.7071067350535432,-3.7754549501086887e-06,-2.326254082566528e-06,3.013045556807897e-06,0.999999999992755,1.4072657904762309e-05,8.240931492764503e-06,8.631602099740121e-08
0.39,4.179992220643198,4.179995706902211,4.179996168476903,4.18,-1.0,8.0,-4.471269130706787,6.397501124411065e-07,9.373800821776967e-06,-2.4939334392547607,0.7071067350598661,0.7071068273130293,-5.274242922440855e-07,-0.7071068273091231,0.7071067350530257,-3.9339780552899e-06,-2.408797472118754e-06,3.154687696407678e-06,0.9999999999921229,1.4244682461139746e-05,8.276122571260203e-06,8.982240728983015e-08
0.4,4.179992158321275,4.1799956822939,4.179996116737746,4.18,-1.0,8.0,-4.496532917022705,7.283433660631999e-07,1.002261706162244e-05,-2.558720111846924,0.7071067350599411,0.707106827312921,-5.701059993200017e-07,-0.7071068273087598,0.7071067350524791,-4.094230004569267e-06,-2.4919321970073434e-06,3.298183455524279e-06,0.9999999999914562,1.4494898096018005e-05,8.406331289734226e-06,9.309502502219402e-08
0.41,4.17999202816085,4.179995610644305,4.179996045136445,4.18,-1.0,8.0,-4.522443771362305,8.239147746280651e-07,1.069720383384265e-05,-2.623387336730957,0.7071067350600211,0.7071068273128052,-6.132127827806585e-07,-0.707106827308376,0.7071067350519,-4.2572951031283285e-06,-2.5767555445832933e-06,3.4439689858570597e-06,0.9999999999907497,1.4623913557443302e-05,8.52598350320477e-06,9.660141131462296e-08
0.42,4.179991934790722,4.1799955438054255,4.179996004579651,4.18,-1.0,8.0,-4.5490007400512695,9.264934419661586e-07,1.1397883099562023e-05,-2.687931776046753,0.7071067350601046,0.7071068273126827,-6.563620262026205e-07,-0.7071068273079751,0.7071067350512927,-4.421567245115678e-06,-2.66240237708364e-06,3.5906380484560175e-06,0.9999999999900094,1.4709922652400564e-05,8.603406968177296e-06,1.0045845044714952e-07
0.43,4.1799918737166255,4.179995497379615,4.179995974503209,4.18,-1.0,8.0,-4.576201915740967,1.036077151184145e-06,1.212478855450172e-05,-2.752350330352783,0.7071067350601925,0.7071068273125535,-6.995804729712439e-07,-0.7071068273075568,0.7071067350506576,-4.58695413758223e-06,-2.74878852310607e-06,3.7381442927856277e-06,0.9999999999892352,1.4819389434705954e-05,8.680830433149822e-06,1.0495835311985502e-07
0.44,4.17999180654353,4.179995449668077,4.17999593704204,4.18,-1.0,8.0,-4.604046821594238,1.1526905154823908e-06,1.2878096640633885e-05,-2.816640615463257,0.7071067350602855,0.7071068273124155,-7.435987143525641e-07,-0.707106827307117,0.7071067350499866,-4.755101346662188e-06,-2.836560967694085e-06,3.8881679158145595e-06,0.999999999988418,1.519471152278129e-05,8.877902473614085e-06,1.0957514007259306e-07
0.45,4.179991610423768,4.179995341898483,4.179995830224724,4.18,-1.0,8.0,-4.632534503936768,1.2764855910063488e-06,1.3658266652782913e-05,-2.8807995319366455,0.7071067350603848,0.7071068273122671,-7.888314662462341e-07,-0.7071068273066554,0.7071067350492775,-4.926116177294955e-06,-2.9255023384971613e-06,4.041078042032212e-06,0.9999999999875555,1.5378462194348685e-05,8.902536137611605e-06,1.1197113281014026e-07
0.46,4.17999155033176,4.179995324789665,4.179995777657563,4.18,-1.0,8.0,-4.661663055419922,1.4076391607886762e-06,1.4465606909652706e-05,-2.944824695587158,0.7071067350604896,0.7071068273121094,-8.350262044912294e-07,-0.7071068273061757,0.7071067350485352,-5.098509928464976e-06,-3.0147385263983955e-06,4.195643439365671e-06,0.999999999986654,1.5538751540589146e-05,8.934208381106146e-06,1.1430867630224384e-07
0.47,4.179991492820408,4.179995304278457,4.179995731307246,4.18,-1.0,8.0,-4.691430568695068,1.5462965166079812e-06,1.5300278391805477e-05,-3.0087132453918457,0.7071067350606004,0.7071068273119412,-8.822932268371546e-07,-0.7071068273056778,0.7071067350477582,-5.272364397029436e-06,-3.1042493782323496e-06,4.3519999392153445e-06,0.9999999999857119,1.574595989950467e-05,8.979957783594728e-06,1.1676311117980731e-07
0.48,4.179991416071534,4.179995276494886,4.179995672524203,4.18,-1.0,8.0,-4.721836566925049,1.6926315993259777e-06,1.616240115254186e-05,-3.072462558746338,0.7071067350607163,0.7071068273117628,-9.309142635989944e-07,-0.7071068273051743,0.7071067350469606,-5.4440696365996685e-06,-3.191283062858164e-06,4.50779413760579e-06,0.9999999999847478,1.528462780697737e-05,8.297244676214177e-06,1.1851626169345764e-07
0.49,4.179991877374432,4.179995614345138,4.179995788964247,4.18,-1.0,8.0,-4.752878665924072,1.8468690541340038e-06,1.7051041140803136e-05,-3.1360702514648438,0.707106735060835,0.7071068273115765,-9.810971942158306e-07,-0.707106827304696,0.7071067350461768,-5.6056212779673e-06,-3.270032643208801e-06,4.657513084130498e-06,0.9999999999838072,1.4659086446044967e-05,7.452651516359765e-06,1.2085381229098857e-07
0.5,4.179992462311766,4.179996031966617,4.1799959469299,4.18,-1.0,8.0,-4.7845563888549805,2.009249556067516e-06,1.7964428479899652e-05,-3.199533224105835,0.7071067350609559,0.7071068273113819,-1.0327975428512085e-06,-0.7071068273042462,0.7071067350454119,-5.7567758852483104e-06,-3.340357433272163e-06,4.800953194468716e-06,0.9999999999828965,1.4025727068656124e-05,6.625654805247905e-06,1.2319138420480158e-07
0.51,4.179993040483559,4.179996440789829,4.1799961069281935,4.18,-1.0,8.0,-4.816868782043457,2.1799876321892953e-06,1.8900806026067585e-05,-3.2628486156463623,0.707106735061078,0.7071068273111808,-1.0854888607984603e-06,-0.7071068273038247,0.7071067350446673,-5.898281143997878e-06,-3.4031583820351475e-06,4.9382709066375015e-06,0.9999999999820159,1.3423645214061253e-05,5.932385647611227e-06,1.2576272467867966e-07
0.52,4.179993543659421,4.179996782281727,4.179996258326796,4.18,-1.0,8.0,-4.849813461303711,2.3591978788317647e-06,1.985855669772718e-05,-3.326014757156372,0.7071067350612005,0.7071068273109746,-1.138681696473737e-06,-0.7071068273034293,0.7071067350439432,-6.030990992164908e-06,-3.4593854093629534e-06,5.069723951355269e-06,0.9999999999811653,1.2872391380369663e-05,5.305980721459491e-06,1.271068299502076e-07
0.53,4.179994000187881,4.179997092795979,4.179996398964581,4.18,-1.0,8.0,-4.883388996124268,2.546937594161136e-06,2.083620711346157e-05,-3.389028549194336,0.7071067350613229,0.707106827310764,-1.1921065885975518e-06,-0.7071068273030582,0.7071067350432392,-6.1557607811423874e-06,-3.5098338779508764e-06,5.19572661544242e-06,0.9999999999803427,1.231722671946045e-05,4.781630650541047e-06,1.273990335448616e-07
0.54,4.179994406705728,4.179997354386607,4.179996542722986,4.18,-1.0,8.0,-4.917593479156494,2.7431924536358565e-06,2.1832414859090932e-05,-3.451887607574463,0.7071067350614448,0.7071068273105507,-1.2452946389143416e-06,-0.7071068273027084,0.707106735042554,-6.273535362841258e-06,-3.5555034601505105e-06,5.316615448890991e-06,0.999999999979546,1.187153065984603e-05,4.359334070613841e-06,1.259964506061806e-07
0.55,4.179994733734993,4.179997568340063,4.179996661409128,4.18,-1.0,8.0,-4.952425956726074,2.9479033401003107e-06,2.2846033971291035e-05,-3.514589309692383,0.7071067350615655,0.7071068273103354,-1.2978926227627443e-06,-0.7071068273023751,0.7071067350418845,-6.385564101537062e-06,-3.5975273575079317e-06,5.433024118025133e-06,0.99999999997877,1.1406286830606405e-05,4.060208539158339e-06,1.2354189493635204e-07
0.56,4.179995004261155,4.17999772281194,4.179996787281635,4.18,-1.0,8.0,-4.987884521484375,3.160902679155697e-06,2.387608401477337e-05,-3.577131509780884,0.7071067350616844,0.7071068273101205,-1.3491602276660902e-06,-0.7071068273020537,0.7071067350412292,-6.492808290677354e-06,-3.6371087871212596e-06,5.545108879909385e-06,0.9999999999780116,1.1027053005818743e-05,3.8666562431899365e-06,1.2213929778681631e-07
0.57,4.179995199638096,4.1799978223932825,4.179996888687622,4.18,-1.0,8.0,-5.02396821975708,3.38195923177409e-06,2.4921775548136793e-05,-3.6395115852355957,0.7071067350618023,0.7071068273099047,-1.3995060224723402e-06,-0.7071068273017415,0.7071067350405837,-6.5962736126953804e-06,-3.6746699721210237e-06,5.653869761187447e-06,0.9999999999772653,1.0729922905738931e-05,3.6167982671031496e-06,1.2091201995190204e-07
0.58,4.179995401820911,4.179997949776826,4.179996968396004,4.18,-1.0,8.0,-5.06067419052124,3.6109418033447582e-06,2.598241735540796e-05,-3.7017276287078857,0.7071067350619193,0.7071068273096877,-1.4492144514030497e-06,-0.7071068273014396,0.7071067350399476,-6.6960858933513625e-06,-3.710098752336518e-06,5.7595968665528645e-06,0.9999999999765311,1.0381968422734644e-05,3.4936283554998226e-06,1.2003536653537594e-07
0.59,4.179995553874033,4.179998013115089,4.179997060617477,4.18,-1.0,8.0,-5.098003387451172,3.847634616249707e-06,2.705736187635921e-05,-3.7637767791748047,0.707106735062033,0.7071068273094753,-1.496595848458078e-06,-0.7071068273011435,0.7071067350393252,-6.792376999172122e-06,-3.7446831456978523e-06,5.861188665350304e-06,0.9999999999758119,9.928453437169082e-06,3.423245743761072e-06,1.1915872732970456e-07
0.6,4.179995706979234,4.179998050059673,4.179997180284651,4.18,-1.0,8.0,-5.135952472686768,4.091596110811224e-06,2.814594699884765e-05,-3.8256561756134033,0.7071067350621425,0.7071068273092702,-1.5410453851981142e-06,-0.7071068273008527,0.7071067350387199,-6.885019437202663e-06,-3.778760679329108e-06,5.958127328133824e-06,0.9999999999751108,9.459299690206535e-06,3.373977278897655e-06,1.1699636814910264e-07
0.61,4.179995853593441,4.179998079018624,4.179997306589344,4.18,-1.0,8.0,-5.174516677856445,4.342324700701283e-06,2.924749605881516e-05,-3.887364387512207,0.7071067350622476,0.7071068273090731,-1.582665391714769e-06,-0.7071068273005684,0.7071067350381337,-6.97385711926213e-06,-3.8121486239149584e-06,6.050374842205898e-06,0.9999999999744302,8.990145943243988e-06,3.3035937576642027e-06,1.1465868254845191e-07
0.62,4.179996010765176,4.179998118885756,4.17999743324469,4.18,-1.0,8.0,-5.213698387145996,4.599350631906418e-06,3.036132693523541e-05,-3.9488985538482666,0.707106735062349,0.7071068273088825,-1.622037629739135e-06,-0.7071068273002903,0.707106735037563,-7.059392316380377e-06,-3.844790771091524e-06,6.138697734486485e-06,0.999999999973767,8.685196917213034e-06,3.2578448099229718e-06,1.1232099694780118e-07
0.63,4.179996112926396,4.179998146435601,4.179997517206807,4.18,-1.0,8.0,-5.253494739532471,4.862312835030025e-06,3.148688847431913e-05,-4.010256767272949,0.7071067350624479,0.7071068273086966,-1.6595678747231079e-06,-0.7071068273000155,0.7071067350370035,-7.1424778047580405e-06,-3.877003198177486e-06,6.2239859353629455e-06,0.9999999999731154,8.372430784220342e-06,3.180423391313525e-06,1.1097682772742701e-07
0.64,4.1799962329563005,4.179998187834649,4.179997601214341,4.18,-1.0,8.0,-5.293903350830078,5.130902536620852e-06,3.262369136791676e-05,-4.071436405181885,0.7071067350625442,0.7071068273085149,-1.6955580433815207e-06,-0.707106827299747,0.7071067350364573,-7.222679415365122e-06,-3.908265413945041e-06,6.306145928360352e-06,0.999999999972479,8.05966465122765e-06,3.0959640753280837e-06,1.0887296042483285e-07
0.65,4.179996356505153,4.179998234272041,4.17999768674127,4.18,-1.0,8.0,-5.334922790527344,5.404832791100489e-06,3.377120810910128e-05,-4.1324357986450195,0.7071067350626374,0.707106827308339,-1.7297103474418116e-06,-0.7071068272994834,0.7071067350359239,-7.300297201339495e-06,-3.939000156109683e-06,6.385179314952747e-06,0.9999999999718568,7.746898518234957e-06,3.0466958378383424e-06,1.0747035616986977e-07
0.66,4.179996462458465,4.1799982617113685,4.179997770865672,4.18,-1.0,8.0,-5.376552104949951,5.68378209209186e-06,3.4928947570733726e-05,-4.193253040313721,0.7071067350627283,0.7071068273081682,-1.762105458554382e-06,-0.707106827299222,0.7071067350354018,-7.375779625872134e-06,-3.969467492588225e-06,6.461460249957666e-06,0.9999999999712464,7.559237019449938e-06,3.0713297292095376e-06,1.0565867114564753e-07
0.67,4.179996498933511,4.179998253017793,4.179997823281033,4.18,-1.0,8.0,-5.418787956237793,5.96747076997417e-06,3.6096600524615496e-05,-4.253885269165039,0.7071067350628182,0.7071068273079997,-1.793400764700445e-06,-0.7071068272989569,0.7071067350348776,-7.451067880778801e-06,-4.000575209897653e-06,6.536826206711785e-06,0.9999999999706326,7.5084117270307615e-06,3.1733843570691533e-06,1.0332105659927038e-07
0.68,4.179996461120773,4.179998206665708,4.179997841170838,4.18,-1.0,8.0,-5.461628437042236,6.2556964621762745e-06,3.727410512510687e-05,-4.314329624176025,0.7071067350629077,0.707106827307833,-1.8234694203511735e-06,-0.7071068272986846,0.7071067350343497,-7.526632889953353e-06,-4.0327459948662065e-06,6.611520485332703e-06,0.9999999999700124,7.430217920045834e-06,3.2578441278019454e-06,1.0156782082049176e-07
0.69,4.179996439221277,4.179998167942294,4.179997865007699,4.18,-1.0,8.0,-5.505073070526123,6.548240435222397e-06,3.8461432268377393e-05,-4.374587535858154,0.7071067350629967,0.7071068273076687,-1.852474578947593e-06,-0.7071068272984066,0.7071067350338183,-7.602288941421354e-06,-4.065733162391849e-06,6.6855271345445636e-06,0.9999999999693868,7.3754831646510866e-06,3.3493415685370564e-06,9.934707634329243e-08
0.7,4.179996407703593,4.179998126635063,4.179997883680224,4.18,-1.0,8.0,-5.549119472503662,6.844925337645691e-06,3.9658531022723764e-05,-4.4346537590026855,0.707106735063086,0.7071068273075046,-1.880884553226904e-06,-0.7071068272981244,0.7071067350332824,-7.678023188798014e-06,-4.099196481617602e-06,6.759168217715954e-06,0.9999999999687551,7.363754320977023e-06,3.3458225061622215e-06,9.811979850837815e-08
0.71,4.179996412512622,4.17999813084915,4.179997889184278,4.18,-1.0,8.0,-5.5937652587890625,7.145672498154454e-06,4.086534681846388e-05,-4.49452543258667,0.7071067350631761,0.7071068273073384,-1.9092312069510242e-06,-0.7071068272978387,0.7071067350327406,-7.753843714639839e-06,-4.132765583326166e-06,6.832825534574268e-06,0.9999999999681164,7.371573246928165e-06,3.3669375625322573e-06,9.706783998808532e-08
0.72,4.179996399922175,4.1799981223955385,4.179997889255276,4.18,-1.0,8.0,-5.639009952545166,7.450450539181475e-06,4.2081850551767275e-05,-4.554203033447266,0.7071067350632674,0.7071068273071702,-1.9374816106509953e-06,-0.7071068272975481,0.7071067350321907,-7.830107724851259e-06,-4.166716334900604e-06,6.906728383168011e-06,0.9999999999674678,7.395030934276292e-06,3.4021293231489835e-06,9.60158814677925e-08
0.73,4.179996376227296,4.179998106903575,4.179997885260194,4.18,-1.0,8.0,-5.684849739074707,7.759220352454577e-06,4.3308034946676344e-05,-4.613683223724365,0.7071067350633595,0.7071068273070004,-1.9656269667411776e-06,-0.7071068272972539,0.7071067350316342,-7.906556020701495e-06,-4.200871675980808e-06,6.980687261496062e-06,0.9999999999668113,7.402849860227434e-06,3.412686965020839e-06,9.543146006762981e-08
0.74,4.179996368915553,4.179998102793597,4.179997884396116,4.18,-1.0,8.0,-5.731283187866211,8.071959200606216e-06,4.454387089936063e-05,-4.672965049743652,0.7071067350634537,0.7071068273068267,-1.9941130732707236e-06,-0.7071068272969555,0.7071067350310681,-7.983504037016246e-06,-4.23513942588257e-06,7.055240442492301e-06,0.9999999999661436,7.535776603617705e-06,3.4373210837657098e-06,9.426261726730445e-08
0.75,4.179996322037541,4.179998092814223,4.179997852172848,4.18,-1.0,8.0,-5.778308868408203,8.388750757148955e-06,4.578941661748104e-05,-4.732046127319336,0.7071067350635509,0.7071068273066452,-2.0237320210969965e-06,-0.7071068272966521,0.7071067350304858,-8.061575622800955e-06,-4.269400619716831e-06,7.131389146843235e-06,0.9999999999654577,7.703889423282817e-06,3.416206027395674e-06,9.309377446697908e-08
0.76,4.179996288885736,4.179998105709437,4.179997810801201,4.18,-1.0,8.0,-5.825923442840576,8.709775102033745e-06,4.7044799430295825e-05,-4.790924549102783,0.7071067350636522,0.7071068273064549,-2.0546264877057926e-06,-0.707106827296343,0.7071067350298851,-8.140992241650941e-06,-4.303710967692697e-06,7.209390861172992e-06,0.9999999999647514,7.887641913839616e-06,3.4443592085153796e-06,9.174960524660492e-08
0.77,4.179996227033499,4.179998094321185,4.1799977657138925,4.18,-1.0,8.0,-5.874125957489014,9.035204129759222e-06,4.831017577089369e-05,-4.849598407745361,0.707106735063757,0.7071068273062564,-2.0865908764581593e-06,-0.7071068272960273,0.7071067350292666,-8.221727813900108e-06,-4.338197407468324e-06,7.2890817655869515e-06,0.9999999999640247,8.055756552494131e-06,3.4373210837657098e-06,9.052232030626328e-08
0.78,4.179996186842754,4.179998100294817,4.179997724458655,4.18,-1.0,8.0,-5.922914505004883,9.365215191792231e-06,4.9585691158426926e-05,-4.9080657958984375,0.7071067350638658,0.7071068273060485,-2.1199275296693263e-06,-0.7071068272957065,0.7071067350286289,-8.303746688379596e-06,-4.372620941571418e-06,7.370650439218785e-06,0.9999999999632768,8.247327969002072e-06,3.444359435889055e-06,8.876905610577523e-08
0.79,4.17999613351501,4.17999810028217,4.179997678156616,4.18,-1.0,8.0,-5.972286701202393,9.70000201050425e-06,5.0871487474069e-05,-4.966325759887695,0.7071067350639784,0.7071068273058316,-2.1544136088675204e-06,-0.7071068272953798,0.7071067350279729,-8.387004332044917e-06,-4.407107650966403e-06,7.453907821848025e-06,0.9999999999625083,8.403715582971927e-06,3.4654744922590908e-06,8.748332902541733e-08
0.8,4.179996082296702,4.179998092296096,4.17999764006729,4.18,-1.0,8.0,-6.022240161895752,1.0039719199994579e-05,5.216771751292981e-05,-5.024375915527344,0.7071067350640947,0.7071068273056063,-2.1899027164132455e-06,-0.7071068272950458,0.7071067350272973,-8.471703142709663e-06,-4.441904171285986e-06,7.538893511561433e-06,0.9999999999617173,8.595286089985166e-06,3.486589321255451e-06,8.631448622509197e-08
0.81,4.179996021930956,4.179998084076367,4.179997592596644,4.18,-1.0,8.0,-6.072773456573486,1.038452592183603e-05,5.3474541346076876e-05,-5.082215309143066,0.7071067350642151,0.7071068273053712,-2.2266198040725944e-06,-0.7071068272947055,0.7071067350266016,-8.557730253692803e-06,-4.476771628820566e-06,7.625686764498305e-06,0.9999999999609037,8.767309736867901e-06,3.486589321255451e-06,8.51456434247666e-08
0.82,4.179995977204808,4.179998086414052,4.179997550208181,4.18,-1.0,8.0,-6.123884201049805,1.0734601346484851e-05,5.479209721670486e-05,-5.139841079711914,0.7071067350643394,0.7071068273051263,-2.264581604943859e-06,-0.7071068272943589,0.7071067350258852,-8.64512992427752e-06,-4.5117294875249515e-06,7.714330708783916e-06,0.9999999999600667,8.958882062870543e-06,3.5147425023751566e-06,8.397680062444124e-08
0.83,4.179995913319413,4.179998074675147,4.179997502737063,4.18,-1.0,8.0,-6.175568580627441,1.1090126463386696e-05,5.61205561098177e-05,-5.19725227355957,0.7071067350644683,0.707106827304871,-2.3037674419360517e-06,-0.7071068272940054,0.7071067350251475,-8.733920563496118e-06,-4.5468053854618724e-06,7.80482374065679e-06,0.9999999999592056,9.150453479378484e-06,3.5358575587451924e-06,8.280795782411587e-08
0.84,4.179995852953315,4.179998066455305,4.179997455266179,4.18,-1.0,8.0,-6.227825164794922,1.1451274986029603e-05,5.746008173446171e-05,-5.2544474601745605,0.7071067350646016,0.7071068273046048,-2.3441221042869407e-06,-0.7071068272936432,0.7071067350243863,-8.824408556237643e-06,-4.5822550093799755e-06,7.897343467028572e-06,0.9999999999583175,9.342023986391723e-06,3.5640109672385734e-06,8.198976786388812e-08
0.85,4.179995789068279,4.17999805401498,4.179997407094227,4.18,-1.0,8.0,-6.280653953552246,1.1818211532954592e-05,5.881087781745009e-05,-5.31142520904541,0.7071067350647391,0.7071068273043289,-2.385557566711585e-06,-0.7071068272932736,0.707106735023603,-8.916316330601821e-06,-4.617944329565349e-06,7.991631371659158e-06,0.9999999999574042,9.525777386443224e-06,3.578087671485264e-06,8.087936720357902e-08
0.86,4.179995734254044,4.17999804919743,4.1799973615391455,4.18,-1.0,8.0,-6.334052085876465,1.2191097084723879e-05,6.017310079187155e-05,-5.368183612823486,0.7071067350648812,0.7071068273040417,-2.4281873984399787e-06,-0.7071068272928962,0.7071067350227964,-9.009716945129156e-06,-4.653844700643349e-06,8.087819420312498e-06,0.9999999999564645,9.709528967505321e-06,3.5921643757319544e-06,7.988585082330246e-08
0.87,4.17999567944028,4.17999804414611,4.179997315750766,4.18,-1.0,8.0,-6.388017177581787,1.2570100807351992e-05,6.154692528070882e-05,-5.4247212409973145,0.7071067350650276,0.7071068273037432,-2.4720284544804437e-06,-0.707106827292512,0.7071067350219675,-9.104429174135686e-06,-4.6898160584056585e-06,8.185791385378348e-06,0.9999999999554993,9.889371540339198e-06,3.616798494476825e-06,7.895077658304217e-08
0.88,4.179995620364153,4.179998033699199,4.179997270861847,4.18,-1.0,8.0,-6.4425458908081055,1.2955385500390548e-05,6.293249316513538e-05,-5.481037139892578,0.7071067350651785,0.7071068273034347,-2.51676265355961e-06,-0.7071068272921182,0.7071067350211142,-9.200771812911208e-06,-4.726308742588904e-06,8.285547771713196e-06,0.9999999999545058,1.0061395187221933e-05,3.6766241464647464e-06,7.77819337827168e-08
0.89,4.179995545725177,4.179998006124059,4.179997228473383,4.18,-1.0,8.0,-6.497636795043945,1.3347063941182569e-05,6.433000089600682e-05,-5.537128925323486,0.7071067350653337,0.7071068273031151,-2.5625072292294175e-06,-0.7071068272917163,0.7071067350202376,-9.298521073183785e-06,-4.763081614343976e-06,8.387013233767688e-06,0.9999999999534855,1.023341974359937e-05,3.6766241464647464e-06,7.661309098239144e-08
0.9,4.179995500998793,4.1799980084617445,4.179997186084684,4.18,-1.0,8.0,-6.553287982940674,1.3745295291300863e-05,6.573960126843303e-05,-5.592995643615723,0.7071067350654936,0.7071068273027834,-2.609468974834794e-06,-0.707106827291307,0.7071067350193367,-9.397615909087464e-06,-4.799945282755315e-06,8.490290830584909e-06,0.9999999999524377,1.0413262316433247e-05,3.6766241464647464e-06,7.497671106193593e-08
0.91,4.179995454239725,4.179998011734504,4.179997142598376,4.18,-1.0,8.0,-6.609496593475342,1.4150252354738768e-05,6.71614398015663e-05,-5.648636341094971,0.7071067350656584,0.7071068273024393,-2.6576379040310675e-06,-0.7071068272908906,0.7071067350184114,-9.498047659512002e-06,-4.836900684904311e-06,8.59536737642297e-06,0.999999999951362,1.0608742741169408e-05,3.7188540318311425e-06,7.369098398157803e-08
0.92,4.179995382299872,4.179997993191016,4.17999709434492,4.18,-1.0,8.0,-6.666260242462158,1.4562095202563796e-05,6.859566201455891e-05,-5.704049110412598,0.7071067350658273,0.707106827302084,-2.7068140696124855e-06,-0.7071068272904673,0.7071067350174631,-9.599614645038978e-06,-4.873946595913114e-06,8.701958878372496e-06,0.9999999999502602,1.0706481589295436e-05,3.6836622712144163e-06,7.363254184156176e-08
0.93,4.179995374483651,4.17999801090378,4.179997069049703,4.18,-1.0,8.0,-6.72357702255249,1.4980962077970617e-05,7.004230428719893e-05,-5.759232997894287,0.7071067350660002,0.7071068273017168,-2.7570788981851196e-06,-0.7071068272900417,0.7071067350164979,-9.701518235549532e-06,-4.9104607216706154e-06,8.809558197006695e-06,0.9999999999491396,1.0815949281095527e-05,3.634394033724675e-06,7.369098398157803e-08
0.94,4.1799953706561706,4.179998035421015,4.1799970404712194,4.18,-1.0,8.0,-6.7814435958862305,1.5407000319100916e-05,7.15013884473592e-05,-5.814187049865723,0.7071067350661768,0.7071068273013382,-2.8083946252380565e-06,-0.7071068272896138,0.7071067350155151,-9.803784902347714e-06,-4.94648848375665e-06,8.918157346819454e-06,0.9999999999479994,1.0909778211498633e-05,3.5675300296134083e-06,7.363254184156176e-08
0.95,4.179995379692651,4.179998068969901,4.179997016192582,4.18,-1.0,8.0,-6.839858531951904,1.5840361811569892e-05,7.297284173546359e-05,-5.8689093589782715,0.7071067350663572,0.7071068273009474,-2.8608794951617213e-06,-0.7071068272891846,0.7071067350145144,-9.90639323103886e-06,-4.981931128501692e-06,9.027824796963838e-06,0.9999999999468394,1.1019246812793426e-05,3.5217810818721773e-06,7.363254184156176e-08
0.96,4.179995374105287,4.179998091844375,4.179996987730744,4.18,-1.0,8.0,-6.898820400238037,1.6281201169476844e-05,7.445666415151209e-05,-5.923398971557617,0.7071067350665414,0.7071068273005443,-2.9144817084324196e-06,-0.7071068272887544,0.7071067350134965,-1.000922291976996e-05,-5.0167402174362205e-06,9.138438853392489e-06,0.9999999999456606,1.110916582547361e-05,3.4513977880124003e-06,7.37494261215943e-08
0.97,4.179995385917991,4.1799981268022535,4.179996964118033,4.18,-1.0,8.0,-6.9583258628845215,1.672967482591048e-05,7.59528556955047e-05,-5.977654933929443,0.7071067350667297,0.7071068273001284,-2.969224213285551e-06,-0.7071068272883219,0.7071067350124596,-1.0112507617280167e-05,-5.051064738327074e-06,9.250180957556422e-06,0.9999999999444604,1.1261640793236438e-05,3.41972554451786e-06,7.386631040162683e-08
0.98,4.1799953621106205,4.179998142404607,4.179996924240772,4.18,-1.0,8.0,-7.018372535705566,1.7185951946885325e-05,7.746142364339903e-05,-6.031675815582275,0.7071067350669238,0.7071068272996952,-3.025574741884428e-06,-0.7071068272878822,0.7071067350113929,-1.0217281166757849e-05,-5.085304992188236e-06,9.364112883543164e-06,0.9999999999432265,1.1527495189511683e-05,3.433802021390875e-06,7.386631040162683e-08
0.99,4.179995285950239,4.179998135366368,4.179996855118629,4.18,-1.0,8.0,-7.078958511352539,1.765027263900265e-05,7.898254989413545e-05,-6.085460662841797,0.707106735067124,0.7071068272992459,-3.0832637051361408e-06,-0.7071068272874325,0.7071067350102942,-1.0323891498872196e-05,-5.119897631434616e-06,9.480290027184065e-06,0.9999999999419553,1.1707338671840262e-05,3.4936279007524718e-06,7.287279402135027e-08
1.0,4.179995209277994,4.179998107440461,4.179996810346356,4.18,-1.0,8.0,-7.14008092880249,1.8122780602425337e-05,8.05164672783576e-05,-6.139007091522217,0.7071067350673291,0.7071068272987836,-3.1416889104033407e-06,-0.7071068272869699,0.7071067350091642,-1.0432389195143455e-05,-5.1553042370741955e-06,9.598322340487534e-06,0.9999999999406475,1.189109116239706e-05,3.5851255688612582e-06,7.170395122102491e-08
1.01,4.179995115753513,4.179998064029313,4.179996764908395,4.18,-1.0,8.0,-7.201737403869629,1.8603557691676542e-05,8.206340862670913e-05,-6.192315101623535,0.7071067350675393,0.7071068272983088,-3.2007131787471117e-06,-0.7071068272864947,0.7071067350080038,-1.0542683412453602e-05,-5.191557573469613e-06,9.71804858750871e-06,0.9999999999393037,1.2059205801051576e-05,3.6766236917173956e-06,7.141174052094357e-08
1.02,4.179995026294646,4.179998018864673,4.179996721783011,4.18,-1.0,8.0,-7.2639265060424805,1.9092663933406584e-05,8.362360676983371e-05,-6.245384693145752,0.7071067350677547,0.7071068272978213,-3.260278068386794e-06,-0.7071068272860049,0.7071067350068113,-1.0654919443073186e-05,-5.228801702354051e-06,9.83953018080855e-06,0.9999999999379217,1.2227321349200793e-05,3.7610834624501877e-06,7.152861059012139e-08
1.03,4.179994940354717,4.179997976401047,4.179996677839228,4.18,-1.0,8.0,-7.3266448974609375,1.959015389729757e-05,8.519727271050215e-05,-6.298215866088867,0.7071067350679754,0.7071068272973204,-3.320466631403908e-06,-0.7071068272855006,0.7071067350055851,-1.0769143608960596e-05,-5.267010651614332e-06,9.96285860164967e-06,0.9999999999365,1.2399344996083528e-05,3.90184914067504e-06,7.170391569388812e-08
1.04,4.17999482524573,4.179997905667598,4.179996632762469,4.18,-1.0,8.0,-7.389890193939209,2.0096038497285917e-05,8.67846465553157e-05,-6.350804805755615,0.7071067350681991,0.7071068272968151,-3.3798945479451882e-06,-0.7071068272849794,0.7071067350043351,-1.0884818877184925e-05,-5.3067835434902405e-06,1.0086675248410255e-05,0.9999999999350485,1.2395435987855308e-05,4.032057404401712e-06,7.187922790308221e-08
1.05,4.179994761157941,4.179997840212842,4.179996633428187,4.18,-1.0,8.0,-7.453660011291504,2.06101485673571e-05,8.838586654746905e-05,-6.4031524658203125,0.7071067350684263,0.7071068272963037,-3.4388887237251086e-06,-0.7071068272844432,0.7071067350030603,-1.1001839371853168e-05,-5.3478143551825495e-06,1.0211136412795867e-05,0.9999999999335668,1.2489264918258414e-05,4.183380042377394e-06,7.199609797226003e-08
1.06,4.1799946611011,4.179997764317783,4.179996608798925,4.18,-1.0,8.0,-7.5179524421691895,2.113238770107273e-05,9.000110730994493e-05,-6.455256938934326,0.7071067350686572,0.7071068272957861,-3.4973088626357238e-06,-0.7071068272838872,0.7071067350017556,-1.1120784953422106e-05,-5.3906123143019724e-06,1.0336552913705122e-05,0.9999999999320485,1.260655335499905e-05,4.366375378594967e-06,7.18792136922275e-08
1.07,4.179994539108439,4.179997673053883,4.1799965785377005,4.18,-1.0,8.0,-7.582764625549316,2.1662623112206347e-05,9.16306089493446e-05,-6.507117748260498,0.7071067350688927,0.7071068272952616,-3.5552683094423805e-06,-0.707106827283311,0.7071067350004197,-1.1241718929108528e-05,-5.435142038966755e-06,1.0463049662954802e-05,0.9999999999304919,1.2696472367679235e-05,4.552890459308401e-06,7.304799254370664e-08
1.08,4.179994422471955,4.179997577458785,4.1799965528212,4.18,-1.0,8.0,-7.648094177246094,2.2200729290489107e-05,9.327462612418458e-05,-6.55873441696167,0.7071067350691324,0.7071068272947324,-3.612378472727912e-06,-0.7071068272827098,0.7071067349990494,-1.1365038521962828e-05,-5.4819591839160645e-06,1.0590632763995049e-05,0.9999999999288933,1.280985088669695e-05,4.802749117516214e-06,7.439209070980723e-08
1.09,4.17999426806421,4.17999744984126,4.179996520654587,4.18,-1.0,8.0,-7.7139387130737305,2.274651160405483e-05,9.493343532085419e-05,-6.610105514526367,0.707106735069376,0.7071068272942004,-3.6684236896573257e-06,-0.7071068272820843,0.7071067349976483,-1.1490446181473809e-05,-5.531005845795085e-06,1.0718939320192354e-05,0.9999999999272562,1.2852858162659686e-05,4.9998207032331266e-06,7.655437883613558e-08
1.1,4.179994158346526,4.17999734698089,4.17999650514812,4.18,-1.0,8.0,-7.7802958488464355,2.329976086912211e-05,9.660728392191231e-05,-6.661231517791748,0.7071067350696225,0.7071068272936657,-3.723528207238253e-06,-0.7071068272814397,0.7071067349962221,-1.1617174762229996e-05,-5.581651714949918e-06,1.0847514733766859e-05,0.9999999999255883,1.286067799810553e-05,5.137067546456819e-06,7.889199338251274e-08
1.11,4.179994087689947,4.17999727368224,4.179996498439733,4.18,-1.0,8.0,-7.84716272354126,2.386027881584596e-05,9.829628834268078e-05,-6.7121100425720215,0.7071067350698724,0.7071068272931297,-3.777476182594348e-06,-0.7071068272807731,0.7071067349947702,-1.17454140811465e-05,-5.634183636168754e-06,1.0976340601566184e-05,0.999999999923888,1.2899774446850643e-05,5.351735126168933e-06,8.222306746574759e-08
1.12,4.179993970191081,4.179997159686302,4.179996481612509,4.18,-1.0,8.0,-7.91453742980957,2.4427834432572126e-05,0.0001000006013782695,-6.762741565704346,0.7071067350701254,0.7071068272925926,-3.830274848331768e-06,-0.7071068272800837,0.7071067349932901,-1.1875301915869679e-05,-5.688693918741459e-06,1.1105519461317195e-05,0.999999999922153,1.2946689821546897e-05,5.555844836635515e-06,8.561258368899871e-08
1.13,4.179993855938228,4.179997050852414,4.179996462635479,4.18,-1.0,8.0,-7.982417106628418,2.5002209440572187e-05,0.00010172041947953403,-6.813125133514404,0.7071067350703817,0.7071068272920545,-3.881957276054412e-06,-0.7071068272793731,0.7071067349917859,-1.2006463281880859e-05,-5.744894023400881e-06,1.1234809544098106e-05,0.9999999999203876,1.2915412298752926e-05,5.6790145208651666e-06,8.800863326996478e-08
1.14,4.179993802485541,4.179996984475473,4.179996465975535,4.18,-1.0,8.0,-8.050800323486328,2.5583185561117716e-05,0.00010345581540605053,-6.863260269165039,0.7071067350706406,0.7071068272915148,-3.932787912482601e-06,-0.7071068272786455,0.7071067349902594,-1.2138483468451395e-05,-5.802303713302438e-06,1.1364104597240989e-05,0.9999999999185952,1.2974056517123245e-05,5.7881075008481275e-06,9.011247925627686e-08
1.15,4.179993732691555,4.179996925721291,4.179996446520347,4.18,-1.0,8.0,-8.119682312011719,2.6170639102929272e-05,0.00010520686919335276,-6.913145542144775,0.7071067350709045,0.7071068272909656,-3.983754343667233e-06,-0.707106827277901,0.7071067349887017,-1.2271874830488606e-05,-5.860586949351059e-06,1.1494465239190702e-05,0.9999999999167654,1.3099162970320322e-05,5.865527782589197e-06,9.233320952262147e-08
1.16,4.179993661453736,4.179996882569689,4.179996409551208,4.18,-1.0,8.0,-8.189062118530273,2.6764580979943275e-05,0.00010697370453272015,-6.9627814292907715,0.7071067350711742,0.7071068272904029,-4.035402687200243e-06,-0.7071068272771424,0.7071067349871107,-1.2406503695078512e-05,-5.9192630470892516e-06,1.1626183112407243e-05,0.9999999999148971,1.3263366781757213e-05,5.879604032088537e-06,9.367730768872207e-08
1.17,4.179993611722621,4.179996872843368,4.179996364170021,4.18,-1.0,8.0,-8.25893783569336,2.7365113055566326e-05,0.00010875645966734737,-7.012166976928711,0.7071067350714499,0.7071068272898264,-4.087781319982624e-06,-0.7071068272763701,0.7071067349854863,-1.2542370696880785e-05,-5.978298247656688e-06,1.1759292873299724e-05,0.9999999999129895,1.3322011909622233e-05,5.911276275583077e-06,9.472919515474132e-08
1.18,4.179993580638765,4.179996854903472,4.179996346818513,4.18,-1.0,8.0,-8.329305648803711,2.7972277166554704e-05,0.00011055516370106488,-7.0613017082214355,0.7071067350717293,0.7071068272892417,-4.140256322911418e-06,-0.7071068272755877,0.7071067349838396,-1.267857284868782e-05,-6.037502291101076e-06,1.1892707765006302e-05,0.999999999911056,1.3361107448872644e-05,5.9323911045794375e-06,9.589796690079311e-08
1.19,4.179993559916511,4.179996842008514,4.1799963343161295,4.18,-1.0,8.0,-8.400163650512695,2.8586053304024972e-05,0.00011236979480599985,-7.110184669494629,0.7071067350720124,0.7071068272886488,-4.192816103229485e-06,-0.707106827274795,0.7071067349821709,-1.2815116921237285e-05,-6.096888162373904e-06,1.2026424377843467e-05,0.9999999999090965,1.3427571502688807e-05,5.957025678071659e-06,9.712518078686116e-08
1.2,4.179993530318569,4.179996827236799,4.179996314581047,4.18,-1.0,8.0,-8.471508979797363,2.920644146797713e-05,0.00011420035298215225,-7.158816337585449,0.7071067350723024,0.7071068272880409,-4.246102479498675e-06,-0.707106827273985,0.7071067349804634,-1.2953276713073983e-05,-6.156902738895049e-06,1.2161797257628338e-05,0.9999999999070917,1.3638689779327251e-05,6.045004283805611e-06,9.835239467292922e-08
1.21,4.179993431438515,4.1799967807930685,4.179996257235867,4.18,-1.0,8.0,-8.543338775634766,2.983353624586016e-05,0.00011604705650825053,-7.20719575881958,0.7071067350726002,0.7071068272874166,-4.300136224197729e-06,-0.707106827273152,0.7071067349787079,-1.3093824272945815e-05,-6.218077253245554e-06,1.2299387013591884e-05,0.9999999999050303,1.3853719792678021e-05,6.178731837280793e-06,9.928739785891594e-08
1.22,4.179993308666935,4.179996712059285,4.179996199458058,4.18,-0.9999994039535522,8.0,-8.61565113067627,3.0467406759271398e-05,0.00011791020369855687,-7.255322456359863,0.7071067350729048,0.7071068272867798,-4.354400436306186e-06,-0.7071068272722956,0.7071067349769105,-1.3236354501814676e-05,-6.280490761322761e-06,1.243854169323529e-05,0.9999999999029191,1.39788271553698e-05,6.315977771009784e-06,1.015081210198332e-07
1.23,4.179993207516054,4.179996638994872,4.179996162488697,4.18,-0.9999988079071045,8.0,-8.688440322875977,3.110801844741218e-05,0.00011978999100392684,-7.303196430206299,0.7071067350732152,0.7071068272861344,-4.408484905212787e-06,-0.7071068272714159,0.7071067349750746,-1.3380646495784274e-05,-6.344277123159434e-06,1.2578815031201819e-05,0.9999999999007618,1.4072659723751713e-05,6.449704869737616e-06,1.0384572846078299e-07
1.24,4.179993116256037,4.179996567456108,4.179996133417015,4.18,-0.9999982118606567,8.0,-8.761706352233887,3.1755302188685164e-05,0.00012168663670308888,-7.3508172035217285,0.7071067350735306,0.7071068272854821,-4.462185155285433e-06,-0.7071068272705141,0.707106734973205,-1.3526305534031684e-05,-6.409301815063417e-06,1.2719783331623641e-05,0.999999999898564,1.409220840287162e-05,6.523606771224877e-06,1.058911323070788e-07
1.25,4.179993074222429,4.1799965264143495,4.17999612424355,4.18,-0.999997615814209,8.0,-8.83544921875,3.240913792978972e-05,0.00012360016989987344,-7.398184776306152,0.7071067350738488,0.7071068272848283,-4.515060406572912e-06,-0.7071068272695958,0.707106734971315,-1.3672323033305838e-05,-6.475163339404141e-06,1.2860421739978215e-05,0.9999999998963409,1.402965426677838e-05,6.632699751207838e-06,1.0828718188804487e-07
1.26,4.179993035940015,4.17999646707576,4.179996135715527,4.18,-0.9999970197677612,8.0,-8.90966796875,3.3069332857849076e-05,0.00012553056876640767,-7.445297718048096,0.7071067350741687,0.7071068272841773,-4.5666443689982e-06,-0.7071068272686599,0.7071067349694082,-1.381856432210798e-05,-6.54209618589935e-06,1.3000305312244776e-05,0.9999999998940965,1.396710013068514e-05,6.745312020939309e-06,1.1056635429440576e-07
1.27,4.179992995897955,4.179996406211281,4.179996147421257,4.18,-0.9999964237213135,8.0,-8.984354972839355,3.3735639590304345e-05,0.00012747776054311544,-7.492156505584717,0.7071067350744906,0.7071068272835269,-4.6171952173295665e-06,-0.7071068272677067,0.7071067349674824,-1.3965104580488018e-05,-6.609970957758146e-06,1.3139669765884236e-05,0.9999999998918286,1.3896726159146056e-05,6.84032829667558e-06,1.1278707745532301e-07
1.28,4.179992966687051,4.1799963542616965,4.179996161277044,4.18,-0.9999958276748657,8.0,-9.059510231018066,3.4407847124384716e-05,0.00012944168702233583,-7.538761138916016,0.7071067350748149,0.7071068272828769,-4.666821446534134e-06,-0.7071068272667369,0.7071067349655384,-1.411186736659493e-05,-6.678656884903805e-06,1.3278537765880882e-05,0.999999999889538,1.3881089216738474e-05,6.872000994917471e-06,1.1401429134139107e-07
1.29,4.179992954916306,4.17999633597092,4.179996162888221,4.18,-0.999995231628418,8.0,-9.13512897491455,3.508582085487433e-05,0.00013142228999640793,-7.585111141204834,0.7071067350751428,0.7071068272822205,-4.716334303670807e-06,-0.7071068272657548,0.7071067349635718,-1.4258864154653977e-05,-6.747588442580199e-06,1.3417491064070667e-05,0.9999999998872204,1.3908456821809523e-05,6.921268777659861e-06,1.1494929452737779e-07
1.3,4.179992923166838,4.179996309467022,4.179996153902637,4.18,-0.9999946355819702,8.0,-9.211211204528809,3.5769502574112266e-05,0.00013341952580958605,-7.63120698928833,0.7071067350754745,0.7071068272815575,-4.765756208015553e-06,-0.7071068272647594,0.7071067349615818,-1.4406146692956218e-05,-6.8167863695362046e-06,1.3556582104841824e-05,0.9999999998848752,1.3924094673711807e-05,6.921268777659861e-06,1.1623495055346211e-07
1.31,4.179992919100997,4.17999630689571,4.179996147265484,4.18,-0.9999940395355225,8.0,-9.287753105163574,3.645885954028927e-05,0.00013543332170229405,-7.677048683166504,0.7071067350758098,0.7071068272808869,-4.815252415699677e-06,-0.7071068272637533,0.7071067349595697,-1.4553544149444333e-05,-6.8860130155343136e-06,1.3695806945434759e-05,0.9999999998825039,1.3924094673711807e-05,6.935345027159201e-06,1.1746216443953017e-07
1.32,4.179992912062872,4.179996297403157,4.1799961448110565,4.18,-0.9999934434890747,8.0,-9.364751815795898,3.715384445968084e-05,0.0001374636049149558,-7.722634792327881,0.7071067350761489,0.7071068272802103,-4.8645604286377785e-06,-0.7071068272627332,0.707106734957534,-1.470125877524554e-05,-6.9555970078915435e-06,1.3835122984795359e-05,0.9999999998801046,1.3935822607891168e-05,6.970536105654901e-06,1.1857249404556569e-07
1.33,4.179992891418069,4.179996277586959,4.179996139541133,4.18,-0.999992847442627,8.0,-9.442204475402832,3.785440276260488e-05,0.00013951030268799514,-7.767966270446777,0.7071067350764915,0.7071068272795271,-4.9138103251403995e-06,-0.7071068272617009,0.707106734955476,-1.4849147107024348e-05,-7.02534492345442e-06,1.397452075829433e-05,0.9999999998776786,1.3947551451565232e-05,6.9846123551542405e-06,1.2055942022470845e-07
1.34,4.179992881330445,4.179996266574982,4.179996132517783,4.18,-0.9999922513961792,8.0,-9.520109176635742,3.85604944312945e-05,0.0001415733713656664,-7.813042640686035,0.7071067350768381,0.7071068272788369,-4.96299876243622e-06,-0.7071068272606552,0.7071067349533939,-1.4997352287322285e-05,-7.095360342987459e-06,1.4114099119290443e-05,0.999999999875224,1.3978828064864501e-05,7.012765308900271e-06,1.2278010785848892e-07
1.35,4.1799928591220485,4.1799962480571295,4.179996119944487,4.18,-0.9999916553497314,8.0,-9.598464012145996,3.9272064896067604e-05,0.00014365275274030864,-7.857863903045654,0.707106735077189,0.7071068272781385,-5.012261722758155e-06,-0.7071068272595953,0.7071067349512844,-1.5146052284789364e-05,-7.165672955385388e-06,1.4254080064580038e-05,0.9999999998727371,1.4053110135137103e-05,7.0479563873959705e-06,1.2517610059603612e-07
1.36,4.179992822213171,4.179996225669605,4.179996095839163,4.18,-0.9999910593032837,8.0,-9.677266120910645,3.998913598479703e-05,0.00014574847591575235,-7.902430057525635,0.707106735077547,0.7071068272774239,-5.0623167812584895e-06,-0.7071068272585188,0.7071067349491356,-1.5295890985119365e-05,-7.2362306543952e-06,1.4395426292363085e-05,0.9999999998702044,1.4213403119356371e-05,7.05499451214564e-06,1.2763054257902695e-07
1.37,4.179992777017933,4.1799962172416585,4.179996049254104,4.18,-0.9999904632568359,8.0,-9.756512641906738,4.0711824112804607e-05,0.00014786064275540411,-7.946741104125977,0.707106735077913,0.7071068272766897,-5.113496982285222e-06,-0.7071068272574254,0.7071067349469415,-1.5447122239954297e-05,-7.306977442344532e-06,1.4538552800777624e-05,0.9999999998676192,1.4393243873200845e-05,7.0831474658916704e-06,1.3020188305290503e-07
1.38,4.179992716182859,4.179996198022501,4.179995997352826,4.18,-0.9999898672103882,8.0,-9.836200714111328,4.144026024732739e-05,0.000149989384226501,-7.990797519683838,0.707106735078287,0.707106827275939,-5.165333332897899e-06,-0.7071068272563087,0.7071067349447,-1.5600084039328813e-05,-7.378483942361353e-06,1.4683366956743381e-05,0.9999999998649783,1.4580904462491162e-05,7.234470103867352e-06,1.3259787579045224e-07
1.39,4.179992591729787,4.179996117569196,4.179995943769088,4.18,-0.9999892711639404,8.0,-9.916327476501465,4.217448804411106e-05,0.00015213494771160185,-8.034599304199219,0.7071067350786706,0.7071068272751727,-5.217460213844983e-06,-0.7071068272551567,0.7071067349423984,-1.5755847285330788e-05,-7.4517659284586036e-06,1.4830367470470326e-05,0.9999999998622657,1.4835030015092343e-05,7.428022854583105e-06,1.3610424787202646e-07
1.4,4.179992428880768,4.179996013780077,4.179995870683699,4.18,-0.9999886751174927,8.0,-9.996891021728516,4.2914525693049654e-05,0.00015429766790475696,-8.078145027160645,0.7071067350790639,0.7071068272743914,-5.269791281595629e-06,-0.7071068272539665,0.7071067349400335,-1.5914601313705196e-05,-7.527018335326402e-06,1.497962716843876e-05,0.9999999998594774,1.5018782505649142e-05,7.646209269296378e-06,1.3873402338049345e-07
1.41,4.179992272011914,4.179995899427318,4.179995817648502,4.18,-0.9999880790710449,8.0,-10.077889442443848,4.366034045233391e-05,0.00015647798136342317,-8.121435165405273,0.7071067350794658,0.7071068272736004,-5.321727193979487e-06,-0.707106827252734,0.7071067349376081,-1.6076304957709933e-05,-7.604635852565611e-06,1.513069314242753e-05,0.9999999998566158,1.5179074580373708e-05,7.864394319767598e-06,1.4241572898754384e-07
1.42,4.179992121243449,4.179995782971382,4.179995768609151,4.18,-0.9999874830245972,8.0,-10.159318923950195,4.441181954462081e-05,0.00015867622278165072,-8.164471626281738,0.7071067350798763,0.7071068272727985,-5.373476176294912e-06,-0.7071068272514633,0.7071067349351254,-1.6240547105693957e-05,-7.684180542810107e-06,1.5283421930149408e-05,0.9999999998536852,1.536282798042521e-05,8.001638889254536e-06,1.4557146243987518e-07
1.43,4.17999200484528,4.17999570803763,4.1799957145218,4.18,-0.9999868869781494,8.0,-10.241177558898926,4.516895569395274e-05,0.00016089269774965942,-8.207253456115723,0.7071067350802963,0.7071068272719788,-5.425823598989084e-06,-0.707106827250162,0.7071067349325841,-1.6407000477676513e-05,-7.764865643418344e-06,1.5438137450530928e-05,0.9999999998506854,1.556612733111251e-05,8.11425252322806e-06,1.4896096445227158e-07
1.44,4.179991895680631,4.179995644951809,4.179995654884964,4.18,-0.9999862909317017,8.0,-10.32346248626709,4.5931810745969415e-05,0.00016312765365000814,-8.249780654907227,0.7071067350807256,0.7071068272711409,-5.478810791866818e-06,-0.7071068272488314,0.7071067349299863,-1.6575439255130004e-05,-7.846502251984384e-06,1.5594709250357477e-05,0.9999999998476187,1.5757696019136347e-05,8.237421752710361e-06,1.53460845808695e-07
1.45,4.179991784288159,4.179995574367432,4.179995596077344,4.18,-0.9999856948852539,8.0,-10.406172752380371,4.670044290833175e-05,0.00016538130876142532,-8.292054176330566,0.7071067350811645,0.7071068272702855,-5.53233430357367e-06,-0.70710682724747,0.7071067349273303,-1.6745953541652477e-05,-7.929227232527037e-06,1.5753127891331063e-05,0.9999999998444832,1.5937537682475522e-05,8.304285074700601e-06,1.5603215786086366e-07
1.46,4.179991704097665,4.179995535793147,4.179995544175887,4.18,-0.9999850988388062,8.0,-10.489303588867188,4.747491766465828e-05,0.00016765386681072414,-8.334073066711426,0.7071067350816125,0.7071068272694107,-5.586618882619159e-06,-0.7071068272460826,0.7071067349246203,-1.691807615995401e-05,-8.01255131961027e-06,1.5913221950449036e-05,0.9999999998412842,1.6090016288217157e-05,8.360590982192662e-06,1.5825283128378942e-07
1.47,4.179991636300274,4.179995503198846,4.179995500090103,4.18,-0.9999845027923584,8.0,-10.572853088378906,4.825532596441917e-05,0.00016994548786897212,-8.375840187072754,0.707106735082069,0.7071068272685174,-5.64161221076669e-06,-0.707106827244672,0.7071067349218597,-1.709153345195935e-05,-8.096318002318177e-06,1.6074760927660975e-05,0.9999999998380259,1.6191665054066107e-05,8.37818606669316e-06,1.608826067922564e-07
1.48,4.179991601074052,4.179995489141753,4.179995468401872,4.18,-0.9999839067459106,8.0,-10.656819343566895,4.9041736929211766e-05,0.00017225621559191495,-8.417353630065918,0.707106735082533,0.7071068272676072,-5.697260448532756e-06,-0.7071068272432438,0.7071067349190576,-1.7265658617713835e-05,-8.18009385211177e-06,1.6237235253961647e-05,0.9999999998347191,1.628940663067624e-05,8.38522373669548e-06,1.6345393305527978e-07
1.49,4.179991572142408,4.179995480480265,4.17999543784641,4.18,-0.9999833106994629,8.0,-10.741198539733887,4.983421240467578e-05,0.0001745860936352983,-8.458613395690918,0.7071067350830041,0.7071068272666818,-5.753371997189194e-06,-0.7071068272417957,0.7071067349162128,-1.7440590085816594e-05,-8.264112233549693e-06,1.6400607332377025e-05,0.9999999998313622,1.638714638829697e-05,8.41689598019002e-06,1.6608372277460148e-07
1.5,4.179991530893949,4.179995459384564,4.179995407174493,4.18,-0.9999827146530151,8.0,-10.825989723205566,5.0632806960493326e-05,0.00017693510744720697,-8.499621391296387,0.7071067350834829,0.7071068272657391,-5.8101161554411245e-06,-0.7071068272403292,0.7071067349133249,-1.761624788614135e-05,-8.34819688695506e-06,1.6564940327762473e-05,0.9999999998279552,1.6492705981363542e-05,8.413376235694159e-06,1.681875119174947e-07
1.51,4.179991505208326,4.179995456936858,4.17999537552142,4.18,-0.9999821186065674,8.0,-10.911190032958984,5.143758244230412e-05,0.0001793032861314714,-8.540375709533691,0.7071067350839683,0.707106827264783,-5.867115233488024e-06,-0.7071068272388429,0.707106734910397,-1.779255023087996e-05,-8.43255704661204e-06,1.6729909340371433e-05,0.999999999824501,1.6480975318700075e-05,8.48375930218026e-06,1.6964844462563633e-07
1.52,4.1799914730667656,4.179995418823459,4.179995375649527,4.18,-0.9999815225601196,8.0,-10.996796607971191,5.22484551765956e-05,0.00018169057148043066,-8.580878257751465,0.7071067350844569,0.7071068272638278,-5.923080070965441e-06,-0.7071068272373321,0.7071067349074427,-1.796912149446745e-05,-8.517838679095413e-06,1.6894337188741858e-05,0.999999999821014,1.6414507626905106e-05,8.58933253766736e-06,1.7046652089902636e-07
1.53,4.179991437561748,4.179995364400689,4.179995391294975,4.18,-0.9999809265136719,8.0,-11.082807540893555,5.306521416059695e-05,0.00018409693439025432,-8.621129989624023,0.7071067350849493,0.7071068272628719,-5.978164843329877e-06,-0.7071068272357953,0.7071067349044573,-1.8146204957493274e-05,-8.604104791267258e-06,1.7058504916734957e-05,0.9999999998174884,1.6426234651589766e-05,8.649156370665878e-06,1.7040797217759973e-07
1.54,4.1799914046008055,4.17999533460587,4.179995388363047,4.18,-0.9999803304672241,8.0,-11.169219017028809,5.388773570302874e-05,0.0001865223457571119,-8.66112995147705,0.7071067350854487,0.7071068272619033,-6.033380513750703e-06,-0.7071068272342335,0.7071067349014274,-1.8324258007964127e-05,-8.690963946443884e-06,1.7223450805450015e-05,0.99999999981391,1.658262226555962e-05,8.719538527657278e-06,1.7034940924531838e-07
1.55,4.179991328748947,4.179995299531917,4.179995347819393,4.18,-0.9999797344207764,8.0,-11.256028175354004,5.4716037993784994e-05,0.00018896690744441003,-8.700879096984863,0.7071067350859594,0.707106827260912,-6.08945402933169e-06,-0.7071068272326397,0.7071067348983322,-1.8504310483864446e-05,-8.778630320901998e-06,1.7390417089522026e-05,0.9999999998102546,1.681328831182327e-05,8.793438610155135e-06,1.7099215199323226e-07
1.56,4.179991231825733,4.179995261296391,4.179995286560734,4.18,-0.9999791383743286,8.0,-11.34323501586914,5.555027018999681e-05,0.00019143086683470756,-8.740378379821777,0.7071067350864844,0.7071068272598875,-6.14719840934119e-06,-0.7071068272310133,0.7071067348951561,-1.868693129715688e-05,-8.866931304774153e-06,1.7560380941906825e-05,0.9999999998065052,1.7180789654958062e-05,8.863820767146535e-06,1.725115339468175e-07
1.57,4.1799911010843065,4.179995223066548,4.179995187971622,4.18,-0.9999785423278809,8.0,-11.430835723876953,5.639069058815949e-05,0.00019391454407013953,-8.779626846313477,0.7071067350870248,0.7071068272588245,-6.207010688102791e-06,-0.7071068272293545,0.7071067348918936,-1.887223556894501e-05,-8.955667555334395e-06,1.7733704511192983e-05,0.9999999998026559,1.748965041770134e-05,8.877898835635278e-06,1.7467375812429964e-07
1.58,4.179991013741473,4.179995211703066,4.179995103343375,4.18,-0.9999779462814331,8.0,-11.518827438354492,5.723759750253521e-05,0.00019641824474092573,-8.818625450134277,0.7071067350875797,0.7071068272577274,-6.2684831061016386e-06,-0.7071068272276646,0.707106734888552,-1.9059817291644828e-05,-9.044840311347366e-06,1.7909812377146514e-05,0.9999999997987148,1.7728136299410835e-05,8.979955055110622e-06,1.7607625579785235e-07
1.59,4.179990900707034,4.179995157869961,4.17999503853205,4.18,-0.9999773502349854,8.0,-11.607206344604492,5.8091165556106716e-05,0.00019894227443728596,-8.857375144958496,0.7071067350881465,0.7071068272566075,-6.33056498039195e-06,-0.707106827225936,0.7071067348851366,-1.924971199384179e-05,-9.135217640305793e-06,1.8087986717185174e-05,0.9999999997946862,1.7919706806424074e-05,9.106644029088784e-06,1.7858910439372266e-07
1.6,4.179990787554216,4.179995089499776,4.1799949836980215,4.18,-0.9999767541885376,8.0,-11.695974349975586,5.8951438404619694e-05,0.00020148680778220296,-8.895875930786133,0.7071067350887255,0.7071068272554655,-6.393148512103764e-06,-0.7071068272241661,0.7071067348816458,-1.9441997797913943e-05,-9.22693100838353e-06,1.826820654685171e-05,0.9999999997905682,1.8130824173567817e-05,9.254446013073903e-06,1.7969937005091197e-07
1.61,4.1799906587627085,4.179995013378253,4.179994926586975,4.18,-0.9999761581420898,8.0,-11.785123825073242,5.9818459703819826e-05,0.00020405217946972698,-8.934128761291504,0.707106735089317,0.7071068272543032,-6.455970675687389e-06,-0.7071068272223487,0.7071067348780743,-1.963701204038149e-05,-9.320404935674804e-06,1.8450524411909596e-05,0.9999999997863541,1.832630550779868e-05,9.416326065547764e-06,1.8104343268987577e-07
1.62,4.179990526997536,4.179994929750102,4.179994873073703,4.18,-0.9999755620956421,8.0,-11.874654769897461,6.069221853977069e-05,0.00020663869509007782,-8.972134590148926,0.7071067350899192,0.7071068272531241,-6.518841575043666e-06,-0.7071068272204898,0.707106734874434,-1.983404583479034e-05,-9.415272440538801e-06,1.8634304777144557e-05,0.9999999997820577,1.8396676750853658e-05,9.550052709528245e-06,1.822121475925087e-07
1.63,4.17999044183769,4.17999486054935,4.17999485243975,4.18,-0.9999749660491943,8.0,-11.964567184448242,6.157263851491734e-05,0.00020924654381815344,-9.009893417358398,0.70710673509053,0.7071068272519337,-6.581391075333309e-06,-0.7071068272185922,0.7071067348707356,-2.0032549613004028e-05,-9.511406644431899e-06,1.8818897314354034e-05,0.9999999997776912,1.8517876014811918e-05,9.652108019508887e-06,1.8244580246573605e-07
1.64,4.179990359298227,4.179994809054385,4.179994820460632,4.18,-0.9999743700027466,8.0,-12.054852485656738,6.24596796114929e-05,0.00021187582751736045,-9.047405242919922,0.7071067350911511,0.7071068272507254,-6.644223099011255e-06,-0.70710682721666,0.7071067348669736,-2.023254886252835e-05,-9.608398532108116e-06,1.9004747083616097e-05,0.9999999997732492,1.863907527877018e-05,9.722489267005585e-06,1.8343921226460225e-07
1.65,4.179990292595793,4.179994771876942,4.179994786962002,4.18,-0.9999737739562988,8.0,-12.145513534545898,6.335334182949737e-05,0.00021452664805110544,-9.084671974182129,0.7071067350917823,0.7071068272494989,-6.707260401636778e-06,-0.7071068272146916,0.7071067348631481,-2.0434030295281093e-05,-9.706293327538086e-06,1.9191790068766903e-05,0.9999999997687316,1.87720015674131e-05,9.90196622296935e-06,1.8490014497274387e-07
1.66,4.179990168296481,4.179994679216598,4.179994749479302,4.18,-0.9999731779098511,8.0,-12.23654556274414,6.42535524093546e-05,0.00021719919459428638,-9.12169361114502,0.7071067350924229,0.7071068272482666,-6.769348913379092e-06,-0.7071068272126675,0.7071067348592508,-2.06379247804827e-05,-9.806565305252994e-06,1.9379868443045143e-05,0.999999999764126,1.861561759142205e-05,9.944194971467368e-06,1.864195127154744e-07
1.67,4.179990187841939,4.1799946550634886,4.1799947871004,4.18,-0.9999725818634033,8.0,-12.327946662902832,6.516010034829378e-05,0.00021989326342009008,-9.158470153808594,0.7071067350930342,0.7071068272470774,-6.829438762807125e-06,-0.7071068272107638,0.7071067348555465,-2.0829182105239708e-05,-9.8993147281232e-06,1.9557597728293052e-05,0.999999999759752,1.6926665921346284e-05,8.606923984189052e-06,1.8788044542361604e-07
1.68,4.179991295604868,4.179995320777117,4.179995223305969,4.18,-0.9999719858169556,8.0,-12.419713973999023,6.607255636481568e-05,0.00022260594414547086,-9.195002555847168,0.7071067350935923,0.7071068272459605,-6.8870689889697005e-06,-0.7071068272090922,0.7071067348521999,-2.09988498199965e-05,-9.978537206539923e-06,1.971832163849889e-05,0.9999999997558083,1.522207458037883e-05,7.255577656906098e-06,1.8928294309716875e-07
1.69,4.17999241447178,4.179995993645285,4.179995663694722,4.18,-0.9999713897705078,8.0,-12.511845588684082,6.699049117742106e-05,0.00022533356968779117,-9.231291770935059,0.707106735094096,0.7071068272449212,-6.94181999063943e-06,-0.707106827207648,0.7071067348492126,-2.1147550629369218e-05,-1.0044969762042566e-05,1.9862183789398038e-05,0.9999999997522961,1.3587852663476951e-05,6.0872248468513135e-06,1.876465205441491e-07
1.7,4.179993423545884,4.179996581094535,4.1799960918652665,4.18,-0.9999707937240601,8.0,-12.604339599609375,6.791332270950079e-05,0.00022807270579505712,-9.267338752746582,0.7071067350945488,0.7071068272439609,-6.993336353255515e-06,-0.7071068272064052,0.7071067348465572,-2.1277497085045627e-05,-1.0100428221065007e-05,1.999049737512811e-05,0.9999999997491806,1.2133474228903651e-05,5.056118880020222e-06,1.8489974706881185e-07
1.71,4.179994317237259,4.179997102141066,4.179996475497205,4.18,-0.9999701976776123,8.0,-12.69719123840332,6.884054891997948e-05,0.00023082029656507075,-9.303144454956055,0.7071067350949596,0.7071068272430614,-7.042583541497671e-06,-0.7071068272053351,0.7071067348441764,-2.1391866697049143e-05,-1.014647673606117e-05,2.0106191921093947e-05,0.999999999746395,1.1062238627346233e-05,4.208008249406703e-06,1.8262053913531417e-07
1.72,4.179995019813832,4.179997530754797,4.179996758576879,4.18,-0.9999696016311646,8.0,-12.790400505065918,6.977180601097643e-05,0.00023357386817224324,-9.338706970214844,0.7071067350953375,0.7071068272422085,-7.090102258698973e-06,-0.7071068272044025,0.7071067348420133,-2.1493949913809743e-05,-1.0185059670612338e-05,2.0211976460560118e-05,0.9999999997438703,1.0104383363795932e-05,3.546411562638241e-06,1.8022441850007453e-07
1.73,4.179995599654545,4.179997866345381,4.179997012411489,4.18,-0.9999690055847168,8.0,-12.883964538574219,7.070674473652616e-05,0.0002363314270041883,-9.374031066894531,0.707106735095685,0.7071068272414046,-7.135483917757222e-06,-0.7071068272035842,0.7071067348400436,-2.1585475314784206e-05,-1.0217688229745768e-05,2.0308784368973075e-05,0.999999999741576,9.283366125600878e-06,2.972792799482704e-06,1.7788674711027852e-07
1.74,4.179996099928408,4.179998157830106,4.179997230551313,4.18,-0.999968409538269,8.0,-12.977880477905273,7.164500129874796e-05,0.00023909124138299376,-9.409113883972168,0.7071067350960056,0.7071068272406407,-7.1792687461800775e-06,-0.7071068272028727,0.7071067348382474,-2.166746935649307e-05,-1.0244706229365953e-05,2.0397723459210705e-05,0.9999999997394894,8.49362368171569e-06,2.444922756694723e-06,1.7589975698228955e-07
1.75,4.179996569196463,4.179998425739107,4.179997439858328,4.18,-0.9999678134918213,8.0,-13.07214641571045,7.258627738337964e-05,0.0002418517105979845,-9.44395637512207,0.7071067350962998,0.7071068272399222,-7.220942785876635e-06,-0.7071068272022548,0.7071067348366171,-2.174071195904848e-05,-1.0267028579536556e-05,2.0478981794762086e-05,0.9999999997375997,7.770344382151961e-06,2.0296656657592393e-06,1.7367896987252607e-07
1.76,4.179996964877628,4.179998637809227,4.179997632352521,4.18,-0.9999672174453735,8.0,-13.166759490966797,7.353019464062527e-05,0.00024461137945763767,-9.478560447692871,0.7071067350965697,0.7071068272392489,-7.260341625107026e-06,-0.7071068272017134,0.7071067348351321,-2.180652538785076e-05,-1.0285706519798253e-05,2.055337810173357e-05,0.9999999997358815,7.12525843482581e-06,1.712943571874348e-06,1.7046465927705867e-07
1.77,4.179997290961021,4.179998802598895,4.179997806503488,4.18,-0.9999666213989258,8.0,-13.261716842651367,7.447633834090084e-05,0.00024736905470490456,-9.512929916381836,0.7071067350968177,0.7071068272386184,-7.297508072685548e-06,-0.7071068272012394,0.7071067348337797,-2.1865665672887775e-05,-1.0301244373716218e-05,2.0621477244426345e-05,0.9999999997343195,6.491901785921073e-06,1.3891831258661114e-06,1.6795168278349593e-07
1.78,4.179997617513973,4.179998969505071,4.17999797620217,4.18,-0.999966025352478,8.0,-13.357016563415527,7.542431558249518e-05,0.00025012364494614303,-9.547061920166016,0.7071067350970444,0.7071068272380294,-7.332542858552211e-06,-0.707106827200829,0.7071067348325537,-2.1918524239648968e-05,-1.0313847694107408e-05,2.0683627229268556e-05,0.9999999997329061,5.9406461332400795e-06,1.1252481044721208e-06,1.668413034394689e-07
1.79,4.179997892807952,4.179999103693341,4.1799981217493976,4.18,-0.9999654293060303,8.0,-13.452656745910645,7.637377711944282e-05,0.00025287404423579574,-9.58095645904541,0.7071067350972531,0.7071068272374722,-7.366055130823069e-06,-0.7071068272004778,0.7071067348314366,-2.196583910728113e-05,-1.0323607606613699e-05,2.074078064736122e-05,0.9999999997316216,5.4910410653974395e-06,8.014878289941407e-07,1.6380241163460596e-07
1.8,4.179998171585408,4.179999271651262,4.1799982447245,4.18,-0.9999648332595825,8.0,-13.54863452911377,7.732449739705771e-05,0.00025561937945894897,-9.614616394042969,0.7071067350974455,0.7071068272369396,-7.39863965138379e-06,-0.7071068272001899,0.7071067348304239,-2.2007667121762507e-05,-1.0330143747279299e-05,2.0793398255068394e-05,0.9999999997304614,5.021887773182243e-06,4.988424393559399e-07,1.612894209301885e-07
1.81,4.179998444887959,4.179999427999938,4.179998371730337,4.18,-0.9999642372131348,8.0,-13.644946098327637,7.827626541256905e-05,0.00025835869018919766,-9.648042678833008,0.7071067350976208,0.7071068272364391,-7.429661310406088e-06,-0.707106827199955,0.7071067348295127,-2.204446036478209e-05,-1.033422487659009e-05,2.0841350631901476e-05,0.999999999729421,4.5605534069181886e-06,3.1584755788571783e-07,1.579583397415263e-07
1.82,4.179998656332336,4.179999526159541,4.179998498339435,4.18,-0.999963641166687,8.0,-13.741591453552246,7.922879012767226e-05,0.0002610911906231195,-9.681234359741211,0.7071067350977801,0.7071068272359708,-7.459008382952655e-06,-0.7071068271997658,0.7071067348286961,-2.2076702201248967e-05,-1.0336271786629007e-05,2.0884900566977238e-05,0.9999999997284912,4.146134415350389e-06,8.358476577541296e-08,1.5445195344909735e-07
1.83,4.179998880212668,4.17999964930371,4.179998613101144,4.18,-0.9999630451202393,8.0,-13.838568687438965,8.018182415980846e-05,0.0002638160949572921,-9.714194297790527,0.7071067350979254,0.7071068272355273,-7.487212711577233e-06,-0.707106827199622,0.7071067348279636,-2.210474527300472e-05,-1.033615776339809e-05,2.0924673485217724e-05,0.999999999727661,3.8138166473800084e-06,-9.237189146915625e-08,1.509455671566684e-07
1.84,4.179999054593617,4.179999744294811,4.179998706516537,4.18,-0.9999624490737915,8.0,-13.935874938964844,8.1135134678334e-05,0.00026653276290744543,-9.746922492980957,0.7071067350980589,0.7071068272351063,-7.514324589199142e-06,-0.7071068271995146,0.7071067348273017,-2.2129346447739093e-05,-1.0334382430746154e-05,2.0961240135330516e-05,0.9999999997269134,3.5010477859032108e-06,-2.683285629245802e-07,1.485494749431382e-07
1.85,4.179999223891857,4.179999837065331,4.179998792628625,4.18,-0.9999618530273438,8.0,-14.033507347106934,8.208856888813898e-05,0.00026924058329313993,-9.7794189453125,0.707106735098181,0.7071068272347057,-7.5404889548277075e-06,-0.7071068271994433,0.7071067348267075,-2.215059926082336e-05,-1.0330909440823152e-05,2.0994769144169656e-05,0.999999999726246,3.207826921425294e-06,-4.196512577436806e-07,1.4521839375447598e-07
1.86,4.179999375790629,4.179999919388841,4.179998875528213,4.18,-0.999961256980896,8.0,-14.131463050842285,8.304190851049498e-05,0.0002719390031415969,-9.811685562133789,0.7071067350982911,0.7071068272343296,-7.565390248337754e-06,-0.7071068271994042,0.7071067348261819,-2.2168620639533166e-05,-1.0326044608393825e-05,2.102512005708031e-05,0.9999999997256586,2.848142230504891e-06,-5.428208851299132e-07,1.4282230154094577e-07
1.87,4.179999530893463,4.179999985765839,4.179998973838417,4.18,-0.9999606609344482,8.0,-14.229740142822266,8.399492799071595e-05,0.0002746274694800377,-9.84372329711914,0.7071067350983895,0.7071068272339776,-7.589058537948457e-06,-0.7071068271993972,0.7071067348257247,-2.2183417817803207e-05,-1.031977178718249e-05,2.1052319250669498e-05,0.9999999997251511,2.6409329620946664e-06,-7.398923003165692e-07,1.4147813942599896e-07
1.88,4.179999596313708,4.18,4.179998943411279,4.179999913010128,-0.9999600648880005,8.0,-14.328337669372559,8.494750363752246e-05,0.0002773055457510054,-9.875532150268555,0.7071067350984814,0.7071068272336248,-7.61331786918546e-06,-0.7071068271994333,0.7071067348253164,-2.2195284653549955e-05,-1.031100897125191e-05,2.107786430889362e-05,0.9999999997247033,2.4767289232840994e-06,-9.862316119324532e-07,1.403092966256736e-07
1.89,4.1799996366690735,4.18,4.179998862934674,4.179999787502787,-0.9999594688415527,8.0,-14.427250862121582,8.589972276240587e-05,0.0002799726789817214,-9.907113075256348,0.7071067350985666,0.7071068272332719,-7.638145192396377e-06,-0.7071068271995113,0.7071067348249562,-2.2204270071452973e-05,-1.0299807054141468e-05,2.1101773528156533e-05,0.9999999997243145,2.320344265172025e-06,-1.246647570951609e-06,1.3814694455049903e-07
1.9,4.17999967300438,4.18,4.179998773386705,4.179999652970103,-0.999958872795105,8.0,-14.52647876739502,8.685168722877279e-05,0.00028262840351089835,-9.938467025756836,0.7071067350986454,0.7071068272329173,-7.663641056967895e-06,-0.7071068271996319,0.7071067348246434,-2.2210383612948826e-05,-1.0286101683517574e-05,2.1124124754430104e-05,0.9999999997239837,2.163959607059951e-06,-1.4929869394109119e-06,1.358092589498483e-07
1.91,4.179999708989019,4.18,4.179998690877032,4.179999525125048,-0.9999582767486572,8.0,-14.626018524169922,8.780348434811458e-05,0.0002852722827810794,-9.969595909118652,0.7071067350987177,0.7071068272325605,-7.689852591862411e-06,-0.7071068271997965,0.7071067348243789,-2.2213570317100263e-05,-1.0269820670919535e-05,2.1144912449676515e-05,0.9999999997237118,2.0114844119234476e-06,-1.7604410231797374e-06,1.3347157334919757e-07
1.92,4.179999743957199,4.18,4.17999859679354,4.179999386722635,-0.9999576807022095,8.0,-14.725869178771973,8.875525236362591e-05,0.00028790379292331636,-10.000499725341797,0.7071067350987834,0.7071068272322012,-7.716794682781523e-06,-0.7071068272000036,0.7071067348241612,-2.221390474130734e-05,-1.0251006210614096e-05,2.116419985971672e-05,0.9999999997234967,1.851190063462127e-06,-1.9997419258288573e-06,1.312507862394341e-07
1.93,4.179999781192155,4.18,4.17999851881962,4.179999262630609,-0.9999569058418274,8.0,-14.826027870178223,8.970703493105248e-05,0.0002905225264839828,-10.031180381774902,0.707106735098842,0.7071068272318414,-7.744348140217102e-06,-0.7071068272002538,0.7071067348239926,-2.2211308279585214e-05,-1.0229686999476653e-05,2.118184712201448e-05,0.9999999997233414,1.6791669850135804e-06,-2.2320045900414698e-06,1.2891310063878336e-07
1.94,4.1799998212427845,4.18,4.179998447414288,4.179999141823906,-0.9999557137489319,8.0,-14.926491737365723,9.065891208592802e-05,0.0002931279595941305,-10.061635971069336,0.707106735098892,0.7071068272314919,-7.771646906076191e-06,-0.7071068272005373,0.7071067348238769,-2.2205968374154663e-05,-1.0206607974691731e-05,2.119737438263616e-05,0.9999999997232483,1.4367706171469763e-06,-2.379807938268641e-06,1.2657541503813263e-07
1.95,4.1799998795904685,4.18,4.179998436535669,4.179999063246861,-0.9999545216560364,8.0,-15.027259826660156,9.16108037927188e-05,0.00029571971390396357,-10.091872215270996,0.7071067350989332,0.7071068272311568,-7.798343720599148e-06,-0.7071068272008477,0.7071067348238111,-2.2198172591511226e-05,-1.0182218026206496e-05,2.1210739432040644e-05,0.9999999997232135,1.2569286127472878e-06,-2.4642674816277577e-06,1.2324433384947042e-07
1.96,4.179999919687228,4.18,4.17999844106482,4.179999014354927,-0.9999533295631409,8.0,-15.128329277038574,9.256257908418775e-05,0.000298297411063686,-10.121886253356934,0.7071067350989676,0.7071068272308343,-7.82442147435349e-06,-0.7071068272011747,0.7071067348237807,-2.218872540691549e-05,-1.0157098102165044e-05,2.122249902190636e-05,0.9999999997232194,1.10445364498446e-06,-2.5416884454898536e-06,1.1973794755704148e-07
1.97,4.179999952317948,4.18,4.17999844199783,4.179998968631672,-0.9999521374702454,8.0,-15.229697227478027,9.351413609692827e-05,0.00030086073093116283,-10.151679992675781,0.7071067350989958,0.7071068272305236,-7.84990605879658e-06,-0.7071068272015166,0.7071067348237841,-2.2177724383073793e-05,-1.0131298881799242e-05,2.1232740447506314e-05,0.9999999997232638,9.480692142460612e-07,-2.6261479888489703e-06,1.1623149731576632e-07
1.98,4.179999985964999,4.18,4.17999844042801,4.179998919389,-0.9999509453773499,8.0,-15.331361770629883,9.446538024349138e-05,0.0003034094988834113,-10.181254386901855,0.7071067350990174,0.7071068272302233,-7.874960703604854e-06,-0.7071068272018776,0.7071067348238231,-2.216496408783397e-05,-1.0104559681828176e-05,2.1241433867200744e-05,0.9999999997233496,7.916844992905681e-07,-2.7106073048344115e-06,1.127250399690638e-07
1.99,4.18,4.17999998038789,4.179998419246267,4.179998850534318,-0.9999497532844543,8.0,-15.433321952819824,9.541620966047049e-05,0.0003059435694012791,-10.210611343383789,0.7071067350990332,0.7071068272299343,-7.89945669341769e-06,-0.7071068272022516,0.7071067348238922,-2.2150822698749386e-05,-1.0077238929680166e-05,2.1248755677374405e-05,0.9999999997234699,6.939441732356499e-07,-2.7493181278259726e-06,1.1021209900263784e-07
2.0,4.18,4.179999960001286,4.179998404916738,4.17999880576642,-0.9999485611915588,8.0,-15.53557300567627,9.636653703637421e-05,0.0003084627096541226,-10.239750862121582,0.7071067350990454,0.707106827229652,-7.92359697739541e-06,-0.7071068272026323,0.7071067348239781,-2.2135922972258437e-05,-1.004963347396642e-05,2.1255289740036057e-05,0.9999999997236088,6.157519578664505e-07,-2.7774715363193536e-06,1.0787448445626069e-07
2.01,4.18,4.179999944346539,4.179998395515263,4.17999877135974,-0.9999473690986633,8.0,-15.638116836547852,9.731628961162642e-05,0.0003109667741227895,-10.26867389678955,0.7071067350990542,0.7071068272293771,-7.947326258740739e-06,-0.7071068272030184,0.7071067348240805,-2.2120311439366644e-05,-1.00218153178164e-05,2.126102985683021e-05,0.999999999723766,5.336501089914236e-07,-2.7845096610690234e-06,1.0553686990988354e-07
2.02,4.18,4.179999927675288,4.179998396671429,4.179998746494197,-0.9999461770057678,8.0,-15.740946769714355,9.826540190260857e-05,0.00031345567549578846,-10.297381401062012,0.7071067350990594,0.7071068272291081,-7.970753915880613e-06,-0.7071068272034113,0.7071067348241995,-2.2103940825181963e-05,-9.993673690608825e-06,2.1266019941594738e-05,0.9999999997239415,4.632771037904604e-07,-2.8478541480581043e-06,1.0319925536350638e-07
2.03,4.18,4.179999914053536,4.179998369674415,4.179998696524972,-0.9999449849128723,8.0,-15.844062805175781,9.921378659782931e-05,0.00031592935556545854,-10.325875282287598,0.7071067350990614,0.7071068272288451,-7.993866247094563e-06,-0.7071068272038105,0.7071067348243341,-2.20868561823434e-05,-9.965250137951158e-06,2.127028216277403e-05,0.9999999997241344,3.8508477473442326e-07,-2.833777443811414e-06,1.0086164081712923e-07
2.04,4.18,4.17999989839876,4.179998381387996,4.17999868323332,-0.9999437928199768,8.0,-15.947464942932129,0.00010016141459345818,0.0003183877270203084,-10.354155540466309,0.7071067350990601,0.7071068272285913,-8.016412820628917e-06,-0.7071068272042108,0.7071067348244817,-2.2069310876449534e-05,-9.936900898367643e-06,2.1273818594886477e-05,0.9999999997243413,3.225308944365679e-07,-2.844334858309594e-06,9.852402627075207e-08
2.05,4.18,4.179999886809981,4.179998380784518,4.179998661690604,-0.9999426007270813,8.0,-16.0511474609375,0.00010110816219821572,0.00032083073165267706,-10.382224082946777,0.7071067350990559,0.7071068272283438,-8.038571172986048e-06,-0.7071068272046139,0.7071067348246415,-2.2051266808946518e-05,-9.908473494854206e-06,2.1276727835460983e-05,0.9999999997245616,2.521578323921858e-07,-2.8513729830592638e-06,9.653705745904517e-08
2.06,4.18,4.1799998724869205,4.179998381239393,4.179998639874544,-0.9999414086341858,8.0,-16.155107498168945,0.00010205396392848343,0.00032325834035873413,-10.41008186340332,0.7071067350990484,0.707106827228105,-8.060210694864564e-06,-0.7071068272050195,0.7071067348248157,-2.2032669792683216e-05,-9.880021966022998e-06,2.1278879213669302e-05,0.9999999997247973,1.7396544649272982e-07,-2.8513729830592638e-06,9.419944291266802e-08
2.07,4.18,4.179999856832129,4.179998385914622,4.179998619544524,-0.9999402165412903,8.0,-16.259347915649414,0.00010299871064489707,0.0003256704658269882,-10.437729835510254,0.7071067350990374,0.7071068272278744,-8.081366259411693e-06,-0.7071068272054291,0.7071067348250055,-2.2013420721747653e-05,-9.851451574369758e-06,2.128022731009409e-05,0.9999999997250504,8.795382200332824e-08,-2.8724880394292995e-06,9.285528790314856e-08
2.08,4.18,4.179999837157418,4.179998378045404,4.179998586623974,-0.9999390244483948,8.0,-16.363862991333008,0.00010394233686383814,0.00032806707895360887,-10.465167999267578,0.7071067350990232,0.7071068272276528,-8.101985737248638e-06,-0.7071068272058414,0.7071067348252105,-2.199359041033758e-05,-9.82284925413203e-06,2.1280785336891858e-05,0.9999999997253199,1.758068535195889e-08,-2.858411335182609e-06,9.16864451028232e-08
2.09,4.18,4.179999821198088,4.179998387421442,4.17999857536531,-0.9999378323554993,8.0,-16.46864891052246,0.0001048847334459424,0.00033044806332327425,-10.492398262023926,0.7071067350990057,0.7071068272274402,-8.122045959291306e-06,-0.7071068272062554,0.7071067348254296,-2.197321798830277e-05,-9.794259057309141e-06,2.1280564580025376e-05,0.999999999725605,-6.84309213738743e-08,-2.8724880394292995e-06,9.051760230249783e-08
2.1,4.18,4.179999801172755,4.179998382720775,4.17999854596394,-0.9999366402626038,8.0,-16.57370948791504,0.00010582579852780327,0.0003328133898321539,-10.519420623779297,0.7071067350989846,0.7071068272272367,-8.141583189865556e-06,-0.7071068272066732,0.7071067348256648,-2.1952199835766135e-05,-9.765582070829502e-06,2.1279517411934076e-05,0.9999999997259078,-1.4662330727333028e-07,-2.8654496873059543e-06,8.934875950217247e-08
2.11,4.18,4.1799997831804205,4.179998388577637,4.179998529153096,-0.9999354481697083,8.0,-16.679039001464844,0.0001067654593498446,0.0003351630293764174,-10.54623794555664,0.7071067350989604,0.7071068272270428,-8.160505960513869e-06,-0.7071068272070916,0.7071067348259137,-2.1930691971806933e-05,-9.736993294811609e-06,2.1277689476788904e-05,0.9999999997262254,-2.2481569317278627e-07,-2.8654496873059543e-06,8.829680098187964e-08
2.12,4.18,4.179999764954317,4.179998390681554,4.179998508823076,-0.9999342560768127,8.0,-16.784635543823242,0.00010770359222078696,0.00033749689464457333,-10.572850227355957,0.707106735098933,0.7071068272268565,-8.178997995540822e-06,-0.7071068272075137,0.707106734826177,-2.190858285583942e-05,-9.708283945452597e-06,2.1275131816200555e-05,0.999999999726559,-2.951888120605872e-07,-2.88656474367599e-06,8.712795818155428e-08
2.13,4.18,4.179999748994993,4.179998382461712,4.179998479968537,-0.9999330639839172,8.0,-16.89049530029297,0.00010864013165701181,0.0003398149274289608,-10.599259376525879,0.7071067350989023,0.7071068272266796,-8.196923890037175e-06,-0.7071068272079382,0.7071067348264551,-2.188589510379854e-05,-9.679565760357755e-06,2.1271764676313176e-05,0.999999999726909,-3.8120037970656995e-07,-2.8689689770544646e-06,8.595911538122891e-08
2.14,4.18,4.179999728969671,4.17999839359728,4.179998466403413,-0.9999318718910217,8.0,-16.996620178222656,0.00010957496851915494,0.00034211709862574935,-10.62546443939209,0.7071067350988683,0.7071068272265125,-8.214247095585956e-06,-0.7071068272083639,0.7071067348267478,-2.1862667480855715e-05,-9.650891994276254e-06,2.1267589624605388e-05,0.9999999997272749,-4.5939270876260707e-07,-2.8689689770544646e-06,8.479027258090355e-08
2.15,4.18,4.17999971097735,4.179998395934966,4.179998446073407,-0.9999306797981262,8.0,-17.103004455566406,0.00011050800094380975,0.00034440335002727807,-10.651468276977539,0.7071067350988308,0.7071068272263563,-8.230898172207659e-06,-0.7071068272087917,0.7071067348270568,-2.1838826369274757e-05,-9.622259693081413e-06,2.1262505503996525e-05,0.999999999727659,-5.49313824649289e-07,-2.854892272807774e-06,8.362142978057818e-08
2.16,4.18,4.179999689935546,4.179998405311004,4.179998429732269,-0.9999294877052307,8.0,-17.20964813232422,0.00011143911979161203,0.0003466735943220556,-10.677270889282227,0.7071067350987894,0.707106827226214,-8.246657526010776e-06,-0.7071068272092191,0.7071067348273836,-2.1814389880012035e-05,-9.593836939473794e-06,2.1256369844525896e-05,0.9999999997280625,-7.135176929295994e-07,-2.7845096610690234e-06,8.245258698025282e-08
2.17,4.18,4.179999649580225,4.179998442839995,4.179998422230568,-0.9999282956123352,8.0,-17.31654930114746,0.00011236809950787574,0.0003489278315100819,-10.702874183654785,0.707106735098741,0.7071068272261067,-8.260004663426999e-06,-0.707106827209637,0.7071067348277427,-2.178919437160221e-05,-9.56658317269879e-06,2.124799178282817e-05,0.9999999997285016,-9.520043704469572e-07,-2.650782562341192e-06,8.128374417992745e-08
2.18,4.18,4.179999589911375,4.17999851204123,4.179998427087583,-0.9999271035194397,8.0,-17.423704147338867,0.00011329451081110165,0.0003511659160722047,-10.728280067443848,0.7071067350986849,0.7071068272260371,-8.270760176001359e-06,-0.7071068272100439,0.7071067348281357,-2.1763219652187262e-05,-9.540610975882576e-06,2.123723018016118e-05,0.9999999997289784,-1.1787622042902512e-06,-2.5452086447330657e-06,8.011490137960209e-08
2.19,4.18,4.179999533292024,4.179998567165875,4.179998420917505,-0.9999259114265442,8.0,-17.531112670898438,0.00011421795352362096,0.00035338778980076313,-10.753485679626465,0.7071067350986222,0.7071068272260007,-8.279229321131686e-06,-0.707106827210442,0.7071067348285599,-2.1736483006781506e-05,-9.51571672181485e-06,2.1224313108465044e-05,0.9999999997294898,-1.401610347784299e-06,-2.4114813186315587e-06,7.894605857927672e-08
2.2,4.18,4.179999477689192,4.179998636367223,4.17999842984065,-0.9999247193336487,8.0,-17.63877296447754,0.00011513802746776491,0.00035559339448809624,-10.778496742248535,0.7071067350985525,0.7071068272260017,-8.285096933252948e-06,-0.7071068272108287,0.7071067348290174,-2.170900472508827e-05,-9.492137613177049e-06,2.1209032059002876e-05,0.9999999997300382,-1.651825982662558e-06,-2.2847925720270723e-06,7.777721577895136e-08
2.21,4.18,4.179999414970812,4.179998702049282,4.1799984281289575,-0.9999235272407532,8.0,-17.74668312072754,0.00011605431791394949,0.0003577826719265431,-10.803311347961426,0.7071067350984754,0.7071068272260425,-8.288200015815369e-06,-0.707106827211203,0.7071067348295097,-2.168076175493522e-05,-9.46997260557887e-06,2.119125547545518e-05,0.9999999997306251,-1.9020416175408172e-06,-2.1475466382980812e-06,7.6608372978626e-08
2.22,4.18,4.179999352252434,4.179998773009935,4.179998431695861,-0.9999223351478577,8.0,-17.854839324951172,0.000116966366476845,0.00035995550570078194,-10.827935218811035,0.7071067350983914,0.7071068272261221,-8.288565142990432e-06,-0.7071068272115639,0.7071067348300345,-2.1651851376239216e-05,-9.449271695538057e-06,2.117107093588445e-05,0.9999999997312485,-2.1405280676844995e-06,-1.9927049379475648e-06,7.543953017830063e-08
2.23,4.18,4.179999292583641,4.17999885276847,4.179998447110233,-0.9999211430549622,8.0,-17.963241577148438,0.00011787373659899458,0.00036211186670698225,-10.852360725402832,0.7071067350983007,0.7071068272262414,-8.286141734127386e-06,-0.7071068272119104,0.707106734830591,-2.1622339823973788e-05,-9.430117484175403e-06,2.114848950956308e-05,0.9999999997319071,-2.3829240944905905e-06,-1.8449014760335558e-06,7.427068737797526e-08
2.24,4.18,4.1799992318983605,4.179998929007887,4.179998457988997,-0.9999199509620667,8.0,-18.07188606262207,0.00011877596989506856,0.00036425169673748314,-10.876593589782715,0.7071067350982028,0.7071068272263995,-8.28100021602461e-06,-0.7071068272122446,0.7071067348311806,-2.159211326542109e-05,-9.412379680335492e-06,2.112348050387958e-05,0.9999999997326029,-2.6253201212966815e-06,-1.7111747183662374e-06,7.321872885768244e-08
2.25,4.18,4.179999170979311,4.179998997975183,4.17999846182941,-0.9999187588691711,8.0,-18.180770874023438,0.00011967264435952529,0.00036637490848079324,-10.900635719299316,0.7071067350980985,0.7071068272265949,-8.27321259384299e-06,-0.7071068272125666,0.7071067348318025,-2.156118125226421e-05,-9.396014122744421e-06,2.1096101588234243e-05,0.9999999997333348,-2.8286196993576596e-06,-1.5985625623216038e-06,7.204988605735707e-08
2.26,4.18,4.179999120459106,4.179999056618946,4.179998465277597,-0.9999175667762756,8.0,-18.28989601135254,0.00012056339619448408,0.0003684814728330821,-10.924487113952637,0.7071067350979905,0.7071068272268076,-8.264249020557988e-06,-0.7071068272128859,0.7071067348324424,-2.1529700713686697e-05,-9.380092222028767e-06,2.1067503283515835e-05,0.999999999734087,-2.898992534028366e-06,-1.5950433862599311e-06,7.08810432570317e-08
2.27,4.18,4.179999104499855,4.17999906071622,4.179998448740248,-0.9999163746833801,8.0,-18.39925765991211,0.00012144808715675026,0.0003705713606905192,-10.948153495788574,0.7071067350978802,0.7071068272270292,-8.254718888642023e-06,-0.7071068272132072,0.7071067348330959,-2.1497657463098657e-05,-9.364173041232417e-06,2.1038106463868863e-05,0.9999999997348552,-2.985003902722383e-06,-1.5950433862599311e-06,6.971220045670634e-08
2.28,4.18,4.179999084474584,4.179999063053906,4.179998426377292,-0.9999151825904846,8.0,-18.50885772705078,0.0001223266590386629,0.00037264448474161327,-10.971632957458496,0.7071067350977671,0.707106827227261,-8.24454168221869e-06,-0.7071068272135305,0.7071067348337641,-2.146502184775109e-05,-9.348292546012591e-06,2.1007833228308877e-05,0.9999999997356401,-3.0671058084408287e-06,-1.5880051478234236e-06,6.854335765638098e-08
2.29,4.18,4.179999065465774,4.179999068910711,4.179998408549915,-0.9999139904975891,8.0,-18.618690490722656,0.00012319900270085782,0.0003747008740901947,-10.994921684265137,0.7071067350976513,0.7071068272275032,-8.233715710424996e-06,-0.7071068272138554,0.7071067348344465,-2.1431816225482472e-05,-9.332467741370128e-06,2.0976698190593275e-05,0.9999999997364416,-3.1492077141592745e-06,-1.566890432513901e-06,6.737451485605561e-08
2.3,4.18,4.179999046456965,4.179999081805754,4.179998397760778,-0.9999127984046936,8.0,-18.728755950927734,0.00012406501627992839,0.00037674044142477214,-11.01802921295166,0.7071067350975331,0.7071068272277563,-8.22211059840257e-06,-0.707106827214179,0.7071067348351416,-2.1398175322592392e-05,-9.316886082131725e-06,2.0944704427643425e-05,0.9999999997372575,-3.2391287732025376e-06,-1.538737478767871e-06,6.620567205573025e-08
2.31,4.18,4.179999025415174,4.179999098219916,4.179998388457779,-0.9999116063117981,8.0,-18.83905029296875,0.00012492459791246802,0.0003787631867453456,-11.040949821472168,0.7071067350974124,0.7071068272280205,-8.209764255933782e-06,-0.7071068272145027,0.7071067348358505,-2.1364028308253335e-05,-9.301470677073218e-06,2.0911828660770082e-05,0.9999999997380891,-3.332959522595047e-06,-1.538737478767871e-06,6.503682925540488e-08
2.32,4.18,4.1799990033568655,4.179999100557602,4.179998364061785,-0.9999104142189026,8.0,-18.949573516845703,0.00012577763118315488,0.00038076911005191505,-11.06368637084961,0.7071067350972899,0.7071068272282923,-8.196871440324479e-06,-0.7071068272148251,0.7071067348365674,-2.1329599684640777e-05,-9.286242559012972e-06,2.087836735119418e-05,0.9999999997389297,-3.348598056618357e-06,-1.5000271105236607e-06,6.386798645507952e-08
2.33,4.18,4.179999001628532,4.179999122250472,4.17999837935095,-0.9999092221260071,8.0,-19.06032371520996,0.00012662411609198898,0.0003827582113444805,-11.086240768432617,0.7071067350971681,0.7071068272285663,-8.183747837168943e-06,-0.7071068272151422,0.7071067348372799,-2.1295439916048866e-05,-9.2713677416017e-06,2.084493295936454e-05,0.9999999997397653,-3.3407789032935398e-06,-1.4753931054656277e-06,6.269914365475415e-08
2.34,4.18,4.179999005999198,4.17999913690516,4.179998393700933,-0.9999080300331116,8.0,-19.17129898071289,0.00012746400898322463,0.00038473066524602473,-11.108614921569824,0.707106735097047,0.7071068272288429,-8.170305800539218e-06,-0.7071068272154523,0.7071067348379878,-2.1261616808373046e-05,-9.256956145876943e-06,2.0811511456252453e-05,0.9999999997405948,-3.348598056618357e-06,-1.4190870842867298e-06,6.252381723470535e-08
2.35,4.18,4.179999004316871,4.179999165408823,4.179998419820963,-0.9999068379402161,8.0,-19.28249740600586,0.00012829728075303137,0.0003866865881718695,-11.13080883026123,0.7071067350969262,0.7071068272291235,-8.156453134214714e-06,-0.7071068272157545,0.7071067348386912,-2.1228140986501764e-05,-9.243080477338404e-06,2.077804516221107e-05,0.9999999997414192,-3.348598056618357e-06,-1.3698194152311771e-06,6.252381723470535e-08
2.36,4.18,4.179999004316871,4.179999190042658,4.179998444454798,-0.9999056458473206,8.0,-19.3939151763916,0.0001291238731937483,0.0003886260383296758,-11.152823448181152,0.7071067350968062,0.7071068272294073,-8.142247071829095e-06,-0.7071068272160491,0.70710673483939,-2.119501827638559e-05,-9.229704385267659e-06,2.074457866710239e-05,0.9999999997422375,-3.348598056618357e-06,-1.302955979554099e-06,6.252381723470535e-08
2.37,4.18,4.179999004316871,4.179999223474376,4.179998477886516,-0.999904453754425,8.0,-19.505552291870117,0.0001299437426496297,0.00039054916123859584,-11.174659729003906,0.7071067350966871,0.7071068272296956,-8.127541994169757e-06,-0.7071068272163328,0.707106734840081,-2.116248028630309e-05,-9.217094609785743e-06,2.0711172774360667e-05,0.9999999997430462,-3.3368692129442934e-06,-1.218497004629171e-06,6.252381723470535e-08
2.38,4.18,4.179999007366369,4.179999265703863,4.1799985231655015,-0.9999032616615295,8.0,-19.617406845092773,0.00013075684546492994,0.00039245610241778195,-11.196319580078125,0.7071067350965689,0.7071068272299885,-8.11233662136405e-06,-0.7071068272166059,0.7071067348407651,-2.1130478324894876e-05,-9.205217625906561e-06,2.0677792148991044e-05,0.9999999997438465,-3.332959522595047e-06,-1.148114506577258e-06,6.252381723470535e-08
2.39,4.18,4.1799990083828895,4.179999300895112,4.179998559373271,-0.999902069568634,8.0,-19.72947883605957,0.00013156310888007283,0.0003943470073863864,-11.217802047729492,0.7071067350964511,0.7071068272302842,-8.096806812791935e-06,-0.707106827216872,0.7071067348414448,-2.1098797790893796e-05,-9.19379733625697e-06,2.0644409396360384e-05,0.9999999997446413,-3.332959522595047e-06,-1.0988467238348676e-06,6.252381723470535e-08
2.4,4.18,4.1799990083828895,4.179999325529003,4.179998584007162,-0.9999008774757385,8.0,-19.841764450073242,0.00013236251834314317,0.0003962220507673919,-11.239110946655273,0.7071067350963343,0.7071068272305842,-8.080801345392838e-06,-0.7071068272171276,0.7071067348421167,-2.10676903335085e-05,-9.183118614555129e-06,2.0611095528460427e-05,0.9999999997454265,-3.332959522595047e-06,-1.0284642257829546e-06,6.252381723470535e-08
2.41,4.18,4.1799990083828895,4.179999360720252,4.179998619198411,-0.999899685382843,8.0,-19.954261779785156,0.0001331550010945648,0.00039808134897612035,-11.260246276855469,0.7071067350962184,0.7071068272308887,-8.064276896303732e-06,-0.7071068272173726,0.7071067348427826,-2.1037097112117974e-05,-9.173170488084411e-06,2.0577778304799522e-05,0.999999999746204,-3.332959522595047e-06,-9.68639028542384e-07,6.252381723470535e-08
2.42,4.18,4.1799990083828895,4.179999390632851,4.17999864911101,-0.9998984932899475,8.0,-20.06696891784668,0.00013394052803050727,0.0003999250184278935,-11.281208992004395,0.7071067350961038,0.7071068272311917,-8.04773708593951e-06,-0.7071068272176123,0.7071067348434401,-2.100691583873697e-05,-9.163524514924819e-06,2.0544741510288127e-05,0.9999999997469717,-3.2664961508999113e-06,-9.791963293537265e-07,6.252381723470535e-08
2.43,4.18,4.179999025663365,4.179999385354201,4.179998661112835,-0.999897301197052,8.0,-20.179885864257812,0.00013471914280671626,0.00040175323374569416,-11.302000045776367,0.7071067350959914,0.7071068272314855,-8.031782805198512e-06,-0.7071068272178509,0.7071067348440843,-2.0977183100883284e-05,-9.153781672358733e-06,2.0512435910263197e-05,0.9999999997477241,-3.19612354360288e-06,-9.72158090917219e-07,6.252381723470535e-08
2.44,4.18,4.179999043960244,4.17999938887332,4.179998682928833,-0.9998961091041565,8.0,-20.29300880432129,0.0001354909618385136,0.0004035661113448441,-11.322620391845703,0.7071067350958822,0.7071068272317702,-8.016322749266917e-06,-0.7071068272180849,0.7071067348447124,-2.094810210249279e-05,-9.144150209525336e-06,2.048094062933915e-05,0.9999999997484578,-3.1101121749088634e-06,-9.651198524807114e-07,6.252381723470535e-08
2.45,4.18,4.1799990663232,4.179999392392439,4.179998708810908,-0.999894917011261,8.0,-20.406335830688477,0.00013625611609313637,0.0004053638258483261,-11.343071937561035,0.7071067350957754,0.7071068272320444,-8.001532650804221e-06,-0.7071068272183179,0.7071067348453264,-2.091949373426775e-05,-9.13437921527026e-06,2.045025327988855e-05,0.9999999997491751,-3.028010496564093e-06,-9.827153917285614e-07,6.252381723470535e-08
2.46,4.18,4.179999087669636,4.179999383594669,4.179998721359574,-0.9998937249183655,8.0,-20.51987075805664,0.00013701472198590636,0.0004071464645676315,-11.363354682922363,0.7071067350956715,0.7071068272323087,-7.987354140291719e-06,-0.7071068272185488,0.7071067348459259,-2.0891401862256685e-05,-9.124540981055706e-06,2.042036360640457e-05,0.9999999997498757,-2.9419991278700763e-06,-9.827153917285614e-07,6.252381723470535e-08
2.47,4.18,4.179999110032592,4.179999383594669,4.17999874372253,-0.99989253282547,8.0,-20.633604049682617,0.00013776689593214542,0.0004089142312295735,-11.383469581604004,0.7071067350955687,0.707106827232568,-7.973485340383668e-06,-0.707106827218779,0.7071067348465181,-2.086354791186143e-05,-9.11465198438573e-06,2.0390861167380448e-05,0.999999999750568,-2.981095576615189e-06,-1.0284641120961169e-06,6.252381723470535e-08
2.48,4.18,4.179999099867516,4.179999360720309,4.179998710683094,-0.9998913407325745,8.0,-20.747539520263672,0.00013851269613951445,0.00041066715493798256,-11.403419494628906,0.7071067350954627,0.7071068272328308,-7.959566005345094e-06,-0.707106827219023,0.707106734847131,-2.0834484356302998e-05,-9.103943401377669e-06,2.036046767466287e-05,0.9999999997512848,-3.117932010354707e-06,-1.112923087021045e-06,6.252381723470535e-08
2.49,4.18,4.179999064290042,4.179999318490822,4.179998632876133,-0.999890148639679,8.0,-20.86166763305664,0.00013925210805609822,0.00041240506106987596,-11.42320442199707,0.7071067350953498,0.7071068272331091,-7.944862657031909e-06,-0.7071068272192846,0.7071067348477835,-2.080344395236311e-05,-9.09239135644937e-06,2.032812195800139e-05,0.9999999997520479,-3.3876951874844963e-06,-1.2079394764441531e-06,6.252381723470535e-08
2.5,4.18,4.179998994151617,4.179999270982627,4.179998515229514,-0.9998889565467834,8.0,-20.976003646850586,0.0001399850007146597,0.0004141276003792882,-11.442825317382812,0.7071067350952264,0.7071068272334157,-7.92855506857246e-06,-0.7071068272195679,0.7071067348484964,-2.0769557569126073e-05,-9.07996126914174e-06,2.029262946105098e-05,0.9999999997528818,-3.7161023556109285e-06,-1.278321974496066e-06,6.252381723470535e-08
2.51,4.18,4.179998908765754,4.179999235791378,4.179998394652401,-0.9998877644538879,8.0,-21.090530395507812,0.0001407110976288095,0.00041583439451642334,-11.46228313446045,0.7071067350950923,0.7071068272337531,-7.91038978310829e-06,-0.7071068272198693,0.7071067348492696,-2.0732936098449804e-05,-9.06691077289626e-06,2.0253889375116194e-05,0.9999999997537855,-4.036690825159894e-06,-1.3416662341114716e-06,6.252381723470535e-08
2.52,4.18,4.179998825412751,4.179999204119248,4.179998279627268,-0.9998865723609924,8.0,-21.20524787902832,0.00014143013686407357,0.000417525036027655,-11.481579780578613,0.707106735094948,0.7071068272341149,-7.89090387930393e-06,-0.7071068272201951,0.7071067348501019,-2.069340235882692e-05,-9.052734809518455e-06,2.021215618595033e-05,0.9999999997547584,-4.298634848964866e-06,-1.5070655763338436e-06,6.153030085442879e-08
2.53,4.18,4.179998759294337,4.17999912340661,4.179998128822151,-0.9998853802680969,8.0,-21.32015609741211,0.00014214194379746914,0.00041919908835552633,-11.500715255737305,0.707106735094795,0.7071068272344929,-7.870720473697979e-06,-0.7071068272205485,0.7071067348509861,-2.0651070361452842e-05,-9.037073387201808e-06,2.0167951121596198e-05,0.9999999997557926,-4.53321172244614e-06,-1.6337539818778168e-06,6.123809015434745e-08
2.54,4.18,4.179998698888772,4.1799990606468285,4.179998004487961,-0.9998841881752014,8.0,-21.43525505065918,0.00014284647477325052,0.00042085620225407183,-11.519691467285156,0.7071067350946334,0.7071068272348874,-7.849783859697298e-06,-0.7071068272209283,0.707106734851922,-2.0605965149616064e-05,-9.019983604733803e-06,2.0121252499819423e-05,0.9999999997568876,-4.802974217454903e-06,-1.7885955685414956e-06,6.123809015434745e-08
2.55,4.18,4.179998628750523,4.179998983226035,4.179997856928919,-0.9998829960823059,8.0,-21.55054473876953,0.0001435436133760959,0.0004224959120620042,-11.538509368896484,0.7071067350944635,0.7071068272352944,-7.828392514996326e-06,-0.7071068272213371,0.7071067348529074,-2.0558067439376195e-05,-9.00124077072052e-06,2.0072257740431415e-05,0.9999999997580411,-4.990635716239922e-06,-1.9328799680806696e-06,6.123809015434745e-08
2.56,4.18,4.179998579958534,4.179998911083835,4.17999773599473,-0.9998818039894104,8.0,-21.666025161743164,0.00014423334505409002,0.00042411801405251026,-11.557168006896973,0.7071067350942881,0.7071068272357128,-7.806408366925453e-06,-0.7071068272217613,0.7071067348539255,-2.0508399163712037e-05,-8.98166513306294e-06,2.0021591826996915e-05,0.9999999997592328,-5.14701969223097e-06,-2.0067818695679307e-06,6.123809015434745e-08
2.57,4.18,4.179998539298699,4.179998874132885,4.179997658383945,-0.9998806118965149,8.0,-21.781696319580078,0.00014491556794382632,0.00042572227539494634,-11.575671195983887,0.7071067350941077,0.7071068272361432,-7.783731782239416e-06,-0.7071068272221983,0.7071067348549736,-2.045713153682898e-05,-8.961448209833392e-06,1.9969305374885743e-05,0.9999999997604596,-5.3112225941731595e-06,-2.041973630184657e-06,6.123809015434745e-08
2.58,4.18,4.179998496605945,4.179998856537004,4.17999759809531,-0.9998794198036194,8.0,-21.897539138793945,0.0001455901947338134,0.0004273084632586688,-11.594018936157227,0.707106735093922,0.7071068272365864,-7.760314261468995e-06,-0.7071068272226475,0.7071067348560515,-2.0404280710146798e-05,-8.940635716112392e-06,1.99153755105698e-05,0.9999999997617214,-5.475425496115349e-06,-2.1123562419234077e-06,6.2231606534624e-08
2.59,4.18,4.179998451926158,4.179998819358666,4.17999752021125,-0.9998782277107239,8.0,-22.013572692871094,0.00014625715266447514,0.00042887640302069485,-11.612212181091309,0.7071067350937311,0.7071068272370407,-7.736262734423058e-06,-0.7071068272231105,0.7071067348571598,-2.034974923266426e-05,-8.919083132843619e-06,1.985980893658766e-05,0.999999999763019,-5.63962885280489e-06,-2.207372972407029e-06,6.340044933494937e-08
2.6,4.18,4.179998406895599,4.179998769512615,4.179997430010012,-0.9998770356178284,8.0,-22.129783630371094,0.00014691639808006585,0.00043042589095421135,-11.63025188446045,0.7071067350935349,0.7071068272375057,-7.711656517582417e-06,-0.7071068272235893,0.7071067348582998,-2.029342943373618e-05,-8.896658240160972e-06,1.980258560352605e-05,0.9999999997643535,-5.796012828795938e-06,-2.2636795620201156e-06,6.433552357520966e-08
2.61,4.18,4.179998364365616,4.179998739489172,4.179997361196882,-0.9998758435249329,8.0,-22.246179580688477,0.00014756782911717892,0.00043195675243623555,-11.648139953613281,0.7071067350933357,0.7071068272379768,-7.686697831986788e-06,-0.707106827224077,0.7071067348594579,-2.0235999499478495e-05,-8.873697596238072e-06,1.974432805323298e-05,0.9999999997657095,-5.8351088227937e-06,-2.337581690881052e-06,6.649781880696537e-08
2.62,4.18,4.179998349876069,4.179998698213517,4.179997314080861,-0.9998746514320374,8.0,-22.362747192382812,0.0001482114748796448,0.0004334689292591065,-11.665876388549805,0.707106735093143,0.7071068272384313,-7.662558053663525e-06,-0.7071068272245493,0.7071067348605773,-2.018030357227342e-05,-8.851384025693006e-06,1.968787568592868e-05,0.9999999997670203,-4.974992862116778e-06,-1.7463676158513408e-06,6.883543335334252e-08
2.63,4.18,4.179998568830989,4.179998989145325,4.179997833318048,-0.9998734593391418,8.0,-22.479494094848633,0.0001488476264057681,0.00043496364378370345,-11.683463096618652,0.7071067350930105,0.7071068272387926,-7.641428724510408e-06,-0.70710682722481,0.7071067348613318,-2.0144699180784625e-05,-8.841148608340374e-06,1.964775888800854e-05,0.9999999997678999,-3.055370370930177e-06,-3.1056129046191927e-07,7.128993217975221e-08
2.64,4.18,4.179999063023839,4.17999970213949,4.179999050323058,-0.9998718500137329,8.0,-22.596416473388672,0.0001494768657721579,0.0004364446213003248,-11.700900077819824,0.707106735092947,0.707106827239046,-7.623835072110372e-06,-0.7071068272248265,0.7071067348616653,-2.0132408367028218e-05,-8.844898280126335e-06,1.962662737909257e-05,0.9999999997682817,-1.1943920981138945e-06,1.0196710036325385e-06,7.175744798360029e-08
2.65,4.179999633679394,4.179999179622552,4.18,4.17999983297295,-0.9998700618743896,8.0,-22.713512420654297,0.00015009981871116906,0.00043791564530692995,-11.718189239501953,0.70710673509295,0.7071068272391862,-7.61055512774386e-06,-0.7071068272246203,0.7071067348615958,-2.0142088990384944e-05,-8.861133853097303e-06,1.9624082273739776e-05,0.9999999997681879,6.744056690877187e-07,2.188023017879459e-06,7.09977001633888e-08
2.66,4.1799987306430175,4.17999876399309,4.179999682659126,4.18,-0.9998682737350464,8.0,-22.830780029296875,0.00015071725647430867,0.00043938038288615644,-11.735331535339355,0.707106735093016,0.7071068272392073,-7.602451101215785e-06,-0.7071068272242177,0.7071067348611483,-2.0171915142265215e-05,-8.88795454046344e-06,1.963944213412848e-05,0.9999999997676483,2.3868187781772576e-06,3.1628226224711398e-06,6.982885736306343e-08
2.67,4.179997798015807,4.179998278930974,4.179999239769403,4.18,-0.9998664855957031,8.0,-22.948217391967773,0.00015133006672840565,0.0004408419772516936,-11.752326965332031,0.7071067350931401,0.7071068272391144,-7.5995287222494966e-06,-0.7071068272236393,0.7071067348603535,-2.0219992374877278e-05,-8.924016713731246e-06,1.9671371434992418e-05,0.9999999997666995,3.978032964369049e-06,4.0426057239528745e-06,7.105609967084092e-08
2.68,4.179996944408567,4.179997836584938,4.179998823599229,4.18,-0.9998646974563599,8.0,-23.065824508666992,0.0001519391080364585,0.00044230339699424803,-11.76917839050293,0.7071067350933069,0.7071068272389327,-7.600919285574072e-06,-0.7071068272229377,0.7071067348593034,-2.0281151958872326e-05,-8.966279796437484e-06,1.971560106556936e-05,0.9999999997654504,4.372905095806345e-06,4.014453224954195e-06,7.315995276258036e-08
2.69,4.179996855818063,4.179997846453482,4.17999871672477,4.18,-0.9998629093170166,8.0,-23.18360137939453,0.00015254496247507632,0.00044376577716320753,-11.785886764526367,0.7071067350934601,0.7071068272387427,-7.6043497860224e-06,-0.7071068272223239,0.7071067348583459,-2.0335871073039353e-05,-9.002546325677922e-06,1.975671905002145e-05,0.9999999997643131,3.84510713047348e-06,3.198014383087866e-06,7.660796796926661e-08
2.7,4.179997401264954,4.179998247776872,4.1799988470562095,4.18,-0.9998611211776733,8.0,-23.301544189453125,0.00015314800839405507,0.000445227837190032,-11.802452087402344,0.7071067350935916,0.7071068272385492,-7.610113025073372e-06,-0.7071068272218388,0.7071067348575362,-2.0380840850679616e-05,-9.03026953732144e-06,1.9792592708345386e-05,0.9999999997633537,3.329037099319976e-06,2.3358265934803057e-06,8.011442531596913e-08
2.71,4.179997966537057,4.179998671857852,4.179998974221503,4.18,-0.9998593330383301,8.0,-23.419649124145508,0.00015374865324702114,0.0004466879181563854,-11.81887435913086,0.7071067350937025,0.7071068272383476,-7.618534773035819e-06,-0.7071068272214835,0.7071067348568681,-2.0416314218721076e-05,-9.049397923346152e-06,1.9823631241284897e-05,0.999999999762566,2.8950687465112424e-06,1.4841962183709256e-06,8.251048200236255e-08
2.72,4.179998505184017,4.179999092880927,4.179999082261162,4.18,-0.9998575448989868,8.0,-23.537919998168945,0.0001543473481433466,0.0004481445357669145,-11.835155487060547,0.7071067350937947,0.7071068272381362,-7.629595397833969e-06,-0.70710682722125,0.7071067348563312,-2.0442980534597366e-05,-9.060432815072852e-06,1.985030821614937e-05,0.9999999997619369,2.445461859679199e-06,7.592547035528696e-07,8.397151418648718e-08
2.73,4.179998984552565,4.17999945242962,4.1799991962368885,4.18,-0.9998557567596436,8.0,-23.65635108947754,0.00015494448598474264,0.0004495962057262659,-11.851296424865723,0.7071067350938686,0.7071068272379265,-7.642162554847267e-06,-0.7071068272211191,0.7071067348559168,-2.0461836485331545e-05,-9.064879665207836e-06,1.9872527708433482e-05,0.9999999997614553,2.0036745809193235e-06,1.680403727277735e-07,8.426372488656853e-08
2.74,4.179999395024423,4.179999747452364,4.179999310517159,4.18,-0.9998539686203003,8.0,-23.774944305419922,0.00015554027049802244,0.00045104188029654324,-11.867298126220703,0.707106735093926,0.7071068272377228,-7.655693318043786e-06,-0.7071068272210745,0.7071067348556108,-2.04739397860512e-05,-9.063870297992987e-06,1.9890653728923822e-05,0.9999999997611041,1.6322605915775057e-06,-3.492721702968993e-07,8.438060916660106e-08
2.75,4.179999744373465,4.18,4.179999400976161,4.179999994125133,-0.999852180480957,8.0,-23.893695831298828,0.00015613489085808396,0.00045248045353218913,-11.883162498474121,0.7071067350939685,0.7071068272375297,-7.669591562384802e-06,-0.7071068272211006,0.7071067348554014,-2.0480269775775907e-05,-9.05851873476512e-06,1.9904957250752224e-05,0.999999999760868,1.2139314549131086e-06,-7.223002285172697e-07,8.438060916660106e-08
2.76,4.179999853139039,4.18,4.179999323227706,4.179999807611104,-0.9998503923416138,8.0,-24.012605667114258,0.00015672831796109676,0.0004539110232144594,-11.898890495300293,0.7071067350939942,0.7071068272373559,-7.683234424772638e-06,-0.707106827221195,0.7071067348552963,-2.048064145937149e-05,-9.049134594893232e-06,1.9914867031864513e-05,0.9999999997607556,7.604157872265205e-07,-1.134038825512107e-06,8.438060916660106e-08
2.77,4.179999971053114,4.18,4.179999235272483,4.179999601741805,-0.9998486042022705,8.0,-24.131671905517578,0.00015732055180706084,0.0004553326580207795,-11.914482116699219,0.7071067350940036,0.7071068272372061,-7.696131787083549e-06,-0.7071068272213488,0.7071067348552914,-2.047550002021099e-05,-9.03637923640608e-06,1.9920351298550612e-05,0.9999999997607617,3.459962556462415e-07,-1.394454670844425e-06,8.33870927863245e-08
2.78,4.18,4.179999923184841,4.179999135998479,4.179999392731691,-0.9998468160629272,8.0,-24.25089454650879,0.00015791143232490867,0.00045674460125155747,-11.929938316345215,0.707106735093998,0.7071068272370833,-7.707916771043926e-06,-0.707106827221549,0.7071067348553742,-2.046572393360599e-05,-9.021133257292327e-06,1.992177180448786e-05,0.9999999997608711,-5.2784884019274614e-08,-1.6478321640533977e-06,8.221824998599914e-08
2.79,4.18,4.179999821839431,4.179999011647418,4.179999162359849,-0.999845027923584,8.0,-24.370271682739258,0.00015850075578782707,0.000458146067103371,-11.945261001586914,0.7071067350939781,0.7071068272369859,-7.718677531974435e-06,-0.7071068272217947,0.7071067348555422,-2.045142828664389e-05,-9.00341570119623e-06,1.9919272263759986e-05,0.9999999997610806,-4.4374672825142625e-07,-1.9012096572623705e-06,8.104940718567377e-08
2.8,4.18,4.179999722527036,4.179998887296357,4.179998934021022,-0.9998432397842407,8.0,-24.48980140686035,0.00015908839122857898,0.0004595363570842892,-11.960451126098633,0.7071067350939442,0.7071068272369131,-7.728455842994334e-06,-0.7071068272220854,0.7071067348557938,-2.0432668624150638e-05,-8.983236306189475e-06,1.9912921490545343e-05,0.9999999997613885,-8.38618177567696e-07,-2.1369914975366555e-06,8.011433294541348e-08
2.81,4.18,4.179999621730607,4.179998771275585,4.179998713463524,-0.9998414516448975,8.0,-24.609479904174805,0.00015967414947226644,0.0004609148600138724,-11.975508689880371,0.7071067350938965,0.7071068272368657,-7.737136535124248e-06,-0.707106827222417,0.7071067348561257,-2.0409693474404095e-05,-8.960852245075098e-06,1.9902813784091437e-05,0.9999999997617905,-1.1709357750078198e-06,-2.3270251858775737e-06,7.993900652536468e-08
2.82,4.18,4.179999535678686,4.179998676609394,4.179998532044106,-0.9998396635055542,8.0,-24.72930908203125,0.00016025789955165237,0.00046228093560785055,-11.990434646606445,0.7071067350938374,0.7071068272368413,-7.744778401841868e-06,-0.7071068272227816,0.7071067348565252,-2.0383201055967066e-05,-8.936715659701763e-06,1.988948443271606e-05,0.9999999997622717,-1.491524471930461e-06,-2.4959440452221315e-06,8.093252290564124e-08
2.83,4.18,4.179999450338592,4.179998590162931,4.179998364231615,-0.9998378753662109,8.0,-24.849287033081055,0.00016083946684375405,0.0004636341182049364,-12.005230903625488,0.7071067350937679,0.7071068272368368,-7.751536472071496e-06,-0.7071068272231762,0.707106734856985,-2.0353536676631114e-05,-8.910961097569908e-06,1.987328722789509e-05,0.9999999997628236,-1.7417399931218824e-06,-2.6402285584481433e-06,8.110784932569004e-08
2.84,4.18,4.179999384931904,4.179998517670022,4.179998227033323,-0.9998360872268677,8.0,-24.96941375732422,0.00016141873493324965,0.0004649739421438426,-12.019898414611816,0.7071067350936894,0.7071068272368501,-7.757467346145123e-06,-0.7071068272235943,0.7071067348574944,-2.0321293144949688e-05,-8.883967715179018e-06,1.985468137103046e-05,0.9999999997634333,-1.98022667063924e-06,-2.7633984700514702e-06,8.110784932569004e-08
2.85,4.18,4.179999322925367,4.179998456085066,4.179998103441831,-0.9998342990875244,8.0,-25.089685440063477,0.00016199557285290211,0.00046630005817860365,-12.034439086914062,0.7071067350936024,0.7071068272368806,-7.762624912235468e-06,-0.7071068272240366,0.7071067348580542,-2.028639498048866e-05,-8.855644035108903e-06,1.9833651594093668e-05,0.9999999997641019,-2.230442078143824e-06,-2.904163920902647e-06,8.21013657059666e-08
2.86,4.18,4.179999255882327,4.179998383715308,4.179997968003098,-0.9998325109481812,8.0,-25.210102081298828,0.0001625698641873896,0.0004676121170632541,-12.04885196685791,0.7071067350935063,0.7071068272369303,-7.766846876162979e-06,-0.7071068272245027,0.7071067348586666,-2.024876764978431e-05,-8.82605211354594e-06,1.9810030434648137e-05,0.9999999997648318,-2.488476638973225e-06,-3.013257355632959e-06,8.315332422625943e-08
2.87,4.18,4.179999186689425,4.1799983270646734,4.179997846367396,-0.9998307228088379,8.0,-25.330659866333008,0.00016314144886564463,0.0004689097113441676,-12.063138008117676,0.7071067350934018,0.7071068272370044,-7.769621733890882e-06,-0.7071068272249813,0.7071067348593234,-2.020907980028598e-05,-8.796026443616037e-06,1.978392900981208e-05,0.999999999765613,-2.7230535124544986e-06,-2.9710279250139138e-06,8.508185800337742e-08
2.88,4.18,4.179999121842371,4.179998344322321,4.179997806492125,-0.9998289346694946,8.0,-25.45136260986328,0.00016371006495319307,0.0004701926955021918,-12.077299118041992,0.7071067350932904,0.7071068272371074,-7.77038174233579e-06,-0.7071068272254596,0.7071067348600161,-2.016807062706106e-05,-8.766491170156102e-06,1.9755468554385734e-05,0.999999999766435,-2.965449766634265e-06,-2.9428749712678837e-06,8.741947254975457e-08
2.89,4.18,4.179999054144115,4.179998353723569,4.179997757545575,-0.9998271465301514,8.0,-25.572206497192383,0.00016427542141173035,0.00047146109864115715,-12.09133529663086,0.7071067350932041,0.7071068272371916,-7.77057281306337e-06,-0.7071068272258234,0.7071067348605503,-2.013655666416799e-05,-8.744072324440353e-06,1.973331992639161e-05,0.9999999997670687,-1.3703253216590383e-06,-1.4648388741989038e-06,8.975708709613173e-08
2.9,4.18,4.1799994642012415,4.179999088066388,4.179998911295979,-0.9998253583908081,8.0,-25.69318962097168,0.0001648375764489174,0.00047271756920963526,-12.10524845123291,0.7071067350931816,0.7071068272372018,-7.771700145639635e-06,-0.7071068272259337,0.7071067348606936,-2.012764723599203e-05,-8.73697526249234e-06,1.9727817154284193e-05,0.9999999997672393,2.4825683908602514e-07,2.7273600267108122e-08,9.110124210565118e-08
2.91,4.179999921816421,4.179999804160715,4.179999753250737,4.18,-0.9998235702514648,8.0,-25.814311981201172,0.00016539666103199124,0.0004739658033940941,-12.119039535522461,0.7071067350932201,0.7071068272371375,-7.774038444999619e-06,-0.7071068272258045,0.7071067348604613,-2.0140346506731884e-05,-8.74430157630837e-06,1.9738450321596432e-05,0.9999999997669654,1.8433812556395424e-06,1.385658947583579e-06,9.075058926555357e-08
2.92,4.179998827891399,4.179999125669347,4.179999339219695,4.18,-0.9998217821121216,8.0,-25.935571670532227,0.00016595296619925648,0.00047520935186184943,-12.132708549499512,0.707106735093316,0.7071068272369962,-7.77815876897244e-06,-0.7071068272254613,0.7071067348598812,-2.0172740467745885e-05,-8.764294058473299e-06,1.9764269818816604e-05,0.9999999997662804,3.223477051506052e-06,2.5258580080844695e-06,9.057526284550477e-08
2.93,4.1799978989669615,4.17999855592047,4.17999898074544,4.18,-0.9998199939727783,8.0,-26.05696678161621,0.00016650673933327198,0.0004764509212691337,-12.146257400512695,0.707106735093427,0.7071068272368338,-7.782830478460087e-06,-0.7071068272250615,0.7071067348592079,-2.0210316464667156e-05,-8.787560905196498e-06,1.979414345699014e-05,0.9999999997654854,2.7465036964713363e-06,2.1070811726531247e-06,9.045837856547223e-08
2.94,4.179998232368453,4.179998765542656,4.179999104992282,4.18,-0.9998182058334351,8.000006675720215,-26.178495407104492,0.0001670580531936139,0.00047769054071977735,-12.159687042236328,0.7071067350935196,0.7071068272366913,-7.787352902706756e-06,-0.707106827224736,0.7071067348586475,-2.0241281831017286e-05,-8.806258890509333e-06,1.9819237113150726e-05,0.9999999997648238,2.2695305688102962e-06,1.6284791399812093e-06,9.045837856547223e-08
2.95,4.179998595682482,4.179999004843673,4.179999229005295,4.18,-0.9998164176940918,8.000016212463379,-26.300159454345703,0.00016760687867645174,0.00047892716247588396,-12.17299747467041,0.707106735093594,0.7071068272365667,-7.791919652496707e-06,-0.7071068272244884,0.707106734858201,-2.0265522899956207e-05,-8.820170736323629e-06,1.9839607316217584e-05,0.9999999997642973,1.800376367100398e-06,1.1498772209961317e-06,9.045837856547223e-08
2.96,4.179998956963534,4.179999244144632,4.179999350985387,4.18,-0.9998146295547485,8.000025749206543,-26.42195701599121,0.00016815323033370078,0.000480159797007218,-12.186189651489258,0.7071067350936497,0.7071068272364606,-7.796484997334948e-06,-0.7071068272243183,0.7071067348578687,-2.0283044831656903e-05,-8.82933242777393e-06,1.9855225378638555e-05,0.9999999997639064,1.3312223927641753e-06,7.029473749753379e-07,9.06921471255373e-08
2.97,4.17999930240849,4.179999467142018,4.179999472497883,4.18,-0.9998128414154053,8.000035285949707,-26.54388427734375,0.00016869713726919144,0.00048138730926439166,-12.199265480041504,0.7071067350936877,0.7071068272363736,-7.800940465615783e-06,-0.707106827224222,0.7071067348576476,-2.0294105193414e-05,-8.834002793455712e-06,1.9866196726969444e-05,0.9999999997636473,8.659778245601046e-07,2.2434535651427723e-07,8.969863074526074e-08
2.98,4.179999662673087,4.17999970843006,4.179999595448503,4.18,-0.999811053276062,8.000044822692871,-26.66594123840332,0.00016923858493100852,0.0004826085933018476,-12.212224960327148,0.7071067350937084,0.7071068272363018,-7.80555914364882e-06,-0.7071068272242006,0.7071067348575342,-2.029879956832419e-05,-8.834056319660448e-06,1.9872782049855663e-05,0.999999999763516,4.515582645581162e-07,-2.0850804105521092e-07,8.864667222496792e-08
2.99,4.179999986848872,4.179999926960676,4.1799997053015066,4.18,-0.9998092651367188,8.000054359436035,-26.78812599182129,0.00016977761697489768,0.0004838227469008416,-12.225069046020508,0.7071067350937134,0.7071068272362502,-7.809795613587788e-06,-0.7071068272242391,0.7071067348575155,-2.0298105980398337e-05,-8.830570242476016e-06,1.987528724597949e-05,0.999999999763497,4.495787564451348e-08,-4.759620821914723e-07,8.747782942464255e-08
3.0,4.18,4.179999836733389,4.1799995870633,4.179999773708007,-0.9998074769973755,8.0000638961792,-26.910438537597656,0.00017031413153745234,0.0004850289551541209,-12.237798690795898,0.7071067350937039,0.7071068272362255,-7.812871661746291e-06,-0.7071068272243219,0.707106734857583,-2.029286852423015e-05,-8.824691707091489e-06,1.9873758900102405e-05,0.9999999997635792,-3.538232533628616e-07,-7.047057124509593e-07,8.630898662431719e-08
3.01,2.8502279528641226,2.2170064017155537,3.838037530307955,2.7990824700204184,-0.9998056888580322,8.000073432922363,-27.032798767089844,0.0001774627307895571,0.00048631671234034,-12.226682662963867,0.7071084442430011,0.7071048769228063,-0.0005840481363003998,-0.7071050242181682,0.70710853481569,-6.867482624835523e-05,0.0003644251173591718,0.00046154392111040314,0.9999998270857564,0.13163024187088013,-0.11123628169298172,0.0008041518740355968
3.02,2.8502279528641226,2.2170064017155537,3.838037530307955,2.7990824700204184,-0.9998034238815308,8.000082969665527,-27.1549072265625,0.00033846916630864143,0.0005000931560061872,-12.193682670593262,0.7071148391801512,0.7070878753932445,-0.00391671840914539,-0.7070942215442272,0.7071192546860039,-0.0003485843853605465,0.0025231072098499904,0.003015978146117538,0.9999922688730297,0.385532408952713,-0.32579195499420166,0.002381479600444436
3.03,2.8502279528641226,2.2170064017155537,3.838037530307955,2.7990824700204184,-0.9997973442077637,8.000092506408691,-27.27666473388672,0.0009995680302381516,0.0005558234988711774,-12.157922744750977,0.7071058216830112,0.7070266639683468,-0.010707631847616765,-0.7070738608540516,0.7071391025233241,-0.0009192276393805545,0.006921866723575151,0.00822107780635611,0.9999422491528013,0.6563990712165833,-0.5546624064445496,0.004151395056396723
3.04,2.8502279528641226,2.2170064017155537,3.838037530307955,2.7990824700204184,-0.9997803568840027,8.000102043151855,-27.39806365966797,0.0025607917923480272,0.000687208550516516,-12.122060775756836,0.7070355045313148,0.7068646701653496,-0.021050734053245156,-0.7070468476012552,0.7071644465814659,-0.001789074692787519,0.013621697004278304,0.016148794480098615,0.9997768079964464,0.9295759797096252,-0.7854471802711487,0.00609239237383008
3.05,2.8502279528641226,2.2170064017155537,3.838037530307955,2.7990824700204184,-0.9997416734695435,8.00011157989502,-27.519107818603516,0.00542864017188549,0.0009285252308472991,-12.086454391479492,0.7068336069390609,0.706515641762949,-0.03495568688791026,-0.7070178043909141,0.7071895527118144,-0.002959866469129678,0.02262910461702571,0.02680642608689949,0.9993844801399906,1.2030893564224243,-1.0164573192596436,0.008259836584329605
3.06,2.1167393316984096,0.15776954546987929,3.8991357143773686,3.927104415558819,-0.9996671080589294,8.000121116638184,-27.639772415161133,0.009690269827842712,0.0012805882142856717,-12.043558120727539,0.7063469645995297,0.7058687998586807,-0.05313382149908333,-0.7070056240508736,0.7071976528897781,-0.0038114705329597466,0.034885715722419136,0.0402581312687838,0.9985801268327344,1.4970459938049316,-1.529590129852295,0.006050609052181244
3.07,2.1167393316984096,0.15776954546987929,3.8991357143773686,3.927104415558819,-0.9995421171188354,8.000136375427246,-27.759960174560547,0.015694117173552513,0.0016241963021457195,-11.994006156921387,0.7051099349006604,0.704764298584315,-0.0782768365823811,-0.7070427093084524,0.70716803714166,-0.001993604518194858,0.05394985558970081,0.05675077696534376,0.996929667727709,1.8098950386047363,-2.304830312728882,0.0002254630671814084
3.08,2.1167393316984096,0.15776954546987929,3.8991357143773686,3.927104415558819,-0.999344527721405,8.000155448913574,-27.879648208618164,0.024350831285119057,0.0016808267682790756,-11.943902969360352,0.7025204881045587,0.7029221607137791,-0.11119981911318357,-0.7070477986617835,0.7071582797310898,0.003252355345278693,0.08092202543719955,0.07633874105091029,0.9937927462071271,2.125244379043579,-3.1165037155151367,-0.005070517770946026
3.09,2.1167393316984096,0.15776954546987929,3.8991357143773686,3.927104415558819,-0.9990437626838684,8.000170707702637,-27.998836517333984,0.0364655964076519,0.0011106233578175306,-11.894078254699707,0.6978283730746025,0.6999730122052249,-0.15189912414624868,-0.706833653029291,0.7072775818037362,0.012025357505166423,0.11585227092000033,0.098975777148772,0.988322845461176,2.4407665729522705,-3.9331979751586914,-0.009021523408591747
3.1,2.1167393316984096,0.15776954546987929,3.8991357143773686,3.927104415558819,-0.9986012578010559,8.000175476074219,-28.117528915405273,0.0528014600276947,-0.00043399311834946275,-11.844611167907715,0.6901072247920746,0.6954736669982365,-0.20017091897128025,-0.7061217927925735,0.7076726651057444,0.02431898035557469,0.15856869815062152,0.12456234412597872,0.9794591315581566,2.756143569946289,-4.750650405883789,-0.01128013152629137
3.11,3.7765903451713143,0.608633930325856,3.1968615370159945,3.203232917795792,-0.9979689121246338,8.000157356262207,-28.235740661621094,0.07481609284877777,-0.0033912649378180504,-11.79861068725586,0.6784623500672503,0.688843852167665,-0.255309590246892,-0.7045926913735483,0.70852506696708,0.039260269258811535,0.20793743964039638,0.15325265677992916,0.9660619257509788,3.1682047843933105,-5.317699909210205,-0.013949507847428322
3.12,3.7765903451713143,0.608633930325856,3.1968615370159945,3.203232917795792,-0.9970834851264954,8.000100135803223,-28.3535099029541,0.10337220877408981,-0.007991809397935867,-11.755637168884277,0.662688229874975,0.679183138845643,-0.3155226994892005,-0.7021413136869356,0.7100134224326193,0.053651799406015,0.2604647492448002,0.18598710673941607,0.9474000794424415,3.6700165271759033,-5.652155876159668,-0.01678605191409588
3.13,3.7765903451713143,0.608633930325856,3.1968615370159945,3.203232917795792,-0.9958800077438354,7.999990940093994,-28.470853805541992,0.13846448063850403,-0.014068958349525928,-11.712944030761719,0.6423929440671153,0.6656295152831602,-0.3798271367302356,-0.6987700219979776,0.7122591843767949,0.06638757886720009,0.3147248985538479,0.22276490445042713,0.9226722254275687,4.184135913848877,-5.954484939575195,-0.017793791368603706
3.14,3.7765903451713143,0.608633930325856,3.1968615370159945,3.203232917795792,-0.9942916035652161,7.999814510345459,-28.587770462036133,0.18040688335895538,-0.021420929580926895,-11.66992473602295,0.617029636407615,0.6473469182073315,-0.447455467373187,-0.6944990090291336,0.7153393332793756,0.07720598889315497,0.3700615546800803,0.2631189954201123,0.890967361914494,4.699887275695801,-6.252529144287109,-0.01655716262757778
3.15,3.7765903451713143,0.608633930325856,3.1968615370159945,3.203232917795792,-0.9922482371330261,7.999558925628662,-28.704252243041992,0.22950921952724457,-0.029835576191544533,-11.626201629638672,0.5860425507655311,0.6234938657657171,-0.5175031671833052,-0.6893707637197718,0.7192929168832227,0.0859398036421072,0.42581930301554977,0.30638717184984643,0.8513546981753282,5.215956211090088,-6.549953460693359,-0.012879392132163048
3.16,0.10444857380761881,3.668854826871698,1.4960390669381574,0.4244219084404036,-0.9897207021713257,7.9992218017578125,-28.82022476196289,0.27270835638046265,-0.036938682198524475,-11.561335563659668,0.549490924858482,0.5940845158861798,-0.58747196655028,-0.6834946199564249,0.7240239286633663,0.09286794502672482,0.4805151693638737,0.3505038355098956,0.803898148588526,5.287586688995361,-6.572869300842285,0.008169598877429962
3.17,0.10444857380761881,3.668854826871698,1.4960390669381574,0.4244219084404036,-0.98681640625,7.998824596405029,-28.935426712036133,0.3081197440624237,-0.04248981550335884,-11.4783935546875,0.5095745865648975,0.5621741932250987,-0.6513784746204953,-0.6770950270472537,0.7291266609224478,0.09958231107963261,0.5309200175874823,0.3903005108935823,0.7521897673600166,4.9477057456970215,-6.339773654937744,0.042606692761182785
3.18,0.10444857380761881,3.668854826871698,1.4960390669381574,0.4244219084404036,-0.9835522174835205,7.998371601104736,-29.049787521362305,0.34516361355781555,-0.048132531344890594,-11.39376163482666,0.4677043885218146,0.5295836871741051,-0.7076678057086637,-0.6702611720406833,0.73442554724195,0.10662587309378493,0.5761966384942602,0.4244528640938142,0.6984534343465375,4.552560329437256,-6.0698394775390625,0.07710520923137665
3.19,0.10444857380761881,3.668854826871698,1.4960390669381574,0.4244219084404036,-0.9799039363861084,7.997859954833984,-29.16330337524414,0.38497599959373474,-0.05413605272769928,-11.309303283691406,0.4247319551874261,0.4972958887642424,-0.756504834922321,-0.6630276544260141,0.7398488103108386,0.1140967455625908,0.6164390446013327,0.45312309243716414,0.6439583584294695,4.151472091674805,-5.793909072875977,0.10992154479026794
3.2,0.10444857380761881,3.668854826871698,1.4960390669381574,0.4244219084404036,-0.975844144821167,7.997287273406982,-29.27597427368164,0.42738762497901917,-0.060562312602996826,-11.224961280822754,0.3813484026477546,0.4660659486849753,-0.79834574419507,-0.6554219815999612,0.7453372589821421,0.12204260079401513,0.6519167292174562,0.4767125987944532,0.5897030407900681,3.750866174697876,-5.51645040512085,0.1409253180027008
3.21,3.681606394090335,3.2473487868526134,3.5197366032594455,0.6217539635049604,-0.9712794423103333,7.996636390686035,-29.387847900390625,0.49284178018569946,-0.07064230740070343,-11.154827117919922,0.33831824358777185,0.435252128242111,-0.8343238884967861,-0.6475261859892582,0.7510080456607662,0.12921591934046325,0.68282545684376,0.49653046252320643,0.5359168734725572,3.8097212314605713,-5.171957015991211,0.16624313592910767
3.22,3.681606394090335,3.2473487868526134,3.5197366032594455,0.6217539635049604,-0.965918242931366,7.995863437652588,-29.49909782409668,0.580984890460968,-0.08423169702291489,-11.09520149230957,0.2967797269625063,0.40029016534270234,-0.8670003328684324,-0.6397036543758908,0.7574235038572059,0.13072440622471432,0.7090141241485894,0.5158269276943435,0.4808550222501825,4.294933319091797,-4.7645745277404785,0.18764176964759827
3.23,3.681606394090335,3.2473487868526134,3.5197366032594455,0.6217539635049604,-0.9596402645111084,7.994950771331787,-29.609745025634766,0.6753280758857727,-0.09817298501729965,-11.03347110748291,0.25734881996252823,0.35944912443911314,-0.896977096588229,-0.632340457700769,0.7645464766090189,0.12495691521287142,0.7306963325613972,0.5350373931275175,0.4240493574298092,4.839433670043945,-4.346818447113037,0.2088698297739029
3.24,3.681606394090335,3.2473487868526134,3.5197366032594455,0.6217539635049604,-0.9524000883102417,7.993902683258057,-29.719755172729492,0.7732375860214233,-0.11129876226186752,-10.9677152633667,0.2204213319502999,0.3123227920039242,-0.9240502746150391,-0.6257292033987455,0.7720053532401889,0.11167228206884017,0.7482495575910667,0.5535902890797171,0.3655959400778518,5.391977787017822,-3.9257848262786865,0.23022468388080597
3.25,3.681606394090335,3.2473487868526134,3.5197366032594455,0.6217539635049604,-0.944165825843811,7.992730617523193,-29.829084396362305,0.8740708231925964,-0.12274067848920822,-10.897387504577637,0.18634414020748125,0.2587512199336923,-0.9477993815112778,-0.6200693505854187,0.7792710978908485,0.09083257376387019,0.7620957038816792,0.5707752291180984,0.3056563036324794,5.945475101470947,-3.502230644226074,0.2515258491039276
3.26,1.4606274664806298,0.5190345948743161,2.4613616635604,3.5809613834354272,-0.9349566102027893,7.991459846496582,-29.937671661376953,0.9635794758796692,-0.13055264949798584,-10.818115234375,0.1538608463384996,0.1995789919797101,-0.9677267516837402,-0.6153614288288725,0.7856274207401996,0.06418619548462112,0.7730828881004217,0.5856259742715176,0.24369051353068016,6.222840785980225,-3.561666965484619,0.26390278339385986
3.27,1.4606274664806298,0.5190345948743161,2.4613616635604,3.5809613834354272,-0.9249269962310791,7.990129470825195,-30.04542350769043,1.041908860206604,-0.1350443810224533,-10.731253623962402,0.11717122997321683,0.13831432611130726,-0.9834327887857606,-0.6113282894626324,0.7904480542014509,0.03833531155256337,0.7826548571172707,0.596708488963845,0.17717323113052208,6.244751930236816,-4.07103157043457,0.2692815065383911
3.28,1.4606274664806298,0.5190345948743161,2.4613616635604,3.5809613834354272,-0.9141196012496948,7.988765716552734,-30.152284622192383,1.1196470260620117,-0.13745424151420593,-10.639923095703125,0.07437114788158339,0.07632514406074659,-0.994305488643647,-0.6080231541981731,0.7937688859724523,0.015453142753387272,0.7904282233838061,0.6034114914767187,0.10544095803890208,6.2327399253845215,-4.642561912536621,0.2753203511238098
3.29,1.4606274664806298,0.5190345948743161,2.4613616635604,3.5809613834354272,-0.9025321006774902,7.987386226654053,-30.258209228515625,1.1979445219039917,-0.13813698291778564,-10.543889999389648,0.025298517665916065,0.014091961476671355,-0.9995806128700411,-0.6055483485101063,0.795797921237906,-0.004106844300693857,0.7954063003400147,0.6053982863992656,0.02866587176840285,6.217776298522949,-5.222167491912842,0.283075749874115
3.3,1.4606274664806298,0.5190345948743161,2.4613616635604,3.5809613834354272,-0.8901597261428833,7.9860076904296875,-30.363143920898438,1.2765357494354248,-0.13736453652381897,-10.442511558532715,-0.029849539546654702,-0.0479837910952543,-0.9984020035942337,-0.6039513682487777,0.7967642257670244,-0.020236435662032315,0.796462020299325,0.6023822078464811,-0.05276292155213502,6.204206466674805,-5.802429676055908,0.29268506169319153
3.31,3.8584421242627833,0.6882140184253782,2.352709521919904,3.813194057738759,-0.8769595623016357,7.984643936157227,-30.4670352935791,1.3675819635391235,-0.13506175577640533,-10.33389949798584,-0.0901092991060155,-0.10996022144007084,-0.9898429491164107,-0.6032231591463488,0.7968640260194942,-0.03360869389758475,0.7924658569832024,0.5940677349737598,-0.13813541102492577,6.341115474700928,-6.209129810333252,0.2990560829639435
3.32,3.8584421242627833,0.6882140184253782,2.352709521919904,3.813194057738759,-0.8627768754959106,7.983312606811523,-30.569791793823242,1.4692784547805786,-0.13112270832061768,-10.215641975402832,-0.15275842291072195,-0.17318984860434114,-0.9729697531630848,-0.6033794932737552,0.7960697541056762,-0.046969497493955015,0.7826864323127973,0.5798950102721472,-0.22610556325515496,6.617166996002197,-6.454166889190674,0.3024728000164032
3.33,3.8584421242627833,0.6882140184253782,2.352709521919904,3.813194057738759,-0.8475763201713562,7.982028007507324,-30.671316146850586,1.5704457759857178,-0.12569090723991394,-10.087461471557617,-0.2164589756255617,-0.23761263944183345,-0.9469349214431885,-0.6045036590093356,0.7942543263751858,-0.06111784746393559,0.7666295312049082,0.5591961182016424,-0.3155611878427975,6.9132771492004395,-6.675804138183594,0.3070293366909027
3.34,3.8584421242627833,0.6882140184253782,2.352709521919904,3.813194057738759,-0.8313778638839722,7.980804920196533,-30.77150535583496,1.6686017513275146,-0.11872214078903198,-9.948981285095215,-0.28037467712943265,-0.30250537124910337,-0.9109777937963189,-0.6066969145003606,0.7912884878440888,-0.07603540583936896,0.7438473595841478,0.5313690143119539,-0.4053863296521405,7.212982654571533,-6.893162250518799,0.3133547902107239
3.35,3.8584421242627833,0.6882140184253782,2.352709521919904,3.813194057738759,-0.8142185807228088,7.979658603668213,-30.870258331298828,1.7623968124389648,-0.11014489829540253,-9.79981517791748,-0.34364154944811665,-0.3669361484406414,-0.8644468453643902,-0.6100594751403123,0.7870470403613123,-0.09156633142168358,0.7139593281724282,0.49589799276267144,-0.49431493856602104,7.514184474945068,-7.108678340911865,0.32159286737442017
3.36,1.7168373784645732,0.033517444441405836,1.321825194881655,2.5683394079533324,-0.7962166666984558,7.9785990715026855,-30.96750831604004,1.8304001092910767,-0.10228155553340912,-9.652565956115723,-0.40540660777120374,-0.42954588986298625,-0.8069298673845581,-0.6146798374634861,0.7814622810381996,-0.10716996188501793,0.6766196714486711,0.4525561090255983,-0.5808431702209325,7.71668004989624,-7.359403610229492,0.3351169526576996
3.37,1.7168373784645732,0.033517444441405836,1.321825194881655,2.5683394079533324,-0.7776801586151123,7.977609634399414,-31.063323974609375,1.8752299547195435,-0.09559673815965652,-9.509550094604492,-0.4649966151097473,-0.4881877693494221,-0.7385464438978182,-0.6205872769149232,0.7746904793512212,-0.12135111426721917,0.631387028428521,0.40190466911969397,-0.6631915690597938,7.82819128036499,-7.6426615715026855,0.3534458875656128
3.38,1.7168373784645732,0.033517444441405836,1.321825194881655,2.5683394079533324,-0.7587341070175171,7.976689338684082,-31.157684326171875,1.9130375385284424,-0.08847055584192276,-9.361495018005371,-0.5213446830938315,-0.5415303861118616,-0.6595032693833521,-0.6277233772377474,0.7669041264384723,-0.13349690079129278,0.5780684069200018,0.3443877201196086,-0.7397526716084162,7.929229259490967,-7.928819179534912,0.3738168776035309
3.39,1.7168373784645732,0.033517444441405836,1.321825194881655,2.5683394079533324,-0.7394373416900635,7.9758429527282715,-31.250532150268555,1.9453668594360352,-0.08074208348989487,-9.207074165344238,-0.5731926701599392,-0.5885449764764638,-0.5701446952653665,-0.6359811237847147,0.7582713009925586,-0.14336193455929608,0.5166993062356965,0.2804272539454241,-0.8089390472589257,8.031204223632812,-8.213603019714355,0.3958730399608612
3.4,1.7168373784645732,0.033517444441405836,1.321825194881655,2.5683394079533324,-0.7198458909988403,7.975076675415039,-31.34180450439453,1.971892237663269,-0.07250230014324188,-9.046478271484375,-0.6192140746135979,-0.628247283526248,-0.47104063576544625,-0.6452161165766435,0.7489769474154359,-0.15076370634211214,0.44751546644801105,0.21056800085042723,-0.8691323399273978,8.135870933532715,-8.4962739944458,0.4195953607559204
3.41,1.9312118476496571,0.4919477421932076,3.0397779602363655,2.8829709648651183,-0.7000012993812561,7.974401473999023,-31.431406021118164,1.9975262880325317,-0.061925631016492844,-8.868896484375,-0.658178305956572,-0.6597876241651963,-0.3626039279525016,-0.655290065615997,0.7391854474859865,-0.1555628623094996,0.37066999807526857,0.13522265055599111,-0.9188681011459114,8.33511734008789,-8.872673988342285,0.4485144019126892
3.42,1.9312118476496571,0.4919477421932076,3.0397779602363655,2.8829709648651183,-0.6799110174179077,7.9738450050354,-31.519134521484375,2.019033908843994,-0.04923286288976669,-8.675155639648438,-0.6889540019321598,-0.6824084205265303,-0.24425628101677993,-0.6661479361199186,0.7289667080661619,-0.15765299151730672,0.28563842602989314,0.05409515806122954,-0.9568094917220964,8.62375259399414,-9.334802627563477,0.4835427403450012
3.43,1.9312118476496571,0.4919477421932076,3.0397779602363655,2.8829709648651183,-0.6596534848213196,7.973418235778809,-31.604888916015625,2.0306622982025146,-0.03620162978768349,-8.475554466247559,-0.7097110484348568,-0.6947563050325648,-0.11672148194310267,-0.6775826082222715,0.7185221451683048,-0.15686853074291687,0.19285237038781788,-0.03224288324941486,-0.9806978942138931,8.929712295532227,-9.804801940917969,0.5226026773452759
3.44,1.9312118476496571,0.4919477421932076,3.0397779602363655,2.8829709648651183,-0.6393342614173889,7.97312068939209,-31.68863296508789,2.031280517578125,-0.023301981389522552,-8.273183822631836,-0.7184364750406267,-0.6953512718334234,0.018320482822193743,-0.6892850309472343,0.7081359601310433,-0.15306733185547972,0.09346217118849809,-0.12259718891118887,-0.9880459259709564,9.24356460571289,-10.271318435668945,0.5655454397201538
3.45,1.9312118476496571,0.4919477421932076,3.0397779602363655,2.8829709648651183,-0.6190656423568726,7.972949981689453,-31.770349502563477,2.020458936691284,-0.010820017196238041,-8.07034969329834,-0.7131919459112126,-0.6828075608614377,0.15852786227610677,-0.7008845632110836,0.6981363848579514,-0.1461725596337388,-0.010866339760314161,-0.21535882375218482,-0.9764745258798555,9.56468677520752,-10.732248306274414,0.6124939322471619
3.46,3.5851773203729453,0.8345597035081594,0.07337943819153976,2.167790700678292,-0.5989577174186707,7.972898483276367,-31.85007095336914,1.9998644590377808,-0.0001431441050954163,-7.877166271209717,-0.6926116525776531,-0.6560445987137501,0.2998242538757787,-0.711811498443181,0.6888831691982975,-0.1369831007072889,-0.11667685887838283,-0.30829444317701316,-0.9441085991073537,9.818775177001953,-10.784882545471191,0.6558343768119812
3.47,3.5851773203729453,0.8345597035081594,0.07337943819153976,2.167790700678292,-0.5790939331054688,7.972943305969238,-31.92792510986328,1.9715176820755005,0.008825196884572506,-7.695040702819824,-0.6578092223193852,-0.6149692800077077,0.4348560815699451,-0.7213014509822154,0.6805649745406404,-0.12866830316534106,-0.21682076432508907,-0.39830151904719,-0.8912601506194386,10.00723934173584,-10.45877742767334,0.6929504871368408
3.48,3.5851773203729453,0.8345597035081594,0.07337943819153976,2.167790700678292,-0.5595534443855286,7.9730730056762695,-32.003990173339844,1.9352765083312988,0.017125092446804047,-7.519709587097168,-0.6108727045865676,-0.5601338232651789,0.5595396668918351,-0.7293702145308152,0.6730607759472367,-0.12250829374608299,-0.3079831634137898,-0.4829485396143539,-0.8196993833949116,10.187453269958496,-10.076072692871094,0.7282693386077881
3.49,3.5851773203729453,0.8345597035081594,0.07337943819153976,2.167790700678292,-0.5404123067855835,7.973283767700195,-32.07834243774414,1.8917922973632812,0.025036660954356194,-7.35204553604126,-0.5539204938408018,-0.49240192712829667,0.6713511962181203,-0.7362844045775265,0.6661415201246561,-0.11891488864700417,-0.38866098605221333,-0.5601748096142416,-0.7315372995237963,10.367044448852539,-9.681605339050293,0.762326717376709
3.5,3.5851773203729453,0.8345597035081594,0.07337943819153976,2.167790700678292,-0.5217383503913879,7.973572731018066,-32.15106201171875,1.842003345489502,0.03275568410754204,-7.193301200866699,-0.4891053461761923,-0.4129152704714558,0.768294826061813,-0.7423378822092757,0.6595318287028924,-0.11811958163177744,-0.4579415126180575,-0.6281072729552675,-0.6291031908055962,10.546685218811035,-9.281447410583496,0.7951088547706604
3.51,1.5516829988320395,3.6233923999915247,4.096090682775158,2.4297542980440787,-0.5036532282829285,7.973947525024414,-32.222198486328125,1.767662525177002,0.04330771788954735,-7.03068208694458,-0.4178994138806502,-0.32327098675674704,0.8490323603959556,-0.7478600314801805,0.6530190731064476,-0.11946323063461606,-0.515815328574745,-0.6848809818359064,-0.5146577382365998,10.643606185913086,-9.126058578491211,0.843792200088501
3.52,1.5516829988320395,3.6233923999915247,4.096090682775158,2.4297542980440787,-0.4864625930786133,7.9744462966918945,-32.29169464111328,1.6683399677276611,0.056621208786964417,-6.870560169219971,-0.3395003099525544,-0.22590343767295534,0.9130756684906574,-0.753144088698896,0.6468172706448979,-0.12000583341402404,-0.5634833814763567,-0.7284195598987071,-0.38973250256675396,10.668004035949707,-9.196332931518555,0.9083882570266724
3.53,1.5516829988320395,3.6233923999915247,4.096090682775158,2.4297542980440787,-0.4703141152858734,7.975080966949463,-32.35966110229492,1.560347557067871,0.07031475752592087,-6.726204872131348,-0.2544581775509003,-0.12297910431794795,0.9592325973290472,-0.7581339428602243,0.6411653976092484,-0.11891113317004731,-0.6004031650155459,-0.7574847013700869,-0.25638441183033245,10.688372611999512,-9.291688919067383,0.9757627844810486
3.54,1.5516829988320395,3.6233923999915247,4.096090682775158,2.4297542980440787,-0.45527029037475586,7.9758524894714355,-32.426273345947266,1.4478709697723389,0.08388736099004745,-6.599454879760742,-0.1641637921082557,-0.01659791283816714,0.986293444493095,-0.7626756729460102,0.6362506534522647,-0.11623649976628014,-0.6256005652626823,-0.7713038410840326,-0.1171081443454276,10.714361190795898,-9.384068489074707,1.0440821647644043
3.55,1.5516829988320395,3.6233923999915247,4.096090682775158,2.4297542980440787,-0.4413636028766632,7.976758003234863,-32.491703033447266,1.3332953453063965,0.09712167829275131,-6.490445137023926,-0.07028088904463159,0.09105631739742265,0.9933626446052398,-0.7666131678966799,0.6322319902792495,-0.11219162747262401,-0.6382513983083101,-0.7694098111731867,0.025371145577761323,10.747368812561035,-9.46951675415039,1.1130945682525635
3.56,0.348537999417332,2.700543151095266,1.5688267715324833,1.7743895103282847,-0.42852041125297546,7.977784633636475,-32.556129455566406,1.2437093257904053,0.10709210485219955,-6.39646053314209,0.02512126828352823,0.197168255096609,0.9800477544803545,-0.769781141527166,0.6292975289178222,-0.10687195257435789,-0.6378133865238014,-0.7517375202024181,0.16758515653529327,10.618003845214844,-9.473173141479492,1.1792443990707397
3.57,0.348537999417332,2.700543151095266,1.5688267715324833,1.7743895103282847,-0.41641607880592346,7.978891372680664,-32.619659423828125,1.1786375045776367,0.11407265812158585,-6.3109846115112305,0.11924708912142323,0.2974586280669809,0.9472584105325097,-0.7719502207321638,0.6277751369612264,-0.09995616101510174,-0.6243981009321142,-0.7193168578601664,0.30448361130042156,10.336812019348145,-9.40323257446289,1.2411384582519531
3.58,0.348537999417332,2.700543151095266,1.5688267715324833,1.7743895103282847,-0.40493065118789673,7.980063438415527,-32.682373046875,1.1190922260284424,0.1202327311038971,-6.233048915863037,0.2100850990871963,0.3894441687450436,0.8967705897117751,-0.7729484163075699,0.6278260008391601,-0.09157105655132769,-0.5986777070086563,-0.6739196926198172,0.43291714106751256,10.038477897644043,-9.321027755737305,1.3007453680038452
3.59,0.348537999417332,2.700543151095266,1.5688267715324833,1.7743895103282847,-0.39402198791503906,7.98129415512085,-32.74434280395508,1.063306450843811,0.12577831745147705,-6.162007808685303,0.2960800973252441,0.4716217411816297,0.8306079154527013,-0.7726521757251459,0.6295092943924872,-0.08201623998130603,-0.5615560446785985,-0.6174876367331421,0.5507847375941413,9.741490364074707,-9.23552131652832,1.358373761177063
3.6,0.348537999417332,2.700543151095266,1.5688267715324833,1.7743895103282847,-0.3836503326892853,7.982577800750732,-32.80562973022461,1.011817216873169,0.13067135214805603,-6.096929550170898,0.3759182039191926,0.5429409052589131,0.7509332043256578,-0.7709698451618221,0.632833623906177,-0.07160378694546282,-0.5140924059090197,-0.5520296892834724,0.6564847449379677,9.448097229003906,-9.148329734802246,1.414098858833313
3.61,2.8249957754757222,2.3981766401004676,2.3202860434680113,3.1818199738566846,-0.3738188147544861,7.983911037445068,-32.86634826660156,0.9507937431335449,0.1362314522266388,-6.051225185394287,0.44847889490385484,0.6031010973756663,0.6596481995504,-0.7678610008675684,0.6377065763398986,-0.060990211013746715,-0.4574452581156279,-0.47916530429186144,0.7490957528850464,9.325196266174316,-9.058466911315918,1.4614044427871704
3.62,2.8249957754757222,2.3981766401004676,2.3202860434680113,3.1818199738566846,-0.36464425921440125,7.985302925109863,-32.92672348022461,0.8852143883705139,0.142033189535141,-6.02581787109375,0.5127285133154831,0.6528763367630447,0.5575499623604706,-0.763436294728114,0.6438016952581278,-0.0518112060713605,-0.39277792138192147,-0.3990887947282262,0.8285249775337307,9.359947204589844,-8.964041709899902,1.5018044710159302
3.63,2.8249957754757222,2.3981766401004676,2.3202860434680113,3.1818199738566846,-0.3560834527015686,7.986749649047852,-32.98688888549805,0.828814685344696,0.14704632759094238,-6.008729457855225,0.5677833001027418,0.6918166816052621,0.44610738973606284,-0.7578762060307601,0.650861209969356,-0.04475870518286787,-0.32131881435244486,-0.3126809306783984,0.8938595276290507,9.418290138244629,-8.865107536315918,1.5410820245742798
3.64,2.8249957754757222,2.3981766401004676,2.3202860434680113,3.1818199738566846,-0.3480292558670044,7.9882426261901855,-33.046913146972656,0.7841042280197144,0.15136346220970154,-5.996868133544922,0.6129472266854709,0.7191723540269281,0.3272412298319953,-0.7513808211646618,0.658648741570121,-0.04010856285152402,-0.24438199378126996,-0.22129835162391687,0.9440892334329571,9.48142147064209,-8.761616706848145,1.5800234079360962
3.65,2.8249957754757222,2.3981766401004676,2.3202860434680113,3.1818199738566846,-0.3403596580028534,7.989776134490967,-33.10683822631836,0.7520122528076172,0.15523259341716766,-5.988581657409668,0.6477180734168013,0.7343278278278321,0.2030367913627604,-0.7441642274750383,0.6669126104965468,-0.03804172061251799,-0.1633428906188049,-0.1264524070088787,0.9784318519171143,9.546648025512695,-8.65351676940918,1.6187162399291992
3.66,1.9777241549997913,1.2162290532841562,2.3195885627803356,0.15641003689631366,-0.3329324424266815,7.991343975067139,-33.16661834716797,0.7365375757217407,0.15802955627441406,-5.95878267288208,0.6717697993998122,0.7369358503151276,0.07517239609494866,-0.7364441099853071,0.6753466233810019,-0.03945898067396058,-0.07984616134971612,-0.028852916805739894,0.9963895321155859,9.877542495727539,-8.468772888183594,1.6627123355865479
3.67,1.9777241549997913,1.2162290532841562,2.3195885627803356,0.15641003689631366,-0.32559269666671753,7.9929351806640625,-33.2259521484375,0.7327724099159241,0.16014882922172546,-5.907456398010254,0.6849835479840207,0.7264089130931553,-0.05592521765754396,-0.7285486848475478,0.683352420942287,-0.0473949638592949,0.0037885086948872305,0.07320901427513077,0.9973094241160726,10.45412826538086,-8.206055641174316,1.7125893831253052
3.68,1.9777241549997913,1.2162290532841562,2.3195885627803356,0.15641003689631366,-0.31825223565101624,7.99454927444458,-33.284751892089844,0.73658287525177,0.16270790994167328,-5.852787494659424,0.6875983297293562,0.701260749738961,-0.18826018652107424,-0.7209992562282895,0.6900797093735551,-0.06284956029410882,0.08584060502846336,0.17895070714154732,0.9801061345292598,11.064241409301758,-7.919021129608154,1.7642316818237305
3.69,1.9777241549997913,1.2162290532841562,2.3195885627803356,0.15641003689631366,-0.31083670258522034,7.9961934089660645,-33.34300231933594,0.7477660179138184,0.16623923182487488,-5.796820640563965,0.6801185930445384,0.6600663509686362,-0.3189845007426954,-0.7143217514489748,0.6945307578872493,-0.08585721725884299,0.16487308695474423,0.28625065706040254,0.9438630337768829,11.677913665771484,-7.614518642425537,1.8168166875839233
3.7,1.9777241549997913,1.2162290532841562,2.3195885627803356,0.15641003689631366,-0.3032727837562561,7.9978790283203125,-33.40068054199219,0.7662278413772583,0.17118632793426514,-5.739233016967773,0.6632920205929964,0.6017701420895736,-0.4448779512486031,-0.7089814617238062,0.6955964911994774,-0.11614993914311986,0.23955997651868996,0.3924515479909203,0.8880274771255082,12.290610313415527,-7.292880535125732,1.869966983795166
3.71,0.9578469952643948,1.5559851477093178,0.7715769492749166,2.228168815095131,-0.29549017548561096,7.999622821807861,-33.45777130126953,0.7913132905960083,0.17785604298114777,-5.678684711456299,0.6379455575409436,0.5265386591299289,-0.5619452874216768,-0.7053942727977031,0.6923005373905451,-0.15211471274325142,0.3089407475843453,0.4934338926040841,0.8130674068683401,12.509820938110352,-7.041132926940918,1.9186201095581055
3.72,0.9578469952643948,1.5559851477093178,0.7715769492749166,2.228168815095131,-0.2874267101287842,8.001441955566406,-33.514244079589844,0.8223690986633301,0.18645130097866058,-5.614556312561035,0.6045969244498259,0.43795144913631107,-0.6653278042778739,-0.7038762221107862,0.6847464813533166,-0.18889288028218407,0.3728549622746881,0.5825124758094519,0.7222592281400659,12.364439010620117,-6.862978935241699,1.961759328842163
3.73,0.9578469952643948,1.5559851477093178,0.7715769492749166,2.228168815095131,-0.27902474999427795,8.00335693359375,-33.57005310058594,0.8588855266571045,0.19704623520374298,-5.546688556671143,0.5641680197587485,0.33921969696123144,-0.7527578911409847,-0.7044249625422111,0.6733336043201099,-0.22451576657485356,0.4306970137218236,0.6569260647034945,0.6188281085117928,12.168116569519043,-6.694096565246582,2.002549409866333
3.74,0.9578469952643948,1.5559851477093178,0.7715769492749166,2.228168815095131,-0.27023372054100037,8.005388259887695,-33.62516403198242,0.9000363349914551,0.20958051085472107,-5.474505424499512,0.5177907758024929,0.23303140659541113,-0.8231579897164438,-0.706917758693008,0.6584569577462304,-0.25826675597148246,0.48182984023232406,0.7156331450790574,0.5056769786394769,11.964288711547852,-6.525867462158203,2.041459321975708
3.75,0.9578469952643948,1.5559851477093178,0.7715769492749166,2.228168815095131,-0.2610117793083191,8.007553100585938,-33.67952346801758,0.9448976516723633,0.22394777834415436,-5.397432804107666,0.46663547722041465,0.12194602043370878,-0.8760025682038024,-0.7111901926052269,0.6405449348036081,-0.2896734306759625,0.5257944858415844,0.7581763347650881,0.3856278050928914,11.758614540100098,-6.3574604988098145,2.078578472137451
3.76,3.107873472383537,3.375720481931993,2.549520069135624,1.3806730230754358,-0.25125744938850403,8.009896278381348,-33.73311996459961,1.013269066810608,0.2470661848783493,-5.322580337524414,0.41251285590386866,0.007712843386211032,-0.910919126904762,-0.7168366403113083,0.6197946704163784,-0.3193740716317607,0.5621195378397997,0.7847261169161842,0.26120211830767603,11.782960891723633,-5.972336769104004,2.1183176040649414
3.77,3.107873472383537,3.375720481931993,2.549520069135624,1.3806730230754358,-0.240679532289505,8.01252555847168,-33.785953521728516,1.103682518005371,0.27953866124153137,-5.244171142578125,0.3591284035208645,-0.11002191762712438,-0.9267804310764258,-0.7228452851700313,0.5953552022388271,-0.3507803826821297,0.5903570813431573,0.7958940638105148,0.13428013888573898,12.015143394470215,-5.379419326782227,2.1595590114593506
3.78,3.107873472383537,3.375720481931993,2.549520069135624,1.3806730230754358,-0.22917211055755615,8.0155029296875,-33.837955474853516,1.1979563236236572,0.31628477573394775,-5.154230117797852,0.30848573228396536,-0.2297807611475639,-0.9230586951996453,-0.7287770053788081,0.5665464719415596,-0.38458961447453116,0.6113269415037443,0.7913443605264512,0.007312568267004327,12.266424179077148,-4.748842716217041,2.1981751918792725
3.79,3.107873472383537,3.375720481931993,2.549520069135624,1.3806730230754358,-0.2167222648859024,8.018864631652832,-33.88899612426758,1.291704773902893,0.3567229211330414,-5.0518879890441895,0.26162527823633985,-0.3492008822983035,-0.8997838393691254,-0.7343816230527185,0.532906569779111,-0.420350115509341,0.6262873505909349,0.7707589322793138,-0.11702488112123599,12.50978946685791,-4.10469913482666,2.233356237411499
3.8,3.107873472383537,3.375720481931993,2.549520069135624,1.3806730230754358,-0.20334751904010773,8.022648811340332,-33.93894958496094,1.3825747966766357,0.4009050726890564,-4.937240123748779,0.2191697480526299,-0.4657211492229787,-0.857361319809201,-0.7393823133866728,0.4940716084966724,-0.4573915612781712,0.6366148099043244,0.734164189295514,-0.23606043075141248,12.740884780883789,-3.45072865486145,2.264768123626709
3.81,0.41739594976027655,2.133520252022452,0.33873783567377996,0.31081912525267075,-0.18918326497077942,8.026841163635254,-33.98772430419922,1.44013249874115,0.4326740801334381,-4.820598125457764,0.18126620452230457,-0.5761840234726283,-0.7969658300033775,-0.7435255118528237,0.45011771427535685,-0.4945339791354333,0.6436710155988656,0.6822067240876641,-0.34681639131895636,12.755112648010254,-2.835463285446167,2.292760133743286
3.82,0.41739594976027655,2.133520252022452,0.33873783567377996,0.31081912525267075,-0.1746322512626648,8.03126335144043,-34.03536605834961,1.468334674835205,0.451071172952652,-4.7079997062683105,0.14739599235830358,-0.6763050955449125,-0.7217242126856339,-0.7467281328919134,0.402409758384663,-0.5295880303637484,0.6485919495217839,0.6169909270781737,-0.44570245558976707,12.567647933959961,-2.2621238231658936,2.3171730041503906
3.83,0.41739594976027655,2.133520252022452,0.33873783567377996,0.31081912525267075,-0.1598351001739502,8.035860061645508,-34.081886291503906,1.4904601573944092,0.46834784746170044,-4.593753337860107,0.117127458918731,-0.7639731711432713,-0.6345282910481885,-0.7487351709473744,0.35181913181472635,-0.5617997350262262,0.6524391175838914,0.540895823853749,-0.530805901986712,12.341550827026367,-1.6966878175735474,2.3376145362854004
3.84,0.41739594976027655,2.133520252022452,0.33873783567377996,0.31081912525267075,-0.1448340117931366,8.040632247924805,-34.12724304199219,1.5092142820358276,0.48626261949539185,-4.476970672607422,0.08995128316764445,-0.8381478638850035,-0.5379748366991713,-0.7492475826259106,0.2989248711765694,-0.5909923699349262,0.65615305118983,0.45623686792835705,-0.6010915851658545,12.099323272705078,-1.1351571083068848,2.3541581630706787
3.85,0.41739594976027655,2.133520252022452,0.33873783567377996,0.31081912525267075,-0.12966163456439972,8.045591354370117,-34.17142105102539,1.5246909856796265,0.5049831867218018,-4.357876777648926,0.06521107397862469,-0.8982733680805972,-0.43457159597435047,-0.7479945906519285,0.2442548293231841,-0.617125328201457,0.6604934580947855,0.3653006084712177,-0.655975500506345,11.843887329101562,-0.5777043700218201,2.366952896118164
3.86,3.2668564908335243,1.2709803008624108,1.263291883328184,0.7052918412683771,-0.11433042585849762,8.050772666931152,-34.21436309814453,1.5427683591842651,0.5342943668365479,-4.226359844207764,0.04221261564624401,-0.9445414484466281,-0.32566784803945237,-0.7446500661142506,0.18757738653974343,-0.6405552303236324,0.6661188888752101,0.2695480963117066,-0.6954347199115025,11.908949851989746,0.024296879768371582,2.3697986602783203
3.87,3.2668564908335243,1.2709803008624108,1.263291883328184,0.7052918412683771,-0.09881170094013214,8.056309700012207,-34.25591278076172,1.5599801540374756,0.5740053653717041,-4.082874774932861,0.020309678708664514,-0.9776405000293761,-0.20930019028434196,-0.738643694159769,0.12641033699277193,-0.6621373873897947,0.6737900340823986,0.16804606333885014,-0.7195606371721248,12.269355773925781,0.6756073832511902,2.3627967834472656
3.88,3.2668564908335243,1.2709803008624108,1.263291883328184,0.7052918412683771,-0.08315431326627731,8.062259674072266,-34.29601287841797,1.5701838731765747,0.6163030862808228,-3.9366493225097656,-0.0015594099897284774,-0.9962904541995653,-0.08604010176253679,-0.7296571708431482,0.05996895899022803,-0.6811784912890315,0.6838113638114365,0.06171754068700491,-0.727043990343013,12.657571792602539,1.3406717777252197,2.3505704402923584
3.89,3.2668564908335243,1.2709803008624108,1.263291883328184,0.7052918412683771,-0.06743443757295609,8.068639755249023,-34.33464431762695,1.5724002122879028,0.6598963737487793,-3.7900681495666504,-0.0246568273822918,-0.998810015205451,0.0420784313957423,-0.7175170653336226,-0.011627407627926578,-0.696443870205546,0.6961043756639268,-0.04736408889802873,-0.7163765359532608,13.036392211914062,2.0136513710021973,2.333481788635254
3.9,3.2668564908335243,1.2709803008624108,1.263291883328184,0.7052918412683771,-0.05173361673951149,8.075461387634277,-34.37181854248047,1.5663487911224365,0.7043733596801758,-3.6445746421813965,-0.050313214958134234,-0.9837359904976746,0.1724299318567858,-0.7021413396071365,-0.08793988434876665,-0.7065862409893227,0.7102577839174115,-0.1566208087716467,-0.6862971678831573,13.400923728942871,2.6928014755249023,2.3113176822662354
3.91,2.61727771978212,1.6371144378409688,0.3609548978514987,2.1611189026147795,-0.03613583743572235,8.082733154296875,-34.40754699707031,1.5516880750656128,0.7502806782722473,-3.5006837844848633,-0.07977785818817917,-0.9502506475119716,0.3010966626284415,-0.6836992079126643,-0.16764903326588687,-0.7102458692203771,0.7253901615286096,-0.26252144397761557,-0.6363109342211599,13.485791206359863,3.31577730178833,2.2814085483551025
3.92,2.61727771978212,1.6371144378409688,0.3609548978514987,2.1611189026147795,-0.020728187635540962,8.090470314025879,-34.44184875488281,1.5284485816955566,0.7971363067626953,-3.3599021434783936,-0.11383991164096074,-0.8995173816154552,0.42179254935246807,-0.6628800458649741,-0.24746261651755952,-0.7066486384479445,0.7400206208691948,-0.3600426830223873,-0.5681010007827947,13.3120756149292,3.8777971267700195,2.244961977005005
3.93,2.61727771978212,1.6371144378409688,0.3609548978514987,2.1611189026147795,-0.005592549219727516,8.098674774169922,-34.474761962890625,1.4974288940429688,0.8437499403953552,-3.22416353225708,-0.1530169559801926,-0.8335415669085859,0.5308429781188928,-0.6401267496799949,-0.3256383463457424,-0.6958429504804481,0.7528768528296517,-0.44628256029648955,-0.48374406544011395,13.093440055847168,4.422789096832275,2.204671859741211
3.94,2.61727771978212,1.6371144378409688,0.3609548978514987,2.1611189026147795,0.009197626262903214,8.107341766357422,-34.506351470947266,1.4595147371292114,0.8895602822303772,-3.0946145057678223,-0.19760410942652706,-0.7545264722844056,0.6258134055449751,-0.6158215428361673,-0.4011566442304164,-0.6781129508928981,0.7627033783304176,-0.5193872826820479,-0.38538345484922765,12.860309600830078,4.956478118896484,2.1611082553863525
3.95,2.61727771978212,1.6371144378409688,0.3609548978514987,2.1611189026147795,0.023578256368637085,8.116461753845215,-34.53668212890625,1.4156973361968994,0.9341092109680176,-2.9721462726593018,-0.2476249567890103,-0.6648612673179607,0.7047278737183568,-0.5903987112162304,-0.47317601797586883,-0.6538607021428302,0.7681869841187464,-0.5779826565156223,-0.27536304435724324,12.617522239685059,5.479305744171143,2.1145479679107666
3.96,1.7988269575128721,4.128988574732249,3.7483420641265455,0.5101791418158493,0.037456341087818146,8.126053810119629,-34.56581115722656,1.3551923036575317,0.9873211979866028,-2.8538920879364014,-0.3028355814655632,-0.5667093071789352,0.7662448510464428,-0.5643905387404092,-0.5412150308754282,-0.6233374769214662,0.7679543804020683,-0.621230111561956,-0.15594620261486014,12.502140998840332,5.987989902496338,2.081620454788208
3.97,1.7988269575128721,4.128988574732249,3.7483420641265455,0.5101791418158493,0.050631970167160034,8.136226654052734,-34.59379577636719,1.2785638570785522,1.0471477508544922,-2.743905544281006,-0.3627680188982083,-0.4611237719287342,0.8097927089242565,-0.5385268594641496,-0.6054552333224623,-0.5860143190043418,0.7605183667080953,-0.6486823779051339,-0.0286877411971016,12.504180908203125,6.488528251647949,2.0608105659484863
3.98,1.7988269575128721,4.128988574732249,3.7483420641265455,0.5101791418158493,0.06301061064004898,8.14698600769043,-34.62073516845703,1.1966081857681274,1.1043604612350464,-2.6466691493988037,-0.4265891062752445,-0.3500131122071612,0.8339739538440907,-0.5135431674501935,-0.665292725097397,-0.5419031325778638,0.7445100063615739,-0.6594515988422021,0.10405978671875482,12.514979362487793,6.986083030700684,2.0387842655181885
3.99,1.7988269575128721,4.128988574732249,3.7483420641265455,0.5101791418158493,0.07455757260322571,8.15829849243164,-34.64677047729492,1.112641453742981,1.1571292877197266,-2.5628859996795654,-0.4931115283642038,-0.23586562990472346,0.8373818873273813,-0.4901965907911646,-0.7198650540173419,-0.49142812941602027,0.7187129628516786,-0.652810622335649,0.23935322933836578,12.51982593536377,7.480860233306885,2.013718366622925
4.0,1.7988269575128721,4.128988574732249,3.7483420641265455,0.5101791418158493,0.08526433259248734,8.170109748840332,-34.672035217285156,1.0289424657821655,1.2046550512313843,-2.4926466941833496,-0.5608132915316286,-0.12141659934113211,0.818991124155748,-0.4692738739456739,-0.7683369062669356,-0.435247549907147,0.6821073839751924,-0.628423748654194,0.3739159114746654,12.517191886901855,7.972394943237305,1.9854077100753784
4.01,2.340099509248365,1.759748407811215,1.9564939208444092,0.2707323131292899,0.09519417583942413,8.182344436645508,-34.69664001464844,0.9623953104019165,1.2388832569122314,-2.4277443885803223,-0.6278927349884054,-0.00927755856156759,0.7782445889666801,-0.4515322166023619,-0.8101081360395519,-0.37395650187245133,0.6339316766962652,-0.5862070750423093,0.5044718965922705,12.614348411560059,8.474830627441406,1.944884181022644
4.02,2.340099509248365,1.759748407811215,1.9564939208444092,0.2707323131292899,0.10456313192844391,8.194852828979492,-34.72059631347656,0.9127026796340942,1.261698603630066,-2.364386796951294,-0.692351557205334,0.0984900177168351,0.7148069932824436,-0.4376655117086533,-0.8449222741046671,-0.30749837492676463,0.5736708299156864,-0.5257433472065395,0.6280889361960708,12.804956436157227,8.98771858215332,1.8920629024505615
4.03,2.340099509248365,1.759748407811215,1.9564939208444092,0.2707323131292899,0.11346778273582458,8.207562446594238,-34.74394607543945,0.8691694736480713,1.279300332069397,-2.3071939945220947,-0.7518024768015901,0.19886582217194215,0.6286854703640541,-0.42852473588113005,-0.871998109049116,-0.23661328904517143,0.5011582450813339,-0.4472937318883907,0.7407892620714438,13.00468921661377,9.499147415161133,1.833687424659729
4.04,2.340099509248365,1.759748407811215,1.9564939208444092,0.2707323131292899,0.12196607887744904,8.220423698425293,-34.76675796508789,0.8315882682800293,1.2922128438949585,-2.2563841342926025,-0.8035730303556139,0.2884135068116432,0.5206611508204791,-0.4249654452172002,-0.8904849830164119,-0.16260647402119988,0.41674303264294926,-0.3519291748503818,0.8381354906175297,13.202731132507324,10.006699562072754,1.7706408500671387
4.05,2.340099509248365,1.759748407811215,1.9564939208444092,0.2707323131292899,0.13012298941612244,8.233391761779785,-34.78908920288086,0.8011011481285095,1.3003634214401245,-2.2110977172851562,-0.8448340364112115,0.3636611605806846,0.39243599631818865,-0.42774552903333557,-0.8996903638902076,-0.08712641112256152,0.3213863925450668,-0.24147010044354406,0.9156434771670975,13.398612976074219,10.509281158447266,1.7029908895492554
4.06,3.1233427884116804,3.9224513202780993,3.894552330105126,1.4508545325807298,0.13798198103904724,8.246421813964844,-34.81108474731445,0.7695257663726807,1.3052181005477905,-2.1971726417541504,-0.8727145254496091,0.42125085988923605,0.24681383695377238,-0.4374718688753041,-0.8991487982270592,-0.012239386814072849,0.21676651266284855,-0.11865560117168916,0.9689856176943867,13.544373512268066,10.9937105178833,1.6350315809249878
4.07,3.1233427884116804,3.9224513202780993,3.894552330105126,1.4508545325807298,0.14554373919963837,8.259472846984863,-34.83312225341797,0.7456666231155396,1.303297519683838,-2.2130861282348633,-0.88448089934627,0.458208888416747,0.08796677365632707,-0.4545163519013149,-0.8887559096225552,0.059395445661309956,0.10539651107097647,0.012551800144785446,0.9943510586142054,13.644357681274414,11.459754943847656,1.5669010877609253
4.08,3.1233427884116804,3.9224513202780993,3.894552330105126,1.4508545325807298,0.1529579609632492,8.2724609375,-34.8553581237793,0.7405912280082703,1.2928239107131958,-2.234475612640381,-0.8778300278132565,0.47237999823786886,-0.07919330485696924,-0.47887595301842284,-0.8688897737759802,0.12533308680561447,-0.009605409417361405,0.14794491641255345,0.9889489561234227,13.738741874694824,11.916399002075195,1.495388150215149
4.09,3.1233427884116804,3.9224513202780993,3.894552330105126,1.4508545325807298,0.16042330861091614,8.28530502319336,-34.8778076171875,0.756003201007843,1.2745424509048462,-2.2544808387756348,-0.8509917977575312,0.4623662161281069,-0.24905911413313403,-0.5101950858856739,-0.8403083453136917,0.18325626628924602,-0.12455494565658431,0.28301831562558255,0.9509924807972687,13.834157943725586,12.364348411560059,1.4200514554977417
4.1,3.1233427884116804,3.9224513202780993,3.894552330105126,1.4508545325807298,0.1681462824344635,8.297930717468262,-34.90043258666992,0.7920680642127991,1.2495750188827515,-2.2687299251556396,-0.8028755819487756,0.42759617279426865,-0.4153941657295012,-0.5477572227845536,-0.8041265187025541,0.23096009786684643,-0.23527181046136242,0.41296737756268875,0.8798324387468494,13.932589530944824,12.803152084350586,1.340833067893982
4.11,0.8378391920493283,1.2238095194218575,1.5831074610176827,3.118456698614583,0.17628902196884155,8.310301780700684,-34.92307662963867,0.8350632786750793,1.2259242534637451,-2.25093412399292,-0.7338255855709532,0.3689515421740454,-0.5704163124322801,-0.5901826218426554,-0.7620676562494983,0.2663406844125111,-0.3364290160440628,0.5320974035134818,0.7769735325851419,13.756342887878418,12.92357063293457,1.2502609491348267
4.12,0.8378391920493283,1.2238095194218575,1.5831074610176827,3.118456698614583,0.1848485767841339,8.322461128234863,-34.94535827636719,0.8777577877044678,1.2060219049453735,-2.204071521759033,-0.6477567604742023,0.29069565354221194,-0.704206799364812,-0.6348123155676878,-0.7170084195407955,0.2879448737366235,-0.4212178809874487,0.6335573875500751,0.648984232025068,13.332162857055664,12.741795539855957,1.1542702913284302
4.13,0.8378391920493283,1.2238095194218575,1.5831074610176827,3.118456698614583,0.19386625289916992,8.334421157836914,-34.96711730957031,0.9269536733627319,1.185981035232544,-2.1458230018615723,-0.5490554019295208,0.1977007160132406,-0.8120668645498742,-0.6795010871632007,-0.6713182663900079,0.29598996225402974,-0.48663789223203746,0.7143152050033413,0.5029287720393356,12.886090278625488,12.503019332885742,1.0616470575332642
4.14,0.8378391920493283,1.2238095194218575,1.5831074610176827,3.118456698614583,0.20340876281261444,8.34618091583252,-34.988243103027344,0.982510507106781,1.165898323059082,-2.0774807929992676,-0.44184119257806853,0.09455577473293719,-0.8920961641021915,-0.7225746412440226,-0.6268573040874728,0.2914374858237313,-0.5316598991575933,0.7733751520296211,0.34529498381948465,12.448843002319336,12.242762565612793,0.97352135181427
4.15,0.8378391920493283,1.2238095194218575,1.5831074610176827,3.118456698614583,0.2135322242975235,8.357739448547363,-35.008636474609375,1.0428338050842285,1.1464571952819824,-1.9986414909362793,-0.3300544778219836,-0.014425072369178893,-0.9438516615214497,-0.7626536649216555,-0.5851368355877027,0.2756343066818363,-0.5562584193081707,0.8108062659634256,0.18212569841519288,12.02383041381836,11.967092514038086,0.8899534940719604
4.16,4.010318046954093,1.3358424335525154,0.2013341331828731,1.8067119350691048,0.2242840975522995,8.369107246398926,-35.0281867980957,1.1087713241577148,1.1276053190231323,-1.9093307256698608,-0.21597690030371952,-0.12607982373778792,-0.9682240735395116,-0.7989757209719055,-0.547174459014812,0.2494752667084884,-0.5612412812976437,0.8274684220247296,0.017442325512473933,11.845221519470215,12.101566314697266,0.8034663200378418
4.17,4.010318046954093,1.3358424335525154,0.2013341331828731,1.8067119350691048,0.23571905493736267,8.380293846130371,-35.04678726196289,1.1783931255340576,1.1102335453033447,-1.8086223602294922,-0.0976326323865302,-0.239872708560608,-0.9658824735862405,-0.8315683372338596,-0.5135398615297362,0.21159137773107245,-0.5467741486239001,0.8238555057216144,-0.14933230088896488,11.893010139465332,12.618257522583008,0.7092160582542419
4.18,4.010318046954093,1.3358424335525154,0.2013341331828731,1.8067119350691048,0.24785053730010986,8.39132022857666,-35.06431579589844,1.247617244720459,1.0958120822906494,-1.695921778678894,0.023318478349285243,-0.3533485312443153,-0.9352010821395358,-0.8590571334832623,-0.48555575496378367,0.16203842208892916,-0.5113483059314796,0.7996126714160017,-0.31486899773075616,11.979201316833496,13.178694725036621,0.6102614402770996
4.19,4.010318046954093,1.3358424335525154,0.2013341331828731,1.8067119350691048,0.26066216826438904,8.402219772338867,-35.080665588378906,1.3140456676483154,1.0852311849594116,-1.5713958740234375,0.14314388536140243,-0.462954562572465,-0.8747473355643786,-0.8795593726571296,-0.464722689557465,0.1020202518202793,-0.4537456755216943,0.7547886424713968,-0.47371823602384944,12.079121589660645,13.735203742980957,0.506991446018219
4.2,4.010318046954093,1.3358424335525154,0.2013341331828731,1.8067119350691048,0.2741149067878723,8.41303825378418,-35.09571075439453,1.3754585981369019,1.0792104005813599,-1.4356484413146973,0.2573216570804433,-0.5647924187427994,-0.7840886994007968,-0.8911791842417048,-0.45241890527002915,0.03341849381043294,-0.37361106296744506,0.6901642253007083,-0.6197484293997113,12.19095516204834,14.280766487121582,0.3994046151638031
4.21,1.8808166950344538,1.8178559605504117,4.087643743362671,3.568801168420146,0.2881952226161957,8.423819541931152,-35.10930633544922,1.4435395002365112,1.0783143043518066,-1.2768299579620361,0.35966024394378515,-0.6547840909842833,-0.6647573264885338,-0.8922852050058638,-0.4497149721958207,-0.0397939280614058,-0.27289489158637725,0.6074654212190179,-0.745998753463611,12.277751922607422,14.297584533691406,0.29785534739494324
4.22,1.8808166950344538,1.8178559605504117,4.087643743362671,3.568801168420146,0.3029794692993164,8.4346284866333,-35.12117004394531,1.5113250017166138,1.0849227905273438,-1.0938631296157837,0.44176772986442114,-0.7290742011402804,-0.522773451967578,-0.8828921738250561,-0.45671802283261886,-0.10913320767910206,-0.15919385116549767,0.5097641188349028,-0.8454571904594415,12.343131065368652,13.8232421875,0.20625236630439758
4.23,1.8808166950344538,1.8178559605504117,4.087643743362671,3.568801168420146,0.3183719217777252,8.445542335510254,-35.13113784790039,1.564279317855835,1.0991238355636597,-0.8989473581314087,0.5008892987001126,-0.7848949762962942,-0.3647599027203364,-0.8646394533523949,-0.47268936586055976,-0.17018630705439808,-0.038839749666819606,0.4006303028818239,-0.9154162082127655,12.416793823242188,13.27164363861084,0.11875570565462112
4.24,1.8808166950344538,1.8178559605504117,4.087643743362671,3.568801168420146,0.3342059552669525,8.456631660461426,-35.139122009277344,1.5993636846542358,1.1198458671569824,-0.696953535079956,0.5369042616474003,-0.8203376231929412,-0.19692637659545784,-0.8395294125195271,-0.49650315910038234,-0.22062406604438853,0.08321165386817977,0.2837794865339936,-0.9552722249092276,12.501670837402344,12.700655937194824,0.03456854075193405
4.25,1.8808166950344538,1.8178559605504117,4.087643743362671,3.568801168420146,0.35029664635658264,8.467955589294434,-35.14506912231445,1.6155214309692383,1.1458135843276978,-0.49147364497184753,0.5508323251917538,-0.8342361726963763,-0.025174544459587167,-0.8096290216314059,-0.5267729212656349,-0.2588650937330893,0.20269335671407285,0.16297330329281076,-0.9655853693784979,12.596992492675781,12.118331909179688,-0.04637881740927696
4.26,2.5647436060078816,0.5095306925336065,2.025764809263477,1.5053147685773707,0.36645516753196716,8.47953987121582,-35.14903259277344,1.613702416419983,1.1695008277893066,-0.3074169456958771,0.5444020673035048,-0.8260397443825017,0.1458928710258375,-0.7767060503699311,-0.5620879950022546,-0.2842266651689956,0.3167871532029234,0.041417708469174294,-0.94759193379363,12.85857105255127,11.773640632629395,-0.12874619662761688
4.27,2.5647436060078816,0.5095306925336065,2.025764809263477,1.5053147685773707,0.3825336694717407,8.491334915161133,-35.15128707885742,1.6002191305160522,1.1891696453094482,-0.14531365036964417,0.5188291495083209,-0.7949552172653659,0.3144241023888712,-0.741554801178817,-0.6015026159395647,-0.2971381494633527,0.42533844226582385,-0.07899876936025974,-0.9015799487402361,13.275385856628418,11.648030281066895,-0.2155362069606781
4.28,2.5647436060078816,0.5095306925336065,2.025764809263477,1.5053147685773707,0.3984251022338867,8.50332260131836,-35.151954650878906,1.5762900114059448,1.2085909843444824,0.010485508479177952,0.4749169654154589,-0.7401474861411739,0.4760625743738661,-0.7053578184657205,-0.6436284604138569,-0.29700631790345533,0.5262359013691974,-0.19474111970559685,-0.8277388914421984,13.722212791442871,11.542001724243164,-0.30472850799560547
4.29,2.5647436060078816,0.5095306925336065,2.025764809263477,1.5053147685773707,0.41402581334114075,8.515501022338867,-35.15108871459961,1.5421695709228516,1.2276036739349365,0.1605851650238037,0.4139922525795049,-0.6615317524480598,0.6252888574947952,-0.6695740095718766,-0.6866580815956589,-0.2831454126155139,0.6166693283356874,-0.3014571602771579,-0.7272155938974656,14.181645393371582,11.42683219909668,-0.39596933126449585
4.3,2.5647436060078816,0.5095306925336065,2.025764809263477,1.5053147685773707,0.4292375147342682,8.527867317199707,-35.14876174926758,1.498669981956482,1.2453985214233398,0.30359411239624023,0.33800457640789117,-0.5599754989559739,0.7564260353110082,-0.6357142144120956,-0.7285050748435546,-0.25524065804961427,0.6939887203130426,-0.39459827229246214,-0.6022224336423132,14.651296615600586,11.297658920288086,-0.4891231656074524
4.31,3.9426838272999696,3.573300910496337,2.920258127900676,3.012881075797143,0.4438861012458801,8.54042911529541,-35.14498519897461,1.4208095073699951,1.2687705755233765,0.45540526509284973,0.24908198974749074,-0.4379105111448157,0.8638243725505302,-0.6051323796862192,-0.7667631799912149,-0.21421724688981866,0.756156706932316,-0.46937044009891193,-0.4559807282359962,14.950091361999512,11.297595024108887,-0.5819641351699829
4.32,3.9426838272999696,3.573300910496337,2.920258127900676,3.012881075797143,0.457541286945343,8.553247451782227,-35.13966369628906,1.3070257902145386,1.2939915657043457,0.6053174138069153,0.14856066147984603,-0.3005988374755262,0.9421093719781334,-0.5786805943929448,-0.7989617874040187,-0.16367294199471047,0.8019092838555361,-0.5208650508303835,-0.292645005578027,15.09160041809082,11.41700267791748,-0.6746375560760498
4.33,3.9426838272999696,3.573300910496337,2.920258127900676,3.012881075797143,0.4699859023094177,8.566289901733398,-35.13294219970703,1.1805317401885986,1.3130712509155273,0.7349589467048645,0.03910698091112541,-0.1532667841574172,0.9874107235178582,-0.5572986315693718,-0.8235490759429336,-0.1057598920406273,0.8293906674751785,-0.5461466949342303,-0.11762188706824195,15.221063613891602,11.540327072143555,-0.7688332796096802
4.34,3.9426838272999696,3.573300910496337,2.920258127900676,3.012881075797143,0.4811350405216217,8.579483985900879,-35.12504577636719,1.048889398574829,1.3242870569229126,0.8412647247314453,-0.07569927025136192,-0.0012475811961191186,0.9971299133134913,-0.5418819475152049,-0.839395077868974,-0.042188365771478276,0.8370385746430927,-0.5435203278539804,0.06286555311902975,15.358985900878906,11.650986671447754,-0.8647579550743103
4.35,3.9426838272999696,3.573300910496337,2.920258127900676,3.012881075797143,0.49096399545669556,8.592747688293457,-35.11620330810547,0.9173369407653809,1.3268712759017944,0.9236106276512146,-0.19182541465161052,0.14978017472434205,0.9699324252509983,-0.5331595102730162,-0.8456410475232012,0.02514269972180691,0.8239805500733469,-0.5123056880451445,0.2420721691921971,15.508387565612793,11.746207237243652,-0.9624074697494507
4.36,0.3976069324044825,0.6155709081135214,3.6286921248541932,0.5821589870048085,0.4996231496334076,8.605998039245605,-35.10661697387695,0.8276310563087463,1.322609782218933,0.9950055480003357,-0.30394308742498666,0.29455247514668376,0.9060118315957739,-0.5316079828250385,-0.8416147837594969,0.09527595895160723,0.7905767212631929,-0.4526846530891201,0.4123894429472251,15.869338989257812,11.486328125,-1.0539199113845825
4.37,0.3976069324044825,0.6155709081135214,3.6286921248541932,0.5821589870048085,0.5076332092285156,8.619192123413086,-35.0963020324707,0.776934802532196,1.3154454231262207,1.066516399383545,-0.40424711982291917,0.42934358791908533,0.8076189383785158,-0.5372465884797749,-0.8260664352168803,0.1702361529608768,0.740236698145747,-0.36507304491134684,0.5645983551140048,16.42180633544922,10.893576622009277,-1.1376254558563232
4.38,0.3976069324044825,0.6155709081135214,3.6286921248541932,0.5821589870048085,0.5151929259300232,8.63229751586914,-35.085304260253906,0.73631352186203,1.3047311305999756,1.1325160264968872,-0.48887642816903565,0.5485562283358624,0.6782963233975394,-0.549747374040286,-0.7974515283293058,0.24869436001056636,0.6773312798893141,-0.25131081218122786,0.6914226008486528,17.001949310302734,10.237659454345703,-1.2182117700576782
4.39,0.3976069324044825,0.6155709081135214,3.6286921248541932,0.5821589870048085,0.5223841667175293,8.645275115966797,-35.073673248291016,0.7032811641693115,1.2899818420410156,1.192722201347351,-0.5561435139947755,0.6460814250349551,0.5227649415046349,-0.5684741599692487,-0.7545746530204496,0.32780210869719056,0.6062520278636598,-0.11487334435746782,0.7869323944706628,17.585615158081055,9.555693626403809,-1.2958199977874756
4.4,0.3976069324044825,0.6155709081135214,3.6286921248541932,0.5821589870048085,0.5292861461639404,8.658082962036133,-35.061466217041016,0.6786227822303772,1.2711474895477295,1.2485195398330688,-0.6055260981593822,0.7162219566231626,0.3469355174939048,-0.5924748496845645,-0.6967657887779544,0.404340188554005,0.5313301204892561,0.0392879681266976,0.8462533655007514,18.168155670166016,8.852423667907715,-1.369933843612671
4.41,2.6450338662392907,2.330510045753408,0.9767511668233972,4.10158751040192,0.5359652042388916,8.67065143585205,-35.04877853393555,0.6572837233543396,1.2384264469146729,1.2821376323699951,-0.6377078208502891,0.7538017300955788,0.15846667451324659,-0.6208080481141454,-0.624754466032549,0.4735812755685018,0.45598914748388497,0.2036290963425815,0.8663769898258052,18.305187225341797,8.34859561920166,-1.4532312154769897
4.42,2.6450338662392907,2.330510045753408,0.9767511668233972,4.10158751040192,0.542473316192627,8.682804107666016,-35.03588104248047,0.6473300457000732,1.19072425365448,1.2968858480453491,-0.6542643469841474,0.7555777863305482,-0.03225481466752425,-0.6531453608614466,-0.5430381046618749,0.5277411813288877,0.3812339201206769,0.36634932194432623,0.8487925968458689,18.032011032104492,8.03397274017334,-1.5445955991744995
4.43,2.6450338662392907,2.330510045753408,0.9767511668233972,4.10158751040192,0.5489727854728699,8.694445610046387,-35.0228385925293,0.6556885242462158,1.136893391609192,1.311941385269165,-0.6562216528681915,0.7228103434728513,-0.21660643959863674,-0.6883696612161448,-0.45587842487113517,0.564200382181883,0.3090636695312295,0.5193458087880093,0.7967180047358158,17.70427131652832,7.73618745803833,-1.6334587335586548
4.44,2.6450338662392907,2.330510045753408,0.9767511668233972,4.10158751040192,0.5556464791297913,8.705531120300293,-35.009620666503906,0.6820145845413208,1.0799171924591064,1.3328698873519897,-0.6448614307857381,0.6587134177092319,-0.38762142409159217,-0.7250856764792651,-0.3668974627652639,0.5827838480783578,0.24167022334076926,0.6568735686159362,0.7142216868761322,17.37062644958496,7.432366371154785,-1.7183678150177002
4.45,2.6450338662392907,2.330510045753408,0.9767511668233972,4.10158751040192,0.5626674294471741,8.716039657592773,-34.996150970458984,0.7248210906982422,1.021735668182373,1.3628641366958618,-0.6218477241477238,0.5675314177886615,-0.5396420089235904,-0.761974783608699,-0.27935629173203447,0.5842555018262157,0.18083096282653843,0.7745115571071348,0.6061617035005664,17.03683090209961,7.120500564575195,-1.7991513013839722
4.46,1.3052842148222392,2.884022708575752,0.5446005566914964,1.1463249250683047,0.5701519846916199,8.726005554199219,-34.9822883605957,0.770178496837616,0.9754716753959656,1.4151798486709595,-0.5886843839826938,0.4540765147683268,-0.6687788982846019,-0.7982406504900772,-0.19602099881426427,0.569550376989636,0.12752474254078955,0.8691319156259927,0.47785683345558394,16.753219604492188,6.985674858093262,-1.867620587348938
4.47,1.3052842148222392,2.884022708575752,0.5446005566914964,1.1463249250683047,0.5780641436576843,8.735584259033203,-34.9677848815918,0.8127433657646179,0.9411874413490295,1.4864987134933472,-0.5454687414416941,0.3230195442944717,-0.7733836215706964,-0.834125879367756,-0.11911846997582853,0.5385580818069537,0.08184051245552049,0.9388658925077689,0.3344143633377734,16.51929473876953,7.016223430633545,-1.9267160892486572
4.48,1.3052842148222392,2.884022708575752,0.5446005566914964,1.1463249250683047,0.586420476436615,8.744839668273926,-34.952518463134766,0.8592426180839539,0.9104703664779663,1.5676079988479614,-0.4930281851814182,0.17920246390721367,-0.8513575544659842,-0.8688574843083987,-0.05099246505118238,0.49242912227983104,0.04483169167004547,0.9824898195083692,0.18084212447439962,16.296550750732422,7.065359115600586,-1.9842110872268677
4.49,1.3052842148222392,2.884022708575752,0.5446005566914964,1.1463249250683047,0.5952615737915039,8.753802299499512,-34.9364013671875,0.9095020890235901,0.8828516006469727,1.6578305959701538,-0.43282127119558034,0.02765949789943617,-0.9010553253694209,-0.9013072894877494,0.006273254030008335,0.4331348706813172,0.017632841996916615,0.9995977183146358,0.022214509296532015,16.079578399658203,7.112825393676758,-2.041152000427246
4.5,1.3052842148222392,2.884022708575752,0.5446005566914964,1.1463249250683047,0.6046181321144104,8.762506484985352,-34.919334411621094,0.9620477557182312,0.8588461875915527,1.757177710533142,-0.36659109583019545,-0.12658009820839322,-0.9217312228603141,-0.930381522235948,0.05103766379685637,0.3630225612218602,0.0010915768120845493,0.9906425367465868,-0.13647773755580328,15.867583274841309,7.156059265136719,-2.097651958465576
4.51,1.3374343390882721,2.104749004965885,2.2611007968618124,1.8845092338205103,0.6145294904708862,8.770981788635254,-34.901222229003906,1.022628903388977,0.8363232612609863,1.8671544790267944,-0.29695442431285146,-0.2790769031749595,-0.9131999518152076,-0.954881207033179,0.08231368500913572,0.2853530054425153,-0.0044665798864894635,0.9567343097090704,-0.2909287031037442,15.79978084564209,6.967371940612793,-2.15297269821167
4.52,1.3374343390882721,2.104749004965885,2.2611007968618124,1.8845092338205103,0.6250865459442139,8.779242515563965,-34.881954193115234,1.0886867046356201,0.8168277740478516,1.9892507791519165,-0.2285376272048163,-0.4266910192500583,-0.8750458999635038,-0.9735350794833337,0.10012488628970995,0.2054372316812395,-4.4350545855942336e-05,0.8988380172404918,-0.4382809792772324,15.859720230102539,6.559516429901123,-2.205348253250122
4.53,1.3374343390882721,2.104749004965885,2.2611007968618124,1.8845092338205103,0.6362936496734619,8.787336349487305,-34.86140823364258,1.151992678642273,0.8028609156608582,2.122048854827881,-0.1639318765651625,-0.565220634697918,-0.808487460606228,-0.9863874508737206,0.10462905518526056,0.1268564447313701,0.012889398925773787,0.8182777003699433,-0.5746785784006652,15.931795120239258,6.113064765930176,-2.2543013095855713
4.54,1.3374343390882721,2.104749004965885,2.2611007968618124,1.8845092338205103,0.6481073498725891,8.795317649841309,-34.839481353759766,1.2096173763275146,0.7945257425308228,2.264336585998535,-0.1045964292544963,-0.6902814896563775,-0.7159406763307852,-0.9939737105909537,0.09630242268732803,0.052365122348778104,0.03280014697010597,0.7171034154306644,-0.6961945431676524,15.99918270111084,5.6537017822265625,-2.299649477005005
4.55,1.3374343390882721,2.104749004965885,2.2611007968618124,1.8845092338205103,0.6604605317115784,8.803242683410645,-34.81609344482422,1.2595796585083008,0.7914960980415344,2.414846420288086,-0.05146683635870253,-0.7978730585657393,-0.600624464345384,-0.9969835643742081,0.07603434084382155,-0.015574061132061723,0.05809420903090262,0.5980111716576859,-0.7993795728248729,16.058900833129883,5.185502052307129,-2.3412551879882812
4.56,2.768110418444982,0.9401918144309745,0.29251924550160746,2.2107453110039677,0.673255980014801,8.811161994934082,-34.79118347167969,1.2967559099197388,0.7929704189300537,2.5666768550872803,-0.004787763597023265,-0.8845982975449536,-0.46632920699899205,-0.996148233410469,0.04504914472820898,-0.07522813059260933,0.08755440818680013,0.46417284123462743,-0.8814067160325205,16.134571075439453,4.844170570373535,-2.3890159130096436
4.57,2.768110418444982,0.9401918144309745,0.29251924550160746,2.2107453110039677,0.6863563656806946,8.819112777709961,-34.76475524902344,1.3216291666030884,0.797777533531189,2.7178869247436523,0.036001837161199646,-0.947745668069003,-0.3169889846311025,-0.9919712527863648,0.004588128167010375,-0.12638030988003074,0.12123077730703533,0.3189938835406753,-0.9399712766341157,16.228351593017578,4.618059158325195,-2.4436628818511963
4.58,2.768110418444982,0.9401918144309745,0.29251924550160746,2.2107453110039677,0.6996563076972961,8.827126502990723,-34.73680877685547,1.3366901874542236,0.8054452538490295,2.8712234497070312,0.07068187888800903,-0.9850800046148941,-0.15691225734397185,-0.9848334451978021,-0.0439276376811053,-0.16784947979539522,0.15845238154312513,0.1663963555961414,-0.973244622706765,16.322385787963867,4.39838981628418,-2.4978885650634766
4.59,2.768110418444982,0.9401918144309745,0.29251924550160746,2.2107453110039677,0.713057279586792,8.835227966308594,-34.70732116699219,1.3418070077896118,0.8154433965682983,3.0258946418762207,0.09894322969090408,-0.9950507506616798,0.009178284478070745,-0.9751612147376977,-0.09879408835411918,-0.19824311684791512,0.19816872248069484,0.010664507204080381,-0.9801099049170268,16.41368865966797,4.170220851898193,-2.550567865371704
4.6,2.768110418444982,0.9401918144309745,0.29251924550160746,2.2107453110039677,0.7264589667320251,8.843440055847168,-34.67628860473633,1.3368159532546997,0.8271244168281555,3.1805319786071777,0.12067340725698394,-0.9769111467205551,0.1763024111976917,-0.9634172588584724,-0.15806572105476335,-0.2164310817813949,0.23930130403868927,-0.14373530965134354,-0.9602473882520144,16.501367568969727,3.9317712783813477,-2.6014418601989746
4.61,3.35316100233767,3.525846521389804,3.549820146295702,0.8847373410134063,0.7397419214248657,8.851790428161621,-34.643638610839844,1.3156977891921997,0.8450875878334045,3.356435775756836,0.13583823007785445,-0.930542560953563,0.3400566386696489,-0.9500178140698786,-0.21972782379697442,-0.22177880060847832,0.2810945182660191,-0.2929338247854454,-0.9138794483395305,16.788463592529297,3.7699131965637207,-2.6376938819885254
4.62,3.35316100233767,3.525846521389804,3.549820146295702,0.8847373410134063,0.7527009844779968,8.860355377197266,-34.60911178588867,1.2727917432785034,0.868187665939331,3.548187255859375,0.14396161785123263,-0.8553460709323125,0.4976526414340744,-0.9352151724019823,-0.2819909205028117,-0.2141347754642111,0.3234928652919361,-0.43458511214103135,-0.8405284923252638,17.262256622314453,3.674509048461914,-2.6615898609161377
4.63,3.35316100233767,3.525846521389804,3.549820146295702,0.8847373410134063,0.7651383876800537,8.869152069091797,-34.572689056396484,1.2118406295776367,0.8908003568649292,3.7341370582580566,0.14476926087268316,-0.7512489636236713,0.6439463143467294,-0.9194373916948523,-0.34261508208080227,-0.1930020421760667,0.3656183035075569,-0.5641275566617225,-0.7403265198242808,17.760547637939453,3.5737648010253906,-2.683884859085083
4.64,3.35316100233767,3.525846521389804,3.549820146295702,0.8847373410134063,0.7768857479095459,8.878162384033203,-34.534461975097656,1.1351512670516968,0.9108227491378784,3.908918857574463,0.1383355350343891,-0.6194787240527018,0.7727285358991123,-0.9032122797668101,-0.3989881371301889,-0.158164610794649,0.4062891303310865,-0.676058116492523,-0.6147150280409539,18.260334014892578,3.457540988922119,-2.7058887481689453
4.65,3.35316100233767,3.525846521389804,3.549820146295702,0.8847373410134063,0.7877968549728394,8.887353897094727,-34.49455261230469,1.0450258255004883,0.9266492128372192,4.0694732666015625,0.12502669446208015,-0.4626882620114918,0.8776604684436178,-0.8870926512389365,-0.4483011833411381,-0.10996670920242024,0.44433653213500235,-0.7648173776868046,-0.46649697212149155,18.758060455322266,3.3243610858917236,-2.7275798320770264
4.66,1.8000875367101516,0.7493901110706246,0.08303228986217516,0.026206275756650684,0.7978755235671997,8.8966646194458,-34.45317840576172,0.9818666577339172,0.9333768486976624,4.197244644165039,0.10548533585552256,-0.28537868145413303,0.9525921751153261,-0.8716085764216817,-0.48768827717075736,-0.0495846127179399,0.47871842812619736,-0.8250570601368847,-0.3001824679934919,19.1439208984375,3.174118995666504,-2.7562637329101562
4.67,1.8000875367101516,0.7493901110706246,0.08303228986217516,0.026206275756650684,0.8075294494628906,8.906005859375,-34.410667419433594,0.95054692029953,0.9342471361160278,4.302858829498291,0.08060820662132473,-0.09462490287181535,0.992244145753349,-0.8571972821104104,-0.5145774078892877,0.020564795950040127,0.5086404786957278,-0.8522066762508029,-0.12259137157948707,19.425369262695312,3.0087547302246094,-2.7909371852874756
4.68,1.8000875367101516,0.7493901110706246,0.08303228986217516,0.026206275756650684,0.8168985843658447,8.915343284606934,-34.36713790893555,0.9234898090362549,0.9329081773757935,4.4019646644592285,0.051413849540326906,0.10206078102018862,0.9934486464095632,-0.8442401730277291,-0.5269611863087871,0.09782861733738779,0.5334933423404215,-0.8437390029514958,0.0590707082813573,19.68911361694336,2.8293168544769287,-2.825251579284668
4.69,1.8000875367101516,0.7493901110706246,0.08303228986217516,0.026206275756650684,0.826001763343811,8.924656867980957,-34.32264709472656,0.897301197052002,0.9293907284736633,4.49559211730957,0.018998654262690318,0.2967720470528725,0.9547593430934594,-0.8330457360591712,-0.5233572062091241,0.1792541110898535,0.5528777918942306,-0.7987637866084238,0.23728160576229285,19.94676399230957,2.636137008666992,-2.85815167427063
4.7,1.8000875367101516,0.7493901110706246,0.08303228986217516,0.026206275756650684,0.8348485827445984,8.93392276763916,-34.27724838256836,0.8723464012145996,0.9235326647758484,4.583591461181641,-0.015516914344663846,0.4812529743910219,0.8764444078257414,-0.823831354118989,-0.5028862672308239,0.261547896571777,0.5666225598577002,-0.7179839670009648,0.4042745327000755,20.19941520690918,2.4295082092285156,-2.889319658279419
4.71,2.791718411117144,2.315415304961013,0.4306575927825085,3.739194568666944,0.8433669805526733,8.94308853149414,-34.23103713989258,0.8236169219017029,0.9059154987335205,4.651155948638916,-0.05077765854973193,0.6464318217460098,0.7612801910113921,-0.8165947713591012,-0.46572093920242574,0.3409941145788111,0.5749735722458761,-0.6043425408016097,0.5515210645082116,20.13599395751953,2.1056318283081055,-2.9236197471618652
4.72,2.791718411117144,2.315415304961013,0.4306575927825085,3.739194568666944,0.8512827157974243,8.951992988586426,-34.18429946899414,0.7604775428771973,0.8733929395675659,4.692993640899658,-0.0850339314909534,0.7824531611128347,0.6168762283957159,-0.8107662773955833,-0.4142099989646151,0.41362799735491906,0.5791608359802132,-0.4649700285204038,0.669608541346685,19.77443504333496,1.6827822923660278,-2.9586901664733887
4.73,2.791718411117144,2.315415304961013,0.4306575927825085,3.739194568666944,0.858613133430481,8.960531234741211,-34.1372184753418,0.7079662084579468,0.8329639434814453,4.721689701080322,-0.11783053168204605,0.8843233349456577,0.4517612257311554,-0.8058824654787412,-0.3509725144254916,0.4768351349803758,0.5802322100999147,-0.3078807129205037,0.7540159474269299,19.361082077026367,1.251102328300476,-2.989611864089966
4.74,2.791718411117144,2.315415304961013,0.4306575927825085,3.739194568666944,0.8654921650886536,8.968635559082031,-34.08989334106445,0.6705576777458191,0.786778450012207,4.742611885070801,-0.14930227659271678,0.9500067819517257,0.2742187893816882,-0.8016177207467783,-0.278655058391476,0.5289238019011661,0.5788936517089928,-0.14084911316217055,0.8031461058440472,18.930103302001953,0.824459433555603,-3.0159237384796143
4.75,2.791718411117144,2.315415304961013,0.4306575927825085,3.739194568666944,0.8720783591270447,8.976253509521484,-34.042381286621094,0.6495246887207031,0.7361679077148438,4.75976037979126,-0.1797857302946848,0.9793769468500302,0.09218398538314496,-0.7977270364227282,-0.1999869053196921,0.5688908621702968,0.5755941856400375,0.028740801647927416,0.8172302611736894,18.486103057861328,0.4059734046459198,-3.03779673576355
4.76,2.870608624817097,3.293224710800951,2.050575795049117,0.5631386401364504,0.8785380125045776,8.983353614807129,-33.99469757080078,0.6451748609542847,0.6837460398674011,4.778741836547852,-0.20962954377125143,0.9737978056598514,-0.08816625244567977,-0.7944183292145272,-0.11705491735205453,0.5959846176972212,0.5700482195273101,0.19497687046355525,0.7981409946857646,18.33791160583496,0.18013297021389008,-3.044764280319214
4.77,2.870608624817097,3.293224710800951,2.050575795049117,0.5631386401364504,0.885033905506134,8.989927291870117,-33.94679260253906,0.6566354632377625,0.6307781934738159,4.80267858505249,-0.2384905137380342,0.9344206164550649,-0.26453806229105276,-0.7930667394163514,-0.03017636894201825,0.6083868289082135,0.5605063975446536,0.35489082589045823,0.748254689267166,18.470808029174805,0.1255432367324829,-3.0400736331939697
4.78,2.870608624817097,3.293224710800951,2.050575795049117,0.5631386401364504,0.8917206525802612,8.99596881866455,-33.89862060546875,0.683243453502655,0.5775278210639954,4.832973480224609,-0.2654768081288159,0.8619338795579011,-0.4319630211210237,-0.7941532559742294,0.05854427139439611,0.6048910433395669,0.5466650440363519,0.503629383135223,0.6689654505813947,18.641950607299805,0.09117376059293747,-3.033534288406372
4.79,2.870608624817097,3.293224710800951,2.050575795049117,0.5631386401364504,0.8987457752227783,9.001481056213379,-33.85011291503906,0.7241061329841614,0.5252248644828796,4.872096061706543,-0.28972436274156244,0.7580354223978214,-0.5843304647407596,-0.7977015254890472,0.14612406241202947,0.58508122052981,0.5288970314403764,0.6356335868834825,0.5623503119579429,18.817413330078125,0.056098368018865585,-3.0264689922332764
4.8,2.870608624817097,3.293224710800951,2.050575795049117,0.5631386401364504,0.9062449932098389,9.006481170654297,-33.801151275634766,0.7777807712554932,0.4752264618873596,4.922307014465332,-0.31046730168941616,0.6256788734022527,-0.7156367807482937,-0.8036037798101965,0.2293877023586226,0.5491832545529748,0.5077706368592603,0.7455918651546033,0.43158052662141877,18.992511749267578,0.01758737303316593,-3.019016742706299
4.81,3.8686775408278313,0.7308066007084206,2.4857119386510815,1.3256092045229741,0.9143326878547668,9.011001586914062,-33.75162124633789,0.8409531116485596,0.4297671616077423,4.986011028289795,-0.3275902948741751,0.46834637724019373,-0.8205706975210837,-0.811341243883563,0.3056018979671059,0.49833007729052015,0.48415904894747597,0.8290109473854306,0.27987651640926714,19.41916847229004,-0.22276225686073303,-3.0182602405548096
4.82,3.8686775408278313,0.7308066007084206,2.4857119386510815,1.3256092045229741,0.9230870604515076,9.015095710754395,-33.70138168334961,0.9109965562820435,0.38979965448379517,5.064072608947754,-0.3428444057589355,0.2883757085254981,-0.8940342074955626,-0.8196007321385002,0.3732302930621594,0.43468815053871535,0.4590341526704046,0.8817814916821237,0.10839302380232785,20.071565628051758,-0.6618566513061523,-3.02089524269104
4.83,3.8686775408278313,0.7308066007084206,2.4857119386510815,1.3256092045229741,0.932569146156311,9.018816947937012,-33.65028762817383,0.9860171675682068,0.35550713539123535,5.156769275665283,-0.3568760575826351,0.09099817420912515,-0.9297089930805664,-0.8281971994303157,0.4295603978630951,0.35995452968879427,0.4321213699645701,0.8984415378188526,-0.07793538824974,20.74302101135254,-1.14608633518219,-3.019361734390259
4.84,3.8686775408278313,0.7308066007084206,2.4857119386510815,1.3256092045229741,0.9428130388259888,9.02222728729248,-33.59819030761719,1.062740683555603,0.3276073634624481,5.264306545257568,-0.36950519638462875,-0.11587908935907282,-0.9219750248754407,-0.8374062478620568,0.47157841158642366,0.27634141522257866,0.402761326204924,0.8741772351044941,-0.27128854700984606,21.404329299926758,-1.6526854038238525,-3.0121235847473145
4.85,3.8686775408278313,0.7308066007084206,2.4857119386510815,1.3256092045229741,0.9538167715072632,9.025392532348633,-33.544944763183594,1.1373041868209839,0.30671200156211853,5.386219501495361,-0.38007475253180667,-0.32235913715891024,-0.8669646873881593,-0.847602952118647,0.4966137375983629,0.18693322654985378,0.3702869401526881,0.8058904282337316,-0.4619828997199056,22.05121421813965,-2.176992893218994,-2.99849796295166
4.86,1.3226104781327896,2.138741317526977,0.9960178020886947,4.041875802753225,0.9655394554138184,9.028385162353516,-33.49040985107422,1.2059282064437866,0.29310891032218933,5.5215678215026855,-0.38792914011316615,-0.5153539936028436,-0.7641473964678931,-0.8590947985496112,0.5024943534056416,0.09723966217778046,0.33386690365482785,0.6941971521643158,-0.6376701377443448,22.03960609436035,-2.878596067428589,-2.9781277179718018
4.87,1.3226104781327896,2.138741317526977,0.9960178020886947,4.041875802753225,0.9779022336006165,9.031278610229492,-33.434471130371094,1.2646071910858154,0.28661513328552246,5.668519973754883,-0.39298380793774235,-0.6782217099554051,-0.620950109786542,-0.8720368083274441,0.48912174167694544,0.01765578491589087,0.29174566255702356,0.5484297894572085,-0.7836512198772398,21.409385681152344,-3.719566822052002,-2.9496207237243652
4.88,1.3226104781327896,2.138741317526977,0.9960178020886947,4.041875802753225,0.9907876253128052,9.034139633178711,-33.37701416015625,1.3099724054336548,0.2862965166568756,5.82442045211792,-0.3932686849700866,-0.8027913565003034,-0.44818052094028027,-0.8866781381109287,0.46008578243294873,-0.046075505414462176,0.24319050314112856,0.3792718164212362,-0.8927548759040751,20.673294067382812,-4.555334091186523,-2.912950038909912
4.89,1.3226104781327896,2.138741317526977,0.9960178020886947,4.041875802753225,1.004050850868225,9.03702163696289,-33.317962646484375,1.3399416208267212,0.2907765507698059,5.9866557121276855,-0.3861743398869113,-0.8859520109509048,-0.2568237012134117,-0.9029394881441045,0.4199953447076997,-0.09112733494359998,0.18859920456611315,0.19670522289941417,-0.9621524802863217,19.90424919128418,-5.364362716674805,-2.8690311908721924
4.9,1.3226104781327896,2.138741317526977,0.9960178020886947,4.041875802753225,1.0175319910049438,9.039966583251953,-33.25726318359375,1.353450894355774,0.2984861135482788,6.152726173400879,-0.3692194146853449,-0.9275623597505515,-0.05748993471382536,-0.920315630524614,0.3735339472433069,-0.11615304760925069,0.1292136371730699,0.010022925262766526,-0.9915661233310078,19.11376190185547,-6.142678737640381,-2.8188958168029785
4.91,2.3505976674712055,3.6593734143228382,3.0534496627597183,3.144597320035432,1.0310646295547485,9.043004035949707,-33.19483947753906,1.349709153175354,0.30989938974380493,6.337662220001221,-0.34040381342925974,-0.9297184024219618,0.1405309076352011,-0.9378695649987323,0.32502460133938327,-0.12148945457636984,0.06727497938986508,-0.17315513484194017,-0.9825942074050524,18.49968719482422,-6.791910648345947,-2.756843328475952
4.92,2.3505976674712055,3.6593734143228382,3.0534496627597183,3.144597320035432,1.0444509983062744,9.046170234680176,-33.13046646118164,1.3236415386199951,0.3232622444629669,6.5371809005737305,-0.2987089265198233,-0.8953081770095024,0.3304485518160075,-0.9543228218091593,0.2779032031436286,-0.1097167328018608,0.006397577008430855,-0.3481279619083085,-0.9374251933599762,18.054229736328125,-7.323624134063721,-2.6845474243164062
4.93,2.3505976674712055,3.6593734143228382,3.0534496627597183,3.144597320035432,1.0574638843536377,9.049464225769043,-33.06410598754883,1.2753593921661377,0.3349887430667877,6.733769416809082,-0.24400178134685735,-0.8277651014196435,0.5052406036447263,-0.9684632683112447,0.2350756504758581,-0.0825732189347988,-0.050418534602489073,-0.5094549788009528,-0.8590189729822375,17.62552261352539,-7.818025588989258,-2.6081314086914062
4.94,2.3505976674712055,3.6593734143228382,3.0534496627597183,3.144597320035432,1.0698925256729126,9.05285930633545,-32.995811462402344,1.2072200775146484,0.34307846426963806,6.922164440155029,-0.17682676482469684,-0.7316037922727278,0.6583981974259911,-0.979101550473711,0.19903023918725493,-0.041798537642352585,-0.10046118206355292,-0.6520297961145849,-0.7515082806444424,17.19378089904785,-8.286229133605957,-2.528855085372925
4.95,2.3505976674712055,3.6593734143228382,3.0534496627597183,3.144597320035432,1.0815521478652954,9.056310653686523,-32.925689697265625,1.1221016645431519,0.3459513187408447,7.099015712738037,-0.09840586813220198,-0.6122085284322002,0.7845489167872375,-0.9850832141010192,0.17175978609172837,0.01047077734122176,-0.14116425331348376,-0.771815582633963,-0.6199785157486049,16.75765609741211,-8.729839324951172,-2.44728684425354
4.96,1.0846887440146886,3.556066864516624,3.3125602557128717,1.6890722745036912,1.0923227071762085,9.059760093688965,-32.85390090942383,1.033461332321167,0.34276914596557617,7.25478982925415,-0.010578990398697474,-0.4753847785213803,0.8797143839407894,-0.9853437911795673,0.1547457180819103,0.0717730863150759,-0.1702518667915912,-0.8660618194364027,-0.47005449340314387,16.361722946166992,-9.16157341003418,-2.3581037521362305
4.97,1.0846887440146886,3.556066864516624,3.3125602557128717,1.6890722745036912,1.102222204208374,9.063148498535156,-32.780662536621094,0.9459049105644226,0.33376118540763855,7.3906378746032715,0.08435006190043459,-0.3267608243248954,0.9413354506996471,-0.9789466747473121,0.14904653027144144,0.13945802169550775,-0.18587220087622913,-0.9332805020467101,-0.30730933835610585,16.004589080810547,-9.581037521362305,-2.261720657348633
4.98,1.0846887440146886,3.556066864516624,3.3125602557128717,1.6890722745036912,1.1112291812896729,9.066415786743164,-32.70614242553711,0.8550415635108948,0.31836941838264465,7.5110931396484375,0.18356181499219848,-0.17225347156578696,0.9677984302582355,-0.9651577758570645,0.15518855573797175,0.21068217739193584,-0.18648197709005176,-0.9727513832945689,-0.1377650845428131,15.65308952331543,-9.978851318359375,-2.162912607192993
4.99,1.0846887440146886,3.556066864516624,3.3125602557128717,1.6890722745036912,1.1193187236785889,9.069496154785156,-32.630496978759766,0.7629246711730957,0.29621925950050354,7.615476608276367,0.28382134479992893,-0.01776965794349622,0.9587125134744674,-0.9434991595420092,0.17316961454310287,0.28252720319026836,-0.1710402881764465,-0.984731701457592,0.03238357554307125,15.303816795349121,-10.354113578796387,-2.0626325607299805
5.0,1.0846887440146886,3.556066864516624,3.3125602557128717,1.6890722745036912,1.1264938116073608,9.072320938110352,-32.55388641357422,0.6726482510566711,0.2672768235206604,7.70304012298584,0.38163676954878556,0.13110967141753416,0.9149664639696655,-0.913782628657789,0.20250803945313067,0.3521246959815662,-0.13912111159571822,-0.9704641920326764,0.1970902541749242,14.95744514465332,-10.70718002319336,-1.9612770080566406
5.01,0.3791152116262766,1.172666492904502,0.21398652013886976,0.2249280516926164,1.132897138595581,9.07486629486084,-32.47645950317383,0.619387686252594,0.24569407105445862,7.783407211303711,0.4731135520977938,0.2693558013791838,0.8388152472891667,-0.8762840495244061,0.24227226879961972,0.4164497716649551,-0.09104851108346845,-0.9320684524400891,0.3506544860620223,14.618888854980469,-10.934576034545898,-1.8659251928329468
5.02,0.3791152116262766,1.172666492904502,0.21398652013886976,0.2249280516926164,1.1389777660369873,9.077266693115234,-32.39821243286133,0.5985444784164429,0.2346888780593872,7.865094184875488,0.5537700493863233,0.3927473024509975,0.7342263198906271,-0.8321886304994308,0.2910146878924441,0.4719878543970649,-0.028298686721307253,-0.8723875330656256,0.48799505784538566,14.290323257446289,-11.045744895935059,-1.7773399353027344
5.03,0.3791152116262766,1.172666492904502,0.21398652013886976,0.2249280516926164,1.1448860168457031,9.079562187194824,-32.31917190551758,0.5836436152458191,0.22453109920024872,7.943057060241699,0.6205065551266744,0.4979033679979456,0.6058579463712017,-0.7827921303093508,0.3469687573740303,0.5165744497476329,0.0469903795534341,-0.7947986647841224,0.6050512264980549,13.970006942749023,-11.125486373901367,-1.6907800436019897
5.04,0.3791152116262766,1.172666492904502,0.21398652013886976,0.2249280516926164,1.1506601572036743,9.081754684448242,-32.2393684387207,0.5716631412506104,0.2138061821460724,8.016372680664062,0.6711171035262313,0.5823216785116936,0.45880638191930756,-0.7294464668672416,0.40822445924908013,0.5488721552836274,0.1323241675940566,-0.703032185327329,0.6987389076503613,13.657927513122559,-11.186342239379883,-1.6056761741638184
5.05,0.3791152116262766,1.172666492904502,0.21398652013886976,0.2249280516926164,1.1563286781311035,9.083836555480957,-32.15885543823242,0.5625554919242859,0.2025248110294342,8.085611343383789,0.7040384085065041,0.6443909285246978,0.2984798997967978,-0.6735976656981773,0.47281799597725693,0.5680751072226427,0.22493577775355167,-0.6010020581621398,0.7669422546523803,13.354262351989746,-11.23073959350586,-1.522029995918274
5.06,1.4001047243630746,0.7274444609841346,1.1765370099168975,2.1615010264838124,1.1619077920913696,9.085773468017578,-32.07771301269531,0.5529159903526306,0.18151205778121948,8.138931274414062,0.7184125921886721,0.6833778229844223,0.1299157359130304,-0.6164264058855249,0.5388820505512949,0.5741294468329298,0.3223380733202437,-0.49254531430793586,0.8083917861046647,13.097054481506348,-11.424591064453125,-1.4443327188491821
5.07,1.4001047243630746,0.7274444609841346,1.1765370099168975,2.1615010264838124,1.1674041748046875,9.087442398071289,-31.99613380432129,0.5478115081787109,0.15171095728874207,8.177962303161621,0.713652604642821,0.6991616824027053,-0.04327703486072243,-0.5581835900056528,0.6049052787995651,0.5679090451197459,0.42323875027567925,-0.3811332385665662,0.8219528056554355,12.880281448364258,-11.758280754089355,-1.3705929517745972
5.08,1.4001047243630746,0.7274444609841346,1.1765370099168975,2.1615010264838124,1.1728942394256592,9.08880615234375,-31.91417121887207,0.5517930388450623,0.121290422976017,8.215309143066406,0.688792684071928,0.6919582360367715,-0.21623699486875217,-0.49990470659583797,0.6693640617500075,0.5495880613339967,0.525033258653505,-0.2704543444251017,0.8069662476766114,12.672395706176758,-12.100964546203613,-1.2964632511138916
5.09,1.4001047243630746,0.7274444609841346,1.1765370099168975,2.1615010264838124,1.1784707307815552,9.08987045288086,-31.831825256347656,0.5651042461395264,0.09196614474058151,8.2550048828125,0.6433174668244568,0.6626116656206257,-0.3835210782499759,-0.4430339397874653,0.7307416966704787,0.519362591012817,0.6243905549213253,-0.1642021721251283,0.7636583539740983,12.469690322875977,-12.434617042541504,-1.2214529514312744
5.1,1.4001047243630746,0.7274444609841346,1.1765370099168975,2.1615010264838124,1.1842257976531982,9.09065055847168,-31.74905776977539,0.5873936414718628,0.0645093023777008,8.299619674682617,0.5774142645309068,0.6126402261032504,-0.539689466708764,-0.3891135677017839,0.787612574575053,0.4777625600668661,0.7177627731685595,-0.06586642339929241,0.6931653595802116,12.27230167388916,-12.757013320922852,-1.1455974578857422
5.11,4.0456625922160665,1.9827529490030202,3.085395313962542,1.3501737830738605,1.1902928352355957,9.091131210327148,-31.665864944458008,0.6323820948600769,0.028763923794031143,8.335770606994629,0.4924569693279055,0.5434737302493154,-0.6797958795765598,-0.34001403694216553,0.8391360372950503,0.42454818995616017,0.801172009023447,0.02206842635201775,0.598027086774236,12.40499496459961,-12.870442390441895,-1.0660897493362427
5.12,4.0456625922160665,1.9827529490030202,3.085395313962542,1.3501737830738605,1.1969563961029053,9.091214179992676,-31.582345962524414,0.7032569050788879,-0.011543132364749908,8.37008285522461,0.3921227869006658,0.4543928017747708,-0.7998543002875766,-0.29854527471795134,0.8852859119763551,0.3565663654914414,0.8701209335125997,0.09897492486214396,0.4827976028437745,12.848397254943848,-12.792756080627441,-0.9819831848144531
5.13,4.0456625922160665,1.9827529490030202,3.085395313962542,1.3501737830738605,1.204403281211853,9.090921401977539,-31.4984188079834,0.7880237102508545,-0.045654769986867905,8.41767692565918,0.2800879585645284,0.34623999339031253,-0.8953594822439933,-0.2667287380814134,0.9240345869602711,0.2738902378374558,0.9221748834948024,0.1621047472415217,0.3511631176150345,13.345104217529297,-12.683306694030762,-0.894974946975708
5.14,4.0456625922160665,1.9827529490030202,3.085395313962542,1.3501737830738605,1.2127480506896973,9.09033203125,-31.413938522338867,0.8822426795959473,-0.0709746927022934,8.481017112731934,0.16010203355069685,0.22143894206535733,-0.9619418557220116,-0.24603637510266343,0.9527079386911643,0.1783639136181256,0.9559463588399055,0.20811626195905014,0.20701251297667722,13.85942554473877,-12.563316345214844,-0.8053278923034668
5.15,4.0456625922160665,1.9827529490030202,3.085395313962542,1.3501737830738605,1.222067952156067,9.089537620544434,-31.328746795654297,0.982451856136322,-0.08612764626741409,8.56036376953125,0.03621316081546877,0.08353712293387582,-0.995846452057587,-0.23755250168936926,0.9686565198085947,0.0726178736498375,0.970699446752122,0.2339360932482033,0.0549225668636556,14.386675834655762,-12.43465518951416,-0.7131140828132629
5.16,1.7265160627686873,1.328587289235157,1.8293318148052393,1.313150349970039,1.2323371171951294,9.08864974975586,-31.242677688598633,1.0648072957992554,-0.08972067385911942,8.654767036437988,-0.08769549973462198,-0.062137208548330936,-0.9942074565401913,-0.24191590126189527,0.9695028464380463,-0.03925464896252294,0.9663261333747215,0.2370721368325413,-0.10005301542039069,14.699222564697266,-12.415074348449707,-0.6176756024360657
5.17,1.7265160627686873,1.328587289235157,1.8293318148052393,1.313150349970039,1.243304967880249,9.087769508361816,-31.155622482299805,1.1274138689041138,-0.08506739884614944,8.758002281188965,-0.20872698652384591,-0.20733119864026295,-0.9557441180394813,-0.25924564528793437,0.9540379531014631,-0.15034387064730342,0.942987136972672,0.2163916775487505,-0.2528831773600626,14.81252384185791,-12.493301391601562,-0.5198333859443665
5.18,1.7265160627686873,1.328587289235157,1.8293318148052393,1.313150349970039,1.2548667192459106,9.086968421936035,-31.067501068115234,1.184018611907959,-0.07379639148712158,8.867391586303711,-0.32291461806761346,-0.3454869447451739,-0.8811157247767698,-0.28920321961679946,0.9224803064008842,-0.25571777815749946,0.9011590576593704,0.17224649579360388,-0.3977983125722122,14.908226013183594,-12.5730619430542,-0.4205700755119324
5.19,1.7265160627686873,1.328587289235157,1.8293318148052393,1.313150349970039,1.2669657468795776,9.086313247680664,-30.978256225585938,1.2345763444900513,-0.05629156157374382,8.981705665588379,-0.425987097263375,-0.47094758075209636,-0.7724916628345394,-0.330942566118093,0.8757755143722125,-0.3514175100322385,0.8420285095507728,0.10595104817713895,-0.5289256701029645,15.011953353881836,-12.640701293945312,-0.32004261016845703
5.2,1.7265160627686873,1.328587289235157,1.8293318148052393,1.313150349970039,1.2795326709747314,9.085862159729004,-30.887853622436523,1.2773025035858154,-0.03318936005234718,9.099736213684082,-0.5139261051862238,-0.5784780005007004,-0.633437574939181,-0.3831309197283717,0.8154596630655707,-0.43386200140260944,0.7675224144975903,0.019716512107814693,-0.640718816950222,15.127461433410645,-12.694074630737305,-0.2182944267988205
5.21,1.2390607638918447,3.42526485519521,1.514129484302497,2.5880972808418283,1.2925041913986206,9.08568286895752,-30.796226501464844,1.317298412322998,0.0002941521815955639,9.228771209716797,-0.583152324361043,-0.6628441732232521,-0.4696498361719033,-0.44389033973337366,0.7441867553611856,-0.4991467113348348,0.680363676928525,-0.08260553957801012,-0.7282043613899347,14.927114486694336,-12.68636417388916,-0.11413899064064026
5.22,1.2390607638918447,3.42526485519521,1.514129484302497,2.5880972808418283,1.3058494329452515,9.085898399353027,-30.703243255615234,1.3494335412979126,0.04369331896305084,9.368887901306152,-0.6309636610267051,-0.7192650027835243,-0.2907622985096131,-0.5104913662341322,0.6671344517021687,-0.542522062549032,0.5841946794213261,-0.19388006375814745,-0.7881161699984021,14.434619903564453,-12.620275497436523,-0.011010776273906231
5.23,1.2390607638918447,3.42526485519521,1.514129484302497,2.5880972808418283,1.3194420337677002,9.086570739746094,-30.608837127685547,1.366362452507019,0.09091394394636154,9.512680053710938,-0.6562061503378138,-0.747194086727799,-0.10533036132966087,-0.5800162744225758,0.5887492658129336,-0.5629879425082627,0.48267443444187275,-0.30834282667793994,-0.8197256196877563,13.912364959716797,-12.533774375915527,0.08835341781377792
5.24,1.2390607638918447,3.42526485519521,1.514129484302497,2.5880972808418283,1.333123803138733,9.08772087097168,-30.512983322143555,1.3672624826431274,0.1393194943666458,9.658063888549805,-0.6588225100834397,-0.748100274302382,0.07936548239667418,-0.6496818031869641,0.5125912465650216,-0.5613944856806594,0.37929731717360043,-0.42142163391740817,-0.8237337868822008,13.396276473999023,-12.433547019958496,0.1836027055978775
5.25,1.2390607638918447,3.42526485519521,1.514129484302497,2.5880972808418283,1.3467357158660889,9.089356422424316,-30.415674209594727,1.3525316715240479,0.18696467578411102,9.803866386413574,-0.6396118978192378,-0.7244712180440259,0.25697874307786206,-0.7169284542218749,0.44160598221032077,-0.5394420710355198,0.27732690402322213,-0.529268939861261,-0.8018504708504142,12.89060115814209,-12.321795463562012,0.2747286260128021
5.26,2.8049766217062704,0.17036619680314743,3.028937244002284,0.781081138768119,1.360135555267334,9.091437339782715,-30.316930770874023,1.3262434005737305,0.2272689938545227,9.941686630249023,-0.5998975609250294,-0.6786053362064014,0.4238133009573879,-0.7796846742459204,0.3770162524351497,-0.4999505517006543,0.1794846097642737,-0.6303598520463946,-0.7552693107665729,13.036076545715332,-12.298426628112793,0.36021706461906433
5.27,2.8049766217062704,0.17036619680314743,3.028937244002284,0.781081138768119,1.3732331991195679,9.093876838684082,-30.216859817504883,1.2917097806930542,0.2599312961101532,10.071799278259277,-0.5404623109663038,-0.6087960834587678,0.5807476381271189,-0.8367582305753434,0.31676738083018363,-0.4466476127848504,0.08795540909678248,-0.727341567083341,-0.680615964258382,13.787095069885254,-12.354207038879395,0.44643887877464294
5.28,2.8049766217062704,0.17036619680314743,3.028937244002284,0.781081138768119,1.3859394788742065,9.09661865234375,-30.115503311157227,1.248038649559021,0.28822243213653564,10.199222564697266,-0.4623183791244574,-0.5134092193556797,0.7229610569071655,-0.8866935194575521,0.2621357752920689,-0.3808666930357726,0.006026514391742066,-0.8171265561665569,-0.5764268143760043,14.63161849975586,-12.40726375579834,0.5379757285118103
5.29,2.8049766217062704,0.17036619680314743,3.028937244002284,0.781081138768119,1.3981660604476929,9.099624633789062,-30.012887954711914,1.1959435939788818,0.3118983805179596,10.32310676574707,-0.3673924805031712,-0.3926068804186103,0.8431385430151406,-0.9279524922133771,0.21581413314517395,-0.30385593976386205,-0.06266528117474257,-0.8940268996975227,-0.44360902284841575,15.499007225036621,-12.444053649902344,0.6354562044143677
5.3,2.8049766217062704,0.17036619680314743,3.028937244002284,0.781081138768119,1.4098352193832397,9.102838516235352,-29.909061431884766,1.1368777751922607,0.3303179144859314,10.441239356994629,-0.2586095702115605,-0.24836074233374672,0.933508453021408,-0.9591561230882036,0.1807006426024398,-0.21763917226793533,-0.1146325509504112,-0.9516639214714906,-0.2849476422645145,16.380294799804688,-12.460455894470215,0.738926887512207
5.31,4.14920125120855,1.474994442607158,3.5018634505999824,0.022039158083952935,1.4208508729934692,9.106217384338379,-29.80408477783203,1.0620090961456299,0.34486842155456543,10.552963256835938,-0.14057629836568997,-0.08430894185254784,0.9864736725637966,-0.9791386746196529,0.15948841695439298,-0.12590036029119028,-0.14671659824938144,-0.9835931309139392,-0.10497043687174146,17.374448776245117,-12.24522590637207,0.8503171801567078
5.32,4.14920125120855,1.474994442607158,3.5018634505999824,0.022039158083952935,1.4310340881347656,9.109715461730957,-29.698049545288086,0.9738596677780151,0.3534276485443115,10.651278495788574,-0.02080621574383512,0.09468822909304808,0.9952895260463877,-0.9874195561482392,0.15413036715552086,-0.035305099582332244,-0.1567473174329787,-0.9835029075664832,0.09029013947180609,18.472442626953125,-11.80862045288086,0.9675747752189636
5.33,4.14920125120855,1.474994442607158,3.5018634505999824,0.022039158083952935,1.4403249025344849,9.113260269165039,-29.591127395629883,0.8846202492713928,0.35407474637031555,10.729536056518555,0.09442265426349417,0.28065778539739195,0.9551521187002978,-0.984964103006085,0.16576395257685084,0.04866238604423079,-0.14467231300858785,-0.9453853814830917,0.2920897162291308,19.592668533325195,-11.313294410705566,1.0875338315963745
5.34,4.14920125120855,1.474994442607158,3.5018634505999824,0.022039158083952935,1.4487414360046387,9.11677360534668,-29.48353385925293,0.7998392581939697,0.34728288650512695,10.784477233886719,0.19971576913054445,0.46302961601749476,0.8635491799841433,-0.9734427200829514,0.19440877584683847,0.12089044044604375,-0.11190568474434087,-0.8647593899833785,0.48955930708901363,20.722610473632812,-10.779240608215332,1.2089781761169434
5.35,4.14920125120855,1.474994442607158,3.5018634505999824,0.022039158083952935,1.4563521146774292,9.120184898376465,-29.37552261352539,0.7242475748062134,0.3341836929321289,10.814579010009766,0.29034821764786667,0.6293057944292189,0.7208828820318295,-0.9549659754372499,0.23868449041573203,0.17626599159271739,-0.06113835347708241,-0.7395971411064214,0.6702672381978098,21.859176635742188,-10.206612586975098,1.3308744430541992
5.36,2.22094966945741,1.6680134942903728,0.6890704941211688,0.5583138809735805,1.4633142948150635,9.123453140258789,-29.267282485961914,0.6745061874389648,0.32011815905570984,10.834831237792969,0.3625095013982984,0.7650093197243286,0.5323040504550731,-0.9319728932582414,0.29531876905299426,0.2102697098416391,0.0036589107422690947,-0.5723177136695529,0.8200238087959617,22.569562911987305,-9.556640625,1.4489110708236694
5.37,2.22094966945741,1.6680134942903728,0.6890704941211688,0.5583138809735805,1.4699116945266724,9.126591682434082,-29.158842086791992,0.6472867727279663,0.3076249063014984,10.852278709411621,0.41390411690330087,0.8554508026697593,0.311267258512943,-0.9070491504983874,0.3585962237910024,0.22061411301860792,0.07710525656952598,-0.37364779203749887,0.924360377187842,22.881088256835938,-8.839154243469238,1.5589154958724976
5.38,2.22094966945741,1.6680134942903728,0.6890704941211688,0.5583138809735805,1.4763011932373047,9.129606246948242,-29.05026626586914,0.6326595544815063,0.2953982651233673,10.862208366394043,0.4445304576291672,0.8928170261716923,0.07259772736070091,-0.8824902906398622,0.4226024134737053,0.20644148578367427,0.15363449862050751,-0.15583631766740036,0.9757620011711311,23.13526153564453,-8.08861255645752,1.6610177755355835
5.39,2.22094966945741,1.6680134942903728,0.6890704941211688,0.5583138809735805,1.482605218887329,9.132503509521484,-28.941606521606445,0.6302764415740967,0.2843456566333771,10.869585037231445,0.45612400276709364,0.8737758734104655,-0.16872052970964288,-0.8601476791367455,0.4814970302399213,0.1682455941349027,0.22824737495838673,0.068383718207732,0.971198642353196,23.37739372253418,-7.311044216156006,1.7547835111618042
5.4,2.22094966945741,1.6680134942903728,0.6890704941211688,0.5583138809735805,1.4889470338821411,9.135302543640137,-28.832860946655273,0.6401411294937134,0.27569758892059326,10.881172180175781,0.45169882130770045,0.7986233906975182,-0.39770448156895744,-0.8413295654518507,0.529626788492499,0.10798160587674932,0.29687158356069376,0.28582537455922424,0.9111372663502713,23.61146354675293,-6.5086870193481445,1.839690923690796
5.41,1.7198714203036745,0.21062106568481523,4.119233132986088,1.5499976523815138,1.495464563369751,9.138028144836426,-28.723983764648438,0.6673671007156372,0.26973333954811096,10.8931245803833,0.4342678215523166,0.6706443073707208,-0.601371492636167,-0.8266403257637239,0.5619444998172155,0.02973467582509995,0.3578787937073802,0.4842051136826476,0.7984160424854481,24.105655670166016,-6.1337504386901855,1.9200526475906372
5.42,1.7198714203036745,0.21062106568481523,4.119233132986088,1.5499976523815138,1.5023576021194458,9.140717506408691,-28.614965438842773,0.7138852477073669,0.2689458727836609,10.913583755493164,0.4034749374308446,0.4936242886733072,-0.7704174430118697,-0.8163301364948438,0.5745219954636333,-0.05941031037450156,0.4132953945006955,0.6528855476729871,0.6347656091221845,24.850427627563477,-6.14723539352417,2.0035009384155273
5.43,1.7198714203036745,0.21062106568481523,4.119233132986088,1.5499976523815138,1.5097851753234863,9.143430709838867,-28.50564193725586,0.7734698057174683,0.2751484811306,10.955232620239258,0.3598510088102276,0.2748014292544466,-0.8916229168981555,-0.8111941628268832,0.5642768645354872,-0.15347850124884493,0.4609460723922636,0.7785086991355414,0.4259729142990589,25.635387420654297,-6.183173179626465,2.0902671813964844
5.44,1.7198714203036745,0.21062106568481523,4.119233132986088,1.5499976523815138,1.5178545713424683,9.14624309539795,-28.395784378051758,0.8414064645767212,0.28857600688934326,11.020155906677246,0.30569590308809336,0.026253439072367435,-0.951767183596928,-0.8118700338628333,0.5294077163079458,-0.24615953775786809,0.4974103566982867,0.8479612177750107,0.18315215040726152,26.430828094482422,-6.188659191131592,2.1799962520599365
5.45,1.7198714203036745,0.21062106568481523,4.119233132986088,1.5499976523815138,1.5266238451004028,9.149223327636719,-28.28516960144043,0.912471354007721,0.30885404348373413,11.106321334838867,0.24453910915997157,-0.23541922318579678,-0.9406266068136939,-0.8185705897840339,0.4698664276502733,-0.33040540205600355,0.5197526465847637,0.8507663189864573,-0.07780653472792065,27.23215103149414,-6.1546196937561035,2.2721829414367676
5.46,4.014393495096847,1.1719246213224215,2.823811038655307,2.0765690188513513,1.5361311435699463,9.15245246887207,-28.173599243164062,0.9914143681526184,0.33932796120643616,11.211408615112305,0.1816461822856441,-0.48975418268625015,-0.852728271492375,-0.8306572091146693,0.3877038791300307,-0.3996176961213741,0.5263204968523256,0.7809139150052645,-0.33639291304109165,27.997512817382812,-5.793678283691406,2.3587300777435303
5.47,4.014393495096847,1.1719246213224215,2.823811038655307,2.0765690188513513,1.5464434623718262,9.156042098999023,-28.060884475708008,1.0688996315002441,0.37948083877563477,11.334174156188965,0.1245217838671343,-0.7136744432928205,-0.6893207630219977,-0.8458520168180835,0.28681479364732054,-0.4497461948586394,0.5186797576417717,0.6390665561079907,-0.5679482774663067,28.719337463378906,-5.1285719871521,2.4337711334228516
5.48,4.014393495096847,1.1719246213224215,2.823811038655307,2.0765690188513513,1.557448387145996,9.16005802154541,-27.94687843322754,1.128273844718933,0.42410990595817566,11.468229293823242,0.07691785081137159,-0.8845056457894654,-0.46014498453544006,-0.8623055018557161,0.17266357488973516,-0.47604255206405494,0.5005126029341531,0.43340172181575093,-0.7494331736927724,29.423038482666016,-4.389820098876953,2.499237537384033
5.49,4.014393495096847,1.1719246213224215,2.823811038655307,2.0765690188513513,1.568925142288208,9.164529800415039,-27.831497192382812,1.1623892784118652,0.4701721668243408,11.60873031616211,0.0399777365897771,-0.9823876173757617,-0.18252766859830477,-0.8785911557475528,0.052442988174083105,-0.47468654292443646,0.47589847826961823,0.17934408888543593,-0.8610205201750509,30.11020278930664,-3.611477851867676,2.5544135570526123
5.5,4.014393495096847,1.1719246213224215,2.823811038655307,2.0765690188513513,1.5806002616882324,9.169456481933594,-27.714689254760742,1.1675138473510742,0.514916181564331,11.753032684326172,0.013085577116786817,-0.9927288121840113,0.1196589868386086,-0.8936148814793415,-0.06530387934610626,-0.44405838235643225,0.44864374649624045,-0.10111829113504067,-0.8879717787901513,30.77926254272461,-2.8006627559661865,2.5982253551483154
5.51,3.476079641745839,4.0758145254435,0.02089823891056648,0.2595656153273174,1.5921846628189087,9.174798965454102,-27.596458435058594,1.1456102132797241,0.5512668490409851,11.890204429626465,-0.006336257109628374,-0.9090560057141769,0.4166257677110567,-0.9060664111459614,-0.17105730344823478,-0.3870181617574249,0.4230880646377518,-0.3799428607198788,-0.8225812495729992,31.076242446899414,-1.4687845706939697,2.6319687366485596
5.52,3.476079641745839,4.0758145254435,0.02089823891056648,0.2595656153273174,1.6034468412399292,9.180455207824707,-27.476905822753906,1.1036711931228638,0.5787127614021301,12.020065307617188,-0.025446942827831,-0.7378409790223409,0.6744947314665034,-0.9139072156153757,-0.25626110674292546,-0.31480763398787237,0.40512473924319703,-0.6244364938456468,-0.6677971329729466,31.00834083557129,0.33275270462036133,2.6437740325927734
5.53,3.476079641745839,4.0758145254435,0.02089823891056648,0.2595656153273174,1.6142027378082275,9.186355590820312,-27.356067657470703,1.0450108051300049,0.6004028916358948,12.146732330322266,-0.05196424529693733,-0.4965563816239257,0.8664476193511493,-0.9181600607061909,-0.3174954540543431,-0.23702054674401213,0.3927872453819289,-0.8078541926136058,-0.4394198258407278,30.84803009033203,2.1946396827697754,2.625962734222412
5.54,3.476079641745839,4.0758145254435,0.02089823891056648,0.2595656153273174,1.6243078708648682,9.192444801330566,-27.2340030670166,0.9744665622711182,0.6165130138397217,12.264010429382324,-0.0903870111631575,-0.20953633378919423,0.9736142526869533,-0.9208641654307994,-0.3547118680943857,-0.1618291675144768,0.3792616208350494,-0.9111937310227582,-0.16089315556106398,30.634511947631836,4.050886631011963,2.577967643737793
5.55,3.476079641745839,4.0758145254435,0.02089823891056648,0.2595656153273174,1.633673071861267,9.1986665725708,-27.110849380493164,0.89815753698349,0.6271671056747437,12.362356185913086,-0.14097555588347555,0.09470765472773957,0.9854726545061088,-0.9238514052227332,-0.37036939874035935,-0.0965665032228375,0.35584332747899955,-0.9240438131456086,0.1397088317752222,30.37598419189453,5.883945465087891,2.5004465579986572
5.56,2.3576684606492866,3.1363440297999667,2.325310155220806,2.03400518498216,1.6422433853149414,9.204973220825195,-26.98685646057129,0.8137103915214539,0.6335369348526001,12.429651260375977,-0.19811006246221496,0.38644163588186686,0.9007859153029448,-0.9283425645851581,-0.3688786410194673,-0.04591983208900918,0.31453534925452986,-0.8453350875579327,0.43182878993039964,30.108537673950195,7.249026775360107,2.397838592529297
5.57,2.3576684606492866,3.1363440297999667,2.325310155220806,2.03400518498216,1.6499550342559814,9.211321830749512,-26.862394332885742,0.7306053638458252,0.6356192231178284,12.455992698669434,-0.24935830452508623,0.6379660424426412,0.7285737880643579,-0.9348263399063408,-0.35498838055878656,-0.009108451326332423,0.2528243464971055,-0.6833612356274854,0.6849067611434331,29.84836769104004,8.171547889709473,2.2798240184783936
5.58,2.3576684606492866,3.1363440297999667,2.325310155220806,2.03400518498216,1.6569128036499023,9.217670440673828,-26.73786735534668,0.6645692586898804,0.6338428854942322,12.443882942199707,-0.2854517120144089,0.8259286212638924,0.486167905856782,-0.9427433521162069,-0.3332785722739773,0.012663542305247077,0.17248852758586747,-0.45471673142753943,0.8737736560523637,29.582120895385742,8.995893478393555,2.1493330001831055
5.59,2.3576684606492866,3.1363440297999667,2.325310155220806,2.03400518498216,1.663327693939209,9.223989486694336,-26.61361312866211,0.6229901313781738,0.629801869392395,12.403365135192871,-0.29917329960829653,0.9335626534879672,0.19737301946818767,-0.9510044695178036,-0.30863434486058416,0.018312294494085987,0.0780117667960715,-0.18222407410927643,0.9801574113663439,29.31136703491211,9.767576217651367,2.007580280303955
5.6,2.3576684606492866,3.1363440297999667,2.325310155220806,2.03400518498216,1.6694674491882324,9.230264663696289,-26.48984146118164,0.6100236177444458,0.6254392862319946,12.350292205810547,-0.2850953476441833,0.9521939067997611,-0.10976067877455005,-0.9582090408533155,-0.28595147562880574,0.008196805028640154,-0.023581280258105144,0.10751054571118224,0.9939242454947321,29.039836883544922,10.490713119506836,1.8555595874786377
5.61,2.646127631996673,0.6881082979064983,1.0492383327490975,0.8565106988795591,1.6756120920181274,9.236503601074219,-26.36651611328125,0.6214826703071594,0.622664749622345,12.324068069458008,-0.24034101885666193,0.8815799189655755,-0.40626720410536526,-0.9628173236062438,-0.26969971248835334,-0.015648209079913072,-0.12336529503329036,0.3874001956121711,0.9136203218082448,28.979286193847656,11.185561180114746,1.688173770904541
5.62,2.646127631996673,0.6881082979064983,1.0492383327490975,0.8565106988795591,1.6819393634796143,9.242724418640137,-26.243242263793945,0.6461068987846375,0.6220752596855164,12.335494041442871,-0.16498514389280072,0.7279724077887328,-0.6654592968716773,-0.9633657165436353,-0.26358341775144245,-0.049500283583400306,-0.21143887647034137,0.6329138609516654,0.7447910083588656,29.119436264038086,11.850733757019043,1.5046902894973755
5.63,2.646127631996673,0.6881082979064983,1.0492383327490975,0.8565106988795591,1.6885745525360107,9.248952865600586,-26.119714736938477,0.6827985644340515,0.6240642070770264,12.374699592590332,-0.062498101243988025,0.5048305778808362,-0.8609530039307588,-0.9587033118554711,-0.27018008500925417,-0.08882950805753409,-0.27745620767654067,0.8198468206323014,0.5008684892472868,29.298664093017578,12.466987609863281,1.3095201253890991
5.64,2.646127631996673,0.6881082979064983,1.0492383327490975,0.8565106988795591,1.6956260204315186,9.25521469116211,-25.995662689208984,0.728725016117096,0.6287411451339722,12.440671920776367,0.059881514859195906,0.23334012477482474,-0.9705496331194181,-0.9481757939306845,-0.29065620388014146,-0.12838082002348067,-0.3120526686027276,0.9279393069140107,0.20384252427268845,29.498220443725586,13.02853775024414,1.103804349899292
5.65,2.646127631996673,0.6881082979064983,1.0492383327490975,0.8565106988795591,1.7031636238098145,9.26153564453125,-25.870832443237305,0.779021680355072,0.6356577277183533,12.527789115905762,0.19151717996485762,-0.05917538112821763,-0.979703753206365,-0.931795156601238,-0.3245548566264407,-0.16254824260712392,-0.30834875695027936,0.9440139931741056,-0.1172971644102998,29.719175338745117,13.531560897827148,0.8882523775100708
5.66,1.2120800536168528,0.6355640889646419,2.1245704001911756,2.6009421155079218,1.7112218141555786,9.267939567565918,-25.74506187438965,0.8337836265563965,0.6450244784355164,12.627972602844238,0.3184171799420865,-0.3412851243062551,-0.8843839457187095,-0.9105563934105916,-0.3695659579543247,-0.18522434273172328,-0.2636238872652195,0.8642600688731181,-0.4284355020474009,29.80415916442871,13.667257308959961,0.6666935086250305
5.67,1.2120800536168528,0.6355640889646419,2.1245704001911756,2.6009421155079218,1.719826102256775,9.274443626403809,-25.618253707885742,0.8852633833885193,0.6557530164718628,12.734100341796875,0.4240510627504269,-0.5806851362092641,-0.6949715596813022,-0.8870782692288867,-0.4208864799429728,-0.18959619000152989,-0.18240844399894507,0.6968926341889701,-0.693590524712558,29.769012451171875,13.454975128173828,0.4473729729652405
5.68,1.2120800536168528,0.6355640889646419,2.1245704001911756,2.6009421155079218,1.7288789749145508,9.281051635742188,-25.490385055541992,0.9223769307136536,0.665601909160614,12.838947296142578,0.49756074691322016,-0.751547136723244,-0.4331399362957102,-0.8642228434740433,-0.47239048328581834,-0.1731072156746497,-0.07451295155070309,0.4604607828947913,-0.8845471652021266,29.74287986755371,13.13969612121582,0.23266318440437317
5.69,1.2120800536168528,0.6355640889646419,2.1245704001911756,2.6009421155079218,1.7382107973098755,9.287747383117676,-25.361486434936523,0.9405704140663147,0.6732808947563171,12.940848350524902,0.5332668122836564,-0.836272842789395,-0.12757052688521653,-0.8445893163798929,-0.5177815506505155,-0.1362760157287163,0.0479102658495352,0.1804161805905777,-0.9824228255732534,29.742090225219727,12.757065773010254,0.023554733023047447
5.7,1.2120800536168528,0.6355640889646419,2.1245704001911756,2.6009421155079218,1.7476223707199097,9.294507026672363,-25.231571197509766,0.9382948875427246,0.6779875159263611,13.0427885055542,0.5301157800835619,-0.8265395775249562,0.18923421067889343,-0.8303047616917989,-0.5512677829549693,-0.08184029684598067,0.171962968159781,-0.11373723339689694,-0.978515497741808,29.766855239868164,12.313472747802734,-0.17914530634880066
5.71,0.3393051748297727,2.5434609675985556,0.5961976893427156,2.3533374450954136,1.7569146156311035,9.301295280456543,-25.100629806518555,0.9174917340278625,0.6790648698806763,13.145724296569824,0.4911035153906864,-0.7243364314398599,0.4838946902579935,-0.8227609321963882,-0.568176768274957,-0.015479290809237961,0.28614993556218105,-0.39052771230937755,-0.8749893258184152,29.49520492553711,12.011150360107422,-0.372001975774765
5.72,0.3393051748297727,2.5434609675985556,0.5961976893427156,2.3533374450954136,1.7659246921539307,9.308077812194824,-24.968643188476562,0.8823142647743225,0.6767646074295044,13.25251579284668,0.4213082898154723,-0.5439720555546407,0.7256677805362595,-0.822353895017005,-0.5665242617750552,0.05276677146263581,0.38240475452473505,-0.6189868040563451,-0.686018906533187,28.947998046875,11.840959548950195,-0.5559151768684387
5.73,0.3393051748297727,2.5434609675985556,0.5961976893427156,2.3533374450954136,1.7745236158370972,9.314821243286133,-24.83556365966797,0.8358981013298035,0.6714732646942139,13.363542556762695,0.32818396290092533,-0.30768412180247556,0.8930989685837083,-0.8287281257052681,-0.5475182665303322,0.11590272421584386,0.453326571204113,-0.7781736496478533,-0.43467320004120635,28.37963104248047,11.647997856140137,-0.7331883311271667
5.74,0.3393051748297727,2.5434609675985556,0.5961976893427156,2.3533374450954136,1.782618761062622,9.321497917175293,-24.70138168334961,0.782210111618042,0.6633513569831848,13.471800804138184,0.2210427367606933,-0.04100756221903534,0.9744016052768976,-0.8409186174586766,-0.514053994541618,0.16912826347832638,0.49395949969276925,-0.8567770249817965,-0.14811192432282771,27.824071884155273,11.413901329040527,-0.9037416577339172
5.75,0.3393051748297727,2.5434609675985556,0.5961976893427156,2.3533374450954136,1.7901585102081299,9.328080177307129,-24.56616973876953,0.725652277469635,0.6525840759277344,13.567129135131836,0.10975213739579737,0.2300672033272798,0.966966157779174,-0.8575266853667066,-0.47000160235338795,0.20915658648304114,0.502595714487344,-0.8521546665590776,0.14570508584309605,27.284263610839844,11.139310836791992,-1.0672309398651123
5.76,3.1205097884632713,1.1320418786431974,1.6131501824051584,2.296054740598569,1.7971019744873047,9.33453369140625,-24.43012237548828,0.6604077816009521,0.637029767036438,13.636677742004395,0.003533436646014687,0.4827546859820353,0.8757484958524648,-0.876947409980779,-0.4193707515710119,0.2347155999390908,0.48057336063651257,-0.7688147279345983,0.42186865154616293,27.17380714416504,10.854520797729492,-1.2303211688995361
5.77,3.1205097884632713,1.1320418786431974,1.6131501824051584,2.296054740598569,1.8033655881881714,9.340806007385254,-24.293561935424805,0.5938371419906616,0.616979718208313,13.669547080993652,-0.08978965170058117,0.70003233269306,0.7084437533296496,-0.897697478778227,-0.36496669511439883,0.24685734352554342,0.4313664973577608,-0.6138029363253213,0.661187492558435,27.462623596191406,10.551119804382324,-1.3956937789916992
5.78,3.1205097884632713,1.1320418786431974,1.6131501824051584,2.296054740598569,1.8090232610702515,9.346868515014648,-24.15685272216797,0.5404960513114929,0.5952221751213074,13.666812896728516,-0.16354389869986785,0.8632232459433049,0.47759713238371926,-0.9184052296035883,-0.31000513805597585,0.24582239242118592,0.360257168471118,-0.3984249515805955,0.8434881922843809,27.81749725341797,10.202640533447266,-1.5589854717254639
5.79,3.1205097884632713,1.1320418786431974,1.6131501824051584,2.296054740598569,1.8142393827438354,9.352710723876953,-24.02031707763672,0.5063615441322327,0.5732508301734924,13.636486053466797,-0.21295081912844283,0.9559501489687114,0.20201797276288117,-0.9377928706240248,-0.25800414570410934,0.23233250441176834,0.27421976668226683,-0.1399756174702998,0.9514254285410557,28.19016456604004,9.804953575134277,-1.71889066696167
5.8,3.1205097884632713,1.1320418786431974,1.6131501824051584,2.296054740598569,1.8192253112792969,9.35833740234375,-23.88416862487793,0.4948693513870239,0.5524278879165649,13.59264087677002,-0.23568178133166384,0.967214734693921,-0.09460314444721879,-0.9547806229888554,-0.21229301459070626,0.20814811534338476,0.18124033743443146,0.13938196779697784,0.9735114827980693,28.571969985961914,9.357294082641602,-1.8744921684265137
5.81,2.3131655666775637,2.76720026597952,3.004419628930532,2.6600502067852254,1.8242238759994507,9.36375904083252,-23.748493194580078,0.5102049112319946,0.5316053628921509,13.540976524353027,-0.23209563213421958,0.8931333781035851,-0.3852848121344715,-0.9685519845119923,-0.17569364483706518,0.17617830871519863,0.08965863506711239,0.4140585853247644,0.9058238333565513,28.847402572631836,8.79510498046875,-2.0175724029541016
5.82,2.3131655666775637,2.76720026597952,3.004419628930532,2.6600502067852254,1.8295340538024902,9.368975639343262,-23.613309860229492,0.5568403601646423,0.5125110149383545,13.50081729888916,-0.20552698865766583,0.7387651528571364,-0.6418603476281145,-0.9786226981126549,-0.15011657527219757,0.1405796164714298,0.0075014446621587405,0.6570320104473745,0.7538253548239551,29.018875122070312,8.129274368286133,-2.145817279815674
5.83,2.3131655666775637,2.76720026597952,3.004419628930532,2.6600502067852254,1.8354488611221313,9.374022483825684,-23.478363037109375,0.6301034688949585,0.49762600660324097,13.495037078857422,-0.1615074030024919,0.51737850289149,-0.84037779808914,-0.9850638399373518,-0.13603488080633386,0.10556392590220565,-0.05970418765271385,0.8448751363069974,0.5316214950761136,29.17143440246582,7.416481971740723,-2.2632737159729004
5.84,2.3131655666775637,2.76720026597952,3.004419628930532,2.6600502067852254,1.8422002792358398,9.378941535949707,-23.34326934814453,0.7228043675422668,0.4869050979614258,13.53007698059082,-0.10650517474209975,0.24857575510367813,-0.9627391867623293,-0.9883147665572146,-0.13265077277661774,0.0750845835489865,-0.10904389005402082,0.9594862513118166,0.25979908311132305,29.31414031982422,6.667023658752441,-2.369900941848755
5.85,2.3131655666775637,2.76720026597952,3.004419628930532,2.6600502067852254,1.8499401807785034,9.383769989013672,-23.207632064819336,0.8261273503303528,0.47948506474494934,13.603132247924805,-0.046981387141866726,-0.04352366774698391,-0.9979471126307629,-0.9890293159324368,-0.13804396267348684,0.05258209386870616,-0.14004913954909703,0.9894693298507294,-0.03656068648570998,29.445558547973633,5.885002613067627,-2.4651124477386475
5.86,2.7907748996463666,0.9195772038540092,3.9962256486544665,0.7387406213183045,1.8586889505386353,9.388538360595703,-23.071115493774414,0.9193898439407349,0.4745432436466217,13.703324317932129,0.01132672256089684,-0.3337947987278188,-0.9425777091032247,-0.9879454997600209,-0.149276271388592,0.04099127107375161,-0.15438715898659072,0.93075110912777,-0.3314618801573941,29.97525405883789,5.039872169494629,-2.5473108291625977
5.87,2.7907748996463666,0.9195772038540092,3.9962256486544665,0.7387406213183045,1.868271827697754,9.39326286315918,-22.933530807495117,0.9946756958961487,0.4703253507614136,13.814396858215332,0.0638318625910379,-0.5995678693486725,-0.797774318565628,-0.9857918760006613,-0.16233950275351772,0.04313076694005347,-0.1553701082230926,0.7836863249351961,-0.6014115675478071,30.869998931884766,4.124544143676758,-2.616415023803711
5.88,2.7907748996463666,0.9195772038540092,3.9962256486544665,0.7387406213183045,1.8785266876220703,9.397940635681152,-22.794822692871094,1.0529526472091675,0.46498605608940125,13.927108764648438,0.10805247550754027,-0.8135477880274087,-0.5713708595408091,-0.9831706426430735,-0.17261021019419864,0.05984315150057257,-0.1473097076960589,0.5552888545004528,-0.8185072620851184,31.796510696411133,3.1625702381134033,-2.6720597743988037
5.89,2.7907748996463666,0.9195772038540092,3.9962256486544665,0.7387406213183045,1.8892571926116943,9.402555465698242,-22.654996871948242,1.0889812707901,0.45733577013015747,14.037468910217285,0.14371269137641596,-0.9488048900813673,-0.2812755639849145,-0.9804082795261517,-0.17519226654781428,0.09004040858642812,-0.13470808355075925,0.2628249423086103,-0.9553935220245935,32.70616149902344,2.1606853008270264,-2.712728977203369
5.9,2.7907748996463666,0.9195772038540092,3.9962256486544665,0.7387406213183045,1.9002196788787842,9.40707778930664,-22.514076232910156,1.0989376306533813,0.44662338495254517,14.146866798400879,0.17255667520315432,-0.9839854790688755,0.04468524168479926,-0.9775021494267518,-0.1654802580078707,0.13078926590408177,-0.12130021314454978,-0.0662484806712148,-0.9904026439281362,33.59052658081055,1.1241607666015625,-2.736802816390991
5.91,3.0217409665397934,3.140351257706772,3.5103270828592628,2.7386953687506463,1.9111367464065552,9.411468505859375,-22.37198829650879,1.078154444694519,0.4296721816062927,14.278034210205078,0.1977252824760083,-0.9078912298541287,0.3696460840097461,-0.9741858167814538,-0.1400886944893267,0.17702302691494026,-0.10893441628628828,-0.395105900272615,-0.9121538359937604,34.095184326171875,0.1280677616596222,-2.7440459728240967
5.92,3.0217409665397934,3.140351257706772,3.5103270828592628,2.7386953687506463,1.9216554164886475,9.415647506713867,-22.228458404541016,1.0195341110229492,0.4053693413734436,14.428731918334961,0.22233531013296282,-0.7258857730592807,0.6508892796307293,-0.9701573893079647,-0.09846390855025078,0.22158406685536375,-0.09675561916102643,-0.6807310064799006,-0.7261154501714093,34.24657440185547,-0.8142520189285278,-2.734837532043457
5.93,3.0217409665397934,3.140351257706772,3.5103270828592628,2.7386953687506463,1.9314250946044922,9.419559478759766,-22.083419799804688,0.929995596408844,0.37610575556755066,14.576663970947266,0.2485190263643111,-0.4589434734656893,0.8530001065053759,-0.9650974619538352,-0.04221211090383892,0.2584666837782142,-0.08261466253154026,-0.8874621264348637,-0.45341569412461835,34.327632904052734,-1.7453793287277222,-2.7086963653564453
5.94,3.0217409665397934,3.140351257706772,3.5103270828592628,2.7386953687506463,1.940189242362976,9.423158645629883,-21.936983108520508,0.8204271197319031,0.34317007660865784,14.70604419708252,0.27682862683210174,-0.13878708409395202,0.9508438655504654,-0.9588296720329865,0.02532593220077939,0.28285023808948295,-0.06333696705217756,-0.9899983547697743,-0.12606223128983385,34.3785400390625,-2.665738821029663,-2.665635108947754
5.95,3.0217409665397934,3.140351257706772,3.5103270828592628,2.7386953687506463,1.9478092193603516,9.42641544342041,-21.789419174194336,0.7034379839897156,0.3079354763031006,14.798896789550781,0.3057352309764684,0.1960480234672508,0.9317140876010997,-0.9514556174244169,0.09936585360167638,0.29130505524197803,-0.035470785320982245,-0.9755468208305507,0.21691063541495215,34.40607452392578,-3.569915294647217,-2.605854034423828
5.96,4.055282386215962,0.9525476491651155,0.5533821672689335,1.8934073642758156,1.9543496370315552,9.429337501525879,-21.641151428222656,0.613387405872345,0.27891144156455994,14.848291397094727,0.3310681939029405,0.5051025606772317,0.7970352904251783,-0.9436008283564299,0.1742033332157431,0.28155048467652144,0.0033656664873827347,-0.8452955707288595,0.5342883775595979,34.50160217285156,-4.265858173370361,-2.541194200515747
5.97,4.055282386215962,0.9525476491651155,0.5533821672689335,1.8934073642758156,1.9601753950119019,9.432014465332031,-21.492582321166992,0.5552955269813538,0.25707870721817017,14.858563423156738,0.34613240181855265,0.7511597913453498,0.5620954796805703,-0.9367332425415404,0.2433772828933629,0.2515915946311709,0.05218421915609561,-0.6136175242261701,0.7878771104897097,34.666378021240234,-4.7691802978515625,-2.4753458499908447
5.98,4.055282386215962,0.9525476491651155,0.5533821672689335,1.8934073642758156,1.9655232429504395,9.434488296508789,-21.344106674194336,0.5179809331893921,0.23839858174324036,14.831049919128418,0.3462779476204768,0.9030429298060453,0.2541752346690457,-0.9319624195838544,0.3001124270584632,0.20341725494285465,0.10741336730201698,-0.3073206762526608,0.9455243891473394,34.833988189697266,-5.228828430175781,-2.401604175567627
5.99,4.055282386215962,0.9525476491651155,0.5533821672689335,1.8934073642758156,1.9706127643585205,9.436793327331543,-21.196033477783203,0.5041823387145996,0.22355301678180695,14.782039642333984,0.3287097302153891,0.9401715634529574,-0.08959544930490419,-0.9301092100584837,0.3387235532705729,0.14199722470576837,0.1638498417030338,0.03665768315345226,0.9858039580158481,34.99652862548828,-5.6625752449035645,-2.319314479827881
6.0,4.055282386215962,0.9525476491651155,0.5533821672689335,1.8934073642758156,1.9756911993026733,9.438973426818848,-21.0484561920166,0.5158481001853943,0.21352390944957733,14.736486434936523,0.29265252157397315,0.8558892167872714,-0.42638966943825696,-0.9317141458951015,0.35553576345544957,0.07418268829795704,0.21508893963976017,0.3755635358916271,0.9014925282847452,35.1544303894043,-6.069972515106201,-2.228732109069824
